train_fraction,split_method,group_column,split,reaction_id,group_value
0.01,random,,train,reactions_2463,
0.01,random,,train,reactions_3208,
0.01,random,,train,reactions_3788,
0.01,random,,train,reactions_3806,
0.01,random,,train,reactions_3480,
0.01,random,,train,reactions_3343,
0.01,random,,train,reactions_3021,
0.01,random,,train,reactions_2459,
0.01,random,,train,reactions_17,
0.01,random,,train,reactions_2132,
0.01,random,,train,reactions_1168,
0.01,random,,train,reactions_1492,
0.01,random,,train,reactions_173,
0.01,random,,train,reactions_3262,
0.01,random,,train,reactions_1335,
0.01,random,,train,reactions_943,
0.01,random,,train,reactions_390,
0.01,random,,train,reactions_179,
0.01,random,,train,reactions_2524,
0.01,random,,train,reactions_2998,
0.01,random,,train,reactions_3933,
0.01,random,,train,reactions_3223,
0.01,random,,train,reactions_734,
0.01,random,,train,reactions_95,
0.01,random,,train,reactions_3738,
0.01,random,,train,reactions_2243,
0.01,random,,train,reactions_1155,
0.01,random,,train,reactions_2954,
0.01,random,,train,reactions_2416,
0.01,random,,train,reactions_1179,
0.01,random,,train,reactions_194,
0.01,random,,valid,reactions_2803,
0.01,random,,valid,reactions_1842,
0.01,random,,valid,reactions_2906,
0.01,random,,valid,reactions_2208,
0.01,random,,valid,reactions_3594,
0.01,random,,valid,reactions_2887,
0.01,random,,valid,reactions_1250,
0.01,random,,valid,reactions_3178,
0.01,random,,valid,reactions_497,
0.01,random,,valid,reactions_3906,
0.01,random,,valid,reactions_3163,
0.01,random,,valid,reactions_1348,
0.01,random,,valid,reactions_3826,
0.01,random,,valid,reactions_3113,
0.01,random,,valid,reactions_387,
0.01,random,,valid,reactions_871,
0.01,random,,valid,reactions_2755,
0.01,random,,valid,reactions_115,
0.01,random,,valid,reactions_3730,
0.01,random,,valid,reactions_527,
0.01,random,,valid,reactions_1998,
0.01,random,,valid,reactions_2763,
0.01,random,,valid,reactions_3213,
0.01,random,,valid,reactions_189,
0.01,random,,valid,reactions_2967,
0.01,random,,valid,reactions_2535,
0.01,random,,valid,reactions_3045,
0.01,random,,valid,reactions_2639,
0.01,random,,valid,reactions_825,
0.01,random,,valid,reactions_1229,
0.01,random,,valid,reactions_1754,
0.01,random,,valid,reactions_1585,
0.01,random,,valid,reactions_359,
0.01,random,,valid,reactions_2545,
0.01,random,,valid,reactions_1879,
0.01,random,,valid,reactions_2823,
0.01,random,,valid,reactions_1201,
0.01,random,,valid,reactions_3570,
0.01,random,,valid,reactions_1710,
0.01,random,,valid,reactions_1380,
0.01,random,,valid,reactions_86,
0.01,random,,valid,reactions_1300,
0.01,random,,valid,reactions_1941,
0.01,random,,valid,reactions_160,
0.01,random,,valid,reactions_889,
0.01,random,,valid,reactions_2978,
0.01,random,,valid,reactions_3064,
0.01,random,,valid,reactions_3123,
0.01,random,,valid,reactions_3896,
0.01,random,,valid,reactions_2422,
0.01,random,,valid,reactions_2044,
0.01,random,,valid,reactions_2454,
0.01,random,,valid,reactions_990,
0.01,random,,valid,reactions_1033,
0.01,random,,valid,reactions_3914,
0.01,random,,valid,reactions_2433,
0.01,random,,valid,reactions_1009,
0.01,random,,valid,reactions_1435,
0.01,random,,valid,reactions_1323,
0.01,random,,valid,reactions_1735,
0.01,random,,valid,reactions_1597,
0.01,random,,valid,reactions_1898,
0.01,random,,valid,reactions_802,
0.01,random,,valid,reactions_621,
0.01,random,,valid,reactions_902,
0.01,random,,valid,reactions_3797,
0.01,random,,valid,reactions_3590,
0.01,random,,valid,reactions_1878,
0.01,random,,valid,reactions_2138,
0.01,random,,valid,reactions_795,
0.01,random,,valid,reactions_3945,
0.01,random,,valid,reactions_3716,
0.01,random,,valid,reactions_2840,
0.01,random,,valid,reactions_606,
0.01,random,,valid,reactions_3394,
0.01,random,,valid,reactions_2001,
0.01,random,,valid,reactions_1557,
0.01,random,,valid,reactions_156,
0.01,random,,valid,reactions_3010,
0.01,random,,valid,reactions_991,
0.01,random,,valid,reactions_272,
0.01,random,,valid,reactions_3758,
0.01,random,,valid,reactions_2736,
0.01,random,,valid,reactions_3721,
0.01,random,,valid,reactions_2352,
0.01,random,,valid,reactions_2974,
0.01,random,,valid,reactions_184,
0.01,random,,valid,reactions_2701,
0.01,random,,valid,reactions_2513,
0.01,random,,valid,reactions_479,
0.01,random,,valid,reactions_1449,
0.01,random,,valid,reactions_715,
0.01,random,,valid,reactions_578,
0.01,random,,valid,reactions_3938,
0.01,random,,valid,reactions_125,
0.01,random,,valid,reactions_60,
0.01,random,,valid,reactions_376,
0.01,random,,valid,reactions_2103,
0.01,random,,valid,reactions_1579,
0.01,random,,valid,reactions_2047,
0.01,random,,valid,reactions_483,
0.01,random,,valid,reactions_3055,
0.01,random,,valid,reactions_709,
0.01,random,,valid,reactions_1234,
0.01,random,,valid,reactions_577,
0.01,random,,valid,reactions_3759,
0.01,random,,valid,reactions_3436,
0.01,random,,valid,reactions_904,
0.01,random,,valid,reactions_598,
0.01,random,,valid,reactions_3012,
0.01,random,,valid,reactions_1577,
0.01,random,,valid,reactions_3927,
0.01,random,,valid,reactions_833,
0.01,random,,valid,reactions_2807,
0.01,random,,valid,reactions_3247,
0.01,random,,valid,reactions_1550,
0.01,random,,valid,reactions_3523,
0.01,random,,valid,reactions_645,
0.01,random,,valid,reactions_585,
0.01,random,,valid,reactions_651,
0.01,random,,valid,reactions_2682,
0.01,random,,valid,reactions_2095,
0.01,random,,valid,reactions_1083,
0.01,random,,valid,reactions_1721,
0.01,random,,valid,reactions_566,
0.01,random,,valid,reactions_1718,
0.01,random,,valid,reactions_1570,
0.01,random,,valid,reactions_1051,
0.01,random,,valid,reactions_2210,
0.01,random,,valid,reactions_2992,
0.01,random,,valid,reactions_2719,
0.01,random,,valid,reactions_3842,
0.01,random,,valid,reactions_3241,
0.01,random,,valid,reactions_400,
0.01,random,,valid,reactions_2761,
0.01,random,,valid,reactions_3245,
0.01,random,,valid,reactions_3477,
0.01,random,,valid,reactions_888,
0.01,random,,valid,reactions_38,
0.01,random,,valid,reactions_2862,
0.01,random,,valid,reactions_1828,
0.01,random,,valid,reactions_3217,
0.01,random,,valid,reactions_1757,
0.01,random,,valid,reactions_2461,
0.01,random,,valid,reactions_3509,
0.01,random,,valid,reactions_2237,
0.01,random,,valid,reactions_138,
0.01,random,,valid,reactions_617,
0.01,random,,valid,reactions_1746,
0.01,random,,valid,reactions_1016,
0.01,random,,valid,reactions_3500,
0.01,random,,valid,reactions_2275,
0.01,random,,valid,reactions_3921,
0.01,random,,valid,reactions_2314,
0.01,random,,valid,reactions_1737,
0.01,random,,valid,reactions_3342,
0.01,random,,valid,reactions_3658,
0.01,random,,valid,reactions_528,
0.01,random,,valid,reactions_352,
0.01,random,,valid,reactions_1199,
0.01,random,,valid,reactions_1516,
0.01,random,,valid,reactions_206,
0.01,random,,valid,reactions_1180,
0.01,random,,valid,reactions_1595,
0.01,random,,valid,reactions_3001,
0.01,random,,valid,reactions_560,
0.01,random,,valid,reactions_3222,
0.01,random,,valid,reactions_1532,
0.01,random,,valid,reactions_571,
0.01,random,,valid,reactions_2673,
0.01,random,,valid,reactions_212,
0.01,random,,valid,reactions_1953,
0.01,random,,valid,reactions_3795,
0.01,random,,valid,reactions_2052,
0.01,random,,valid,reactions_3782,
0.01,random,,valid,reactions_3595,
0.01,random,,valid,reactions_1729,
0.01,random,,valid,reactions_1943,
0.01,random,,valid,reactions_3617,
0.01,random,,valid,reactions_1617,
0.01,random,,valid,reactions_1120,
0.01,random,,valid,reactions_2980,
0.01,random,,valid,reactions_1382,
0.01,random,,valid,reactions_2487,
0.01,random,,valid,reactions_2788,
0.01,random,,valid,reactions_2874,
0.01,random,,valid,reactions_3264,
0.01,random,,valid,reactions_346,
0.01,random,,valid,reactions_3329,
0.01,random,,valid,reactions_1951,
0.01,random,,valid,reactions_2694,
0.01,random,,valid,reactions_788,
0.01,random,,valid,reactions_146,
0.01,random,,valid,reactions_3069,
0.01,random,,valid,reactions_3691,
0.01,random,,valid,reactions_3571,
0.01,random,,valid,reactions_489,
0.01,random,,valid,reactions_563,
0.01,random,,valid,reactions_1115,
0.01,random,,valid,reactions_3437,
0.01,random,,valid,reactions_1466,
0.01,random,,valid,reactions_1794,
0.01,random,,valid,reactions_2633,
0.01,random,,valid,reactions_2157,
0.01,random,,valid,reactions_2453,
0.01,random,,valid,reactions_1971,
0.01,random,,valid,reactions_1363,
0.01,random,,valid,reactions_1093,
0.01,random,,valid,reactions_252,
0.01,random,,valid,reactions_985,
0.01,random,,valid,reactions_967,
0.01,random,,valid,reactions_2107,
0.01,random,,valid,reactions_3616,
0.01,random,,valid,reactions_3556,
0.01,random,,valid,reactions_691,
0.01,random,,valid,reactions_1734,
0.01,random,,valid,reactions_668,
0.01,random,,valid,reactions_288,
0.01,random,,valid,reactions_3768,
0.01,random,,valid,reactions_2781,
0.01,random,,valid,reactions_3248,
0.01,random,,valid,reactions_546,
0.01,random,,valid,reactions_3267,
0.01,random,,valid,reactions_2216,
0.01,random,,valid,reactions_161,
0.01,random,,valid,reactions_2660,
0.01,random,,valid,reactions_3589,
0.01,random,,valid,reactions_3807,
0.01,random,,valid,reactions_808,
0.01,random,,valid,reactions_59,
0.01,random,,valid,reactions_463,
0.01,random,,valid,reactions_2971,
0.01,random,,valid,reactions_1803,
0.01,random,,valid,reactions_1350,
0.01,random,,valid,reactions_1580,
0.01,random,,valid,reactions_262,
0.01,random,,valid,reactions_399,
0.01,random,,valid,reactions_3689,
0.01,random,,valid,reactions_191,
0.01,random,,valid,reactions_765,
0.01,random,,valid,reactions_2610,
0.01,random,,valid,reactions_2624,
0.01,random,,valid,reactions_460,
0.01,random,,valid,reactions_3576,
0.01,random,,valid,reactions_3068,
0.01,random,,valid,reactions_163,
0.01,random,,valid,reactions_2854,
0.01,random,,valid,reactions_2686,
0.01,random,,valid,reactions_2472,
0.01,random,,valid,reactions_504,
0.01,random,,valid,reactions_1260,
0.01,random,,valid,reactions_1024,
0.01,random,,valid,reactions_2329,
0.01,random,,valid,reactions_3722,
0.01,random,,valid,reactions_3115,
0.01,random,,valid,reactions_2148,
0.01,random,,valid,reactions_3926,
0.01,random,,valid,reactions_1318,
0.01,random,,valid,reactions_3536,
0.01,random,,valid,reactions_2918,
0.01,random,,valid,reactions_2904,
0.01,random,,valid,reactions_2227,
0.01,random,,valid,reactions_1541,
0.01,random,,valid,reactions_1810,
0.01,random,,valid,reactions_3932,
0.01,random,,valid,reactions_367,
0.01,random,,valid,reactions_1862,
0.01,random,,valid,reactions_1254,
0.01,random,,valid,reactions_1378,
0.01,random,,valid,reactions_1733,
0.01,random,,valid,reactions_708,
0.01,random,,valid,reactions_1837,
0.01,random,,valid,reactions_2133,
0.01,random,,valid,reactions_2710,
0.01,random,,valid,reactions_3918,
0.01,random,,valid,reactions_2608,
0.01,random,,valid,reactions_3941,
0.01,random,,valid,reactions_2938,
0.01,random,,valid,reactions_2408,
0.01,random,,valid,reactions_3162,
0.01,random,,valid,reactions_3355,
0.01,random,,valid,reactions_2571,
0.01,random,,valid,reactions_2819,
0.01,random,,valid,reactions_439,
0.01,random,,valid,reactions_3233,
0.01,random,,valid,reactions_3147,
0.01,random,,valid,reactions_3506,
0.01,random,,valid,reactions_3387,
0.01,random,,valid,reactions_2249,
0.01,random,,valid,reactions_1276,
0.01,random,,valid,reactions_2306,
0.01,random,,valid,reactions_1066,
0.01,random,,valid,reactions_806,
0.01,random,,valid,reactions_296,
0.01,random,,valid,reactions_747,
0.01,random,,valid,reactions_424,
0.01,random,,valid,reactions_119,
0.01,random,,valid,reactions_3410,
0.01,random,,valid,reactions_3468,
0.01,random,,valid,reactions_1843,
0.01,random,,valid,reactions_3130,
0.01,random,,valid,reactions_2264,
0.01,random,,valid,reactions_3725,
0.01,random,,valid,reactions_1554,
0.01,random,,valid,reactions_55,
0.01,random,,valid,reactions_3638,
0.01,random,,valid,reactions_2062,
0.01,random,,valid,reactions_1215,
0.01,random,,valid,reactions_1295,
0.01,random,,valid,reactions_1239,
0.01,random,,valid,reactions_447,
0.01,random,,valid,reactions_1309,
0.01,random,,valid,reactions_782,
0.01,random,,valid,reactions_3515,
0.01,random,,valid,reactions_2424,
0.01,random,,valid,reactions_1124,
0.01,random,,valid,reactions_2188,
0.01,random,,valid,reactions_2687,
0.01,random,,valid,reactions_398,
0.01,random,,valid,reactions_2012,
0.01,random,,valid,reactions_963,
0.01,random,,valid,reactions_321,
0.01,random,,valid,reactions_2295,
0.01,random,,valid,reactions_3096,
0.01,random,,valid,reactions_2240,
0.01,random,,valid,reactions_265,
0.01,random,,valid,reactions_3813,
0.01,random,,valid,reactions_2514,
0.01,random,,valid,reactions_3849,
0.01,random,,valid,reactions_3496,
0.01,random,,valid,reactions_3507,
0.01,random,,valid,reactions_3327,
0.01,random,,valid,reactions_2744,
0.01,random,,valid,reactions_326,
0.01,random,,valid,reactions_1942,
0.01,random,,valid,reactions_2530,
0.01,random,,valid,reactions_3838,
0.01,random,,valid,reactions_1545,
0.01,random,,valid,reactions_931,
0.01,random,,valid,reactions_1287,
0.01,random,,valid,reactions_3009,
0.01,random,,valid,reactions_2291,
0.01,random,,valid,reactions_1670,
0.01,random,,valid,reactions_2855,
0.01,random,,valid,reactions_2646,
0.01,random,,valid,reactions_3489,
0.01,random,,valid,reactions_2829,
0.01,random,,valid,reactions_1776,
0.01,random,,valid,reactions_988,
0.01,random,,valid,reactions_516,
0.01,random,,valid,reactions_2643,
0.01,random,,valid,reactions_3537,
0.01,random,,valid,reactions_3530,
0.01,random,,valid,reactions_2043,
0.01,random,,valid,reactions_1128,
0.01,random,,valid,reactions_415,
0.01,random,,valid,reactions_1352,
0.01,random,,valid,reactions_3177,
0.01,random,,valid,reactions_2154,
0.01,random,,valid,reactions_916,
0.01,random,,valid,reactions_1747,
0.01,random,,valid,reactions_486,
0.01,random,,valid,reactions_3791,
0.01,random,,valid,reactions_2492,
0.01,random,,valid,reactions_2259,
0.01,random,,valid,reactions_3834,
0.01,random,,valid,reactions_3104,
0.01,random,,valid,reactions_939,
0.01,random,,valid,reactions_2276,
0.01,random,,valid,reactions_2432,
0.01,random,,valid,reactions_1279,
0.01,random,,valid,reactions_887,
0.01,random,,valid,reactions_1042,
0.01,random,,valid,reactions_3004,
0.01,random,,valid,reactions_3097,
0.01,random,,valid,reactions_1950,
0.01,random,,valid,reactions_356,
0.01,random,,valid,reactions_3301,
0.01,random,,valid,reactions_1403,
0.01,random,,valid,reactions_271,
0.01,random,,valid,reactions_837,
0.01,random,,valid,reactions_927,
0.01,random,,valid,reactions_2617,
0.01,random,,valid,reactions_2509,
0.01,random,,valid,reactions_2758,
0.01,random,,valid,reactions_2068,
0.01,random,,valid,reactions_1187,
0.01,random,,valid,reactions_2065,
0.01,random,,valid,reactions_1090,
0.01,random,,valid,reactions_2357,
0.01,random,,valid,reactions_3359,
0.01,random,,valid,reactions_3398,
0.01,random,,valid,reactions_2122,
0.01,random,,valid,reactions_1100,
0.01,random,,valid,reactions_53,
0.01,random,,test,reactions_1553,
0.01,random,,test,reactions_1397,
0.01,random,,test,reactions_3058,
0.01,random,,test,reactions_3928,
0.01,random,,test,reactions_2782,
0.01,random,,test,reactions_1308,
0.01,random,,test,reactions_2935,
0.01,random,,test,reactions_1968,
0.01,random,,test,reactions_3858,
0.01,random,,test,reactions_1698,
0.01,random,,test,reactions_2864,
0.01,random,,test,reactions_2623,
0.01,random,,test,reactions_457,
0.01,random,,test,reactions_3614,
0.01,random,,test,reactions_2515,
0.01,random,,test,reactions_2707,
0.01,random,,test,reactions_3597,
0.01,random,,test,reactions_1174,
0.01,random,,test,reactions_1052,
0.01,random,,test,reactions_2298,
0.01,random,,test,reactions_1916,
0.01,random,,test,reactions_831,
0.01,random,,test,reactions_779,
0.01,random,,test,reactions_1317,
0.01,random,,test,reactions_3550,
0.01,random,,test,reactions_3338,
0.01,random,,test,reactions_228,
0.01,random,,test,reactions_248,
0.01,random,,test,reactions_2477,
0.01,random,,test,reactions_2770,
0.01,random,,test,reactions_1253,
0.01,random,,test,reactions_3610,
0.01,random,,test,reactions_1680,
0.01,random,,test,reactions_2219,
0.01,random,,test,reactions_1825,
0.01,random,,test,reactions_295,
0.01,random,,test,reactions_1047,
0.01,random,,test,reactions_3283,
0.01,random,,test,reactions_2799,
0.01,random,,test,reactions_90,
0.01,random,,test,reactions_662,
0.01,random,,test,reactions_1912,
0.01,random,,test,reactions_3221,
0.01,random,,test,reactions_3558,
0.01,random,,test,reactions_3269,
0.01,random,,test,reactions_2718,
0.01,random,,test,reactions_1159,
0.01,random,,test,reactions_1970,
0.01,random,,test,reactions_2573,
0.01,random,,test,reactions_2158,
0.01,random,,test,reactions_3140,
0.01,random,,test,reactions_495,
0.01,random,,test,reactions_2901,
0.01,random,,test,reactions_3812,
0.01,random,,test,reactions_2546,
0.01,random,,test,reactions_1738,
0.01,random,,test,reactions_3250,
0.01,random,,test,reactions_2883,
0.01,random,,test,reactions_2847,
0.01,random,,test,reactions_2568,
0.01,random,,test,reactions_2649,
0.01,random,,test,reactions_1650,
0.01,random,,test,reactions_3210,
0.01,random,,test,reactions_1562,
0.01,random,,test,reactions_605,
0.01,random,,test,reactions_817,
0.01,random,,test,reactions_2407,
0.01,random,,test,reactions_3796,
0.01,random,,test,reactions_1514,
0.01,random,,test,reactions_810,
0.01,random,,test,reactions_1881,
0.01,random,,test,reactions_3306,
0.01,random,,test,reactions_3182,
0.01,random,,test,reactions_3369,
0.01,random,,test,reactions_868,
0.01,random,,test,reactions_3485,
0.01,random,,test,reactions_1316,
0.01,random,,test,reactions_2230,
0.01,random,,test,reactions_3670,
0.01,random,,test,reactions_1897,
0.01,random,,test,reactions_2636,
0.01,random,,test,reactions_1787,
0.01,random,,test,reactions_2171,
0.01,random,,test,reactions_949,
0.01,random,,test,reactions_3478,
0.01,random,,test,reactions_392,
0.01,random,,test,reactions_2214,
0.01,random,,test,reactions_2498,
0.01,random,,test,reactions_3420,
0.01,random,,test,reactions_839,
0.01,random,,test,reactions_3282,
0.01,random,,test,reactions_402,
0.01,random,,test,reactions_2045,
0.01,random,,test,reactions_3546,
0.01,random,,test,reactions_1902,
0.01,random,,test,reactions_150,
0.01,random,,test,reactions_2943,
0.01,random,,test,reactions_3915,
0.01,random,,test,reactions_3143,
0.01,random,,test,reactions_1280,
0.01,random,,test,reactions_2086,
0.01,random,,test,reactions_429,
0.01,random,,test,reactions_1743,
0.01,random,,test,reactions_3067,
0.01,random,,test,reactions_2615,
0.01,random,,test,reactions_2818,
0.01,random,,test,reactions_3391,
0.01,random,,test,reactions_950,
0.01,random,,test,reactions_14,
0.01,random,,test,reactions_3395,
0.01,random,,test,reactions_1886,
0.01,random,,test,reactions_2776,
0.01,random,,test,reactions_3628,
0.01,random,,test,reactions_3608,
0.01,random,,test,reactions_1183,
0.01,random,,test,reactions_2848,
0.01,random,,test,reactions_96,
0.01,random,,test,reactions_2895,
0.01,random,,test,reactions_2397,
0.01,random,,test,reactions_2536,
0.01,random,,test,reactions_1200,
0.01,random,,test,reactions_1366,
0.01,random,,test,reactions_1118,
0.01,random,,test,reactions_1211,
0.01,random,,test,reactions_2549,
0.01,random,,test,reactions_3057,
0.01,random,,test,reactions_1288,
0.01,random,,test,reactions_2460,
0.01,random,,test,reactions_1282,
0.01,random,,test,reactions_1057,
0.01,random,,test,reactions_2365,
0.01,random,,test,reactions_2300,
0.01,random,,test,reactions_1008,
0.01,random,,test,reactions_3285,
0.01,random,,test,reactions_3711,
0.01,random,,test,reactions_3673,
0.01,random,,test,reactions_1531,
0.01,random,,test,reactions_3151,
0.01,random,,test,reactions_3313,
0.01,random,,test,reactions_845,
0.01,random,,test,reactions_761,
0.01,random,,test,reactions_2002,
0.01,random,,test,reactions_2425,
0.01,random,,test,reactions_3287,
0.01,random,,test,reactions_1574,
0.01,random,,test,reactions_1443,
0.01,random,,test,reactions_1955,
0.01,random,,test,reactions_3136,
0.01,random,,test,reactions_2319,
0.01,random,,test,reactions_3086,
0.01,random,,test,reactions_987,
0.01,random,,test,reactions_2837,
0.01,random,,test,reactions_1952,
0.01,random,,test,reactions_3565,
0.01,random,,test,reactions_162,
0.01,random,,test,reactions_2441,
0.01,random,,test,reactions_1241,
0.01,random,,test,reactions_2256,
0.01,random,,test,reactions_1631,
0.01,random,,test,reactions_3185,
0.01,random,,test,reactions_2556,
0.01,random,,test,reactions_1043,
0.01,random,,test,reactions_2714,
0.01,random,,test,reactions_2572,
0.01,random,,test,reactions_1182,
0.01,random,,test,reactions_894,
0.01,random,,test,reactions_2254,
0.01,random,,test,reactions_2384,
0.01,random,,test,reactions_459,
0.01,random,,test,reactions_3296,
0.01,random,,test,reactions_77,
0.01,random,,test,reactions_1603,
0.01,random,,test,reactions_1546,
0.01,random,,test,reactions_2411,
0.01,random,,test,reactions_3350,
0.01,random,,test,reactions_1535,
0.01,random,,test,reactions_1596,
0.01,random,,test,reactions_3874,
0.01,random,,test,reactions_2456,
0.01,random,,test,reactions_3882,
0.01,random,,test,reactions_3442,
0.01,random,,test,reactions_3026,
0.01,random,,test,reactions_1029,
0.01,random,,test,reactions_3167,
0.01,random,,test,reactions_2609,
0.01,random,,test,reactions_1506,
0.01,random,,test,reactions_500,
0.01,random,,test,reactions_324,
0.01,random,,test,reactions_94,
0.01,random,,test,reactions_863,
0.01,random,,test,reactions_3888,
0.01,random,,test,reactions_1023,
0.01,random,,test,reactions_1364,
0.01,random,,test,reactions_841,
0.01,random,,test,reactions_2812,
0.01,random,,test,reactions_1414,
0.01,random,,test,reactions_3470,
0.01,random,,test,reactions_565,
0.01,random,,test,reactions_2081,
0.01,random,,test,reactions_3459,
0.01,random,,test,reactions_365,
0.01,random,,test,reactions_2716,
0.01,random,,test,reactions_3526,
0.01,random,,test,reactions_441,
0.01,random,,test,reactions_3713,
0.01,random,,test,reactions_634,
0.01,random,,test,reactions_3300,
0.01,random,,test,reactions_1394,
0.01,random,,test,reactions_643,
0.01,random,,test,reactions_1901,
0.01,random,,test,reactions_2465,
0.01,random,,test,reactions_2501,
0.01,random,,test,reactions_82,
0.01,random,,test,reactions_3909,
0.01,random,,test,reactions_821,
0.01,random,,test,reactions_433,
0.01,random,,test,reactions_1395,
0.01,random,,test,reactions_2360,
0.01,random,,test,reactions_2922,
0.01,random,,test,reactions_451,
0.01,random,,test,reactions_3125,
0.01,random,,test,reactions_1611,
0.01,random,,test,reactions_3415,
0.01,random,,test,reactions_1565,
0.01,random,,test,reactions_3340,
0.01,random,,test,reactions_722,
0.01,random,,test,reactions_2155,
0.01,random,,test,reactions_1147,
0.01,random,,test,reactions_2937,
0.01,random,,test,reactions_1421,
0.01,random,,test,reactions_3949,
0.01,random,,test,reactions_534,
0.01,random,,test,reactions_2779,
0.01,random,,test,reactions_1409,
0.01,random,,test,reactions_106,
0.01,random,,test,reactions_2315,
0.01,random,,test,reactions_1372,
0.01,random,,test,reactions_3263,
0.01,random,,test,reactions_3815,
0.01,random,,test,reactions_979,
0.01,random,,test,reactions_3801,
0.01,random,,test,reactions_2088,
0.01,random,,test,reactions_340,
0.01,random,,test,reactions_962,
0.01,random,,test,reactions_3261,
0.01,random,,test,reactions_3476,
0.01,random,,test,reactions_526,
0.01,random,,test,reactions_2238,
0.01,random,,test,reactions_3160,
0.01,random,,test,reactions_733,
0.01,random,,test,reactions_1508,
0.01,random,,test,reactions_6,
0.01,random,,test,reactions_1622,
0.01,random,,test,reactions_3772,
0.01,random,,test,reactions_3505,
0.01,random,,test,reactions_443,
0.01,random,,test,reactions_1354,
0.01,random,,test,reactions_862,
0.01,random,,test,reactions_1410,
0.01,random,,test,reactions_1357,
0.01,random,,test,reactions_1384,
0.01,random,,test,reactions_3663,
0.01,random,,test,reactions_1529,
0.01,random,,test,reactions_1325,
0.01,random,,test,reactions_3448,
0.01,random,,test,reactions_2927,
0.01,random,,test,reactions_3187,
0.01,random,,test,reactions_1195,
0.01,random,,test,reactions_852,
0.01,random,,test,reactions_3196,
0.01,random,,test,reactions_302,
0.01,random,,test,reactions_3688,
0.01,random,,test,reactions_1627,
0.01,random,,test,reactions_1736,
0.01,random,,test,reactions_1811,
0.01,random,,test,reactions_2036,
0.01,random,,test,reactions_64,
0.01,random,,test,reactions_1533,
0.01,random,,test,reactions_719,
0.01,random,,test,reactions_1624,
0.01,random,,test,reactions_1246,
0.01,random,,test,reactions_999,
0.01,random,,test,reactions_1993,
0.01,random,,test,reactions_2703,
0.01,random,,test,reactions_3184,
0.01,random,,test,reactions_1500,
0.01,random,,test,reactions_1509,
0.01,random,,test,reactions_2378,
0.01,random,,test,reactions_280,
0.01,random,,test,reactions_278,
0.01,random,,test,reactions_2968,
0.01,random,,test,reactions_350,
0.01,random,,test,reactions_2016,
0.01,random,,test,reactions_3912,
0.01,random,,test,reactions_1212,
0.01,random,,test,reactions_66,
0.01,random,,test,reactions_50,
0.01,random,,test,reactions_3684,
0.01,random,,test,reactions_3656,
0.01,random,,test,reactions_3142,
0.01,random,,test,reactions_411,
0.01,random,,test,reactions_690,
0.01,random,,test,reactions_1662,
0.01,random,,test,reactions_2226,
0.01,random,,test,reactions_3809,
0.01,random,,test,reactions_535,
0.01,random,,test,reactions_2166,
0.01,random,,test,reactions_3659,
0.01,random,,test,reactions_2421,
0.01,random,,test,reactions_3083,
0.01,random,,test,reactions_2677,
0.01,random,,test,reactions_2870,
0.01,random,,test,reactions_670,
0.01,random,,test,reactions_2112,
0.01,random,,test,reactions_736,
0.01,random,,test,reactions_3000,
0.01,random,,test,reactions_1525,
0.01,random,,test,reactions_3074,
0.01,random,,test,reactions_43,
0.01,random,,test,reactions_1659,
0.01,random,,test,reactions_3602,
0.01,random,,test,reactions_168,
0.01,random,,test,reactions_2858,
0.01,random,,test,reactions_3149,
0.01,random,,test,reactions_2362,
0.01,random,,test,reactions_2345,
0.01,random,,test,reactions_1527,
0.01,random,,test,reactions_491,
0.01,random,,test,reactions_3793,
0.01,random,,test,reactions_2592,
0.01,random,,test,reactions_642,
0.01,random,,test,reactions_291,
0.01,random,,test,reactions_2666,
0.01,random,,test,reactions_3363,
0.01,random,,test,reactions_1988,
0.01,random,,test,reactions_2828,
0.01,random,,test,reactions_2959,
0.01,random,,test,reactions_2261,
0.01,random,,test,reactions_3028,
0.01,random,,test,reactions_556,
0.01,random,,test,reactions_1059,
0.01,random,,test,reactions_2721,
0.01,random,,test,reactions_2366,
0.01,random,,test,reactions_1082,
0.01,random,,test,reactions_1816,
0.01,random,,test,reactions_536,
0.01,random,,test,reactions_1957,
0.01,random,,test,reactions_1297,
0.01,random,,test,reactions_1040,
0.01,random,,test,reactions_2481,
0.01,random,,test,reactions_1528,
0.01,random,,test,reactions_829,
0.01,random,,test,reactions_2670,
0.01,random,,test,reactions_1162,
0.01,random,,test,reactions_1727,
0.01,random,,test,reactions_2336,
0.01,random,,test,reactions_2500,
0.01,random,,test,reactions_1014,
0.01,random,,test,reactions_529,
0.01,random,,test,reactions_2349,
0.01,random,,test,reactions_753,
0.01,random,,test,reactions_2671,
0.01,random,,test,reactions_996,
0.01,random,,test,reactions_1220,
0.01,random,,test,reactions_2083,
0.01,random,,test,reactions_287,
0.01,random,,test,reactions_315,
0.01,random,,test,reactions_1995,
0.01,random,,test,reactions_3620,
0.01,random,,test,reactions_334,
0.01,random,,test,reactions_183,
0.01,random,,test,reactions_2098,
0.01,random,,test,reactions_3591,
0.01,random,,test,reactions_2151,
0.01,random,,test,reactions_688,
0.01,random,,test,reactions_3724,
0.01,random,,test,reactions_42,
0.01,random,,test,reactions_3626,
0.01,random,,test,reactions_3439,
0.01,random,,test,reactions_3607,
0.01,random,,test,reactions_276,
0.01,random,,test,reactions_676,
0.01,random,,test,reactions_1857,
0.01,random,,test,reactions_3376,
0.01,random,,test,reactions_1138,
0.01,random,,test,reactions_750,
0.01,random,,test,reactions_909,
0.01,random,,test,reactions_438,
0.01,random,,test,reactions_492,
0.01,random,,test,reactions_1551,
0.01,random,,test,reactions_2190,
0.01,random,,test,reactions_707,
0.01,random,,test,reactions_1573,
0.01,random,,test,reactions_1634,
0.01,random,,test,reactions_3022,
0.01,random,,test,reactions_1673,
0.05,random,,train,reactions_1548,
0.05,random,,train,reactions_1571,
0.05,random,,train,reactions_3414,
0.05,random,,train,reactions_144,
0.05,random,,train,reactions_3747,
0.05,random,,train,reactions_672,
0.05,random,,train,reactions_1691,
0.05,random,,train,reactions_3379,
0.05,random,,train,reactions_1791,
0.05,random,,train,reactions_2431,
0.05,random,,train,reactions_3479,
0.05,random,,train,reactions_620,
0.05,random,,train,reactions_1723,
0.05,random,,train,reactions_251,
0.05,random,,train,reactions_1018,
0.05,random,,train,reactions_3040,
0.05,random,,train,reactions_51,
0.05,random,,train,reactions_408,
0.05,random,,train,reactions_1373,
0.05,random,,train,reactions_2814,
0.05,random,,train,reactions_570,
0.05,random,,train,reactions_2371,
0.05,random,,train,reactions_2307,
0.05,random,,train,reactions_3513,
0.05,random,,train,reactions_2228,
0.05,random,,train,reactions_3655,
0.05,random,,train,reactions_1368,
0.05,random,,train,reactions_766,
0.05,random,,train,reactions_655,
0.05,random,,train,reactions_2708,
0.05,random,,train,reactions_3527,
0.05,random,,train,reactions_2900,
0.05,random,,train,reactions_2333,
0.05,random,,train,reactions_1591,
0.05,random,,train,reactions_72,
0.05,random,,train,reactions_3207,
0.05,random,,train,reactions_1078,
0.05,random,,train,reactions_192,
0.05,random,,train,reactions_2879,
0.05,random,,train,reactions_347,
0.05,random,,train,reactions_1836,
0.05,random,,train,reactions_2695,
0.05,random,,train,reactions_2218,
0.05,random,,train,reactions_1619,
0.05,random,,train,reactions_3604,
0.05,random,,train,reactions_3911,
0.05,random,,train,reactions_1381,
0.05,random,,train,reactions_342,
0.05,random,,train,reactions_803,
0.05,random,,train,reactions_2680,
0.05,random,,train,reactions_1125,
0.05,random,,train,reactions_1890,
0.05,random,,train,reactions_3819,
0.05,random,,train,reactions_1893,
0.05,random,,train,reactions_936,
0.05,random,,train,reactions_3853,
0.05,random,,train,reactions_2402,
0.05,random,,train,reactions_1130,
0.05,random,,train,reactions_1678,
0.05,random,,train,reactions_3268,
0.05,random,,train,reactions_361,
0.05,random,,train,reactions_2542,
0.05,random,,train,reactions_3837,
0.05,random,,train,reactions_1140,
0.05,random,,train,reactions_1922,
0.05,random,,train,reactions_2868,
0.05,random,,train,reactions_3686,
0.05,random,,train,reactions_1333,
0.05,random,,train,reactions_9,
0.05,random,,train,reactions_219,
0.05,random,,train,reactions_2852,
0.05,random,,train,reactions_2817,
0.05,random,,train,reactions_3717,
0.05,random,,train,reactions_3374,
0.05,random,,train,reactions_1328,
0.05,random,,train,reactions_1469,
0.05,random,,train,reactions_109,
0.05,random,,train,reactions_3050,
0.05,random,,train,reactions_2199,
0.05,random,,train,reactions_3577,
0.05,random,,train,reactions_1319,
0.05,random,,train,reactions_3373,
0.05,random,,train,reactions_1771,
0.05,random,,train,reactions_2104,
0.05,random,,train,reactions_1801,
0.05,random,,train,reactions_893,
0.05,random,,train,reactions_789,
0.05,random,,train,reactions_677,
0.05,random,,train,reactions_2839,
0.05,random,,train,reactions_1142,
0.05,random,,train,reactions_869,
0.05,random,,train,reactions_1389,
0.05,random,,train,reactions_1188,
0.05,random,,train,reactions_3094,
0.05,random,,train,reactions_3445,
0.05,random,,train,reactions_2028,
0.05,random,,train,reactions_1094,
0.05,random,,train,reactions_422,
0.05,random,,train,reactions_1144,
0.05,random,,train,reactions_3351,
0.05,random,,train,reactions_2949,
0.05,random,,train,reactions_2184,
0.05,random,,train,reactions_2120,
0.05,random,,train,reactions_794,
0.05,random,,train,reactions_679,
0.05,random,,train,reactions_3440,
0.05,random,,train,reactions_1425,
0.05,random,,train,reactions_3219,
0.05,random,,train,reactions_1108,
0.05,random,,train,reactions_636,
0.05,random,,train,reactions_1706,
0.05,random,,train,reactions_2924,
0.05,random,,train,reactions_1867,
0.05,random,,train,reactions_3783,
0.05,random,,train,reactions_1020,
0.05,random,,train,reactions_2201,
0.05,random,,train,reactions_1958,
0.05,random,,train,reactions_968,
0.05,random,,train,reactions_3015,
0.05,random,,train,reactions_3514,
0.05,random,,train,reactions_1143,
0.05,random,,train,reactions_2046,
0.05,random,,train,reactions_2191,
0.05,random,,train,reactions_3873,
0.05,random,,train,reactions_3242,
0.05,random,,train,reactions_3106,
0.05,random,,train,reactions_1481,
0.05,random,,train,reactions_1386,
0.05,random,,train,reactions_1796,
0.05,random,,train,reactions_2563,
0.05,random,,train,reactions_214,
0.05,random,,train,reactions_13,
0.05,random,,train,reactions_76,
0.05,random,,train,reactions_293,
0.05,random,,train,reactions_2554,
0.05,random,,train,reactions_2241,
0.05,random,,train,reactions_2986,
0.05,random,,train,reactions_1657,
0.05,random,,train,reactions_3554,
0.05,random,,train,reactions_1885,
0.05,random,,train,reactions_1812,
0.05,random,,train,reactions_3065,
0.05,random,,train,reactions_3176,
0.05,random,,train,reactions_2258,
0.05,random,,train,reactions_3430,
0.05,random,,train,reactions_1390,
0.05,random,,train,reactions_1269,
0.05,random,,train,reactions_2204,
0.05,random,,train,reactions_1887,
0.05,random,,train,reactions_3133,
0.05,random,,train,reactions_840,
0.05,random,,train,reactions_1904,
0.05,random,,train,reactions_3073,
0.05,random,,train,reactions_776,
0.05,random,,train,reactions_2867,
0.05,random,,train,reactions_1490,
0.05,random,,train,reactions_843,
0.05,random,,train,reactions_2040,
0.05,random,,valid,reactions_2803,
0.05,random,,valid,reactions_1842,
0.05,random,,valid,reactions_2906,
0.05,random,,valid,reactions_2208,
0.05,random,,valid,reactions_3594,
0.05,random,,valid,reactions_2887,
0.05,random,,valid,reactions_1250,
0.05,random,,valid,reactions_3178,
0.05,random,,valid,reactions_497,
0.05,random,,valid,reactions_3906,
0.05,random,,valid,reactions_3163,
0.05,random,,valid,reactions_1348,
0.05,random,,valid,reactions_3826,
0.05,random,,valid,reactions_3113,
0.05,random,,valid,reactions_387,
0.05,random,,valid,reactions_871,
0.05,random,,valid,reactions_2755,
0.05,random,,valid,reactions_115,
0.05,random,,valid,reactions_3730,
0.05,random,,valid,reactions_527,
0.05,random,,valid,reactions_1998,
0.05,random,,valid,reactions_2763,
0.05,random,,valid,reactions_3213,
0.05,random,,valid,reactions_189,
0.05,random,,valid,reactions_2967,
0.05,random,,valid,reactions_2535,
0.05,random,,valid,reactions_3045,
0.05,random,,valid,reactions_2639,
0.05,random,,valid,reactions_825,
0.05,random,,valid,reactions_1229,
0.05,random,,valid,reactions_1754,
0.05,random,,valid,reactions_1585,
0.05,random,,valid,reactions_359,
0.05,random,,valid,reactions_2545,
0.05,random,,valid,reactions_1879,
0.05,random,,valid,reactions_2823,
0.05,random,,valid,reactions_1201,
0.05,random,,valid,reactions_3570,
0.05,random,,valid,reactions_1710,
0.05,random,,valid,reactions_1380,
0.05,random,,valid,reactions_86,
0.05,random,,valid,reactions_1300,
0.05,random,,valid,reactions_1941,
0.05,random,,valid,reactions_160,
0.05,random,,valid,reactions_889,
0.05,random,,valid,reactions_2978,
0.05,random,,valid,reactions_3064,
0.05,random,,valid,reactions_3123,
0.05,random,,valid,reactions_3896,
0.05,random,,valid,reactions_2422,
0.05,random,,valid,reactions_2044,
0.05,random,,valid,reactions_2454,
0.05,random,,valid,reactions_990,
0.05,random,,valid,reactions_1033,
0.05,random,,valid,reactions_3914,
0.05,random,,valid,reactions_2433,
0.05,random,,valid,reactions_1009,
0.05,random,,valid,reactions_1435,
0.05,random,,valid,reactions_1323,
0.05,random,,valid,reactions_1735,
0.05,random,,valid,reactions_1597,
0.05,random,,valid,reactions_1898,
0.05,random,,valid,reactions_802,
0.05,random,,valid,reactions_621,
0.05,random,,valid,reactions_902,
0.05,random,,valid,reactions_3797,
0.05,random,,valid,reactions_3590,
0.05,random,,valid,reactions_1878,
0.05,random,,valid,reactions_2138,
0.05,random,,valid,reactions_795,
0.05,random,,valid,reactions_3945,
0.05,random,,valid,reactions_3716,
0.05,random,,valid,reactions_2840,
0.05,random,,valid,reactions_606,
0.05,random,,valid,reactions_3394,
0.05,random,,valid,reactions_2001,
0.05,random,,valid,reactions_1557,
0.05,random,,valid,reactions_156,
0.05,random,,valid,reactions_3010,
0.05,random,,valid,reactions_991,
0.05,random,,valid,reactions_272,
0.05,random,,valid,reactions_3758,
0.05,random,,valid,reactions_2736,
0.05,random,,valid,reactions_3721,
0.05,random,,valid,reactions_2352,
0.05,random,,valid,reactions_2974,
0.05,random,,valid,reactions_184,
0.05,random,,valid,reactions_2701,
0.05,random,,valid,reactions_2513,
0.05,random,,valid,reactions_479,
0.05,random,,valid,reactions_1449,
0.05,random,,valid,reactions_715,
0.05,random,,valid,reactions_578,
0.05,random,,valid,reactions_3938,
0.05,random,,valid,reactions_125,
0.05,random,,valid,reactions_60,
0.05,random,,valid,reactions_376,
0.05,random,,valid,reactions_2103,
0.05,random,,valid,reactions_1579,
0.05,random,,valid,reactions_2047,
0.05,random,,valid,reactions_483,
0.05,random,,valid,reactions_3055,
0.05,random,,valid,reactions_709,
0.05,random,,valid,reactions_1234,
0.05,random,,valid,reactions_577,
0.05,random,,valid,reactions_3759,
0.05,random,,valid,reactions_3436,
0.05,random,,valid,reactions_904,
0.05,random,,valid,reactions_598,
0.05,random,,valid,reactions_3012,
0.05,random,,valid,reactions_1577,
0.05,random,,valid,reactions_3927,
0.05,random,,valid,reactions_833,
0.05,random,,valid,reactions_2807,
0.05,random,,valid,reactions_3247,
0.05,random,,valid,reactions_1550,
0.05,random,,valid,reactions_3523,
0.05,random,,valid,reactions_645,
0.05,random,,valid,reactions_585,
0.05,random,,valid,reactions_651,
0.05,random,,valid,reactions_2682,
0.05,random,,valid,reactions_2095,
0.05,random,,valid,reactions_1083,
0.05,random,,valid,reactions_1721,
0.05,random,,valid,reactions_566,
0.05,random,,valid,reactions_1718,
0.05,random,,valid,reactions_1570,
0.05,random,,valid,reactions_1051,
0.05,random,,valid,reactions_2210,
0.05,random,,valid,reactions_2992,
0.05,random,,valid,reactions_2719,
0.05,random,,valid,reactions_3842,
0.05,random,,valid,reactions_3241,
0.05,random,,valid,reactions_400,
0.05,random,,valid,reactions_2761,
0.05,random,,valid,reactions_3245,
0.05,random,,valid,reactions_3477,
0.05,random,,valid,reactions_888,
0.05,random,,valid,reactions_38,
0.05,random,,valid,reactions_2862,
0.05,random,,valid,reactions_1828,
0.05,random,,valid,reactions_3217,
0.05,random,,valid,reactions_1757,
0.05,random,,valid,reactions_2461,
0.05,random,,valid,reactions_3509,
0.05,random,,valid,reactions_2237,
0.05,random,,valid,reactions_138,
0.05,random,,valid,reactions_617,
0.05,random,,valid,reactions_1746,
0.05,random,,valid,reactions_1016,
0.05,random,,valid,reactions_3500,
0.05,random,,valid,reactions_2275,
0.05,random,,valid,reactions_3921,
0.05,random,,valid,reactions_2314,
0.05,random,,valid,reactions_1737,
0.05,random,,valid,reactions_3342,
0.05,random,,valid,reactions_3658,
0.05,random,,valid,reactions_528,
0.05,random,,valid,reactions_352,
0.05,random,,valid,reactions_1199,
0.05,random,,valid,reactions_1516,
0.05,random,,valid,reactions_206,
0.05,random,,valid,reactions_1180,
0.05,random,,valid,reactions_1595,
0.05,random,,valid,reactions_3001,
0.05,random,,valid,reactions_560,
0.05,random,,valid,reactions_3222,
0.05,random,,valid,reactions_1532,
0.05,random,,valid,reactions_571,
0.05,random,,valid,reactions_2673,
0.05,random,,valid,reactions_212,
0.05,random,,valid,reactions_1953,
0.05,random,,valid,reactions_3795,
0.05,random,,valid,reactions_2052,
0.05,random,,valid,reactions_3782,
0.05,random,,valid,reactions_3595,
0.05,random,,valid,reactions_1729,
0.05,random,,valid,reactions_1943,
0.05,random,,valid,reactions_3617,
0.05,random,,valid,reactions_1617,
0.05,random,,valid,reactions_1120,
0.05,random,,valid,reactions_2980,
0.05,random,,valid,reactions_1382,
0.05,random,,valid,reactions_2487,
0.05,random,,valid,reactions_2788,
0.05,random,,valid,reactions_2874,
0.05,random,,valid,reactions_3264,
0.05,random,,valid,reactions_346,
0.05,random,,valid,reactions_3329,
0.05,random,,valid,reactions_1951,
0.05,random,,valid,reactions_2694,
0.05,random,,valid,reactions_788,
0.05,random,,valid,reactions_146,
0.05,random,,valid,reactions_3069,
0.05,random,,valid,reactions_3691,
0.05,random,,valid,reactions_3571,
0.05,random,,valid,reactions_489,
0.05,random,,valid,reactions_563,
0.05,random,,valid,reactions_1115,
0.05,random,,valid,reactions_3437,
0.05,random,,valid,reactions_1466,
0.05,random,,valid,reactions_1794,
0.05,random,,valid,reactions_2633,
0.05,random,,valid,reactions_2157,
0.05,random,,valid,reactions_2453,
0.05,random,,valid,reactions_1971,
0.05,random,,valid,reactions_1363,
0.05,random,,valid,reactions_1093,
0.05,random,,valid,reactions_252,
0.05,random,,valid,reactions_985,
0.05,random,,valid,reactions_967,
0.05,random,,valid,reactions_2107,
0.05,random,,valid,reactions_3616,
0.05,random,,valid,reactions_3556,
0.05,random,,valid,reactions_691,
0.05,random,,valid,reactions_1734,
0.05,random,,valid,reactions_668,
0.05,random,,valid,reactions_288,
0.05,random,,valid,reactions_3768,
0.05,random,,valid,reactions_2781,
0.05,random,,valid,reactions_3248,
0.05,random,,valid,reactions_546,
0.05,random,,valid,reactions_3267,
0.05,random,,valid,reactions_2216,
0.05,random,,valid,reactions_161,
0.05,random,,valid,reactions_2660,
0.05,random,,valid,reactions_3589,
0.05,random,,valid,reactions_3807,
0.05,random,,valid,reactions_808,
0.05,random,,valid,reactions_59,
0.05,random,,valid,reactions_463,
0.05,random,,valid,reactions_2971,
0.05,random,,valid,reactions_1803,
0.05,random,,valid,reactions_1350,
0.05,random,,valid,reactions_1580,
0.05,random,,valid,reactions_262,
0.05,random,,valid,reactions_399,
0.05,random,,valid,reactions_3689,
0.05,random,,valid,reactions_191,
0.05,random,,valid,reactions_765,
0.05,random,,valid,reactions_2610,
0.05,random,,valid,reactions_2624,
0.05,random,,valid,reactions_460,
0.05,random,,valid,reactions_3576,
0.05,random,,valid,reactions_3068,
0.05,random,,valid,reactions_163,
0.05,random,,valid,reactions_2854,
0.05,random,,valid,reactions_2686,
0.05,random,,valid,reactions_2472,
0.05,random,,valid,reactions_504,
0.05,random,,valid,reactions_1260,
0.05,random,,valid,reactions_1024,
0.05,random,,valid,reactions_2329,
0.05,random,,valid,reactions_3722,
0.05,random,,valid,reactions_3115,
0.05,random,,valid,reactions_2148,
0.05,random,,valid,reactions_3926,
0.05,random,,valid,reactions_1318,
0.05,random,,valid,reactions_3536,
0.05,random,,valid,reactions_2918,
0.05,random,,valid,reactions_2904,
0.05,random,,valid,reactions_2227,
0.05,random,,valid,reactions_1541,
0.05,random,,valid,reactions_1810,
0.05,random,,valid,reactions_3932,
0.05,random,,valid,reactions_367,
0.05,random,,valid,reactions_1862,
0.05,random,,valid,reactions_1254,
0.05,random,,valid,reactions_1378,
0.05,random,,valid,reactions_1733,
0.05,random,,valid,reactions_708,
0.05,random,,valid,reactions_1837,
0.05,random,,valid,reactions_2133,
0.05,random,,valid,reactions_2710,
0.05,random,,valid,reactions_3918,
0.05,random,,valid,reactions_2608,
0.05,random,,valid,reactions_3941,
0.05,random,,valid,reactions_2938,
0.05,random,,valid,reactions_2408,
0.05,random,,valid,reactions_3162,
0.05,random,,valid,reactions_3355,
0.05,random,,valid,reactions_2571,
0.05,random,,valid,reactions_2819,
0.05,random,,valid,reactions_439,
0.05,random,,valid,reactions_3233,
0.05,random,,valid,reactions_3147,
0.05,random,,valid,reactions_3506,
0.05,random,,valid,reactions_3387,
0.05,random,,valid,reactions_2249,
0.05,random,,valid,reactions_1276,
0.05,random,,valid,reactions_2306,
0.05,random,,valid,reactions_1066,
0.05,random,,valid,reactions_806,
0.05,random,,valid,reactions_296,
0.05,random,,valid,reactions_747,
0.05,random,,valid,reactions_424,
0.05,random,,valid,reactions_119,
0.05,random,,valid,reactions_3410,
0.05,random,,valid,reactions_3468,
0.05,random,,valid,reactions_1843,
0.05,random,,valid,reactions_3130,
0.05,random,,valid,reactions_2264,
0.05,random,,valid,reactions_3725,
0.05,random,,valid,reactions_1554,
0.05,random,,valid,reactions_55,
0.05,random,,valid,reactions_3638,
0.05,random,,valid,reactions_2062,
0.05,random,,valid,reactions_1215,
0.05,random,,valid,reactions_1295,
0.05,random,,valid,reactions_1239,
0.05,random,,valid,reactions_447,
0.05,random,,valid,reactions_1309,
0.05,random,,valid,reactions_782,
0.05,random,,valid,reactions_3515,
0.05,random,,valid,reactions_2424,
0.05,random,,valid,reactions_1124,
0.05,random,,valid,reactions_2188,
0.05,random,,valid,reactions_2687,
0.05,random,,valid,reactions_398,
0.05,random,,valid,reactions_2012,
0.05,random,,valid,reactions_963,
0.05,random,,valid,reactions_321,
0.05,random,,valid,reactions_2295,
0.05,random,,valid,reactions_3096,
0.05,random,,valid,reactions_2240,
0.05,random,,valid,reactions_265,
0.05,random,,valid,reactions_3813,
0.05,random,,valid,reactions_2514,
0.05,random,,valid,reactions_3849,
0.05,random,,valid,reactions_3496,
0.05,random,,valid,reactions_3507,
0.05,random,,valid,reactions_3327,
0.05,random,,valid,reactions_2744,
0.05,random,,valid,reactions_326,
0.05,random,,valid,reactions_1942,
0.05,random,,valid,reactions_2530,
0.05,random,,valid,reactions_3838,
0.05,random,,valid,reactions_1545,
0.05,random,,valid,reactions_931,
0.05,random,,valid,reactions_1287,
0.05,random,,valid,reactions_3009,
0.05,random,,valid,reactions_2291,
0.05,random,,valid,reactions_1670,
0.05,random,,valid,reactions_2855,
0.05,random,,valid,reactions_2646,
0.05,random,,valid,reactions_3489,
0.05,random,,valid,reactions_2829,
0.05,random,,valid,reactions_1776,
0.05,random,,valid,reactions_988,
0.05,random,,valid,reactions_516,
0.05,random,,valid,reactions_2643,
0.05,random,,valid,reactions_3537,
0.05,random,,valid,reactions_3530,
0.05,random,,valid,reactions_2043,
0.05,random,,valid,reactions_1128,
0.05,random,,valid,reactions_415,
0.05,random,,valid,reactions_1352,
0.05,random,,valid,reactions_3177,
0.05,random,,valid,reactions_2154,
0.05,random,,valid,reactions_916,
0.05,random,,valid,reactions_1747,
0.05,random,,valid,reactions_486,
0.05,random,,valid,reactions_3791,
0.05,random,,valid,reactions_2492,
0.05,random,,valid,reactions_2259,
0.05,random,,valid,reactions_3834,
0.05,random,,valid,reactions_3104,
0.05,random,,valid,reactions_939,
0.05,random,,valid,reactions_2276,
0.05,random,,valid,reactions_2432,
0.05,random,,valid,reactions_1279,
0.05,random,,valid,reactions_887,
0.05,random,,valid,reactions_1042,
0.05,random,,valid,reactions_3004,
0.05,random,,valid,reactions_3097,
0.05,random,,valid,reactions_1950,
0.05,random,,valid,reactions_356,
0.05,random,,valid,reactions_3301,
0.05,random,,valid,reactions_1403,
0.05,random,,valid,reactions_271,
0.05,random,,valid,reactions_837,
0.05,random,,valid,reactions_927,
0.05,random,,valid,reactions_2617,
0.05,random,,valid,reactions_2509,
0.05,random,,valid,reactions_2758,
0.05,random,,valid,reactions_2068,
0.05,random,,valid,reactions_1187,
0.05,random,,valid,reactions_2065,
0.05,random,,valid,reactions_1090,
0.05,random,,valid,reactions_2357,
0.05,random,,valid,reactions_3359,
0.05,random,,valid,reactions_3398,
0.05,random,,valid,reactions_2122,
0.05,random,,valid,reactions_1100,
0.05,random,,valid,reactions_53,
0.05,random,,test,reactions_1553,
0.05,random,,test,reactions_1397,
0.05,random,,test,reactions_3058,
0.05,random,,test,reactions_3928,
0.05,random,,test,reactions_2782,
0.05,random,,test,reactions_1308,
0.05,random,,test,reactions_2935,
0.05,random,,test,reactions_1968,
0.05,random,,test,reactions_3858,
0.05,random,,test,reactions_1698,
0.05,random,,test,reactions_2864,
0.05,random,,test,reactions_2623,
0.05,random,,test,reactions_457,
0.05,random,,test,reactions_3614,
0.05,random,,test,reactions_2515,
0.05,random,,test,reactions_2707,
0.05,random,,test,reactions_3597,
0.05,random,,test,reactions_1174,
0.05,random,,test,reactions_1052,
0.05,random,,test,reactions_2298,
0.05,random,,test,reactions_1916,
0.05,random,,test,reactions_831,
0.05,random,,test,reactions_779,
0.05,random,,test,reactions_1317,
0.05,random,,test,reactions_3550,
0.05,random,,test,reactions_3338,
0.05,random,,test,reactions_228,
0.05,random,,test,reactions_248,
0.05,random,,test,reactions_2477,
0.05,random,,test,reactions_2770,
0.05,random,,test,reactions_1253,
0.05,random,,test,reactions_3610,
0.05,random,,test,reactions_1680,
0.05,random,,test,reactions_2219,
0.05,random,,test,reactions_1825,
0.05,random,,test,reactions_295,
0.05,random,,test,reactions_1047,
0.05,random,,test,reactions_3283,
0.05,random,,test,reactions_2799,
0.05,random,,test,reactions_90,
0.05,random,,test,reactions_662,
0.05,random,,test,reactions_1912,
0.05,random,,test,reactions_3221,
0.05,random,,test,reactions_3558,
0.05,random,,test,reactions_3269,
0.05,random,,test,reactions_2718,
0.05,random,,test,reactions_1159,
0.05,random,,test,reactions_1970,
0.05,random,,test,reactions_2573,
0.05,random,,test,reactions_2158,
0.05,random,,test,reactions_3140,
0.05,random,,test,reactions_495,
0.05,random,,test,reactions_2901,
0.05,random,,test,reactions_3812,
0.05,random,,test,reactions_2546,
0.05,random,,test,reactions_1738,
0.05,random,,test,reactions_3250,
0.05,random,,test,reactions_2883,
0.05,random,,test,reactions_2847,
0.05,random,,test,reactions_2568,
0.05,random,,test,reactions_2649,
0.05,random,,test,reactions_1650,
0.05,random,,test,reactions_3210,
0.05,random,,test,reactions_1562,
0.05,random,,test,reactions_605,
0.05,random,,test,reactions_817,
0.05,random,,test,reactions_2407,
0.05,random,,test,reactions_3796,
0.05,random,,test,reactions_1514,
0.05,random,,test,reactions_810,
0.05,random,,test,reactions_1881,
0.05,random,,test,reactions_3306,
0.05,random,,test,reactions_3182,
0.05,random,,test,reactions_3369,
0.05,random,,test,reactions_868,
0.05,random,,test,reactions_3485,
0.05,random,,test,reactions_1316,
0.05,random,,test,reactions_2230,
0.05,random,,test,reactions_3670,
0.05,random,,test,reactions_1897,
0.05,random,,test,reactions_2636,
0.05,random,,test,reactions_1787,
0.05,random,,test,reactions_2171,
0.05,random,,test,reactions_949,
0.05,random,,test,reactions_3478,
0.05,random,,test,reactions_392,
0.05,random,,test,reactions_2214,
0.05,random,,test,reactions_2498,
0.05,random,,test,reactions_3420,
0.05,random,,test,reactions_839,
0.05,random,,test,reactions_3282,
0.05,random,,test,reactions_402,
0.05,random,,test,reactions_2045,
0.05,random,,test,reactions_3546,
0.05,random,,test,reactions_1902,
0.05,random,,test,reactions_150,
0.05,random,,test,reactions_2943,
0.05,random,,test,reactions_3915,
0.05,random,,test,reactions_3143,
0.05,random,,test,reactions_1280,
0.05,random,,test,reactions_2086,
0.05,random,,test,reactions_429,
0.05,random,,test,reactions_1743,
0.05,random,,test,reactions_3067,
0.05,random,,test,reactions_2615,
0.05,random,,test,reactions_2818,
0.05,random,,test,reactions_3391,
0.05,random,,test,reactions_950,
0.05,random,,test,reactions_14,
0.05,random,,test,reactions_3395,
0.05,random,,test,reactions_1886,
0.05,random,,test,reactions_2776,
0.05,random,,test,reactions_3628,
0.05,random,,test,reactions_3608,
0.05,random,,test,reactions_1183,
0.05,random,,test,reactions_2848,
0.05,random,,test,reactions_96,
0.05,random,,test,reactions_2895,
0.05,random,,test,reactions_2397,
0.05,random,,test,reactions_2536,
0.05,random,,test,reactions_1200,
0.05,random,,test,reactions_1366,
0.05,random,,test,reactions_1118,
0.05,random,,test,reactions_1211,
0.05,random,,test,reactions_2549,
0.05,random,,test,reactions_3057,
0.05,random,,test,reactions_1288,
0.05,random,,test,reactions_2460,
0.05,random,,test,reactions_1282,
0.05,random,,test,reactions_1057,
0.05,random,,test,reactions_2365,
0.05,random,,test,reactions_2300,
0.05,random,,test,reactions_1008,
0.05,random,,test,reactions_3285,
0.05,random,,test,reactions_3711,
0.05,random,,test,reactions_3673,
0.05,random,,test,reactions_1531,
0.05,random,,test,reactions_3151,
0.05,random,,test,reactions_3313,
0.05,random,,test,reactions_845,
0.05,random,,test,reactions_761,
0.05,random,,test,reactions_2002,
0.05,random,,test,reactions_2425,
0.05,random,,test,reactions_3287,
0.05,random,,test,reactions_1574,
0.05,random,,test,reactions_1443,
0.05,random,,test,reactions_1955,
0.05,random,,test,reactions_3136,
0.05,random,,test,reactions_2319,
0.05,random,,test,reactions_3086,
0.05,random,,test,reactions_987,
0.05,random,,test,reactions_2837,
0.05,random,,test,reactions_1952,
0.05,random,,test,reactions_3565,
0.05,random,,test,reactions_162,
0.05,random,,test,reactions_2441,
0.05,random,,test,reactions_1241,
0.05,random,,test,reactions_2256,
0.05,random,,test,reactions_1631,
0.05,random,,test,reactions_3185,
0.05,random,,test,reactions_2556,
0.05,random,,test,reactions_1043,
0.05,random,,test,reactions_2714,
0.05,random,,test,reactions_2572,
0.05,random,,test,reactions_1182,
0.05,random,,test,reactions_894,
0.05,random,,test,reactions_2254,
0.05,random,,test,reactions_2384,
0.05,random,,test,reactions_459,
0.05,random,,test,reactions_3296,
0.05,random,,test,reactions_77,
0.05,random,,test,reactions_1603,
0.05,random,,test,reactions_1546,
0.05,random,,test,reactions_2411,
0.05,random,,test,reactions_3350,
0.05,random,,test,reactions_1535,
0.05,random,,test,reactions_1596,
0.05,random,,test,reactions_3874,
0.05,random,,test,reactions_2456,
0.05,random,,test,reactions_3882,
0.05,random,,test,reactions_3442,
0.05,random,,test,reactions_3026,
0.05,random,,test,reactions_1029,
0.05,random,,test,reactions_3167,
0.05,random,,test,reactions_2609,
0.05,random,,test,reactions_1506,
0.05,random,,test,reactions_500,
0.05,random,,test,reactions_324,
0.05,random,,test,reactions_94,
0.05,random,,test,reactions_863,
0.05,random,,test,reactions_3888,
0.05,random,,test,reactions_1023,
0.05,random,,test,reactions_1364,
0.05,random,,test,reactions_841,
0.05,random,,test,reactions_2812,
0.05,random,,test,reactions_1414,
0.05,random,,test,reactions_3470,
0.05,random,,test,reactions_565,
0.05,random,,test,reactions_2081,
0.05,random,,test,reactions_3459,
0.05,random,,test,reactions_365,
0.05,random,,test,reactions_2716,
0.05,random,,test,reactions_3526,
0.05,random,,test,reactions_441,
0.05,random,,test,reactions_3713,
0.05,random,,test,reactions_634,
0.05,random,,test,reactions_3300,
0.05,random,,test,reactions_1394,
0.05,random,,test,reactions_643,
0.05,random,,test,reactions_1901,
0.05,random,,test,reactions_2465,
0.05,random,,test,reactions_2501,
0.05,random,,test,reactions_82,
0.05,random,,test,reactions_3909,
0.05,random,,test,reactions_821,
0.05,random,,test,reactions_433,
0.05,random,,test,reactions_1395,
0.05,random,,test,reactions_2360,
0.05,random,,test,reactions_2922,
0.05,random,,test,reactions_451,
0.05,random,,test,reactions_3125,
0.05,random,,test,reactions_1611,
0.05,random,,test,reactions_3415,
0.05,random,,test,reactions_1565,
0.05,random,,test,reactions_3340,
0.05,random,,test,reactions_722,
0.05,random,,test,reactions_2155,
0.05,random,,test,reactions_1147,
0.05,random,,test,reactions_2937,
0.05,random,,test,reactions_1421,
0.05,random,,test,reactions_3949,
0.05,random,,test,reactions_534,
0.05,random,,test,reactions_2779,
0.05,random,,test,reactions_1409,
0.05,random,,test,reactions_106,
0.05,random,,test,reactions_2315,
0.05,random,,test,reactions_1372,
0.05,random,,test,reactions_3263,
0.05,random,,test,reactions_3815,
0.05,random,,test,reactions_979,
0.05,random,,test,reactions_3801,
0.05,random,,test,reactions_2088,
0.05,random,,test,reactions_340,
0.05,random,,test,reactions_962,
0.05,random,,test,reactions_3261,
0.05,random,,test,reactions_3476,
0.05,random,,test,reactions_526,
0.05,random,,test,reactions_2238,
0.05,random,,test,reactions_3160,
0.05,random,,test,reactions_733,
0.05,random,,test,reactions_1508,
0.05,random,,test,reactions_6,
0.05,random,,test,reactions_1622,
0.05,random,,test,reactions_3772,
0.05,random,,test,reactions_3505,
0.05,random,,test,reactions_443,
0.05,random,,test,reactions_1354,
0.05,random,,test,reactions_862,
0.05,random,,test,reactions_1410,
0.05,random,,test,reactions_1357,
0.05,random,,test,reactions_1384,
0.05,random,,test,reactions_3663,
0.05,random,,test,reactions_1529,
0.05,random,,test,reactions_1325,
0.05,random,,test,reactions_3448,
0.05,random,,test,reactions_2927,
0.05,random,,test,reactions_3187,
0.05,random,,test,reactions_1195,
0.05,random,,test,reactions_852,
0.05,random,,test,reactions_3196,
0.05,random,,test,reactions_302,
0.05,random,,test,reactions_3688,
0.05,random,,test,reactions_1627,
0.05,random,,test,reactions_1736,
0.05,random,,test,reactions_1811,
0.05,random,,test,reactions_2036,
0.05,random,,test,reactions_64,
0.05,random,,test,reactions_1533,
0.05,random,,test,reactions_719,
0.05,random,,test,reactions_1624,
0.05,random,,test,reactions_1246,
0.05,random,,test,reactions_999,
0.05,random,,test,reactions_1993,
0.05,random,,test,reactions_2703,
0.05,random,,test,reactions_3184,
0.05,random,,test,reactions_1500,
0.05,random,,test,reactions_1509,
0.05,random,,test,reactions_2378,
0.05,random,,test,reactions_280,
0.05,random,,test,reactions_278,
0.05,random,,test,reactions_2968,
0.05,random,,test,reactions_350,
0.05,random,,test,reactions_2016,
0.05,random,,test,reactions_3912,
0.05,random,,test,reactions_1212,
0.05,random,,test,reactions_66,
0.05,random,,test,reactions_50,
0.05,random,,test,reactions_3684,
0.05,random,,test,reactions_3656,
0.05,random,,test,reactions_3142,
0.05,random,,test,reactions_411,
0.05,random,,test,reactions_690,
0.05,random,,test,reactions_1662,
0.05,random,,test,reactions_2226,
0.05,random,,test,reactions_3809,
0.05,random,,test,reactions_535,
0.05,random,,test,reactions_2166,
0.05,random,,test,reactions_3659,
0.05,random,,test,reactions_2421,
0.05,random,,test,reactions_3083,
0.05,random,,test,reactions_2677,
0.05,random,,test,reactions_2870,
0.05,random,,test,reactions_670,
0.05,random,,test,reactions_2112,
0.05,random,,test,reactions_736,
0.05,random,,test,reactions_3000,
0.05,random,,test,reactions_1525,
0.05,random,,test,reactions_3074,
0.05,random,,test,reactions_43,
0.05,random,,test,reactions_1659,
0.05,random,,test,reactions_3602,
0.05,random,,test,reactions_168,
0.05,random,,test,reactions_2858,
0.05,random,,test,reactions_3149,
0.05,random,,test,reactions_2362,
0.05,random,,test,reactions_2345,
0.05,random,,test,reactions_1527,
0.05,random,,test,reactions_491,
0.05,random,,test,reactions_3793,
0.05,random,,test,reactions_2592,
0.05,random,,test,reactions_642,
0.05,random,,test,reactions_291,
0.05,random,,test,reactions_2666,
0.05,random,,test,reactions_3363,
0.05,random,,test,reactions_1988,
0.05,random,,test,reactions_2828,
0.05,random,,test,reactions_2959,
0.05,random,,test,reactions_2261,
0.05,random,,test,reactions_3028,
0.05,random,,test,reactions_556,
0.05,random,,test,reactions_1059,
0.05,random,,test,reactions_2721,
0.05,random,,test,reactions_2366,
0.05,random,,test,reactions_1082,
0.05,random,,test,reactions_1816,
0.05,random,,test,reactions_536,
0.05,random,,test,reactions_1957,
0.05,random,,test,reactions_1297,
0.05,random,,test,reactions_1040,
0.05,random,,test,reactions_2481,
0.05,random,,test,reactions_1528,
0.05,random,,test,reactions_829,
0.05,random,,test,reactions_2670,
0.05,random,,test,reactions_1162,
0.05,random,,test,reactions_1727,
0.05,random,,test,reactions_2336,
0.05,random,,test,reactions_2500,
0.05,random,,test,reactions_1014,
0.05,random,,test,reactions_529,
0.05,random,,test,reactions_2349,
0.05,random,,test,reactions_753,
0.05,random,,test,reactions_2671,
0.05,random,,test,reactions_996,
0.05,random,,test,reactions_1220,
0.05,random,,test,reactions_2083,
0.05,random,,test,reactions_287,
0.05,random,,test,reactions_315,
0.05,random,,test,reactions_1995,
0.05,random,,test,reactions_3620,
0.05,random,,test,reactions_334,
0.05,random,,test,reactions_183,
0.05,random,,test,reactions_2098,
0.05,random,,test,reactions_3591,
0.05,random,,test,reactions_2151,
0.05,random,,test,reactions_688,
0.05,random,,test,reactions_3724,
0.05,random,,test,reactions_42,
0.05,random,,test,reactions_3626,
0.05,random,,test,reactions_3439,
0.05,random,,test,reactions_3607,
0.05,random,,test,reactions_276,
0.05,random,,test,reactions_676,
0.05,random,,test,reactions_1857,
0.05,random,,test,reactions_3376,
0.05,random,,test,reactions_1138,
0.05,random,,test,reactions_750,
0.05,random,,test,reactions_909,
0.05,random,,test,reactions_438,
0.05,random,,test,reactions_492,
0.05,random,,test,reactions_1551,
0.05,random,,test,reactions_2190,
0.05,random,,test,reactions_707,
0.05,random,,test,reactions_1573,
0.05,random,,test,reactions_1634,
0.05,random,,test,reactions_3022,
0.05,random,,test,reactions_1673,
0.1,random,,train,reactions_149,
0.1,random,,train,reactions_3643,
0.1,random,,train,reactions_2792,
0.1,random,,train,reactions_2912,
0.1,random,,train,reactions_480,
0.1,random,,train,reactions_1228,
0.1,random,,train,reactions_913,
0.1,random,,train,reactions_1749,
0.1,random,,train,reactions_2320,
0.1,random,,train,reactions_2242,
0.1,random,,train,reactions_879,
0.1,random,,train,reactions_1232,
0.1,random,,train,reactions_2739,
0.1,random,,train,reactions_2605,
0.1,random,,train,reactions_834,
0.1,random,,train,reactions_1873,
0.1,random,,train,reactions_2038,
0.1,random,,train,reactions_3907,
0.1,random,,train,reactions_3739,
0.1,random,,train,reactions_3712,
0.1,random,,train,reactions_2269,
0.1,random,,train,reactions_1304,
0.1,random,,train,reactions_1165,
0.1,random,,train,reactions_2558,
0.1,random,,train,reactions_1605,
0.1,random,,train,reactions_2037,
0.1,random,,train,reactions_3811,
0.1,random,,train,reactions_2946,
0.1,random,,train,reactions_587,
0.1,random,,train,reactions_3894,
0.1,random,,train,reactions_2930,
0.1,random,,train,reactions_427,
0.1,random,,train,reactions_3366,
0.1,random,,train,reactions_2051,
0.1,random,,train,reactions_3246,
0.1,random,,train,reactions_1606,
0.1,random,,train,reactions_1618,
0.1,random,,train,reactions_3008,
0.1,random,,train,reactions_3020,
0.1,random,,train,reactions_1884,
0.1,random,,train,reactions_3312,
0.1,random,,train,reactions_2207,
0.1,random,,train,reactions_1218,
0.1,random,,train,reactions_455,
0.1,random,,train,reactions_3925,
0.1,random,,train,reactions_284,
0.1,random,,train,reactions_3623,
0.1,random,,train,reactions_3346,
0.1,random,,train,reactions_1097,
0.1,random,,train,reactions_3007,
0.1,random,,train,reactions_3585,
0.1,random,,train,reactions_1932,
0.1,random,,train,reactions_3542,
0.1,random,,train,reactions_31,
0.1,random,,train,reactions_3392,
0.1,random,,train,reactions_1274,
0.1,random,,train,reactions_846,
0.1,random,,train,reactions_3427,
0.1,random,,train,reactions_468,
0.1,random,,train,reactions_3702,
0.1,random,,train,reactions_2339,
0.1,random,,train,reactions_895,
0.1,random,,train,reactions_2398,
0.1,random,,train,reactions_1591,
0.1,random,,train,reactions_3818,
0.1,random,,train,reactions_1638,
0.1,random,,train,reactions_726,
0.1,random,,train,reactions_2369,
0.1,random,,train,reactions_1188,
0.1,random,,train,reactions_698,
0.1,random,,train,reactions_142,
0.1,random,,train,reactions_2644,
0.1,random,,train,reactions_27,
0.1,random,,train,reactions_3718,
0.1,random,,train,reactions_2958,
0.1,random,,train,reactions_3890,
0.1,random,,train,reactions_2872,
0.1,random,,train,reactions_1834,
0.1,random,,train,reactions_3077,
0.1,random,,train,reactions_2563,
0.1,random,,train,reactions_1431,
0.1,random,,train,reactions_2663,
0.1,random,,train,reactions_2310,
0.1,random,,train,reactions_2949,
0.1,random,,train,reactions_3226,
0.1,random,,train,reactions_554,
0.1,random,,train,reactions_3262,
0.1,random,,train,reactions_2170,
0.1,random,,train,reactions_3705,
0.1,random,,train,reactions_3101,
0.1,random,,train,reactions_379,
0.1,random,,train,reactions_542,
0.1,random,,train,reactions_3734,
0.1,random,,train,reactions_2517,
0.1,random,,train,reactions_238,
0.1,random,,train,reactions_3072,
0.1,random,,train,reactions_413,
0.1,random,,train,reactions_2247,
0.1,random,,train,reactions_3370,
0.1,random,,train,reactions_1286,
0.1,random,,train,reactions_13,
0.1,random,,train,reactions_966,
0.1,random,,train,reactions_538,
0.1,random,,train,reactions_2983,
0.1,random,,train,reactions_230,
0.1,random,,train,reactions_2287,
0.1,random,,train,reactions_458,
0.1,random,,train,reactions_2290,
0.1,random,,train,reactions_2611,
0.1,random,,train,reactions_2715,
0.1,random,,train,reactions_3667,
0.1,random,,train,reactions_3845,
0.1,random,,train,reactions_2196,
0.1,random,,train,reactions_1923,
0.1,random,,train,reactions_2857,
0.1,random,,train,reactions_2668,
0.1,random,,train,reactions_3131,
0.1,random,,train,reactions_2205,
0.1,random,,train,reactions_3356,
0.1,random,,train,reactions_3709,
0.1,random,,train,reactions_3869,
0.1,random,,train,reactions_3207,
0.1,random,,train,reactions_777,
0.1,random,,train,reactions_143,
0.1,random,,train,reactions_3875,
0.1,random,,train,reactions_1420,
0.1,random,,train,reactions_1058,
0.1,random,,train,reactions_1667,
0.1,random,,train,reactions_657,
0.1,random,,train,reactions_2253,
0.1,random,,train,reactions_378,
0.1,random,,train,reactions_308,
0.1,random,,train,reactions_3755,
0.1,random,,train,reactions_32,
0.1,random,,train,reactions_139,
0.1,random,,train,reactions_961,
0.1,random,,train,reactions_1353,
0.1,random,,train,reactions_3138,
0.1,random,,train,reactions_1742,
0.1,random,,train,reactions_2342,
0.1,random,,train,reactions_1983,
0.1,random,,train,reactions_865,
0.1,random,,train,reactions_3107,
0.1,random,,train,reactions_3737,
0.1,random,,train,reactions_3353,
0.1,random,,train,reactions_1464,
0.1,random,,train,reactions_3762,
0.1,random,,train,reactions_2595,
0.1,random,,train,reactions_1495,
0.1,random,,train,reactions_745,
0.1,random,,train,reactions_2396,
0.1,random,,train,reactions_545,
0.1,random,,train,reactions_2603,
0.1,random,,train,reactions_135,
0.1,random,,train,reactions_2645,
0.1,random,,train,reactions_3641,
0.1,random,,train,reactions_2809,
0.1,random,,train,reactions_249,
0.1,random,,train,reactions_3202,
0.1,random,,train,reactions_394,
0.1,random,,train,reactions_2537,
0.1,random,,train,reactions_592,
0.1,random,,train,reactions_3598,
0.1,random,,train,reactions_770,
0.1,random,,train,reactions_2056,
0.1,random,,train,reactions_1566,
0.1,random,,train,reactions_3596,
0.1,random,,train,reactions_92,
0.1,random,,train,reactions_3275,
0.1,random,,train,reactions_2902,
0.1,random,,train,reactions_2589,
0.1,random,,train,reactions_1538,
0.1,random,,train,reactions_7,
0.1,random,,train,reactions_2910,
0.1,random,,train,reactions_1927,
0.1,random,,train,reactions_1207,
0.1,random,,train,reactions_813,
0.1,random,,train,reactions_147,
0.1,random,,train,reactions_3351,
0.1,random,,train,reactions_1640,
0.1,random,,train,reactions_3636,
0.1,random,,train,reactions_2759,
0.1,random,,train,reactions_3364,
0.1,random,,train,reactions_3003,
0.1,random,,train,reactions_1418,
0.1,random,,train,reactions_2641,
0.1,random,,train,reactions_994,
0.1,random,,train,reactions_3557,
0.1,random,,train,reactions_384,
0.1,random,,train,reactions_1302,
0.1,random,,train,reactions_1258,
0.1,random,,train,reactions_682,
0.1,random,,train,reactions_2177,
0.1,random,,train,reactions_3407,
0.1,random,,train,reactions_925,
0.1,random,,train,reactions_351,
0.1,random,,train,reactions_2942,
0.1,random,,train,reactions_329,
0.1,random,,train,reactions_1864,
0.1,random,,train,reactions_3544,
0.1,random,,train,reactions_2784,
0.1,random,,train,reactions_47,
0.1,random,,train,reactions_2202,
0.1,random,,train,reactions_1844,
0.1,random,,train,reactions_1389,
0.1,random,,train,reactions_2899,
0.1,random,,train,reactions_1209,
0.1,random,,train,reactions_3843,
0.1,random,,train,reactions_3886,
0.1,random,,train,reactions_2431,
0.1,random,,train,reactions_924,
0.1,random,,train,reactions_157,
0.1,random,,train,reactions_720,
0.1,random,,train,reactions_422,
0.1,random,,train,reactions_2128,
0.1,random,,train,reactions_3318,
0.1,random,,train,reactions_1278,
0.1,random,,train,reactions_2459,
0.1,random,,train,reactions_1991,
0.1,random,,train,reactions_1338,
0.1,random,,train,reactions_2879,
0.1,random,,train,reactions_3924,
0.1,random,,train,reactions_3320,
0.1,random,,train,reactions_3754,
0.1,random,,train,reactions_1341,
0.1,random,,train,reactions_3256,
0.1,random,,train,reactions_3856,
0.1,random,,train,reactions_3303,
0.1,random,,train,reactions_2447,
0.1,random,,train,reactions_1226,
0.1,random,,train,reactions_686,
0.1,random,,train,reactions_1552,
0.1,random,,train,reactions_1688,
0.1,random,,train,reactions_2631,
0.1,random,,train,reactions_986,
0.1,random,,train,reactions_2388,
0.1,random,,train,reactions_1687,
0.1,random,,train,reactions_2293,
0.1,random,,train,reactions_1714,
0.1,random,,train,reactions_2027,
0.1,random,,train,reactions_3235,
0.1,random,,train,reactions_3124,
0.1,random,,train,reactions_2308,
0.1,random,,train,reactions_88,
0.1,random,,train,reactions_1937,
0.1,random,,train,reactions_401,
0.1,random,,train,reactions_2612,
0.1,random,,train,reactions_1273,
0.1,random,,train,reactions_553,
0.1,random,,train,reactions_1406,
0.1,random,,train,reactions_3181,
0.1,random,,train,reactions_2024,
0.1,random,,train,reactions_1704,
0.1,random,,train,reactions_2080,
0.1,random,,train,reactions_3810,
0.1,random,,train,reactions_3936,
0.1,random,,train,reactions_660,
0.1,random,,train,reactions_3368,
0.1,random,,train,reactions_521,
0.1,random,,train,reactions_1907,
0.1,random,,train,reactions_1160,
0.1,random,,train,reactions_1095,
0.1,random,,train,reactions_1491,
0.1,random,,train,reactions_1451,
0.1,random,,train,reactions_1121,
0.1,random,,train,reactions_607,
0.1,random,,train,reactions_2921,
0.1,random,,train,reactions_849,
0.1,random,,train,reactions_818,
0.1,random,,train,reactions_54,
0.1,random,,train,reactions_3835,
0.1,random,,train,reactions_3321,
0.1,random,,train,reactions_2099,
0.1,random,,train,reactions_2412,
0.1,random,,train,reactions_2085,
0.1,random,,train,reactions_2877,
0.1,random,,train,reactions_2193,
0.1,random,,train,reactions_2048,
0.1,random,,train,reactions_995,
0.1,random,,train,reactions_3678,
0.1,random,,train,reactions_3002,
0.1,random,,train,reactions_1822,
0.1,random,,train,reactions_3534,
0.1,random,,train,reactions_622,
0.1,random,,train,reactions_3492,
0.1,random,,train,reactions_1996,
0.1,random,,train,reactions_2484,
0.1,random,,train,reactions_304,
0.1,random,,train,reactions_3255,
0.1,random,,train,reactions_2882,
0.1,random,,train,reactions_929,
0.1,random,,train,reactions_1563,
0.1,random,,train,reactions_2505,
0.1,random,,train,reactions_2067,
0.1,random,,train,reactions_2209,
0.1,random,,train,reactions_1351,
0.1,random,,train,reactions_2231,
0.1,random,,train,reactions_2258,
0.1,random,,train,reactions_1056,
0.1,random,,train,reactions_2896,
0.1,random,,train,reactions_3640,
0.1,random,,train,reactions_3193,
0.1,random,,train,reactions_205,
0.1,random,,train,reactions_3042,
0.1,random,,train,reactions_2793,
0.1,random,,train,reactions_509,
0.1,random,,train,reactions_1948,
0.1,random,,train,reactions_763,
0.1,random,,train,reactions_1413,
0.1,random,,train,reactions_123,
0.1,random,,train,reactions_2400,
0.1,random,,train,reactions_2688,
0.1,random,,train,reactions_1515,
0.1,random,,train,reactions_2075,
0.1,random,,train,reactions_3148,
0.1,random,,train,reactions_3326,
0.1,random,,valid,reactions_2803,
0.1,random,,valid,reactions_1842,
0.1,random,,valid,reactions_2906,
0.1,random,,valid,reactions_2208,
0.1,random,,valid,reactions_3594,
0.1,random,,valid,reactions_2887,
0.1,random,,valid,reactions_1250,
0.1,random,,valid,reactions_3178,
0.1,random,,valid,reactions_497,
0.1,random,,valid,reactions_3906,
0.1,random,,valid,reactions_3163,
0.1,random,,valid,reactions_1348,
0.1,random,,valid,reactions_3826,
0.1,random,,valid,reactions_3113,
0.1,random,,valid,reactions_387,
0.1,random,,valid,reactions_871,
0.1,random,,valid,reactions_2755,
0.1,random,,valid,reactions_115,
0.1,random,,valid,reactions_3730,
0.1,random,,valid,reactions_527,
0.1,random,,valid,reactions_1998,
0.1,random,,valid,reactions_2763,
0.1,random,,valid,reactions_3213,
0.1,random,,valid,reactions_189,
0.1,random,,valid,reactions_2967,
0.1,random,,valid,reactions_2535,
0.1,random,,valid,reactions_3045,
0.1,random,,valid,reactions_2639,
0.1,random,,valid,reactions_825,
0.1,random,,valid,reactions_1229,
0.1,random,,valid,reactions_1754,
0.1,random,,valid,reactions_1585,
0.1,random,,valid,reactions_359,
0.1,random,,valid,reactions_2545,
0.1,random,,valid,reactions_1879,
0.1,random,,valid,reactions_2823,
0.1,random,,valid,reactions_1201,
0.1,random,,valid,reactions_3570,
0.1,random,,valid,reactions_1710,
0.1,random,,valid,reactions_1380,
0.1,random,,valid,reactions_86,
0.1,random,,valid,reactions_1300,
0.1,random,,valid,reactions_1941,
0.1,random,,valid,reactions_160,
0.1,random,,valid,reactions_889,
0.1,random,,valid,reactions_2978,
0.1,random,,valid,reactions_3064,
0.1,random,,valid,reactions_3123,
0.1,random,,valid,reactions_3896,
0.1,random,,valid,reactions_2422,
0.1,random,,valid,reactions_2044,
0.1,random,,valid,reactions_2454,
0.1,random,,valid,reactions_990,
0.1,random,,valid,reactions_1033,
0.1,random,,valid,reactions_3914,
0.1,random,,valid,reactions_2433,
0.1,random,,valid,reactions_1009,
0.1,random,,valid,reactions_1435,
0.1,random,,valid,reactions_1323,
0.1,random,,valid,reactions_1735,
0.1,random,,valid,reactions_1597,
0.1,random,,valid,reactions_1898,
0.1,random,,valid,reactions_802,
0.1,random,,valid,reactions_621,
0.1,random,,valid,reactions_902,
0.1,random,,valid,reactions_3797,
0.1,random,,valid,reactions_3590,
0.1,random,,valid,reactions_1878,
0.1,random,,valid,reactions_2138,
0.1,random,,valid,reactions_795,
0.1,random,,valid,reactions_3945,
0.1,random,,valid,reactions_3716,
0.1,random,,valid,reactions_2840,
0.1,random,,valid,reactions_606,
0.1,random,,valid,reactions_3394,
0.1,random,,valid,reactions_2001,
0.1,random,,valid,reactions_1557,
0.1,random,,valid,reactions_156,
0.1,random,,valid,reactions_3010,
0.1,random,,valid,reactions_991,
0.1,random,,valid,reactions_272,
0.1,random,,valid,reactions_3758,
0.1,random,,valid,reactions_2736,
0.1,random,,valid,reactions_3721,
0.1,random,,valid,reactions_2352,
0.1,random,,valid,reactions_2974,
0.1,random,,valid,reactions_184,
0.1,random,,valid,reactions_2701,
0.1,random,,valid,reactions_2513,
0.1,random,,valid,reactions_479,
0.1,random,,valid,reactions_1449,
0.1,random,,valid,reactions_715,
0.1,random,,valid,reactions_578,
0.1,random,,valid,reactions_3938,
0.1,random,,valid,reactions_125,
0.1,random,,valid,reactions_60,
0.1,random,,valid,reactions_376,
0.1,random,,valid,reactions_2103,
0.1,random,,valid,reactions_1579,
0.1,random,,valid,reactions_2047,
0.1,random,,valid,reactions_483,
0.1,random,,valid,reactions_3055,
0.1,random,,valid,reactions_709,
0.1,random,,valid,reactions_1234,
0.1,random,,valid,reactions_577,
0.1,random,,valid,reactions_3759,
0.1,random,,valid,reactions_3436,
0.1,random,,valid,reactions_904,
0.1,random,,valid,reactions_598,
0.1,random,,valid,reactions_3012,
0.1,random,,valid,reactions_1577,
0.1,random,,valid,reactions_3927,
0.1,random,,valid,reactions_833,
0.1,random,,valid,reactions_2807,
0.1,random,,valid,reactions_3247,
0.1,random,,valid,reactions_1550,
0.1,random,,valid,reactions_3523,
0.1,random,,valid,reactions_645,
0.1,random,,valid,reactions_585,
0.1,random,,valid,reactions_651,
0.1,random,,valid,reactions_2682,
0.1,random,,valid,reactions_2095,
0.1,random,,valid,reactions_1083,
0.1,random,,valid,reactions_1721,
0.1,random,,valid,reactions_566,
0.1,random,,valid,reactions_1718,
0.1,random,,valid,reactions_1570,
0.1,random,,valid,reactions_1051,
0.1,random,,valid,reactions_2210,
0.1,random,,valid,reactions_2992,
0.1,random,,valid,reactions_2719,
0.1,random,,valid,reactions_3842,
0.1,random,,valid,reactions_3241,
0.1,random,,valid,reactions_400,
0.1,random,,valid,reactions_2761,
0.1,random,,valid,reactions_3245,
0.1,random,,valid,reactions_3477,
0.1,random,,valid,reactions_888,
0.1,random,,valid,reactions_38,
0.1,random,,valid,reactions_2862,
0.1,random,,valid,reactions_1828,
0.1,random,,valid,reactions_3217,
0.1,random,,valid,reactions_1757,
0.1,random,,valid,reactions_2461,
0.1,random,,valid,reactions_3509,
0.1,random,,valid,reactions_2237,
0.1,random,,valid,reactions_138,
0.1,random,,valid,reactions_617,
0.1,random,,valid,reactions_1746,
0.1,random,,valid,reactions_1016,
0.1,random,,valid,reactions_3500,
0.1,random,,valid,reactions_2275,
0.1,random,,valid,reactions_3921,
0.1,random,,valid,reactions_2314,
0.1,random,,valid,reactions_1737,
0.1,random,,valid,reactions_3342,
0.1,random,,valid,reactions_3658,
0.1,random,,valid,reactions_528,
0.1,random,,valid,reactions_352,
0.1,random,,valid,reactions_1199,
0.1,random,,valid,reactions_1516,
0.1,random,,valid,reactions_206,
0.1,random,,valid,reactions_1180,
0.1,random,,valid,reactions_1595,
0.1,random,,valid,reactions_3001,
0.1,random,,valid,reactions_560,
0.1,random,,valid,reactions_3222,
0.1,random,,valid,reactions_1532,
0.1,random,,valid,reactions_571,
0.1,random,,valid,reactions_2673,
0.1,random,,valid,reactions_212,
0.1,random,,valid,reactions_1953,
0.1,random,,valid,reactions_3795,
0.1,random,,valid,reactions_2052,
0.1,random,,valid,reactions_3782,
0.1,random,,valid,reactions_3595,
0.1,random,,valid,reactions_1729,
0.1,random,,valid,reactions_1943,
0.1,random,,valid,reactions_3617,
0.1,random,,valid,reactions_1617,
0.1,random,,valid,reactions_1120,
0.1,random,,valid,reactions_2980,
0.1,random,,valid,reactions_1382,
0.1,random,,valid,reactions_2487,
0.1,random,,valid,reactions_2788,
0.1,random,,valid,reactions_2874,
0.1,random,,valid,reactions_3264,
0.1,random,,valid,reactions_346,
0.1,random,,valid,reactions_3329,
0.1,random,,valid,reactions_1951,
0.1,random,,valid,reactions_2694,
0.1,random,,valid,reactions_788,
0.1,random,,valid,reactions_146,
0.1,random,,valid,reactions_3069,
0.1,random,,valid,reactions_3691,
0.1,random,,valid,reactions_3571,
0.1,random,,valid,reactions_489,
0.1,random,,valid,reactions_563,
0.1,random,,valid,reactions_1115,
0.1,random,,valid,reactions_3437,
0.1,random,,valid,reactions_1466,
0.1,random,,valid,reactions_1794,
0.1,random,,valid,reactions_2633,
0.1,random,,valid,reactions_2157,
0.1,random,,valid,reactions_2453,
0.1,random,,valid,reactions_1971,
0.1,random,,valid,reactions_1363,
0.1,random,,valid,reactions_1093,
0.1,random,,valid,reactions_252,
0.1,random,,valid,reactions_985,
0.1,random,,valid,reactions_967,
0.1,random,,valid,reactions_2107,
0.1,random,,valid,reactions_3616,
0.1,random,,valid,reactions_3556,
0.1,random,,valid,reactions_691,
0.1,random,,valid,reactions_1734,
0.1,random,,valid,reactions_668,
0.1,random,,valid,reactions_288,
0.1,random,,valid,reactions_3768,
0.1,random,,valid,reactions_2781,
0.1,random,,valid,reactions_3248,
0.1,random,,valid,reactions_546,
0.1,random,,valid,reactions_3267,
0.1,random,,valid,reactions_2216,
0.1,random,,valid,reactions_161,
0.1,random,,valid,reactions_2660,
0.1,random,,valid,reactions_3589,
0.1,random,,valid,reactions_3807,
0.1,random,,valid,reactions_808,
0.1,random,,valid,reactions_59,
0.1,random,,valid,reactions_463,
0.1,random,,valid,reactions_2971,
0.1,random,,valid,reactions_1803,
0.1,random,,valid,reactions_1350,
0.1,random,,valid,reactions_1580,
0.1,random,,valid,reactions_262,
0.1,random,,valid,reactions_399,
0.1,random,,valid,reactions_3689,
0.1,random,,valid,reactions_191,
0.1,random,,valid,reactions_765,
0.1,random,,valid,reactions_2610,
0.1,random,,valid,reactions_2624,
0.1,random,,valid,reactions_460,
0.1,random,,valid,reactions_3576,
0.1,random,,valid,reactions_3068,
0.1,random,,valid,reactions_163,
0.1,random,,valid,reactions_2854,
0.1,random,,valid,reactions_2686,
0.1,random,,valid,reactions_2472,
0.1,random,,valid,reactions_504,
0.1,random,,valid,reactions_1260,
0.1,random,,valid,reactions_1024,
0.1,random,,valid,reactions_2329,
0.1,random,,valid,reactions_3722,
0.1,random,,valid,reactions_3115,
0.1,random,,valid,reactions_2148,
0.1,random,,valid,reactions_3926,
0.1,random,,valid,reactions_1318,
0.1,random,,valid,reactions_3536,
0.1,random,,valid,reactions_2918,
0.1,random,,valid,reactions_2904,
0.1,random,,valid,reactions_2227,
0.1,random,,valid,reactions_1541,
0.1,random,,valid,reactions_1810,
0.1,random,,valid,reactions_3932,
0.1,random,,valid,reactions_367,
0.1,random,,valid,reactions_1862,
0.1,random,,valid,reactions_1254,
0.1,random,,valid,reactions_1378,
0.1,random,,valid,reactions_1733,
0.1,random,,valid,reactions_708,
0.1,random,,valid,reactions_1837,
0.1,random,,valid,reactions_2133,
0.1,random,,valid,reactions_2710,
0.1,random,,valid,reactions_3918,
0.1,random,,valid,reactions_2608,
0.1,random,,valid,reactions_3941,
0.1,random,,valid,reactions_2938,
0.1,random,,valid,reactions_2408,
0.1,random,,valid,reactions_3162,
0.1,random,,valid,reactions_3355,
0.1,random,,valid,reactions_2571,
0.1,random,,valid,reactions_2819,
0.1,random,,valid,reactions_439,
0.1,random,,valid,reactions_3233,
0.1,random,,valid,reactions_3147,
0.1,random,,valid,reactions_3506,
0.1,random,,valid,reactions_3387,
0.1,random,,valid,reactions_2249,
0.1,random,,valid,reactions_1276,
0.1,random,,valid,reactions_2306,
0.1,random,,valid,reactions_1066,
0.1,random,,valid,reactions_806,
0.1,random,,valid,reactions_296,
0.1,random,,valid,reactions_747,
0.1,random,,valid,reactions_424,
0.1,random,,valid,reactions_119,
0.1,random,,valid,reactions_3410,
0.1,random,,valid,reactions_3468,
0.1,random,,valid,reactions_1843,
0.1,random,,valid,reactions_3130,
0.1,random,,valid,reactions_2264,
0.1,random,,valid,reactions_3725,
0.1,random,,valid,reactions_1554,
0.1,random,,valid,reactions_55,
0.1,random,,valid,reactions_3638,
0.1,random,,valid,reactions_2062,
0.1,random,,valid,reactions_1215,
0.1,random,,valid,reactions_1295,
0.1,random,,valid,reactions_1239,
0.1,random,,valid,reactions_447,
0.1,random,,valid,reactions_1309,
0.1,random,,valid,reactions_782,
0.1,random,,valid,reactions_3515,
0.1,random,,valid,reactions_2424,
0.1,random,,valid,reactions_1124,
0.1,random,,valid,reactions_2188,
0.1,random,,valid,reactions_2687,
0.1,random,,valid,reactions_398,
0.1,random,,valid,reactions_2012,
0.1,random,,valid,reactions_963,
0.1,random,,valid,reactions_321,
0.1,random,,valid,reactions_2295,
0.1,random,,valid,reactions_3096,
0.1,random,,valid,reactions_2240,
0.1,random,,valid,reactions_265,
0.1,random,,valid,reactions_3813,
0.1,random,,valid,reactions_2514,
0.1,random,,valid,reactions_3849,
0.1,random,,valid,reactions_3496,
0.1,random,,valid,reactions_3507,
0.1,random,,valid,reactions_3327,
0.1,random,,valid,reactions_2744,
0.1,random,,valid,reactions_326,
0.1,random,,valid,reactions_1942,
0.1,random,,valid,reactions_2530,
0.1,random,,valid,reactions_3838,
0.1,random,,valid,reactions_1545,
0.1,random,,valid,reactions_931,
0.1,random,,valid,reactions_1287,
0.1,random,,valid,reactions_3009,
0.1,random,,valid,reactions_2291,
0.1,random,,valid,reactions_1670,
0.1,random,,valid,reactions_2855,
0.1,random,,valid,reactions_2646,
0.1,random,,valid,reactions_3489,
0.1,random,,valid,reactions_2829,
0.1,random,,valid,reactions_1776,
0.1,random,,valid,reactions_988,
0.1,random,,valid,reactions_516,
0.1,random,,valid,reactions_2643,
0.1,random,,valid,reactions_3537,
0.1,random,,valid,reactions_3530,
0.1,random,,valid,reactions_2043,
0.1,random,,valid,reactions_1128,
0.1,random,,valid,reactions_415,
0.1,random,,valid,reactions_1352,
0.1,random,,valid,reactions_3177,
0.1,random,,valid,reactions_2154,
0.1,random,,valid,reactions_916,
0.1,random,,valid,reactions_1747,
0.1,random,,valid,reactions_486,
0.1,random,,valid,reactions_3791,
0.1,random,,valid,reactions_2492,
0.1,random,,valid,reactions_2259,
0.1,random,,valid,reactions_3834,
0.1,random,,valid,reactions_3104,
0.1,random,,valid,reactions_939,
0.1,random,,valid,reactions_2276,
0.1,random,,valid,reactions_2432,
0.1,random,,valid,reactions_1279,
0.1,random,,valid,reactions_887,
0.1,random,,valid,reactions_1042,
0.1,random,,valid,reactions_3004,
0.1,random,,valid,reactions_3097,
0.1,random,,valid,reactions_1950,
0.1,random,,valid,reactions_356,
0.1,random,,valid,reactions_3301,
0.1,random,,valid,reactions_1403,
0.1,random,,valid,reactions_271,
0.1,random,,valid,reactions_837,
0.1,random,,valid,reactions_927,
0.1,random,,valid,reactions_2617,
0.1,random,,valid,reactions_2509,
0.1,random,,valid,reactions_2758,
0.1,random,,valid,reactions_2068,
0.1,random,,valid,reactions_1187,
0.1,random,,valid,reactions_2065,
0.1,random,,valid,reactions_1090,
0.1,random,,valid,reactions_2357,
0.1,random,,valid,reactions_3359,
0.1,random,,valid,reactions_3398,
0.1,random,,valid,reactions_2122,
0.1,random,,valid,reactions_1100,
0.1,random,,valid,reactions_53,
0.1,random,,test,reactions_1553,
0.1,random,,test,reactions_1397,
0.1,random,,test,reactions_3058,
0.1,random,,test,reactions_3928,
0.1,random,,test,reactions_2782,
0.1,random,,test,reactions_1308,
0.1,random,,test,reactions_2935,
0.1,random,,test,reactions_1968,
0.1,random,,test,reactions_3858,
0.1,random,,test,reactions_1698,
0.1,random,,test,reactions_2864,
0.1,random,,test,reactions_2623,
0.1,random,,test,reactions_457,
0.1,random,,test,reactions_3614,
0.1,random,,test,reactions_2515,
0.1,random,,test,reactions_2707,
0.1,random,,test,reactions_3597,
0.1,random,,test,reactions_1174,
0.1,random,,test,reactions_1052,
0.1,random,,test,reactions_2298,
0.1,random,,test,reactions_1916,
0.1,random,,test,reactions_831,
0.1,random,,test,reactions_779,
0.1,random,,test,reactions_1317,
0.1,random,,test,reactions_3550,
0.1,random,,test,reactions_3338,
0.1,random,,test,reactions_228,
0.1,random,,test,reactions_248,
0.1,random,,test,reactions_2477,
0.1,random,,test,reactions_2770,
0.1,random,,test,reactions_1253,
0.1,random,,test,reactions_3610,
0.1,random,,test,reactions_1680,
0.1,random,,test,reactions_2219,
0.1,random,,test,reactions_1825,
0.1,random,,test,reactions_295,
0.1,random,,test,reactions_1047,
0.1,random,,test,reactions_3283,
0.1,random,,test,reactions_2799,
0.1,random,,test,reactions_90,
0.1,random,,test,reactions_662,
0.1,random,,test,reactions_1912,
0.1,random,,test,reactions_3221,
0.1,random,,test,reactions_3558,
0.1,random,,test,reactions_3269,
0.1,random,,test,reactions_2718,
0.1,random,,test,reactions_1159,
0.1,random,,test,reactions_1970,
0.1,random,,test,reactions_2573,
0.1,random,,test,reactions_2158,
0.1,random,,test,reactions_3140,
0.1,random,,test,reactions_495,
0.1,random,,test,reactions_2901,
0.1,random,,test,reactions_3812,
0.1,random,,test,reactions_2546,
0.1,random,,test,reactions_1738,
0.1,random,,test,reactions_3250,
0.1,random,,test,reactions_2883,
0.1,random,,test,reactions_2847,
0.1,random,,test,reactions_2568,
0.1,random,,test,reactions_2649,
0.1,random,,test,reactions_1650,
0.1,random,,test,reactions_3210,
0.1,random,,test,reactions_1562,
0.1,random,,test,reactions_605,
0.1,random,,test,reactions_817,
0.1,random,,test,reactions_2407,
0.1,random,,test,reactions_3796,
0.1,random,,test,reactions_1514,
0.1,random,,test,reactions_810,
0.1,random,,test,reactions_1881,
0.1,random,,test,reactions_3306,
0.1,random,,test,reactions_3182,
0.1,random,,test,reactions_3369,
0.1,random,,test,reactions_868,
0.1,random,,test,reactions_3485,
0.1,random,,test,reactions_1316,
0.1,random,,test,reactions_2230,
0.1,random,,test,reactions_3670,
0.1,random,,test,reactions_1897,
0.1,random,,test,reactions_2636,
0.1,random,,test,reactions_1787,
0.1,random,,test,reactions_2171,
0.1,random,,test,reactions_949,
0.1,random,,test,reactions_3478,
0.1,random,,test,reactions_392,
0.1,random,,test,reactions_2214,
0.1,random,,test,reactions_2498,
0.1,random,,test,reactions_3420,
0.1,random,,test,reactions_839,
0.1,random,,test,reactions_3282,
0.1,random,,test,reactions_402,
0.1,random,,test,reactions_2045,
0.1,random,,test,reactions_3546,
0.1,random,,test,reactions_1902,
0.1,random,,test,reactions_150,
0.1,random,,test,reactions_2943,
0.1,random,,test,reactions_3915,
0.1,random,,test,reactions_3143,
0.1,random,,test,reactions_1280,
0.1,random,,test,reactions_2086,
0.1,random,,test,reactions_429,
0.1,random,,test,reactions_1743,
0.1,random,,test,reactions_3067,
0.1,random,,test,reactions_2615,
0.1,random,,test,reactions_2818,
0.1,random,,test,reactions_3391,
0.1,random,,test,reactions_950,
0.1,random,,test,reactions_14,
0.1,random,,test,reactions_3395,
0.1,random,,test,reactions_1886,
0.1,random,,test,reactions_2776,
0.1,random,,test,reactions_3628,
0.1,random,,test,reactions_3608,
0.1,random,,test,reactions_1183,
0.1,random,,test,reactions_2848,
0.1,random,,test,reactions_96,
0.1,random,,test,reactions_2895,
0.1,random,,test,reactions_2397,
0.1,random,,test,reactions_2536,
0.1,random,,test,reactions_1200,
0.1,random,,test,reactions_1366,
0.1,random,,test,reactions_1118,
0.1,random,,test,reactions_1211,
0.1,random,,test,reactions_2549,
0.1,random,,test,reactions_3057,
0.1,random,,test,reactions_1288,
0.1,random,,test,reactions_2460,
0.1,random,,test,reactions_1282,
0.1,random,,test,reactions_1057,
0.1,random,,test,reactions_2365,
0.1,random,,test,reactions_2300,
0.1,random,,test,reactions_1008,
0.1,random,,test,reactions_3285,
0.1,random,,test,reactions_3711,
0.1,random,,test,reactions_3673,
0.1,random,,test,reactions_1531,
0.1,random,,test,reactions_3151,
0.1,random,,test,reactions_3313,
0.1,random,,test,reactions_845,
0.1,random,,test,reactions_761,
0.1,random,,test,reactions_2002,
0.1,random,,test,reactions_2425,
0.1,random,,test,reactions_3287,
0.1,random,,test,reactions_1574,
0.1,random,,test,reactions_1443,
0.1,random,,test,reactions_1955,
0.1,random,,test,reactions_3136,
0.1,random,,test,reactions_2319,
0.1,random,,test,reactions_3086,
0.1,random,,test,reactions_987,
0.1,random,,test,reactions_2837,
0.1,random,,test,reactions_1952,
0.1,random,,test,reactions_3565,
0.1,random,,test,reactions_162,
0.1,random,,test,reactions_2441,
0.1,random,,test,reactions_1241,
0.1,random,,test,reactions_2256,
0.1,random,,test,reactions_1631,
0.1,random,,test,reactions_3185,
0.1,random,,test,reactions_2556,
0.1,random,,test,reactions_1043,
0.1,random,,test,reactions_2714,
0.1,random,,test,reactions_2572,
0.1,random,,test,reactions_1182,
0.1,random,,test,reactions_894,
0.1,random,,test,reactions_2254,
0.1,random,,test,reactions_2384,
0.1,random,,test,reactions_459,
0.1,random,,test,reactions_3296,
0.1,random,,test,reactions_77,
0.1,random,,test,reactions_1603,
0.1,random,,test,reactions_1546,
0.1,random,,test,reactions_2411,
0.1,random,,test,reactions_3350,
0.1,random,,test,reactions_1535,
0.1,random,,test,reactions_1596,
0.1,random,,test,reactions_3874,
0.1,random,,test,reactions_2456,
0.1,random,,test,reactions_3882,
0.1,random,,test,reactions_3442,
0.1,random,,test,reactions_3026,
0.1,random,,test,reactions_1029,
0.1,random,,test,reactions_3167,
0.1,random,,test,reactions_2609,
0.1,random,,test,reactions_1506,
0.1,random,,test,reactions_500,
0.1,random,,test,reactions_324,
0.1,random,,test,reactions_94,
0.1,random,,test,reactions_863,
0.1,random,,test,reactions_3888,
0.1,random,,test,reactions_1023,
0.1,random,,test,reactions_1364,
0.1,random,,test,reactions_841,
0.1,random,,test,reactions_2812,
0.1,random,,test,reactions_1414,
0.1,random,,test,reactions_3470,
0.1,random,,test,reactions_565,
0.1,random,,test,reactions_2081,
0.1,random,,test,reactions_3459,
0.1,random,,test,reactions_365,
0.1,random,,test,reactions_2716,
0.1,random,,test,reactions_3526,
0.1,random,,test,reactions_441,
0.1,random,,test,reactions_3713,
0.1,random,,test,reactions_634,
0.1,random,,test,reactions_3300,
0.1,random,,test,reactions_1394,
0.1,random,,test,reactions_643,
0.1,random,,test,reactions_1901,
0.1,random,,test,reactions_2465,
0.1,random,,test,reactions_2501,
0.1,random,,test,reactions_82,
0.1,random,,test,reactions_3909,
0.1,random,,test,reactions_821,
0.1,random,,test,reactions_433,
0.1,random,,test,reactions_1395,
0.1,random,,test,reactions_2360,
0.1,random,,test,reactions_2922,
0.1,random,,test,reactions_451,
0.1,random,,test,reactions_3125,
0.1,random,,test,reactions_1611,
0.1,random,,test,reactions_3415,
0.1,random,,test,reactions_1565,
0.1,random,,test,reactions_3340,
0.1,random,,test,reactions_722,
0.1,random,,test,reactions_2155,
0.1,random,,test,reactions_1147,
0.1,random,,test,reactions_2937,
0.1,random,,test,reactions_1421,
0.1,random,,test,reactions_3949,
0.1,random,,test,reactions_534,
0.1,random,,test,reactions_2779,
0.1,random,,test,reactions_1409,
0.1,random,,test,reactions_106,
0.1,random,,test,reactions_2315,
0.1,random,,test,reactions_1372,
0.1,random,,test,reactions_3263,
0.1,random,,test,reactions_3815,
0.1,random,,test,reactions_979,
0.1,random,,test,reactions_3801,
0.1,random,,test,reactions_2088,
0.1,random,,test,reactions_340,
0.1,random,,test,reactions_962,
0.1,random,,test,reactions_3261,
0.1,random,,test,reactions_3476,
0.1,random,,test,reactions_526,
0.1,random,,test,reactions_2238,
0.1,random,,test,reactions_3160,
0.1,random,,test,reactions_733,
0.1,random,,test,reactions_1508,
0.1,random,,test,reactions_6,
0.1,random,,test,reactions_1622,
0.1,random,,test,reactions_3772,
0.1,random,,test,reactions_3505,
0.1,random,,test,reactions_443,
0.1,random,,test,reactions_1354,
0.1,random,,test,reactions_862,
0.1,random,,test,reactions_1410,
0.1,random,,test,reactions_1357,
0.1,random,,test,reactions_1384,
0.1,random,,test,reactions_3663,
0.1,random,,test,reactions_1529,
0.1,random,,test,reactions_1325,
0.1,random,,test,reactions_3448,
0.1,random,,test,reactions_2927,
0.1,random,,test,reactions_3187,
0.1,random,,test,reactions_1195,
0.1,random,,test,reactions_852,
0.1,random,,test,reactions_3196,
0.1,random,,test,reactions_302,
0.1,random,,test,reactions_3688,
0.1,random,,test,reactions_1627,
0.1,random,,test,reactions_1736,
0.1,random,,test,reactions_1811,
0.1,random,,test,reactions_2036,
0.1,random,,test,reactions_64,
0.1,random,,test,reactions_1533,
0.1,random,,test,reactions_719,
0.1,random,,test,reactions_1624,
0.1,random,,test,reactions_1246,
0.1,random,,test,reactions_999,
0.1,random,,test,reactions_1993,
0.1,random,,test,reactions_2703,
0.1,random,,test,reactions_3184,
0.1,random,,test,reactions_1500,
0.1,random,,test,reactions_1509,
0.1,random,,test,reactions_2378,
0.1,random,,test,reactions_280,
0.1,random,,test,reactions_278,
0.1,random,,test,reactions_2968,
0.1,random,,test,reactions_350,
0.1,random,,test,reactions_2016,
0.1,random,,test,reactions_3912,
0.1,random,,test,reactions_1212,
0.1,random,,test,reactions_66,
0.1,random,,test,reactions_50,
0.1,random,,test,reactions_3684,
0.1,random,,test,reactions_3656,
0.1,random,,test,reactions_3142,
0.1,random,,test,reactions_411,
0.1,random,,test,reactions_690,
0.1,random,,test,reactions_1662,
0.1,random,,test,reactions_2226,
0.1,random,,test,reactions_3809,
0.1,random,,test,reactions_535,
0.1,random,,test,reactions_2166,
0.1,random,,test,reactions_3659,
0.1,random,,test,reactions_2421,
0.1,random,,test,reactions_3083,
0.1,random,,test,reactions_2677,
0.1,random,,test,reactions_2870,
0.1,random,,test,reactions_670,
0.1,random,,test,reactions_2112,
0.1,random,,test,reactions_736,
0.1,random,,test,reactions_3000,
0.1,random,,test,reactions_1525,
0.1,random,,test,reactions_3074,
0.1,random,,test,reactions_43,
0.1,random,,test,reactions_1659,
0.1,random,,test,reactions_3602,
0.1,random,,test,reactions_168,
0.1,random,,test,reactions_2858,
0.1,random,,test,reactions_3149,
0.1,random,,test,reactions_2362,
0.1,random,,test,reactions_2345,
0.1,random,,test,reactions_1527,
0.1,random,,test,reactions_491,
0.1,random,,test,reactions_3793,
0.1,random,,test,reactions_2592,
0.1,random,,test,reactions_642,
0.1,random,,test,reactions_291,
0.1,random,,test,reactions_2666,
0.1,random,,test,reactions_3363,
0.1,random,,test,reactions_1988,
0.1,random,,test,reactions_2828,
0.1,random,,test,reactions_2959,
0.1,random,,test,reactions_2261,
0.1,random,,test,reactions_3028,
0.1,random,,test,reactions_556,
0.1,random,,test,reactions_1059,
0.1,random,,test,reactions_2721,
0.1,random,,test,reactions_2366,
0.1,random,,test,reactions_1082,
0.1,random,,test,reactions_1816,
0.1,random,,test,reactions_536,
0.1,random,,test,reactions_1957,
0.1,random,,test,reactions_1297,
0.1,random,,test,reactions_1040,
0.1,random,,test,reactions_2481,
0.1,random,,test,reactions_1528,
0.1,random,,test,reactions_829,
0.1,random,,test,reactions_2670,
0.1,random,,test,reactions_1162,
0.1,random,,test,reactions_1727,
0.1,random,,test,reactions_2336,
0.1,random,,test,reactions_2500,
0.1,random,,test,reactions_1014,
0.1,random,,test,reactions_529,
0.1,random,,test,reactions_2349,
0.1,random,,test,reactions_753,
0.1,random,,test,reactions_2671,
0.1,random,,test,reactions_996,
0.1,random,,test,reactions_1220,
0.1,random,,test,reactions_2083,
0.1,random,,test,reactions_287,
0.1,random,,test,reactions_315,
0.1,random,,test,reactions_1995,
0.1,random,,test,reactions_3620,
0.1,random,,test,reactions_334,
0.1,random,,test,reactions_183,
0.1,random,,test,reactions_2098,
0.1,random,,test,reactions_3591,
0.1,random,,test,reactions_2151,
0.1,random,,test,reactions_688,
0.1,random,,test,reactions_3724,
0.1,random,,test,reactions_42,
0.1,random,,test,reactions_3626,
0.1,random,,test,reactions_3439,
0.1,random,,test,reactions_3607,
0.1,random,,test,reactions_276,
0.1,random,,test,reactions_676,
0.1,random,,test,reactions_1857,
0.1,random,,test,reactions_3376,
0.1,random,,test,reactions_1138,
0.1,random,,test,reactions_750,
0.1,random,,test,reactions_909,
0.1,random,,test,reactions_438,
0.1,random,,test,reactions_492,
0.1,random,,test,reactions_1551,
0.1,random,,test,reactions_2190,
0.1,random,,test,reactions_707,
0.1,random,,test,reactions_1573,
0.1,random,,test,reactions_1634,
0.1,random,,test,reactions_3022,
0.1,random,,test,reactions_1673,
0.2,random,,train,reactions_154,
0.2,random,,train,reactions_1465,
0.2,random,,train,reactions_3169,
0.2,random,,train,reactions_3036,
0.2,random,,train,reactions_477,
0.2,random,,train,reactions_3693,
0.2,random,,train,reactions_807,
0.2,random,,train,reactions_232,
0.2,random,,train,reactions_1415,
0.2,random,,train,reactions_2123,
0.2,random,,train,reactions_832,
0.2,random,,train,reactions_406,
0.2,random,,train,reactions_768,
0.2,random,,train,reactions_1752,
0.2,random,,train,reactions_1102,
0.2,random,,train,reactions_648,
0.2,random,,train,reactions_2334,
0.2,random,,train,reactions_1931,
0.2,random,,train,reactions_860,
0.2,random,,train,reactions_3732,
0.2,random,,train,reactions_2004,
0.2,random,,train,reactions_454,
0.2,random,,train,reactions_1819,
0.2,random,,train,reactions_292,
0.2,random,,train,reactions_658,
0.2,random,,train,reactions_2749,
0.2,random,,train,reactions_3190,
0.2,random,,train,reactions_1641,
0.2,random,,train,reactions_3354,
0.2,random,,train,reactions_2691,
0.2,random,,train,reactions_2558,
0.2,random,,train,reactions_2834,
0.2,random,,train,reactions_2234,
0.2,random,,train,reactions_3893,
0.2,random,,train,reactions_1438,
0.2,random,,train,reactions_3331,
0.2,random,,train,reactions_231,
0.2,random,,train,reactions_1484,
0.2,random,,train,reactions_71,
0.2,random,,train,reactions_2987,
0.2,random,,train,reactions_1812,
0.2,random,,train,reactions_1405,
0.2,random,,train,reactions_2923,
0.2,random,,train,reactions_2056,
0.2,random,,train,reactions_266,
0.2,random,,train,reactions_3469,
0.2,random,,train,reactions_1069,
0.2,random,,train,reactions_597,
0.2,random,,train,reactions_171,
0.2,random,,train,reactions_3681,
0.2,random,,train,reactions_3260,
0.2,random,,train,reactions_3910,
0.2,random,,train,reactions_2269,
0.2,random,,train,reactions_3396,
0.2,random,,train,reactions_1576,
0.2,random,,train,reactions_883,
0.2,random,,train,reactions_3219,
0.2,random,,train,reactions_2059,
0.2,random,,train,reactions_33,
0.2,random,,train,reactions_3952,
0.2,random,,train,reactions_3580,
0.2,random,,train,reactions_1305,
0.2,random,,train,reactions_1635,
0.2,random,,train,reactions_2994,
0.2,random,,train,reactions_1600,
0.2,random,,train,reactions_74,
0.2,random,,train,reactions_1474,
0.2,random,,train,reactions_268,
0.2,random,,train,reactions_730,
0.2,random,,train,reactions_28,
0.2,random,,train,reactions_933,
0.2,random,,train,reactions_2907,
0.2,random,,train,reactions_543,
0.2,random,,train,reactions_2159,
0.2,random,,train,reactions_2926,
0.2,random,,train,reactions_249,
0.2,random,,train,reactions_3457,
0.2,random,,train,reactions_2189,
0.2,random,,train,reactions_76,
0.2,random,,train,reactions_3266,
0.2,random,,train,reactions_675,
0.2,random,,train,reactions_1153,
0.2,random,,train,reactions_3880,
0.2,random,,train,reactions_67,
0.2,random,,train,reactions_1797,
0.2,random,,train,reactions_1836,
0.2,random,,train,reactions_1782,
0.2,random,,train,reactions_2817,
0.2,random,,train,reactions_3063,
0.2,random,,train,reactions_2200,
0.2,random,,train,reactions_1731,
0.2,random,,train,reactions_159,
0.2,random,,train,reactions_3065,
0.2,random,,train,reactions_975,
0.2,random,,train,reactions_772,
0.2,random,,train,reactions_3728,
0.2,random,,train,reactions_3665,
0.2,random,,train,reactions_1266,
0.2,random,,train,reactions_2700,
0.2,random,,train,reactions_8,
0.2,random,,train,reactions_2590,
0.2,random,,train,reactions_619,
0.2,random,,train,reactions_127,
0.2,random,,train,reactions_1669,
0.2,random,,train,reactions_796,
0.2,random,,train,reactions_2667,
0.2,random,,train,reactions_1499,
0.2,random,,train,reactions_251,
0.2,random,,train,reactions_1830,
0.2,random,,train,reactions_2410,
0.2,random,,train,reactions_1140,
0.2,random,,train,reactions_3293,
0.2,random,,train,reactions_300,
0.2,random,,train,reactions_1340,
0.2,random,,train,reactions_554,
0.2,random,,train,reactions_1046,
0.2,random,,train,reactions_1205,
0.2,random,,train,reactions_2172,
0.2,random,,train,reactions_2409,
0.2,random,,train,reactions_2910,
0.2,random,,train,reactions_665,
0.2,random,,train,reactions_3955,
0.2,random,,train,reactions_2740,
0.2,random,,train,reactions_1433,
0.2,random,,train,reactions_2659,
0.2,random,,train,reactions_840,
0.2,random,,train,reactions_17,
0.2,random,,train,reactions_1416,
0.2,random,,train,reactions_1307,
0.2,random,,train,reactions_2206,
0.2,random,,train,reactions_2711,
0.2,random,,train,reactions_1129,
0.2,random,,train,reactions_1244,
0.2,random,,train,reactions_1413,
0.2,random,,train,reactions_1651,
0.2,random,,train,reactions_3098,
0.2,random,,train,reactions_1132,
0.2,random,,train,reactions_2246,
0.2,random,,train,reactions_236,
0.2,random,,train,reactions_286,
0.2,random,,train,reactions_1169,
0.2,random,,train,reactions_1114,
0.2,random,,train,reactions_3051,
0.2,random,,train,reactions_1219,
0.2,random,,train,reactions_1139,
0.2,random,,train,reactions_289,
0.2,random,,train,reactions_178,
0.2,random,,train,reactions_3917,
0.2,random,,train,reactions_1122,
0.2,random,,train,reactions_2011,
0.2,random,,train,reactions_80,
0.2,random,,train,reactions_1701,
0.2,random,,train,reactions_384,
0.2,random,,train,reactions_695,
0.2,random,,train,reactions_2957,
0.2,random,,train,reactions_1240,
0.2,random,,train,reactions_552,
0.2,random,,train,reactions_3056,
0.2,random,,train,reactions_1564,
0.2,random,,train,reactions_2293,
0.2,random,,train,reactions_2998,
0.2,random,,train,reactions_336,
0.2,random,,train,reactions_3256,
0.2,random,,train,reactions_3111,
0.2,random,,train,reactions_3777,
0.2,random,,train,reactions_1583,
0.2,random,,train,reactions_1233,
0.2,random,,train,reactions_1913,
0.2,random,,train,reactions_468,
0.2,random,,train,reactions_1568,
0.2,random,,train,reactions_458,
0.2,random,,train,reactions_3933,
0.2,random,,train,reactions_3440,
0.2,random,,train,reactions_3723,
0.2,random,,train,reactions_1940,
0.2,random,,train,reactions_3159,
0.2,random,,train,reactions_2949,
0.2,random,,train,reactions_1150,
0.2,random,,train,reactions_1417,
0.2,random,,train,reactions_174,
0.2,random,,train,reactions_1447,
0.2,random,,train,reactions_685,
0.2,random,,train,reactions_3066,
0.2,random,,train,reactions_2647,
0.2,random,,train,reactions_2091,
0.2,random,,train,reactions_2282,
0.2,random,,train,reactions_2626,
0.2,random,,train,reactions_2557,
0.2,random,,train,reactions_3741,
0.2,random,,train,reactions_3601,
0.2,random,,train,reactions_2168,
0.2,random,,train,reactions_2101,
0.2,random,,train,reactions_1098,
0.2,random,,train,reactions_3372,
0.2,random,,train,reactions_590,
0.2,random,,train,reactions_1050,
0.2,random,,train,reactions_3265,
0.2,random,,train,reactions_2347,
0.2,random,,train,reactions_49,
0.2,random,,train,reactions_2391,
0.2,random,,train,reactions_209,
0.2,random,,train,reactions_2554,
0.2,random,,train,reactions_3953,
0.2,random,,train,reactions_539,
0.2,random,,train,reactions_2689,
0.2,random,,train,reactions_1688,
0.2,random,,train,reactions_3289,
0.2,random,,train,reactions_3541,
0.2,random,,train,reactions_1107,
0.2,random,,train,reactions_1197,
0.2,random,,train,reactions_838,
0.2,random,,train,reactions_1156,
0.2,random,,train,reactions_2403,
0.2,random,,train,reactions_587,
0.2,random,,train,reactions_1177,
0.2,random,,train,reactions_1657,
0.2,random,,train,reactions_2583,
0.2,random,,train,reactions_3822,
0.2,random,,train,reactions_3024,
0.2,random,,train,reactions_256,
0.2,random,,train,reactions_2965,
0.2,random,,train,reactions_2774,
0.2,random,,train,reactions_2117,
0.2,random,,train,reactions_3708,
0.2,random,,train,reactions_13,
0.2,random,,train,reactions_569,
0.2,random,,train,reactions_2648,
0.2,random,,train,reactions_3510,
0.2,random,,train,reactions_1306,
0.2,random,,train,reactions_3841,
0.2,random,,train,reactions_2970,
0.2,random,,train,reactions_918,
0.2,random,,train,reactions_2508,
0.2,random,,train,reactions_3179,
0.2,random,,train,reactions_2528,
0.2,random,,train,reactions_165,
0.2,random,,train,reactions_2654,
0.2,random,,train,reactions_3564,
0.2,random,,train,reactions_226,
0.2,random,,train,reactions_98,
0.2,random,,train,reactions_2102,
0.2,random,,train,reactions_2852,
0.2,random,,train,reactions_1813,
0.2,random,,train,reactions_3461,
0.2,random,,train,reactions_1566,
0.2,random,,train,reactions_3438,
0.2,random,,train,reactions_3501,
0.2,random,,train,reactions_1591,
0.2,random,,train,reactions_2928,
0.2,random,,train,reactions_3427,
0.2,random,,train,reactions_240,
0.2,random,,train,reactions_472,
0.2,random,,train,reactions_1699,
0.2,random,,train,reactions_1621,
0.2,random,,train,reactions_3605,
0.2,random,,train,reactions_3522,
0.2,random,,train,reactions_2570,
0.2,random,,train,reactions_3641,
0.2,random,,train,reactions_3734,
0.2,random,,train,reactions_1104,
0.2,random,,train,reactions_1675,
0.2,random,,train,reactions_2058,
0.2,random,,train,reactions_1032,
0.2,random,,train,reactions_3547,
0.2,random,,train,reactions_2239,
0.2,random,,train,reactions_72,
0.2,random,,train,reactions_2732,
0.2,random,,train,reactions_1726,
0.2,random,,train,reactions_815,
0.2,random,,train,reactions_1796,
0.2,random,,train,reactions_2195,
0.2,random,,train,reactions_2579,
0.2,random,,train,reactions_826,
0.2,random,,train,reactions_1725,
0.2,random,,train,reactions_79,
0.2,random,,train,reactions_1609,
0.2,random,,train,reactions_820,
0.2,random,,train,reactions_145,
0.2,random,,train,reactions_2628,
0.2,random,,train,reactions_2642,
0.2,random,,train,reactions_3336,
0.2,random,,train,reactions_684,
0.2,random,,train,reactions_462,
0.2,random,,train,reactions_2289,
0.2,random,,train,reactions_1015,
0.2,random,,train,reactions_2833,
0.2,random,,train,reactions_2363,
0.2,random,,train,reactions_2765,
0.2,random,,train,reactions_3132,
0.2,random,,train,reactions_2116,
0.2,random,,train,reactions_2355,
0.2,random,,train,reactions_357,
0.2,random,,train,reactions_279,
0.2,random,,train,reactions_3579,
0.2,random,,train,reactions_1935,
0.2,random,,train,reactions_3013,
0.2,random,,train,reactions_3572,
0.2,random,,train,reactions_3288,
0.2,random,,train,reactions_413,
0.2,random,,train,reactions_2110,
0.2,random,,train,reactions_187,
0.2,random,,train,reactions_1560,
0.2,random,,train,reactions_2532,
0.2,random,,train,reactions_1021,
0.2,random,,train,reactions_3071,
0.2,random,,train,reactions_3444,
0.2,random,,train,reactions_198,
0.2,random,,train,reactions_693,
0.2,random,,train,reactions_2964,
0.2,random,,train,reactions_407,
0.2,random,,train,reactions_313,
0.2,random,,train,reactions_267,
0.2,random,,train,reactions_2308,
0.2,random,,train,reactions_1728,
0.2,random,,train,reactions_2890,
0.2,random,,train,reactions_1504,
0.2,random,,train,reactions_3421,
0.2,random,,train,reactions_1017,
0.2,random,,train,reactions_776,
0.2,random,,train,reactions_1070,
0.2,random,,train,reactions_1700,
0.2,random,,train,reactions_1412,
0.2,random,,train,reactions_1859,
0.2,random,,train,reactions_2412,
0.2,random,,train,reactions_1278,
0.2,random,,train,reactions_1880,
0.2,random,,train,reactions_3157,
0.2,random,,train,reactions_2717,
0.2,random,,train,reactions_3466,
0.2,random,,train,reactions_3324,
0.2,random,,train,reactions_2538,
0.2,random,,train,reactions_505,
0.2,random,,train,reactions_2533,
0.2,random,,train,reactions_2791,
0.2,random,,train,reactions_3330,
0.2,random,,train,reactions_2739,
0.2,random,,train,reactions_1419,
0.2,random,,train,reactions_1004,
0.2,random,,train,reactions_2132,
0.2,random,,train,reactions_3831,
0.2,random,,train,reactions_603,
0.2,random,,train,reactions_2747,
0.2,random,,train,reactions_2327,
0.2,random,,train,reactions_1158,
0.2,random,,train,reactions_1852,
0.2,random,,train,reactions_3903,
0.2,random,,train,reactions_3127,
0.2,random,,train,reactions_3696,
0.2,random,,train,reactions_1292,
0.2,random,,train,reactions_2502,
0.2,random,,train,reactions_2017,
0.2,random,,train,reactions_3855,
0.2,random,,train,reactions_2589,
0.2,random,,train,reactions_3109,
0.2,random,,train,reactions_2681,
0.2,random,,train,reactions_2683,
0.2,random,,train,reactions_3920,
0.2,random,,train,reactions_2494,
0.2,random,,train,reactions_2903,
0.2,random,,train,reactions_1730,
0.2,random,,train,reactions_2187,
0.2,random,,train,reactions_2386,
0.2,random,,train,reactions_573,
0.2,random,,train,reactions_989,
0.2,random,,train,reactions_389,
0.2,random,,train,reactions_3357,
0.2,random,,train,reactions_2723,
0.2,random,,train,reactions_3382,
0.2,random,,train,reactions_3498,
0.2,random,,train,reactions_36,
0.2,random,,train,reactions_639,
0.2,random,,train,reactions_348,
0.2,random,,train,reactions_2244,
0.2,random,,train,reactions_1540,
0.2,random,,train,reactions_1034,
0.2,random,,train,reactions_2207,
0.2,random,,train,reactions_1312,
0.2,random,,train,reactions_1648,
0.2,random,,train,reactions_2019,
0.2,random,,train,reactions_2356,
0.2,random,,train,reactions_3783,
0.2,random,,train,reactions_2040,
0.2,random,,train,reactions_255,
0.2,random,,train,reactions_3817,
0.2,random,,train,reactions_142,
0.2,random,,train,reactions_3805,
0.2,random,,train,reactions_1850,
0.2,random,,train,reactions_3940,
0.2,random,,train,reactions_210,
0.2,random,,train,reactions_193,
0.2,random,,train,reactions_2914,
0.2,random,,train,reactions_854,
0.2,random,,train,reactions_3731,
0.2,random,,train,reactions_2108,
0.2,random,,train,reactions_2597,
0.2,random,,train,reactions_3227,
0.2,random,,train,reactions_2430,
0.2,random,,train,reactions_1218,
0.2,random,,train,reactions_1074,
0.2,random,,train,reactions_3540,
0.2,random,,train,reactions_1387,
0.2,random,,train,reactions_3048,
0.2,random,,train,reactions_1668,
0.2,random,,train,reactions_3618,
0.2,random,,train,reactions_1385,
0.2,random,,train,reactions_3416,
0.2,random,,train,reactions_966,
0.2,random,,train,reactions_3144,
0.2,random,,train,reactions_3176,
0.2,random,,train,reactions_469,
0.2,random,,train,reactions_3767,
0.2,random,,train,reactions_2310,
0.2,random,,train,reactions_363,
0.2,random,,train,reactions_1157,
0.2,random,,train,reactions_3820,
0.2,random,,train,reactions_2724,
0.2,random,,train,reactions_3120,
0.2,random,,train,reactions_453,
0.2,random,,train,reactions_2061,
0.2,random,,train,reactions_3534,
0.2,random,,train,reactions_1076,
0.2,random,,train,reactions_1087,
0.2,random,,train,reactions_3829,
0.2,random,,train,reactions_2861,
0.2,random,,train,reactions_1495,
0.2,random,,train,reactions_3950,
0.2,random,,train,reactions_2020,
0.2,random,,train,reactions_1206,
0.2,random,,train,reactions_1875,
0.2,random,,train,reactions_664,
0.2,random,,train,reactions_259,
0.2,random,,train,reactions_584,
0.2,random,,train,reactions_3108,
0.2,random,,train,reactions_692,
0.2,random,,train,reactions_3471,
0.2,random,,train,reactions_1359,
0.2,random,,train,reactions_1393,
0.2,random,,train,reactions_3239,
0.2,random,,train,reactions_26,
0.2,random,,train,reactions_1874,
0.2,random,,train,reactions_2539,
0.2,random,,train,reactions_29,
0.2,random,,train,reactions_510,
0.2,random,,train,reactions_3733,
0.2,random,,train,reactions_243,
0.2,random,,train,reactions_3637,
0.2,random,,train,reactions_3491,
0.2,random,,train,reactions_3362,
0.2,random,,train,reactions_3850,
0.2,random,,train,reactions_197,
0.2,random,,train,reactions_3897,
0.2,random,,train,reactions_567,
0.2,random,,train,reactions_769,
0.2,random,,train,reactions_194,
0.2,random,,train,reactions_1575,
0.2,random,,train,reactions_3596,
0.2,random,,train,reactions_3124,
0.2,random,,train,reactions_1642,
0.2,random,,train,reactions_2389,
0.2,random,,train,reactions_3747,
0.2,random,,train,reactions_1175,
0.2,random,,train,reactions_2420,
0.2,random,,train,reactions_1324,
0.2,random,,train,reactions_3682,
0.2,random,,train,reactions_2924,
0.2,random,,train,reactions_3032,
0.2,random,,train,reactions_2212,
0.2,random,,train,reactions_2582,
0.2,random,,train,reactions_2041,
0.2,random,,train,reactions_739,
0.2,random,,train,reactions_1248,
0.2,random,,train,reactions_123,
0.2,random,,train,reactions_1790,
0.2,random,,train,reactions_237,
0.2,random,,train,reactions_3840,
0.2,random,,train,reactions_378,
0.2,random,,train,reactions_1548,
0.2,random,,train,reactions_371,
0.2,random,,train,reactions_2165,
0.2,random,,train,reactions_3660,
0.2,random,,train,reactions_1979,
0.2,random,,train,reactions_3199,
0.2,random,,train,reactions_3480,
0.2,random,,train,reactions_2899,
0.2,random,,train,reactions_1223,
0.2,random,,train,reactions_264,
0.2,random,,train,reactions_1817,
0.2,random,,train,reactions_1319,
0.2,random,,train,reactions_3040,
0.2,random,,train,reactions_2871,
0.2,random,,train,reactions_544,
0.2,random,,train,reactions_1467,
0.2,random,,train,reactions_1749,
0.2,random,,train,reactions_906,
0.2,random,,train,reactions_506,
0.2,random,,train,reactions_3875,
0.2,random,,train,reactions_3465,
0.2,random,,train,reactions_3417,
0.2,random,,train,reactions_1117,
0.2,random,,train,reactions_318,
0.2,random,,train,reactions_2451,
0.2,random,,train,reactions_3533,
0.2,random,,train,reactions_3252,
0.2,random,,train,reactions_1936,
0.2,random,,train,reactions_1453,
0.2,random,,train,reactions_763,
0.2,random,,train,reactions_1861,
0.2,random,,train,reactions_1521,
0.2,random,,train,reactions_2317,
0.2,random,,train,reactions_1556,
0.2,random,,train,reactions_2423,
0.2,random,,train,reactions_368,
0.2,random,,train,reactions_2952,
0.2,random,,train,reactions_121,
0.2,random,,train,reactions_107,
0.2,random,,train,reactions_1078,
0.2,random,,train,reactions_1652,
0.2,random,,train,reactions_856,
0.2,random,,train,reactions_2737,
0.2,random,,train,reactions_2167,
0.2,random,,train,reactions_2161,
0.2,random,,train,reactions_1398,
0.2,random,,train,reactions_2144,
0.2,random,,train,reactions_661,
0.2,random,,train,reactions_263,
0.2,random,,train,reactions_1563,
0.2,random,,train,reactions_1455,
0.2,random,,train,reactions_1977,
0.2,random,,train,reactions_3112,
0.2,random,,train,reactions_1720,
0.2,random,,train,reactions_2893,
0.2,random,,train,reactions_896,
0.2,random,,train,reactions_1656,
0.2,random,,train,reactions_592,
0.2,random,,train,reactions_362,
0.2,random,,train,reactions_2696,
0.2,random,,train,reactions_547,
0.2,random,,train,reactions_2338,
0.2,random,,train,reactions_3935,
0.2,random,,train,reactions_2260,
0.2,random,,train,reactions_2591,
0.2,random,,train,reactions_2153,
0.2,random,,train,reactions_1732,
0.2,random,,train,reactions_1711,
0.2,random,,train,reactions_307,
0.2,random,,train,reactions_908,
0.2,random,,train,reactions_1428,
0.2,random,,train,reactions_1917,
0.2,random,,train,reactions_207,
0.2,random,,train,reactions_3655,
0.2,random,,train,reactions_3317,
0.2,random,,train,reactions_3254,
0.2,random,,train,reactions_1647,
0.2,random,,train,reactions_2485,
0.2,random,,train,reactions_1772,
0.2,random,,train,reactions_132,
0.2,random,,train,reactions_721,
0.2,random,,train,reactions_2920,
0.2,random,,train,reactions_1491,
0.2,random,,train,reactions_3297,
0.2,random,,train,reactions_2931,
0.2,random,,train,reactions_1298,
0.2,random,,train,reactions_3275,
0.2,random,,train,reactions_2134,
0.2,random,,train,reactions_809,
0.2,random,,train,reactions_2830,
0.2,random,,train,reactions_646,
0.2,random,,train,reactions_1502,
0.2,random,,train,reactions_836,
0.2,random,,train,reactions_3237,
0.2,random,,train,reactions_1758,
0.2,random,,train,reactions_1544,
0.2,random,,train,reactions_548,
0.2,random,,train,reactions_3627,
0.2,random,,train,reactions_912,
0.2,random,,train,reactions_2340,
0.2,random,,train,reactions_3322,
0.2,random,,train,reactions_1581,
0.2,random,,train,reactions_1847,
0.2,random,,train,reactions_3650,
0.2,random,,train,reactions_767,
0.2,random,,train,reactions_953,
0.2,random,,train,reactions_1763,
0.2,random,,train,reactions_660,
0.2,random,,train,reactions_1658,
0.2,random,,train,reactions_3118,
0.2,random,,train,reactions_3585,
0.2,random,,train,reactions_3255,
0.2,random,,train,reactions_3630,
0.2,random,,train,reactions_2844,
0.2,random,,train,reactions_799,
0.2,random,,train,reactions_1604,
0.2,random,,train,reactions_490,
0.2,random,,train,reactions_2073,
0.2,random,,train,reactions_890,
0.2,random,,train,reactions_3821,
0.2,random,,train,reactions_3925,
0.2,random,,train,reactions_911,
0.2,random,,train,reactions_513,
0.2,random,,train,reactions_2414,
0.2,random,,train,reactions_3019,
0.2,random,,train,reactions_1702,
0.2,random,,train,reactions_1608,
0.2,random,,train,reactions_3103,
0.2,random,,train,reactions_2080,
0.2,random,,train,reactions_1446,
0.2,random,,train,reactions_2921,
0.2,random,,train,reactions_2097,
0.2,random,,train,reactions_1751,
0.2,random,,train,reactions_2804,
0.2,random,,train,reactions_3122,
0.2,random,,train,reactions_1538,
0.2,random,,train,reactions_309,
0.2,random,,train,reactions_3070,
0.2,random,,train,reactions_1272,
0.2,random,,train,reactions_2839,
0.2,random,,train,reactions_677,
0.2,random,,train,reactions_3750,
0.2,random,,train,reactions_480,
0.2,random,,train,reactions_2605,
0.2,random,,train,reactions_1425,
0.2,random,,train,reactions_2728,
0.2,random,,train,reactions_2699,
0.2,random,,train,reactions_1741,
0.2,random,,train,reactions_1823,
0.2,random,,train,reactions_2824,
0.2,random,,train,reactions_3634,
0.2,random,,train,reactions_3084,
0.2,random,,train,reactions_51,
0.2,random,,train,reactions_1869,
0.2,random,,train,reactions_2401,
0.2,random,,train,reactions_1866,
0.2,random,,valid,reactions_2803,
0.2,random,,valid,reactions_1842,
0.2,random,,valid,reactions_2906,
0.2,random,,valid,reactions_2208,
0.2,random,,valid,reactions_3594,
0.2,random,,valid,reactions_2887,
0.2,random,,valid,reactions_1250,
0.2,random,,valid,reactions_3178,
0.2,random,,valid,reactions_497,
0.2,random,,valid,reactions_3906,
0.2,random,,valid,reactions_3163,
0.2,random,,valid,reactions_1348,
0.2,random,,valid,reactions_3826,
0.2,random,,valid,reactions_3113,
0.2,random,,valid,reactions_387,
0.2,random,,valid,reactions_871,
0.2,random,,valid,reactions_2755,
0.2,random,,valid,reactions_115,
0.2,random,,valid,reactions_3730,
0.2,random,,valid,reactions_527,
0.2,random,,valid,reactions_1998,
0.2,random,,valid,reactions_2763,
0.2,random,,valid,reactions_3213,
0.2,random,,valid,reactions_189,
0.2,random,,valid,reactions_2967,
0.2,random,,valid,reactions_2535,
0.2,random,,valid,reactions_3045,
0.2,random,,valid,reactions_2639,
0.2,random,,valid,reactions_825,
0.2,random,,valid,reactions_1229,
0.2,random,,valid,reactions_1754,
0.2,random,,valid,reactions_1585,
0.2,random,,valid,reactions_359,
0.2,random,,valid,reactions_2545,
0.2,random,,valid,reactions_1879,
0.2,random,,valid,reactions_2823,
0.2,random,,valid,reactions_1201,
0.2,random,,valid,reactions_3570,
0.2,random,,valid,reactions_1710,
0.2,random,,valid,reactions_1380,
0.2,random,,valid,reactions_86,
0.2,random,,valid,reactions_1300,
0.2,random,,valid,reactions_1941,
0.2,random,,valid,reactions_160,
0.2,random,,valid,reactions_889,
0.2,random,,valid,reactions_2978,
0.2,random,,valid,reactions_3064,
0.2,random,,valid,reactions_3123,
0.2,random,,valid,reactions_3896,
0.2,random,,valid,reactions_2422,
0.2,random,,valid,reactions_2044,
0.2,random,,valid,reactions_2454,
0.2,random,,valid,reactions_990,
0.2,random,,valid,reactions_1033,
0.2,random,,valid,reactions_3914,
0.2,random,,valid,reactions_2433,
0.2,random,,valid,reactions_1009,
0.2,random,,valid,reactions_1435,
0.2,random,,valid,reactions_1323,
0.2,random,,valid,reactions_1735,
0.2,random,,valid,reactions_1597,
0.2,random,,valid,reactions_1898,
0.2,random,,valid,reactions_802,
0.2,random,,valid,reactions_621,
0.2,random,,valid,reactions_902,
0.2,random,,valid,reactions_3797,
0.2,random,,valid,reactions_3590,
0.2,random,,valid,reactions_1878,
0.2,random,,valid,reactions_2138,
0.2,random,,valid,reactions_795,
0.2,random,,valid,reactions_3945,
0.2,random,,valid,reactions_3716,
0.2,random,,valid,reactions_2840,
0.2,random,,valid,reactions_606,
0.2,random,,valid,reactions_3394,
0.2,random,,valid,reactions_2001,
0.2,random,,valid,reactions_1557,
0.2,random,,valid,reactions_156,
0.2,random,,valid,reactions_3010,
0.2,random,,valid,reactions_991,
0.2,random,,valid,reactions_272,
0.2,random,,valid,reactions_3758,
0.2,random,,valid,reactions_2736,
0.2,random,,valid,reactions_3721,
0.2,random,,valid,reactions_2352,
0.2,random,,valid,reactions_2974,
0.2,random,,valid,reactions_184,
0.2,random,,valid,reactions_2701,
0.2,random,,valid,reactions_2513,
0.2,random,,valid,reactions_479,
0.2,random,,valid,reactions_1449,
0.2,random,,valid,reactions_715,
0.2,random,,valid,reactions_578,
0.2,random,,valid,reactions_3938,
0.2,random,,valid,reactions_125,
0.2,random,,valid,reactions_60,
0.2,random,,valid,reactions_376,
0.2,random,,valid,reactions_2103,
0.2,random,,valid,reactions_1579,
0.2,random,,valid,reactions_2047,
0.2,random,,valid,reactions_483,
0.2,random,,valid,reactions_3055,
0.2,random,,valid,reactions_709,
0.2,random,,valid,reactions_1234,
0.2,random,,valid,reactions_577,
0.2,random,,valid,reactions_3759,
0.2,random,,valid,reactions_3436,
0.2,random,,valid,reactions_904,
0.2,random,,valid,reactions_598,
0.2,random,,valid,reactions_3012,
0.2,random,,valid,reactions_1577,
0.2,random,,valid,reactions_3927,
0.2,random,,valid,reactions_833,
0.2,random,,valid,reactions_2807,
0.2,random,,valid,reactions_3247,
0.2,random,,valid,reactions_1550,
0.2,random,,valid,reactions_3523,
0.2,random,,valid,reactions_645,
0.2,random,,valid,reactions_585,
0.2,random,,valid,reactions_651,
0.2,random,,valid,reactions_2682,
0.2,random,,valid,reactions_2095,
0.2,random,,valid,reactions_1083,
0.2,random,,valid,reactions_1721,
0.2,random,,valid,reactions_566,
0.2,random,,valid,reactions_1718,
0.2,random,,valid,reactions_1570,
0.2,random,,valid,reactions_1051,
0.2,random,,valid,reactions_2210,
0.2,random,,valid,reactions_2992,
0.2,random,,valid,reactions_2719,
0.2,random,,valid,reactions_3842,
0.2,random,,valid,reactions_3241,
0.2,random,,valid,reactions_400,
0.2,random,,valid,reactions_2761,
0.2,random,,valid,reactions_3245,
0.2,random,,valid,reactions_3477,
0.2,random,,valid,reactions_888,
0.2,random,,valid,reactions_38,
0.2,random,,valid,reactions_2862,
0.2,random,,valid,reactions_1828,
0.2,random,,valid,reactions_3217,
0.2,random,,valid,reactions_1757,
0.2,random,,valid,reactions_2461,
0.2,random,,valid,reactions_3509,
0.2,random,,valid,reactions_2237,
0.2,random,,valid,reactions_138,
0.2,random,,valid,reactions_617,
0.2,random,,valid,reactions_1746,
0.2,random,,valid,reactions_1016,
0.2,random,,valid,reactions_3500,
0.2,random,,valid,reactions_2275,
0.2,random,,valid,reactions_3921,
0.2,random,,valid,reactions_2314,
0.2,random,,valid,reactions_1737,
0.2,random,,valid,reactions_3342,
0.2,random,,valid,reactions_3658,
0.2,random,,valid,reactions_528,
0.2,random,,valid,reactions_352,
0.2,random,,valid,reactions_1199,
0.2,random,,valid,reactions_1516,
0.2,random,,valid,reactions_206,
0.2,random,,valid,reactions_1180,
0.2,random,,valid,reactions_1595,
0.2,random,,valid,reactions_3001,
0.2,random,,valid,reactions_560,
0.2,random,,valid,reactions_3222,
0.2,random,,valid,reactions_1532,
0.2,random,,valid,reactions_571,
0.2,random,,valid,reactions_2673,
0.2,random,,valid,reactions_212,
0.2,random,,valid,reactions_1953,
0.2,random,,valid,reactions_3795,
0.2,random,,valid,reactions_2052,
0.2,random,,valid,reactions_3782,
0.2,random,,valid,reactions_3595,
0.2,random,,valid,reactions_1729,
0.2,random,,valid,reactions_1943,
0.2,random,,valid,reactions_3617,
0.2,random,,valid,reactions_1617,
0.2,random,,valid,reactions_1120,
0.2,random,,valid,reactions_2980,
0.2,random,,valid,reactions_1382,
0.2,random,,valid,reactions_2487,
0.2,random,,valid,reactions_2788,
0.2,random,,valid,reactions_2874,
0.2,random,,valid,reactions_3264,
0.2,random,,valid,reactions_346,
0.2,random,,valid,reactions_3329,
0.2,random,,valid,reactions_1951,
0.2,random,,valid,reactions_2694,
0.2,random,,valid,reactions_788,
0.2,random,,valid,reactions_146,
0.2,random,,valid,reactions_3069,
0.2,random,,valid,reactions_3691,
0.2,random,,valid,reactions_3571,
0.2,random,,valid,reactions_489,
0.2,random,,valid,reactions_563,
0.2,random,,valid,reactions_1115,
0.2,random,,valid,reactions_3437,
0.2,random,,valid,reactions_1466,
0.2,random,,valid,reactions_1794,
0.2,random,,valid,reactions_2633,
0.2,random,,valid,reactions_2157,
0.2,random,,valid,reactions_2453,
0.2,random,,valid,reactions_1971,
0.2,random,,valid,reactions_1363,
0.2,random,,valid,reactions_1093,
0.2,random,,valid,reactions_252,
0.2,random,,valid,reactions_985,
0.2,random,,valid,reactions_967,
0.2,random,,valid,reactions_2107,
0.2,random,,valid,reactions_3616,
0.2,random,,valid,reactions_3556,
0.2,random,,valid,reactions_691,
0.2,random,,valid,reactions_1734,
0.2,random,,valid,reactions_668,
0.2,random,,valid,reactions_288,
0.2,random,,valid,reactions_3768,
0.2,random,,valid,reactions_2781,
0.2,random,,valid,reactions_3248,
0.2,random,,valid,reactions_546,
0.2,random,,valid,reactions_3267,
0.2,random,,valid,reactions_2216,
0.2,random,,valid,reactions_161,
0.2,random,,valid,reactions_2660,
0.2,random,,valid,reactions_3589,
0.2,random,,valid,reactions_3807,
0.2,random,,valid,reactions_808,
0.2,random,,valid,reactions_59,
0.2,random,,valid,reactions_463,
0.2,random,,valid,reactions_2971,
0.2,random,,valid,reactions_1803,
0.2,random,,valid,reactions_1350,
0.2,random,,valid,reactions_1580,
0.2,random,,valid,reactions_262,
0.2,random,,valid,reactions_399,
0.2,random,,valid,reactions_3689,
0.2,random,,valid,reactions_191,
0.2,random,,valid,reactions_765,
0.2,random,,valid,reactions_2610,
0.2,random,,valid,reactions_2624,
0.2,random,,valid,reactions_460,
0.2,random,,valid,reactions_3576,
0.2,random,,valid,reactions_3068,
0.2,random,,valid,reactions_163,
0.2,random,,valid,reactions_2854,
0.2,random,,valid,reactions_2686,
0.2,random,,valid,reactions_2472,
0.2,random,,valid,reactions_504,
0.2,random,,valid,reactions_1260,
0.2,random,,valid,reactions_1024,
0.2,random,,valid,reactions_2329,
0.2,random,,valid,reactions_3722,
0.2,random,,valid,reactions_3115,
0.2,random,,valid,reactions_2148,
0.2,random,,valid,reactions_3926,
0.2,random,,valid,reactions_1318,
0.2,random,,valid,reactions_3536,
0.2,random,,valid,reactions_2918,
0.2,random,,valid,reactions_2904,
0.2,random,,valid,reactions_2227,
0.2,random,,valid,reactions_1541,
0.2,random,,valid,reactions_1810,
0.2,random,,valid,reactions_3932,
0.2,random,,valid,reactions_367,
0.2,random,,valid,reactions_1862,
0.2,random,,valid,reactions_1254,
0.2,random,,valid,reactions_1378,
0.2,random,,valid,reactions_1733,
0.2,random,,valid,reactions_708,
0.2,random,,valid,reactions_1837,
0.2,random,,valid,reactions_2133,
0.2,random,,valid,reactions_2710,
0.2,random,,valid,reactions_3918,
0.2,random,,valid,reactions_2608,
0.2,random,,valid,reactions_3941,
0.2,random,,valid,reactions_2938,
0.2,random,,valid,reactions_2408,
0.2,random,,valid,reactions_3162,
0.2,random,,valid,reactions_3355,
0.2,random,,valid,reactions_2571,
0.2,random,,valid,reactions_2819,
0.2,random,,valid,reactions_439,
0.2,random,,valid,reactions_3233,
0.2,random,,valid,reactions_3147,
0.2,random,,valid,reactions_3506,
0.2,random,,valid,reactions_3387,
0.2,random,,valid,reactions_2249,
0.2,random,,valid,reactions_1276,
0.2,random,,valid,reactions_2306,
0.2,random,,valid,reactions_1066,
0.2,random,,valid,reactions_806,
0.2,random,,valid,reactions_296,
0.2,random,,valid,reactions_747,
0.2,random,,valid,reactions_424,
0.2,random,,valid,reactions_119,
0.2,random,,valid,reactions_3410,
0.2,random,,valid,reactions_3468,
0.2,random,,valid,reactions_1843,
0.2,random,,valid,reactions_3130,
0.2,random,,valid,reactions_2264,
0.2,random,,valid,reactions_3725,
0.2,random,,valid,reactions_1554,
0.2,random,,valid,reactions_55,
0.2,random,,valid,reactions_3638,
0.2,random,,valid,reactions_2062,
0.2,random,,valid,reactions_1215,
0.2,random,,valid,reactions_1295,
0.2,random,,valid,reactions_1239,
0.2,random,,valid,reactions_447,
0.2,random,,valid,reactions_1309,
0.2,random,,valid,reactions_782,
0.2,random,,valid,reactions_3515,
0.2,random,,valid,reactions_2424,
0.2,random,,valid,reactions_1124,
0.2,random,,valid,reactions_2188,
0.2,random,,valid,reactions_2687,
0.2,random,,valid,reactions_398,
0.2,random,,valid,reactions_2012,
0.2,random,,valid,reactions_963,
0.2,random,,valid,reactions_321,
0.2,random,,valid,reactions_2295,
0.2,random,,valid,reactions_3096,
0.2,random,,valid,reactions_2240,
0.2,random,,valid,reactions_265,
0.2,random,,valid,reactions_3813,
0.2,random,,valid,reactions_2514,
0.2,random,,valid,reactions_3849,
0.2,random,,valid,reactions_3496,
0.2,random,,valid,reactions_3507,
0.2,random,,valid,reactions_3327,
0.2,random,,valid,reactions_2744,
0.2,random,,valid,reactions_326,
0.2,random,,valid,reactions_1942,
0.2,random,,valid,reactions_2530,
0.2,random,,valid,reactions_3838,
0.2,random,,valid,reactions_1545,
0.2,random,,valid,reactions_931,
0.2,random,,valid,reactions_1287,
0.2,random,,valid,reactions_3009,
0.2,random,,valid,reactions_2291,
0.2,random,,valid,reactions_1670,
0.2,random,,valid,reactions_2855,
0.2,random,,valid,reactions_2646,
0.2,random,,valid,reactions_3489,
0.2,random,,valid,reactions_2829,
0.2,random,,valid,reactions_1776,
0.2,random,,valid,reactions_988,
0.2,random,,valid,reactions_516,
0.2,random,,valid,reactions_2643,
0.2,random,,valid,reactions_3537,
0.2,random,,valid,reactions_3530,
0.2,random,,valid,reactions_2043,
0.2,random,,valid,reactions_1128,
0.2,random,,valid,reactions_415,
0.2,random,,valid,reactions_1352,
0.2,random,,valid,reactions_3177,
0.2,random,,valid,reactions_2154,
0.2,random,,valid,reactions_916,
0.2,random,,valid,reactions_1747,
0.2,random,,valid,reactions_486,
0.2,random,,valid,reactions_3791,
0.2,random,,valid,reactions_2492,
0.2,random,,valid,reactions_2259,
0.2,random,,valid,reactions_3834,
0.2,random,,valid,reactions_3104,
0.2,random,,valid,reactions_939,
0.2,random,,valid,reactions_2276,
0.2,random,,valid,reactions_2432,
0.2,random,,valid,reactions_1279,
0.2,random,,valid,reactions_887,
0.2,random,,valid,reactions_1042,
0.2,random,,valid,reactions_3004,
0.2,random,,valid,reactions_3097,
0.2,random,,valid,reactions_1950,
0.2,random,,valid,reactions_356,
0.2,random,,valid,reactions_3301,
0.2,random,,valid,reactions_1403,
0.2,random,,valid,reactions_271,
0.2,random,,valid,reactions_837,
0.2,random,,valid,reactions_927,
0.2,random,,valid,reactions_2617,
0.2,random,,valid,reactions_2509,
0.2,random,,valid,reactions_2758,
0.2,random,,valid,reactions_2068,
0.2,random,,valid,reactions_1187,
0.2,random,,valid,reactions_2065,
0.2,random,,valid,reactions_1090,
0.2,random,,valid,reactions_2357,
0.2,random,,valid,reactions_3359,
0.2,random,,valid,reactions_3398,
0.2,random,,valid,reactions_2122,
0.2,random,,valid,reactions_1100,
0.2,random,,valid,reactions_53,
0.2,random,,test,reactions_1553,
0.2,random,,test,reactions_1397,
0.2,random,,test,reactions_3058,
0.2,random,,test,reactions_3928,
0.2,random,,test,reactions_2782,
0.2,random,,test,reactions_1308,
0.2,random,,test,reactions_2935,
0.2,random,,test,reactions_1968,
0.2,random,,test,reactions_3858,
0.2,random,,test,reactions_1698,
0.2,random,,test,reactions_2864,
0.2,random,,test,reactions_2623,
0.2,random,,test,reactions_457,
0.2,random,,test,reactions_3614,
0.2,random,,test,reactions_2515,
0.2,random,,test,reactions_2707,
0.2,random,,test,reactions_3597,
0.2,random,,test,reactions_1174,
0.2,random,,test,reactions_1052,
0.2,random,,test,reactions_2298,
0.2,random,,test,reactions_1916,
0.2,random,,test,reactions_831,
0.2,random,,test,reactions_779,
0.2,random,,test,reactions_1317,
0.2,random,,test,reactions_3550,
0.2,random,,test,reactions_3338,
0.2,random,,test,reactions_228,
0.2,random,,test,reactions_248,
0.2,random,,test,reactions_2477,
0.2,random,,test,reactions_2770,
0.2,random,,test,reactions_1253,
0.2,random,,test,reactions_3610,
0.2,random,,test,reactions_1680,
0.2,random,,test,reactions_2219,
0.2,random,,test,reactions_1825,
0.2,random,,test,reactions_295,
0.2,random,,test,reactions_1047,
0.2,random,,test,reactions_3283,
0.2,random,,test,reactions_2799,
0.2,random,,test,reactions_90,
0.2,random,,test,reactions_662,
0.2,random,,test,reactions_1912,
0.2,random,,test,reactions_3221,
0.2,random,,test,reactions_3558,
0.2,random,,test,reactions_3269,
0.2,random,,test,reactions_2718,
0.2,random,,test,reactions_1159,
0.2,random,,test,reactions_1970,
0.2,random,,test,reactions_2573,
0.2,random,,test,reactions_2158,
0.2,random,,test,reactions_3140,
0.2,random,,test,reactions_495,
0.2,random,,test,reactions_2901,
0.2,random,,test,reactions_3812,
0.2,random,,test,reactions_2546,
0.2,random,,test,reactions_1738,
0.2,random,,test,reactions_3250,
0.2,random,,test,reactions_2883,
0.2,random,,test,reactions_2847,
0.2,random,,test,reactions_2568,
0.2,random,,test,reactions_2649,
0.2,random,,test,reactions_1650,
0.2,random,,test,reactions_3210,
0.2,random,,test,reactions_1562,
0.2,random,,test,reactions_605,
0.2,random,,test,reactions_817,
0.2,random,,test,reactions_2407,
0.2,random,,test,reactions_3796,
0.2,random,,test,reactions_1514,
0.2,random,,test,reactions_810,
0.2,random,,test,reactions_1881,
0.2,random,,test,reactions_3306,
0.2,random,,test,reactions_3182,
0.2,random,,test,reactions_3369,
0.2,random,,test,reactions_868,
0.2,random,,test,reactions_3485,
0.2,random,,test,reactions_1316,
0.2,random,,test,reactions_2230,
0.2,random,,test,reactions_3670,
0.2,random,,test,reactions_1897,
0.2,random,,test,reactions_2636,
0.2,random,,test,reactions_1787,
0.2,random,,test,reactions_2171,
0.2,random,,test,reactions_949,
0.2,random,,test,reactions_3478,
0.2,random,,test,reactions_392,
0.2,random,,test,reactions_2214,
0.2,random,,test,reactions_2498,
0.2,random,,test,reactions_3420,
0.2,random,,test,reactions_839,
0.2,random,,test,reactions_3282,
0.2,random,,test,reactions_402,
0.2,random,,test,reactions_2045,
0.2,random,,test,reactions_3546,
0.2,random,,test,reactions_1902,
0.2,random,,test,reactions_150,
0.2,random,,test,reactions_2943,
0.2,random,,test,reactions_3915,
0.2,random,,test,reactions_3143,
0.2,random,,test,reactions_1280,
0.2,random,,test,reactions_2086,
0.2,random,,test,reactions_429,
0.2,random,,test,reactions_1743,
0.2,random,,test,reactions_3067,
0.2,random,,test,reactions_2615,
0.2,random,,test,reactions_2818,
0.2,random,,test,reactions_3391,
0.2,random,,test,reactions_950,
0.2,random,,test,reactions_14,
0.2,random,,test,reactions_3395,
0.2,random,,test,reactions_1886,
0.2,random,,test,reactions_2776,
0.2,random,,test,reactions_3628,
0.2,random,,test,reactions_3608,
0.2,random,,test,reactions_1183,
0.2,random,,test,reactions_2848,
0.2,random,,test,reactions_96,
0.2,random,,test,reactions_2895,
0.2,random,,test,reactions_2397,
0.2,random,,test,reactions_2536,
0.2,random,,test,reactions_1200,
0.2,random,,test,reactions_1366,
0.2,random,,test,reactions_1118,
0.2,random,,test,reactions_1211,
0.2,random,,test,reactions_2549,
0.2,random,,test,reactions_3057,
0.2,random,,test,reactions_1288,
0.2,random,,test,reactions_2460,
0.2,random,,test,reactions_1282,
0.2,random,,test,reactions_1057,
0.2,random,,test,reactions_2365,
0.2,random,,test,reactions_2300,
0.2,random,,test,reactions_1008,
0.2,random,,test,reactions_3285,
0.2,random,,test,reactions_3711,
0.2,random,,test,reactions_3673,
0.2,random,,test,reactions_1531,
0.2,random,,test,reactions_3151,
0.2,random,,test,reactions_3313,
0.2,random,,test,reactions_845,
0.2,random,,test,reactions_761,
0.2,random,,test,reactions_2002,
0.2,random,,test,reactions_2425,
0.2,random,,test,reactions_3287,
0.2,random,,test,reactions_1574,
0.2,random,,test,reactions_1443,
0.2,random,,test,reactions_1955,
0.2,random,,test,reactions_3136,
0.2,random,,test,reactions_2319,
0.2,random,,test,reactions_3086,
0.2,random,,test,reactions_987,
0.2,random,,test,reactions_2837,
0.2,random,,test,reactions_1952,
0.2,random,,test,reactions_3565,
0.2,random,,test,reactions_162,
0.2,random,,test,reactions_2441,
0.2,random,,test,reactions_1241,
0.2,random,,test,reactions_2256,
0.2,random,,test,reactions_1631,
0.2,random,,test,reactions_3185,
0.2,random,,test,reactions_2556,
0.2,random,,test,reactions_1043,
0.2,random,,test,reactions_2714,
0.2,random,,test,reactions_2572,
0.2,random,,test,reactions_1182,
0.2,random,,test,reactions_894,
0.2,random,,test,reactions_2254,
0.2,random,,test,reactions_2384,
0.2,random,,test,reactions_459,
0.2,random,,test,reactions_3296,
0.2,random,,test,reactions_77,
0.2,random,,test,reactions_1603,
0.2,random,,test,reactions_1546,
0.2,random,,test,reactions_2411,
0.2,random,,test,reactions_3350,
0.2,random,,test,reactions_1535,
0.2,random,,test,reactions_1596,
0.2,random,,test,reactions_3874,
0.2,random,,test,reactions_2456,
0.2,random,,test,reactions_3882,
0.2,random,,test,reactions_3442,
0.2,random,,test,reactions_3026,
0.2,random,,test,reactions_1029,
0.2,random,,test,reactions_3167,
0.2,random,,test,reactions_2609,
0.2,random,,test,reactions_1506,
0.2,random,,test,reactions_500,
0.2,random,,test,reactions_324,
0.2,random,,test,reactions_94,
0.2,random,,test,reactions_863,
0.2,random,,test,reactions_3888,
0.2,random,,test,reactions_1023,
0.2,random,,test,reactions_1364,
0.2,random,,test,reactions_841,
0.2,random,,test,reactions_2812,
0.2,random,,test,reactions_1414,
0.2,random,,test,reactions_3470,
0.2,random,,test,reactions_565,
0.2,random,,test,reactions_2081,
0.2,random,,test,reactions_3459,
0.2,random,,test,reactions_365,
0.2,random,,test,reactions_2716,
0.2,random,,test,reactions_3526,
0.2,random,,test,reactions_441,
0.2,random,,test,reactions_3713,
0.2,random,,test,reactions_634,
0.2,random,,test,reactions_3300,
0.2,random,,test,reactions_1394,
0.2,random,,test,reactions_643,
0.2,random,,test,reactions_1901,
0.2,random,,test,reactions_2465,
0.2,random,,test,reactions_2501,
0.2,random,,test,reactions_82,
0.2,random,,test,reactions_3909,
0.2,random,,test,reactions_821,
0.2,random,,test,reactions_433,
0.2,random,,test,reactions_1395,
0.2,random,,test,reactions_2360,
0.2,random,,test,reactions_2922,
0.2,random,,test,reactions_451,
0.2,random,,test,reactions_3125,
0.2,random,,test,reactions_1611,
0.2,random,,test,reactions_3415,
0.2,random,,test,reactions_1565,
0.2,random,,test,reactions_3340,
0.2,random,,test,reactions_722,
0.2,random,,test,reactions_2155,
0.2,random,,test,reactions_1147,
0.2,random,,test,reactions_2937,
0.2,random,,test,reactions_1421,
0.2,random,,test,reactions_3949,
0.2,random,,test,reactions_534,
0.2,random,,test,reactions_2779,
0.2,random,,test,reactions_1409,
0.2,random,,test,reactions_106,
0.2,random,,test,reactions_2315,
0.2,random,,test,reactions_1372,
0.2,random,,test,reactions_3263,
0.2,random,,test,reactions_3815,
0.2,random,,test,reactions_979,
0.2,random,,test,reactions_3801,
0.2,random,,test,reactions_2088,
0.2,random,,test,reactions_340,
0.2,random,,test,reactions_962,
0.2,random,,test,reactions_3261,
0.2,random,,test,reactions_3476,
0.2,random,,test,reactions_526,
0.2,random,,test,reactions_2238,
0.2,random,,test,reactions_3160,
0.2,random,,test,reactions_733,
0.2,random,,test,reactions_1508,
0.2,random,,test,reactions_6,
0.2,random,,test,reactions_1622,
0.2,random,,test,reactions_3772,
0.2,random,,test,reactions_3505,
0.2,random,,test,reactions_443,
0.2,random,,test,reactions_1354,
0.2,random,,test,reactions_862,
0.2,random,,test,reactions_1410,
0.2,random,,test,reactions_1357,
0.2,random,,test,reactions_1384,
0.2,random,,test,reactions_3663,
0.2,random,,test,reactions_1529,
0.2,random,,test,reactions_1325,
0.2,random,,test,reactions_3448,
0.2,random,,test,reactions_2927,
0.2,random,,test,reactions_3187,
0.2,random,,test,reactions_1195,
0.2,random,,test,reactions_852,
0.2,random,,test,reactions_3196,
0.2,random,,test,reactions_302,
0.2,random,,test,reactions_3688,
0.2,random,,test,reactions_1627,
0.2,random,,test,reactions_1736,
0.2,random,,test,reactions_1811,
0.2,random,,test,reactions_2036,
0.2,random,,test,reactions_64,
0.2,random,,test,reactions_1533,
0.2,random,,test,reactions_719,
0.2,random,,test,reactions_1624,
0.2,random,,test,reactions_1246,
0.2,random,,test,reactions_999,
0.2,random,,test,reactions_1993,
0.2,random,,test,reactions_2703,
0.2,random,,test,reactions_3184,
0.2,random,,test,reactions_1500,
0.2,random,,test,reactions_1509,
0.2,random,,test,reactions_2378,
0.2,random,,test,reactions_280,
0.2,random,,test,reactions_278,
0.2,random,,test,reactions_2968,
0.2,random,,test,reactions_350,
0.2,random,,test,reactions_2016,
0.2,random,,test,reactions_3912,
0.2,random,,test,reactions_1212,
0.2,random,,test,reactions_66,
0.2,random,,test,reactions_50,
0.2,random,,test,reactions_3684,
0.2,random,,test,reactions_3656,
0.2,random,,test,reactions_3142,
0.2,random,,test,reactions_411,
0.2,random,,test,reactions_690,
0.2,random,,test,reactions_1662,
0.2,random,,test,reactions_2226,
0.2,random,,test,reactions_3809,
0.2,random,,test,reactions_535,
0.2,random,,test,reactions_2166,
0.2,random,,test,reactions_3659,
0.2,random,,test,reactions_2421,
0.2,random,,test,reactions_3083,
0.2,random,,test,reactions_2677,
0.2,random,,test,reactions_2870,
0.2,random,,test,reactions_670,
0.2,random,,test,reactions_2112,
0.2,random,,test,reactions_736,
0.2,random,,test,reactions_3000,
0.2,random,,test,reactions_1525,
0.2,random,,test,reactions_3074,
0.2,random,,test,reactions_43,
0.2,random,,test,reactions_1659,
0.2,random,,test,reactions_3602,
0.2,random,,test,reactions_168,
0.2,random,,test,reactions_2858,
0.2,random,,test,reactions_3149,
0.2,random,,test,reactions_2362,
0.2,random,,test,reactions_2345,
0.2,random,,test,reactions_1527,
0.2,random,,test,reactions_491,
0.2,random,,test,reactions_3793,
0.2,random,,test,reactions_2592,
0.2,random,,test,reactions_642,
0.2,random,,test,reactions_291,
0.2,random,,test,reactions_2666,
0.2,random,,test,reactions_3363,
0.2,random,,test,reactions_1988,
0.2,random,,test,reactions_2828,
0.2,random,,test,reactions_2959,
0.2,random,,test,reactions_2261,
0.2,random,,test,reactions_3028,
0.2,random,,test,reactions_556,
0.2,random,,test,reactions_1059,
0.2,random,,test,reactions_2721,
0.2,random,,test,reactions_2366,
0.2,random,,test,reactions_1082,
0.2,random,,test,reactions_1816,
0.2,random,,test,reactions_536,
0.2,random,,test,reactions_1957,
0.2,random,,test,reactions_1297,
0.2,random,,test,reactions_1040,
0.2,random,,test,reactions_2481,
0.2,random,,test,reactions_1528,
0.2,random,,test,reactions_829,
0.2,random,,test,reactions_2670,
0.2,random,,test,reactions_1162,
0.2,random,,test,reactions_1727,
0.2,random,,test,reactions_2336,
0.2,random,,test,reactions_2500,
0.2,random,,test,reactions_1014,
0.2,random,,test,reactions_529,
0.2,random,,test,reactions_2349,
0.2,random,,test,reactions_753,
0.2,random,,test,reactions_2671,
0.2,random,,test,reactions_996,
0.2,random,,test,reactions_1220,
0.2,random,,test,reactions_2083,
0.2,random,,test,reactions_287,
0.2,random,,test,reactions_315,
0.2,random,,test,reactions_1995,
0.2,random,,test,reactions_3620,
0.2,random,,test,reactions_334,
0.2,random,,test,reactions_183,
0.2,random,,test,reactions_2098,
0.2,random,,test,reactions_3591,
0.2,random,,test,reactions_2151,
0.2,random,,test,reactions_688,
0.2,random,,test,reactions_3724,
0.2,random,,test,reactions_42,
0.2,random,,test,reactions_3626,
0.2,random,,test,reactions_3439,
0.2,random,,test,reactions_3607,
0.2,random,,test,reactions_276,
0.2,random,,test,reactions_676,
0.2,random,,test,reactions_1857,
0.2,random,,test,reactions_3376,
0.2,random,,test,reactions_1138,
0.2,random,,test,reactions_750,
0.2,random,,test,reactions_909,
0.2,random,,test,reactions_438,
0.2,random,,test,reactions_492,
0.2,random,,test,reactions_1551,
0.2,random,,test,reactions_2190,
0.2,random,,test,reactions_707,
0.2,random,,test,reactions_1573,
0.2,random,,test,reactions_1634,
0.2,random,,test,reactions_3022,
0.2,random,,test,reactions_1673,
0.5,random,,train,reactions_249,
0.5,random,,train,reactions_2970,
0.5,random,,train,reactions_2632,
0.5,random,,train,reactions_2766,
0.5,random,,train,reactions_3065,
0.5,random,,train,reactions_3952,
0.5,random,,train,reactions_1969,
0.5,random,,train,reactions_1332,
0.5,random,,train,reactions_1713,
0.5,random,,train,reactions_3802,
0.5,random,,train,reactions_1867,
0.5,random,,train,reactions_928,
0.5,random,,train,reactions_2659,
0.5,random,,train,reactions_3321,
0.5,random,,train,reactions_1542,
0.5,random,,train,reactions_1230,
0.5,random,,train,reactions_3899,
0.5,random,,train,reactions_2866,
0.5,random,,train,reactions_2642,
0.5,random,,train,reactions_2194,
0.5,random,,train,reactions_632,
0.5,random,,train,reactions_3749,
0.5,random,,train,reactions_992,
0.5,random,,train,reactions_2944,
0.5,random,,train,reactions_3458,
0.5,random,,train,reactions_1328,
0.5,random,,train,reactions_1324,
0.5,random,,train,reactions_1740,
0.5,random,,train,reactions_2923,
0.5,random,,train,reactions_3237,
0.5,random,,train,reactions_1145,
0.5,random,,train,reactions_2403,
0.5,random,,train,reactions_1745,
0.5,random,,train,reactions_3832,
0.5,random,,train,reactions_2888,
0.5,random,,train,reactions_1080,
0.5,random,,train,reactions_3418,
0.5,random,,train,reactions_83,
0.5,random,,train,reactions_720,
0.5,random,,train,reactions_1703,
0.5,random,,train,reactions_2769,
0.5,random,,train,reactions_1485,
0.5,random,,train,reactions_1084,
0.5,random,,train,reactions_1704,
0.5,random,,train,reactions_425,
0.5,random,,train,reactions_3266,
0.5,random,,train,reactions_1003,
0.5,random,,train,reactions_1391,
0.5,random,,train,reactions_298,
0.5,random,,train,reactions_2390,
0.5,random,,train,reactions_1296,
0.5,random,,train,reactions_2561,
0.5,random,,train,reactions_629,
0.5,random,,train,reactions_1371,
0.5,random,,train,reactions_2293,
0.5,random,,train,reactions_3006,
0.5,random,,train,reactions_2534,
0.5,random,,train,reactions_3041,
0.5,random,,train,reactions_1278,
0.5,random,,train,reactions_1786,
0.5,random,,train,reactions_142,
0.5,random,,train,reactions_1839,
0.5,random,,train,reactions_1664,
0.5,random,,train,reactions_56,
0.5,random,,train,reactions_1686,
0.5,random,,train,reactions_654,
0.5,random,,train,reactions_61,
0.5,random,,train,reactions_635,
0.5,random,,train,reactions_1007,
0.5,random,,train,reactions_678,
0.5,random,,train,reactions_2963,
0.5,random,,train,reactions_3413,
0.5,random,,train,reactions_2330,
0.5,random,,train,reactions_201,
0.5,random,,train,reactions_1887,
0.5,random,,train,reactions_3080,
0.5,random,,train,reactions_3593,
0.5,random,,train,reactions_1762,
0.5,random,,train,reactions_2305,
0.5,random,,train,reactions_1459,
0.5,random,,train,reactions_3378,
0.5,random,,train,reactions_3472,
0.5,random,,train,reactions_3005,
0.5,random,,train,reactions_3353,
0.5,random,,train,reactions_3412,
0.5,random,,train,reactions_1266,
0.5,random,,train,reactions_1343,
0.5,random,,train,reactions_2627,
0.5,random,,train,reactions_2034,
0.5,random,,train,reactions_320,
0.5,random,,train,reactions_1046,
0.5,random,,train,reactions_3100,
0.5,random,,train,reactions_2493,
0.5,random,,train,reactions_182,
0.5,random,,train,reactions_3406,
0.5,random,,train,reactions_1744,
0.5,random,,train,reactions_3808,
0.5,random,,train,reactions_1467,
0.5,random,,train,reactions_3375,
0.5,random,,train,reactions_1088,
0.5,random,,train,reactions_2785,
0.5,random,,train,reactions_2834,
0.5,random,,train,reactions_3702,
0.5,random,,train,reactions_397,
0.5,random,,train,reactions_2760,
0.5,random,,train,reactions_3859,
0.5,random,,train,reactions_2080,
0.5,random,,train,reactions_2832,
0.5,random,,train,reactions_592,
0.5,random,,train,reactions_3870,
0.5,random,,train,reactions_772,
0.5,random,,train,reactions_1888,
0.5,random,,train,reactions_899,
0.5,random,,train,reactions_3312,
0.5,random,,train,reactions_2105,
0.5,random,,train,reactions_906,
0.5,random,,train,reactions_2163,
0.5,random,,train,reactions_71,
0.5,random,,train,reactions_2399,
0.5,random,,train,reactions_938,
0.5,random,,train,reactions_1496,
0.5,random,,train,reactions_1247,
0.5,random,,train,reactions_1628,
0.5,random,,train,reactions_2845,
0.5,random,,train,reactions_3090,
0.5,random,,train,reactions_847,
0.5,random,,train,reactions_1004,
0.5,random,,train,reactions_2463,
0.5,random,,train,reactions_818,
0.5,random,,train,reactions_3158,
0.5,random,,train,reactions_3020,
0.5,random,,train,reactions_1225,
0.5,random,,train,reactions_1940,
0.5,random,,train,reactions_2110,
0.5,random,,train,reactions_3845,
0.5,random,,train,reactions_867,
0.5,random,,train,reactions_95,
0.5,random,,train,reactions_2061,
0.5,random,,train,reactions_124,
0.5,random,,train,reactions_3625,
0.5,random,,train,reactions_1681,
0.5,random,,train,reactions_1817,
0.5,random,,train,reactions_705,
0.5,random,,train,reactions_650,
0.5,random,,train,reactions_2270,
0.5,random,,train,reactions_435,
0.5,random,,train,reactions_3686,
0.5,random,,train,reactions_312,
0.5,random,,train,reactions_52,
0.5,random,,train,reactions_1126,
0.5,random,,train,reactions_3211,
0.5,random,,train,reactions_3385,
0.5,random,,train,reactions_345,
0.5,random,,train,reactions_2363,
0.5,random,,train,reactions_3687,
0.5,random,,train,reactions_1292,
0.5,random,,train,reactions_1411,
0.5,random,,train,reactions_811,
0.5,random,,train,reactions_2933,
0.5,random,,train,reactions_1749,
0.5,random,,train,reactions_2361,
0.5,random,,train,reactions_2533,
0.5,random,,train,reactions_3344,
0.5,random,,train,reactions_2622,
0.5,random,,train,reactions_2696,
0.5,random,,train,reactions_1549,
0.5,random,,train,reactions_2041,
0.5,random,,train,reactions_1677,
0.5,random,,train,reactions_3753,
0.5,random,,train,reactions_3048,
0.5,random,,train,reactions_293,
0.5,random,,train,reactions_2702,
0.5,random,,train,reactions_1845,
0.5,random,,train,reactions_284,
0.5,random,,train,reactions_595,
0.5,random,,train,reactions_1379,
0.5,random,,train,reactions_2681,
0.5,random,,train,reactions_524,
0.5,random,,train,reactions_1322,
0.5,random,,train,reactions_3201,
0.5,random,,train,reactions_1726,
0.5,random,,train,reactions_2037,
0.5,random,,train,reactions_1081,
0.5,random,,train,reactions_2964,
0.5,random,,train,reactions_2005,
0.5,random,,train,reactions_1925,
0.5,random,,train,reactions_525,
0.5,random,,train,reactions_2265,
0.5,random,,train,reactions_936,
0.5,random,,train,reactions_1914,
0.5,random,,train,reactions_3044,
0.5,random,,train,reactions_3450,
0.5,random,,train,reactions_3811,
0.5,random,,train,reactions_2648,
0.5,random,,train,reactions_1214,
0.5,random,,train,reactions_375,
0.5,random,,train,reactions_955,
0.5,random,,train,reactions_2333,
0.5,random,,train,reactions_1505,
0.5,random,,train,reactions_192,
0.5,random,,train,reactions_1813,
0.5,random,,train,reactions_3640,
0.5,random,,train,reactions_3800,
0.5,random,,train,reactions_2087,
0.5,random,,train,reactions_1054,
0.5,random,,train,reactions_1872,
0.5,random,,train,reactions_3676,
0.5,random,,train,reactions_3034,
0.5,random,,train,reactions_1880,
0.5,random,,train,reactions_2198,
0.5,random,,train,reactions_3243,
0.5,random,,train,reactions_2674,
0.5,random,,train,reactions_1035,
0.5,random,,train,reactions_3297,
0.5,random,,train,reactions_2435,
0.5,random,,train,reactions_1224,
0.5,random,,train,reactions_2402,
0.5,random,,train,reactions_2119,
0.5,random,,train,reactions_1346,
0.5,random,,train,reactions_19,
0.5,random,,train,reactions_1116,
0.5,random,,train,reactions_2192,
0.5,random,,train,reactions_1026,
0.5,random,,train,reactions_2558,
0.5,random,,train,reactions_3833,
0.5,random,,train,reactions_3747,
0.5,random,,train,reactions_371,
0.5,random,,train,reactions_807,
0.5,random,,train,reactions_1404,
0.5,random,,train,reactions_1176,
0.5,random,,train,reactions_3729,
0.5,random,,train,reactions_1552,
0.5,random,,train,reactions_131,
0.5,random,,train,reactions_3790,
0.5,random,,train,reactions_3390,
0.5,random,,train,reactions_1688,
0.5,random,,train,reactions_3146,
0.5,random,,train,reactions_364,
0.5,random,,train,reactions_984,
0.5,random,,train,reactions_3734,
0.5,random,,train,reactions_1161,
0.5,random,,train,reactions_407,
0.5,random,,train,reactions_2915,
0.5,random,,train,reactions_1010,
0.5,random,,train,reactions_2023,
0.5,random,,train,reactions_583,
0.5,random,,train,reactions_1415,
0.5,random,,train,reactions_434,
0.5,random,,train,reactions_3707,
0.5,random,,train,reactions_844,
0.5,random,,train,reactions_1702,
0.5,random,,train,reactions_2784,
0.5,random,,train,reactions_3951,
0.5,random,,train,reactions_2042,
0.5,random,,train,reactions_1342,
0.5,random,,train,reactions_3164,
0.5,random,,train,reactions_3657,
0.5,random,,train,reactions_3538,
0.5,random,,train,reactions_558,
0.5,random,,train,reactions_135,
0.5,random,,train,reactions_1633,
0.5,random,,train,reactions_3119,
0.5,random,,train,reactions_2638,
0.5,random,,train,reactions_100,
0.5,random,,train,reactions_2354,
0.5,random,,train,reactions_2857,
0.5,random,,train,reactions_1077,
0.5,random,,train,reactions_1504,
0.5,random,,train,reactions_2392,
0.5,random,,train,reactions_2945,
0.5,random,,train,reactions_701,
0.5,random,,train,reactions_2578,
0.5,random,,train,reactions_137,
0.5,random,,train,reactions_1584,
0.5,random,,train,reactions_143,
0.5,random,,train,reactions_3877,
0.5,random,,train,reactions_3731,
0.5,random,,train,reactions_1486,
0.5,random,,train,reactions_211,
0.5,random,,train,reactions_274,
0.5,random,,train,reactions_1018,
0.5,random,,train,reactions_2224,
0.5,random,,train,reactions_2386,
0.5,random,,train,reactions_793,
0.5,random,,train,reactions_706,
0.5,random,,train,reactions_2881,
0.5,random,,train,reactions_2063,
0.5,random,,train,reactions_1152,
0.5,random,,train,reactions_1175,
0.5,random,,train,reactions_2791,
0.5,random,,train,reactions_1105,
0.5,random,,train,reactions_2793,
0.5,random,,train,reactions_2739,
0.5,random,,train,reactions_544,
0.5,random,,train,reactions_2412,
0.5,random,,train,reactions_263,
0.5,random,,train,reactions_2373,
0.5,random,,train,reactions_186,
0.5,random,,train,reactions_2144,
0.5,random,,train,reactions_3742,
0.5,random,,train,reactions_5,
0.5,random,,train,reactions_3534,
0.5,random,,train,reactions_1711,
0.5,random,,train,reactions_3825,
0.5,random,,train,reactions_2835,
0.5,random,,train,reactions_1543,
0.5,random,,train,reactions_1555,
0.5,random,,train,reactions_2290,
0.5,random,,train,reactions_684,
0.5,random,,train,reactions_3487,
0.5,random,,train,reactions_1094,
0.5,random,,train,reactions_3855,
0.5,random,,train,reactions_301,
0.5,random,,train,reactions_1356,
0.5,random,,train,reactions_1539,
0.5,random,,train,reactions_383,
0.5,random,,train,reactions_2914,
0.5,random,,train,reactions_1134,
0.5,random,,train,reactions_2908,
0.5,random,,train,reactions_1237,
0.5,random,,train,reactions_2742,
0.5,random,,train,reactions_710,
0.5,random,,train,reactions_2046,
0.5,random,,train,reactions_3362,
0.5,random,,train,reactions_771,
0.5,random,,train,reactions_1869,
0.5,random,,train,reactions_2511,
0.5,random,,train,reactions_65,
0.5,random,,train,reactions_123,
0.5,random,,train,reactions_1216,
0.5,random,,train,reactions_331,
0.5,random,,train,reactions_1645,
0.5,random,,train,reactions_3121,
0.5,random,,train,reactions_1058,
0.5,random,,train,reactions_965,
0.5,random,,train,reactions_2338,
0.5,random,,train,reactions_1073,
0.5,random,,train,reactions_1512,
0.5,random,,train,reactions_608,
0.5,random,,train,reactions_148,
0.5,random,,train,reactions_2389,
0.5,random,,train,reactions_3696,
0.5,random,,train,reactions_2177,
0.5,random,,train,reactions_1341,
0.5,random,,train,reactions_2960,
0.5,random,,train,reactions_2200,
0.5,random,,train,reactions_3352,
0.5,random,,train,reactions_39,
0.5,random,,train,reactions_2756,
0.5,random,,train,reactions_2368,
0.5,random,,train,reactions_870,
0.5,random,,train,reactions_2800,
0.5,random,,train,reactions_2550,
0.5,random,,train,reactions_1903,
0.5,random,,train,reactions_623,
0.5,random,,train,reactions_2577,
0.5,random,,train,reactions_1338,
0.5,random,,train,reactions_446,
0.5,random,,train,reactions_2856,
0.5,random,,train,reactions_247,
0.5,random,,train,reactions_3471,
0.5,random,,train,reactions_3052,
0.5,random,,train,reactions_1141,
0.5,random,,train,reactions_1358,
0.5,random,,train,reactions_1649,
0.5,random,,train,reactions_210,
0.5,random,,train,reactions_3805,
0.5,random,,train,reactions_1186,
0.5,random,,train,reactions_881,
0.5,random,,train,reactions_2966,
0.5,random,,train,reactions_3349,
0.5,random,,train,reactions_1910,
0.5,random,,train,reactions_510,
0.5,random,,train,reactions_1954,
0.5,random,,train,reactions_2836,
0.5,random,,train,reactions_1777,
0.5,random,,train,reactions_81,
0.5,random,,train,reactions_601,
0.5,random,,train,reactions_2091,
0.5,random,,train,reactions_3499,
0.5,random,,train,reactions_3569,
0.5,random,,train,reactions_2824,
0.5,random,,train,reactions_3542,
0.5,random,,train,reactions_3432,
0.5,random,,train,reactions_3011,
0.5,random,,train,reactions_1021,
0.5,random,,train,reactions_1994,
0.5,random,,train,reactions_3887,
0.5,random,,train,reactions_1436,
0.5,random,,train,reactions_1874,
0.5,random,,train,reactions_846,
0.5,random,,train,reactions_3740,
0.5,random,,train,reactions_2575,
0.5,random,,train,reactions_1281,
0.5,random,,train,reactions_1674,
0.5,random,,train,reactions_814,
0.5,random,,train,reactions_1031,
0.5,random,,train,reactions_3456,
0.5,random,,train,reactions_3400,
0.5,random,,train,reactions_2304,
0.5,random,,train,reactions_1769,
0.5,random,,train,reactions_3035,
0.5,random,,train,reactions_1632,
0.5,random,,train,reactions_2518,
0.5,random,,train,reactions_3251,
0.5,random,,train,reactions_453,
0.5,random,,train,reactions_2898,
0.5,random,,train,reactions_2741,
0.5,random,,train,reactions_1885,
0.5,random,,train,reactions_3366,
0.5,random,,train,reactions_2179,
0.5,random,,train,reactions_2597,
0.5,random,,train,reactions_1770,
0.5,random,,train,reactions_3798,
0.5,random,,train,reactions_3573,
0.5,random,,train,reactions_2863,
0.5,random,,train,reactions_1921,
0.5,random,,train,reactions_1790,
0.5,random,,train,reactions_366,
0.5,random,,train,reactions_1432,
0.5,random,,train,reactions_1419,
0.5,random,,train,reactions_22,
0.5,random,,train,reactions_944,
0.5,random,,train,reactions_3284,
0.5,random,,train,reactions_3401,
0.5,random,,train,reactions_1720,
0.5,random,,train,reactions_2266,
0.5,random,,train,reactions_2478,
0.5,random,,train,reactions_2213,
0.5,random,,train,reactions_3087,
0.5,random,,train,reactions_3919,
0.5,random,,train,reactions_966,
0.5,random,,train,reactions_2326,
0.5,random,,train,reactions_1202,
0.5,random,,train,reactions_570,
0.5,random,,train,reactions_3224,
0.5,random,,train,reactions_2917,
0.5,random,,train,reactions_165,
0.5,random,,train,reactions_3925,
0.5,random,,train,reactions_3865,
0.5,random,,train,reactions_3314,
0.5,random,,train,reactions_3225,
0.5,random,,train,reactions_1353,
0.5,random,,train,reactions_1656,
0.5,random,,train,reactions_655,
0.5,random,,train,reactions_333,
0.5,random,,train,reactions_282,
0.5,random,,train,reactions_2009,
0.5,random,,train,reactions_3134,
0.5,random,,train,reactions_2207,
0.5,random,,train,reactions_1365,
0.5,random,,train,reactions_1114,
0.5,random,,train,reactions_1170,
0.5,random,,train,reactions_2738,
0.5,random,,train,reactions_2580,
0.5,random,,train,reactions_1157,
0.5,random,,train,reactions_2720,
0.5,random,,train,reactions_169,
0.5,random,,train,reactions_3081,
0.5,random,,train,reactions_243,
0.5,random,,train,reactions_769,
0.5,random,,train,reactions_257,
0.5,random,,train,reactions_3240,
0.5,random,,train,reactions_2541,
0.5,random,,train,reactions_3464,
0.5,random,,train,reactions_2440,
0.5,random,,train,reactions_1985,
0.5,random,,train,reactions_3746,
0.5,random,,train,reactions_2919,
0.5,random,,train,reactions_1618,
0.5,random,,train,reactions_1560,
0.5,random,,train,reactions_384,
0.5,random,,train,reactions_2205,
0.5,random,,train,reactions_622,
0.5,random,,train,reactions_679,
0.5,random,,train,reactions_229,
0.5,random,,train,reactions_2748,
0.5,random,,train,reactions_2998,
0.5,random,,train,reactions_2583,
0.5,random,,train,reactions_2406,
0.5,random,,train,reactions_3088,
0.5,random,,train,reactions_1861,
0.5,random,,train,reactions_3841,
0.5,random,,train,reactions_1188,
0.5,random,,train,reactions_3698,
0.5,random,,train,reactions_3561,
0.5,random,,train,reactions_3861,
0.5,random,,train,reactions_1821,
0.5,random,,train,reactions_1696,
0.5,random,,train,reactions_3770,
0.5,random,,train,reactions_660,
0.5,random,,train,reactions_490,
0.5,random,,train,reactions_258,
0.5,random,,train,reactions_2579,
0.5,random,,train,reactions_3653,
0.5,random,,train,reactions_313,
0.5,random,,train,reactions_2693,
0.5,random,,train,reactions_1753,
0.5,random,,train,reactions_1193,
0.5,random,,train,reactions_2018,
0.5,random,,train,reactions_413,
0.5,random,,train,reactions_3671,
0.5,random,,train,reactions_2654,
0.5,random,,train,reactions_912,
0.5,random,,train,reactions_1320,
0.5,random,,train,reactions_2625,
0.5,random,,train,reactions_237,
0.5,random,,train,reactions_1877,
0.5,random,,train,reactions_2740,
0.5,random,,train,reactions_3392,
0.5,random,,train,reactions_299,
0.5,random,,train,reactions_3567,
0.5,random,,train,reactions_2025,
0.5,random,,train,reactions_3239,
0.5,random,,train,reactions_760,
0.5,random,,train,reactions_3246,
0.5,random,,train,reactions_2695,
0.5,random,,train,reactions_619,
0.5,random,,train,reactions_1563,
0.5,random,,train,reactions_386,
0.5,random,,train,reactions_1238,
0.5,random,,train,reactions_3427,
0.5,random,,train,reactions_1171,
0.5,random,,train,reactions_755,
0.5,random,,train,reactions_2064,
0.5,random,,train,reactions_3228,
0.5,random,,train,reactions_3060,
0.5,random,,train,reactions_2007,
0.5,random,,train,reactions_461,
0.5,random,,train,reactions_778,
0.5,random,,train,reactions_428,
0.5,random,,train,reactions_2369,
0.5,random,,train,reactions_1019,
0.5,random,,train,reactions_1724,
0.5,random,,train,reactions_3922,
0.5,random,,train,reactions_3720,
0.5,random,,train,reactions_1800,
0.5,random,,train,reactions_393,
0.5,random,,train,reactions_2566,
0.5,random,,train,reactions_270,
0.5,random,,train,reactions_238,
0.5,random,,train,reactions_2897,
0.5,random,,train,reactions_3446,
0.5,random,,train,reactions_2279,
0.5,random,,train,reactions_3745,
0.5,random,,train,reactions_2223,
0.5,random,,train,reactions_513,
0.5,random,,train,reactions_794,
0.5,random,,train,reactions_1402,
0.5,random,,train,reactions_819,
0.5,random,,train,reactions_1958,
0.5,random,,train,reactions_3368,
0.5,random,,train,reactions_279,
0.5,random,,train,reactions_3708,
0.5,random,,train,reactions_1615,
0.5,random,,train,reactions_466,
0.5,random,,train,reactions_2792,
0.5,random,,train,reactions_3828,
0.5,random,,train,reactions_159,
0.5,random,,train,reactions_822,
0.5,random,,train,reactions_2539,
0.5,random,,train,reactions_120,
0.5,random,,train,reactions_564,
0.5,random,,train,reactions_3568,
0.5,random,,train,reactions_2641,
0.5,random,,train,reactions_3198,
0.5,random,,train,reactions_2090,
0.5,random,,train,reactions_3510,
0.5,random,,train,reactions_1626,
0.5,random,,train,reactions_2499,
0.5,random,,train,reactions_2594,
0.5,random,,train,reactions_1536,
0.5,random,,train,reactions_339,
0.5,random,,train,reactions_1739,
0.5,random,,train,reactions_3667,
0.5,random,,train,reactions_3076,
0.5,random,,train,reactions_1981,
0.5,random,,train,reactions_3286,
0.5,random,,train,reactions_1960,
0.5,random,,train,reactions_3176,
0.5,random,,train,reactions_369,
0.5,random,,train,reactions_177,
0.5,random,,train,reactions_112,
0.5,random,,train,reactions_458,
0.5,random,,train,reactions_956,
0.5,random,,train,reactions_2570,
0.5,random,,train,reactions_307,
0.5,random,,train,reactions_783,
0.5,random,,train,reactions_1097,
0.5,random,,train,reactions_3364,
0.5,random,,train,reactions_1945,
0.5,random,,train,reactions_3675,
0.5,random,,train,reactions_3399,
0.5,random,,train,reactions_3192,
0.5,random,,train,reactions_2505,
0.5,random,,train,reactions_1472,
0.5,random,,train,reactions_1873,
0.5,random,,train,reactions_1233,
0.5,random,,train,reactions_1060,
0.5,random,,train,reactions_3786,
0.5,random,,train,reactions_1148,
0.5,random,,train,reactions_1782,
0.5,random,,train,reactions_2019,
0.5,random,,train,reactions_2521,
0.5,random,,train,reactions_1678,
0.5,random,,train,reactions_3043,
0.5,random,,train,reactions_2675,
0.5,random,,train,reactions_3133,
0.5,random,,train,reactions_1836,
0.5,random,,train,reactions_2813,
0.5,random,,train,reactions_2745,
0.5,random,,train,reactions_292,
0.5,random,,train,reactions_1977,
0.5,random,,train,reactions_1252,
0.5,random,,train,reactions_1858,
0.5,random,,train,reactions_1089,
0.5,random,,train,reactions_685,
0.5,random,,train,reactions_2032,
0.5,random,,train,reactions_3880,
0.5,random,,train,reactions_370,
0.5,random,,train,reactions_2294,
0.5,random,,train,reactions_1406,
0.5,random,,train,reactions_1852,
0.5,random,,train,reactions_3843,
0.5,random,,train,reactions_1590,
0.5,random,,train,reactions_1045,
0.5,random,,train,reactions_2750,
0.5,random,,train,reactions_618,
0.5,random,,train,reactions_3223,
0.5,random,,train,reactions_628,
0.5,random,,train,reactions_16,
0.5,random,,train,reactions_2164,
0.5,random,,train,reactions_901,
0.5,random,,train,reactions_2838,
0.5,random,,train,reactions_1027,
0.5,random,,train,reactions_325,
0.5,random,,train,reactions_2833,
0.5,random,,train,reactions_2508,
0.5,random,,train,reactions_3935,
0.5,random,,train,reactions_2637,
0.5,random,,train,reactions_1976,
0.5,random,,train,reactions_3837,
0.5,random,,train,reactions_1640,
0.5,random,,train,reactions_2928,
0.5,random,,train,reactions_754,
0.5,random,,train,reactions_2990,
0.5,random,,train,reactions_2367,
0.5,random,,train,reactions_3937,
0.5,random,,train,reactions_2524,
0.5,random,,train,reactions_644,
0.5,random,,train,reactions_1017,
0.5,random,,train,reactions_3634,
0.5,random,,train,reactions_3238,
0.5,random,,train,reactions_3679,
0.5,random,,train,reactions_1911,
0.5,random,,train,reactions_677,
0.5,random,,train,reactions_3895,
0.5,random,,train,reactions_3066,
0.5,random,,train,reactions_1205,
0.5,random,,train,reactions_667,
0.5,random,,train,reactions_2529,
0.5,random,,train,reactions_2128,
0.5,random,,train,reactions_2496,
0.5,random,,train,reactions_462,
0.5,random,,train,reactions_2145,
0.5,random,,train,reactions_139,
0.5,random,,train,reactions_224,
0.5,random,,train,reactions_110,
0.5,random,,train,reactions_2712,
0.5,random,,train,reactions_3685,
0.5,random,,train,reactions_612,
0.5,random,,train,reactions_2017,
0.5,random,,train,reactions_748,
0.5,random,,train,reactions_418,
0.5,random,,train,reactions_3295,
0.5,random,,train,reactions_3829,
0.5,random,,train,reactions_2077,
0.5,random,,train,reactions_79,
0.5,random,,train,reactions_1127,
0.5,random,,train,reactions_695,
0.5,random,,train,reactions_80,
0.5,random,,train,reactions_3929,
0.5,random,,train,reactions_2324,
0.5,random,,train,reactions_1728,
0.5,random,,train,reactions_1440,
0.5,random,,train,reactions_2020,
0.5,random,,train,reactions_1133,
0.5,random,,train,reactions_2661,
0.5,random,,train,reactions_1418,
0.5,random,,train,reactions_1756,
0.5,random,,train,reactions_1456,
0.5,random,,train,reactions_2867,
0.5,random,,train,reactions_155,
0.5,random,,train,reactions_2393,
0.5,random,,train,reactions_3255,
0.5,random,,train,reactions_1022,
0.5,random,,train,reactions_2008,
0.5,random,,train,reactions_1219,
0.5,random,,train,reactions_1722,
0.5,random,,train,reactions_2861,
0.5,random,,train,reactions_1493,
0.5,random,,train,reactions_1719,
0.5,random,,train,reactions_1725,
0.5,random,,train,reactions_1538,
0.5,random,,train,reactions_1778,
0.5,random,,train,reactions_3303,
0.5,random,,train,reactions_569,
0.5,random,,train,reactions_2522,
0.5,random,,train,reactions_2215,
0.5,random,,train,reactions_741,
0.5,random,,train,reactions_3357,
0.5,random,,train,reactions_1416,
0.5,random,,train,reactions_310,
0.5,random,,train,reactions_2868,
0.5,random,,train,reactions_244,
0.5,random,,train,reactions_2902,
0.5,random,,train,reactions_803,
0.5,random,,train,reactions_232,
0.5,random,,train,reactions_2116,
0.5,random,,train,reactions_574,
0.5,random,,train,reactions_102,
0.5,random,,train,reactions_353,
0.5,random,,train,reactions_1198,
0.5,random,,train,reactions_116,
0.5,random,,train,reactions_225,
0.5,random,,train,reactions_2557,
0.5,random,,train,reactions_432,
0.5,random,,train,reactions_1676,
0.5,random,,train,reactions_2606,
0.5,random,,train,reactions_1917,
0.5,random,,train,reactions_1591,
0.5,random,,train,reactions_2096,
0.5,random,,train,reactions_24,
0.5,random,,train,reactions_1085,
0.5,random,,train,reactions_3665,
0.5,random,,train,reactions_2789,
0.5,random,,train,reactions_2878,
0.5,random,,train,reactions_1369,
0.5,random,,train,reactions_2988,
0.5,random,,train,reactions_3513,
0.5,random,,train,reactions_1789,
0.5,random,,train,reactions_914,
0.5,random,,train,reactions_2143,
0.5,random,,train,reactions_1167,
0.5,random,,train,reactions_1206,
0.5,random,,train,reactions_2039,
0.5,random,,train,reactions_738,
0.5,random,,train,reactions_1474,
0.5,random,,train,reactions_3947,
0.5,random,,train,reactions_1330,
0.5,random,,train,reactions_3683,
0.5,random,,train,reactions_1965,
0.5,random,,train,reactions_2841,
0.5,random,,train,reactions_3864,
0.5,random,,train,reactions_812,
0.5,random,,train,reactions_3131,
0.5,random,,train,reactions_300,
0.5,random,,train,reactions_780,
0.5,random,,train,reactions_1683,
0.5,random,,train,reactions_3652,
0.5,random,,train,reactions_3403,
0.5,random,,train,reactions_799,
0.5,random,,train,reactions_2942,
0.5,random,,train,reactions_23,
0.5,random,,train,reactions_2341,
0.5,random,,train,reactions_2347,
0.5,random,,train,reactions_1838,
0.5,random,,train,reactions_2126,
0.5,random,,train,reactions_798,
0.5,random,,train,reactions_1785,
0.5,random,,train,reactions_3604,
0.5,random,,train,reactions_3876,
0.5,random,,train,reactions_3777,
0.5,random,,train,reactions_3856,
0.5,random,,train,reactions_2274,
0.5,random,,train,reactions_2232,
0.5,random,,train,reactions_2893,
0.5,random,,train,reactions_1273,
0.5,random,,train,reactions_3503,
0.5,random,,train,reactions_3806,
0.5,random,,train,reactions_878,
0.5,random,,train,reactions_2156,
0.5,random,,train,reactions_2929,
0.5,random,,train,reactions_2884,
0.5,random,,train,reactions_551,
0.5,random,,train,reactions_420,
0.5,random,,train,reactions_3078,
0.5,random,,train,reactions_549,
0.5,random,,train,reactions_199,
0.5,random,,train,reactions_1708,
0.5,random,,train,reactions_91,
0.5,random,,train,reactions_3514,
0.5,random,,train,reactions_2891,
0.5,random,,train,reactions_1125,
0.5,random,,train,reactions_2607,
0.5,random,,train,reactions_2849,
0.5,random,,train,reactions_2325,
0.5,random,,train,reactions_2486,
0.5,random,,train,reactions_743,
0.5,random,,train,reactions_2544,
0.5,random,,train,reactions_724,
0.5,random,,train,reactions_1326,
0.5,random,,train,reactions_1854,
0.5,random,,train,reactions_2303,
0.5,random,,train,reactions_1359,
0.5,random,,train,reactions_512,
0.5,random,,train,reactions_1742,
0.5,random,,train,reactions_3054,
0.5,random,,train,reactions_2808,
0.5,random,,train,reactions_391,
0.5,random,,train,reactions_3122,
0.5,random,,train,reactions_1608,
0.5,random,,train,reactions_2717,
0.5,random,,train,reactions_2443,
0.5,random,,train,reactions_1452,
0.5,random,,train,reactions_2715,
0.5,random,,train,reactions_740,
0.5,random,,train,reactions_2427,
0.5,random,,train,reactions_1592,
0.5,random,,train,reactions_2667,
0.5,random,,train,reactions_3486,
0.5,random,,train,reactions_1222,
0.5,random,,train,reactions_3917,
0.5,random,,train,reactions_1913,
0.5,random,,train,reactions_3092,
0.5,random,,train,reactions_2416,
0.5,random,,train,reactions_2010,
0.5,random,,train,reactions_3117,
0.5,random,,train,reactions_776,
0.5,random,,train,reactions_218,
0.5,random,,train,reactions_259,
0.5,random,,train,reactions_2297,
0.5,random,,train,reactions_442,
0.5,random,,train,reactions_2591,
0.5,random,,train,reactions_2439,
0.5,random,,train,reactions_3893,
0.5,random,,train,reactions_891,
0.5,random,,train,reactions_1691,
0.5,random,,train,reactions_836,
0.5,random,,train,reactions_2021,
0.5,random,,train,reactions_2040,
0.5,random,,train,reactions_1067,
0.5,random,,train,reactions_2106,
0.5,random,,train,reactions_680,
0.5,random,,train,reactions_2446,
0.5,random,,train,reactions_501,
0.5,random,,train,reactions_2853,
0.5,random,,train,reactions_2099,
0.5,random,,train,reactions_1818,
0.5,random,,train,reactions_1892,
0.5,random,,train,reactions_923,
0.5,random,,train,reactions_3084,
0.5,random,,train,reactions_926,
0.5,random,,train,reactions_1184,
0.5,random,,train,reactions_1056,
0.5,random,,train,reactions_1479,
0.5,random,,train,reactions_1760,
0.5,random,,train,reactions_3490,
0.5,random,,train,reactions_1637,
0.5,random,,train,reactions_1053,
0.5,random,,train,reactions_3733,
0.5,random,,train,reactions_1690,
0.5,random,,train,reactions_2141,
0.5,random,,train,reactions_2348,
0.5,random,,train,reactions_171,
0.5,random,,train,reactions_341,
0.5,random,,train,reactions_1523,
0.5,random,,train,reactions_3867,
0.5,random,,train,reactions_934,
0.5,random,,train,reactions_2480,
0.5,random,,train,reactions_597,
0.5,random,,train,reactions_76,
0.5,random,,train,reactions_3253,
0.5,random,,train,reactions_3943,
0.5,random,,train,reactions_1236,
0.5,random,,train,reactions_3629,
0.5,random,,train,reactions_590,
0.5,random,,train,reactions_130,
0.5,random,,train,reactions_900,
0.5,random,,train,reactions_426,
0.5,random,,train,reactions_2181,
0.5,random,,train,reactions_1904,
0.5,random,,train,reactions_1646,
0.5,random,,train,reactions_1304,
0.5,random,,train,reactions_766,
0.5,random,,train,reactions_3719,
0.5,random,,train,reactions_1144,
0.5,random,,train,reactions_285,
0.5,random,,train,reactions_3817,
0.5,random,,train,reactions_2457,
0.5,random,,train,reactions_2876,
0.5,random,,train,reactions_3416,
0.5,random,,train,reactions_672,
0.5,random,,train,reactions_4,
0.5,random,,train,reactions_1548,
0.5,random,,train,reactions_3431,
0.5,random,,train,reactions_1457,
0.5,random,,train,reactions_2058,
0.5,random,,train,reactions_2507,
0.5,random,,train,reactions_250,
0.5,random,,train,reactions_960,
0.5,random,,train,reactions_2569,
0.5,random,,train,reactions_2455,
0.5,random,,train,reactions_2132,
0.5,random,,train,reactions_3200,
0.5,random,,train,reactions_3365,
0.5,random,,train,reactions_1524,
0.5,random,,train,reactions_731,
0.5,random,,train,reactions_521,
0.5,random,,train,reactions_381,
0.5,random,,train,reactions_3789,
0.5,random,,train,reactions_2374,
0.5,random,,train,reactions_1636,
0.5,random,,train,reactions_1791,
0.5,random,,train,reactions_1576,
0.5,random,,train,reactions_1833,
0.5,random,,train,reactions_2538,
0.5,random,,train,reactions_3216,
0.5,random,,train,reactions_854,
0.5,random,,train,reactions_2704,
0.5,random,,train,reactions_2057,
0.5,random,,train,reactions_1763,
0.5,random,,train,reactions_207,
0.5,random,,train,reactions_542,
0.5,random,,train,reactions_1108,
0.5,random,,train,reactions_3631,
0.5,random,,train,reactions_1661,
0.5,random,,train,reactions_3189,
0.5,random,,train,reactions_166,
0.5,random,,train,reactions_1427,
0.5,random,,train,reactions_3015,
0.5,random,,train,reactions_2653,
0.5,random,,train,reactions_596,
0.5,random,,train,reactions_3190,
0.5,random,,train,reactions_568,
0.5,random,,train,reactions_3195,
0.5,random,,train,reactions_1002,
0.5,random,,train,reactions_3226,
0.5,random,,train,reactions_1293,
0.5,random,,train,reactions_886,
0.5,random,,train,reactions_3265,
0.5,random,,train,reactions_473,
0.5,random,,train,reactions_1908,
0.5,random,,train,reactions_2322,
0.5,random,,train,reactions_2634,
0.5,random,,train,reactions_3042,
0.5,random,,train,reactions_1815,
0.5,random,,train,reactions_3049,
0.5,random,,train,reactions_2806,
0.5,random,,train,reactions_1315,
0.5,random,,train,reactions_663,
0.5,random,,train,reactions_1717,
0.5,random,,train,reactions_533,
0.5,random,,train,reactions_1433,
0.5,random,,train,reactions_3030,
0.5,random,,train,reactions_48,
0.5,random,,train,reactions_726,
0.5,random,,train,reactions_977,
0.5,random,,train,reactions_1519,
0.5,random,,train,reactions_1826,
0.5,random,,train,reactions_2203,
0.5,random,,train,reactions_1891,
0.5,random,,train,reactions_773,
0.5,random,,train,reactions_892,
0.5,random,,train,reactions_636,
0.5,random,,train,reactions_1482,
0.5,random,,train,reactions_3411,
0.5,random,,train,reactions_468,
0.5,random,,train,reactions_1809,
0.5,random,,train,reactions_875,
0.5,random,,train,reactions_1653,
0.5,random,,train,reactions_2586,
0.5,random,,train,reactions_903,
0.5,random,,train,reactions_3557,
0.5,random,,train,reactions_3622,
0.5,random,,train,reactions_1333,
0.5,random,,train,reactions_3268,
0.5,random,,train,reactions_2137,
0.5,random,,train,reactions_409,
0.5,random,,train,reactions_266,
0.5,random,,train,reactions_554,
0.5,random,,train,reactions_2193,
0.5,random,,train,reactions_3209,
0.5,random,,train,reactions_1131,
0.5,random,,train,reactions_3508,
0.5,random,,train,reactions_360,
0.5,random,,train,reactions_1264,
0.5,random,,train,reactions_3379,
0.5,random,,train,reactions_416,
0.5,random,,train,reactions_3157,
0.5,random,,train,reactions_631,
0.5,random,,train,reactions_1075,
0.5,random,,train,reactions_657,
0.5,random,,train,reactions_3739,
0.5,random,,train,reactions_3050,
0.5,random,,train,reactions_2979,
0.5,random,,train,reactions_74,
0.5,random,,train,reactions_2842,
0.5,random,,train,reactions_3181,
0.5,random,,train,reactions_408,
0.5,random,,train,reactions_2956,
0.5,random,,train,reactions_1871,
0.5,random,,train,reactions_3621,
0.5,random,,train,reactions_2999,
0.5,random,,train,reactions_3469,
0.5,random,,train,reactions_898,
0.5,random,,train,reactions_3077,
0.5,random,,train,reactions_2655,
0.5,random,,train,reactions_843,
0.5,random,,train,reactions_1069,
0.5,random,,train,reactions_3466,
0.5,random,,train,reactions_975,
0.5,random,,train,reactions_2358,
0.5,random,,train,reactions_2292,
0.5,random,,train,reactions_908,
0.5,random,,train,reactions_2903,
0.5,random,,train,reactions_591,
0.5,random,,train,reactions_2950,
0.5,random,,train,reactions_1257,
0.5,random,,train,reactions_362,
0.5,random,,train,reactions_2605,
0.5,random,,train,reactions_540,
0.5,random,,train,reactions_3260,
0.5,random,,train,reactions_2014,
0.5,random,,train,reactions_2757,
0.5,random,,train,reactions_3645,
0.5,random,,train,reactions_377,
0.5,random,,train,reactions_2327,
0.5,random,,train,reactions_1221,
0.5,random,,train,reactions_581,
0.5,random,,train,reactions_2989,
0.5,random,,train,reactions_2085,
0.5,random,,train,reactions_193,
0.5,random,,train,reactions_3166,
0.5,random,,train,reactions_3137,
0.5,random,,train,reactions_2683,
0.5,random,,train,reactions_1922,
0.5,random,,train,reactions_813,
0.5,random,,train,reactions_2031,
0.5,random,,train,reactions_983,
0.5,random,,train,reactions_1149,
0.5,random,,train,reactions_1697,
0.5,random,,train,reactions_952,
0.5,random,,train,reactions_3449,
0.5,random,,train,reactions_2335,
0.5,random,,train,reactions_196,
0.5,random,,train,reactions_3678,
0.5,random,,train,reactions_1390,
0.5,random,,train,reactions_791,
0.5,random,,train,reactions_1310,
0.5,random,,train,reactions_1709,
0.5,random,,train,reactions_1687,
0.5,random,,train,reactions_111,
0.5,random,,train,reactions_713,
0.5,random,,train,reactions_3330,
0.5,random,,train,reactions_132,
0.5,random,,train,reactions_3038,
0.5,random,,train,reactions_582,
0.5,random,,train,reactions_3310,
0.5,random,,train,reactions_209,
0.5,random,,train,reactions_545,
0.5,random,,train,reactions_1270,
0.5,random,,train,reactions_587,
0.5,random,,train,reactions_2462,
0.5,random,,train,reactions_2162,
0.5,random,,train,reactions_530,
0.5,random,,train,reactions_423,
0.5,random,,train,reactions_1289,
0.5,random,,train,reactions_3280,
0.5,random,,train,reactions_911,
0.5,random,,train,reactions_3358,
0.5,random,,train,reactions_2483,
0.5,random,,train,reactions_164,
0.5,random,,train,reactions_1973,
0.5,random,,train,reactions_827,
0.5,random,,train,reactions_3737,
0.5,random,,train,reactions_933,
0.5,random,,train,reactions_2567,
0.5,random,,train,reactions_3002,
0.5,random,,train,reactions_759,
0.5,random,,train,reactions_594,
0.5,random,,train,reactions_2350,
0.5,random,,train,reactions_2013,
0.5,random,,train,reactions_2602,
0.5,random,,train,reactions_62,
0.5,random,,train,reactions_2134,
0.5,random,,train,reactions_1682,
0.5,random,,train,reactions_1374,
0.5,random,,train,reactions_1012,
0.5,random,,train,reactions_732,
0.5,random,,train,reactions_2688,
0.5,random,,train,reactions_290,
0.5,random,,train,reactions_3018,
0.5,random,,train,reactions_1564,
0.5,random,,train,reactions_3174,
0.5,random,,train,reactions_1208,
0.5,random,,train,reactions_1103,
0.5,random,,train,reactions_1181,
0.5,random,,train,reactions_3493,
0.5,random,,train,reactions_3108,
0.5,random,,train,reactions_3208,
0.5,random,,train,reactions_2115,
0.5,random,,train,reactions_673,
0.5,random,,train,reactions_2178,
0.5,random,,train,reactions_1349,
0.5,random,,train,reactions_1386,
0.5,random,,train,reactions_3062,
0.5,random,,train,reactions_1827,
0.5,random,,train,reactions_3051,
0.5,random,,train,reactions_12,
0.5,random,,train,reactions_1153,
0.5,random,,train,reactions_2139,
0.5,random,,train,reactions_1039,
0.5,random,,train,reactions_2310,
0.5,random,,train,reactions_1638,
0.5,random,,train,reactions_2311,
0.5,random,,train,reactions_1213,
0.5,random,,train,reactions_3872,
0.5,random,,train,reactions_2405,
0.5,random,,train,reactions_2431,
0.5,random,,train,reactions_1461,
0.5,random,,train,reactions_1530,
0.5,random,,train,reactions_2993,
0.5,random,,train,reactions_2640,
0.5,random,,train,reactions_3579,
0.5,random,,train,reactions_3444,
0.5,random,,train,reactions_1231,
0.5,random,,train,reactions_1367,
0.5,random,,train,reactions_978,
0.5,random,,train,reactions_2004,
0.5,random,,train,reactions_3467,
0.5,random,,train,reactions_725,
0.5,random,,train,reactions_3532,
0.5,random,,train,reactions_3425,
0.5,random,,train,reactions_1987,
0.5,random,,train,reactions_2801,
0.5,random,,train,reactions_3903,
0.5,random,,train,reactions_860,
0.5,random,,train,reactions_2195,
0.5,random,,train,reactions_1092,
0.5,random,,train,reactions_3756,
0.5,random,,train,reactions_349,
0.5,random,,train,reactions_946,
0.5,random,,train,reactions_853,
0.5,random,,train,reactions_401,
0.5,random,,train,reactions_3544,
0.5,random,,train,reactions_251,
0.5,random,,train,reactions_1249,
0.5,random,,train,reactions_1447,
0.5,random,,train,reactions_1471,
0.5,random,,train,reactions_2494,
0.5,random,,train,reactions_1964,
0.5,random,,train,reactions_681,
0.5,random,,train,reactions_448,
0.5,random,,train,reactions_1773,
0.5,random,,train,reactions_255,
0.5,random,,train,reactions_2663,
0.5,random,,train,reactions_36,
0.5,random,,train,reactions_698,
0.5,random,,train,reactions_3873,
0.5,random,,train,reactions_3128,
0.5,random,,train,reactions_1657,
0.5,random,,train,reactions_2170,
0.5,random,,train,reactions_1587,
0.5,random,,train,reactions_3651,
0.5,random,,train,reactions_2951,
0.5,random,,train,reactions_1242,
0.5,random,,train,reactions_1853,
0.5,random,,train,reactions_1169,
0.5,random,,train,reactions_3333,
0.5,random,,train,reactions_2976,
0.5,random,,train,reactions_3424,
0.5,random,,train,reactions_2669,
0.5,random,,train,reactions_2169,
0.5,random,,train,reactions_699,
0.5,random,,train,reactions_3905,
0.5,random,,train,reactions_1599,
0.5,random,,train,reactions_3824,
0.5,random,,train,reactions_2925,
0.5,random,,train,reactions_2285,
0.5,random,,train,reactions_3766,
0.5,random,,train,reactions_2896,
0.5,random,,train,reactions_2309,
0.5,random,,train,reactions_187,
0.5,random,,train,reactions_72,
0.5,random,,train,reactions_343,
0.5,random,,train,reactions_241,
0.5,random,,train,reactions_2320,
0.5,random,,train,reactions_3430,
0.5,random,,train,reactions_2430,
0.5,random,,train,reactions_1299,
0.5,random,,train,reactions_745,
0.5,random,,train,reactions_770,
0.5,random,,train,reactions_3148,
0.5,random,,train,reactions_523,
0.5,random,,train,reactions_2089,
0.5,random,,train,reactions_41,
0.5,random,,train,reactions_3884,
0.5,random,,train,reactions_2093,
0.5,random,,train,reactions_2698,
0.5,random,,train,reactions_3234,
0.5,random,,train,reactions_1025,
0.5,random,,train,reactions_1907,
0.5,random,,train,reactions_3374,
0.5,random,,train,reactions_2765,
0.5,random,,train,reactions_3110,
0.5,random,,train,reactions_3440,
0.5,random,,train,reactions_3748,
0.5,random,,train,reactions_3554,
0.5,random,,train,reactions_1306,
0.5,random,,train,reactions_929,
0.5,random,,train,reactions_3810,
0.5,random,,train,reactions_1321,
0.5,random,,train,reactions_3751,
0.5,random,,train,reactions_1930,
0.5,random,,train,reactions_1377,
0.5,random,,train,reactions_2197,
0.5,random,,train,reactions_712,
0.5,random,,train,reactions_3904,
0.5,random,,train,reactions_1294,
0.5,random,,train,reactions_1087,
0.5,random,,train,reactions_3784,
0.5,random,,train,reactions_625,
0.5,random,,train,reactions_1464,
0.5,random,,train,reactions_1405,
0.5,random,,train,reactions_2582,
0.5,random,,train,reactions_2474,
0.5,random,,train,reactions_2692,
0.5,random,,train,reactions_1499,
0.5,random,,train,reactions_3220,
0.5,random,,train,reactions_2027,
0.5,random,,train,reactions_173,
0.5,random,,train,reactions_455,
0.5,random,,train,reactions_3757,
0.5,random,,train,reactions_3428,
0.5,random,,train,reactions_3494,
0.5,random,,train,reactions_930,
0.5,random,,train,reactions_1166,
0.5,random,,train,reactions_3727,
0.5,random,,train,reactions_3212,
0.5,random,,train,reactions_1963,
0.5,random,,train,reactions_3618,
0.5,random,,train,reactions_496,
0.5,random,,train,reactions_1478,
0.5,random,,train,reactions_2802,
0.5,random,,train,reactions_1920,
0.5,random,,train,reactions_2598,
0.5,random,,train,reactions_2563,
0.5,random,,train,reactions_1196,
0.5,random,,train,reactions_1658,
0.5,random,,train,reactions_3139,
0.5,random,,train,reactions_2146,
0.5,random,,train,reactions_2488,
0.5,random,,train,reactions_176,
0.5,random,,train,reactions_2846,
0.5,random,,train,reactions_890,
0.5,random,,train,reactions_93,
0.5,random,,train,reactions_659,
0.5,random,,train,reactions_1589,
0.5,random,,train,reactions_2257,
0.5,random,,train,reactions_1312,
0.5,random,,train,reactions_394,
0.5,random,,train,reactions_1351,
0.5,random,,train,reactions_1335,
0.5,random,,train,reactions_3397,
0.5,random,,train,reactions_2067,
0.5,random,,train,reactions_1399,
0.5,random,,train,reactions_2084,
0.5,random,,train,reactions_953,
0.5,random,,train,reactions_3453,
0.5,random,,train,reactions_2689,
0.5,random,,train,reactions_697,
0.5,random,,train,reactions_261,
0.5,random,,train,reactions_149,
0.5,random,,train,reactions_2733,
0.5,random,,train,reactions_552,
0.5,random,,train,reactions_2372,
0.5,random,,train,reactions_947,
0.5,random,,train,reactions_2559,
0.5,random,,train,reactions_1706,
0.5,random,,train,reactions_3135,
0.5,random,,train,reactions_2746,
0.5,random,,train,reactions_395,
0.5,random,,train,reactions_405,
0.5,random,,train,reactions_476,
0.5,random,,train,reactions_2961,
0.5,random,,train,reactions_3016,
0.5,random,,train,reactions_2479,
0.5,random,,train,reactions_3939,
0.5,random,,train,reactions_792,
0.5,random,,train,reactions_3885,
0.5,random,,train,reactions_641,
0.5,random,,train,reactions_872,
0.5,random,,train,reactions_1761,
0.5,random,,train,reactions_3370,
0.5,random,,train,reactions_2697,
0.5,random,,train,reactions_3881,
0.5,random,,train,reactions_3584,
0.5,random,,train,reactions_1011,
0.5,random,,train,reactions_3752,
0.5,random,,train,reactions_764,
0.5,random,,train,reactions_3552,
0.5,random,,train,reactions_1765,
0.5,random,,train,reactions_2263,
0.5,random,,train,reactions_1245,
0.5,random,,train,reactions_2485,
0.5,random,,train,reactions_1575,
0.5,random,,train,reactions_3307,
0.5,random,,train,reactions_3361,
0.5,random,,train,reactions_1392,
0.5,random,,train,reactions_1194,
0.5,random,,train,reactions_1801,
0.5,random,,train,reactions_1605,
0.5,random,,train,reactions_3775,
0.5,random,,train,reactions_506,
0.5,random,,train,reactions_1795,
0.5,random,,train,reactions_1723,
0.5,random,,train,reactions_2816,
0.5,random,,train,reactions_1484,
0.5,random,,train,reactions_2679,
0.5,random,,train,reactions_389,
0.5,random,,train,reactions_3518,
0.5,random,,train,reactions_2764,
0.5,random,,train,reactions_3124,
0.5,random,,train,reactions_2251,
0.5,random,,train,reactions_548,
0.5,random,,train,reactions_2244,
0.5,random,,train,reactions_2537,
0.5,random,,train,reactions_3695,
0.5,random,,train,reactions_414,
0.5,random,,train,reactions_396,
0.5,random,,train,reactions_3803,
0.5,random,,train,reactions_37,
0.5,random,,train,reactions_2892,
0.5,random,,train,reactions_1629,
0.5,random,,train,reactions_3488,
0.5,random,,train,reactions_174,
0.5,random,,train,reactions_2948,
0.5,random,,train,reactions_2619,
0.5,random,,train,reactions_1146,
0.5,random,,train,reactions_465,
0.5,random,,train,reactions_1376,
0.5,random,,train,reactions_2283,
0.5,random,,train,reactions_3528,
0.5,random,,train,reactions_981,
0.5,random,,train,reactions_1497,
0.5,random,,train,reactions_2905,
0.5,random,,train,reactions_2217,
0.5,random,,train,reactions_649,
0.5,random,,train,reactions_1779,
0.5,random,,train,reactions_2611,
0.5,random,,train,reactions_3627,
0.5,random,,train,reactions_1393,
0.5,random,,train,reactions_151,
0.5,random,,train,reactions_2246,
0.5,random,,train,reactions_2822,
0.5,random,,train,reactions_3153,
0.5,random,,train,reactions_2510,
0.5,random,,train,reactions_2236,
0.5,random,,train,reactions_3611,
0.5,random,,train,reactions_2603,
0.5,random,,train,reactions_1924,
0.5,random,,train,reactions_1006,
0.5,random,,train,reactions_2385,
0.5,random,,train,reactions_2517,
0.5,random,,train,reactions_3728,
0.5,random,,train,reactions_1463,
0.5,random,,train,reactions_3129,
0.5,random,,train,reactions_777,
0.5,random,,train,reactions_256,
0.5,random,,train,reactions_1490,
0.5,random,,train,reactions_630,
0.5,random,,train,reactions_993,
0.5,random,,train,reactions_3441,
0.5,random,,train,reactions_2977,
0.5,random,,train,reactions_3495,
0.5,random,,train,reactions_2532,
0.5,random,,train,reactions_3566,
0.5,random,,train,reactions_541,
0.5,random,,train,reactions_1204,
0.5,random,,train,reactions_757,
0.5,random,,train,reactions_3846,
0.5,random,,train,reactions_877,
0.5,random,,train,reactions_997,
0.5,random,,train,reactions_1283,
0.5,random,,train,reactions_3422,
0.5,random,,train,reactions_919,
0.5,random,,train,reactions_3144,
0.5,random,,train,reactions_220,
0.5,random,,train,reactions_2628,
0.5,random,,train,reactions_614,
0.5,random,,train,reactions_3118,
0.5,random,,train,reactions_85,
0.5,random,,train,reactions_1616,
0.5,random,,train,reactions_1136,
0.5,random,,train,reactions_3023,
0.5,random,,train,reactions_3252,
0.5,random,,train,reactions_2409,
0.5,random,,train,reactions_338,
0.5,random,,train,reactions_2894,
0.5,random,,train,reactions_3116,
0.5,random,,train,reactions_958,
0.5,random,,train,reactions_1544,
0.5,random,,train,reactions_669,
0.5,random,,train,reactions_3383,
0.5,random,,train,reactions_1284,
0.5,random,,train,reactions_1340,
0.5,random,,train,reactions_1956,
0.5,random,,train,reactions_2851,
0.5,random,,train,reactions_2375,
0.5,random,,train,reactions_1062,
0.5,random,,train,reactions_2468,
0.5,random,,train,reactions_2172,
0.5,random,,train,reactions_1269,
0.5,random,,train,reactions_2860,
0.5,random,,train,reactions_2111,
0.5,random,,train,reactions_322,
0.5,random,,train,reactions_51,
0.5,random,,train,reactions_3205,
0.5,random,,train,reactions_240,
0.5,random,,train,reactions_215,
0.5,random,,train,reactions_3372,
0.5,random,,train,reactions_1990,
0.5,random,,train,reactions_54,
0.5,random,,train,reactions_316,
0.5,random,,train,reactions_3674,
0.5,random,,train,reactions_1906,
0.5,random,,train,reactions_1481,
0.5,random,,train,reactions_2581,
0.5,random,,train,reactions_1558,
0.5,random,,train,reactions_1610,
0.5,random,,train,reactions_2220,
0.5,random,,train,reactions_737,
0.5,random,,train,reactions_1660,
0.5,random,,train,reactions_3773,
0.5,random,,train,reactions_2934,
0.5,random,,train,reactions_729,
0.5,random,,train,reactions_3257,
0.5,random,,train,reactions_3672,
0.5,random,,train,reactions_2525,
0.5,random,,train,reactions_613,
0.5,random,,train,reactions_1373,
0.5,random,,train,reactions_1028,
0.5,random,,train,reactions_1450,
0.5,random,,train,reactions_2815,
0.5,random,,train,reactions_3304,
0.5,random,,train,reactions_275,
0.5,random,,train,reactions_1578,
0.5,random,,train,reactions_749,
0.5,random,,train,reactions_1712,
0.5,random,,train,reactions_3862,
0.5,random,,train,reactions_2380,
0.5,random,,train,reactions_2396,
0.5,random,,train,reactions_2284,
0.5,random,,train,reactions_3082,
0.5,random,,train,reactions_897,
0.5,random,,train,reactions_33,
0.5,random,,train,reactions_286,
0.5,random,,train,reactions_2516,
0.5,random,,train,reactions_1824,
0.5,random,,train,reactions_2414,
0.5,random,,train,reactions_198,
0.5,random,,train,reactions_403,
0.5,random,,train,reactions_406,
0.5,random,,train,reactions_3336,
0.5,random,,train,reactions_3666,
0.5,random,,train,reactions_1929,
0.5,random,,train,reactions_1439,
0.5,random,,train,reactions_2307,
0.5,random,,train,reactions_2593,
0.5,random,,train,reactions_3031,
0.5,random,,train,reactions_3847,
0.5,random,,train,reactions_3492,
0.5,random,,train,reactions_3249,
0.5,random,,train,reactions_3940,
0.5,random,,train,reactions_2912,
0.5,random,,train,reactions_363,
0.5,random,,train,reactions_335,
0.5,random,,train,reactions_2986,
0.5,random,,train,reactions_1517,
0.5,random,,train,reactions_3316,
0.5,random,,train,reactions_3107,
0.5,random,,train,reactions_3293,
0.5,random,,train,reactions_2699,
0.5,random,,train,reactions_118,
0.5,random,,train,reactions_2273,
0.5,random,,train,reactions_2504,
0.5,random,,train,reactions_3219,
0.5,random,,train,reactions_88,
0.5,random,,train,reactions_786,
0.5,random,,train,reactions_3325,
0.5,random,,train,reactions_404,
0.5,random,,train,reactions_2734,
0.5,random,,train,reactions_267,
0.5,random,,train,reactions_3244,
0.5,random,,train,reactions_1830,
0.5,random,,train,reactions_2117,
0.5,random,,train,reactions_866,
0.5,random,,train,reactions_3907,
0.5,random,,train,reactions_969,
0.5,random,,train,reactions_2376,
0.5,random,,train,reactions_1890,
0.5,random,,train,reactions_3215,
0.5,random,,train,reactions_2650,
0.5,random,,train,reactions_3531,
0.5,random,,train,reactions_2313,
0.5,random,,train,reactions_304,
0.5,random,,train,reactions_1537,
0.5,random,,train,reactions_873,
0.5,random,,train,reactions_3027,
0.5,random,,train,reactions_2221,
0.5,random,,train,reactions_2071,
0.5,random,,train,reactions_1979,
0.5,random,,train,reactions_1642,
0.5,random,,train,reactions_2400,
0.5,random,,train,reactions_430,
0.5,random,,train,reactions_1130,
0.5,random,,train,reactions_3382,
0.5,random,,train,reactions_3236,
0.5,random,,train,reactions_1413,
0.5,random,,train,reactions_2218,
0.5,random,,train,reactions_1567,
0.5,random,,train,reactions_2548,
0.5,random,,train,reactions_3852,
0.5,random,,train,reactions_1630,
0.5,random,,train,reactions_2635,
0.5,random,,train,reactions_3760,
0.5,random,,train,reactions_1217,
0.5,random,,train,reactions_3774,
0.5,random,,train,reactions_2873,
0.5,random,,train,reactions_3438,
0.5,random,,train,reactions_1313,
0.5,random,,train,reactions_31,
0.5,random,,train,reactions_3799,
0.5,random,,train,reactions_1732,
0.5,random,,train,reactions_75,
0.5,random,,train,reactions_1119,
0.5,random,,train,reactions_1232,
0.5,random,,train,reactions_1107,
0.5,random,,train,reactions_47,
0.5,random,,train,reactions_1750,
0.5,random,,train,reactions_3227,
0.5,random,,train,reactions_3103,
0.5,random,,train,reactions_2794,
0.5,random,,train,reactions_1639,
0.5,random,,train,reactions_373,
0.5,random,,train,reactions_3347,
0.5,random,,train,reactions_573,
0.5,random,,train,reactions_1339,
0.5,random,,train,reactions_3923,
0.5,random,,train,reactions_3836,
0.5,random,,train,reactions_2946,
0.5,random,,train,reactions_2612,
0.5,random,,train,reactions_1612,
0.5,random,,train,reactions_3447,
0.5,random,,train,reactions_1070,
0.5,random,,train,reactions_2954,
0.5,random,,train,reactions_2616,
0.5,random,,train,reactions_3294,
0.5,random,,train,reactions_1807,
0.5,random,,train,reactions_1792,
0.5,random,,train,reactions_2924,
0.5,random,,train,reactions_3262,
0.5,random,,train,reactions_3726,
0.5,random,,train,reactions_2759,
0.5,random,,train,reactions_874,
0.5,random,,train,reactions_1492,
0.5,random,,train,reactions_1939,
0.5,random,,train,reactions_633,
0.5,random,,train,reactions_502,
0.5,random,,train,reactions_1426,
0.5,random,,train,reactions_2449,
0.5,random,,train,reactions_3101,
0.5,random,,train,reactions_1005,
0.5,random,,train,reactions_1511,
0.5,random,,train,reactions_1948,
0.5,random,,train,reactions_1074,
0.5,random,,train,reactions_1468,
0.5,random,,train,reactions_3944,
0.5,random,,train,reactions_2885,
0.5,random,,train,reactions_2260,
0.5,random,,train,reactions_1764,
0.5,random,,valid,reactions_2803,
0.5,random,,valid,reactions_1842,
0.5,random,,valid,reactions_2906,
0.5,random,,valid,reactions_2208,
0.5,random,,valid,reactions_3594,
0.5,random,,valid,reactions_2887,
0.5,random,,valid,reactions_1250,
0.5,random,,valid,reactions_3178,
0.5,random,,valid,reactions_497,
0.5,random,,valid,reactions_3906,
0.5,random,,valid,reactions_3163,
0.5,random,,valid,reactions_1348,
0.5,random,,valid,reactions_3826,
0.5,random,,valid,reactions_3113,
0.5,random,,valid,reactions_387,
0.5,random,,valid,reactions_871,
0.5,random,,valid,reactions_2755,
0.5,random,,valid,reactions_115,
0.5,random,,valid,reactions_3730,
0.5,random,,valid,reactions_527,
0.5,random,,valid,reactions_1998,
0.5,random,,valid,reactions_2763,
0.5,random,,valid,reactions_3213,
0.5,random,,valid,reactions_189,
0.5,random,,valid,reactions_2967,
0.5,random,,valid,reactions_2535,
0.5,random,,valid,reactions_3045,
0.5,random,,valid,reactions_2639,
0.5,random,,valid,reactions_825,
0.5,random,,valid,reactions_1229,
0.5,random,,valid,reactions_1754,
0.5,random,,valid,reactions_1585,
0.5,random,,valid,reactions_359,
0.5,random,,valid,reactions_2545,
0.5,random,,valid,reactions_1879,
0.5,random,,valid,reactions_2823,
0.5,random,,valid,reactions_1201,
0.5,random,,valid,reactions_3570,
0.5,random,,valid,reactions_1710,
0.5,random,,valid,reactions_1380,
0.5,random,,valid,reactions_86,
0.5,random,,valid,reactions_1300,
0.5,random,,valid,reactions_1941,
0.5,random,,valid,reactions_160,
0.5,random,,valid,reactions_889,
0.5,random,,valid,reactions_2978,
0.5,random,,valid,reactions_3064,
0.5,random,,valid,reactions_3123,
0.5,random,,valid,reactions_3896,
0.5,random,,valid,reactions_2422,
0.5,random,,valid,reactions_2044,
0.5,random,,valid,reactions_2454,
0.5,random,,valid,reactions_990,
0.5,random,,valid,reactions_1033,
0.5,random,,valid,reactions_3914,
0.5,random,,valid,reactions_2433,
0.5,random,,valid,reactions_1009,
0.5,random,,valid,reactions_1435,
0.5,random,,valid,reactions_1323,
0.5,random,,valid,reactions_1735,
0.5,random,,valid,reactions_1597,
0.5,random,,valid,reactions_1898,
0.5,random,,valid,reactions_802,
0.5,random,,valid,reactions_621,
0.5,random,,valid,reactions_902,
0.5,random,,valid,reactions_3797,
0.5,random,,valid,reactions_3590,
0.5,random,,valid,reactions_1878,
0.5,random,,valid,reactions_2138,
0.5,random,,valid,reactions_795,
0.5,random,,valid,reactions_3945,
0.5,random,,valid,reactions_3716,
0.5,random,,valid,reactions_2840,
0.5,random,,valid,reactions_606,
0.5,random,,valid,reactions_3394,
0.5,random,,valid,reactions_2001,
0.5,random,,valid,reactions_1557,
0.5,random,,valid,reactions_156,
0.5,random,,valid,reactions_3010,
0.5,random,,valid,reactions_991,
0.5,random,,valid,reactions_272,
0.5,random,,valid,reactions_3758,
0.5,random,,valid,reactions_2736,
0.5,random,,valid,reactions_3721,
0.5,random,,valid,reactions_2352,
0.5,random,,valid,reactions_2974,
0.5,random,,valid,reactions_184,
0.5,random,,valid,reactions_2701,
0.5,random,,valid,reactions_2513,
0.5,random,,valid,reactions_479,
0.5,random,,valid,reactions_1449,
0.5,random,,valid,reactions_715,
0.5,random,,valid,reactions_578,
0.5,random,,valid,reactions_3938,
0.5,random,,valid,reactions_125,
0.5,random,,valid,reactions_60,
0.5,random,,valid,reactions_376,
0.5,random,,valid,reactions_2103,
0.5,random,,valid,reactions_1579,
0.5,random,,valid,reactions_2047,
0.5,random,,valid,reactions_483,
0.5,random,,valid,reactions_3055,
0.5,random,,valid,reactions_709,
0.5,random,,valid,reactions_1234,
0.5,random,,valid,reactions_577,
0.5,random,,valid,reactions_3759,
0.5,random,,valid,reactions_3436,
0.5,random,,valid,reactions_904,
0.5,random,,valid,reactions_598,
0.5,random,,valid,reactions_3012,
0.5,random,,valid,reactions_1577,
0.5,random,,valid,reactions_3927,
0.5,random,,valid,reactions_833,
0.5,random,,valid,reactions_2807,
0.5,random,,valid,reactions_3247,
0.5,random,,valid,reactions_1550,
0.5,random,,valid,reactions_3523,
0.5,random,,valid,reactions_645,
0.5,random,,valid,reactions_585,
0.5,random,,valid,reactions_651,
0.5,random,,valid,reactions_2682,
0.5,random,,valid,reactions_2095,
0.5,random,,valid,reactions_1083,
0.5,random,,valid,reactions_1721,
0.5,random,,valid,reactions_566,
0.5,random,,valid,reactions_1718,
0.5,random,,valid,reactions_1570,
0.5,random,,valid,reactions_1051,
0.5,random,,valid,reactions_2210,
0.5,random,,valid,reactions_2992,
0.5,random,,valid,reactions_2719,
0.5,random,,valid,reactions_3842,
0.5,random,,valid,reactions_3241,
0.5,random,,valid,reactions_400,
0.5,random,,valid,reactions_2761,
0.5,random,,valid,reactions_3245,
0.5,random,,valid,reactions_3477,
0.5,random,,valid,reactions_888,
0.5,random,,valid,reactions_38,
0.5,random,,valid,reactions_2862,
0.5,random,,valid,reactions_1828,
0.5,random,,valid,reactions_3217,
0.5,random,,valid,reactions_1757,
0.5,random,,valid,reactions_2461,
0.5,random,,valid,reactions_3509,
0.5,random,,valid,reactions_2237,
0.5,random,,valid,reactions_138,
0.5,random,,valid,reactions_617,
0.5,random,,valid,reactions_1746,
0.5,random,,valid,reactions_1016,
0.5,random,,valid,reactions_3500,
0.5,random,,valid,reactions_2275,
0.5,random,,valid,reactions_3921,
0.5,random,,valid,reactions_2314,
0.5,random,,valid,reactions_1737,
0.5,random,,valid,reactions_3342,
0.5,random,,valid,reactions_3658,
0.5,random,,valid,reactions_528,
0.5,random,,valid,reactions_352,
0.5,random,,valid,reactions_1199,
0.5,random,,valid,reactions_1516,
0.5,random,,valid,reactions_206,
0.5,random,,valid,reactions_1180,
0.5,random,,valid,reactions_1595,
0.5,random,,valid,reactions_3001,
0.5,random,,valid,reactions_560,
0.5,random,,valid,reactions_3222,
0.5,random,,valid,reactions_1532,
0.5,random,,valid,reactions_571,
0.5,random,,valid,reactions_2673,
0.5,random,,valid,reactions_212,
0.5,random,,valid,reactions_1953,
0.5,random,,valid,reactions_3795,
0.5,random,,valid,reactions_2052,
0.5,random,,valid,reactions_3782,
0.5,random,,valid,reactions_3595,
0.5,random,,valid,reactions_1729,
0.5,random,,valid,reactions_1943,
0.5,random,,valid,reactions_3617,
0.5,random,,valid,reactions_1617,
0.5,random,,valid,reactions_1120,
0.5,random,,valid,reactions_2980,
0.5,random,,valid,reactions_1382,
0.5,random,,valid,reactions_2487,
0.5,random,,valid,reactions_2788,
0.5,random,,valid,reactions_2874,
0.5,random,,valid,reactions_3264,
0.5,random,,valid,reactions_346,
0.5,random,,valid,reactions_3329,
0.5,random,,valid,reactions_1951,
0.5,random,,valid,reactions_2694,
0.5,random,,valid,reactions_788,
0.5,random,,valid,reactions_146,
0.5,random,,valid,reactions_3069,
0.5,random,,valid,reactions_3691,
0.5,random,,valid,reactions_3571,
0.5,random,,valid,reactions_489,
0.5,random,,valid,reactions_563,
0.5,random,,valid,reactions_1115,
0.5,random,,valid,reactions_3437,
0.5,random,,valid,reactions_1466,
0.5,random,,valid,reactions_1794,
0.5,random,,valid,reactions_2633,
0.5,random,,valid,reactions_2157,
0.5,random,,valid,reactions_2453,
0.5,random,,valid,reactions_1971,
0.5,random,,valid,reactions_1363,
0.5,random,,valid,reactions_1093,
0.5,random,,valid,reactions_252,
0.5,random,,valid,reactions_985,
0.5,random,,valid,reactions_967,
0.5,random,,valid,reactions_2107,
0.5,random,,valid,reactions_3616,
0.5,random,,valid,reactions_3556,
0.5,random,,valid,reactions_691,
0.5,random,,valid,reactions_1734,
0.5,random,,valid,reactions_668,
0.5,random,,valid,reactions_288,
0.5,random,,valid,reactions_3768,
0.5,random,,valid,reactions_2781,
0.5,random,,valid,reactions_3248,
0.5,random,,valid,reactions_546,
0.5,random,,valid,reactions_3267,
0.5,random,,valid,reactions_2216,
0.5,random,,valid,reactions_161,
0.5,random,,valid,reactions_2660,
0.5,random,,valid,reactions_3589,
0.5,random,,valid,reactions_3807,
0.5,random,,valid,reactions_808,
0.5,random,,valid,reactions_59,
0.5,random,,valid,reactions_463,
0.5,random,,valid,reactions_2971,
0.5,random,,valid,reactions_1803,
0.5,random,,valid,reactions_1350,
0.5,random,,valid,reactions_1580,
0.5,random,,valid,reactions_262,
0.5,random,,valid,reactions_399,
0.5,random,,valid,reactions_3689,
0.5,random,,valid,reactions_191,
0.5,random,,valid,reactions_765,
0.5,random,,valid,reactions_2610,
0.5,random,,valid,reactions_2624,
0.5,random,,valid,reactions_460,
0.5,random,,valid,reactions_3576,
0.5,random,,valid,reactions_3068,
0.5,random,,valid,reactions_163,
0.5,random,,valid,reactions_2854,
0.5,random,,valid,reactions_2686,
0.5,random,,valid,reactions_2472,
0.5,random,,valid,reactions_504,
0.5,random,,valid,reactions_1260,
0.5,random,,valid,reactions_1024,
0.5,random,,valid,reactions_2329,
0.5,random,,valid,reactions_3722,
0.5,random,,valid,reactions_3115,
0.5,random,,valid,reactions_2148,
0.5,random,,valid,reactions_3926,
0.5,random,,valid,reactions_1318,
0.5,random,,valid,reactions_3536,
0.5,random,,valid,reactions_2918,
0.5,random,,valid,reactions_2904,
0.5,random,,valid,reactions_2227,
0.5,random,,valid,reactions_1541,
0.5,random,,valid,reactions_1810,
0.5,random,,valid,reactions_3932,
0.5,random,,valid,reactions_367,
0.5,random,,valid,reactions_1862,
0.5,random,,valid,reactions_1254,
0.5,random,,valid,reactions_1378,
0.5,random,,valid,reactions_1733,
0.5,random,,valid,reactions_708,
0.5,random,,valid,reactions_1837,
0.5,random,,valid,reactions_2133,
0.5,random,,valid,reactions_2710,
0.5,random,,valid,reactions_3918,
0.5,random,,valid,reactions_2608,
0.5,random,,valid,reactions_3941,
0.5,random,,valid,reactions_2938,
0.5,random,,valid,reactions_2408,
0.5,random,,valid,reactions_3162,
0.5,random,,valid,reactions_3355,
0.5,random,,valid,reactions_2571,
0.5,random,,valid,reactions_2819,
0.5,random,,valid,reactions_439,
0.5,random,,valid,reactions_3233,
0.5,random,,valid,reactions_3147,
0.5,random,,valid,reactions_3506,
0.5,random,,valid,reactions_3387,
0.5,random,,valid,reactions_2249,
0.5,random,,valid,reactions_1276,
0.5,random,,valid,reactions_2306,
0.5,random,,valid,reactions_1066,
0.5,random,,valid,reactions_806,
0.5,random,,valid,reactions_296,
0.5,random,,valid,reactions_747,
0.5,random,,valid,reactions_424,
0.5,random,,valid,reactions_119,
0.5,random,,valid,reactions_3410,
0.5,random,,valid,reactions_3468,
0.5,random,,valid,reactions_1843,
0.5,random,,valid,reactions_3130,
0.5,random,,valid,reactions_2264,
0.5,random,,valid,reactions_3725,
0.5,random,,valid,reactions_1554,
0.5,random,,valid,reactions_55,
0.5,random,,valid,reactions_3638,
0.5,random,,valid,reactions_2062,
0.5,random,,valid,reactions_1215,
0.5,random,,valid,reactions_1295,
0.5,random,,valid,reactions_1239,
0.5,random,,valid,reactions_447,
0.5,random,,valid,reactions_1309,
0.5,random,,valid,reactions_782,
0.5,random,,valid,reactions_3515,
0.5,random,,valid,reactions_2424,
0.5,random,,valid,reactions_1124,
0.5,random,,valid,reactions_2188,
0.5,random,,valid,reactions_2687,
0.5,random,,valid,reactions_398,
0.5,random,,valid,reactions_2012,
0.5,random,,valid,reactions_963,
0.5,random,,valid,reactions_321,
0.5,random,,valid,reactions_2295,
0.5,random,,valid,reactions_3096,
0.5,random,,valid,reactions_2240,
0.5,random,,valid,reactions_265,
0.5,random,,valid,reactions_3813,
0.5,random,,valid,reactions_2514,
0.5,random,,valid,reactions_3849,
0.5,random,,valid,reactions_3496,
0.5,random,,valid,reactions_3507,
0.5,random,,valid,reactions_3327,
0.5,random,,valid,reactions_2744,
0.5,random,,valid,reactions_326,
0.5,random,,valid,reactions_1942,
0.5,random,,valid,reactions_2530,
0.5,random,,valid,reactions_3838,
0.5,random,,valid,reactions_1545,
0.5,random,,valid,reactions_931,
0.5,random,,valid,reactions_1287,
0.5,random,,valid,reactions_3009,
0.5,random,,valid,reactions_2291,
0.5,random,,valid,reactions_1670,
0.5,random,,valid,reactions_2855,
0.5,random,,valid,reactions_2646,
0.5,random,,valid,reactions_3489,
0.5,random,,valid,reactions_2829,
0.5,random,,valid,reactions_1776,
0.5,random,,valid,reactions_988,
0.5,random,,valid,reactions_516,
0.5,random,,valid,reactions_2643,
0.5,random,,valid,reactions_3537,
0.5,random,,valid,reactions_3530,
0.5,random,,valid,reactions_2043,
0.5,random,,valid,reactions_1128,
0.5,random,,valid,reactions_415,
0.5,random,,valid,reactions_1352,
0.5,random,,valid,reactions_3177,
0.5,random,,valid,reactions_2154,
0.5,random,,valid,reactions_916,
0.5,random,,valid,reactions_1747,
0.5,random,,valid,reactions_486,
0.5,random,,valid,reactions_3791,
0.5,random,,valid,reactions_2492,
0.5,random,,valid,reactions_2259,
0.5,random,,valid,reactions_3834,
0.5,random,,valid,reactions_3104,
0.5,random,,valid,reactions_939,
0.5,random,,valid,reactions_2276,
0.5,random,,valid,reactions_2432,
0.5,random,,valid,reactions_1279,
0.5,random,,valid,reactions_887,
0.5,random,,valid,reactions_1042,
0.5,random,,valid,reactions_3004,
0.5,random,,valid,reactions_3097,
0.5,random,,valid,reactions_1950,
0.5,random,,valid,reactions_356,
0.5,random,,valid,reactions_3301,
0.5,random,,valid,reactions_1403,
0.5,random,,valid,reactions_271,
0.5,random,,valid,reactions_837,
0.5,random,,valid,reactions_927,
0.5,random,,valid,reactions_2617,
0.5,random,,valid,reactions_2509,
0.5,random,,valid,reactions_2758,
0.5,random,,valid,reactions_2068,
0.5,random,,valid,reactions_1187,
0.5,random,,valid,reactions_2065,
0.5,random,,valid,reactions_1090,
0.5,random,,valid,reactions_2357,
0.5,random,,valid,reactions_3359,
0.5,random,,valid,reactions_3398,
0.5,random,,valid,reactions_2122,
0.5,random,,valid,reactions_1100,
0.5,random,,valid,reactions_53,
0.5,random,,test,reactions_1553,
0.5,random,,test,reactions_1397,
0.5,random,,test,reactions_3058,
0.5,random,,test,reactions_3928,
0.5,random,,test,reactions_2782,
0.5,random,,test,reactions_1308,
0.5,random,,test,reactions_2935,
0.5,random,,test,reactions_1968,
0.5,random,,test,reactions_3858,
0.5,random,,test,reactions_1698,
0.5,random,,test,reactions_2864,
0.5,random,,test,reactions_2623,
0.5,random,,test,reactions_457,
0.5,random,,test,reactions_3614,
0.5,random,,test,reactions_2515,
0.5,random,,test,reactions_2707,
0.5,random,,test,reactions_3597,
0.5,random,,test,reactions_1174,
0.5,random,,test,reactions_1052,
0.5,random,,test,reactions_2298,
0.5,random,,test,reactions_1916,
0.5,random,,test,reactions_831,
0.5,random,,test,reactions_779,
0.5,random,,test,reactions_1317,
0.5,random,,test,reactions_3550,
0.5,random,,test,reactions_3338,
0.5,random,,test,reactions_228,
0.5,random,,test,reactions_248,
0.5,random,,test,reactions_2477,
0.5,random,,test,reactions_2770,
0.5,random,,test,reactions_1253,
0.5,random,,test,reactions_3610,
0.5,random,,test,reactions_1680,
0.5,random,,test,reactions_2219,
0.5,random,,test,reactions_1825,
0.5,random,,test,reactions_295,
0.5,random,,test,reactions_1047,
0.5,random,,test,reactions_3283,
0.5,random,,test,reactions_2799,
0.5,random,,test,reactions_90,
0.5,random,,test,reactions_662,
0.5,random,,test,reactions_1912,
0.5,random,,test,reactions_3221,
0.5,random,,test,reactions_3558,
0.5,random,,test,reactions_3269,
0.5,random,,test,reactions_2718,
0.5,random,,test,reactions_1159,
0.5,random,,test,reactions_1970,
0.5,random,,test,reactions_2573,
0.5,random,,test,reactions_2158,
0.5,random,,test,reactions_3140,
0.5,random,,test,reactions_495,
0.5,random,,test,reactions_2901,
0.5,random,,test,reactions_3812,
0.5,random,,test,reactions_2546,
0.5,random,,test,reactions_1738,
0.5,random,,test,reactions_3250,
0.5,random,,test,reactions_2883,
0.5,random,,test,reactions_2847,
0.5,random,,test,reactions_2568,
0.5,random,,test,reactions_2649,
0.5,random,,test,reactions_1650,
0.5,random,,test,reactions_3210,
0.5,random,,test,reactions_1562,
0.5,random,,test,reactions_605,
0.5,random,,test,reactions_817,
0.5,random,,test,reactions_2407,
0.5,random,,test,reactions_3796,
0.5,random,,test,reactions_1514,
0.5,random,,test,reactions_810,
0.5,random,,test,reactions_1881,
0.5,random,,test,reactions_3306,
0.5,random,,test,reactions_3182,
0.5,random,,test,reactions_3369,
0.5,random,,test,reactions_868,
0.5,random,,test,reactions_3485,
0.5,random,,test,reactions_1316,
0.5,random,,test,reactions_2230,
0.5,random,,test,reactions_3670,
0.5,random,,test,reactions_1897,
0.5,random,,test,reactions_2636,
0.5,random,,test,reactions_1787,
0.5,random,,test,reactions_2171,
0.5,random,,test,reactions_949,
0.5,random,,test,reactions_3478,
0.5,random,,test,reactions_392,
0.5,random,,test,reactions_2214,
0.5,random,,test,reactions_2498,
0.5,random,,test,reactions_3420,
0.5,random,,test,reactions_839,
0.5,random,,test,reactions_3282,
0.5,random,,test,reactions_402,
0.5,random,,test,reactions_2045,
0.5,random,,test,reactions_3546,
0.5,random,,test,reactions_1902,
0.5,random,,test,reactions_150,
0.5,random,,test,reactions_2943,
0.5,random,,test,reactions_3915,
0.5,random,,test,reactions_3143,
0.5,random,,test,reactions_1280,
0.5,random,,test,reactions_2086,
0.5,random,,test,reactions_429,
0.5,random,,test,reactions_1743,
0.5,random,,test,reactions_3067,
0.5,random,,test,reactions_2615,
0.5,random,,test,reactions_2818,
0.5,random,,test,reactions_3391,
0.5,random,,test,reactions_950,
0.5,random,,test,reactions_14,
0.5,random,,test,reactions_3395,
0.5,random,,test,reactions_1886,
0.5,random,,test,reactions_2776,
0.5,random,,test,reactions_3628,
0.5,random,,test,reactions_3608,
0.5,random,,test,reactions_1183,
0.5,random,,test,reactions_2848,
0.5,random,,test,reactions_96,
0.5,random,,test,reactions_2895,
0.5,random,,test,reactions_2397,
0.5,random,,test,reactions_2536,
0.5,random,,test,reactions_1200,
0.5,random,,test,reactions_1366,
0.5,random,,test,reactions_1118,
0.5,random,,test,reactions_1211,
0.5,random,,test,reactions_2549,
0.5,random,,test,reactions_3057,
0.5,random,,test,reactions_1288,
0.5,random,,test,reactions_2460,
0.5,random,,test,reactions_1282,
0.5,random,,test,reactions_1057,
0.5,random,,test,reactions_2365,
0.5,random,,test,reactions_2300,
0.5,random,,test,reactions_1008,
0.5,random,,test,reactions_3285,
0.5,random,,test,reactions_3711,
0.5,random,,test,reactions_3673,
0.5,random,,test,reactions_1531,
0.5,random,,test,reactions_3151,
0.5,random,,test,reactions_3313,
0.5,random,,test,reactions_845,
0.5,random,,test,reactions_761,
0.5,random,,test,reactions_2002,
0.5,random,,test,reactions_2425,
0.5,random,,test,reactions_3287,
0.5,random,,test,reactions_1574,
0.5,random,,test,reactions_1443,
0.5,random,,test,reactions_1955,
0.5,random,,test,reactions_3136,
0.5,random,,test,reactions_2319,
0.5,random,,test,reactions_3086,
0.5,random,,test,reactions_987,
0.5,random,,test,reactions_2837,
0.5,random,,test,reactions_1952,
0.5,random,,test,reactions_3565,
0.5,random,,test,reactions_162,
0.5,random,,test,reactions_2441,
0.5,random,,test,reactions_1241,
0.5,random,,test,reactions_2256,
0.5,random,,test,reactions_1631,
0.5,random,,test,reactions_3185,
0.5,random,,test,reactions_2556,
0.5,random,,test,reactions_1043,
0.5,random,,test,reactions_2714,
0.5,random,,test,reactions_2572,
0.5,random,,test,reactions_1182,
0.5,random,,test,reactions_894,
0.5,random,,test,reactions_2254,
0.5,random,,test,reactions_2384,
0.5,random,,test,reactions_459,
0.5,random,,test,reactions_3296,
0.5,random,,test,reactions_77,
0.5,random,,test,reactions_1603,
0.5,random,,test,reactions_1546,
0.5,random,,test,reactions_2411,
0.5,random,,test,reactions_3350,
0.5,random,,test,reactions_1535,
0.5,random,,test,reactions_1596,
0.5,random,,test,reactions_3874,
0.5,random,,test,reactions_2456,
0.5,random,,test,reactions_3882,
0.5,random,,test,reactions_3442,
0.5,random,,test,reactions_3026,
0.5,random,,test,reactions_1029,
0.5,random,,test,reactions_3167,
0.5,random,,test,reactions_2609,
0.5,random,,test,reactions_1506,
0.5,random,,test,reactions_500,
0.5,random,,test,reactions_324,
0.5,random,,test,reactions_94,
0.5,random,,test,reactions_863,
0.5,random,,test,reactions_3888,
0.5,random,,test,reactions_1023,
0.5,random,,test,reactions_1364,
0.5,random,,test,reactions_841,
0.5,random,,test,reactions_2812,
0.5,random,,test,reactions_1414,
0.5,random,,test,reactions_3470,
0.5,random,,test,reactions_565,
0.5,random,,test,reactions_2081,
0.5,random,,test,reactions_3459,
0.5,random,,test,reactions_365,
0.5,random,,test,reactions_2716,
0.5,random,,test,reactions_3526,
0.5,random,,test,reactions_441,
0.5,random,,test,reactions_3713,
0.5,random,,test,reactions_634,
0.5,random,,test,reactions_3300,
0.5,random,,test,reactions_1394,
0.5,random,,test,reactions_643,
0.5,random,,test,reactions_1901,
0.5,random,,test,reactions_2465,
0.5,random,,test,reactions_2501,
0.5,random,,test,reactions_82,
0.5,random,,test,reactions_3909,
0.5,random,,test,reactions_821,
0.5,random,,test,reactions_433,
0.5,random,,test,reactions_1395,
0.5,random,,test,reactions_2360,
0.5,random,,test,reactions_2922,
0.5,random,,test,reactions_451,
0.5,random,,test,reactions_3125,
0.5,random,,test,reactions_1611,
0.5,random,,test,reactions_3415,
0.5,random,,test,reactions_1565,
0.5,random,,test,reactions_3340,
0.5,random,,test,reactions_722,
0.5,random,,test,reactions_2155,
0.5,random,,test,reactions_1147,
0.5,random,,test,reactions_2937,
0.5,random,,test,reactions_1421,
0.5,random,,test,reactions_3949,
0.5,random,,test,reactions_534,
0.5,random,,test,reactions_2779,
0.5,random,,test,reactions_1409,
0.5,random,,test,reactions_106,
0.5,random,,test,reactions_2315,
0.5,random,,test,reactions_1372,
0.5,random,,test,reactions_3263,
0.5,random,,test,reactions_3815,
0.5,random,,test,reactions_979,
0.5,random,,test,reactions_3801,
0.5,random,,test,reactions_2088,
0.5,random,,test,reactions_340,
0.5,random,,test,reactions_962,
0.5,random,,test,reactions_3261,
0.5,random,,test,reactions_3476,
0.5,random,,test,reactions_526,
0.5,random,,test,reactions_2238,
0.5,random,,test,reactions_3160,
0.5,random,,test,reactions_733,
0.5,random,,test,reactions_1508,
0.5,random,,test,reactions_6,
0.5,random,,test,reactions_1622,
0.5,random,,test,reactions_3772,
0.5,random,,test,reactions_3505,
0.5,random,,test,reactions_443,
0.5,random,,test,reactions_1354,
0.5,random,,test,reactions_862,
0.5,random,,test,reactions_1410,
0.5,random,,test,reactions_1357,
0.5,random,,test,reactions_1384,
0.5,random,,test,reactions_3663,
0.5,random,,test,reactions_1529,
0.5,random,,test,reactions_1325,
0.5,random,,test,reactions_3448,
0.5,random,,test,reactions_2927,
0.5,random,,test,reactions_3187,
0.5,random,,test,reactions_1195,
0.5,random,,test,reactions_852,
0.5,random,,test,reactions_3196,
0.5,random,,test,reactions_302,
0.5,random,,test,reactions_3688,
0.5,random,,test,reactions_1627,
0.5,random,,test,reactions_1736,
0.5,random,,test,reactions_1811,
0.5,random,,test,reactions_2036,
0.5,random,,test,reactions_64,
0.5,random,,test,reactions_1533,
0.5,random,,test,reactions_719,
0.5,random,,test,reactions_1624,
0.5,random,,test,reactions_1246,
0.5,random,,test,reactions_999,
0.5,random,,test,reactions_1993,
0.5,random,,test,reactions_2703,
0.5,random,,test,reactions_3184,
0.5,random,,test,reactions_1500,
0.5,random,,test,reactions_1509,
0.5,random,,test,reactions_2378,
0.5,random,,test,reactions_280,
0.5,random,,test,reactions_278,
0.5,random,,test,reactions_2968,
0.5,random,,test,reactions_350,
0.5,random,,test,reactions_2016,
0.5,random,,test,reactions_3912,
0.5,random,,test,reactions_1212,
0.5,random,,test,reactions_66,
0.5,random,,test,reactions_50,
0.5,random,,test,reactions_3684,
0.5,random,,test,reactions_3656,
0.5,random,,test,reactions_3142,
0.5,random,,test,reactions_411,
0.5,random,,test,reactions_690,
0.5,random,,test,reactions_1662,
0.5,random,,test,reactions_2226,
0.5,random,,test,reactions_3809,
0.5,random,,test,reactions_535,
0.5,random,,test,reactions_2166,
0.5,random,,test,reactions_3659,
0.5,random,,test,reactions_2421,
0.5,random,,test,reactions_3083,
0.5,random,,test,reactions_2677,
0.5,random,,test,reactions_2870,
0.5,random,,test,reactions_670,
0.5,random,,test,reactions_2112,
0.5,random,,test,reactions_736,
0.5,random,,test,reactions_3000,
0.5,random,,test,reactions_1525,
0.5,random,,test,reactions_3074,
0.5,random,,test,reactions_43,
0.5,random,,test,reactions_1659,
0.5,random,,test,reactions_3602,
0.5,random,,test,reactions_168,
0.5,random,,test,reactions_2858,
0.5,random,,test,reactions_3149,
0.5,random,,test,reactions_2362,
0.5,random,,test,reactions_2345,
0.5,random,,test,reactions_1527,
0.5,random,,test,reactions_491,
0.5,random,,test,reactions_3793,
0.5,random,,test,reactions_2592,
0.5,random,,test,reactions_642,
0.5,random,,test,reactions_291,
0.5,random,,test,reactions_2666,
0.5,random,,test,reactions_3363,
0.5,random,,test,reactions_1988,
0.5,random,,test,reactions_2828,
0.5,random,,test,reactions_2959,
0.5,random,,test,reactions_2261,
0.5,random,,test,reactions_3028,
0.5,random,,test,reactions_556,
0.5,random,,test,reactions_1059,
0.5,random,,test,reactions_2721,
0.5,random,,test,reactions_2366,
0.5,random,,test,reactions_1082,
0.5,random,,test,reactions_1816,
0.5,random,,test,reactions_536,
0.5,random,,test,reactions_1957,
0.5,random,,test,reactions_1297,
0.5,random,,test,reactions_1040,
0.5,random,,test,reactions_2481,
0.5,random,,test,reactions_1528,
0.5,random,,test,reactions_829,
0.5,random,,test,reactions_2670,
0.5,random,,test,reactions_1162,
0.5,random,,test,reactions_1727,
0.5,random,,test,reactions_2336,
0.5,random,,test,reactions_2500,
0.5,random,,test,reactions_1014,
0.5,random,,test,reactions_529,
0.5,random,,test,reactions_2349,
0.5,random,,test,reactions_753,
0.5,random,,test,reactions_2671,
0.5,random,,test,reactions_996,
0.5,random,,test,reactions_1220,
0.5,random,,test,reactions_2083,
0.5,random,,test,reactions_287,
0.5,random,,test,reactions_315,
0.5,random,,test,reactions_1995,
0.5,random,,test,reactions_3620,
0.5,random,,test,reactions_334,
0.5,random,,test,reactions_183,
0.5,random,,test,reactions_2098,
0.5,random,,test,reactions_3591,
0.5,random,,test,reactions_2151,
0.5,random,,test,reactions_688,
0.5,random,,test,reactions_3724,
0.5,random,,test,reactions_42,
0.5,random,,test,reactions_3626,
0.5,random,,test,reactions_3439,
0.5,random,,test,reactions_3607,
0.5,random,,test,reactions_276,
0.5,random,,test,reactions_676,
0.5,random,,test,reactions_1857,
0.5,random,,test,reactions_3376,
0.5,random,,test,reactions_1138,
0.5,random,,test,reactions_750,
0.5,random,,test,reactions_909,
0.5,random,,test,reactions_438,
0.5,random,,test,reactions_492,
0.5,random,,test,reactions_1551,
0.5,random,,test,reactions_2190,
0.5,random,,test,reactions_707,
0.5,random,,test,reactions_1573,
0.5,random,,test,reactions_1634,
0.5,random,,test,reactions_3022,
0.5,random,,test,reactions_1673,
