train_fraction,split_method,group_column,split,reaction_id,group_value
0.01,random,,train,reactions_3635,
0.01,random,,train,reactions_977,
0.01,random,,train,reactions_1145,
0.01,random,,train,reactions_358,
0.01,random,,train,reactions_519,
0.01,random,,train,reactions_3036,
0.01,random,,train,reactions_1376,
0.01,random,,train,reactions_2911,
0.01,random,,train,reactions_379,
0.01,random,,train,reactions_856,
0.01,random,,train,reactions_2504,
0.01,random,,train,reactions_2412,
0.01,random,,train,reactions_3850,
0.01,random,,train,reactions_3129,
0.01,random,,train,reactions_581,
0.01,random,,train,reactions_2710,
0.01,random,,train,reactions_1156,
0.01,random,,train,reactions_2807,
0.01,random,,train,reactions_1565,
0.01,random,,train,reactions_1529,
0.01,random,,train,reactions_404,
0.01,random,,train,reactions_3175,
0.01,random,,train,reactions_1769,
0.01,random,,train,reactions_2430,
0.01,random,,train,reactions_2803,
0.01,random,,train,reactions_2187,
0.01,random,,train,reactions_2839,
0.01,random,,train,reactions_2449,
0.01,random,,train,reactions_3576,
0.01,random,,train,reactions_2251,
0.01,random,,train,reactions_770,
0.01,random,,valid,reactions_1864,
0.01,random,,valid,reactions_951,
0.01,random,,valid,reactions_1135,
0.01,random,,valid,reactions_957,
0.01,random,,valid,reactions_279,
0.01,random,,valid,reactions_3182,
0.01,random,,valid,reactions_2690,
0.01,random,,valid,reactions_2583,
0.01,random,,valid,reactions_2043,
0.01,random,,valid,reactions_1082,
0.01,random,,valid,reactions_280,
0.01,random,,valid,reactions_2300,
0.01,random,,valid,reactions_509,
0.01,random,,valid,reactions_108,
0.01,random,,valid,reactions_3568,
0.01,random,,valid,reactions_2518,
0.01,random,,valid,reactions_3666,
0.01,random,,valid,reactions_2227,
0.01,random,,valid,reactions_311,
0.01,random,,valid,reactions_2182,
0.01,random,,valid,reactions_2399,
0.01,random,,valid,reactions_764,
0.01,random,,valid,reactions_2152,
0.01,random,,valid,reactions_874,
0.01,random,,valid,reactions_259,
0.01,random,,valid,reactions_3701,
0.01,random,,valid,reactions_131,
0.01,random,,valid,reactions_1791,
0.01,random,,valid,reactions_511,
0.01,random,,valid,reactions_2764,
0.01,random,,valid,reactions_2435,
0.01,random,,valid,reactions_3227,
0.01,random,,valid,reactions_2382,
0.01,random,,valid,reactions_1117,
0.01,random,,valid,reactions_3739,
0.01,random,,valid,reactions_50,
0.01,random,,valid,reactions_1836,
0.01,random,,valid,reactions_717,
0.01,random,,valid,reactions_1223,
0.01,random,,valid,reactions_988,
0.01,random,,valid,reactions_3518,
0.01,random,,valid,reactions_3559,
0.01,random,,valid,reactions_449,
0.01,random,,valid,reactions_2963,
0.01,random,,valid,reactions_3405,
0.01,random,,valid,reactions_2717,
0.01,random,,valid,reactions_3125,
0.01,random,,valid,reactions_476,
0.01,random,,valid,reactions_1019,
0.01,random,,valid,reactions_3579,
0.01,random,,valid,reactions_2049,
0.01,random,,valid,reactions_1031,
0.01,random,,valid,reactions_646,
0.01,random,,valid,reactions_2849,
0.01,random,,valid,reactions_1619,
0.01,random,,valid,reactions_2203,
0.01,random,,valid,reactions_2285,
0.01,random,,valid,reactions_348,
0.01,random,,valid,reactions_405,
0.01,random,,valid,reactions_3454,
0.01,random,,valid,reactions_813,
0.01,random,,valid,reactions_3560,
0.01,random,,valid,reactions_680,
0.01,random,,valid,reactions_1392,
0.01,random,,valid,reactions_3708,
0.01,random,,valid,reactions_1751,
0.01,random,,valid,reactions_3060,
0.01,random,,valid,reactions_1486,
0.01,random,,valid,reactions_1526,
0.01,random,,valid,reactions_359,
0.01,random,,valid,reactions_1049,
0.01,random,,valid,reactions_417,
0.01,random,,valid,reactions_3893,
0.01,random,,valid,reactions_1096,
0.01,random,,valid,reactions_3762,
0.01,random,,valid,reactions_1387,
0.01,random,,valid,reactions_2880,
0.01,random,,valid,reactions_2496,
0.01,random,,valid,reactions_1857,
0.01,random,,valid,reactions_3514,
0.01,random,,valid,reactions_2065,
0.01,random,,valid,reactions_1265,
0.01,random,,valid,reactions_2455,
0.01,random,,valid,reactions_2395,
0.01,random,,valid,reactions_242,
0.01,random,,valid,reactions_3788,
0.01,random,,valid,reactions_1094,
0.01,random,,valid,reactions_2544,
0.01,random,,valid,reactions_1884,
0.01,random,,valid,reactions_691,
0.01,random,,valid,reactions_933,
0.01,random,,valid,reactions_2007,
0.01,random,,valid,reactions_1654,
0.01,random,,valid,reactions_1004,
0.01,random,,valid,reactions_1809,
0.01,random,,valid,reactions_148,
0.01,random,,valid,reactions_2057,
0.01,random,,valid,reactions_572,
0.01,random,,valid,reactions_1518,
0.01,random,,valid,reactions_2324,
0.01,random,,valid,reactions_978,
0.01,random,,valid,reactions_1024,
0.01,random,,valid,reactions_361,
0.01,random,,valid,reactions_2397,
0.01,random,,valid,reactions_507,
0.01,random,,valid,reactions_2566,
0.01,random,,valid,reactions_3423,
0.01,random,,valid,reactions_470,
0.01,random,,valid,reactions_574,
0.01,random,,valid,reactions_3538,
0.01,random,,valid,reactions_817,
0.01,random,,valid,reactions_32,
0.01,random,,valid,reactions_1190,
0.01,random,,valid,reactions_114,
0.01,random,,valid,reactions_2091,
0.01,random,,valid,reactions_2895,
0.01,random,,valid,reactions_1563,
0.01,random,,valid,reactions_2970,
0.01,random,,valid,reactions_848,
0.01,random,,valid,reactions_2048,
0.01,random,,valid,reactions_2383,
0.01,random,,valid,reactions_3479,
0.01,random,,valid,reactions_330,
0.01,random,,valid,reactions_1266,
0.01,random,,valid,reactions_2195,
0.01,random,,valid,reactions_3038,
0.01,random,,valid,reactions_1395,
0.01,random,,valid,reactions_3691,
0.01,random,,valid,reactions_1198,
0.01,random,,valid,reactions_1852,
0.01,random,,valid,reactions_3440,
0.01,random,,valid,reactions_3448,
0.01,random,,valid,reactions_2289,
0.01,random,,valid,reactions_2483,
0.01,random,,valid,reactions_2323,
0.01,random,,valid,reactions_1358,
0.01,random,,valid,reactions_792,
0.01,random,,valid,reactions_73,
0.01,random,,valid,reactions_3714,
0.01,random,,valid,reactions_265,
0.01,random,,valid,reactions_2479,
0.01,random,,valid,reactions_3594,
0.01,random,,valid,reactions_953,
0.01,random,,valid,reactions_1339,
0.01,random,,valid,reactions_3327,
0.01,random,,valid,reactions_609,
0.01,random,,valid,reactions_95,
0.01,random,,valid,reactions_1642,
0.01,random,,valid,reactions_524,
0.01,random,,valid,reactions_2394,
0.01,random,,valid,reactions_3255,
0.01,random,,valid,reactions_2214,
0.01,random,,valid,reactions_2563,
0.01,random,,valid,reactions_855,
0.01,random,,valid,reactions_212,
0.01,random,,valid,reactions_2215,
0.01,random,,valid,reactions_2893,
0.01,random,,valid,reactions_3116,
0.01,random,,valid,reactions_2613,
0.01,random,,valid,reactions_2560,
0.01,random,,valid,reactions_133,
0.01,random,,valid,reactions_1752,
0.01,random,,valid,reactions_3792,
0.01,random,,valid,reactions_688,
0.01,random,,valid,reactions_3118,
0.01,random,,valid,reactions_719,
0.01,random,,valid,reactions_119,
0.01,random,,valid,reactions_455,
0.01,random,,valid,reactions_2307,
0.01,random,,valid,reactions_2401,
0.01,random,,valid,reactions_1025,
0.01,random,,valid,reactions_139,
0.01,random,,valid,reactions_1127,
0.01,random,,valid,reactions_1932,
0.01,random,,valid,reactions_2224,
0.01,random,,valid,reactions_3406,
0.01,random,,valid,reactions_2474,
0.01,random,,valid,reactions_601,
0.01,random,,valid,reactions_3865,
0.01,random,,valid,reactions_2897,
0.01,random,,valid,reactions_332,
0.01,random,,valid,reactions_3215,
0.01,random,,valid,reactions_3473,
0.01,random,,valid,reactions_1396,
0.01,random,,valid,reactions_615,
0.01,random,,valid,reactions_3285,
0.01,random,,valid,reactions_484,
0.01,random,,valid,reactions_3268,
0.01,random,,valid,reactions_1577,
0.01,random,,valid,reactions_1152,
0.01,random,,valid,reactions_3490,
0.01,random,,valid,reactions_42,
0.01,random,,valid,reactions_3361,
0.01,random,,valid,reactions_1264,
0.01,random,,valid,reactions_3629,
0.01,random,,valid,reactions_171,
0.01,random,,valid,reactions_2789,
0.01,random,,valid,reactions_22,
0.01,random,,valid,reactions_1421,
0.01,random,,valid,reactions_629,
0.01,random,,valid,reactions_2404,
0.01,random,,valid,reactions_287,
0.01,random,,valid,reactions_2131,
0.01,random,,valid,reactions_3431,
0.01,random,,valid,reactions_457,
0.01,random,,valid,reactions_777,
0.01,random,,valid,reactions_299,
0.01,random,,valid,reactions_1316,
0.01,random,,valid,reactions_19,
0.01,random,,valid,reactions_1066,
0.01,random,,valid,reactions_1986,
0.01,random,,valid,reactions_2353,
0.01,random,,valid,reactions_3167,
0.01,random,,valid,reactions_824,
0.01,random,,valid,reactions_3471,
0.01,random,,valid,reactions_548,
0.01,random,,valid,reactions_1430,
0.01,random,,valid,reactions_627,
0.01,random,,valid,reactions_2981,
0.01,random,,valid,reactions_2207,
0.01,random,,valid,reactions_1861,
0.01,random,,valid,reactions_2470,
0.01,random,,valid,reactions_1091,
0.01,random,,valid,reactions_3770,
0.01,random,,valid,reactions_2432,
0.01,random,,valid,reactions_3191,
0.01,random,,valid,reactions_3314,
0.01,random,,valid,reactions_66,
0.01,random,,valid,reactions_2385,
0.01,random,,valid,reactions_1325,
0.01,random,,valid,reactions_3187,
0.01,random,,valid,reactions_569,
0.01,random,,valid,reactions_343,
0.01,random,,valid,reactions_340,
0.01,random,,valid,reactions_211,
0.01,random,,valid,reactions_1643,
0.01,random,,valid,reactions_2537,
0.01,random,,valid,reactions_48,
0.01,random,,valid,reactions_2051,
0.01,random,,valid,reactions_1204,
0.01,random,,valid,reactions_801,
0.01,random,,valid,reactions_814,
0.01,random,,valid,reactions_2030,
0.01,random,,valid,reactions_2696,
0.01,random,,valid,reactions_2562,
0.01,random,,valid,reactions_2790,
0.01,random,,valid,reactions_1513,
0.01,random,,valid,reactions_1781,
0.01,random,,valid,reactions_1088,
0.01,random,,valid,reactions_80,
0.01,random,,valid,reactions_3638,
0.01,random,,valid,reactions_592,
0.01,random,,valid,reactions_3661,
0.01,random,,valid,reactions_3823,
0.01,random,,valid,reactions_857,
0.01,random,,valid,reactions_3724,
0.01,random,,valid,reactions_1038,
0.01,random,,valid,reactions_918,
0.01,random,,valid,reactions_2011,
0.01,random,,valid,reactions_1692,
0.01,random,,valid,reactions_1100,
0.01,random,,valid,reactions_604,
0.01,random,,valid,reactions_2068,
0.01,random,,valid,reactions_1247,
0.01,random,,valid,reactions_3907,
0.01,random,,valid,reactions_2252,
0.01,random,,valid,reactions_793,
0.01,random,,valid,reactions_1157,
0.01,random,,valid,reactions_1988,
0.01,random,,valid,reactions_1681,
0.01,random,,valid,reactions_2331,
0.01,random,,valid,reactions_2445,
0.01,random,,valid,reactions_1160,
0.01,random,,valid,reactions_565,
0.01,random,,valid,reactions_968,
0.01,random,,valid,reactions_1920,
0.01,random,,valid,reactions_135,
0.01,random,,valid,reactions_1017,
0.01,random,,valid,reactions_1139,
0.01,random,,valid,reactions_1551,
0.01,random,,valid,reactions_1379,
0.01,random,,valid,reactions_2954,
0.01,random,,valid,reactions_3113,
0.01,random,,valid,reactions_2417,
0.01,random,,valid,reactions_733,
0.01,random,,valid,reactions_1445,
0.01,random,,valid,reactions_1007,
0.01,random,,valid,reactions_3904,
0.01,random,,valid,reactions_2604,
0.01,random,,valid,reactions_1925,
0.01,random,,valid,reactions_3640,
0.01,random,,valid,reactions_1789,
0.01,random,,valid,reactions_110,
0.01,random,,valid,reactions_3741,
0.01,random,,valid,reactions_3359,
0.01,random,,valid,reactions_3435,
0.01,random,,valid,reactions_987,
0.01,random,,valid,reactions_2402,
0.01,random,,valid,reactions_837,
0.01,random,,valid,reactions_2617,
0.01,random,,valid,reactions_3817,
0.01,random,,valid,reactions_1053,
0.01,random,,valid,reactions_160,
0.01,random,,valid,reactions_947,
0.01,random,,valid,reactions_3779,
0.01,random,,valid,reactions_2179,
0.01,random,,valid,reactions_3606,
0.01,random,,valid,reactions_2225,
0.01,random,,valid,reactions_1336,
0.01,random,,valid,reactions_2629,
0.01,random,,valid,reactions_3247,
0.01,random,,valid,reactions_558,
0.01,random,,valid,reactions_2421,
0.01,random,,valid,reactions_3532,
0.01,random,,valid,reactions_1638,
0.01,random,,valid,reactions_471,
0.01,random,,valid,reactions_699,
0.01,random,,valid,reactions_3258,
0.01,random,,valid,reactions_2587,
0.01,random,,valid,reactions_3628,
0.01,random,,valid,reactions_866,
0.01,random,,valid,reactions_1688,
0.01,random,,valid,reactions_3622,
0.01,random,,valid,reactions_2313,
0.01,random,,valid,reactions_486,
0.01,random,,valid,reactions_1829,
0.01,random,,valid,reactions_809,
0.01,random,,valid,reactions_2699,
0.01,random,,valid,reactions_357,
0.01,random,,valid,reactions_1032,
0.01,random,,valid,reactions_2070,
0.01,random,,valid,reactions_1064,
0.01,random,,valid,reactions_714,
0.01,random,,valid,reactions_1682,
0.01,random,,valid,reactions_3139,
0.01,random,,valid,reactions_2419,
0.01,random,,valid,reactions_370,
0.01,random,,valid,reactions_412,
0.01,random,,valid,reactions_2269,
0.01,random,,valid,reactions_2442,
0.01,random,,valid,reactions_1023,
0.01,random,,valid,reactions_2107,
0.01,random,,valid,reactions_3525,
0.01,random,,valid,reactions_2531,
0.01,random,,valid,reactions_1725,
0.01,random,,valid,reactions_753,
0.01,random,,valid,reactions_2810,
0.01,random,,valid,reactions_650,
0.01,random,,valid,reactions_126,
0.01,random,,valid,reactions_1963,
0.01,random,,valid,reactions_941,
0.01,random,,valid,reactions_1993,
0.01,random,,valid,reactions_1163,
0.01,random,,valid,reactions_2088,
0.01,random,,valid,reactions_2173,
0.01,random,,valid,reactions_3161,
0.01,random,,valid,reactions_3399,
0.01,random,,valid,reactions_1987,
0.01,random,,valid,reactions_537,
0.01,random,,valid,reactions_1482,
0.01,random,,valid,reactions_3364,
0.01,random,,valid,reactions_2226,
0.01,random,,valid,reactions_1150,
0.01,random,,valid,reactions_1971,
0.01,random,,valid,reactions_3505,
0.01,random,,valid,reactions_3030,
0.01,random,,valid,reactions_1394,
0.01,random,,valid,reactions_789,
0.01,random,,valid,reactions_576,
0.01,random,,valid,reactions_2753,
0.01,random,,valid,reactions_1276,
0.01,random,,valid,reactions_3814,
0.01,random,,valid,reactions_184,
0.01,random,,valid,reactions_2172,
0.01,random,,valid,reactions_175,
0.01,random,,valid,reactions_2909,
0.01,random,,valid,reactions_1093,
0.01,random,,valid,reactions_2930,
0.01,random,,valid,reactions_1268,
0.01,random,,valid,reactions_3328,
0.01,random,,valid,reactions_3572,
0.01,random,,valid,reactions_1703,
0.01,random,,valid,reactions_3021,
0.01,random,,valid,reactions_1488,
0.01,random,,valid,reactions_2932,
0.01,random,,valid,reactions_364,
0.01,random,,valid,reactions_438,
0.01,random,,valid,reactions_1212,
0.01,random,,valid,reactions_3181,
0.01,random,,valid,reactions_2191,
0.01,random,,valid,reactions_3826,
0.01,random,,valid,reactions_2497,
0.01,random,,valid,reactions_1027,
0.01,random,,valid,reactions_3484,
0.01,random,,valid,reactions_313,
0.01,random,,test,reactions_2580,
0.01,random,,test,reactions_20,
0.01,random,,test,reactions_3102,
0.01,random,,test,reactions_982,
0.01,random,,test,reactions_191,
0.01,random,,test,reactions_619,
0.01,random,,test,reactions_1262,
0.01,random,,test,reactions_1519,
0.01,random,,test,reactions_498,
0.01,random,,test,reactions_1196,
0.01,random,,test,reactions_2801,
0.01,random,,test,reactions_2642,
0.01,random,,test,reactions_2164,
0.01,random,,test,reactions_3057,
0.01,random,,test,reactions_2169,
0.01,random,,test,reactions_382,
0.01,random,,test,reactions_1002,
0.01,random,,test,reactions_2212,
0.01,random,,test,reactions_3881,
0.01,random,,test,reactions_1175,
0.01,random,,test,reactions_742,
0.01,random,,test,reactions_2732,
0.01,random,,test,reactions_3557,
0.01,random,,test,reactions_825,
0.01,random,,test,reactions_3596,
0.01,random,,test,reactions_666,
0.01,random,,test,reactions_3376,
0.01,random,,test,reactions_2116,
0.01,random,,test,reactions_2330,
0.01,random,,test,reactions_3257,
0.01,random,,test,reactions_2284,
0.01,random,,test,reactions_2986,
0.01,random,,test,reactions_760,
0.01,random,,test,reactions_2937,
0.01,random,,test,reactions_461,
0.01,random,,test,reactions_104,
0.01,random,,test,reactions_2311,
0.01,random,,test,reactions_2108,
0.01,random,,test,reactions_1972,
0.01,random,,test,reactions_3609,
0.01,random,,test,reactions_3764,
0.01,random,,test,reactions_1018,
0.01,random,,test,reactions_166,
0.01,random,,test,reactions_2994,
0.01,random,,test,reactions_2794,
0.01,random,,test,reactions_3859,
0.01,random,,test,reactions_1449,
0.01,random,,test,reactions_3356,
0.01,random,,test,reactions_2122,
0.01,random,,test,reactions_2183,
0.01,random,,test,reactions_2749,
0.01,random,,test,reactions_1876,
0.01,random,,test,reactions_2459,
0.01,random,,test,reactions_2006,
0.01,random,,test,reactions_2012,
0.01,random,,test,reactions_1726,
0.01,random,,test,reactions_2922,
0.01,random,,test,reactions_754,
0.01,random,,test,reactions_3220,
0.01,random,,test,reactions_116,
0.01,random,,test,reactions_1747,
0.01,random,,test,reactions_3138,
0.01,random,,test,reactions_1124,
0.01,random,,test,reactions_3202,
0.01,random,,test,reactions_454,
0.01,random,,test,reactions_2247,
0.01,random,,test,reactions_499,
0.01,random,,test,reactions_1383,
0.01,random,,test,reactions_3172,
0.01,random,,test,reactions_3637,
0.01,random,,test,reactions_3301,
0.01,random,,test,reactions_2444,
0.01,random,,test,reactions_1928,
0.01,random,,test,reactions_865,
0.01,random,,test,reactions_3329,
0.01,random,,test,reactions_2574,
0.01,random,,test,reactions_2586,
0.01,random,,test,reactions_3035,
0.01,random,,test,reactions_293,
0.01,random,,test,reactions_1607,
0.01,random,,test,reactions_2228,
0.01,random,,test,reactions_3651,
0.01,random,,test,reactions_411,
0.01,random,,test,reactions_3140,
0.01,random,,test,reactions_1609,
0.01,random,,test,reactions_2503,
0.01,random,,test,reactions_2847,
0.01,random,,test,reactions_722,
0.01,random,,test,reactions_276,
0.01,random,,test,reactions_2072,
0.01,random,,test,reactions_307,
0.01,random,,test,reactions_1599,
0.01,random,,test,reactions_1058,
0.01,random,,test,reactions_2485,
0.01,random,,test,reactions_1896,
0.01,random,,test,reactions_310,
0.01,random,,test,reactions_292,
0.01,random,,test,reactions_59,
0.01,random,,test,reactions_1046,
0.01,random,,test,reactions_1328,
0.01,random,,test,reactions_1350,
0.01,random,,test,reactions_2904,
0.01,random,,test,reactions_1164,
0.01,random,,test,reactions_3198,
0.01,random,,test,reactions_3633,
0.01,random,,test,reactions_3678,
0.01,random,,test,reactions_1903,
0.01,random,,test,reactions_762,
0.01,random,,test,reactions_1989,
0.01,random,,test,reactions_2913,
0.01,random,,test,reactions_2934,
0.01,random,,test,reactions_2939,
0.01,random,,test,reactions_2490,
0.01,random,,test,reactions_966,
0.01,random,,test,reactions_1598,
0.01,random,,test,reactions_2530,
0.01,random,,test,reactions_1890,
0.01,random,,test,reactions_2186,
0.01,random,,test,reactions_429,
0.01,random,,test,reactions_2680,
0.01,random,,test,reactions_194,
0.01,random,,test,reactions_692,
0.01,random,,test,reactions_3308,
0.01,random,,test,reactions_2950,
0.01,random,,test,reactions_2347,
0.01,random,,test,reactions_3545,
0.01,random,,test,reactions_2555,
0.01,random,,test,reactions_2923,
0.01,random,,test,reactions_1874,
0.01,random,,test,reactions_3951,
0.01,random,,test,reactions_3410,
0.01,random,,test,reactions_3902,
0.01,random,,test,reactions_2636,
0.01,random,,test,reactions_1189,
0.01,random,,test,reactions_2627,
0.01,random,,test,reactions_1818,
0.01,random,,test,reactions_3620,
0.01,random,,test,reactions_445,
0.01,random,,test,reactions_2798,
0.01,random,,test,reactions_2080,
0.01,random,,test,reactions_3154,
0.01,random,,test,reactions_2475,
0.01,random,,test,reactions_2692,
0.01,random,,test,reactions_3265,
0.01,random,,test,reactions_1698,
0.01,random,,test,reactions_2192,
0.01,random,,test,reactions_1921,
0.01,random,,test,reactions_2081,
0.01,random,,test,reactions_3592,
0.01,random,,test,reactions_531,
0.01,random,,test,reactions_1271,
0.01,random,,test,reactions_3296,
0.01,random,,test,reactions_1159,
0.01,random,,test,reactions_1771,
0.01,random,,test,reactions_2618,
0.01,random,,test,reactions_2639,
0.01,random,,test,reactions_1699,
0.01,random,,test,reactions_2339,
0.01,random,,test,reactions_1050,
0.01,random,,test,reactions_3280,
0.01,random,,test,reactions_1309,
0.01,random,,test,reactions_413,
0.01,random,,test,reactions_2679,
0.01,random,,test,reactions_3599,
0.01,random,,test,reactions_3081,
0.01,random,,test,reactions_2890,
0.01,random,,test,reactions_1803,
0.01,random,,test,reactions_3075,
0.01,random,,test,reactions_1335,
0.01,random,,test,reactions_3679,
0.01,random,,test,reactions_362,
0.01,random,,test,reactions_3320,
0.01,random,,test,reactions_788,
0.01,random,,test,reactions_1037,
0.01,random,,test,reactions_1222,
0.01,random,,test,reactions_3338,
0.01,random,,test,reactions_756,
0.01,random,,test,reactions_2453,
0.01,random,,test,reactions_2730,
0.01,random,,test,reactions_2429,
0.01,random,,test,reactions_2274,
0.01,random,,test,reactions_3325,
0.01,random,,test,reactions_2181,
0.01,random,,test,reactions_2967,
0.01,random,,test,reactions_573,
0.01,random,,test,reactions_224,
0.01,random,,test,reactions_2701,
0.01,random,,test,reactions_2656,
0.01,random,,test,reactions_1154,
0.01,random,,test,reactions_2199,
0.01,random,,test,reactions_624,
0.01,random,,test,reactions_3148,
0.01,random,,test,reactions_1231,
0.01,random,,test,reactions_1533,
0.01,random,,test,reactions_2441,
0.01,random,,test,reactions_237,
0.01,random,,test,reactions_1831,
0.01,random,,test,reactions_2751,
0.01,random,,test,reactions_2600,
0.01,random,,test,reactions_2784,
0.01,random,,test,reactions_1733,
0.01,random,,test,reactions_477,
0.01,random,,test,reactions_3120,
0.01,random,,test,reactions_2345,
0.01,random,,test,reactions_2409,
0.01,random,,test,reactions_2750,
0.01,random,,test,reactions_3074,
0.01,random,,test,reactions_202,
0.01,random,,test,reactions_749,
0.01,random,,test,reactions_1400,
0.01,random,,test,reactions_1321,
0.01,random,,test,reactions_2983,
0.01,random,,test,reactions_2917,
0.01,random,,test,reactions_3940,
0.01,random,,test,reactions_1378,
0.01,random,,test,reactions_3655,
0.01,random,,test,reactions_2521,
0.01,random,,test,reactions_267,
0.01,random,,test,reactions_401,
0.01,random,,test,reactions_927,
0.01,random,,test,reactions_3546,
0.01,random,,test,reactions_1625,
0.01,random,,test,reactions_2363,
0.01,random,,test,reactions_3935,
0.01,random,,test,reactions_2648,
0.01,random,,test,reactions_3844,
0.01,random,,test,reactions_450,
0.01,random,,test,reactions_2964,
0.01,random,,test,reactions_1260,
0.01,random,,test,reactions_3188,
0.01,random,,test,reactions_2678,
0.01,random,,test,reactions_3742,
0.01,random,,test,reactions_830,
0.01,random,,test,reactions_3677,
0.01,random,,test,reactions_3441,
0.01,random,,test,reactions_1973,
0.01,random,,test,reactions_1307,
0.01,random,,test,reactions_416,
0.01,random,,test,reactions_2286,
0.01,random,,test,reactions_2438,
0.01,random,,test,reactions_1182,
0.01,random,,test,reactions_2380,
0.01,random,,test,reactions_3437,
0.01,random,,test,reactions_2708,
0.01,random,,test,reactions_2752,
0.01,random,,test,reactions_386,
0.01,random,,test,reactions_3122,
0.01,random,,test,reactions_2811,
0.01,random,,test,reactions_1777,
0.01,random,,test,reactions_1893,
0.01,random,,test,reactions_2551,
0.01,random,,test,reactions_3489,
0.01,random,,test,reactions_1241,
0.01,random,,test,reactions_2281,
0.01,random,,test,reactions_861,
0.01,random,,test,reactions_613,
0.01,random,,test,reactions_2539,
0.01,random,,test,reactions_248,
0.01,random,,test,reactions_2742,
0.01,random,,test,reactions_2507,
0.01,random,,test,reactions_840,
0.01,random,,test,reactions_3330,
0.01,random,,test,reactions_556,
0.01,random,,test,reactions_1910,
0.01,random,,test,reactions_3928,
0.01,random,,test,reactions_3615,
0.01,random,,test,reactions_2136,
0.01,random,,test,reactions_532,
0.01,random,,test,reactions_596,
0.01,random,,test,reactions_397,
0.01,random,,test,reactions_3700,
0.01,random,,test,reactions_566,
0.01,random,,test,reactions_3756,
0.01,random,,test,reactions_2216,
0.01,random,,test,reactions_60,
0.01,random,,test,reactions_890,
0.01,random,,test,reactions_901,
0.01,random,,test,reactions_2305,
0.01,random,,test,reactions_679,
0.01,random,,test,reactions_3339,
0.01,random,,test,reactions_1539,
0.01,random,,test,reactions_1337,
0.01,random,,test,reactions_2812,
0.01,random,,test,reactions_3675,
0.01,random,,test,reactions_1431,
0.01,random,,test,reactions_1191,
0.01,random,,test,reactions_3123,
0.01,random,,test,reactions_1653,
0.01,random,,test,reactions_3193,
0.01,random,,test,reactions_960,
0.01,random,,test,reactions_3491,
0.01,random,,test,reactions_543,
0.01,random,,test,reactions_408,
0.01,random,,test,reactions_1895,
0.01,random,,test,reactions_130,
0.01,random,,test,reactions_82,
0.01,random,,test,reactions_2772,
0.01,random,,test,reactions_381,
0.01,random,,test,reactions_3668,
0.01,random,,test,reactions_726,
0.01,random,,test,reactions_140,
0.01,random,,test,reactions_983,
0.01,random,,test,reactions_290,
0.01,random,,test,reactions_1021,
0.01,random,,test,reactions_702,
0.01,random,,test,reactions_2850,
0.01,random,,test,reactions_156,
0.01,random,,test,reactions_1849,
0.01,random,,test,reactions_783,
0.01,random,,test,reactions_3475,
0.01,random,,test,reactions_2410,
0.01,random,,test,reactions_1822,
0.01,random,,test,reactions_3658,
0.01,random,,test,reactions_87,
0.01,random,,test,reactions_1015,
0.01,random,,test,reactions_112,
0.01,random,,test,reactions_2579,
0.01,random,,test,reactions_2388,
0.01,random,,test,reactions_1855,
0.01,random,,test,reactions_1697,
0.01,random,,test,reactions_198,
0.01,random,,test,reactions_2050,
0.01,random,,test,reactions_1843,
0.01,random,,test,reactions_2326,
0.01,random,,test,reactions_994,
0.01,random,,test,reactions_1361,
0.01,random,,test,reactions_2104,
0.01,random,,test,reactions_1765,
0.01,random,,test,reactions_2778,
0.01,random,,test,reactions_2725,
0.01,random,,test,reactions_2135,
0.01,random,,test,reactions_3278,
0.01,random,,test,reactions_3196,
0.01,random,,test,reactions_482,
0.01,random,,test,reactions_1814,
0.01,random,,test,reactions_2190,
0.01,random,,test,reactions_3689,
0.01,random,,test,reactions_440,
0.01,random,,test,reactions_222,
0.01,random,,test,reactions_496,
0.01,random,,test,reactions_49,
0.01,random,,test,reactions_1554,
0.01,random,,test,reactions_355,
0.01,random,,test,reactions_724,
0.01,random,,test,reactions_409,
0.01,random,,test,reactions_3732,
0.01,random,,test,reactions_1974,
0.01,random,,test,reactions_63,
0.01,random,,test,reactions_1661,
0.01,random,,test,reactions_2408,
0.01,random,,test,reactions_400,
0.01,random,,test,reactions_1605,
0.01,random,,test,reactions_587,
0.01,random,,test,reactions_1273,
0.01,random,,test,reactions_1877,
0.01,random,,test,reactions_1047,
0.01,random,,test,reactions_1848,
0.01,random,,test,reactions_791,
0.01,random,,test,reactions_2358,
0.01,random,,test,reactions_741,
0.01,random,,test,reactions_797,
0.01,random,,test,reactions_3169,
0.01,random,,test,reactions_746,
0.01,random,,test,reactions_3082,
0.01,random,,test,reactions_490,
0.01,random,,test,reactions_3944,
0.01,random,,test,reactions_3806,
0.01,random,,test,reactions_885,
0.01,random,,test,reactions_1946,
0.01,random,,test,reactions_2431,
0.01,random,,test,reactions_1168,
0.01,random,,test,reactions_266,
0.01,random,,test,reactions_2071,
0.01,random,,test,reactions_3005,
0.01,random,,test,reactions_3254,
0.01,random,,test,reactions_326,
0.01,random,,test,reactions_2623,
0.01,random,,test,reactions_3680,
0.01,random,,test,reactions_1557,
0.01,random,,test,reactions_3397,
0.01,random,,test,reactions_2450,
0.01,random,,test,reactions_2783,
0.01,random,,test,reactions_5,
0.01,random,,test,reactions_1475,
0.01,random,,test,reactions_2428,
0.01,random,,test,reactions_3264,
0.01,random,,test,reactions_3335,
0.01,random,,test,reactions_3068,
0.01,random,,test,reactions_948,
0.01,random,,test,reactions_2927,
0.01,random,,test,reactions_3127,
0.01,random,,test,reactions_2949,
0.01,random,,test,reactions_3780,
0.01,random,,test,reactions_3277,
0.01,random,,test,reactions_2486,
0.01,random,,test,reactions_1871,
0.05,random,,train,reactions_3224,
0.05,random,,train,reactions_1704,
0.05,random,,train,reactions_3260,
0.05,random,,train,reactions_1885,
0.05,random,,train,reactions_1846,
0.05,random,,train,reactions_1787,
0.05,random,,train,reactions_1994,
0.05,random,,train,reactions_2249,
0.05,random,,train,reactions_1354,
0.05,random,,train,reactions_1914,
0.05,random,,train,reactions_903,
0.05,random,,train,reactions_3923,
0.05,random,,train,reactions_1112,
0.05,random,,train,reactions_2469,
0.05,random,,train,reactions_1374,
0.05,random,,train,reactions_385,
0.05,random,,train,reactions_2422,
0.05,random,,train,reactions_1332,
0.05,random,,train,reactions_72,
0.05,random,,train,reactions_3949,
0.05,random,,train,reactions_433,
0.05,random,,train,reactions_1308,
0.05,random,,train,reactions_846,
0.05,random,,train,reactions_1480,
0.05,random,,train,reactions_1433,
0.05,random,,train,reactions_734,
0.05,random,,train,reactions_2777,
0.05,random,,train,reactions_1119,
0.05,random,,train,reactions_1531,
0.05,random,,train,reactions_2205,
0.05,random,,train,reactions_3203,
0.05,random,,train,reactions_1326,
0.05,random,,train,reactions_3134,
0.05,random,,train,reactions_2908,
0.05,random,,train,reactions_334,
0.05,random,,train,reactions_1461,
0.05,random,,train,reactions_1199,
0.05,random,,train,reactions_3866,
0.05,random,,train,reactions_3001,
0.05,random,,train,reactions_2332,
0.05,random,,train,reactions_3605,
0.05,random,,train,reactions_2996,
0.05,random,,train,reactions_720,
0.05,random,,train,reactions_1297,
0.05,random,,train,reactions_3256,
0.05,random,,train,reactions_2529,
0.05,random,,train,reactions_2449,
0.05,random,,train,reactions_244,
0.05,random,,train,reactions_39,
0.05,random,,train,reactions_586,
0.05,random,,train,reactions_1417,
0.05,random,,train,reactions_3165,
0.05,random,,train,reactions_3098,
0.05,random,,train,reactions_3933,
0.05,random,,train,reactions_3345,
0.05,random,,train,reactions_716,
0.05,random,,train,reactions_2664,
0.05,random,,train,reactions_81,
0.05,random,,train,reactions_502,
0.05,random,,train,reactions_3117,
0.05,random,,train,reactions_3746,
0.05,random,,train,reactions_1568,
0.05,random,,train,reactions_1742,
0.05,random,,train,reactions_2881,
0.05,random,,train,reactions_684,
0.05,random,,train,reactions_118,
0.05,random,,train,reactions_2661,
0.05,random,,train,reactions_1761,
0.05,random,,train,reactions_2552,
0.05,random,,train,reactions_3925,
0.05,random,,train,reactions_1407,
0.05,random,,train,reactions_2210,
0.05,random,,train,reactions_120,
0.05,random,,train,reactions_3550,
0.05,random,,train,reactions_3918,
0.05,random,,train,reactions_822,
0.05,random,,train,reactions_407,
0.05,random,,train,reactions_3616,
0.05,random,,train,reactions_301,
0.05,random,,train,reactions_3396,
0.05,random,,train,reactions_1728,
0.05,random,,train,reactions_1385,
0.05,random,,train,reactions_1274,
0.05,random,,train,reactions_99,
0.05,random,,train,reactions_775,
0.05,random,,train,reactions_2298,
0.05,random,,train,reactions_2405,
0.05,random,,train,reactions_2265,
0.05,random,,train,reactions_1493,
0.05,random,,train,reactions_1101,
0.05,random,,train,reactions_700,
0.05,random,,train,reactions_1256,
0.05,random,,train,reactions_149,
0.05,random,,train,reactions_2825,
0.05,random,,train,reactions_1070,
0.05,random,,train,reactions_1456,
0.05,random,,train,reactions_3830,
0.05,random,,train,reactions_3084,
0.05,random,,train,reactions_374,
0.05,random,,train,reactions_493,
0.05,random,,train,reactions_213,
0.05,random,,train,reactions_2239,
0.05,random,,train,reactions_939,
0.05,random,,train,reactions_2465,
0.05,random,,train,reactions_2082,
0.05,random,,train,reactions_3416,
0.05,random,,train,reactions_3715,
0.05,random,,train,reactions_2123,
0.05,random,,train,reactions_1397,
0.05,random,,train,reactions_538,
0.05,random,,train,reactions_3911,
0.05,random,,train,reactions_1543,
0.05,random,,train,reactions_1723,
0.05,random,,train,reactions_3043,
0.05,random,,train,reactions_3735,
0.05,random,,train,reactions_3316,
0.05,random,,train,reactions_1672,
0.05,random,,train,reactions_3766,
0.05,random,,train,reactions_3011,
0.05,random,,train,reactions_1171,
0.05,random,,train,reactions_2113,
0.05,random,,train,reactions_1104,
0.05,random,,train,reactions_929,
0.05,random,,train,reactions_1290,
0.05,random,,train,reactions_1251,
0.05,random,,train,reactions_980,
0.05,random,,train,reactions_633,
0.05,random,,train,reactions_1371,
0.05,random,,train,reactions_2828,
0.05,random,,train,reactions_3464,
0.05,random,,train,reactions_2602,
0.05,random,,train,reactions_3210,
0.05,random,,train,reactions_3564,
0.05,random,,train,reactions_595,
0.05,random,,train,reactions_1795,
0.05,random,,train,reactions_3150,
0.05,random,,train,reactions_165,
0.05,random,,train,reactions_3235,
0.05,random,,train,reactions_662,
0.05,random,,train,reactions_1820,
0.05,random,,train,reactions_1560,
0.05,random,,train,reactions_1941,
0.05,random,,train,reactions_1657,
0.05,random,,train,reactions_89,
0.05,random,,train,reactions_263,
0.05,random,,train,reactions_2553,
0.05,random,,train,reactions_2126,
0.05,random,,train,reactions_1477,
0.05,random,,train,reactions_1958,
0.05,random,,train,reactions_1565,
0.05,random,,train,reactions_674,
0.05,random,,train,reactions_905,
0.05,random,,train,reactions_2334,
0.05,random,,train,reactions_1423,
0.05,random,,train,reactions_3050,
0.05,random,,train,reactions_2499,
0.05,random,,train,reactions_1844,
0.05,random,,train,reactions_3831,
0.05,random,,valid,reactions_1864,
0.05,random,,valid,reactions_951,
0.05,random,,valid,reactions_1135,
0.05,random,,valid,reactions_957,
0.05,random,,valid,reactions_279,
0.05,random,,valid,reactions_3182,
0.05,random,,valid,reactions_2690,
0.05,random,,valid,reactions_2583,
0.05,random,,valid,reactions_2043,
0.05,random,,valid,reactions_1082,
0.05,random,,valid,reactions_280,
0.05,random,,valid,reactions_2300,
0.05,random,,valid,reactions_509,
0.05,random,,valid,reactions_108,
0.05,random,,valid,reactions_3568,
0.05,random,,valid,reactions_2518,
0.05,random,,valid,reactions_3666,
0.05,random,,valid,reactions_2227,
0.05,random,,valid,reactions_311,
0.05,random,,valid,reactions_2182,
0.05,random,,valid,reactions_2399,
0.05,random,,valid,reactions_764,
0.05,random,,valid,reactions_2152,
0.05,random,,valid,reactions_874,
0.05,random,,valid,reactions_259,
0.05,random,,valid,reactions_3701,
0.05,random,,valid,reactions_131,
0.05,random,,valid,reactions_1791,
0.05,random,,valid,reactions_511,
0.05,random,,valid,reactions_2764,
0.05,random,,valid,reactions_2435,
0.05,random,,valid,reactions_3227,
0.05,random,,valid,reactions_2382,
0.05,random,,valid,reactions_1117,
0.05,random,,valid,reactions_3739,
0.05,random,,valid,reactions_50,
0.05,random,,valid,reactions_1836,
0.05,random,,valid,reactions_717,
0.05,random,,valid,reactions_1223,
0.05,random,,valid,reactions_988,
0.05,random,,valid,reactions_3518,
0.05,random,,valid,reactions_3559,
0.05,random,,valid,reactions_449,
0.05,random,,valid,reactions_2963,
0.05,random,,valid,reactions_3405,
0.05,random,,valid,reactions_2717,
0.05,random,,valid,reactions_3125,
0.05,random,,valid,reactions_476,
0.05,random,,valid,reactions_1019,
0.05,random,,valid,reactions_3579,
0.05,random,,valid,reactions_2049,
0.05,random,,valid,reactions_1031,
0.05,random,,valid,reactions_646,
0.05,random,,valid,reactions_2849,
0.05,random,,valid,reactions_1619,
0.05,random,,valid,reactions_2203,
0.05,random,,valid,reactions_2285,
0.05,random,,valid,reactions_348,
0.05,random,,valid,reactions_405,
0.05,random,,valid,reactions_3454,
0.05,random,,valid,reactions_813,
0.05,random,,valid,reactions_3560,
0.05,random,,valid,reactions_680,
0.05,random,,valid,reactions_1392,
0.05,random,,valid,reactions_3708,
0.05,random,,valid,reactions_1751,
0.05,random,,valid,reactions_3060,
0.05,random,,valid,reactions_1486,
0.05,random,,valid,reactions_1526,
0.05,random,,valid,reactions_359,
0.05,random,,valid,reactions_1049,
0.05,random,,valid,reactions_417,
0.05,random,,valid,reactions_3893,
0.05,random,,valid,reactions_1096,
0.05,random,,valid,reactions_3762,
0.05,random,,valid,reactions_1387,
0.05,random,,valid,reactions_2880,
0.05,random,,valid,reactions_2496,
0.05,random,,valid,reactions_1857,
0.05,random,,valid,reactions_3514,
0.05,random,,valid,reactions_2065,
0.05,random,,valid,reactions_1265,
0.05,random,,valid,reactions_2455,
0.05,random,,valid,reactions_2395,
0.05,random,,valid,reactions_242,
0.05,random,,valid,reactions_3788,
0.05,random,,valid,reactions_1094,
0.05,random,,valid,reactions_2544,
0.05,random,,valid,reactions_1884,
0.05,random,,valid,reactions_691,
0.05,random,,valid,reactions_933,
0.05,random,,valid,reactions_2007,
0.05,random,,valid,reactions_1654,
0.05,random,,valid,reactions_1004,
0.05,random,,valid,reactions_1809,
0.05,random,,valid,reactions_148,
0.05,random,,valid,reactions_2057,
0.05,random,,valid,reactions_572,
0.05,random,,valid,reactions_1518,
0.05,random,,valid,reactions_2324,
0.05,random,,valid,reactions_978,
0.05,random,,valid,reactions_1024,
0.05,random,,valid,reactions_361,
0.05,random,,valid,reactions_2397,
0.05,random,,valid,reactions_507,
0.05,random,,valid,reactions_2566,
0.05,random,,valid,reactions_3423,
0.05,random,,valid,reactions_470,
0.05,random,,valid,reactions_574,
0.05,random,,valid,reactions_3538,
0.05,random,,valid,reactions_817,
0.05,random,,valid,reactions_32,
0.05,random,,valid,reactions_1190,
0.05,random,,valid,reactions_114,
0.05,random,,valid,reactions_2091,
0.05,random,,valid,reactions_2895,
0.05,random,,valid,reactions_1563,
0.05,random,,valid,reactions_2970,
0.05,random,,valid,reactions_848,
0.05,random,,valid,reactions_2048,
0.05,random,,valid,reactions_2383,
0.05,random,,valid,reactions_3479,
0.05,random,,valid,reactions_330,
0.05,random,,valid,reactions_1266,
0.05,random,,valid,reactions_2195,
0.05,random,,valid,reactions_3038,
0.05,random,,valid,reactions_1395,
0.05,random,,valid,reactions_3691,
0.05,random,,valid,reactions_1198,
0.05,random,,valid,reactions_1852,
0.05,random,,valid,reactions_3440,
0.05,random,,valid,reactions_3448,
0.05,random,,valid,reactions_2289,
0.05,random,,valid,reactions_2483,
0.05,random,,valid,reactions_2323,
0.05,random,,valid,reactions_1358,
0.05,random,,valid,reactions_792,
0.05,random,,valid,reactions_73,
0.05,random,,valid,reactions_3714,
0.05,random,,valid,reactions_265,
0.05,random,,valid,reactions_2479,
0.05,random,,valid,reactions_3594,
0.05,random,,valid,reactions_953,
0.05,random,,valid,reactions_1339,
0.05,random,,valid,reactions_3327,
0.05,random,,valid,reactions_609,
0.05,random,,valid,reactions_95,
0.05,random,,valid,reactions_1642,
0.05,random,,valid,reactions_524,
0.05,random,,valid,reactions_2394,
0.05,random,,valid,reactions_3255,
0.05,random,,valid,reactions_2214,
0.05,random,,valid,reactions_2563,
0.05,random,,valid,reactions_855,
0.05,random,,valid,reactions_212,
0.05,random,,valid,reactions_2215,
0.05,random,,valid,reactions_2893,
0.05,random,,valid,reactions_3116,
0.05,random,,valid,reactions_2613,
0.05,random,,valid,reactions_2560,
0.05,random,,valid,reactions_133,
0.05,random,,valid,reactions_1752,
0.05,random,,valid,reactions_3792,
0.05,random,,valid,reactions_688,
0.05,random,,valid,reactions_3118,
0.05,random,,valid,reactions_719,
0.05,random,,valid,reactions_119,
0.05,random,,valid,reactions_455,
0.05,random,,valid,reactions_2307,
0.05,random,,valid,reactions_2401,
0.05,random,,valid,reactions_1025,
0.05,random,,valid,reactions_139,
0.05,random,,valid,reactions_1127,
0.05,random,,valid,reactions_1932,
0.05,random,,valid,reactions_2224,
0.05,random,,valid,reactions_3406,
0.05,random,,valid,reactions_2474,
0.05,random,,valid,reactions_601,
0.05,random,,valid,reactions_3865,
0.05,random,,valid,reactions_2897,
0.05,random,,valid,reactions_332,
0.05,random,,valid,reactions_3215,
0.05,random,,valid,reactions_3473,
0.05,random,,valid,reactions_1396,
0.05,random,,valid,reactions_615,
0.05,random,,valid,reactions_3285,
0.05,random,,valid,reactions_484,
0.05,random,,valid,reactions_3268,
0.05,random,,valid,reactions_1577,
0.05,random,,valid,reactions_1152,
0.05,random,,valid,reactions_3490,
0.05,random,,valid,reactions_42,
0.05,random,,valid,reactions_3361,
0.05,random,,valid,reactions_1264,
0.05,random,,valid,reactions_3629,
0.05,random,,valid,reactions_171,
0.05,random,,valid,reactions_2789,
0.05,random,,valid,reactions_22,
0.05,random,,valid,reactions_1421,
0.05,random,,valid,reactions_629,
0.05,random,,valid,reactions_2404,
0.05,random,,valid,reactions_287,
0.05,random,,valid,reactions_2131,
0.05,random,,valid,reactions_3431,
0.05,random,,valid,reactions_457,
0.05,random,,valid,reactions_777,
0.05,random,,valid,reactions_299,
0.05,random,,valid,reactions_1316,
0.05,random,,valid,reactions_19,
0.05,random,,valid,reactions_1066,
0.05,random,,valid,reactions_1986,
0.05,random,,valid,reactions_2353,
0.05,random,,valid,reactions_3167,
0.05,random,,valid,reactions_824,
0.05,random,,valid,reactions_3471,
0.05,random,,valid,reactions_548,
0.05,random,,valid,reactions_1430,
0.05,random,,valid,reactions_627,
0.05,random,,valid,reactions_2981,
0.05,random,,valid,reactions_2207,
0.05,random,,valid,reactions_1861,
0.05,random,,valid,reactions_2470,
0.05,random,,valid,reactions_1091,
0.05,random,,valid,reactions_3770,
0.05,random,,valid,reactions_2432,
0.05,random,,valid,reactions_3191,
0.05,random,,valid,reactions_3314,
0.05,random,,valid,reactions_66,
0.05,random,,valid,reactions_2385,
0.05,random,,valid,reactions_1325,
0.05,random,,valid,reactions_3187,
0.05,random,,valid,reactions_569,
0.05,random,,valid,reactions_343,
0.05,random,,valid,reactions_340,
0.05,random,,valid,reactions_211,
0.05,random,,valid,reactions_1643,
0.05,random,,valid,reactions_2537,
0.05,random,,valid,reactions_48,
0.05,random,,valid,reactions_2051,
0.05,random,,valid,reactions_1204,
0.05,random,,valid,reactions_801,
0.05,random,,valid,reactions_814,
0.05,random,,valid,reactions_2030,
0.05,random,,valid,reactions_2696,
0.05,random,,valid,reactions_2562,
0.05,random,,valid,reactions_2790,
0.05,random,,valid,reactions_1513,
0.05,random,,valid,reactions_1781,
0.05,random,,valid,reactions_1088,
0.05,random,,valid,reactions_80,
0.05,random,,valid,reactions_3638,
0.05,random,,valid,reactions_592,
0.05,random,,valid,reactions_3661,
0.05,random,,valid,reactions_3823,
0.05,random,,valid,reactions_857,
0.05,random,,valid,reactions_3724,
0.05,random,,valid,reactions_1038,
0.05,random,,valid,reactions_918,
0.05,random,,valid,reactions_2011,
0.05,random,,valid,reactions_1692,
0.05,random,,valid,reactions_1100,
0.05,random,,valid,reactions_604,
0.05,random,,valid,reactions_2068,
0.05,random,,valid,reactions_1247,
0.05,random,,valid,reactions_3907,
0.05,random,,valid,reactions_2252,
0.05,random,,valid,reactions_793,
0.05,random,,valid,reactions_1157,
0.05,random,,valid,reactions_1988,
0.05,random,,valid,reactions_1681,
0.05,random,,valid,reactions_2331,
0.05,random,,valid,reactions_2445,
0.05,random,,valid,reactions_1160,
0.05,random,,valid,reactions_565,
0.05,random,,valid,reactions_968,
0.05,random,,valid,reactions_1920,
0.05,random,,valid,reactions_135,
0.05,random,,valid,reactions_1017,
0.05,random,,valid,reactions_1139,
0.05,random,,valid,reactions_1551,
0.05,random,,valid,reactions_1379,
0.05,random,,valid,reactions_2954,
0.05,random,,valid,reactions_3113,
0.05,random,,valid,reactions_2417,
0.05,random,,valid,reactions_733,
0.05,random,,valid,reactions_1445,
0.05,random,,valid,reactions_1007,
0.05,random,,valid,reactions_3904,
0.05,random,,valid,reactions_2604,
0.05,random,,valid,reactions_1925,
0.05,random,,valid,reactions_3640,
0.05,random,,valid,reactions_1789,
0.05,random,,valid,reactions_110,
0.05,random,,valid,reactions_3741,
0.05,random,,valid,reactions_3359,
0.05,random,,valid,reactions_3435,
0.05,random,,valid,reactions_987,
0.05,random,,valid,reactions_2402,
0.05,random,,valid,reactions_837,
0.05,random,,valid,reactions_2617,
0.05,random,,valid,reactions_3817,
0.05,random,,valid,reactions_1053,
0.05,random,,valid,reactions_160,
0.05,random,,valid,reactions_947,
0.05,random,,valid,reactions_3779,
0.05,random,,valid,reactions_2179,
0.05,random,,valid,reactions_3606,
0.05,random,,valid,reactions_2225,
0.05,random,,valid,reactions_1336,
0.05,random,,valid,reactions_2629,
0.05,random,,valid,reactions_3247,
0.05,random,,valid,reactions_558,
0.05,random,,valid,reactions_2421,
0.05,random,,valid,reactions_3532,
0.05,random,,valid,reactions_1638,
0.05,random,,valid,reactions_471,
0.05,random,,valid,reactions_699,
0.05,random,,valid,reactions_3258,
0.05,random,,valid,reactions_2587,
0.05,random,,valid,reactions_3628,
0.05,random,,valid,reactions_866,
0.05,random,,valid,reactions_1688,
0.05,random,,valid,reactions_3622,
0.05,random,,valid,reactions_2313,
0.05,random,,valid,reactions_486,
0.05,random,,valid,reactions_1829,
0.05,random,,valid,reactions_809,
0.05,random,,valid,reactions_2699,
0.05,random,,valid,reactions_357,
0.05,random,,valid,reactions_1032,
0.05,random,,valid,reactions_2070,
0.05,random,,valid,reactions_1064,
0.05,random,,valid,reactions_714,
0.05,random,,valid,reactions_1682,
0.05,random,,valid,reactions_3139,
0.05,random,,valid,reactions_2419,
0.05,random,,valid,reactions_370,
0.05,random,,valid,reactions_412,
0.05,random,,valid,reactions_2269,
0.05,random,,valid,reactions_2442,
0.05,random,,valid,reactions_1023,
0.05,random,,valid,reactions_2107,
0.05,random,,valid,reactions_3525,
0.05,random,,valid,reactions_2531,
0.05,random,,valid,reactions_1725,
0.05,random,,valid,reactions_753,
0.05,random,,valid,reactions_2810,
0.05,random,,valid,reactions_650,
0.05,random,,valid,reactions_126,
0.05,random,,valid,reactions_1963,
0.05,random,,valid,reactions_941,
0.05,random,,valid,reactions_1993,
0.05,random,,valid,reactions_1163,
0.05,random,,valid,reactions_2088,
0.05,random,,valid,reactions_2173,
0.05,random,,valid,reactions_3161,
0.05,random,,valid,reactions_3399,
0.05,random,,valid,reactions_1987,
0.05,random,,valid,reactions_537,
0.05,random,,valid,reactions_1482,
0.05,random,,valid,reactions_3364,
0.05,random,,valid,reactions_2226,
0.05,random,,valid,reactions_1150,
0.05,random,,valid,reactions_1971,
0.05,random,,valid,reactions_3505,
0.05,random,,valid,reactions_3030,
0.05,random,,valid,reactions_1394,
0.05,random,,valid,reactions_789,
0.05,random,,valid,reactions_576,
0.05,random,,valid,reactions_2753,
0.05,random,,valid,reactions_1276,
0.05,random,,valid,reactions_3814,
0.05,random,,valid,reactions_184,
0.05,random,,valid,reactions_2172,
0.05,random,,valid,reactions_175,
0.05,random,,valid,reactions_2909,
0.05,random,,valid,reactions_1093,
0.05,random,,valid,reactions_2930,
0.05,random,,valid,reactions_1268,
0.05,random,,valid,reactions_3328,
0.05,random,,valid,reactions_3572,
0.05,random,,valid,reactions_1703,
0.05,random,,valid,reactions_3021,
0.05,random,,valid,reactions_1488,
0.05,random,,valid,reactions_2932,
0.05,random,,valid,reactions_364,
0.05,random,,valid,reactions_438,
0.05,random,,valid,reactions_1212,
0.05,random,,valid,reactions_3181,
0.05,random,,valid,reactions_2191,
0.05,random,,valid,reactions_3826,
0.05,random,,valid,reactions_2497,
0.05,random,,valid,reactions_1027,
0.05,random,,valid,reactions_3484,
0.05,random,,valid,reactions_313,
0.05,random,,test,reactions_2580,
0.05,random,,test,reactions_20,
0.05,random,,test,reactions_3102,
0.05,random,,test,reactions_982,
0.05,random,,test,reactions_191,
0.05,random,,test,reactions_619,
0.05,random,,test,reactions_1262,
0.05,random,,test,reactions_1519,
0.05,random,,test,reactions_498,
0.05,random,,test,reactions_1196,
0.05,random,,test,reactions_2801,
0.05,random,,test,reactions_2642,
0.05,random,,test,reactions_2164,
0.05,random,,test,reactions_3057,
0.05,random,,test,reactions_2169,
0.05,random,,test,reactions_382,
0.05,random,,test,reactions_1002,
0.05,random,,test,reactions_2212,
0.05,random,,test,reactions_3881,
0.05,random,,test,reactions_1175,
0.05,random,,test,reactions_742,
0.05,random,,test,reactions_2732,
0.05,random,,test,reactions_3557,
0.05,random,,test,reactions_825,
0.05,random,,test,reactions_3596,
0.05,random,,test,reactions_666,
0.05,random,,test,reactions_3376,
0.05,random,,test,reactions_2116,
0.05,random,,test,reactions_2330,
0.05,random,,test,reactions_3257,
0.05,random,,test,reactions_2284,
0.05,random,,test,reactions_2986,
0.05,random,,test,reactions_760,
0.05,random,,test,reactions_2937,
0.05,random,,test,reactions_461,
0.05,random,,test,reactions_104,
0.05,random,,test,reactions_2311,
0.05,random,,test,reactions_2108,
0.05,random,,test,reactions_1972,
0.05,random,,test,reactions_3609,
0.05,random,,test,reactions_3764,
0.05,random,,test,reactions_1018,
0.05,random,,test,reactions_166,
0.05,random,,test,reactions_2994,
0.05,random,,test,reactions_2794,
0.05,random,,test,reactions_3859,
0.05,random,,test,reactions_1449,
0.05,random,,test,reactions_3356,
0.05,random,,test,reactions_2122,
0.05,random,,test,reactions_2183,
0.05,random,,test,reactions_2749,
0.05,random,,test,reactions_1876,
0.05,random,,test,reactions_2459,
0.05,random,,test,reactions_2006,
0.05,random,,test,reactions_2012,
0.05,random,,test,reactions_1726,
0.05,random,,test,reactions_2922,
0.05,random,,test,reactions_754,
0.05,random,,test,reactions_3220,
0.05,random,,test,reactions_116,
0.05,random,,test,reactions_1747,
0.05,random,,test,reactions_3138,
0.05,random,,test,reactions_1124,
0.05,random,,test,reactions_3202,
0.05,random,,test,reactions_454,
0.05,random,,test,reactions_2247,
0.05,random,,test,reactions_499,
0.05,random,,test,reactions_1383,
0.05,random,,test,reactions_3172,
0.05,random,,test,reactions_3637,
0.05,random,,test,reactions_3301,
0.05,random,,test,reactions_2444,
0.05,random,,test,reactions_1928,
0.05,random,,test,reactions_865,
0.05,random,,test,reactions_3329,
0.05,random,,test,reactions_2574,
0.05,random,,test,reactions_2586,
0.05,random,,test,reactions_3035,
0.05,random,,test,reactions_293,
0.05,random,,test,reactions_1607,
0.05,random,,test,reactions_2228,
0.05,random,,test,reactions_3651,
0.05,random,,test,reactions_411,
0.05,random,,test,reactions_3140,
0.05,random,,test,reactions_1609,
0.05,random,,test,reactions_2503,
0.05,random,,test,reactions_2847,
0.05,random,,test,reactions_722,
0.05,random,,test,reactions_276,
0.05,random,,test,reactions_2072,
0.05,random,,test,reactions_307,
0.05,random,,test,reactions_1599,
0.05,random,,test,reactions_1058,
0.05,random,,test,reactions_2485,
0.05,random,,test,reactions_1896,
0.05,random,,test,reactions_310,
0.05,random,,test,reactions_292,
0.05,random,,test,reactions_59,
0.05,random,,test,reactions_1046,
0.05,random,,test,reactions_1328,
0.05,random,,test,reactions_1350,
0.05,random,,test,reactions_2904,
0.05,random,,test,reactions_1164,
0.05,random,,test,reactions_3198,
0.05,random,,test,reactions_3633,
0.05,random,,test,reactions_3678,
0.05,random,,test,reactions_1903,
0.05,random,,test,reactions_762,
0.05,random,,test,reactions_1989,
0.05,random,,test,reactions_2913,
0.05,random,,test,reactions_2934,
0.05,random,,test,reactions_2939,
0.05,random,,test,reactions_2490,
0.05,random,,test,reactions_966,
0.05,random,,test,reactions_1598,
0.05,random,,test,reactions_2530,
0.05,random,,test,reactions_1890,
0.05,random,,test,reactions_2186,
0.05,random,,test,reactions_429,
0.05,random,,test,reactions_2680,
0.05,random,,test,reactions_194,
0.05,random,,test,reactions_692,
0.05,random,,test,reactions_3308,
0.05,random,,test,reactions_2950,
0.05,random,,test,reactions_2347,
0.05,random,,test,reactions_3545,
0.05,random,,test,reactions_2555,
0.05,random,,test,reactions_2923,
0.05,random,,test,reactions_1874,
0.05,random,,test,reactions_3951,
0.05,random,,test,reactions_3410,
0.05,random,,test,reactions_3902,
0.05,random,,test,reactions_2636,
0.05,random,,test,reactions_1189,
0.05,random,,test,reactions_2627,
0.05,random,,test,reactions_1818,
0.05,random,,test,reactions_3620,
0.05,random,,test,reactions_445,
0.05,random,,test,reactions_2798,
0.05,random,,test,reactions_2080,
0.05,random,,test,reactions_3154,
0.05,random,,test,reactions_2475,
0.05,random,,test,reactions_2692,
0.05,random,,test,reactions_3265,
0.05,random,,test,reactions_1698,
0.05,random,,test,reactions_2192,
0.05,random,,test,reactions_1921,
0.05,random,,test,reactions_2081,
0.05,random,,test,reactions_3592,
0.05,random,,test,reactions_531,
0.05,random,,test,reactions_1271,
0.05,random,,test,reactions_3296,
0.05,random,,test,reactions_1159,
0.05,random,,test,reactions_1771,
0.05,random,,test,reactions_2618,
0.05,random,,test,reactions_2639,
0.05,random,,test,reactions_1699,
0.05,random,,test,reactions_2339,
0.05,random,,test,reactions_1050,
0.05,random,,test,reactions_3280,
0.05,random,,test,reactions_1309,
0.05,random,,test,reactions_413,
0.05,random,,test,reactions_2679,
0.05,random,,test,reactions_3599,
0.05,random,,test,reactions_3081,
0.05,random,,test,reactions_2890,
0.05,random,,test,reactions_1803,
0.05,random,,test,reactions_3075,
0.05,random,,test,reactions_1335,
0.05,random,,test,reactions_3679,
0.05,random,,test,reactions_362,
0.05,random,,test,reactions_3320,
0.05,random,,test,reactions_788,
0.05,random,,test,reactions_1037,
0.05,random,,test,reactions_1222,
0.05,random,,test,reactions_3338,
0.05,random,,test,reactions_756,
0.05,random,,test,reactions_2453,
0.05,random,,test,reactions_2730,
0.05,random,,test,reactions_2429,
0.05,random,,test,reactions_2274,
0.05,random,,test,reactions_3325,
0.05,random,,test,reactions_2181,
0.05,random,,test,reactions_2967,
0.05,random,,test,reactions_573,
0.05,random,,test,reactions_224,
0.05,random,,test,reactions_2701,
0.05,random,,test,reactions_2656,
0.05,random,,test,reactions_1154,
0.05,random,,test,reactions_2199,
0.05,random,,test,reactions_624,
0.05,random,,test,reactions_3148,
0.05,random,,test,reactions_1231,
0.05,random,,test,reactions_1533,
0.05,random,,test,reactions_2441,
0.05,random,,test,reactions_237,
0.05,random,,test,reactions_1831,
0.05,random,,test,reactions_2751,
0.05,random,,test,reactions_2600,
0.05,random,,test,reactions_2784,
0.05,random,,test,reactions_1733,
0.05,random,,test,reactions_477,
0.05,random,,test,reactions_3120,
0.05,random,,test,reactions_2345,
0.05,random,,test,reactions_2409,
0.05,random,,test,reactions_2750,
0.05,random,,test,reactions_3074,
0.05,random,,test,reactions_202,
0.05,random,,test,reactions_749,
0.05,random,,test,reactions_1400,
0.05,random,,test,reactions_1321,
0.05,random,,test,reactions_2983,
0.05,random,,test,reactions_2917,
0.05,random,,test,reactions_3940,
0.05,random,,test,reactions_1378,
0.05,random,,test,reactions_3655,
0.05,random,,test,reactions_2521,
0.05,random,,test,reactions_267,
0.05,random,,test,reactions_401,
0.05,random,,test,reactions_927,
0.05,random,,test,reactions_3546,
0.05,random,,test,reactions_1625,
0.05,random,,test,reactions_2363,
0.05,random,,test,reactions_3935,
0.05,random,,test,reactions_2648,
0.05,random,,test,reactions_3844,
0.05,random,,test,reactions_450,
0.05,random,,test,reactions_2964,
0.05,random,,test,reactions_1260,
0.05,random,,test,reactions_3188,
0.05,random,,test,reactions_2678,
0.05,random,,test,reactions_3742,
0.05,random,,test,reactions_830,
0.05,random,,test,reactions_3677,
0.05,random,,test,reactions_3441,
0.05,random,,test,reactions_1973,
0.05,random,,test,reactions_1307,
0.05,random,,test,reactions_416,
0.05,random,,test,reactions_2286,
0.05,random,,test,reactions_2438,
0.05,random,,test,reactions_1182,
0.05,random,,test,reactions_2380,
0.05,random,,test,reactions_3437,
0.05,random,,test,reactions_2708,
0.05,random,,test,reactions_2752,
0.05,random,,test,reactions_386,
0.05,random,,test,reactions_3122,
0.05,random,,test,reactions_2811,
0.05,random,,test,reactions_1777,
0.05,random,,test,reactions_1893,
0.05,random,,test,reactions_2551,
0.05,random,,test,reactions_3489,
0.05,random,,test,reactions_1241,
0.05,random,,test,reactions_2281,
0.05,random,,test,reactions_861,
0.05,random,,test,reactions_613,
0.05,random,,test,reactions_2539,
0.05,random,,test,reactions_248,
0.05,random,,test,reactions_2742,
0.05,random,,test,reactions_2507,
0.05,random,,test,reactions_840,
0.05,random,,test,reactions_3330,
0.05,random,,test,reactions_556,
0.05,random,,test,reactions_1910,
0.05,random,,test,reactions_3928,
0.05,random,,test,reactions_3615,
0.05,random,,test,reactions_2136,
0.05,random,,test,reactions_532,
0.05,random,,test,reactions_596,
0.05,random,,test,reactions_397,
0.05,random,,test,reactions_3700,
0.05,random,,test,reactions_566,
0.05,random,,test,reactions_3756,
0.05,random,,test,reactions_2216,
0.05,random,,test,reactions_60,
0.05,random,,test,reactions_890,
0.05,random,,test,reactions_901,
0.05,random,,test,reactions_2305,
0.05,random,,test,reactions_679,
0.05,random,,test,reactions_3339,
0.05,random,,test,reactions_1539,
0.05,random,,test,reactions_1337,
0.05,random,,test,reactions_2812,
0.05,random,,test,reactions_3675,
0.05,random,,test,reactions_1431,
0.05,random,,test,reactions_1191,
0.05,random,,test,reactions_3123,
0.05,random,,test,reactions_1653,
0.05,random,,test,reactions_3193,
0.05,random,,test,reactions_960,
0.05,random,,test,reactions_3491,
0.05,random,,test,reactions_543,
0.05,random,,test,reactions_408,
0.05,random,,test,reactions_1895,
0.05,random,,test,reactions_130,
0.05,random,,test,reactions_82,
0.05,random,,test,reactions_2772,
0.05,random,,test,reactions_381,
0.05,random,,test,reactions_3668,
0.05,random,,test,reactions_726,
0.05,random,,test,reactions_140,
0.05,random,,test,reactions_983,
0.05,random,,test,reactions_290,
0.05,random,,test,reactions_1021,
0.05,random,,test,reactions_702,
0.05,random,,test,reactions_2850,
0.05,random,,test,reactions_156,
0.05,random,,test,reactions_1849,
0.05,random,,test,reactions_783,
0.05,random,,test,reactions_3475,
0.05,random,,test,reactions_2410,
0.05,random,,test,reactions_1822,
0.05,random,,test,reactions_3658,
0.05,random,,test,reactions_87,
0.05,random,,test,reactions_1015,
0.05,random,,test,reactions_112,
0.05,random,,test,reactions_2579,
0.05,random,,test,reactions_2388,
0.05,random,,test,reactions_1855,
0.05,random,,test,reactions_1697,
0.05,random,,test,reactions_198,
0.05,random,,test,reactions_2050,
0.05,random,,test,reactions_1843,
0.05,random,,test,reactions_2326,
0.05,random,,test,reactions_994,
0.05,random,,test,reactions_1361,
0.05,random,,test,reactions_2104,
0.05,random,,test,reactions_1765,
0.05,random,,test,reactions_2778,
0.05,random,,test,reactions_2725,
0.05,random,,test,reactions_2135,
0.05,random,,test,reactions_3278,
0.05,random,,test,reactions_3196,
0.05,random,,test,reactions_482,
0.05,random,,test,reactions_1814,
0.05,random,,test,reactions_2190,
0.05,random,,test,reactions_3689,
0.05,random,,test,reactions_440,
0.05,random,,test,reactions_222,
0.05,random,,test,reactions_496,
0.05,random,,test,reactions_49,
0.05,random,,test,reactions_1554,
0.05,random,,test,reactions_355,
0.05,random,,test,reactions_724,
0.05,random,,test,reactions_409,
0.05,random,,test,reactions_3732,
0.05,random,,test,reactions_1974,
0.05,random,,test,reactions_63,
0.05,random,,test,reactions_1661,
0.05,random,,test,reactions_2408,
0.05,random,,test,reactions_400,
0.05,random,,test,reactions_1605,
0.05,random,,test,reactions_587,
0.05,random,,test,reactions_1273,
0.05,random,,test,reactions_1877,
0.05,random,,test,reactions_1047,
0.05,random,,test,reactions_1848,
0.05,random,,test,reactions_791,
0.05,random,,test,reactions_2358,
0.05,random,,test,reactions_741,
0.05,random,,test,reactions_797,
0.05,random,,test,reactions_3169,
0.05,random,,test,reactions_746,
0.05,random,,test,reactions_3082,
0.05,random,,test,reactions_490,
0.05,random,,test,reactions_3944,
0.05,random,,test,reactions_3806,
0.05,random,,test,reactions_885,
0.05,random,,test,reactions_1946,
0.05,random,,test,reactions_2431,
0.05,random,,test,reactions_1168,
0.05,random,,test,reactions_266,
0.05,random,,test,reactions_2071,
0.05,random,,test,reactions_3005,
0.05,random,,test,reactions_3254,
0.05,random,,test,reactions_326,
0.05,random,,test,reactions_2623,
0.05,random,,test,reactions_3680,
0.05,random,,test,reactions_1557,
0.05,random,,test,reactions_3397,
0.05,random,,test,reactions_2450,
0.05,random,,test,reactions_2783,
0.05,random,,test,reactions_5,
0.05,random,,test,reactions_1475,
0.05,random,,test,reactions_2428,
0.05,random,,test,reactions_3264,
0.05,random,,test,reactions_3335,
0.05,random,,test,reactions_3068,
0.05,random,,test,reactions_948,
0.05,random,,test,reactions_2927,
0.05,random,,test,reactions_3127,
0.05,random,,test,reactions_2949,
0.05,random,,test,reactions_3780,
0.05,random,,test,reactions_3277,
0.05,random,,test,reactions_2486,
0.05,random,,test,reactions_1871,
0.1,random,,train,reactions_3809,
0.1,random,,train,reactions_2498,
0.1,random,,train,reactions_1947,
0.1,random,,train,reactions_2777,
0.1,random,,train,reactions_3112,
0.1,random,,train,reactions_3293,
0.1,random,,train,reactions_462,
0.1,random,,train,reactions_2903,
0.1,random,,train,reactions_3222,
0.1,random,,train,reactions_2478,
0.1,random,,train,reactions_2234,
0.1,random,,train,reactions_767,
0.1,random,,train,reactions_221,
0.1,random,,train,reactions_3587,
0.1,random,,train,reactions_3926,
0.1,random,,train,reactions_2301,
0.1,random,,train,reactions_1851,
0.1,random,,train,reactions_723,
0.1,random,,train,reactions_2309,
0.1,random,,train,reactions_2074,
0.1,random,,train,reactions_896,
0.1,random,,train,reactions_1892,
0.1,random,,train,reactions_3877,
0.1,random,,train,reactions_3134,
0.1,random,,train,reactions_3137,
0.1,random,,train,reactions_738,
0.1,random,,train,reactions_819,
0.1,random,,train,reactions_3870,
0.1,random,,train,reactions_1077,
0.1,random,,train,reactions_2738,
0.1,random,,train,reactions_1515,
0.1,random,,train,reactions_1238,
0.1,random,,train,reactions_2463,
0.1,random,,train,reactions_1646,
0.1,random,,train,reactions_909,
0.1,random,,train,reactions_2403,
0.1,random,,train,reactions_1965,
0.1,random,,train,reactions_3952,
0.1,random,,train,reactions_536,
0.1,random,,train,reactions_3235,
0.1,random,,train,reactions_1798,
0.1,random,,train,reactions_946,
0.1,random,,train,reactions_877,
0.1,random,,train,reactions_2103,
0.1,random,,train,reactions_2155,
0.1,random,,train,reactions_3170,
0.1,random,,train,reactions_3093,
0.1,random,,train,reactions_2838,
0.1,random,,train,reactions_1588,
0.1,random,,train,reactions_193,
0.1,random,,train,reactions_3248,
0.1,random,,train,reactions_1218,
0.1,random,,train,reactions_1586,
0.1,random,,train,reactions_2221,
0.1,random,,train,reactions_2796,
0.1,random,,train,reactions_3353,
0.1,random,,train,reactions_2087,
0.1,random,,train,reactions_2834,
0.1,random,,train,reactions_2258,
0.1,random,,train,reactions_2767,
0.1,random,,train,reactions_1338,
0.1,random,,train,reactions_261,
0.1,random,,train,reactions_833,
0.1,random,,train,reactions_3793,
0.1,random,,train,reactions_3554,
0.1,random,,train,reactions_1917,
0.1,random,,train,reactions_2053,
0.1,random,,train,reactions_906,
0.1,random,,train,reactions_2804,
0.1,random,,train,reactions_2619,
0.1,random,,train,reactions_2851,
0.1,random,,train,reactions_1429,
0.1,random,,train,reactions_2973,
0.1,random,,train,reactions_2590,
0.1,random,,train,reactions_898,
0.1,random,,train,reactions_3755,
0.1,random,,train,reactions_1820,
0.1,random,,train,reactions_1862,
0.1,random,,train,reactions_1186,
0.1,random,,train,reactions_2260,
0.1,random,,train,reactions_2787,
0.1,random,,train,reactions_3765,
0.1,random,,train,reactions_2584,
0.1,random,,train,reactions_3535,
0.1,random,,train,reactions_3660,
0.1,random,,train,reactions_1872,
0.1,random,,train,reactions_226,
0.1,random,,train,reactions_2480,
0.1,random,,train,reactions_1627,
0.1,random,,train,reactions_1142,
0.1,random,,train,reactions_3918,
0.1,random,,train,reactions_3462,
0.1,random,,train,reactions_233,
0.1,random,,train,reactions_419,
0.1,random,,train,reactions_1435,
0.1,random,,train,reactions_2246,
0.1,random,,train,reactions_2945,
0.1,random,,train,reactions_3510,
0.1,random,,train,reactions_3864,
0.1,random,,train,reactions_1612,
0.1,random,,train,reactions_3086,
0.1,random,,train,reactions_1039,
0.1,random,,train,reactions_504,
0.1,random,,train,reactions_3671,
0.1,random,,train,reactions_2541,
0.1,random,,train,reactions_3427,
0.1,random,,train,reactions_3709,
0.1,random,,train,reactions_1237,
0.1,random,,train,reactions_2877,
0.1,random,,train,reactions_1907,
0.1,random,,train,reactions_1804,
0.1,random,,train,reactions_3130,
0.1,random,,train,reactions_1854,
0.1,random,,train,reactions_3856,
0.1,random,,train,reactions_1999,
0.1,random,,train,reactions_621,
0.1,random,,train,reactions_2350,
0.1,random,,train,reactions_972,
0.1,random,,train,reactions_1371,
0.1,random,,train,reactions_2695,
0.1,random,,train,reactions_435,
0.1,random,,train,reactions_12,
0.1,random,,train,reactions_2845,
0.1,random,,train,reactions_1842,
0.1,random,,train,reactions_3685,
0.1,random,,train,reactions_2969,
0.1,random,,train,reactions_216,
0.1,random,,train,reactions_3034,
0.1,random,,train,reactions_1531,
0.1,random,,train,reactions_1936,
0.1,random,,train,reactions_1112,
0.1,random,,train,reactions_3358,
0.1,random,,train,reactions_356,
0.1,random,,train,reactions_3069,
0.1,random,,train,reactions_1924,
0.1,random,,train,reactions_2499,
0.1,random,,train,reactions_1436,
0.1,random,,train,reactions_464,
0.1,random,,train,reactions_3634,
0.1,random,,train,reactions_3425,
0.1,random,,train,reactions_3236,
0.1,random,,train,reactions_2159,
0.1,random,,train,reactions_2709,
0.1,random,,train,reactions_2341,
0.1,random,,train,reactions_363,
0.1,random,,train,reactions_3955,
0.1,random,,train,reactions_802,
0.1,random,,train,reactions_725,
0.1,random,,train,reactions_3799,
0.1,random,,train,reactions_881,
0.1,random,,train,reactions_1788,
0.1,random,,train,reactions_437,
0.1,random,,train,reactions_2935,
0.1,random,,train,reactions_1837,
0.1,random,,train,reactions_3470,
0.1,random,,train,reactions_1461,
0.1,random,,train,reactions_2723,
0.1,random,,train,reactions_2371,
0.1,random,,train,reactions_2157,
0.1,random,,train,reactions_2885,
0.1,random,,train,reactions_2440,
0.1,random,,train,reactions_2516,
0.1,random,,train,reactions_553,
0.1,random,,train,reactions_934,
0.1,random,,train,reactions_2111,
0.1,random,,train,reactions_2743,
0.1,random,,train,reactions_862,
0.1,random,,train,reactions_165,
0.1,random,,train,reactions_1571,
0.1,random,,train,reactions_35,
0.1,random,,train,reactions_3787,
0.1,random,,train,reactions_1648,
0.1,random,,train,reactions_2637,
0.1,random,,train,reactions_143,
0.1,random,,train,reactions_2853,
0.1,random,,train,reactions_642,
0.1,random,,train,reactions_3869,
0.1,random,,train,reactions_3480,
0.1,random,,train,reactions_3084,
0.1,random,,train,reactions_2741,
0.1,random,,train,reactions_1743,
0.1,random,,train,reactions_2942,
0.1,random,,train,reactions_807,
0.1,random,,train,reactions_2538,
0.1,random,,train,reactions_1306,
0.1,random,,train,reactions_1792,
0.1,random,,train,reactions_1811,
0.1,random,,train,reactions_339,
0.1,random,,train,reactions_1014,
0.1,random,,train,reactions_1282,
0.1,random,,train,reactions_1026,
0.1,random,,train,reactions_2140,
0.1,random,,train,reactions_317,
0.1,random,,train,reactions_125,
0.1,random,,train,reactions_199,
0.1,random,,train,reactions_2202,
0.1,random,,train,reactions_2644,
0.1,random,,train,reactions_3601,
0.1,random,,train,reactions_1054,
0.1,random,,train,reactions_3136,
0.1,random,,train,reactions_2201,
0.1,random,,train,reactions_1669,
0.1,random,,train,reactions_3916,
0.1,random,,train,reactions_3186,
0.1,random,,train,reactions_3351,
0.1,random,,train,reactions_935,
0.1,random,,train,reactions_886,
0.1,random,,train,reactions_653,
0.1,random,,train,reactions_1428,
0.1,random,,train,reactions_1297,
0.1,random,,train,reactions_3613,
0.1,random,,train,reactions_466,
0.1,random,,train,reactions_3024,
0.1,random,,train,reactions_3312,
0.1,random,,train,reactions_3142,
0.1,random,,train,reactions_839,
0.1,random,,train,reactions_993,
0.1,random,,train,reactions_3627,
0.1,random,,train,reactions_3884,
0.1,random,,train,reactions_2189,
0.1,random,,train,reactions_2707,
0.1,random,,train,reactions_1477,
0.1,random,,train,reactions_595,
0.1,random,,train,reactions_533,
0.1,random,,train,reactions_39,
0.1,random,,train,reactions_424,
0.1,random,,train,reactions_544,
0.1,random,,train,reactions_2848,
0.1,random,,train,reactions_2059,
0.1,random,,train,reactions_1405,
0.1,random,,train,reactions_2671,
0.1,random,,train,reactions_560,
0.1,random,,train,reactions_3771,
0.1,random,,train,reactions_47,
0.1,random,,train,reactions_1114,
0.1,random,,train,reactions_3575,
0.1,random,,train,reactions_3556,
0.1,random,,train,reactions_3041,
0.1,random,,train,reactions_1281,
0.1,random,,train,reactions_2424,
0.1,random,,train,reactions_1399,
0.1,random,,train,reactions_2296,
0.1,random,,train,reactions_3158,
0.1,random,,train,reactions_3067,
0.1,random,,train,reactions_3558,
0.1,random,,train,reactions_3027,
0.1,random,,train,reactions_172,
0.1,random,,train,reactions_2288,
0.1,random,,train,reactions_956,
0.1,random,,train,reactions_2367,
0.1,random,,train,reactions_3681,
0.1,random,,train,reactions_2184,
0.1,random,,train,reactions_1758,
0.1,random,,train,reactions_3185,
0.1,random,,train,reactions_3180,
0.1,random,,train,reactions_54,
0.1,random,,train,reactions_1086,
0.1,random,,train,reactions_3011,
0.1,random,,train,reactions_1603,
0.1,random,,train,reactions_2299,
0.1,random,,train,reactions_3899,
0.1,random,,train,reactions_2684,
0.1,random,,train,reactions_2508,
0.1,random,,train,reactions_1948,
0.1,random,,train,reactions_3566,
0.1,random,,train,reactions_1975,
0.1,random,,train,reactions_2180,
0.1,random,,train,reactions_3591,
0.1,random,,train,reactions_3737,
0.1,random,,train,reactions_3365,
0.1,random,,train,reactions_88,
0.1,random,,train,reactions_598,
0.1,random,,train,reactions_1344,
0.1,random,,train,reactions_1611,
0.1,random,,train,reactions_852,
0.1,random,,train,reactions_3906,
0.1,random,,train,reactions_1109,
0.1,random,,train,reactions_3858,
0.1,random,,train,reactions_3494,
0.1,random,,train,reactions_1856,
0.1,random,,train,reactions_24,
0.1,random,,train,reactions_2161,
0.1,random,,train,reactions_1807,
0.1,random,,train,reactions_1769,
0.1,random,,train,reactions_3727,
0.1,random,,train,reactions_2886,
0.1,random,,train,reactions_203,
0.1,random,,train,reactions_1144,
0.1,random,,train,reactions_1235,
0.1,random,,train,reactions_1126,
0.1,random,,train,reactions_254,
0.1,random,,train,reactions_260,
0.1,random,,train,reactions_3547,
0.1,random,,train,reactions_2943,
0.1,random,,train,reactions_662,
0.1,random,,train,reactions_3135,
0.1,random,,train,reactions_1991,
0.1,random,,train,reactions_908,
0.1,random,,train,reactions_2900,
0.1,random,,train,reactions_3014,
0.1,random,,train,reactions_103,
0.1,random,,train,reactions_2126,
0.1,random,,train,reactions_2791,
0.1,random,,train,reactions_2092,
0.1,random,,train,reactions_1286,
0.1,random,,train,reactions_314,
0.1,random,,train,reactions_2779,
0.1,random,,train,reactions_1901,
0.1,random,,train,reactions_137,
0.1,random,,train,reactions_3754,
0.1,random,,train,reactions_2098,
0.1,random,,train,reactions_1120,
0.1,random,,train,reactions_2291,
0.1,random,,train,reactions_1451,
0.1,random,,train,reactions_3686,
0.1,random,,train,reactions_1302,
0.1,random,,valid,reactions_1864,
0.1,random,,valid,reactions_951,
0.1,random,,valid,reactions_1135,
0.1,random,,valid,reactions_957,
0.1,random,,valid,reactions_279,
0.1,random,,valid,reactions_3182,
0.1,random,,valid,reactions_2690,
0.1,random,,valid,reactions_2583,
0.1,random,,valid,reactions_2043,
0.1,random,,valid,reactions_1082,
0.1,random,,valid,reactions_280,
0.1,random,,valid,reactions_2300,
0.1,random,,valid,reactions_509,
0.1,random,,valid,reactions_108,
0.1,random,,valid,reactions_3568,
0.1,random,,valid,reactions_2518,
0.1,random,,valid,reactions_3666,
0.1,random,,valid,reactions_2227,
0.1,random,,valid,reactions_311,
0.1,random,,valid,reactions_2182,
0.1,random,,valid,reactions_2399,
0.1,random,,valid,reactions_764,
0.1,random,,valid,reactions_2152,
0.1,random,,valid,reactions_874,
0.1,random,,valid,reactions_259,
0.1,random,,valid,reactions_3701,
0.1,random,,valid,reactions_131,
0.1,random,,valid,reactions_1791,
0.1,random,,valid,reactions_511,
0.1,random,,valid,reactions_2764,
0.1,random,,valid,reactions_2435,
0.1,random,,valid,reactions_3227,
0.1,random,,valid,reactions_2382,
0.1,random,,valid,reactions_1117,
0.1,random,,valid,reactions_3739,
0.1,random,,valid,reactions_50,
0.1,random,,valid,reactions_1836,
0.1,random,,valid,reactions_717,
0.1,random,,valid,reactions_1223,
0.1,random,,valid,reactions_988,
0.1,random,,valid,reactions_3518,
0.1,random,,valid,reactions_3559,
0.1,random,,valid,reactions_449,
0.1,random,,valid,reactions_2963,
0.1,random,,valid,reactions_3405,
0.1,random,,valid,reactions_2717,
0.1,random,,valid,reactions_3125,
0.1,random,,valid,reactions_476,
0.1,random,,valid,reactions_1019,
0.1,random,,valid,reactions_3579,
0.1,random,,valid,reactions_2049,
0.1,random,,valid,reactions_1031,
0.1,random,,valid,reactions_646,
0.1,random,,valid,reactions_2849,
0.1,random,,valid,reactions_1619,
0.1,random,,valid,reactions_2203,
0.1,random,,valid,reactions_2285,
0.1,random,,valid,reactions_348,
0.1,random,,valid,reactions_405,
0.1,random,,valid,reactions_3454,
0.1,random,,valid,reactions_813,
0.1,random,,valid,reactions_3560,
0.1,random,,valid,reactions_680,
0.1,random,,valid,reactions_1392,
0.1,random,,valid,reactions_3708,
0.1,random,,valid,reactions_1751,
0.1,random,,valid,reactions_3060,
0.1,random,,valid,reactions_1486,
0.1,random,,valid,reactions_1526,
0.1,random,,valid,reactions_359,
0.1,random,,valid,reactions_1049,
0.1,random,,valid,reactions_417,
0.1,random,,valid,reactions_3893,
0.1,random,,valid,reactions_1096,
0.1,random,,valid,reactions_3762,
0.1,random,,valid,reactions_1387,
0.1,random,,valid,reactions_2880,
0.1,random,,valid,reactions_2496,
0.1,random,,valid,reactions_1857,
0.1,random,,valid,reactions_3514,
0.1,random,,valid,reactions_2065,
0.1,random,,valid,reactions_1265,
0.1,random,,valid,reactions_2455,
0.1,random,,valid,reactions_2395,
0.1,random,,valid,reactions_242,
0.1,random,,valid,reactions_3788,
0.1,random,,valid,reactions_1094,
0.1,random,,valid,reactions_2544,
0.1,random,,valid,reactions_1884,
0.1,random,,valid,reactions_691,
0.1,random,,valid,reactions_933,
0.1,random,,valid,reactions_2007,
0.1,random,,valid,reactions_1654,
0.1,random,,valid,reactions_1004,
0.1,random,,valid,reactions_1809,
0.1,random,,valid,reactions_148,
0.1,random,,valid,reactions_2057,
0.1,random,,valid,reactions_572,
0.1,random,,valid,reactions_1518,
0.1,random,,valid,reactions_2324,
0.1,random,,valid,reactions_978,
0.1,random,,valid,reactions_1024,
0.1,random,,valid,reactions_361,
0.1,random,,valid,reactions_2397,
0.1,random,,valid,reactions_507,
0.1,random,,valid,reactions_2566,
0.1,random,,valid,reactions_3423,
0.1,random,,valid,reactions_470,
0.1,random,,valid,reactions_574,
0.1,random,,valid,reactions_3538,
0.1,random,,valid,reactions_817,
0.1,random,,valid,reactions_32,
0.1,random,,valid,reactions_1190,
0.1,random,,valid,reactions_114,
0.1,random,,valid,reactions_2091,
0.1,random,,valid,reactions_2895,
0.1,random,,valid,reactions_1563,
0.1,random,,valid,reactions_2970,
0.1,random,,valid,reactions_848,
0.1,random,,valid,reactions_2048,
0.1,random,,valid,reactions_2383,
0.1,random,,valid,reactions_3479,
0.1,random,,valid,reactions_330,
0.1,random,,valid,reactions_1266,
0.1,random,,valid,reactions_2195,
0.1,random,,valid,reactions_3038,
0.1,random,,valid,reactions_1395,
0.1,random,,valid,reactions_3691,
0.1,random,,valid,reactions_1198,
0.1,random,,valid,reactions_1852,
0.1,random,,valid,reactions_3440,
0.1,random,,valid,reactions_3448,
0.1,random,,valid,reactions_2289,
0.1,random,,valid,reactions_2483,
0.1,random,,valid,reactions_2323,
0.1,random,,valid,reactions_1358,
0.1,random,,valid,reactions_792,
0.1,random,,valid,reactions_73,
0.1,random,,valid,reactions_3714,
0.1,random,,valid,reactions_265,
0.1,random,,valid,reactions_2479,
0.1,random,,valid,reactions_3594,
0.1,random,,valid,reactions_953,
0.1,random,,valid,reactions_1339,
0.1,random,,valid,reactions_3327,
0.1,random,,valid,reactions_609,
0.1,random,,valid,reactions_95,
0.1,random,,valid,reactions_1642,
0.1,random,,valid,reactions_524,
0.1,random,,valid,reactions_2394,
0.1,random,,valid,reactions_3255,
0.1,random,,valid,reactions_2214,
0.1,random,,valid,reactions_2563,
0.1,random,,valid,reactions_855,
0.1,random,,valid,reactions_212,
0.1,random,,valid,reactions_2215,
0.1,random,,valid,reactions_2893,
0.1,random,,valid,reactions_3116,
0.1,random,,valid,reactions_2613,
0.1,random,,valid,reactions_2560,
0.1,random,,valid,reactions_133,
0.1,random,,valid,reactions_1752,
0.1,random,,valid,reactions_3792,
0.1,random,,valid,reactions_688,
0.1,random,,valid,reactions_3118,
0.1,random,,valid,reactions_719,
0.1,random,,valid,reactions_119,
0.1,random,,valid,reactions_455,
0.1,random,,valid,reactions_2307,
0.1,random,,valid,reactions_2401,
0.1,random,,valid,reactions_1025,
0.1,random,,valid,reactions_139,
0.1,random,,valid,reactions_1127,
0.1,random,,valid,reactions_1932,
0.1,random,,valid,reactions_2224,
0.1,random,,valid,reactions_3406,
0.1,random,,valid,reactions_2474,
0.1,random,,valid,reactions_601,
0.1,random,,valid,reactions_3865,
0.1,random,,valid,reactions_2897,
0.1,random,,valid,reactions_332,
0.1,random,,valid,reactions_3215,
0.1,random,,valid,reactions_3473,
0.1,random,,valid,reactions_1396,
0.1,random,,valid,reactions_615,
0.1,random,,valid,reactions_3285,
0.1,random,,valid,reactions_484,
0.1,random,,valid,reactions_3268,
0.1,random,,valid,reactions_1577,
0.1,random,,valid,reactions_1152,
0.1,random,,valid,reactions_3490,
0.1,random,,valid,reactions_42,
0.1,random,,valid,reactions_3361,
0.1,random,,valid,reactions_1264,
0.1,random,,valid,reactions_3629,
0.1,random,,valid,reactions_171,
0.1,random,,valid,reactions_2789,
0.1,random,,valid,reactions_22,
0.1,random,,valid,reactions_1421,
0.1,random,,valid,reactions_629,
0.1,random,,valid,reactions_2404,
0.1,random,,valid,reactions_287,
0.1,random,,valid,reactions_2131,
0.1,random,,valid,reactions_3431,
0.1,random,,valid,reactions_457,
0.1,random,,valid,reactions_777,
0.1,random,,valid,reactions_299,
0.1,random,,valid,reactions_1316,
0.1,random,,valid,reactions_19,
0.1,random,,valid,reactions_1066,
0.1,random,,valid,reactions_1986,
0.1,random,,valid,reactions_2353,
0.1,random,,valid,reactions_3167,
0.1,random,,valid,reactions_824,
0.1,random,,valid,reactions_3471,
0.1,random,,valid,reactions_548,
0.1,random,,valid,reactions_1430,
0.1,random,,valid,reactions_627,
0.1,random,,valid,reactions_2981,
0.1,random,,valid,reactions_2207,
0.1,random,,valid,reactions_1861,
0.1,random,,valid,reactions_2470,
0.1,random,,valid,reactions_1091,
0.1,random,,valid,reactions_3770,
0.1,random,,valid,reactions_2432,
0.1,random,,valid,reactions_3191,
0.1,random,,valid,reactions_3314,
0.1,random,,valid,reactions_66,
0.1,random,,valid,reactions_2385,
0.1,random,,valid,reactions_1325,
0.1,random,,valid,reactions_3187,
0.1,random,,valid,reactions_569,
0.1,random,,valid,reactions_343,
0.1,random,,valid,reactions_340,
0.1,random,,valid,reactions_211,
0.1,random,,valid,reactions_1643,
0.1,random,,valid,reactions_2537,
0.1,random,,valid,reactions_48,
0.1,random,,valid,reactions_2051,
0.1,random,,valid,reactions_1204,
0.1,random,,valid,reactions_801,
0.1,random,,valid,reactions_814,
0.1,random,,valid,reactions_2030,
0.1,random,,valid,reactions_2696,
0.1,random,,valid,reactions_2562,
0.1,random,,valid,reactions_2790,
0.1,random,,valid,reactions_1513,
0.1,random,,valid,reactions_1781,
0.1,random,,valid,reactions_1088,
0.1,random,,valid,reactions_80,
0.1,random,,valid,reactions_3638,
0.1,random,,valid,reactions_592,
0.1,random,,valid,reactions_3661,
0.1,random,,valid,reactions_3823,
0.1,random,,valid,reactions_857,
0.1,random,,valid,reactions_3724,
0.1,random,,valid,reactions_1038,
0.1,random,,valid,reactions_918,
0.1,random,,valid,reactions_2011,
0.1,random,,valid,reactions_1692,
0.1,random,,valid,reactions_1100,
0.1,random,,valid,reactions_604,
0.1,random,,valid,reactions_2068,
0.1,random,,valid,reactions_1247,
0.1,random,,valid,reactions_3907,
0.1,random,,valid,reactions_2252,
0.1,random,,valid,reactions_793,
0.1,random,,valid,reactions_1157,
0.1,random,,valid,reactions_1988,
0.1,random,,valid,reactions_1681,
0.1,random,,valid,reactions_2331,
0.1,random,,valid,reactions_2445,
0.1,random,,valid,reactions_1160,
0.1,random,,valid,reactions_565,
0.1,random,,valid,reactions_968,
0.1,random,,valid,reactions_1920,
0.1,random,,valid,reactions_135,
0.1,random,,valid,reactions_1017,
0.1,random,,valid,reactions_1139,
0.1,random,,valid,reactions_1551,
0.1,random,,valid,reactions_1379,
0.1,random,,valid,reactions_2954,
0.1,random,,valid,reactions_3113,
0.1,random,,valid,reactions_2417,
0.1,random,,valid,reactions_733,
0.1,random,,valid,reactions_1445,
0.1,random,,valid,reactions_1007,
0.1,random,,valid,reactions_3904,
0.1,random,,valid,reactions_2604,
0.1,random,,valid,reactions_1925,
0.1,random,,valid,reactions_3640,
0.1,random,,valid,reactions_1789,
0.1,random,,valid,reactions_110,
0.1,random,,valid,reactions_3741,
0.1,random,,valid,reactions_3359,
0.1,random,,valid,reactions_3435,
0.1,random,,valid,reactions_987,
0.1,random,,valid,reactions_2402,
0.1,random,,valid,reactions_837,
0.1,random,,valid,reactions_2617,
0.1,random,,valid,reactions_3817,
0.1,random,,valid,reactions_1053,
0.1,random,,valid,reactions_160,
0.1,random,,valid,reactions_947,
0.1,random,,valid,reactions_3779,
0.1,random,,valid,reactions_2179,
0.1,random,,valid,reactions_3606,
0.1,random,,valid,reactions_2225,
0.1,random,,valid,reactions_1336,
0.1,random,,valid,reactions_2629,
0.1,random,,valid,reactions_3247,
0.1,random,,valid,reactions_558,
0.1,random,,valid,reactions_2421,
0.1,random,,valid,reactions_3532,
0.1,random,,valid,reactions_1638,
0.1,random,,valid,reactions_471,
0.1,random,,valid,reactions_699,
0.1,random,,valid,reactions_3258,
0.1,random,,valid,reactions_2587,
0.1,random,,valid,reactions_3628,
0.1,random,,valid,reactions_866,
0.1,random,,valid,reactions_1688,
0.1,random,,valid,reactions_3622,
0.1,random,,valid,reactions_2313,
0.1,random,,valid,reactions_486,
0.1,random,,valid,reactions_1829,
0.1,random,,valid,reactions_809,
0.1,random,,valid,reactions_2699,
0.1,random,,valid,reactions_357,
0.1,random,,valid,reactions_1032,
0.1,random,,valid,reactions_2070,
0.1,random,,valid,reactions_1064,
0.1,random,,valid,reactions_714,
0.1,random,,valid,reactions_1682,
0.1,random,,valid,reactions_3139,
0.1,random,,valid,reactions_2419,
0.1,random,,valid,reactions_370,
0.1,random,,valid,reactions_412,
0.1,random,,valid,reactions_2269,
0.1,random,,valid,reactions_2442,
0.1,random,,valid,reactions_1023,
0.1,random,,valid,reactions_2107,
0.1,random,,valid,reactions_3525,
0.1,random,,valid,reactions_2531,
0.1,random,,valid,reactions_1725,
0.1,random,,valid,reactions_753,
0.1,random,,valid,reactions_2810,
0.1,random,,valid,reactions_650,
0.1,random,,valid,reactions_126,
0.1,random,,valid,reactions_1963,
0.1,random,,valid,reactions_941,
0.1,random,,valid,reactions_1993,
0.1,random,,valid,reactions_1163,
0.1,random,,valid,reactions_2088,
0.1,random,,valid,reactions_2173,
0.1,random,,valid,reactions_3161,
0.1,random,,valid,reactions_3399,
0.1,random,,valid,reactions_1987,
0.1,random,,valid,reactions_537,
0.1,random,,valid,reactions_1482,
0.1,random,,valid,reactions_3364,
0.1,random,,valid,reactions_2226,
0.1,random,,valid,reactions_1150,
0.1,random,,valid,reactions_1971,
0.1,random,,valid,reactions_3505,
0.1,random,,valid,reactions_3030,
0.1,random,,valid,reactions_1394,
0.1,random,,valid,reactions_789,
0.1,random,,valid,reactions_576,
0.1,random,,valid,reactions_2753,
0.1,random,,valid,reactions_1276,
0.1,random,,valid,reactions_3814,
0.1,random,,valid,reactions_184,
0.1,random,,valid,reactions_2172,
0.1,random,,valid,reactions_175,
0.1,random,,valid,reactions_2909,
0.1,random,,valid,reactions_1093,
0.1,random,,valid,reactions_2930,
0.1,random,,valid,reactions_1268,
0.1,random,,valid,reactions_3328,
0.1,random,,valid,reactions_3572,
0.1,random,,valid,reactions_1703,
0.1,random,,valid,reactions_3021,
0.1,random,,valid,reactions_1488,
0.1,random,,valid,reactions_2932,
0.1,random,,valid,reactions_364,
0.1,random,,valid,reactions_438,
0.1,random,,valid,reactions_1212,
0.1,random,,valid,reactions_3181,
0.1,random,,valid,reactions_2191,
0.1,random,,valid,reactions_3826,
0.1,random,,valid,reactions_2497,
0.1,random,,valid,reactions_1027,
0.1,random,,valid,reactions_3484,
0.1,random,,valid,reactions_313,
0.1,random,,test,reactions_2580,
0.1,random,,test,reactions_20,
0.1,random,,test,reactions_3102,
0.1,random,,test,reactions_982,
0.1,random,,test,reactions_191,
0.1,random,,test,reactions_619,
0.1,random,,test,reactions_1262,
0.1,random,,test,reactions_1519,
0.1,random,,test,reactions_498,
0.1,random,,test,reactions_1196,
0.1,random,,test,reactions_2801,
0.1,random,,test,reactions_2642,
0.1,random,,test,reactions_2164,
0.1,random,,test,reactions_3057,
0.1,random,,test,reactions_2169,
0.1,random,,test,reactions_382,
0.1,random,,test,reactions_1002,
0.1,random,,test,reactions_2212,
0.1,random,,test,reactions_3881,
0.1,random,,test,reactions_1175,
0.1,random,,test,reactions_742,
0.1,random,,test,reactions_2732,
0.1,random,,test,reactions_3557,
0.1,random,,test,reactions_825,
0.1,random,,test,reactions_3596,
0.1,random,,test,reactions_666,
0.1,random,,test,reactions_3376,
0.1,random,,test,reactions_2116,
0.1,random,,test,reactions_2330,
0.1,random,,test,reactions_3257,
0.1,random,,test,reactions_2284,
0.1,random,,test,reactions_2986,
0.1,random,,test,reactions_760,
0.1,random,,test,reactions_2937,
0.1,random,,test,reactions_461,
0.1,random,,test,reactions_104,
0.1,random,,test,reactions_2311,
0.1,random,,test,reactions_2108,
0.1,random,,test,reactions_1972,
0.1,random,,test,reactions_3609,
0.1,random,,test,reactions_3764,
0.1,random,,test,reactions_1018,
0.1,random,,test,reactions_166,
0.1,random,,test,reactions_2994,
0.1,random,,test,reactions_2794,
0.1,random,,test,reactions_3859,
0.1,random,,test,reactions_1449,
0.1,random,,test,reactions_3356,
0.1,random,,test,reactions_2122,
0.1,random,,test,reactions_2183,
0.1,random,,test,reactions_2749,
0.1,random,,test,reactions_1876,
0.1,random,,test,reactions_2459,
0.1,random,,test,reactions_2006,
0.1,random,,test,reactions_2012,
0.1,random,,test,reactions_1726,
0.1,random,,test,reactions_2922,
0.1,random,,test,reactions_754,
0.1,random,,test,reactions_3220,
0.1,random,,test,reactions_116,
0.1,random,,test,reactions_1747,
0.1,random,,test,reactions_3138,
0.1,random,,test,reactions_1124,
0.1,random,,test,reactions_3202,
0.1,random,,test,reactions_454,
0.1,random,,test,reactions_2247,
0.1,random,,test,reactions_499,
0.1,random,,test,reactions_1383,
0.1,random,,test,reactions_3172,
0.1,random,,test,reactions_3637,
0.1,random,,test,reactions_3301,
0.1,random,,test,reactions_2444,
0.1,random,,test,reactions_1928,
0.1,random,,test,reactions_865,
0.1,random,,test,reactions_3329,
0.1,random,,test,reactions_2574,
0.1,random,,test,reactions_2586,
0.1,random,,test,reactions_3035,
0.1,random,,test,reactions_293,
0.1,random,,test,reactions_1607,
0.1,random,,test,reactions_2228,
0.1,random,,test,reactions_3651,
0.1,random,,test,reactions_411,
0.1,random,,test,reactions_3140,
0.1,random,,test,reactions_1609,
0.1,random,,test,reactions_2503,
0.1,random,,test,reactions_2847,
0.1,random,,test,reactions_722,
0.1,random,,test,reactions_276,
0.1,random,,test,reactions_2072,
0.1,random,,test,reactions_307,
0.1,random,,test,reactions_1599,
0.1,random,,test,reactions_1058,
0.1,random,,test,reactions_2485,
0.1,random,,test,reactions_1896,
0.1,random,,test,reactions_310,
0.1,random,,test,reactions_292,
0.1,random,,test,reactions_59,
0.1,random,,test,reactions_1046,
0.1,random,,test,reactions_1328,
0.1,random,,test,reactions_1350,
0.1,random,,test,reactions_2904,
0.1,random,,test,reactions_1164,
0.1,random,,test,reactions_3198,
0.1,random,,test,reactions_3633,
0.1,random,,test,reactions_3678,
0.1,random,,test,reactions_1903,
0.1,random,,test,reactions_762,
0.1,random,,test,reactions_1989,
0.1,random,,test,reactions_2913,
0.1,random,,test,reactions_2934,
0.1,random,,test,reactions_2939,
0.1,random,,test,reactions_2490,
0.1,random,,test,reactions_966,
0.1,random,,test,reactions_1598,
0.1,random,,test,reactions_2530,
0.1,random,,test,reactions_1890,
0.1,random,,test,reactions_2186,
0.1,random,,test,reactions_429,
0.1,random,,test,reactions_2680,
0.1,random,,test,reactions_194,
0.1,random,,test,reactions_692,
0.1,random,,test,reactions_3308,
0.1,random,,test,reactions_2950,
0.1,random,,test,reactions_2347,
0.1,random,,test,reactions_3545,
0.1,random,,test,reactions_2555,
0.1,random,,test,reactions_2923,
0.1,random,,test,reactions_1874,
0.1,random,,test,reactions_3951,
0.1,random,,test,reactions_3410,
0.1,random,,test,reactions_3902,
0.1,random,,test,reactions_2636,
0.1,random,,test,reactions_1189,
0.1,random,,test,reactions_2627,
0.1,random,,test,reactions_1818,
0.1,random,,test,reactions_3620,
0.1,random,,test,reactions_445,
0.1,random,,test,reactions_2798,
0.1,random,,test,reactions_2080,
0.1,random,,test,reactions_3154,
0.1,random,,test,reactions_2475,
0.1,random,,test,reactions_2692,
0.1,random,,test,reactions_3265,
0.1,random,,test,reactions_1698,
0.1,random,,test,reactions_2192,
0.1,random,,test,reactions_1921,
0.1,random,,test,reactions_2081,
0.1,random,,test,reactions_3592,
0.1,random,,test,reactions_531,
0.1,random,,test,reactions_1271,
0.1,random,,test,reactions_3296,
0.1,random,,test,reactions_1159,
0.1,random,,test,reactions_1771,
0.1,random,,test,reactions_2618,
0.1,random,,test,reactions_2639,
0.1,random,,test,reactions_1699,
0.1,random,,test,reactions_2339,
0.1,random,,test,reactions_1050,
0.1,random,,test,reactions_3280,
0.1,random,,test,reactions_1309,
0.1,random,,test,reactions_413,
0.1,random,,test,reactions_2679,
0.1,random,,test,reactions_3599,
0.1,random,,test,reactions_3081,
0.1,random,,test,reactions_2890,
0.1,random,,test,reactions_1803,
0.1,random,,test,reactions_3075,
0.1,random,,test,reactions_1335,
0.1,random,,test,reactions_3679,
0.1,random,,test,reactions_362,
0.1,random,,test,reactions_3320,
0.1,random,,test,reactions_788,
0.1,random,,test,reactions_1037,
0.1,random,,test,reactions_1222,
0.1,random,,test,reactions_3338,
0.1,random,,test,reactions_756,
0.1,random,,test,reactions_2453,
0.1,random,,test,reactions_2730,
0.1,random,,test,reactions_2429,
0.1,random,,test,reactions_2274,
0.1,random,,test,reactions_3325,
0.1,random,,test,reactions_2181,
0.1,random,,test,reactions_2967,
0.1,random,,test,reactions_573,
0.1,random,,test,reactions_224,
0.1,random,,test,reactions_2701,
0.1,random,,test,reactions_2656,
0.1,random,,test,reactions_1154,
0.1,random,,test,reactions_2199,
0.1,random,,test,reactions_624,
0.1,random,,test,reactions_3148,
0.1,random,,test,reactions_1231,
0.1,random,,test,reactions_1533,
0.1,random,,test,reactions_2441,
0.1,random,,test,reactions_237,
0.1,random,,test,reactions_1831,
0.1,random,,test,reactions_2751,
0.1,random,,test,reactions_2600,
0.1,random,,test,reactions_2784,
0.1,random,,test,reactions_1733,
0.1,random,,test,reactions_477,
0.1,random,,test,reactions_3120,
0.1,random,,test,reactions_2345,
0.1,random,,test,reactions_2409,
0.1,random,,test,reactions_2750,
0.1,random,,test,reactions_3074,
0.1,random,,test,reactions_202,
0.1,random,,test,reactions_749,
0.1,random,,test,reactions_1400,
0.1,random,,test,reactions_1321,
0.1,random,,test,reactions_2983,
0.1,random,,test,reactions_2917,
0.1,random,,test,reactions_3940,
0.1,random,,test,reactions_1378,
0.1,random,,test,reactions_3655,
0.1,random,,test,reactions_2521,
0.1,random,,test,reactions_267,
0.1,random,,test,reactions_401,
0.1,random,,test,reactions_927,
0.1,random,,test,reactions_3546,
0.1,random,,test,reactions_1625,
0.1,random,,test,reactions_2363,
0.1,random,,test,reactions_3935,
0.1,random,,test,reactions_2648,
0.1,random,,test,reactions_3844,
0.1,random,,test,reactions_450,
0.1,random,,test,reactions_2964,
0.1,random,,test,reactions_1260,
0.1,random,,test,reactions_3188,
0.1,random,,test,reactions_2678,
0.1,random,,test,reactions_3742,
0.1,random,,test,reactions_830,
0.1,random,,test,reactions_3677,
0.1,random,,test,reactions_3441,
0.1,random,,test,reactions_1973,
0.1,random,,test,reactions_1307,
0.1,random,,test,reactions_416,
0.1,random,,test,reactions_2286,
0.1,random,,test,reactions_2438,
0.1,random,,test,reactions_1182,
0.1,random,,test,reactions_2380,
0.1,random,,test,reactions_3437,
0.1,random,,test,reactions_2708,
0.1,random,,test,reactions_2752,
0.1,random,,test,reactions_386,
0.1,random,,test,reactions_3122,
0.1,random,,test,reactions_2811,
0.1,random,,test,reactions_1777,
0.1,random,,test,reactions_1893,
0.1,random,,test,reactions_2551,
0.1,random,,test,reactions_3489,
0.1,random,,test,reactions_1241,
0.1,random,,test,reactions_2281,
0.1,random,,test,reactions_861,
0.1,random,,test,reactions_613,
0.1,random,,test,reactions_2539,
0.1,random,,test,reactions_248,
0.1,random,,test,reactions_2742,
0.1,random,,test,reactions_2507,
0.1,random,,test,reactions_840,
0.1,random,,test,reactions_3330,
0.1,random,,test,reactions_556,
0.1,random,,test,reactions_1910,
0.1,random,,test,reactions_3928,
0.1,random,,test,reactions_3615,
0.1,random,,test,reactions_2136,
0.1,random,,test,reactions_532,
0.1,random,,test,reactions_596,
0.1,random,,test,reactions_397,
0.1,random,,test,reactions_3700,
0.1,random,,test,reactions_566,
0.1,random,,test,reactions_3756,
0.1,random,,test,reactions_2216,
0.1,random,,test,reactions_60,
0.1,random,,test,reactions_890,
0.1,random,,test,reactions_901,
0.1,random,,test,reactions_2305,
0.1,random,,test,reactions_679,
0.1,random,,test,reactions_3339,
0.1,random,,test,reactions_1539,
0.1,random,,test,reactions_1337,
0.1,random,,test,reactions_2812,
0.1,random,,test,reactions_3675,
0.1,random,,test,reactions_1431,
0.1,random,,test,reactions_1191,
0.1,random,,test,reactions_3123,
0.1,random,,test,reactions_1653,
0.1,random,,test,reactions_3193,
0.1,random,,test,reactions_960,
0.1,random,,test,reactions_3491,
0.1,random,,test,reactions_543,
0.1,random,,test,reactions_408,
0.1,random,,test,reactions_1895,
0.1,random,,test,reactions_130,
0.1,random,,test,reactions_82,
0.1,random,,test,reactions_2772,
0.1,random,,test,reactions_381,
0.1,random,,test,reactions_3668,
0.1,random,,test,reactions_726,
0.1,random,,test,reactions_140,
0.1,random,,test,reactions_983,
0.1,random,,test,reactions_290,
0.1,random,,test,reactions_1021,
0.1,random,,test,reactions_702,
0.1,random,,test,reactions_2850,
0.1,random,,test,reactions_156,
0.1,random,,test,reactions_1849,
0.1,random,,test,reactions_783,
0.1,random,,test,reactions_3475,
0.1,random,,test,reactions_2410,
0.1,random,,test,reactions_1822,
0.1,random,,test,reactions_3658,
0.1,random,,test,reactions_87,
0.1,random,,test,reactions_1015,
0.1,random,,test,reactions_112,
0.1,random,,test,reactions_2579,
0.1,random,,test,reactions_2388,
0.1,random,,test,reactions_1855,
0.1,random,,test,reactions_1697,
0.1,random,,test,reactions_198,
0.1,random,,test,reactions_2050,
0.1,random,,test,reactions_1843,
0.1,random,,test,reactions_2326,
0.1,random,,test,reactions_994,
0.1,random,,test,reactions_1361,
0.1,random,,test,reactions_2104,
0.1,random,,test,reactions_1765,
0.1,random,,test,reactions_2778,
0.1,random,,test,reactions_2725,
0.1,random,,test,reactions_2135,
0.1,random,,test,reactions_3278,
0.1,random,,test,reactions_3196,
0.1,random,,test,reactions_482,
0.1,random,,test,reactions_1814,
0.1,random,,test,reactions_2190,
0.1,random,,test,reactions_3689,
0.1,random,,test,reactions_440,
0.1,random,,test,reactions_222,
0.1,random,,test,reactions_496,
0.1,random,,test,reactions_49,
0.1,random,,test,reactions_1554,
0.1,random,,test,reactions_355,
0.1,random,,test,reactions_724,
0.1,random,,test,reactions_409,
0.1,random,,test,reactions_3732,
0.1,random,,test,reactions_1974,
0.1,random,,test,reactions_63,
0.1,random,,test,reactions_1661,
0.1,random,,test,reactions_2408,
0.1,random,,test,reactions_400,
0.1,random,,test,reactions_1605,
0.1,random,,test,reactions_587,
0.1,random,,test,reactions_1273,
0.1,random,,test,reactions_1877,
0.1,random,,test,reactions_1047,
0.1,random,,test,reactions_1848,
0.1,random,,test,reactions_791,
0.1,random,,test,reactions_2358,
0.1,random,,test,reactions_741,
0.1,random,,test,reactions_797,
0.1,random,,test,reactions_3169,
0.1,random,,test,reactions_746,
0.1,random,,test,reactions_3082,
0.1,random,,test,reactions_490,
0.1,random,,test,reactions_3944,
0.1,random,,test,reactions_3806,
0.1,random,,test,reactions_885,
0.1,random,,test,reactions_1946,
0.1,random,,test,reactions_2431,
0.1,random,,test,reactions_1168,
0.1,random,,test,reactions_266,
0.1,random,,test,reactions_2071,
0.1,random,,test,reactions_3005,
0.1,random,,test,reactions_3254,
0.1,random,,test,reactions_326,
0.1,random,,test,reactions_2623,
0.1,random,,test,reactions_3680,
0.1,random,,test,reactions_1557,
0.1,random,,test,reactions_3397,
0.1,random,,test,reactions_2450,
0.1,random,,test,reactions_2783,
0.1,random,,test,reactions_5,
0.1,random,,test,reactions_1475,
0.1,random,,test,reactions_2428,
0.1,random,,test,reactions_3264,
0.1,random,,test,reactions_3335,
0.1,random,,test,reactions_3068,
0.1,random,,test,reactions_948,
0.1,random,,test,reactions_2927,
0.1,random,,test,reactions_3127,
0.1,random,,test,reactions_2949,
0.1,random,,test,reactions_3780,
0.1,random,,test,reactions_3277,
0.1,random,,test,reactions_2486,
0.1,random,,test,reactions_1871,
0.2,random,,train,reactions_3461,
0.2,random,,train,reactions_1020,
0.2,random,,train,reactions_3128,
0.2,random,,train,reactions_1224,
0.2,random,,train,reactions_1029,
0.2,random,,train,reactions_839,
0.2,random,,train,reactions_3888,
0.2,random,,train,reactions_206,
0.2,random,,train,reactions_3623,
0.2,random,,train,reactions_3703,
0.2,random,,train,reactions_3438,
0.2,random,,train,reactions_3262,
0.2,random,,train,reactions_2533,
0.2,random,,train,reactions_3654,
0.2,random,,train,reactions_2820,
0.2,random,,train,reactions_3275,
0.2,random,,train,reactions_2553,
0.2,random,,train,reactions_3853,
0.2,random,,train,reactions_2223,
0.2,random,,train,reactions_3417,
0.2,random,,train,reactions_2391,
0.2,random,,train,reactions_828,
0.2,random,,train,reactions_285,
0.2,random,,train,reactions_2105,
0.2,random,,train,reactions_2557,
0.2,random,,train,reactions_1003,
0.2,random,,train,reactions_2706,
0.2,random,,train,reactions_3765,
0.2,random,,train,reactions_3037,
0.2,random,,train,reactions_3709,
0.2,random,,train,reactions_1441,
0.2,random,,train,reactions_2162,
0.2,random,,train,reactions_2534,
0.2,random,,train,reactions_138,
0.2,random,,train,reactions_2548,
0.2,random,,train,reactions_631,
0.2,random,,train,reactions_1291,
0.2,random,,train,reactions_1118,
0.2,random,,train,reactions_3548,
0.2,random,,train,reactions_2581,
0.2,random,,train,reactions_2610,
0.2,random,,train,reactions_2143,
0.2,random,,train,reactions_795,
0.2,random,,train,reactions_1664,
0.2,random,,train,reactions_3591,
0.2,random,,train,reactions_3228,
0.2,random,,train,reactions_1572,
0.2,random,,train,reactions_2498,
0.2,random,,train,reactions_1869,
0.2,random,,train,reactions_1427,
0.2,random,,train,reactions_559,
0.2,random,,train,reactions_2898,
0.2,random,,train,reactions_618,
0.2,random,,train,reactions_3136,
0.2,random,,train,reactions_3880,
0.2,random,,train,reactions_3561,
0.2,random,,train,reactions_2480,
0.2,random,,train,reactions_3063,
0.2,random,,train,reactions_3627,
0.2,random,,train,reactions_2864,
0.2,random,,train,reactions_1277,
0.2,random,,train,reactions_1109,
0.2,random,,train,reactions_993,
0.2,random,,train,reactions_3085,
0.2,random,,train,reactions_256,
0.2,random,,train,reactions_3921,
0.2,random,,train,reactions_3695,
0.2,random,,train,reactions_3526,
0.2,random,,train,reactions_2848,
0.2,random,,train,reactions_530,
0.2,random,,train,reactions_393,
0.2,random,,train,reactions_2832,
0.2,random,,train,reactions_154,
0.2,random,,train,reactions_2219,
0.2,random,,train,reactions_881,
0.2,random,,train,reactions_575,
0.2,random,,train,reactions_3665,
0.2,random,,train,reactions_3842,
0.2,random,,train,reactions_329,
0.2,random,,train,reactions_164,
0.2,random,,train,reactions_2657,
0.2,random,,train,reactions_820,
0.2,random,,train,reactions_689,
0.2,random,,train,reactions_1842,
0.2,random,,train,reactions_1611,
0.2,random,,train,reactions_1166,
0.2,random,,train,reactions_3771,
0.2,random,,train,reactions_1858,
0.2,random,,train,reactions_1209,
0.2,random,,train,reactions_1297,
0.2,random,,train,reactions_2795,
0.2,random,,train,reactions_3192,
0.2,random,,train,reactions_2669,
0.2,random,,train,reactions_3134,
0.2,random,,train,reactions_3857,
0.2,random,,train,reactions_2332,
0.2,random,,train,reactions_2883,
0.2,random,,train,reactions_1930,
0.2,random,,train,reactions_871,
0.2,random,,train,reactions_1860,
0.2,random,,train,reactions_2093,
0.2,random,,train,reactions_2538,
0.2,random,,train,reactions_1384,
0.2,random,,train,reactions_963,
0.2,random,,train,reactions_3373,
0.2,random,,train,reactions_2602,
0.2,random,,train,reactions_3349,
0.2,random,,train,reactions_2830,
0.2,random,,train,reactions_3207,
0.2,random,,train,reactions_1947,
0.2,random,,train,reactions_2857,
0.2,random,,train,reactions_1540,
0.2,random,,train,reactions_729,
0.2,random,,train,reactions_2626,
0.2,random,,train,reactions_2688,
0.2,random,,train,reactions_2961,
0.2,random,,train,reactions_751,
0.2,random,,train,reactions_2138,
0.2,random,,train,reactions_1980,
0.2,random,,train,reactions_943,
0.2,random,,train,reactions_1790,
0.2,random,,train,reactions_3685,
0.2,random,,train,reactions_1022,
0.2,random,,train,reactions_1071,
0.2,random,,train,reactions_3456,
0.2,random,,train,reactions_3289,
0.2,random,,train,reactions_2235,
0.2,random,,train,reactions_3015,
0.2,random,,train,reactions_3824,
0.2,random,,train,reactions_3048,
0.2,random,,train,reactions_1370,
0.2,random,,train,reactions_2859,
0.2,random,,train,reactions_2086,
0.2,random,,train,reactions_1257,
0.2,random,,train,reactions_2272,
0.2,random,,train,reactions_2527,
0.2,random,,train,reactions_2004,
0.2,random,,train,reactions_1101,
0.2,random,,train,reactions_3457,
0.2,random,,train,reactions_3870,
0.2,random,,train,reactions_52,
0.2,random,,train,reactions_1889,
0.2,random,,train,reactions_770,
0.2,random,,train,reactions_3864,
0.2,random,,train,reactions_385,
0.2,random,,train,reactions_1057,
0.2,random,,train,reactions_3696,
0.2,random,,train,reactions_3201,
0.2,random,,train,reactions_1497,
0.2,random,,train,reactions_3432,
0.2,random,,train,reactions_3712,
0.2,random,,train,reactions_999,
0.2,random,,train,reactions_3757,
0.2,random,,train,reactions_3141,
0.2,random,,train,reactions_843,
0.2,random,,train,reactions_581,
0.2,random,,train,reactions_1352,
0.2,random,,train,reactions_3748,
0.2,random,,train,reactions_1240,
0.2,random,,train,reactions_173,
0.2,random,,train,reactions_1956,
0.2,random,,train,reactions_2046,
0.2,random,,train,reactions_1099,
0.2,random,,train,reactions_2589,
0.2,random,,train,reactions_75,
0.2,random,,train,reactions_1826,
0.2,random,,train,reactions_3101,
0.2,random,,train,reactions_518,
0.2,random,,train,reactions_204,
0.2,random,,train,reactions_1206,
0.2,random,,train,reactions_1933,
0.2,random,,train,reactions_1966,
0.2,random,,train,reactions_2110,
0.2,random,,train,reactions_2260,
0.2,random,,train,reactions_143,
0.2,random,,train,reactions_3409,
0.2,random,,train,reactions_360,
0.2,random,,train,reactions_542,
0.2,random,,train,reactions_1892,
0.2,random,,train,reactions_595,
0.2,random,,train,reactions_2635,
0.2,random,,train,reactions_3230,
0.2,random,,train,reactions_2891,
0.2,random,,train,reactions_2491,
0.2,random,,train,reactions_3000,
0.2,random,,train,reactions_181,
0.2,random,,train,reactions_3100,
0.2,random,,train,reactions_737,
0.2,random,,train,reactions_588,
0.2,random,,train,reactions_1424,
0.2,random,,train,reactions_2899,
0.2,random,,train,reactions_391,
0.2,random,,train,reactions_2831,
0.2,random,,train,reactions_2126,
0.2,random,,train,reactions_3672,
0.2,random,,train,reactions_2807,
0.2,random,,train,reactions_2866,
0.2,random,,train,reactions_506,
0.2,random,,train,reactions_1423,
0.2,random,,train,reactions_850,
0.2,random,,train,reactions_2392,
0.2,random,,train,reactions_1153,
0.2,random,,train,reactions_2319,
0.2,random,,train,reactions_2576,
0.2,random,,train,reactions_3026,
0.2,random,,train,reactions_3464,
0.2,random,,train,reactions_1366,
0.2,random,,train,reactions_1365,
0.2,random,,train,reactions_3919,
0.2,random,,train,reactions_3237,
0.2,random,,train,reactions_1129,
0.2,random,,train,reactions_771,
0.2,random,,train,reactions_1080,
0.2,random,,train,reactions_341,
0.2,random,,train,reactions_3954,
0.2,random,,train,reactions_3657,
0.2,random,,train,reactions_1491,
0.2,random,,train,reactions_567,
0.2,random,,train,reactions_2039,
0.2,random,,train,reactions_1536,
0.2,random,,train,reactions_2262,
0.2,random,,train,reactions_3733,
0.2,random,,train,reactions_1162,
0.2,random,,train,reactions_647,
0.2,random,,train,reactions_1601,
0.2,random,,train,reactions_3523,
0.2,random,,train,reactions_3391,
0.2,random,,train,reactions_3773,
0.2,random,,train,reactions_373,
0.2,random,,train,reactions_1714,
0.2,random,,train,reactions_3873,
0.2,random,,train,reactions_1111,
0.2,random,,train,reactions_1511,
0.2,random,,train,reactions_877,
0.2,random,,train,reactions_2134,
0.2,random,,train,reactions_2298,
0.2,random,,train,reactions_2711,
0.2,random,,train,reactions_1639,
0.2,random,,train,reactions_3418,
0.2,random,,train,reactions_3250,
0.2,random,,train,reactions_2585,
0.2,random,,train,reactions_3860,
0.2,random,,train,reactions_1667,
0.2,random,,train,reactions_1192,
0.2,random,,train,reactions_2767,
0.2,random,,train,reactions_3336,
0.2,random,,train,reactions_1586,
0.2,random,,train,reactions_1922,
0.2,random,,train,reactions_1470,
0.2,random,,train,reactions_27,
0.2,random,,train,reactions_3160,
0.2,random,,train,reactions_921,
0.2,random,,train,reactions_466,
0.2,random,,train,reactions_3058,
0.2,random,,train,reactions_1490,
0.2,random,,train,reactions_1433,
0.2,random,,train,reactions_3189,
0.2,random,,train,reactions_625,
0.2,random,,train,reactions_1571,
0.2,random,,train,reactions_2652,
0.2,random,,train,reactions_462,
0.2,random,,train,reactions_3587,
0.2,random,,train,reactions_3093,
0.2,random,,train,reactions_3580,
0.2,random,,train,reactions_3899,
0.2,random,,train,reactions_1194,
0.2,random,,train,reactions_3810,
0.2,random,,train,reactions_1489,
0.2,random,,train,reactions_214,
0.2,random,,train,reactions_2372,
0.2,random,,train,reactions_255,
0.2,random,,train,reactions_97,
0.2,random,,train,reactions_227,
0.2,random,,train,reactions_2868,
0.2,random,,train,reactions_633,
0.2,random,,train,reactions_713,
0.2,random,,train,reactions_687,
0.2,random,,train,reactions_2823,
0.2,random,,train,reactions_617,
0.2,random,,train,reactions_31,
0.2,random,,train,reactions_1938,
0.2,random,,train,reactions_2361,
0.2,random,,train,reactions_338,
0.2,random,,train,reactions_1709,
0.2,random,,train,reactions_3949,
0.2,random,,train,reactions_1462,
0.2,random,,train,reactions_2728,
0.2,random,,train,reactions_380,
0.2,random,,train,reactions_904,
0.2,random,,train,reactions_2146,
0.2,random,,train,reactions_2951,
0.2,random,,train,reactions_2087,
0.2,random,,train,reactions_1130,
0.2,random,,train,reactions_2025,
0.2,random,,train,reactions_2449,
0.2,random,,train,reactions_1565,
0.2,random,,train,reactions_907,
0.2,random,,train,reactions_612,
0.2,random,,train,reactions_3735,
0.2,random,,train,reactions_1425,
0.2,random,,train,reactions_755,
0.2,random,,train,reactions_1534,
0.2,random,,train,reactions_3045,
0.2,random,,train,reactions_961,
0.2,random,,train,reactions_2741,
0.2,random,,train,reactions_889,
0.2,random,,train,reactions_3434,
0.2,random,,train,reactions_716,
0.2,random,,train,reactions_1713,
0.2,random,,train,reactions_2588,
0.2,random,,train,reactions_562,
0.2,random,,train,reactions_65,
0.2,random,,train,reactions_1741,
0.2,random,,train,reactions_1677,
0.2,random,,train,reactions_3343,
0.2,random,,train,reactions_708,
0.2,random,,train,reactions_1072,
0.2,random,,train,reactions_1621,
0.2,random,,train,reactions_3878,
0.2,random,,train,reactions_2757,
0.2,random,,train,reactions_1837,
0.2,random,,train,reactions_2695,
0.2,random,,train,reactions_3625,
0.2,random,,train,reactions_3274,
0.2,random,,train,reactions_1746,
0.2,random,,train,reactions_3610,
0.2,random,,train,reactions_439,
0.2,random,,train,reactions_2035,
0.2,random,,train,reactions_2369,
0.2,random,,train,reactions_3235,
0.2,random,,train,reactions_827,
0.2,random,,train,reactions_1466,
0.2,random,,train,reactions_3374,
0.2,random,,train,reactions_2771,
0.2,random,,train,reactions_3238,
0.2,random,,train,reactions_1587,
0.2,random,,train,reactions_1443,
0.2,random,,train,reactions_3472,
0.2,random,,train,reactions_3,
0.2,random,,train,reactions_170,
0.2,random,,train,reactions_2010,
0.2,random,,train,reactions_1318,
0.2,random,,train,reactions_2161,
0.2,random,,train,reactions_2378,
0.2,random,,train,reactions_1327,
0.2,random,,train,reactions_1085,
0.2,random,,train,reactions_3442,
0.2,random,,train,reactions_196,
0.2,random,,train,reactions_1103,
0.2,random,,train,reactions_3036,
0.2,random,,train,reactions_3413,
0.2,random,,train,reactions_1711,
0.2,random,,train,reactions_1256,
0.2,random,,train,reactions_3372,
0.2,random,,train,reactions_2644,
0.2,random,,train,reactions_3808,
0.2,random,,train,reactions_1205,
0.2,random,,train,reactions_3292,
0.2,random,,train,reactions_167,
0.2,random,,train,reactions_2615,
0.2,random,,train,reactions_1530,
0.2,random,,train,reactions_1800,
0.2,random,,train,reactions_936,
0.2,random,,train,reactions_55,
0.2,random,,train,reactions_132,
0.2,random,,train,reactions_2008,
0.2,random,,train,reactions_1749,
0.2,random,,train,reactions_3681,
0.2,random,,train,reactions_177,
0.2,random,,train,reactions_3533,
0.2,random,,train,reactions_3158,
0.2,random,,train,reactions_77,
0.2,random,,train,reactions_3018,
0.2,random,,train,reactions_2129,
0.2,random,,train,reactions_3298,
0.2,random,,train,reactions_1592,
0.2,random,,train,reactions_3043,
0.2,random,,train,reactions_1487,
0.2,random,,train,reactions_2944,
0.2,random,,train,reactions_3014,
0.2,random,,train,reactions_1978,
0.2,random,,train,reactions_1683,
0.2,random,,train,reactions_1701,
0.2,random,,train,reactions_3130,
0.2,random,,train,reactions_1468,
0.2,random,,train,reactions_1719,
0.2,random,,train,reactions_3512,
0.2,random,,train,reactions_1012,
0.2,random,,train,reactions_3635,
0.2,random,,train,reactions_2969,
0.2,random,,train,reactions_2703,
0.2,random,,train,reactions_137,
0.2,random,,train,reactions_146,
0.2,random,,train,reactions_281,
0.2,random,,train,reactions_645,
0.2,random,,train,reactions_2267,
0.2,random,,train,reactions_3731,
0.2,random,,train,reactions_2567,
0.2,random,,train,reactions_1104,
0.2,random,,train,reactions_2936,
0.2,random,,train,reactions_3478,
0.2,random,,train,reactions_3916,
0.2,random,,train,reactions_37,
0.2,random,,train,reactions_2193,
0.2,random,,train,reactions_149,
0.2,random,,train,reactions_1360,
0.2,random,,train,reactions_2677,
0.2,random,,train,reactions_3746,
0.2,random,,train,reactions_2738,
0.2,random,,train,reactions_989,
0.2,random,,train,reactions_2773,
0.2,random,,train,reactions_3157,
0.2,random,,train,reactions_1901,
0.2,random,,train,reactions_3894,
0.2,random,,train,reactions_3583,
0.2,random,,train,reactions_975,
0.2,random,,train,reactions_984,
0.2,random,,train,reactions_1913,
0.2,random,,train,reactions_295,
0.2,random,,train,reactions_2433,
0.2,random,,train,reactions_207,
0.2,random,,train,reactions_2561,
0.2,random,,train,reactions_3242,
0.2,random,,train,reactions_2165,
0.2,random,,train,reactions_1399,
0.2,random,,train,reactions_2265,
0.2,random,,train,reactions_93,
0.2,random,,train,reactions_90,
0.2,random,,train,reactions_1744,
0.2,random,,train,reactions_1167,
0.2,random,,train,reactions_3517,
0.2,random,,train,reactions_924,
0.2,random,,train,reactions_1255,
0.2,random,,train,reactions_459,
0.2,random,,train,reactions_366,
0.2,random,,train,reactions_1870,
0.2,random,,train,reactions_2982,
0.2,random,,train,reactions_2120,
0.2,random,,train,reactions_1464,
0.2,random,,train,reactions_1999,
0.2,random,,train,reactions_158,
0.2,random,,train,reactions_1602,
0.2,random,,train,reactions_550,
0.2,random,,train,reactions_1479,
0.2,random,,train,reactions_1583,
0.2,random,,train,reactions_1195,
0.2,random,,train,reactions_782,
0.2,random,,train,reactions_1381,
0.2,random,,train,reactions_1937,
0.2,random,,train,reactions_353,
0.2,random,,train,reactions_3379,
0.2,random,,train,reactions_3849,
0.2,random,,train,reactions_2133,
0.2,random,,train,reactions_3818,
0.2,random,,train,reactions_1102,
0.2,random,,train,reactions_3694,
0.2,random,,train,reactions_3272,
0.2,random,,train,reactions_931,
0.2,random,,train,reactions_545,
0.2,random,,train,reactions_2180,
0.2,random,,train,reactions_1083,
0.2,random,,train,reactions_1507,
0.2,random,,train,reactions_3415,
0.2,random,,train,reactions_3007,
0.2,random,,train,reactions_2452,
0.2,random,,train,reactions_1348,
0.2,random,,train,reactions_2398,
0.2,random,,train,reactions_2879,
0.2,random,,train,reactions_2422,
0.2,random,,train,reactions_1844,
0.2,random,,train,reactions_2996,
0.2,random,,train,reactions_664,
0.2,random,,train,reactions_2373,
0.2,random,,train,reactions_3206,
0.2,random,,train,reactions_849,
0.2,random,,train,reactions_790,
0.2,random,,train,reactions_1067,
0.2,random,,train,reactions_2624,
0.2,random,,train,reactions_2440,
0.2,random,,train,reactions_3547,
0.2,random,,train,reactions_1145,
0.2,random,,train,reactions_151,
0.2,random,,train,reactions_1581,
0.2,random,,train,reactions_1207,
0.2,random,,train,reactions_2253,
0.2,random,,train,reactions_35,
0.2,random,,train,reactions_3508,
0.2,random,,train,reactions_1282,
0.2,random,,train,reactions_2416,
0.2,random,,train,reactions_3342,
0.2,random,,train,reactions_1944,
0.2,random,,train,reactions_1689,
0.2,random,,train,reactions_652,
0.2,random,,train,reactions_3776,
0.2,random,,train,reactions_656,
0.2,random,,train,reactions_3598,
0.2,random,,train,reactions_1362,
0.2,random,,train,reactions_640,
0.2,random,,train,reactions_3412,
0.2,random,,train,reactions_3145,
0.2,random,,train,reactions_2975,
0.2,random,,train,reactions_3319,
0.2,random,,train,reactions_1471,
0.2,random,,train,reactions_3447,
0.2,random,,train,reactions_1244,
0.2,random,,train,reactions_1990,
0.2,random,,train,reactions_1073,
0.2,random,,train,reactions_2111,
0.2,random,,train,reactions_1457,
0.2,random,,train,reactions_896,
0.2,random,,train,reactions_651,
0.2,random,,train,reactions_1411,
0.2,random,,train,reactions_3091,
0.2,random,,train,reactions_446,
0.2,random,,train,reactions_1233,
0.2,random,,train,reactions_1355,
0.2,random,,train,reactions_1799,
0.2,random,,train,reactions_1728,
0.2,random,,train,reactions_3754,
0.2,random,,train,reactions_906,
0.2,random,,train,reactions_903,
0.2,random,,train,reactions_3186,
0.2,random,,train,reactions_1447,
0.2,random,,train,reactions_1202,
0.2,random,,train,reactions_3304,
0.2,random,,train,reactions_414,
0.2,random,,train,reactions_1034,
0.2,random,,train,reactions_1084,
0.2,random,,train,reactions_1626,
0.2,random,,train,reactions_345,
0.2,random,,train,reactions_1761,
0.2,random,,train,reactions_3575,
0.2,random,,train,reactions_1280,
0.2,random,,train,reactions_1693,
0.2,random,,train,reactions_2344,
0.2,random,,train,reactions_654,
0.2,random,,train,reactions_900,
0.2,random,,train,reactions_1564,
0.2,random,,train,reactions_1885,
0.2,random,,train,reactions_1620,
0.2,random,,train,reactions_3460,
0.2,random,,train,reactions_1797,
0.2,random,,train,reactions_2205,
0.2,random,,train,reactions_2596,
0.2,random,,train,reactions_1483,
0.2,random,,train,reactions_2844,
0.2,random,,train,reactions_639,
0.2,random,,train,reactions_2237,
0.2,random,,train,reactions_3404,
0.2,random,,train,reactions_1768,
0.2,random,,train,reactions_2463,
0.2,random,,train,reactions_3033,
0.2,random,,train,reactions_2776,
0.2,random,,train,reactions_1727,
0.2,random,,train,reactions_3717,
0.2,random,,train,reactions_3839,
0.2,random,,train,reactions_2141,
0.2,random,,train,reactions_3566,
0.2,random,,train,reactions_2060,
0.2,random,,train,reactions_1904,
0.2,random,,train,reactions_3477,
0.2,random,,train,reactions_3903,
0.2,random,,train,reactions_318,
0.2,random,,train,reactions_1353,
0.2,random,,train,reactions_1215,
0.2,random,,train,reactions_1585,
0.2,random,,train,reactions_16,
0.2,random,,train,reactions_2309,
0.2,random,,train,reactions_3369,
0.2,random,,train,reactions_379,
0.2,random,,train,reactions_695,
0.2,random,,train,reactions_1171,
0.2,random,,train,reactions_1369,
0.2,random,,train,reactions_3243,
0.2,random,,train,reactions_1141,
0.2,random,,train,reactions_970,
0.2,random,,train,reactions_3571,
0.2,random,,train,reactions_807,
0.2,random,,train,reactions_1498,
0.2,random,,train,reactions_2659,
0.2,random,,train,reactions_3522,
0.2,random,,train,reactions_1090,
0.2,random,,train,reactions_1296,
0.2,random,,train,reactions_2619,
0.2,random,,train,reactions_1269,
0.2,random,,train,reactions_2903,
0.2,random,,train,reactions_787,
0.2,random,,train,reactions_3002,
0.2,random,,train,reactions_3511,
0.2,random,,train,reactions_2705,
0.2,random,,train,reactions_3882,
0.2,random,,train,reactions_2540,
0.2,random,,train,reactions_3941,
0.2,random,,train,reactions_3315,
0.2,random,,train,reactions_2987,
0.2,random,,train,reactions_2059,
0.2,random,,train,reactions_3263,
0.2,random,,train,reactions_3554,
0.2,random,,train,reactions_1263,
0.2,random,,train,reactions_3702,
0.2,random,,train,reactions_33,
0.2,random,,train,reactions_1161,
0.2,random,,train,reactions_2920,
0.2,random,,train,reactions_1945,
0.2,random,,train,reactions_2900,
0.2,random,,train,reactions_2785,
0.2,random,,train,reactions_83,
0.2,random,,train,reactions_730,
0.2,random,,train,reactions_3686,
0.2,random,,train,reactions_1390,
0.2,random,,train,reactions_2495,
0.2,random,,train,reactions_3767,
0.2,random,,train,reactions_2817,
0.2,random,,train,reactions_913,
0.2,random,,train,reactions_549,
0.2,random,,train,reactions_3165,
0.2,random,,train,reactions_3453,
0.2,random,,train,reactions_2792,
0.2,random,,train,reactions_2448,
0.2,random,,train,reactions_1649,
0.2,random,,train,reactions_3382,
0.2,random,,train,reactions_1969,
0.2,random,,train,reactions_2159,
0.2,random,,train,reactions_3217,
0.2,random,,train,reactions_2715,
0.2,random,,train,reactions_1868,
0.2,random,,train,reactions_1030,
0.2,random,,train,reactions_1758,
0.2,random,,train,reactions_3190,
0.2,random,,train,reactions_129,
0.2,random,,train,reactions_2926,
0.2,random,,train,reactions_2478,
0.2,random,,valid,reactions_1864,
0.2,random,,valid,reactions_951,
0.2,random,,valid,reactions_1135,
0.2,random,,valid,reactions_957,
0.2,random,,valid,reactions_279,
0.2,random,,valid,reactions_3182,
0.2,random,,valid,reactions_2690,
0.2,random,,valid,reactions_2583,
0.2,random,,valid,reactions_2043,
0.2,random,,valid,reactions_1082,
0.2,random,,valid,reactions_280,
0.2,random,,valid,reactions_2300,
0.2,random,,valid,reactions_509,
0.2,random,,valid,reactions_108,
0.2,random,,valid,reactions_3568,
0.2,random,,valid,reactions_2518,
0.2,random,,valid,reactions_3666,
0.2,random,,valid,reactions_2227,
0.2,random,,valid,reactions_311,
0.2,random,,valid,reactions_2182,
0.2,random,,valid,reactions_2399,
0.2,random,,valid,reactions_764,
0.2,random,,valid,reactions_2152,
0.2,random,,valid,reactions_874,
0.2,random,,valid,reactions_259,
0.2,random,,valid,reactions_3701,
0.2,random,,valid,reactions_131,
0.2,random,,valid,reactions_1791,
0.2,random,,valid,reactions_511,
0.2,random,,valid,reactions_2764,
0.2,random,,valid,reactions_2435,
0.2,random,,valid,reactions_3227,
0.2,random,,valid,reactions_2382,
0.2,random,,valid,reactions_1117,
0.2,random,,valid,reactions_3739,
0.2,random,,valid,reactions_50,
0.2,random,,valid,reactions_1836,
0.2,random,,valid,reactions_717,
0.2,random,,valid,reactions_1223,
0.2,random,,valid,reactions_988,
0.2,random,,valid,reactions_3518,
0.2,random,,valid,reactions_3559,
0.2,random,,valid,reactions_449,
0.2,random,,valid,reactions_2963,
0.2,random,,valid,reactions_3405,
0.2,random,,valid,reactions_2717,
0.2,random,,valid,reactions_3125,
0.2,random,,valid,reactions_476,
0.2,random,,valid,reactions_1019,
0.2,random,,valid,reactions_3579,
0.2,random,,valid,reactions_2049,
0.2,random,,valid,reactions_1031,
0.2,random,,valid,reactions_646,
0.2,random,,valid,reactions_2849,
0.2,random,,valid,reactions_1619,
0.2,random,,valid,reactions_2203,
0.2,random,,valid,reactions_2285,
0.2,random,,valid,reactions_348,
0.2,random,,valid,reactions_405,
0.2,random,,valid,reactions_3454,
0.2,random,,valid,reactions_813,
0.2,random,,valid,reactions_3560,
0.2,random,,valid,reactions_680,
0.2,random,,valid,reactions_1392,
0.2,random,,valid,reactions_3708,
0.2,random,,valid,reactions_1751,
0.2,random,,valid,reactions_3060,
0.2,random,,valid,reactions_1486,
0.2,random,,valid,reactions_1526,
0.2,random,,valid,reactions_359,
0.2,random,,valid,reactions_1049,
0.2,random,,valid,reactions_417,
0.2,random,,valid,reactions_3893,
0.2,random,,valid,reactions_1096,
0.2,random,,valid,reactions_3762,
0.2,random,,valid,reactions_1387,
0.2,random,,valid,reactions_2880,
0.2,random,,valid,reactions_2496,
0.2,random,,valid,reactions_1857,
0.2,random,,valid,reactions_3514,
0.2,random,,valid,reactions_2065,
0.2,random,,valid,reactions_1265,
0.2,random,,valid,reactions_2455,
0.2,random,,valid,reactions_2395,
0.2,random,,valid,reactions_242,
0.2,random,,valid,reactions_3788,
0.2,random,,valid,reactions_1094,
0.2,random,,valid,reactions_2544,
0.2,random,,valid,reactions_1884,
0.2,random,,valid,reactions_691,
0.2,random,,valid,reactions_933,
0.2,random,,valid,reactions_2007,
0.2,random,,valid,reactions_1654,
0.2,random,,valid,reactions_1004,
0.2,random,,valid,reactions_1809,
0.2,random,,valid,reactions_148,
0.2,random,,valid,reactions_2057,
0.2,random,,valid,reactions_572,
0.2,random,,valid,reactions_1518,
0.2,random,,valid,reactions_2324,
0.2,random,,valid,reactions_978,
0.2,random,,valid,reactions_1024,
0.2,random,,valid,reactions_361,
0.2,random,,valid,reactions_2397,
0.2,random,,valid,reactions_507,
0.2,random,,valid,reactions_2566,
0.2,random,,valid,reactions_3423,
0.2,random,,valid,reactions_470,
0.2,random,,valid,reactions_574,
0.2,random,,valid,reactions_3538,
0.2,random,,valid,reactions_817,
0.2,random,,valid,reactions_32,
0.2,random,,valid,reactions_1190,
0.2,random,,valid,reactions_114,
0.2,random,,valid,reactions_2091,
0.2,random,,valid,reactions_2895,
0.2,random,,valid,reactions_1563,
0.2,random,,valid,reactions_2970,
0.2,random,,valid,reactions_848,
0.2,random,,valid,reactions_2048,
0.2,random,,valid,reactions_2383,
0.2,random,,valid,reactions_3479,
0.2,random,,valid,reactions_330,
0.2,random,,valid,reactions_1266,
0.2,random,,valid,reactions_2195,
0.2,random,,valid,reactions_3038,
0.2,random,,valid,reactions_1395,
0.2,random,,valid,reactions_3691,
0.2,random,,valid,reactions_1198,
0.2,random,,valid,reactions_1852,
0.2,random,,valid,reactions_3440,
0.2,random,,valid,reactions_3448,
0.2,random,,valid,reactions_2289,
0.2,random,,valid,reactions_2483,
0.2,random,,valid,reactions_2323,
0.2,random,,valid,reactions_1358,
0.2,random,,valid,reactions_792,
0.2,random,,valid,reactions_73,
0.2,random,,valid,reactions_3714,
0.2,random,,valid,reactions_265,
0.2,random,,valid,reactions_2479,
0.2,random,,valid,reactions_3594,
0.2,random,,valid,reactions_953,
0.2,random,,valid,reactions_1339,
0.2,random,,valid,reactions_3327,
0.2,random,,valid,reactions_609,
0.2,random,,valid,reactions_95,
0.2,random,,valid,reactions_1642,
0.2,random,,valid,reactions_524,
0.2,random,,valid,reactions_2394,
0.2,random,,valid,reactions_3255,
0.2,random,,valid,reactions_2214,
0.2,random,,valid,reactions_2563,
0.2,random,,valid,reactions_855,
0.2,random,,valid,reactions_212,
0.2,random,,valid,reactions_2215,
0.2,random,,valid,reactions_2893,
0.2,random,,valid,reactions_3116,
0.2,random,,valid,reactions_2613,
0.2,random,,valid,reactions_2560,
0.2,random,,valid,reactions_133,
0.2,random,,valid,reactions_1752,
0.2,random,,valid,reactions_3792,
0.2,random,,valid,reactions_688,
0.2,random,,valid,reactions_3118,
0.2,random,,valid,reactions_719,
0.2,random,,valid,reactions_119,
0.2,random,,valid,reactions_455,
0.2,random,,valid,reactions_2307,
0.2,random,,valid,reactions_2401,
0.2,random,,valid,reactions_1025,
0.2,random,,valid,reactions_139,
0.2,random,,valid,reactions_1127,
0.2,random,,valid,reactions_1932,
0.2,random,,valid,reactions_2224,
0.2,random,,valid,reactions_3406,
0.2,random,,valid,reactions_2474,
0.2,random,,valid,reactions_601,
0.2,random,,valid,reactions_3865,
0.2,random,,valid,reactions_2897,
0.2,random,,valid,reactions_332,
0.2,random,,valid,reactions_3215,
0.2,random,,valid,reactions_3473,
0.2,random,,valid,reactions_1396,
0.2,random,,valid,reactions_615,
0.2,random,,valid,reactions_3285,
0.2,random,,valid,reactions_484,
0.2,random,,valid,reactions_3268,
0.2,random,,valid,reactions_1577,
0.2,random,,valid,reactions_1152,
0.2,random,,valid,reactions_3490,
0.2,random,,valid,reactions_42,
0.2,random,,valid,reactions_3361,
0.2,random,,valid,reactions_1264,
0.2,random,,valid,reactions_3629,
0.2,random,,valid,reactions_171,
0.2,random,,valid,reactions_2789,
0.2,random,,valid,reactions_22,
0.2,random,,valid,reactions_1421,
0.2,random,,valid,reactions_629,
0.2,random,,valid,reactions_2404,
0.2,random,,valid,reactions_287,
0.2,random,,valid,reactions_2131,
0.2,random,,valid,reactions_3431,
0.2,random,,valid,reactions_457,
0.2,random,,valid,reactions_777,
0.2,random,,valid,reactions_299,
0.2,random,,valid,reactions_1316,
0.2,random,,valid,reactions_19,
0.2,random,,valid,reactions_1066,
0.2,random,,valid,reactions_1986,
0.2,random,,valid,reactions_2353,
0.2,random,,valid,reactions_3167,
0.2,random,,valid,reactions_824,
0.2,random,,valid,reactions_3471,
0.2,random,,valid,reactions_548,
0.2,random,,valid,reactions_1430,
0.2,random,,valid,reactions_627,
0.2,random,,valid,reactions_2981,
0.2,random,,valid,reactions_2207,
0.2,random,,valid,reactions_1861,
0.2,random,,valid,reactions_2470,
0.2,random,,valid,reactions_1091,
0.2,random,,valid,reactions_3770,
0.2,random,,valid,reactions_2432,
0.2,random,,valid,reactions_3191,
0.2,random,,valid,reactions_3314,
0.2,random,,valid,reactions_66,
0.2,random,,valid,reactions_2385,
0.2,random,,valid,reactions_1325,
0.2,random,,valid,reactions_3187,
0.2,random,,valid,reactions_569,
0.2,random,,valid,reactions_343,
0.2,random,,valid,reactions_340,
0.2,random,,valid,reactions_211,
0.2,random,,valid,reactions_1643,
0.2,random,,valid,reactions_2537,
0.2,random,,valid,reactions_48,
0.2,random,,valid,reactions_2051,
0.2,random,,valid,reactions_1204,
0.2,random,,valid,reactions_801,
0.2,random,,valid,reactions_814,
0.2,random,,valid,reactions_2030,
0.2,random,,valid,reactions_2696,
0.2,random,,valid,reactions_2562,
0.2,random,,valid,reactions_2790,
0.2,random,,valid,reactions_1513,
0.2,random,,valid,reactions_1781,
0.2,random,,valid,reactions_1088,
0.2,random,,valid,reactions_80,
0.2,random,,valid,reactions_3638,
0.2,random,,valid,reactions_592,
0.2,random,,valid,reactions_3661,
0.2,random,,valid,reactions_3823,
0.2,random,,valid,reactions_857,
0.2,random,,valid,reactions_3724,
0.2,random,,valid,reactions_1038,
0.2,random,,valid,reactions_918,
0.2,random,,valid,reactions_2011,
0.2,random,,valid,reactions_1692,
0.2,random,,valid,reactions_1100,
0.2,random,,valid,reactions_604,
0.2,random,,valid,reactions_2068,
0.2,random,,valid,reactions_1247,
0.2,random,,valid,reactions_3907,
0.2,random,,valid,reactions_2252,
0.2,random,,valid,reactions_793,
0.2,random,,valid,reactions_1157,
0.2,random,,valid,reactions_1988,
0.2,random,,valid,reactions_1681,
0.2,random,,valid,reactions_2331,
0.2,random,,valid,reactions_2445,
0.2,random,,valid,reactions_1160,
0.2,random,,valid,reactions_565,
0.2,random,,valid,reactions_968,
0.2,random,,valid,reactions_1920,
0.2,random,,valid,reactions_135,
0.2,random,,valid,reactions_1017,
0.2,random,,valid,reactions_1139,
0.2,random,,valid,reactions_1551,
0.2,random,,valid,reactions_1379,
0.2,random,,valid,reactions_2954,
0.2,random,,valid,reactions_3113,
0.2,random,,valid,reactions_2417,
0.2,random,,valid,reactions_733,
0.2,random,,valid,reactions_1445,
0.2,random,,valid,reactions_1007,
0.2,random,,valid,reactions_3904,
0.2,random,,valid,reactions_2604,
0.2,random,,valid,reactions_1925,
0.2,random,,valid,reactions_3640,
0.2,random,,valid,reactions_1789,
0.2,random,,valid,reactions_110,
0.2,random,,valid,reactions_3741,
0.2,random,,valid,reactions_3359,
0.2,random,,valid,reactions_3435,
0.2,random,,valid,reactions_987,
0.2,random,,valid,reactions_2402,
0.2,random,,valid,reactions_837,
0.2,random,,valid,reactions_2617,
0.2,random,,valid,reactions_3817,
0.2,random,,valid,reactions_1053,
0.2,random,,valid,reactions_160,
0.2,random,,valid,reactions_947,
0.2,random,,valid,reactions_3779,
0.2,random,,valid,reactions_2179,
0.2,random,,valid,reactions_3606,
0.2,random,,valid,reactions_2225,
0.2,random,,valid,reactions_1336,
0.2,random,,valid,reactions_2629,
0.2,random,,valid,reactions_3247,
0.2,random,,valid,reactions_558,
0.2,random,,valid,reactions_2421,
0.2,random,,valid,reactions_3532,
0.2,random,,valid,reactions_1638,
0.2,random,,valid,reactions_471,
0.2,random,,valid,reactions_699,
0.2,random,,valid,reactions_3258,
0.2,random,,valid,reactions_2587,
0.2,random,,valid,reactions_3628,
0.2,random,,valid,reactions_866,
0.2,random,,valid,reactions_1688,
0.2,random,,valid,reactions_3622,
0.2,random,,valid,reactions_2313,
0.2,random,,valid,reactions_486,
0.2,random,,valid,reactions_1829,
0.2,random,,valid,reactions_809,
0.2,random,,valid,reactions_2699,
0.2,random,,valid,reactions_357,
0.2,random,,valid,reactions_1032,
0.2,random,,valid,reactions_2070,
0.2,random,,valid,reactions_1064,
0.2,random,,valid,reactions_714,
0.2,random,,valid,reactions_1682,
0.2,random,,valid,reactions_3139,
0.2,random,,valid,reactions_2419,
0.2,random,,valid,reactions_370,
0.2,random,,valid,reactions_412,
0.2,random,,valid,reactions_2269,
0.2,random,,valid,reactions_2442,
0.2,random,,valid,reactions_1023,
0.2,random,,valid,reactions_2107,
0.2,random,,valid,reactions_3525,
0.2,random,,valid,reactions_2531,
0.2,random,,valid,reactions_1725,
0.2,random,,valid,reactions_753,
0.2,random,,valid,reactions_2810,
0.2,random,,valid,reactions_650,
0.2,random,,valid,reactions_126,
0.2,random,,valid,reactions_1963,
0.2,random,,valid,reactions_941,
0.2,random,,valid,reactions_1993,
0.2,random,,valid,reactions_1163,
0.2,random,,valid,reactions_2088,
0.2,random,,valid,reactions_2173,
0.2,random,,valid,reactions_3161,
0.2,random,,valid,reactions_3399,
0.2,random,,valid,reactions_1987,
0.2,random,,valid,reactions_537,
0.2,random,,valid,reactions_1482,
0.2,random,,valid,reactions_3364,
0.2,random,,valid,reactions_2226,
0.2,random,,valid,reactions_1150,
0.2,random,,valid,reactions_1971,
0.2,random,,valid,reactions_3505,
0.2,random,,valid,reactions_3030,
0.2,random,,valid,reactions_1394,
0.2,random,,valid,reactions_789,
0.2,random,,valid,reactions_576,
0.2,random,,valid,reactions_2753,
0.2,random,,valid,reactions_1276,
0.2,random,,valid,reactions_3814,
0.2,random,,valid,reactions_184,
0.2,random,,valid,reactions_2172,
0.2,random,,valid,reactions_175,
0.2,random,,valid,reactions_2909,
0.2,random,,valid,reactions_1093,
0.2,random,,valid,reactions_2930,
0.2,random,,valid,reactions_1268,
0.2,random,,valid,reactions_3328,
0.2,random,,valid,reactions_3572,
0.2,random,,valid,reactions_1703,
0.2,random,,valid,reactions_3021,
0.2,random,,valid,reactions_1488,
0.2,random,,valid,reactions_2932,
0.2,random,,valid,reactions_364,
0.2,random,,valid,reactions_438,
0.2,random,,valid,reactions_1212,
0.2,random,,valid,reactions_3181,
0.2,random,,valid,reactions_2191,
0.2,random,,valid,reactions_3826,
0.2,random,,valid,reactions_2497,
0.2,random,,valid,reactions_1027,
0.2,random,,valid,reactions_3484,
0.2,random,,valid,reactions_313,
0.2,random,,test,reactions_2580,
0.2,random,,test,reactions_20,
0.2,random,,test,reactions_3102,
0.2,random,,test,reactions_982,
0.2,random,,test,reactions_191,
0.2,random,,test,reactions_619,
0.2,random,,test,reactions_1262,
0.2,random,,test,reactions_1519,
0.2,random,,test,reactions_498,
0.2,random,,test,reactions_1196,
0.2,random,,test,reactions_2801,
0.2,random,,test,reactions_2642,
0.2,random,,test,reactions_2164,
0.2,random,,test,reactions_3057,
0.2,random,,test,reactions_2169,
0.2,random,,test,reactions_382,
0.2,random,,test,reactions_1002,
0.2,random,,test,reactions_2212,
0.2,random,,test,reactions_3881,
0.2,random,,test,reactions_1175,
0.2,random,,test,reactions_742,
0.2,random,,test,reactions_2732,
0.2,random,,test,reactions_3557,
0.2,random,,test,reactions_825,
0.2,random,,test,reactions_3596,
0.2,random,,test,reactions_666,
0.2,random,,test,reactions_3376,
0.2,random,,test,reactions_2116,
0.2,random,,test,reactions_2330,
0.2,random,,test,reactions_3257,
0.2,random,,test,reactions_2284,
0.2,random,,test,reactions_2986,
0.2,random,,test,reactions_760,
0.2,random,,test,reactions_2937,
0.2,random,,test,reactions_461,
0.2,random,,test,reactions_104,
0.2,random,,test,reactions_2311,
0.2,random,,test,reactions_2108,
0.2,random,,test,reactions_1972,
0.2,random,,test,reactions_3609,
0.2,random,,test,reactions_3764,
0.2,random,,test,reactions_1018,
0.2,random,,test,reactions_166,
0.2,random,,test,reactions_2994,
0.2,random,,test,reactions_2794,
0.2,random,,test,reactions_3859,
0.2,random,,test,reactions_1449,
0.2,random,,test,reactions_3356,
0.2,random,,test,reactions_2122,
0.2,random,,test,reactions_2183,
0.2,random,,test,reactions_2749,
0.2,random,,test,reactions_1876,
0.2,random,,test,reactions_2459,
0.2,random,,test,reactions_2006,
0.2,random,,test,reactions_2012,
0.2,random,,test,reactions_1726,
0.2,random,,test,reactions_2922,
0.2,random,,test,reactions_754,
0.2,random,,test,reactions_3220,
0.2,random,,test,reactions_116,
0.2,random,,test,reactions_1747,
0.2,random,,test,reactions_3138,
0.2,random,,test,reactions_1124,
0.2,random,,test,reactions_3202,
0.2,random,,test,reactions_454,
0.2,random,,test,reactions_2247,
0.2,random,,test,reactions_499,
0.2,random,,test,reactions_1383,
0.2,random,,test,reactions_3172,
0.2,random,,test,reactions_3637,
0.2,random,,test,reactions_3301,
0.2,random,,test,reactions_2444,
0.2,random,,test,reactions_1928,
0.2,random,,test,reactions_865,
0.2,random,,test,reactions_3329,
0.2,random,,test,reactions_2574,
0.2,random,,test,reactions_2586,
0.2,random,,test,reactions_3035,
0.2,random,,test,reactions_293,
0.2,random,,test,reactions_1607,
0.2,random,,test,reactions_2228,
0.2,random,,test,reactions_3651,
0.2,random,,test,reactions_411,
0.2,random,,test,reactions_3140,
0.2,random,,test,reactions_1609,
0.2,random,,test,reactions_2503,
0.2,random,,test,reactions_2847,
0.2,random,,test,reactions_722,
0.2,random,,test,reactions_276,
0.2,random,,test,reactions_2072,
0.2,random,,test,reactions_307,
0.2,random,,test,reactions_1599,
0.2,random,,test,reactions_1058,
0.2,random,,test,reactions_2485,
0.2,random,,test,reactions_1896,
0.2,random,,test,reactions_310,
0.2,random,,test,reactions_292,
0.2,random,,test,reactions_59,
0.2,random,,test,reactions_1046,
0.2,random,,test,reactions_1328,
0.2,random,,test,reactions_1350,
0.2,random,,test,reactions_2904,
0.2,random,,test,reactions_1164,
0.2,random,,test,reactions_3198,
0.2,random,,test,reactions_3633,
0.2,random,,test,reactions_3678,
0.2,random,,test,reactions_1903,
0.2,random,,test,reactions_762,
0.2,random,,test,reactions_1989,
0.2,random,,test,reactions_2913,
0.2,random,,test,reactions_2934,
0.2,random,,test,reactions_2939,
0.2,random,,test,reactions_2490,
0.2,random,,test,reactions_966,
0.2,random,,test,reactions_1598,
0.2,random,,test,reactions_2530,
0.2,random,,test,reactions_1890,
0.2,random,,test,reactions_2186,
0.2,random,,test,reactions_429,
0.2,random,,test,reactions_2680,
0.2,random,,test,reactions_194,
0.2,random,,test,reactions_692,
0.2,random,,test,reactions_3308,
0.2,random,,test,reactions_2950,
0.2,random,,test,reactions_2347,
0.2,random,,test,reactions_3545,
0.2,random,,test,reactions_2555,
0.2,random,,test,reactions_2923,
0.2,random,,test,reactions_1874,
0.2,random,,test,reactions_3951,
0.2,random,,test,reactions_3410,
0.2,random,,test,reactions_3902,
0.2,random,,test,reactions_2636,
0.2,random,,test,reactions_1189,
0.2,random,,test,reactions_2627,
0.2,random,,test,reactions_1818,
0.2,random,,test,reactions_3620,
0.2,random,,test,reactions_445,
0.2,random,,test,reactions_2798,
0.2,random,,test,reactions_2080,
0.2,random,,test,reactions_3154,
0.2,random,,test,reactions_2475,
0.2,random,,test,reactions_2692,
0.2,random,,test,reactions_3265,
0.2,random,,test,reactions_1698,
0.2,random,,test,reactions_2192,
0.2,random,,test,reactions_1921,
0.2,random,,test,reactions_2081,
0.2,random,,test,reactions_3592,
0.2,random,,test,reactions_531,
0.2,random,,test,reactions_1271,
0.2,random,,test,reactions_3296,
0.2,random,,test,reactions_1159,
0.2,random,,test,reactions_1771,
0.2,random,,test,reactions_2618,
0.2,random,,test,reactions_2639,
0.2,random,,test,reactions_1699,
0.2,random,,test,reactions_2339,
0.2,random,,test,reactions_1050,
0.2,random,,test,reactions_3280,
0.2,random,,test,reactions_1309,
0.2,random,,test,reactions_413,
0.2,random,,test,reactions_2679,
0.2,random,,test,reactions_3599,
0.2,random,,test,reactions_3081,
0.2,random,,test,reactions_2890,
0.2,random,,test,reactions_1803,
0.2,random,,test,reactions_3075,
0.2,random,,test,reactions_1335,
0.2,random,,test,reactions_3679,
0.2,random,,test,reactions_362,
0.2,random,,test,reactions_3320,
0.2,random,,test,reactions_788,
0.2,random,,test,reactions_1037,
0.2,random,,test,reactions_1222,
0.2,random,,test,reactions_3338,
0.2,random,,test,reactions_756,
0.2,random,,test,reactions_2453,
0.2,random,,test,reactions_2730,
0.2,random,,test,reactions_2429,
0.2,random,,test,reactions_2274,
0.2,random,,test,reactions_3325,
0.2,random,,test,reactions_2181,
0.2,random,,test,reactions_2967,
0.2,random,,test,reactions_573,
0.2,random,,test,reactions_224,
0.2,random,,test,reactions_2701,
0.2,random,,test,reactions_2656,
0.2,random,,test,reactions_1154,
0.2,random,,test,reactions_2199,
0.2,random,,test,reactions_624,
0.2,random,,test,reactions_3148,
0.2,random,,test,reactions_1231,
0.2,random,,test,reactions_1533,
0.2,random,,test,reactions_2441,
0.2,random,,test,reactions_237,
0.2,random,,test,reactions_1831,
0.2,random,,test,reactions_2751,
0.2,random,,test,reactions_2600,
0.2,random,,test,reactions_2784,
0.2,random,,test,reactions_1733,
0.2,random,,test,reactions_477,
0.2,random,,test,reactions_3120,
0.2,random,,test,reactions_2345,
0.2,random,,test,reactions_2409,
0.2,random,,test,reactions_2750,
0.2,random,,test,reactions_3074,
0.2,random,,test,reactions_202,
0.2,random,,test,reactions_749,
0.2,random,,test,reactions_1400,
0.2,random,,test,reactions_1321,
0.2,random,,test,reactions_2983,
0.2,random,,test,reactions_2917,
0.2,random,,test,reactions_3940,
0.2,random,,test,reactions_1378,
0.2,random,,test,reactions_3655,
0.2,random,,test,reactions_2521,
0.2,random,,test,reactions_267,
0.2,random,,test,reactions_401,
0.2,random,,test,reactions_927,
0.2,random,,test,reactions_3546,
0.2,random,,test,reactions_1625,
0.2,random,,test,reactions_2363,
0.2,random,,test,reactions_3935,
0.2,random,,test,reactions_2648,
0.2,random,,test,reactions_3844,
0.2,random,,test,reactions_450,
0.2,random,,test,reactions_2964,
0.2,random,,test,reactions_1260,
0.2,random,,test,reactions_3188,
0.2,random,,test,reactions_2678,
0.2,random,,test,reactions_3742,
0.2,random,,test,reactions_830,
0.2,random,,test,reactions_3677,
0.2,random,,test,reactions_3441,
0.2,random,,test,reactions_1973,
0.2,random,,test,reactions_1307,
0.2,random,,test,reactions_416,
0.2,random,,test,reactions_2286,
0.2,random,,test,reactions_2438,
0.2,random,,test,reactions_1182,
0.2,random,,test,reactions_2380,
0.2,random,,test,reactions_3437,
0.2,random,,test,reactions_2708,
0.2,random,,test,reactions_2752,
0.2,random,,test,reactions_386,
0.2,random,,test,reactions_3122,
0.2,random,,test,reactions_2811,
0.2,random,,test,reactions_1777,
0.2,random,,test,reactions_1893,
0.2,random,,test,reactions_2551,
0.2,random,,test,reactions_3489,
0.2,random,,test,reactions_1241,
0.2,random,,test,reactions_2281,
0.2,random,,test,reactions_861,
0.2,random,,test,reactions_613,
0.2,random,,test,reactions_2539,
0.2,random,,test,reactions_248,
0.2,random,,test,reactions_2742,
0.2,random,,test,reactions_2507,
0.2,random,,test,reactions_840,
0.2,random,,test,reactions_3330,
0.2,random,,test,reactions_556,
0.2,random,,test,reactions_1910,
0.2,random,,test,reactions_3928,
0.2,random,,test,reactions_3615,
0.2,random,,test,reactions_2136,
0.2,random,,test,reactions_532,
0.2,random,,test,reactions_596,
0.2,random,,test,reactions_397,
0.2,random,,test,reactions_3700,
0.2,random,,test,reactions_566,
0.2,random,,test,reactions_3756,
0.2,random,,test,reactions_2216,
0.2,random,,test,reactions_60,
0.2,random,,test,reactions_890,
0.2,random,,test,reactions_901,
0.2,random,,test,reactions_2305,
0.2,random,,test,reactions_679,
0.2,random,,test,reactions_3339,
0.2,random,,test,reactions_1539,
0.2,random,,test,reactions_1337,
0.2,random,,test,reactions_2812,
0.2,random,,test,reactions_3675,
0.2,random,,test,reactions_1431,
0.2,random,,test,reactions_1191,
0.2,random,,test,reactions_3123,
0.2,random,,test,reactions_1653,
0.2,random,,test,reactions_3193,
0.2,random,,test,reactions_960,
0.2,random,,test,reactions_3491,
0.2,random,,test,reactions_543,
0.2,random,,test,reactions_408,
0.2,random,,test,reactions_1895,
0.2,random,,test,reactions_130,
0.2,random,,test,reactions_82,
0.2,random,,test,reactions_2772,
0.2,random,,test,reactions_381,
0.2,random,,test,reactions_3668,
0.2,random,,test,reactions_726,
0.2,random,,test,reactions_140,
0.2,random,,test,reactions_983,
0.2,random,,test,reactions_290,
0.2,random,,test,reactions_1021,
0.2,random,,test,reactions_702,
0.2,random,,test,reactions_2850,
0.2,random,,test,reactions_156,
0.2,random,,test,reactions_1849,
0.2,random,,test,reactions_783,
0.2,random,,test,reactions_3475,
0.2,random,,test,reactions_2410,
0.2,random,,test,reactions_1822,
0.2,random,,test,reactions_3658,
0.2,random,,test,reactions_87,
0.2,random,,test,reactions_1015,
0.2,random,,test,reactions_112,
0.2,random,,test,reactions_2579,
0.2,random,,test,reactions_2388,
0.2,random,,test,reactions_1855,
0.2,random,,test,reactions_1697,
0.2,random,,test,reactions_198,
0.2,random,,test,reactions_2050,
0.2,random,,test,reactions_1843,
0.2,random,,test,reactions_2326,
0.2,random,,test,reactions_994,
0.2,random,,test,reactions_1361,
0.2,random,,test,reactions_2104,
0.2,random,,test,reactions_1765,
0.2,random,,test,reactions_2778,
0.2,random,,test,reactions_2725,
0.2,random,,test,reactions_2135,
0.2,random,,test,reactions_3278,
0.2,random,,test,reactions_3196,
0.2,random,,test,reactions_482,
0.2,random,,test,reactions_1814,
0.2,random,,test,reactions_2190,
0.2,random,,test,reactions_3689,
0.2,random,,test,reactions_440,
0.2,random,,test,reactions_222,
0.2,random,,test,reactions_496,
0.2,random,,test,reactions_49,
0.2,random,,test,reactions_1554,
0.2,random,,test,reactions_355,
0.2,random,,test,reactions_724,
0.2,random,,test,reactions_409,
0.2,random,,test,reactions_3732,
0.2,random,,test,reactions_1974,
0.2,random,,test,reactions_63,
0.2,random,,test,reactions_1661,
0.2,random,,test,reactions_2408,
0.2,random,,test,reactions_400,
0.2,random,,test,reactions_1605,
0.2,random,,test,reactions_587,
0.2,random,,test,reactions_1273,
0.2,random,,test,reactions_1877,
0.2,random,,test,reactions_1047,
0.2,random,,test,reactions_1848,
0.2,random,,test,reactions_791,
0.2,random,,test,reactions_2358,
0.2,random,,test,reactions_741,
0.2,random,,test,reactions_797,
0.2,random,,test,reactions_3169,
0.2,random,,test,reactions_746,
0.2,random,,test,reactions_3082,
0.2,random,,test,reactions_490,
0.2,random,,test,reactions_3944,
0.2,random,,test,reactions_3806,
0.2,random,,test,reactions_885,
0.2,random,,test,reactions_1946,
0.2,random,,test,reactions_2431,
0.2,random,,test,reactions_1168,
0.2,random,,test,reactions_266,
0.2,random,,test,reactions_2071,
0.2,random,,test,reactions_3005,
0.2,random,,test,reactions_3254,
0.2,random,,test,reactions_326,
0.2,random,,test,reactions_2623,
0.2,random,,test,reactions_3680,
0.2,random,,test,reactions_1557,
0.2,random,,test,reactions_3397,
0.2,random,,test,reactions_2450,
0.2,random,,test,reactions_2783,
0.2,random,,test,reactions_5,
0.2,random,,test,reactions_1475,
0.2,random,,test,reactions_2428,
0.2,random,,test,reactions_3264,
0.2,random,,test,reactions_3335,
0.2,random,,test,reactions_3068,
0.2,random,,test,reactions_948,
0.2,random,,test,reactions_2927,
0.2,random,,test,reactions_3127,
0.2,random,,test,reactions_2949,
0.2,random,,test,reactions_3780,
0.2,random,,test,reactions_3277,
0.2,random,,test,reactions_2486,
0.2,random,,test,reactions_1871,
0.5,random,,train,reactions_1879,
0.5,random,,train,reactions_3261,
0.5,random,,train,reactions_2037,
0.5,random,,train,reactions_2040,
0.5,random,,train,reactions_1118,
0.5,random,,train,reactions_1648,
0.5,random,,train,reactions_503,
0.5,random,,train,reactions_1415,
0.5,random,,train,reactions_410,
0.5,random,,train,reactions_1167,
0.5,random,,train,reactions_251,
0.5,random,,train,reactions_976,
0.5,random,,train,reactions_1632,
0.5,random,,train,reactions_3309,
0.5,random,,train,reactions_422,
0.5,random,,train,reactions_304,
0.5,random,,train,reactions_151,
0.5,random,,train,reactions_229,
0.5,random,,train,reactions_97,
0.5,random,,train,reactions_2236,
0.5,random,,train,reactions_1542,
0.5,random,,train,reactions_3226,
0.5,random,,train,reactions_3487,
0.5,random,,train,reactions_2800,
0.5,random,,train,reactions_1738,
0.5,random,,train,reactions_2698,
0.5,random,,train,reactions_3908,
0.5,random,,train,reactions_2248,
0.5,random,,train,reactions_508,
0.5,random,,train,reactions_3869,
0.5,random,,train,reactions_1983,
0.5,random,,train,reactions_2208,
0.5,random,,train,reactions_1033,
0.5,random,,train,reactions_701,
0.5,random,,train,reactions_2755,
0.5,random,,train,reactions_2162,
0.5,random,,train,reactions_3183,
0.5,random,,train,reactions_2938,
0.5,random,,train,reactions_435,
0.5,random,,train,reactions_1450,
0.5,random,,train,reactions_2019,
0.5,random,,train,reactions_2628,
0.5,random,,train,reactions_463,
0.5,random,,train,reactions_1188,
0.5,random,,train,reactions_1172,
0.5,random,,train,reactions_2638,
0.5,random,,train,reactions_1673,
0.5,random,,train,reactions_773,
0.5,random,,train,reactions_1929,
0.5,random,,train,reactions_2189,
0.5,random,,train,reactions_3396,
0.5,random,,train,reactions_2978,
0.5,random,,train,reactions_2461,
0.5,random,,train,reactions_1067,
0.5,random,,train,reactions_1748,
0.5,random,,train,reactions_3310,
0.5,random,,train,reactions_1952,
0.5,random,,train,reactions_936,
0.5,random,,train,reactions_1373,
0.5,random,,train,reactions_3548,
0.5,random,,train,reactions_1329,
0.5,random,,train,reactions_3690,
0.5,random,,train,reactions_2115,
0.5,random,,train,reactions_674,
0.5,random,,train,reactions_3838,
0.5,random,,train,reactions_660,
0.5,random,,train,reactions_3079,
0.5,random,,train,reactions_1708,
0.5,random,,train,reactions_7,
0.5,random,,train,reactions_157,
0.5,random,,train,reactions_122,
0.5,random,,train,reactions_2565,
0.5,random,,train,reactions_3760,
0.5,random,,train,reactions_3676,
0.5,random,,train,reactions_735,
0.5,random,,train,reactions_2362,
0.5,random,,train,reactions_2413,
0.5,random,,train,reactions_3790,
0.5,random,,train,reactions_2102,
0.5,random,,train,reactions_319,
0.5,random,,train,reactions_2495,
0.5,random,,train,reactions_3225,
0.5,random,,train,reactions_974,
0.5,random,,train,reactions_1652,
0.5,random,,train,reactions_1003,
0.5,random,,train,reactions_3012,
0.5,random,,train,reactions_1218,
0.5,random,,train,reactions_3267,
0.5,random,,train,reactions_159,
0.5,random,,train,reactions_989,
0.5,random,,train,reactions_3765,
0.5,random,,train,reactions_103,
0.5,random,,train,reactions_3523,
0.5,random,,train,reactions_1846,
0.5,random,,train,reactions_1761,
0.5,random,,train,reactions_2082,
0.5,random,,train,reactions_617,
0.5,random,,train,reactions_623,
0.5,random,,train,reactions_761,
0.5,random,,train,reactions_1234,
0.5,random,,train,reactions_270,
0.5,random,,train,reactions_862,
0.5,random,,train,reactions_3933,
0.5,random,,train,reactions_1409,
0.5,random,,train,reactions_1305,
0.5,random,,train,reactions_2142,
0.5,random,,train,reactions_372,
0.5,random,,train,reactions_2995,
0.5,random,,train,reactions_934,
0.5,random,,train,reactions_1651,
0.5,random,,train,reactions_1662,
0.5,random,,train,reactions_3013,
0.5,random,,train,reactions_540,
0.5,random,,train,reactions_3873,
0.5,random,,train,reactions_3456,
0.5,random,,train,reactions_1969,
0.5,random,,train,reactions_3849,
0.5,random,,train,reactions_1949,
0.5,random,,train,reactions_2095,
0.5,random,,train,reactions_3547,
0.5,random,,train,reactions_1514,
0.5,random,,train,reactions_1399,
0.5,random,,train,reactions_886,
0.5,random,,train,reactions_3460,
0.5,random,,train,reactions_685,
0.5,random,,train,reactions_2625,
0.5,random,,train,reactions_1532,
0.5,random,,train,reactions_594,
0.5,random,,train,reactions_542,
0.5,random,,train,reactions_2543,
0.5,random,,train,reactions_1144,
0.5,random,,train,reactions_2407,
0.5,random,,train,reactions_3090,
0.5,random,,train,reactions_2242,
0.5,random,,train,reactions_2264,
0.5,random,,train,reactions_3903,
0.5,random,,train,reactions_990,
0.5,random,,train,reactions_3321,
0.5,random,,train,reactions_1679,
0.5,random,,train,reactions_2607,
0.5,random,,train,reactions_2491,
0.5,random,,train,reactions_297,
0.5,random,,train,reactions_325,
0.5,random,,train,reactions_2993,
0.5,random,,train,reactions_2237,
0.5,random,,train,reactions_1792,
0.5,random,,train,reactions_3478,
0.5,random,,train,reactions_1145,
0.5,random,,train,reactions_931,
0.5,random,,train,reactions_2589,
0.5,random,,train,reactions_909,
0.5,random,,train,reactions_2723,
0.5,random,,train,reactions_3510,
0.5,random,,train,reactions_518,
0.5,random,,train,reactions_70,
0.5,random,,train,reactions_1704,
0.5,random,,train,reactions_1410,
0.5,random,,train,reactions_1564,
0.5,random,,train,reactions_3324,
0.5,random,,train,reactions_2662,
0.5,random,,train,reactions_1603,
0.5,random,,train,reactions_2875,
0.5,random,,train,reactions_2869,
0.5,random,,train,reactions_1095,
0.5,random,,train,reactions_2931,
0.5,random,,train,reactions_2129,
0.5,random,,train,reactions_2916,
0.5,random,,train,reactions_306,
0.5,random,,train,reactions_446,
0.5,random,,train,reactions_434,
0.5,random,,train,reactions_530,
0.5,random,,train,reactions_2671,
0.5,random,,train,reactions_245,
0.5,random,,train,reactions_611,
0.5,random,,train,reactions_51,
0.5,random,,train,reactions_3313,
0.5,random,,train,reactions_1427,
0.5,random,,train,reactions_3847,
0.5,random,,train,reactions_1838,
0.5,random,,train,reactions_314,
0.5,random,,train,reactions_2391,
0.5,random,,train,reactions_1352,
0.5,random,,train,reactions_710,
0.5,random,,train,reactions_1590,
0.5,random,,train,reactions_1181,
0.5,random,,train,reactions_2658,
0.5,random,,train,reactions_2420,
0.5,random,,train,reactions_1341,
0.5,random,,train,reactions_3693,
0.5,random,,train,reactions_367,
0.5,random,,train,reactions_281,
0.5,random,,train,reactions_3553,
0.5,random,,train,reactions_821,
0.5,random,,train,reactions_1547,
0.5,random,,train,reactions_2669,
0.5,random,,train,reactions_838,
0.5,random,,train,reactions_2044,
0.5,random,,train,reactions_1992,
0.5,random,,train,reactions_2612,
0.5,random,,train,reactions_2096,
0.5,random,,train,reactions_2686,
0.5,random,,train,reactions_3852,
0.5,random,,train,reactions_398,
0.5,random,,train,reactions_206,
0.5,random,,train,reactions_570,
0.5,random,,train,reactions_428,
0.5,random,,train,reactions_47,
0.5,random,,train,reactions_2317,
0.5,random,,train,reactions_380,
0.5,random,,train,reactions_2299,
0.5,random,,train,reactions_40,
0.5,random,,train,reactions_2824,
0.5,random,,train,reactions_2668,
0.5,random,,train,reactions_2891,
0.5,random,,train,reactions_420,
0.5,random,,train,reactions_3876,
0.5,random,,train,reactions_2177,
0.5,random,,train,reactions_3937,
0.5,random,,train,reactions_2735,
0.5,random,,train,reactions_3430,
0.5,random,,train,reactions_3728,
0.5,random,,train,reactions_3833,
0.5,random,,train,reactions_1377,
0.5,random,,train,reactions_1842,
0.5,random,,train,reactions_3501,
0.5,random,,train,reactions_308,
0.5,random,,train,reactions_1996,
0.5,random,,train,reactions_3853,
0.5,random,,train,reactions_3562,
0.5,random,,train,reactions_295,
0.5,random,,train,reactions_2223,
0.5,random,,train,reactions_1413,
0.5,random,,train,reactions_1246,
0.5,random,,train,reactions_1559,
0.5,random,,train,reactions_383,
0.5,random,,train,reactions_124,
0.5,random,,train,reactions_2159,
0.5,random,,train,reactions_3938,
0.5,random,,train,reactions_430,
0.5,random,,train,reactions_335,
0.5,random,,train,reactions_3843,
0.5,random,,train,reactions_678,
0.5,random,,train,reactions_3307,
0.5,random,,train,reactions_1097,
0.5,random,,train,reactions_1240,
0.5,random,,train,reactions_1494,
0.5,random,,train,reactions_2884,
0.5,random,,train,reactions_2462,
0.5,random,,train,reactions_1808,
0.5,random,,train,reactions_150,
0.5,random,,train,reactions_519,
0.5,random,,train,reactions_2747,
0.5,random,,train,reactions_3832,
0.5,random,,train,reactions_3875,
0.5,random,,train,reactions_2953,
0.5,random,,train,reactions_2218,
0.5,random,,train,reactions_3086,
0.5,random,,train,reactions_835,
0.5,random,,train,reactions_491,
0.5,random,,train,reactions_444,
0.5,random,,train,reactions_747,
0.5,random,,train,reactions_2338,
0.5,random,,train,reactions_1143,
0.5,random,,train,reactions_37,
0.5,random,,train,reactions_1301,
0.5,random,,train,reactions_2263,
0.5,random,,train,reactions_3326,
0.5,random,,train,reactions_3805,
0.5,random,,train,reactions_1283,
0.5,random,,train,reactions_2540,
0.5,random,,train,reactions_758,
0.5,random,,train,reactions_3017,
0.5,random,,train,reactions_53,
0.5,random,,train,reactions_3564,
0.5,random,,train,reactions_964,
0.5,random,,train,reactions_3080,
0.5,random,,train,reactions_859,
0.5,random,,train,reactions_2375,
0.5,random,,train,reactions_858,
0.5,random,,train,reactions_751,
0.5,random,,train,reactions_2558,
0.5,random,,train,reactions_2545,
0.5,random,,train,reactions_2745,
0.5,random,,train,reactions_2550,
0.5,random,,train,reactions_3059,
0.5,random,,train,reactions_628,
0.5,random,,train,reactions_3184,
0.5,random,,train,reactions_802,
0.5,random,,train,reactions_3027,
0.5,random,,train,reactions_3275,
0.5,random,,train,reactions_3783,
0.5,random,,train,reactions_3521,
0.5,random,,train,reactions_3670,
0.5,random,,train,reactions_3134,
0.5,random,,train,reactions_2975,
0.5,random,,train,reactions_153,
0.5,random,,train,reactions_3799,
0.5,random,,train,reactions_3930,
0.5,random,,train,reactions_2980,
0.5,random,,train,reactions_1650,
0.5,random,,train,reactions_2003,
0.5,random,,train,reactions_1637,
0.5,random,,train,reactions_2053,
0.5,random,,train,reactions_2944,
0.5,random,,train,reactions_686,
0.5,random,,train,reactions_767,
0.5,random,,train,reactions_3175,
0.5,random,,train,reactions_811,
0.5,random,,train,reactions_3953,
0.5,random,,train,reactions_1048,
0.5,random,,train,reactions_2872,
0.5,random,,train,reactions_2713,
0.5,random,,train,reactions_1718,
0.5,random,,train,reactions_3259,
0.5,random,,train,reactions_1221,
0.5,random,,train,reactions_943,
0.5,random,,train,reactions_3177,
0.5,random,,train,reactions_2275,
0.5,random,,train,reactions_1393,
0.5,random,,train,reactions_924,
0.5,random,,train,reactions_812,
0.5,random,,train,reactions_3476,
0.5,random,,train,reactions_2341,
0.5,random,,train,reactions_925,
0.5,random,,train,reactions_1286,
0.5,random,,train,reactions_2881,
0.5,random,,train,reactions_3178,
0.5,random,,train,reactions_3004,
0.5,random,,train,reactions_2851,
0.5,random,,train,reactions_1270,
0.5,random,,train,reactions_1906,
0.5,random,,train,reactions_1656,
0.5,random,,train,reactions_169,
0.5,random,,train,reactions_2815,
0.5,random,,train,reactions_2366,
0.5,random,,train,reactions_2803,
0.5,random,,train,reactions_1546,
0.5,random,,train,reactions_21,
0.5,random,,train,reactions_1731,
0.5,random,,train,reactions_1744,
0.5,random,,train,reactions_3718,
0.5,random,,train,reactions_780,
0.5,random,,train,reactions_3506,
0.5,random,,train,reactions_1446,
0.5,random,,train,reactions_1776,
0.5,random,,train,reactions_1678,
0.5,random,,train,reactions_1289,
0.5,random,,train,reactions_3725,
0.5,random,,train,reactions_851,
0.5,random,,train,reactions_164,
0.5,random,,train,reactions_1844,
0.5,random,,train,reactions_2170,
0.5,random,,train,reactions_1327,
0.5,random,,train,reactions_1313,
0.5,random,,train,reactions_1827,
0.5,random,,train,reactions_2646,
0.5,random,,train,reactions_1442,
0.5,random,,train,reactions_2711,
0.5,random,,train,reactions_1998,
0.5,random,,train,reactions_3750,
0.5,random,,train,reactions_2312,
0.5,random,,train,reactions_3136,
0.5,random,,train,reactions_842,
0.5,random,,train,reactions_2411,
0.5,random,,train,reactions_144,
0.5,random,,train,reactions_64,
0.5,random,,train,reactions_3796,
0.5,random,,train,reactions_815,
0.5,random,,train,reactions_2,
0.5,random,,train,reactions_739,
0.5,random,,train,reactions_3272,
0.5,random,,train,reactions_1408,
0.5,random,,train,reactions_1709,
0.5,random,,train,reactions_2213,
0.5,random,,train,reactions_86,
0.5,random,,train,reactions_2477,
0.5,random,,train,reactions_2655,
0.5,random,,train,reactions_1281,
0.5,random,,train,reactions_1068,
0.5,random,,train,reactions_3245,
0.5,random,,train,reactions_3019,
0.5,random,,train,reactions_647,
0.5,random,,train,reactions_2412,
0.5,random,,train,reactions_1541,
0.5,random,,train,reactions_256,
0.5,random,,train,reactions_387,
0.5,random,,train,reactions_3761,
0.5,random,,train,reactions_31,
0.5,random,,train,reactions_1691,
0.5,random,,train,reactions_1324,
0.5,random,,train,reactions_2405,
0.5,random,,train,reactions_1028,
0.5,random,,train,reactions_608,
0.5,random,,train,reactions_2781,
0.5,random,,train,reactions_2649,
0.5,random,,train,reactions_334,
0.5,random,,train,reactions_1913,
0.5,random,,train,reactions_2452,
0.5,random,,train,reactions_3387,
0.5,random,,train,reactions_3065,
0.5,random,,train,reactions_1894,
0.5,random,,train,reactions_58,
0.5,random,,train,reactions_2464,
0.5,random,,train,reactions_1721,
0.5,random,,train,reactions_2233,
0.5,random,,train,reactions_1507,
0.5,random,,train,reactions_1275,
0.5,random,,train,reactions_995,
0.5,random,,train,reactions_2059,
0.5,random,,train,reactions_1331,
0.5,random,,train,reactions_125,
0.5,random,,train,reactions_443,
0.5,random,,train,reactions_448,
0.5,random,,train,reactions_264,
0.5,random,,train,reactions_2957,
0.5,random,,train,reactions_1778,
0.5,random,,train,reactions_1685,
0.5,random,,train,reactions_2028,
0.5,random,,train,reactions_1645,
0.5,random,,train,reactions_3754,
0.5,random,,train,reactions_1892,
0.5,random,,train,reactions_3488,
0.5,random,,train,reactions_1201,
0.5,random,,train,reactions_1081,
0.5,random,,train,reactions_1608,
0.5,random,,train,reactions_2334,
0.5,random,,train,reactions_1111,
0.5,random,,train,reactions_460,
0.5,random,,train,reactions_1762,
0.5,random,,train,reactions_1588,
0.5,random,,train,reactions_553,
0.5,random,,train,reactions_2634,
0.5,random,,train,reactions_3365,
0.5,random,,train,reactions_689,
0.5,random,,train,reactions_102,
0.5,random,,train,reactions_176,
0.5,random,,train,reactions_208,
0.5,random,,train,reactions_3630,
0.5,random,,train,reactions_3348,
0.5,random,,train,reactions_1434,
0.5,random,,train,reactions_999,
0.5,random,,train,reactions_2645,
0.5,random,,train,reactions_1914,
0.5,random,,train,reactions_1340,
0.5,random,,train,reactions_2697,
0.5,random,,train,reactions_23,
0.5,random,,train,reactions_3711,
0.5,random,,train,reactions_2176,
0.5,random,,train,reactions_3575,
0.5,random,,train,reactions_630,
0.5,random,,train,reactions_3743,
0.5,random,,train,reactions_316,
0.5,random,,train,reactions_2520,
0.5,random,,train,reactions_1506,
0.5,random,,train,reactions_3424,
0.5,random,,train,reactions_2127,
0.5,random,,train,reactions_1351,
0.5,random,,train,reactions_700,
0.5,random,,train,reactions_1553,
0.5,random,,train,reactions_3382,
0.5,random,,train,reactions_3660,
0.5,random,,train,reactions_174,
0.5,random,,train,reactions_1674,
0.5,random,,train,reactions_2262,
0.5,random,,train,reactions_3738,
0.5,random,,train,reactions_1522,
0.5,random,,train,reactions_2434,
0.5,random,,train,reactions_2032,
0.5,random,,train,reactions_1891,
0.5,random,,train,reactions_2229,
0.5,random,,train,reactions_3829,
0.5,random,,train,reactions_2857,
0.5,random,,train,reactions_3355,
0.5,random,,train,reactions_1304,
0.5,random,,train,reactions_1941,
0.5,random,,train,reactions_723,
0.5,random,,train,reactions_1757,
0.5,random,,train,reactions_654,
0.5,random,,train,reactions_2689,
0.5,random,,train,reactions_3508,
0.5,random,,train,reactions_3337,
0.5,random,,train,reactions_459,
0.5,random,,train,reactions_3854,
0.5,random,,train,reactions_1837,
0.5,random,,train,reactions_1149,
0.5,random,,train,reactions_1153,
0.5,random,,train,reactions_2250,
0.5,random,,train,reactions_3923,
0.5,random,,train,reactions_2101,
0.5,random,,train,reactions_2201,
0.5,random,,train,reactions_1447,
0.5,random,,train,reactions_2023,
0.5,random,,train,reactions_3251,
0.5,random,,train,reactions_640,
0.5,random,,train,reactions_2437,
0.5,random,,train,reactions_2494,
0.5,random,,train,reactions_1580,
0.5,random,,train,reactions_772,
0.5,random,,train,reactions_2079,
0.5,random,,train,reactions_1253,
0.5,random,,train,reactions_3033,
0.5,random,,train,reactions_3552,
0.5,random,,train,reactions_2536,
0.5,random,,train,reactions_2515,
0.5,random,,train,reactions_2791,
0.5,random,,train,reactions_3598,
0.5,random,,train,reactions_1365,
0.5,random,,train,reactions_1886,
0.5,random,,train,reactions_1862,
0.5,random,,train,reactions_2710,
0.5,random,,train,reactions_3934,
0.5,random,,train,reactions_2498,
0.5,random,,train,reactions_3317,
0.5,random,,train,reactions_823,
0.5,random,,train,reactions_3771,
0.5,random,,train,reactions_1575,
0.5,random,,train,reactions_352,
0.5,random,,train,reactions_1411,
0.5,random,,train,reactions_3824,
0.5,random,,train,reactions_2022,
0.5,random,,train,reactions_513,
0.5,random,,train,reactions_2184,
0.5,random,,train,reactions_2014,
0.5,random,,train,reactions_2298,
0.5,random,,train,reactions_1965,
0.5,random,,train,reactions_2458,
0.5,random,,train,reactions_172,
0.5,random,,train,reactions_2512,
0.5,random,,train,reactions_3699,
0.5,random,,train,reactions_1671,
0.5,random,,train,reactions_3141,
0.5,random,,train,reactions_2594,
0.5,random,,train,reactions_3686,
0.5,random,,train,reactions_2630,
0.5,random,,train,reactions_452,
0.5,random,,train,reactions_318,
0.5,random,,train,reactions_2972,
0.5,random,,train,reactions_3646,
0.5,random,,train,reactions_2343,
0.5,random,,train,reactions_879,
0.5,random,,train,reactions_3519,
0.5,random,,train,reactions_3135,
0.5,random,,train,reactions_1755,
0.5,random,,train,reactions_1982,
0.5,random,,train,reactions_2165,
0.5,random,,train,reactions_744,
0.5,random,,train,reactions_3616,
0.5,random,,train,reactions_3299,
0.5,random,,train,reactions_2862,
0.5,random,,train,reactions_479,
0.5,random,,train,reactions_711,
0.5,random,,train,reactions_2667,
0.5,random,,train,reactions_3185,
0.5,random,,train,reactions_2940,
0.5,random,,train,reactions_668,
0.5,random,,train,reactions_120,
0.5,random,,train,reactions_1800,
0.5,random,,train,reactions_3949,
0.5,random,,train,reactions_1750,
0.5,random,,train,reactions_552,
0.5,random,,train,reactions_1258,
0.5,random,,train,reactions_571,
0.5,random,,train,reactions_3681,
0.5,random,,train,reactions_1451,
0.5,random,,train,reactions_1464,
0.5,random,,train,reactions_1957,
0.5,random,,train,reactions_718,
0.5,random,,train,reactions_2611,
0.5,random,,train,reactions_1944,
0.5,random,,train,reactions_3101,
0.5,random,,train,reactions_1512,
0.5,random,,train,reactions_1219,
0.5,random,,train,reactions_269,
0.5,random,,train,reactions_2906,
0.5,random,,train,reactions_1120,
0.5,random,,train,reactions_3528,
0.5,random,,train,reactions_1788,
0.5,random,,train,reactions_11,
0.5,random,,train,reactions_872,
0.5,random,,train,reactions_215,
0.5,random,,train,reactions_1845,
0.5,random,,train,reactions_3906,
0.5,random,,train,reactions_3639,
0.5,random,,train,reactions_3664,
0.5,random,,train,reactions_2111,
0.5,random,,train,reactions_2336,
0.5,random,,train,reactions_62,
0.5,random,,train,reactions_1406,
0.5,random,,train,reactions_2996,
0.5,random,,train,reactions_1146,
0.5,random,,train,reactions_3001,
0.5,random,,train,reactions_1376,
0.5,random,,train,reactions_1690,
0.5,random,,train,reactions_539,
0.5,random,,train,reactions_3104,
0.5,random,,train,reactions_2423,
0.5,random,,train,reactions_312,
0.5,random,,train,reactions_3462,
0.5,random,,train,reactions_3625,
0.5,random,,train,reactions_2653,
0.5,random,,train,reactions_3276,
0.5,random,,train,reactions_3434,
0.5,random,,train,reactions_3402,
0.5,random,,train,reactions_2157,
0.5,random,,train,reactions_2760,
0.5,random,,train,reactions_3855,
0.5,random,,train,reactions_1735,
0.5,random,,train,reactions_3702,
0.5,random,,train,reactions_1490,
0.5,random,,train,reactions_534,
0.5,random,,train,reactions_2878,
0.5,random,,train,reactions_2903,
0.5,random,,train,reactions_2659,
0.5,random,,train,reactions_2716,
0.5,random,,train,reactions_437,
0.5,random,,train,reactions_1367,
0.5,random,,train,reactions_3432,
0.5,random,,train,reactions_1422,
0.5,random,,train,reactions_3809,
0.5,random,,train,reactions_1784,
0.5,random,,train,reactions_3950,
0.5,random,,train,reactions_3103,
0.5,random,,train,reactions_1225,
0.5,random,,train,reactions_720,
0.5,random,,train,reactions_2538,
0.5,random,,train,reactions_626,
0.5,random,,train,reactions_3607,
0.5,random,,train,reactions_1380,
0.5,random,,train,reactions_2517,
0.5,random,,train,reactions_283,
0.5,random,,train,reactions_3112,
0.5,random,,train,reactions_993,
0.5,random,,train,reactions_2368,
0.5,random,,train,reactions_3164,
0.5,random,,train,reactions_1612,
0.5,random,,train,reactions_271,
0.5,random,,train,reactions_3050,
0.5,random,,train,reactions_2666,
0.5,random,,train,reactions_2825,
0.5,random,,train,reactions_3821,
0.5,random,,train,reactions_338,
0.5,random,,train,reactions_3772,
0.5,random,,train,reactions_3149,
0.5,random,,train,reactions_2985,
0.5,random,,train,reactions_123,
0.5,random,,train,reactions_3643,
0.5,random,,train,reactions_1790,
0.5,random,,train,reactions_1354,
0.5,random,,train,reactions_2303,
0.5,random,,train,reactions_2864,
0.5,random,,train,reactions_109,
0.5,random,,train,reactions_3076,
0.5,random,,train,reactions_1587,
0.5,random,,train,reactions_3932,
0.5,random,,train,reactions_2596,
0.5,random,,train,reactions_179,
0.5,random,,train,reactions_243,
0.5,random,,train,reactions_1121,
0.5,random,,train,reactions_374,
0.5,random,,train,reactions_902,
0.5,random,,train,reactions_3345,
0.5,random,,train,reactions_1683,
0.5,random,,train,reactions_3208,
0.5,random,,train,reactions_1556,
0.5,random,,train,reactions_935,
0.5,random,,train,reactions_3055,
0.5,random,,train,reactions_3206,
0.5,random,,train,reactions_3498,
0.5,random,,train,reactions_2892,
0.5,random,,train,reactions_1527,
0.5,random,,train,reactions_1565,
0.5,random,,train,reactions_2856,
0.5,random,,train,reactions_1881,
0.5,random,,train,reactions_2820,
0.5,random,,train,reactions_1515,
0.5,random,,train,reactions_3811,
0.5,random,,train,reactions_1089,
0.5,random,,train,reactions_3752,
0.5,random,,train,reactions_3384,
0.5,random,,train,reactions_2029,
0.5,random,,train,reactions_2106,
0.5,random,,train,reactions_653,
0.5,random,,train,reactions_1101,
0.5,random,,train,reactions_2315,
0.5,random,,train,reactions_3216,
0.5,random,,train,reactions_3810,
0.5,random,,train,reactions_1185,
0.5,random,,train,reactions_1687,
0.5,random,,train,reactions_2684,
0.5,random,,train,reactions_2707,
0.5,random,,train,reactions_3535,
0.5,random,,train,reactions_1205,
0.5,random,,train,reactions_2209,
0.5,random,,train,reactions_2243,
0.5,random,,train,reactions_595,
0.5,random,,train,reactions_321,
0.5,random,,train,reactions_77,
0.5,random,,train,reactions_3413,
0.5,random,,train,reactions_634,
0.5,random,,train,reactions_2779,
0.5,random,,train,reactions_90,
0.5,random,,train,reactions_1474,
0.5,random,,train,reactions_2378,
0.5,random,,train,reactions_827,
0.5,random,,train,reactions_2728,
0.5,random,,train,reactions_3463,
0.5,random,,train,reactions_1071,
0.5,random,,train,reactions_1531,
0.5,random,,train,reactions_2865,
0.5,random,,train,reactions_1402,
0.5,random,,train,reactions_2356,
0.5,random,,train,reactions_3372,
0.5,random,,train,reactions_1076,
0.5,random,,train,reactions_1085,
0.5,random,,train,reactions_3623,
0.5,random,,train,reactions_69,
0.5,random,,train,reactions_2609,
0.5,random,,train,reactions_3306,
0.5,random,,train,reactions_2468,
0.5,random,,train,reactions_3578,
0.5,random,,train,reactions_2827,
0.5,random,,train,reactions_703,
0.5,random,,train,reactions_2681,
0.5,random,,train,reactions_3370,
0.5,random,,train,reactions_1604,
0.5,random,,train,reactions_2945,
0.5,random,,train,reactions_1600,
0.5,random,,train,reactions_3114,
0.5,random,,train,reactions_1860,
0.5,random,,train,reactions_3011,
0.5,random,,train,reactions_3428,
0.5,random,,train,reactions_1480,
0.5,random,,train,reactions_2355,
0.5,random,,train,reactions_697,
0.5,random,,train,reactions_1847,
0.5,random,,train,reactions_1130,
0.5,random,,train,reactions_1596,
0.5,random,,train,reactions_2232,
0.5,random,,train,reactions_516,
0.5,random,,train,reactions_3611,
0.5,random,,train,reactions_421,
0.5,random,,train,reactions_2180,
0.5,random,,train,reactions_3388,
0.5,random,,train,reactions_2807,
0.5,random,,train,reactions_1825,
0.5,random,,train,reactions_2523,
0.5,random,,train,reactions_2771,
0.5,random,,train,reactions_1592,
0.5,random,,train,reactions_2519,
0.5,random,,train,reactions_3047,
0.5,random,,train,reactions_637,
0.5,random,,train,reactions_1749,
0.5,random,,train,reactions_1583,
0.5,random,,train,reactions_85,
0.5,random,,train,reactions_707,
0.5,random,,train,reactions_3804,
0.5,random,,train,reactions_1978,
0.5,random,,train,reactions_1123,
0.5,random,,train,reactions_3067,
0.5,random,,train,reactions_1712,
0.5,random,,train,reactions_94,
0.5,random,,train,reactions_2933,
0.5,random,,train,reactions_1487,
0.5,random,,train,reactions_844,
0.5,random,,train,reactions_3763,
0.5,random,,train,reactions_3071,
0.5,random,,train,reactions_3499,
0.5,random,,train,reactions_2505,
0.5,random,,train,reactions_2083,
0.5,random,,train,reactions_2332,
0.5,random,,train,reactions_528,
0.5,random,,train,reactions_1177,
0.5,random,,train,reactions_1297,
0.5,random,,train,reactions_2867,
0.5,random,,train,reactions_2076,
0.5,random,,train,reactions_10,
0.5,random,,train,reactions_3672,
0.5,random,,train,reactions_2174,
0.5,random,,train,reactions_870,
0.5,random,,train,reactions_1254,
0.5,random,,train,reactions_550,
0.5,random,,train,reactions_2863,
0.5,random,,train,reactions_2377,
0.5,random,,train,reactions_849,
0.5,random,,train,reactions_2467,
0.5,random,,train,reactions_495,
0.5,random,,train,reactions_3580,
0.5,random,,train,reactions_17,
0.5,random,,train,reactions_1571,
0.5,random,,train,reactions_3300,
0.5,random,,train,reactions_2780,
0.5,random,,train,reactions_2640,
0.5,random,,train,reactions_1194,
0.5,random,,train,reactions_3650,
0.5,random,,train,reactions_620,
0.5,random,,train,reactions_2021,
0.5,random,,train,reactions_337,
0.5,random,,train,reactions_2911,
0.5,random,,train,reactions_1915,
0.5,random,,train,reactions_1820,
0.5,random,,train,reactions_3516,
0.5,random,,train,reactions_3571,
0.5,random,,train,reactions_2047,
0.5,random,,train,reactions_3158,
0.5,random,,train,reactions_1318,
0.5,random,,train,reactions_1741,
0.5,random,,train,reactions_1905,
0.5,random,,train,reactions_3775,
0.5,random,,train,reactions_2372,
0.5,random,,train,reactions_3544,
0.5,random,,train,reactions_1888,
0.5,random,,train,reactions_2352,
0.5,random,,train,reactions_3281,
0.5,random,,train,reactions_2952,
0.5,random,,train,reactions_197,
0.5,random,,train,reactions_3282,
0.5,random,,train,reactions_1977,
0.5,random,,train,reactions_1858,
0.5,random,,train,reactions_1257,
0.5,random,,train,reactions_252,
0.5,random,,train,reactions_955,
0.5,random,,train,reactions_2883,
0.5,random,,train,reactions_834,
0.5,random,,train,reactions_3551,
0.5,random,,train,reactions_3540,
0.5,random,,train,reactions_535,
0.5,random,,train,reactions_1695,
0.5,random,,train,reactions_1576,
0.5,random,,train,reactions_414,
0.5,random,,train,reactions_3603,
0.5,random,,train,reactions_770,
0.5,random,,train,reactions_2997,
0.5,random,,train,reactions_2773,
0.5,random,,train,reactions_1574,
0.5,random,,train,reactions_84,
0.5,random,,train,reactions_3436,
0.5,random,,train,reactions_1851,
0.5,random,,train,reactions_1677,
0.5,random,,train,reactions_1497,
0.5,random,,train,reactions_1875,
0.5,random,,train,reactions_2346,
0.5,random,,train,reactions_1440,
0.5,random,,train,reactions_2744,
0.5,random,,train,reactions_2813,
0.5,random,,train,reactions_2769,
0.5,random,,train,reactions_1320,
0.5,random,,train,reactions_1727,
0.5,random,,train,reactions_621,
0.5,random,,train,reactions_2265,
0.5,random,,train,reactions_3003,
0.5,random,,train,reactions_1629,
0.5,random,,train,reactions_2754,
0.5,random,,train,reactions_622,
0.5,random,,train,reactions_3015,
0.5,random,,train,reactions_2235,
0.5,random,,train,reactions_1022,
0.5,random,,train,reactions_3166,
0.5,random,,train,reactions_2838,
0.5,random,,train,reactions_748,
0.5,random,,train,reactions_1055,
0.5,random,,train,reactions_3816,
0.5,random,,train,reactions_1830,
0.5,random,,train,reactions_750,
0.5,random,,train,reactions_911,
0.5,random,,train,reactions_117,
0.5,random,,train,reactions_1186,
0.5,random,,train,reactions_2193,
0.5,random,,train,reactions_1210,
0.5,random,,train,reactions_2004,
0.5,random,,train,reactions_3415,
0.5,random,,train,reactions_1500,
0.5,random,,train,reactions_1478,
0.5,random,,train,reactions_1296,
0.5,random,,train,reactions_3612,
0.5,random,,train,reactions_2039,
0.5,random,,train,reactions_1950,
0.5,random,,train,reactions_3657,
0.5,random,,train,reactions_1279,
0.5,random,,train,reactions_294,
0.5,random,,train,reactions_3813,
0.5,random,,train,reactions_1908,
0.5,random,,train,reactions_1140,
0.5,random,,train,reactions_2501,
0.5,random,,train,reactions_3098,
0.5,random,,train,reactions_1346,
0.5,random,,train,reactions_3427,
0.5,random,,train,reactions_2761,
0.5,random,,train,reactions_3634,
0.5,random,,train,reactions_177,
0.5,random,,train,reactions_708,
0.5,random,,train,reactions_2959,
0.5,random,,train,reactions_1657,
0.5,random,,train,reactions_3886,
0.5,random,,train,reactions_1469,
0.5,random,,train,reactions_2337,
0.5,random,,train,reactions_2333,
0.5,random,,train,reactions_2457,
0.5,random,,train,reactions_1170,
0.5,random,,train,reactions_3340,
0.5,random,,train,reactions_3914,
0.5,random,,train,reactions_1334,
0.5,random,,train,reactions_2295,
0.5,random,,train,reactions_155,
0.5,random,,train,reactions_2946,
0.5,random,,train,reactions_575,
0.5,random,,train,reactions_670,
0.5,random,,train,reactions_3211,
0.5,random,,train,reactions_219,
0.5,random,,train,reactions_2532,
0.5,random,,train,reactions_3878,
0.5,random,,train,reactions_2705,
0.5,random,,train,reactions_1669,
0.5,random,,train,reactions_1470,
0.5,random,,train,reactions_3600,
0.5,random,,train,reactions_919,
0.5,random,,train,reactions_3235,
0.5,random,,train,reactions_2508,
0.5,random,,train,reactions_1426,
0.5,random,,train,reactions_3449,
0.5,random,,train,reactions_1728,
0.5,random,,train,reactions_3556,
0.5,random,,train,reactions_142,
0.5,random,,train,reactions_956,
0.5,random,,train,reactions_347,
0.5,random,,train,reactions_852,
0.5,random,,train,reactions_2885,
0.5,random,,train,reactions_3588,
0.5,random,,train,reactions_2205,
0.5,random,,train,reactions_2802,
0.5,random,,train,reactions_2294,
0.5,random,,train,reactions_1133,
0.5,random,,train,reactions_3051,
0.5,random,,train,reactions_2853,
0.5,random,,train,reactions_1173,
0.5,random,,train,reactions_1959,
0.5,random,,train,reactions_183,
0.5,random,,train,reactions_661,
0.5,random,,train,reactions_406,
0.5,random,,train,reactions_3858,
0.5,random,,train,reactions_396,
0.5,random,,train,reactions_1934,
0.5,random,,train,reactions_1250,
0.5,random,,train,reactions_3888,
0.5,random,,train,reactions_81,
0.5,random,,train,reactions_3889,
0.5,random,,train,reactions_2005,
0.5,random,,train,reactions_2693,
0.5,random,,train,reactions_3457,
0.5,random,,train,reactions_1417,
0.5,random,,train,reactions_810,
0.5,random,,train,reactions_2793,
0.5,random,,train,reactions_244,
0.5,random,,train,reactions_1208,
0.5,random,,train,reactions_3604,
0.5,random,,train,reactions_1424,
0.5,random,,train,reactions_2982,
0.5,random,,train,reactions_3895,
0.5,random,,train,reactions_2132,
0.5,random,,train,reactions_731,
0.5,random,,train,reactions_1584,
0.5,random,,train,reactions_296,
0.5,random,,train,reactions_1544,
0.5,random,,train,reactions_3827,
0.5,random,,train,reactions_938,
0.5,random,,train,reactions_614,
0.5,random,,train,reactions_1294,
0.5,random,,train,reactions_1593,
0.5,random,,train,reactions_3248,
0.5,random,,train,reactions_2598,
0.5,random,,train,reactions_3511,
0.5,random,,train,reactions_442,
0.5,random,,train,reactions_2155,
0.5,random,,train,reactions_1323,
0.5,random,,train,reactions_3879,
0.5,random,,train,reactions_1355,
0.5,random,,train,reactions_1220,
0.5,random,,train,reactions_2109,
0.5,random,,train,reactions_2270,
0.5,random,,train,reactions_2077,
0.5,random,,train,reactions_544,
0.5,random,,train,reactions_2603,
0.5,random,,train,reactions_598,
0.5,random,,train,reactions_3472,
0.5,random,,train,reactions_1591,
0.5,random,,train,reactions_2896,
0.5,random,,train,reactions_99,
0.5,random,,train,reactions_1716,
0.5,random,,train,reactions_162,
0.5,random,,train,reactions_1859,
0.5,random,,train,reactions_1243,
0.5,random,,train,reactions_1012,
0.5,random,,train,reactions_2525,
0.5,random,,train,reactions_2013,
0.5,random,,train,reactions_3121,
0.5,random,,train,reactions_3000,
0.5,random,,train,reactions_1975,
0.5,random,,train,reactions_3108,
0.5,random,,train,reactions_1759,
0.5,random,,train,reactions_1056,
0.5,random,,train,reactions_3924,
0.5,random,,train,reactions_3507,
0.5,random,,train,reactions_1693,
0.5,random,,train,reactions_1804,
0.5,random,,train,reactions_2977,
0.5,random,,train,reactions_1611,
0.5,random,,train,reactions_1622,
0.5,random,,train,reactions_2052,
0.5,random,,train,reactions_3132,
0.5,random,,train,reactions_778,
0.5,random,,train,reactions_967,
0.5,random,,train,reactions_1178,
0.5,random,,train,reactions_1793,
0.5,random,,train,reactions_771,
0.5,random,,train,reactions_132,
0.5,random,,train,reactions_928,
0.5,random,,train,reactions_1628,
0.5,random,,train,reactions_1639,
0.5,random,,train,reactions_3619,
0.5,random,,train,reactions_3214,
0.5,random,,train,reactions_2839,
0.5,random,,train,reactions_3864,
0.5,random,,train,reactions_1878,
0.5,random,,train,reactions_3531,
0.5,random,,train,reactions_521,
0.5,random,,train,reactions_3180,
0.5,random,,train,reactions_2999,
0.5,random,,train,reactions_2316,
0.5,random,,train,reactions_663,
0.5,random,,train,reactions_3926,
0.5,random,,train,reactions_3617,
0.5,random,,train,reactions_1132,
0.5,random,,train,reactions_1722,
0.5,random,,train,reactions_3284,
0.5,random,,train,reactions_2098,
0.5,random,,train,reactions_241,
0.5,random,,train,reactions_3421,
0.5,random,,train,reactions_602,
0.5,random,,train,reactions_3371,
0.5,random,,train,reactions_3720,
0.5,random,,train,reactions_3231,
0.5,random,,train,reactions_2691,
0.5,random,,train,reactions_1613,
0.5,random,,train,reactions_1203,
0.5,random,,train,reactions_2001,
0.5,random,,train,reactions_3469,
0.5,random,,train,reactions_3032,
0.5,random,,train,reactions_2393,
0.5,random,,train,reactions_3438,
0.5,random,,train,reactions_154,
0.5,random,,train,reactions_3787,
0.5,random,,train,reactions_1724,
0.5,random,,train,reactions_1010,
0.5,random,,train,reactions_3283,
0.5,random,,train,reactions_488,
0.5,random,,train,reactions_234,
0.5,random,,train,reactions_1810,
0.5,random,,train,reactions_18,
0.5,random,,train,reactions_1504,
0.5,random,,train,reactions_2702,
0.5,random,,train,reactions_346,
0.5,random,,train,reactions_2599,
0.5,random,,train,reactions_3217,
0.5,random,,train,reactions_2988,
0.5,random,,train,reactions_3077,
0.5,random,,train,reactions_1660,
0.5,random,,train,reactions_3412,
0.5,random,,train,reactions_2219,
0.5,random,,train,reactions_1495,
0.5,random,,train,reactions_1774,
0.5,random,,train,reactions_1933,
0.5,random,,train,reactions_651,
0.5,random,,train,reactions_260,
0.5,random,,train,reactions_3703,
0.5,random,,train,reactions_36,
0.5,random,,train,reactions_681,
0.5,random,,train,reactions_1938,
0.5,random,,train,reactions_1850,
0.5,random,,train,reactions_2449,
0.5,random,,train,reactions_1134,
0.5,random,,train,reactions_1570,
0.5,random,,train,reactions_2158,
0.5,random,,train,reactions_1496,
0.5,random,,train,reactions_1630,
0.5,random,,train,reactions_1730,
0.5,random,,train,reactions_1991,
0.5,random,,train,reactions_2025,
0.5,random,,train,reactions_1867,
0.5,random,,train,reactions_959,
0.5,random,,train,reactions_91,
0.5,random,,train,reactions_631,
0.5,random,,train,reactions_1758,
0.5,random,,train,reactions_807,
0.5,random,,train,reactions_3721,
0.5,random,,train,reactions_816,
0.5,random,,train,reactions_275,
0.5,random,,train,reactions_1333,
0.5,random,,train,reactions_2759,
0.5,random,,train,reactions_1869,
0.5,random,,train,reactions_1636,
0.5,random,,train,reactions_3157,
0.5,random,,train,reactions_2768,
0.5,random,,train,reactions_1459,
0.5,random,,train,reactions_3020,
0.5,random,,train,reactions_75,
0.5,random,,train,reactions_1151,
0.5,random,,train,reactions_2054,
0.5,random,,train,reactions_1102,
0.5,random,,train,reactions_1736,
0.5,random,,train,reactions_3595,
0.5,random,,train,reactions_1502,
0.5,random,,train,reactions_1206,
0.5,random,,train,reactions_1228,
0.5,random,,train,reactions_894,
0.5,random,,train,reactions_632,
0.5,random,,train,reactions_2871,
0.5,random,,train,reactions_2509,
0.5,random,,train,reactions_1463,
0.5,random,,train,reactions_2386,
0.5,random,,train,reactions_716,
0.5,random,,train,reactions_1772,
0.5,random,,train,reactions_903,
0.5,random,,train,reactions_137,
0.5,random,,train,reactions_2620,
0.5,random,,train,reactions_1618,
0.5,random,,train,reactions_2093,
0.5,random,,train,reactions_2786,
0.5,random,,train,reactions_2123,
0.5,random,,train,reactions_365,
0.5,random,,train,reactions_424,
0.5,random,,train,reactions_233,
0.5,random,,train,reactions_998,
0.5,random,,train,reactions_2947,
0.5,random,,train,reactions_1386,
0.5,random,,train,reactions_2821,
0.5,random,,train,reactions_3939,
0.5,random,,train,reactions_1620,
0.5,random,,train,reactions_1322,
0.5,random,,train,reactions_2364,
0.5,random,,train,reactions_3925,
0.5,random,,train,reactions_402,
0.5,random,,train,reactions_2992,
0.5,random,,train,reactions_3287,
0.5,random,,train,reactions_2823,
0.5,random,,train,reactions_55,
0.5,random,,train,reactions_2287,
0.5,random,,train,reactions_3656,
0.5,random,,train,reactions_2568,
0.5,random,,train,reactions_3351,
0.5,random,,train,reactions_3665,
0.5,random,,train,reactions_926,
0.5,random,,train,reactions_2114,
0.5,random,,train,reactions_3946,
0.5,random,,train,reactions_954,
0.5,random,,train,reactions_1775,
0.5,random,,train,reactions_3334,
0.5,random,,train,reactions_474,
0.5,random,,train,reactions_1737,
0.5,random,,train,reactions_216,
0.5,random,,train,reactions_2502,
0.5,random,,train,reactions_3210,
0.5,random,,train,reactions_1694,
0.5,random,,train,reactions_1510,
0.5,random,,train,reactions_3042,
0.5,random,,train,reactions_3403,
0.5,random,,train,reactions_1644,
0.5,random,,train,reactions_2493,
0.5,random,,train,reactions_1581,
0.5,random,,train,reactions_494,
0.5,random,,train,reactions_3861,
0.5,random,,train,reactions_664,
0.5,random,,train,reactions_1918,
0.5,random,,train,reactions_1734,
0.5,random,,train,reactions_1468,
0.5,random,,train,reactions_76,
0.5,random,,train,reactions_883,
0.5,random,,train,reactions_864,
0.5,random,,train,reactions_3915,
0.5,random,,train,reactions_45,
0.5,random,,train,reactions_2633,
0.5,random,,train,reactions_2632,
0.5,random,,train,reactions_1595,
0.5,random,,train,reactions_2384,
0.5,random,,train,reactions_2835,
0.5,random,,train,reactions_2900,
0.5,random,,train,reactions_1511,
0.5,random,,train,reactions_1621,
0.5,random,,train,reactions_1184,
0.5,random,,train,reactions_2400,
0.5,random,,train,reactions_781,
0.5,random,,train,reactions_1197,
0.5,random,,train,reactions_769,
0.5,random,,train,reactions_2709,
0.5,random,,train,reactions_2826,
0.5,random,,train,reactions_3803,
0.5,random,,train,reactions_514,
0.5,random,,train,reactions_1161,
0.5,random,,train,reactions_766,
0.5,random,,train,reactions_2830,
0.5,random,,train,reactions_1516,
0.5,random,,train,reactions_675,
0.5,random,,train,reactions_1646,
0.5,random,,train,reactions_3319,
0.5,random,,train,reactions_2577,
0.5,random,,train,reactions_2676,
0.5,random,,train,reactions_392,
0.5,random,,train,reactions_1689,
0.5,random,,train,reactions_2719,
0.5,random,,train,reactions_3052,
0.5,random,,train,reactions_218,
0.5,random,,train,reactions_3401,
0.5,random,,train,reactions_803,
0.5,random,,train,reactions_847,
0.5,random,,train,reactions_1573,
0.5,random,,train,reactions_2785,
0.5,random,,train,reactions_2844,
0.5,random,,train,reactions_1549,
0.5,random,,train,reactions_1947,
0.5,random,,train,reactions_2569,
0.5,random,,train,reactions_1779,
0.5,random,,train,reactions_1452,
0.5,random,,train,reactions_2955,
0.5,random,,train,reactions_1711,
0.5,random,,train,reactions_2211,
0.5,random,,train,reactions_1939,
0.5,random,,train,reactions_734,
0.5,random,,train,reactions_2814,
0.5,random,,train,reactions_3492,
0.5,random,,train,reactions_143,
0.5,random,,train,reactions_149,
0.5,random,,train,reactions_3419,
0.5,random,,train,reactions_3391,
0.5,random,,train,reactions_1244,
0.5,random,,train,reactions_763,
0.5,random,,train,reactions_2499,
0.5,random,,train,reactions_3097,
0.5,random,,train,reactions_2197,
0.5,random,,train,reactions_2889,
0.5,random,,train,reactions_1371,
0.5,random,,train,reactions_65,
0.5,random,,train,reactions_860,
0.5,random,,train,reactions_1589,
0.5,random,,train,reactions_2000,
0.5,random,,train,reactions_2688,
0.5,random,,train,reactions_3555,
0.5,random,,train,reactions_2511,
0.5,random,,train,reactions_2175,
0.5,random,,train,reactions_2220,
0.5,random,,train,reactions_2268,
0.5,random,,train,reactions_2571,
0.5,random,,train,reactions_712,
0.5,random,,train,reactions_2064,
0.5,random,,train,reactions_1720,
0.5,random,,train,reactions_785,
0.5,random,,train,reactions_757,
0.5,random,,train,reactions_586,
0.5,random,,train,reactions_1224,
0.5,random,,train,reactions_3543,
0.5,random,,train,reactions_1767,
0.5,random,,train,reactions_1423,
0.5,random,,train,reactions_3455,
0.5,random,,train,reactions_227,
0.5,random,,train,reactions_730,
0.5,random,,train,reactions_500,
0.5,random,,train,reactions_2918,
0.5,random,,train,reactions_2614,
0.5,random,,train,reactions_195,
0.5,random,,train,reactions_2454,
0.5,random,,train,reactions_863,
0.5,random,,train,reactions_806,
0.5,random,,train,reactions_944,
0.5,random,,train,reactions_3684,
0.5,random,,train,reactions_2925,
0.5,random,,train,reactions_740,
0.5,random,,train,reactions_1295,
0.5,random,,train,reactions_163,
0.5,random,,train,reactions_88,
0.5,random,,train,reactions_3773,
0.5,random,,train,reactions_3336,
0.5,random,,train,reactions_305,
0.5,random,,train,reactions_923,
0.5,random,,train,reactions_625,
0.5,random,,train,reactions_2608,
0.5,random,,train,reactions_2989,
0.5,random,,train,reactions_3929,
0.5,random,,train,reactions_3822,
0.5,random,,train,reactions_173,
0.5,random,,train,reactions_644,
0.5,random,,train,reactions_3443,
0.5,random,,train,reactions_3241,
0.5,random,,train,reactions_2919,
0.5,random,,train,reactions_2133,
0.5,random,,train,reactions_129,
0.5,random,,train,reactions_1077,
0.5,random,,train,reactions_2624,
0.5,random,,train,reactions_329,
0.5,random,,train,reactions_277,
0.5,random,,train,reactions_3433,
0.5,random,,train,reactions_937,
0.5,random,,train,reactions_2731,
0.5,random,,train,reactions_2836,
0.5,random,,train,reactions_3624,
0.5,random,,train,reactions_921,
0.5,random,,train,reactions_2854,
0.5,random,,train,reactions_1647,
0.5,random,,train,reactions_3450,
0.5,random,,train,reactions_1902,
0.5,random,,train,reactions_3688,
0.5,random,,train,reactions_737,
0.5,random,,train,reactions_493,
0.5,random,,train,reactions_986,
0.5,random,,train,reactions_54,
0.5,random,,train,reactions_1509,
0.5,random,,train,reactions_468,
0.5,random,,train,reactions_1183,
0.5,random,,train,reactions_2998,
0.5,random,,train,reactions_1006,
0.5,random,,train,reactions_235,
0.5,random,,train,reactions_2320,
0.5,random,,train,reactions_1213,
0.5,random,,train,reactions_2859,
0.5,random,,train,reactions_1416,
0.5,random,,train,reactions_721,
0.5,random,,train,reactions_2089,
0.5,random,,train,reactions_2344,
0.5,random,,train,reactions_3561,
0.5,random,,train,reactions_2293,
0.5,random,,train,reactions_2439,
0.5,random,,train,reactions_2861,
0.5,random,,train,reactions_1368,
0.5,random,,train,reactions_2557,
0.5,random,,train,reactions_3228,
0.5,random,,train,reactions_3010,
0.5,random,,train,reactions_3835,
0.5,random,,train,reactions_3179,
0.5,random,,train,reactions_2924,
0.5,random,,train,reactions_2682,
0.5,random,,train,reactions_515,
0.5,random,,train,reactions_105,
0.5,random,,train,reactions_2074,
0.5,random,,train,reactions_209,
0.5,random,,train,reactions_2762,
0.5,random,,train,reactions_2942,
0.5,random,,train,reactions_2816,
0.5,random,,train,reactions_473,
0.5,random,,train,reactions_696,
0.5,random,,train,reactions_3418,
0.5,random,,train,reactions_2100,
0.5,random,,train,reactions_3084,
0.5,random,,train,reactions_2256,
0.5,random,,train,reactions_1356,
0.5,random,,train,reactions_68,
0.5,random,,train,reactions_2564,
0.5,random,,train,reactions_2664,
0.5,random,,train,reactions_910,
0.5,random,,train,reactions_2936,
0.5,random,,train,reactions_1041,
0.5,random,,train,reactions_3621,
0.5,random,,train,reactions_3558,
0.5,random,,train,reactions_3358,
0.5,random,,train,reactions_2121,
0.5,random,,train,reactions_1128,
0.5,random,,train,reactions_3163,
0.5,random,,train,reactions_83,
0.5,random,,train,reactions_667,
0.5,random,,train,reactions_1227,
0.5,random,,train,reactions_354,
0.5,random,,train,reactions_249,
0.5,random,,train,reactions_1873,
0.5,random,,train,reactions_950,
0.5,random,,train,reactions_192,
0.5,random,,train,reactions_288,
0.5,random,,train,reactions_3500,
0.5,random,,train,reactions_1940,
0.5,random,,train,reactions_657,
0.5,random,,train,reactions_687,
0.5,random,,train,reactions_3627,
0.5,random,,train,reactions_2606,
0.5,random,,train,reactions_2736,
0.5,random,,train,reactions_2887,
0.5,random,,train,reactions_3797,
0.5,random,,train,reactions_2799,
0.5,random,,train,reactions_3755,
0.5,random,,train,reactions_1799,
0.5,random,,train,reactions_3911,
0.5,random,,train,reactions_2774,
0.5,random,,train,reactions_2349,
0.5,random,,train,reactions_3768,
0.5,random,,train,reactions_1617,
0.5,random,,train,reactions_3647,
0.5,random,,train,reactions_3390,
0.5,random,,train,reactions_1166,
0.5,random,,train,reactions_2325,
0.5,random,,train,reactions_3025,
0.5,random,,train,reactions_3305,
0.5,random,,train,reactions_917,
0.5,random,,train,reactions_1740,
0.5,random,,train,reactions_979,
0.5,random,,train,reactions_2582,
0.5,random,,train,reactions_3515,
0.5,random,,train,reactions_1156,
0.5,random,,train,reactions_2621,
0.5,random,,train,reactions_2822,
0.5,random,,train,reactions_893,
0.5,random,,train,reactions_582,
0.5,random,,train,reactions_1614,
0.5,random,,train,reactions_2276,
0.5,random,,train,reactions_38,
0.5,random,,train,reactions_1419,
0.5,random,,train,reactions_16,
0.5,random,,train,reactions_984,
0.5,random,,train,reactions_2806,
0.5,random,,train,reactions_3581,
0.5,random,,train,reactions_912,
0.5,random,,train,reactions_3509,
0.5,random,,train,reactions_3793,
0.5,random,,train,reactions_1717,
0.5,random,,train,reactions_2526,
0.5,random,,train,reactions_1370,
0.5,random,,train,reactions_2073,
0.5,random,,train,reactions_3111,
0.5,random,,train,reactions_1555,
0.5,random,,train,reactions_3236,
0.5,random,,train,reactions_3737,
0.5,random,,train,reactions_2046,
0.5,random,,train,reactions_3712,
0.5,random,,train,reactions_1441,
0.5,random,,train,reactions_676,
0.5,random,,train,reactions_2425,
0.5,random,,train,reactions_2478,
0.5,random,,train,reactions_3290,
0.5,random,,train,reactions_2144,
0.5,random,,train,reactions_2549,
0.5,random,,train,reactions_1729,
0.5,random,,train,reactions_268,
0.5,random,,train,reactions_1856,
0.5,random,,train,reactions_178,
0.5,random,,train,reactions_3921,
0.5,random,,train,reactions_1924,
0.5,random,,train,reactions_3347,
0.5,random,,train,reactions_2672,
0.5,random,,train,reactions_3400,
0.5,random,,train,reactions_3130,
0.5,random,,train,reactions_3088,
0.5,random,,train,reactions_1343,
0.5,random,,train,reactions_693,
0.5,random,,train,reactions_3218,
0.5,random,,train,reactions_2166,
0.5,random,,train,reactions_3905,
0.5,random,,train,reactions_2882,
0.5,random,,train,reactions_2819,
0.5,random,,train,reactions_2137,
0.5,random,,train,reactions_301,
0.5,random,,train,reactions_822,
0.5,random,,train,reactions_578,
0.5,random,,train,reactions_72,
0.5,random,,train,reactions_1493,
0.5,random,,train,reactions_3195,
0.5,random,,train,reactions_3910,
0.5,random,,train,reactions_3709,
0.5,random,,train,reactions_1171,
0.5,random,,train,reactions_2910,
0.5,random,,train,reactions_973,
0.5,random,,train,reactions_1065,
0.5,random,,train,reactions_2187,
0.5,random,,train,reactions_1922,
0.5,random,,train,reactions_2061,
0.5,random,,train,reactions_2833,
0.5,random,,train,reactions_526,
0.5,random,,train,reactions_2792,
0.5,random,,train,reactions_3590,
0.5,random,,train,reactions_1672,
0.5,random,,train,reactions_2595,
0.5,random,,train,reactions_3789,
0.5,random,,train,reactions_3262,
0.5,random,,train,reactions_1051,
0.5,random,,train,reactions_3291,
0.5,random,,train,reactions_3751,
0.5,random,,train,reactions_1029,
0.5,random,,train,reactions_231,
0.5,random,,train,reactions_466,
0.5,random,,train,reactions_3192,
0.5,random,,train,reactions_1456,
0.5,random,,train,reactions_3252,
0.5,random,,train,reactions_3916,
0.5,random,,train,reactions_2775,
0.5,random,,train,reactions_1901,
0.5,random,,train,reactions_3026,
0.5,random,,train,reactions_2239,
0.5,random,,train,reactions_2828,
0.5,random,,train,reactions_3697,
0.5,random,,train,reactions_1366,
0.5,random,,train,reactions_3253,
0.5,random,,train,reactions_3941,
0.5,random,,train,reactions_3394,
0.5,random,,train,reactions_2873,
0.5,random,,train,reactions_2879,
0.5,random,,train,reactions_3524,
0.5,random,,train,reactions_2552,
0.5,random,,train,reactions_2066,
0.5,random,,train,reactions_833,
0.5,random,,train,reactions_1578,
0.5,random,,train,reactions_363,
0.5,random,,train,reactions_147,
0.5,random,,train,reactions_240,
0.5,random,,train,reactions_2238,
0.5,random,,train,reactions_1332,
0.5,random,,train,reactions_1909,
0.5,random,,train,reactions_564,
0.5,random,,train,reactions_705,
0.5,random,,train,reactions_226,
0.5,random,,train,reactions_603,
0.5,random,,train,reactions_3360,
0.5,random,,train,reactions_671,
0.5,random,,train,reactions_1026,
0.5,random,,train,reactions_1582,
0.5,random,,train,reactions_1936,
0.5,random,,train,reactions_3520,
0.5,random,,train,reactions_2033,
0.5,random,,train,reactions_3417,
0.5,random,,train,reactions_35,
0.5,random,,train,reactions_3453,
0.5,random,,train,reactions_805,
0.5,random,,train,reactions_1705,
0.5,random,,train,reactions_2960,
0.5,random,,train,reactions_158,
0.5,random,,train,reactions_2928,
0.5,random,,train,reactions_3477,
0.5,random,,train,reactions_203,
0.5,random,,train,reactions_2876,
0.5,random,,train,reactions_3784,
0.5,random,,train,reactions_2476,
0.5,random,,train,reactions_2415,
0.5,random,,train,reactions_1303,
0.5,random,,train,reactions_2290,
0.5,random,,train,reactions_379,
0.5,random,,train,reactions_2991,
0.5,random,,train,reactions_2306,
0.5,random,,train,reactions_3836,
0.5,random,,train,reactions_3209,
0.5,random,,train,reactions_207,
0.5,random,,train,reactions_3109,
0.5,random,,train,reactions_554,
0.5,random,,train,reactions_2763,
0.5,random,,train,reactions_698,
0.5,random,,train,reactions_2548,
0.5,random,,train,reactions_659,
0.5,random,,train,reactions_952,
0.5,random,,train,reactions_3584,
0.5,random,,train,reactions_1326,
0.5,random,,train,reactions_2120,
0.5,random,,train,reactions_453,
0.5,random,,train,reactions_3667,
0.5,random,,train,reactions_3947,
0.5,random,,train,reactions_1390,
0.5,random,,train,reactions_2045,
0.5,random,,train,reactions_820,
0.5,random,,train,reactions_2379,
0.5,random,,train,reactions_1314,
0.5,random,,train,reactions_1274,
0.5,random,,train,reactions_3346,
0.5,random,,train,reactions_2260,
0.5,random,,train,reactions_1667,
0.5,random,,train,reactions_3092,
0.5,random,,train,reactions_3900,
0.5,random,,train,reactions_336,
0.5,random,,train,reactions_1756,
0.5,random,,train,reactions_3407,
0.5,random,,train,reactions_3273,
0.5,random,,train,reactions_3073,
0.5,random,,train,reactions_3503,
0.5,random,,train,reactions_843,
0.5,random,,train,reactions_327,
0.5,random,,train,reactions_3009,
0.5,random,,train,reactions_2733,
0.5,random,,train,reactions_3641,
0.5,random,,train,reactions_1311,
0.5,random,,train,reactions_2067,
0.5,random,,train,reactions_612,
0.5,random,,train,reactions_3644,
0.5,random,,train,reactions_665,
0.5,random,,train,reactions_1443,
0.5,random,,train,reactions_1780,
0.5,random,,valid,reactions_1864,
0.5,random,,valid,reactions_951,
0.5,random,,valid,reactions_1135,
0.5,random,,valid,reactions_957,
0.5,random,,valid,reactions_279,
0.5,random,,valid,reactions_3182,
0.5,random,,valid,reactions_2690,
0.5,random,,valid,reactions_2583,
0.5,random,,valid,reactions_2043,
0.5,random,,valid,reactions_1082,
0.5,random,,valid,reactions_280,
0.5,random,,valid,reactions_2300,
0.5,random,,valid,reactions_509,
0.5,random,,valid,reactions_108,
0.5,random,,valid,reactions_3568,
0.5,random,,valid,reactions_2518,
0.5,random,,valid,reactions_3666,
0.5,random,,valid,reactions_2227,
0.5,random,,valid,reactions_311,
0.5,random,,valid,reactions_2182,
0.5,random,,valid,reactions_2399,
0.5,random,,valid,reactions_764,
0.5,random,,valid,reactions_2152,
0.5,random,,valid,reactions_874,
0.5,random,,valid,reactions_259,
0.5,random,,valid,reactions_3701,
0.5,random,,valid,reactions_131,
0.5,random,,valid,reactions_1791,
0.5,random,,valid,reactions_511,
0.5,random,,valid,reactions_2764,
0.5,random,,valid,reactions_2435,
0.5,random,,valid,reactions_3227,
0.5,random,,valid,reactions_2382,
0.5,random,,valid,reactions_1117,
0.5,random,,valid,reactions_3739,
0.5,random,,valid,reactions_50,
0.5,random,,valid,reactions_1836,
0.5,random,,valid,reactions_717,
0.5,random,,valid,reactions_1223,
0.5,random,,valid,reactions_988,
0.5,random,,valid,reactions_3518,
0.5,random,,valid,reactions_3559,
0.5,random,,valid,reactions_449,
0.5,random,,valid,reactions_2963,
0.5,random,,valid,reactions_3405,
0.5,random,,valid,reactions_2717,
0.5,random,,valid,reactions_3125,
0.5,random,,valid,reactions_476,
0.5,random,,valid,reactions_1019,
0.5,random,,valid,reactions_3579,
0.5,random,,valid,reactions_2049,
0.5,random,,valid,reactions_1031,
0.5,random,,valid,reactions_646,
0.5,random,,valid,reactions_2849,
0.5,random,,valid,reactions_1619,
0.5,random,,valid,reactions_2203,
0.5,random,,valid,reactions_2285,
0.5,random,,valid,reactions_348,
0.5,random,,valid,reactions_405,
0.5,random,,valid,reactions_3454,
0.5,random,,valid,reactions_813,
0.5,random,,valid,reactions_3560,
0.5,random,,valid,reactions_680,
0.5,random,,valid,reactions_1392,
0.5,random,,valid,reactions_3708,
0.5,random,,valid,reactions_1751,
0.5,random,,valid,reactions_3060,
0.5,random,,valid,reactions_1486,
0.5,random,,valid,reactions_1526,
0.5,random,,valid,reactions_359,
0.5,random,,valid,reactions_1049,
0.5,random,,valid,reactions_417,
0.5,random,,valid,reactions_3893,
0.5,random,,valid,reactions_1096,
0.5,random,,valid,reactions_3762,
0.5,random,,valid,reactions_1387,
0.5,random,,valid,reactions_2880,
0.5,random,,valid,reactions_2496,
0.5,random,,valid,reactions_1857,
0.5,random,,valid,reactions_3514,
0.5,random,,valid,reactions_2065,
0.5,random,,valid,reactions_1265,
0.5,random,,valid,reactions_2455,
0.5,random,,valid,reactions_2395,
0.5,random,,valid,reactions_242,
0.5,random,,valid,reactions_3788,
0.5,random,,valid,reactions_1094,
0.5,random,,valid,reactions_2544,
0.5,random,,valid,reactions_1884,
0.5,random,,valid,reactions_691,
0.5,random,,valid,reactions_933,
0.5,random,,valid,reactions_2007,
0.5,random,,valid,reactions_1654,
0.5,random,,valid,reactions_1004,
0.5,random,,valid,reactions_1809,
0.5,random,,valid,reactions_148,
0.5,random,,valid,reactions_2057,
0.5,random,,valid,reactions_572,
0.5,random,,valid,reactions_1518,
0.5,random,,valid,reactions_2324,
0.5,random,,valid,reactions_978,
0.5,random,,valid,reactions_1024,
0.5,random,,valid,reactions_361,
0.5,random,,valid,reactions_2397,
0.5,random,,valid,reactions_507,
0.5,random,,valid,reactions_2566,
0.5,random,,valid,reactions_3423,
0.5,random,,valid,reactions_470,
0.5,random,,valid,reactions_574,
0.5,random,,valid,reactions_3538,
0.5,random,,valid,reactions_817,
0.5,random,,valid,reactions_32,
0.5,random,,valid,reactions_1190,
0.5,random,,valid,reactions_114,
0.5,random,,valid,reactions_2091,
0.5,random,,valid,reactions_2895,
0.5,random,,valid,reactions_1563,
0.5,random,,valid,reactions_2970,
0.5,random,,valid,reactions_848,
0.5,random,,valid,reactions_2048,
0.5,random,,valid,reactions_2383,
0.5,random,,valid,reactions_3479,
0.5,random,,valid,reactions_330,
0.5,random,,valid,reactions_1266,
0.5,random,,valid,reactions_2195,
0.5,random,,valid,reactions_3038,
0.5,random,,valid,reactions_1395,
0.5,random,,valid,reactions_3691,
0.5,random,,valid,reactions_1198,
0.5,random,,valid,reactions_1852,
0.5,random,,valid,reactions_3440,
0.5,random,,valid,reactions_3448,
0.5,random,,valid,reactions_2289,
0.5,random,,valid,reactions_2483,
0.5,random,,valid,reactions_2323,
0.5,random,,valid,reactions_1358,
0.5,random,,valid,reactions_792,
0.5,random,,valid,reactions_73,
0.5,random,,valid,reactions_3714,
0.5,random,,valid,reactions_265,
0.5,random,,valid,reactions_2479,
0.5,random,,valid,reactions_3594,
0.5,random,,valid,reactions_953,
0.5,random,,valid,reactions_1339,
0.5,random,,valid,reactions_3327,
0.5,random,,valid,reactions_609,
0.5,random,,valid,reactions_95,
0.5,random,,valid,reactions_1642,
0.5,random,,valid,reactions_524,
0.5,random,,valid,reactions_2394,
0.5,random,,valid,reactions_3255,
0.5,random,,valid,reactions_2214,
0.5,random,,valid,reactions_2563,
0.5,random,,valid,reactions_855,
0.5,random,,valid,reactions_212,
0.5,random,,valid,reactions_2215,
0.5,random,,valid,reactions_2893,
0.5,random,,valid,reactions_3116,
0.5,random,,valid,reactions_2613,
0.5,random,,valid,reactions_2560,
0.5,random,,valid,reactions_133,
0.5,random,,valid,reactions_1752,
0.5,random,,valid,reactions_3792,
0.5,random,,valid,reactions_688,
0.5,random,,valid,reactions_3118,
0.5,random,,valid,reactions_719,
0.5,random,,valid,reactions_119,
0.5,random,,valid,reactions_455,
0.5,random,,valid,reactions_2307,
0.5,random,,valid,reactions_2401,
0.5,random,,valid,reactions_1025,
0.5,random,,valid,reactions_139,
0.5,random,,valid,reactions_1127,
0.5,random,,valid,reactions_1932,
0.5,random,,valid,reactions_2224,
0.5,random,,valid,reactions_3406,
0.5,random,,valid,reactions_2474,
0.5,random,,valid,reactions_601,
0.5,random,,valid,reactions_3865,
0.5,random,,valid,reactions_2897,
0.5,random,,valid,reactions_332,
0.5,random,,valid,reactions_3215,
0.5,random,,valid,reactions_3473,
0.5,random,,valid,reactions_1396,
0.5,random,,valid,reactions_615,
0.5,random,,valid,reactions_3285,
0.5,random,,valid,reactions_484,
0.5,random,,valid,reactions_3268,
0.5,random,,valid,reactions_1577,
0.5,random,,valid,reactions_1152,
0.5,random,,valid,reactions_3490,
0.5,random,,valid,reactions_42,
0.5,random,,valid,reactions_3361,
0.5,random,,valid,reactions_1264,
0.5,random,,valid,reactions_3629,
0.5,random,,valid,reactions_171,
0.5,random,,valid,reactions_2789,
0.5,random,,valid,reactions_22,
0.5,random,,valid,reactions_1421,
0.5,random,,valid,reactions_629,
0.5,random,,valid,reactions_2404,
0.5,random,,valid,reactions_287,
0.5,random,,valid,reactions_2131,
0.5,random,,valid,reactions_3431,
0.5,random,,valid,reactions_457,
0.5,random,,valid,reactions_777,
0.5,random,,valid,reactions_299,
0.5,random,,valid,reactions_1316,
0.5,random,,valid,reactions_19,
0.5,random,,valid,reactions_1066,
0.5,random,,valid,reactions_1986,
0.5,random,,valid,reactions_2353,
0.5,random,,valid,reactions_3167,
0.5,random,,valid,reactions_824,
0.5,random,,valid,reactions_3471,
0.5,random,,valid,reactions_548,
0.5,random,,valid,reactions_1430,
0.5,random,,valid,reactions_627,
0.5,random,,valid,reactions_2981,
0.5,random,,valid,reactions_2207,
0.5,random,,valid,reactions_1861,
0.5,random,,valid,reactions_2470,
0.5,random,,valid,reactions_1091,
0.5,random,,valid,reactions_3770,
0.5,random,,valid,reactions_2432,
0.5,random,,valid,reactions_3191,
0.5,random,,valid,reactions_3314,
0.5,random,,valid,reactions_66,
0.5,random,,valid,reactions_2385,
0.5,random,,valid,reactions_1325,
0.5,random,,valid,reactions_3187,
0.5,random,,valid,reactions_569,
0.5,random,,valid,reactions_343,
0.5,random,,valid,reactions_340,
0.5,random,,valid,reactions_211,
0.5,random,,valid,reactions_1643,
0.5,random,,valid,reactions_2537,
0.5,random,,valid,reactions_48,
0.5,random,,valid,reactions_2051,
0.5,random,,valid,reactions_1204,
0.5,random,,valid,reactions_801,
0.5,random,,valid,reactions_814,
0.5,random,,valid,reactions_2030,
0.5,random,,valid,reactions_2696,
0.5,random,,valid,reactions_2562,
0.5,random,,valid,reactions_2790,
0.5,random,,valid,reactions_1513,
0.5,random,,valid,reactions_1781,
0.5,random,,valid,reactions_1088,
0.5,random,,valid,reactions_80,
0.5,random,,valid,reactions_3638,
0.5,random,,valid,reactions_592,
0.5,random,,valid,reactions_3661,
0.5,random,,valid,reactions_3823,
0.5,random,,valid,reactions_857,
0.5,random,,valid,reactions_3724,
0.5,random,,valid,reactions_1038,
0.5,random,,valid,reactions_918,
0.5,random,,valid,reactions_2011,
0.5,random,,valid,reactions_1692,
0.5,random,,valid,reactions_1100,
0.5,random,,valid,reactions_604,
0.5,random,,valid,reactions_2068,
0.5,random,,valid,reactions_1247,
0.5,random,,valid,reactions_3907,
0.5,random,,valid,reactions_2252,
0.5,random,,valid,reactions_793,
0.5,random,,valid,reactions_1157,
0.5,random,,valid,reactions_1988,
0.5,random,,valid,reactions_1681,
0.5,random,,valid,reactions_2331,
0.5,random,,valid,reactions_2445,
0.5,random,,valid,reactions_1160,
0.5,random,,valid,reactions_565,
0.5,random,,valid,reactions_968,
0.5,random,,valid,reactions_1920,
0.5,random,,valid,reactions_135,
0.5,random,,valid,reactions_1017,
0.5,random,,valid,reactions_1139,
0.5,random,,valid,reactions_1551,
0.5,random,,valid,reactions_1379,
0.5,random,,valid,reactions_2954,
0.5,random,,valid,reactions_3113,
0.5,random,,valid,reactions_2417,
0.5,random,,valid,reactions_733,
0.5,random,,valid,reactions_1445,
0.5,random,,valid,reactions_1007,
0.5,random,,valid,reactions_3904,
0.5,random,,valid,reactions_2604,
0.5,random,,valid,reactions_1925,
0.5,random,,valid,reactions_3640,
0.5,random,,valid,reactions_1789,
0.5,random,,valid,reactions_110,
0.5,random,,valid,reactions_3741,
0.5,random,,valid,reactions_3359,
0.5,random,,valid,reactions_3435,
0.5,random,,valid,reactions_987,
0.5,random,,valid,reactions_2402,
0.5,random,,valid,reactions_837,
0.5,random,,valid,reactions_2617,
0.5,random,,valid,reactions_3817,
0.5,random,,valid,reactions_1053,
0.5,random,,valid,reactions_160,
0.5,random,,valid,reactions_947,
0.5,random,,valid,reactions_3779,
0.5,random,,valid,reactions_2179,
0.5,random,,valid,reactions_3606,
0.5,random,,valid,reactions_2225,
0.5,random,,valid,reactions_1336,
0.5,random,,valid,reactions_2629,
0.5,random,,valid,reactions_3247,
0.5,random,,valid,reactions_558,
0.5,random,,valid,reactions_2421,
0.5,random,,valid,reactions_3532,
0.5,random,,valid,reactions_1638,
0.5,random,,valid,reactions_471,
0.5,random,,valid,reactions_699,
0.5,random,,valid,reactions_3258,
0.5,random,,valid,reactions_2587,
0.5,random,,valid,reactions_3628,
0.5,random,,valid,reactions_866,
0.5,random,,valid,reactions_1688,
0.5,random,,valid,reactions_3622,
0.5,random,,valid,reactions_2313,
0.5,random,,valid,reactions_486,
0.5,random,,valid,reactions_1829,
0.5,random,,valid,reactions_809,
0.5,random,,valid,reactions_2699,
0.5,random,,valid,reactions_357,
0.5,random,,valid,reactions_1032,
0.5,random,,valid,reactions_2070,
0.5,random,,valid,reactions_1064,
0.5,random,,valid,reactions_714,
0.5,random,,valid,reactions_1682,
0.5,random,,valid,reactions_3139,
0.5,random,,valid,reactions_2419,
0.5,random,,valid,reactions_370,
0.5,random,,valid,reactions_412,
0.5,random,,valid,reactions_2269,
0.5,random,,valid,reactions_2442,
0.5,random,,valid,reactions_1023,
0.5,random,,valid,reactions_2107,
0.5,random,,valid,reactions_3525,
0.5,random,,valid,reactions_2531,
0.5,random,,valid,reactions_1725,
0.5,random,,valid,reactions_753,
0.5,random,,valid,reactions_2810,
0.5,random,,valid,reactions_650,
0.5,random,,valid,reactions_126,
0.5,random,,valid,reactions_1963,
0.5,random,,valid,reactions_941,
0.5,random,,valid,reactions_1993,
0.5,random,,valid,reactions_1163,
0.5,random,,valid,reactions_2088,
0.5,random,,valid,reactions_2173,
0.5,random,,valid,reactions_3161,
0.5,random,,valid,reactions_3399,
0.5,random,,valid,reactions_1987,
0.5,random,,valid,reactions_537,
0.5,random,,valid,reactions_1482,
0.5,random,,valid,reactions_3364,
0.5,random,,valid,reactions_2226,
0.5,random,,valid,reactions_1150,
0.5,random,,valid,reactions_1971,
0.5,random,,valid,reactions_3505,
0.5,random,,valid,reactions_3030,
0.5,random,,valid,reactions_1394,
0.5,random,,valid,reactions_789,
0.5,random,,valid,reactions_576,
0.5,random,,valid,reactions_2753,
0.5,random,,valid,reactions_1276,
0.5,random,,valid,reactions_3814,
0.5,random,,valid,reactions_184,
0.5,random,,valid,reactions_2172,
0.5,random,,valid,reactions_175,
0.5,random,,valid,reactions_2909,
0.5,random,,valid,reactions_1093,
0.5,random,,valid,reactions_2930,
0.5,random,,valid,reactions_1268,
0.5,random,,valid,reactions_3328,
0.5,random,,valid,reactions_3572,
0.5,random,,valid,reactions_1703,
0.5,random,,valid,reactions_3021,
0.5,random,,valid,reactions_1488,
0.5,random,,valid,reactions_2932,
0.5,random,,valid,reactions_364,
0.5,random,,valid,reactions_438,
0.5,random,,valid,reactions_1212,
0.5,random,,valid,reactions_3181,
0.5,random,,valid,reactions_2191,
0.5,random,,valid,reactions_3826,
0.5,random,,valid,reactions_2497,
0.5,random,,valid,reactions_1027,
0.5,random,,valid,reactions_3484,
0.5,random,,valid,reactions_313,
0.5,random,,test,reactions_2580,
0.5,random,,test,reactions_20,
0.5,random,,test,reactions_3102,
0.5,random,,test,reactions_982,
0.5,random,,test,reactions_191,
0.5,random,,test,reactions_619,
0.5,random,,test,reactions_1262,
0.5,random,,test,reactions_1519,
0.5,random,,test,reactions_498,
0.5,random,,test,reactions_1196,
0.5,random,,test,reactions_2801,
0.5,random,,test,reactions_2642,
0.5,random,,test,reactions_2164,
0.5,random,,test,reactions_3057,
0.5,random,,test,reactions_2169,
0.5,random,,test,reactions_382,
0.5,random,,test,reactions_1002,
0.5,random,,test,reactions_2212,
0.5,random,,test,reactions_3881,
0.5,random,,test,reactions_1175,
0.5,random,,test,reactions_742,
0.5,random,,test,reactions_2732,
0.5,random,,test,reactions_3557,
0.5,random,,test,reactions_825,
0.5,random,,test,reactions_3596,
0.5,random,,test,reactions_666,
0.5,random,,test,reactions_3376,
0.5,random,,test,reactions_2116,
0.5,random,,test,reactions_2330,
0.5,random,,test,reactions_3257,
0.5,random,,test,reactions_2284,
0.5,random,,test,reactions_2986,
0.5,random,,test,reactions_760,
0.5,random,,test,reactions_2937,
0.5,random,,test,reactions_461,
0.5,random,,test,reactions_104,
0.5,random,,test,reactions_2311,
0.5,random,,test,reactions_2108,
0.5,random,,test,reactions_1972,
0.5,random,,test,reactions_3609,
0.5,random,,test,reactions_3764,
0.5,random,,test,reactions_1018,
0.5,random,,test,reactions_166,
0.5,random,,test,reactions_2994,
0.5,random,,test,reactions_2794,
0.5,random,,test,reactions_3859,
0.5,random,,test,reactions_1449,
0.5,random,,test,reactions_3356,
0.5,random,,test,reactions_2122,
0.5,random,,test,reactions_2183,
0.5,random,,test,reactions_2749,
0.5,random,,test,reactions_1876,
0.5,random,,test,reactions_2459,
0.5,random,,test,reactions_2006,
0.5,random,,test,reactions_2012,
0.5,random,,test,reactions_1726,
0.5,random,,test,reactions_2922,
0.5,random,,test,reactions_754,
0.5,random,,test,reactions_3220,
0.5,random,,test,reactions_116,
0.5,random,,test,reactions_1747,
0.5,random,,test,reactions_3138,
0.5,random,,test,reactions_1124,
0.5,random,,test,reactions_3202,
0.5,random,,test,reactions_454,
0.5,random,,test,reactions_2247,
0.5,random,,test,reactions_499,
0.5,random,,test,reactions_1383,
0.5,random,,test,reactions_3172,
0.5,random,,test,reactions_3637,
0.5,random,,test,reactions_3301,
0.5,random,,test,reactions_2444,
0.5,random,,test,reactions_1928,
0.5,random,,test,reactions_865,
0.5,random,,test,reactions_3329,
0.5,random,,test,reactions_2574,
0.5,random,,test,reactions_2586,
0.5,random,,test,reactions_3035,
0.5,random,,test,reactions_293,
0.5,random,,test,reactions_1607,
0.5,random,,test,reactions_2228,
0.5,random,,test,reactions_3651,
0.5,random,,test,reactions_411,
0.5,random,,test,reactions_3140,
0.5,random,,test,reactions_1609,
0.5,random,,test,reactions_2503,
0.5,random,,test,reactions_2847,
0.5,random,,test,reactions_722,
0.5,random,,test,reactions_276,
0.5,random,,test,reactions_2072,
0.5,random,,test,reactions_307,
0.5,random,,test,reactions_1599,
0.5,random,,test,reactions_1058,
0.5,random,,test,reactions_2485,
0.5,random,,test,reactions_1896,
0.5,random,,test,reactions_310,
0.5,random,,test,reactions_292,
0.5,random,,test,reactions_59,
0.5,random,,test,reactions_1046,
0.5,random,,test,reactions_1328,
0.5,random,,test,reactions_1350,
0.5,random,,test,reactions_2904,
0.5,random,,test,reactions_1164,
0.5,random,,test,reactions_3198,
0.5,random,,test,reactions_3633,
0.5,random,,test,reactions_3678,
0.5,random,,test,reactions_1903,
0.5,random,,test,reactions_762,
0.5,random,,test,reactions_1989,
0.5,random,,test,reactions_2913,
0.5,random,,test,reactions_2934,
0.5,random,,test,reactions_2939,
0.5,random,,test,reactions_2490,
0.5,random,,test,reactions_966,
0.5,random,,test,reactions_1598,
0.5,random,,test,reactions_2530,
0.5,random,,test,reactions_1890,
0.5,random,,test,reactions_2186,
0.5,random,,test,reactions_429,
0.5,random,,test,reactions_2680,
0.5,random,,test,reactions_194,
0.5,random,,test,reactions_692,
0.5,random,,test,reactions_3308,
0.5,random,,test,reactions_2950,
0.5,random,,test,reactions_2347,
0.5,random,,test,reactions_3545,
0.5,random,,test,reactions_2555,
0.5,random,,test,reactions_2923,
0.5,random,,test,reactions_1874,
0.5,random,,test,reactions_3951,
0.5,random,,test,reactions_3410,
0.5,random,,test,reactions_3902,
0.5,random,,test,reactions_2636,
0.5,random,,test,reactions_1189,
0.5,random,,test,reactions_2627,
0.5,random,,test,reactions_1818,
0.5,random,,test,reactions_3620,
0.5,random,,test,reactions_445,
0.5,random,,test,reactions_2798,
0.5,random,,test,reactions_2080,
0.5,random,,test,reactions_3154,
0.5,random,,test,reactions_2475,
0.5,random,,test,reactions_2692,
0.5,random,,test,reactions_3265,
0.5,random,,test,reactions_1698,
0.5,random,,test,reactions_2192,
0.5,random,,test,reactions_1921,
0.5,random,,test,reactions_2081,
0.5,random,,test,reactions_3592,
0.5,random,,test,reactions_531,
0.5,random,,test,reactions_1271,
0.5,random,,test,reactions_3296,
0.5,random,,test,reactions_1159,
0.5,random,,test,reactions_1771,
0.5,random,,test,reactions_2618,
0.5,random,,test,reactions_2639,
0.5,random,,test,reactions_1699,
0.5,random,,test,reactions_2339,
0.5,random,,test,reactions_1050,
0.5,random,,test,reactions_3280,
0.5,random,,test,reactions_1309,
0.5,random,,test,reactions_413,
0.5,random,,test,reactions_2679,
0.5,random,,test,reactions_3599,
0.5,random,,test,reactions_3081,
0.5,random,,test,reactions_2890,
0.5,random,,test,reactions_1803,
0.5,random,,test,reactions_3075,
0.5,random,,test,reactions_1335,
0.5,random,,test,reactions_3679,
0.5,random,,test,reactions_362,
0.5,random,,test,reactions_3320,
0.5,random,,test,reactions_788,
0.5,random,,test,reactions_1037,
0.5,random,,test,reactions_1222,
0.5,random,,test,reactions_3338,
0.5,random,,test,reactions_756,
0.5,random,,test,reactions_2453,
0.5,random,,test,reactions_2730,
0.5,random,,test,reactions_2429,
0.5,random,,test,reactions_2274,
0.5,random,,test,reactions_3325,
0.5,random,,test,reactions_2181,
0.5,random,,test,reactions_2967,
0.5,random,,test,reactions_573,
0.5,random,,test,reactions_224,
0.5,random,,test,reactions_2701,
0.5,random,,test,reactions_2656,
0.5,random,,test,reactions_1154,
0.5,random,,test,reactions_2199,
0.5,random,,test,reactions_624,
0.5,random,,test,reactions_3148,
0.5,random,,test,reactions_1231,
0.5,random,,test,reactions_1533,
0.5,random,,test,reactions_2441,
0.5,random,,test,reactions_237,
0.5,random,,test,reactions_1831,
0.5,random,,test,reactions_2751,
0.5,random,,test,reactions_2600,
0.5,random,,test,reactions_2784,
0.5,random,,test,reactions_1733,
0.5,random,,test,reactions_477,
0.5,random,,test,reactions_3120,
0.5,random,,test,reactions_2345,
0.5,random,,test,reactions_2409,
0.5,random,,test,reactions_2750,
0.5,random,,test,reactions_3074,
0.5,random,,test,reactions_202,
0.5,random,,test,reactions_749,
0.5,random,,test,reactions_1400,
0.5,random,,test,reactions_1321,
0.5,random,,test,reactions_2983,
0.5,random,,test,reactions_2917,
0.5,random,,test,reactions_3940,
0.5,random,,test,reactions_1378,
0.5,random,,test,reactions_3655,
0.5,random,,test,reactions_2521,
0.5,random,,test,reactions_267,
0.5,random,,test,reactions_401,
0.5,random,,test,reactions_927,
0.5,random,,test,reactions_3546,
0.5,random,,test,reactions_1625,
0.5,random,,test,reactions_2363,
0.5,random,,test,reactions_3935,
0.5,random,,test,reactions_2648,
0.5,random,,test,reactions_3844,
0.5,random,,test,reactions_450,
0.5,random,,test,reactions_2964,
0.5,random,,test,reactions_1260,
0.5,random,,test,reactions_3188,
0.5,random,,test,reactions_2678,
0.5,random,,test,reactions_3742,
0.5,random,,test,reactions_830,
0.5,random,,test,reactions_3677,
0.5,random,,test,reactions_3441,
0.5,random,,test,reactions_1973,
0.5,random,,test,reactions_1307,
0.5,random,,test,reactions_416,
0.5,random,,test,reactions_2286,
0.5,random,,test,reactions_2438,
0.5,random,,test,reactions_1182,
0.5,random,,test,reactions_2380,
0.5,random,,test,reactions_3437,
0.5,random,,test,reactions_2708,
0.5,random,,test,reactions_2752,
0.5,random,,test,reactions_386,
0.5,random,,test,reactions_3122,
0.5,random,,test,reactions_2811,
0.5,random,,test,reactions_1777,
0.5,random,,test,reactions_1893,
0.5,random,,test,reactions_2551,
0.5,random,,test,reactions_3489,
0.5,random,,test,reactions_1241,
0.5,random,,test,reactions_2281,
0.5,random,,test,reactions_861,
0.5,random,,test,reactions_613,
0.5,random,,test,reactions_2539,
0.5,random,,test,reactions_248,
0.5,random,,test,reactions_2742,
0.5,random,,test,reactions_2507,
0.5,random,,test,reactions_840,
0.5,random,,test,reactions_3330,
0.5,random,,test,reactions_556,
0.5,random,,test,reactions_1910,
0.5,random,,test,reactions_3928,
0.5,random,,test,reactions_3615,
0.5,random,,test,reactions_2136,
0.5,random,,test,reactions_532,
0.5,random,,test,reactions_596,
0.5,random,,test,reactions_397,
0.5,random,,test,reactions_3700,
0.5,random,,test,reactions_566,
0.5,random,,test,reactions_3756,
0.5,random,,test,reactions_2216,
0.5,random,,test,reactions_60,
0.5,random,,test,reactions_890,
0.5,random,,test,reactions_901,
0.5,random,,test,reactions_2305,
0.5,random,,test,reactions_679,
0.5,random,,test,reactions_3339,
0.5,random,,test,reactions_1539,
0.5,random,,test,reactions_1337,
0.5,random,,test,reactions_2812,
0.5,random,,test,reactions_3675,
0.5,random,,test,reactions_1431,
0.5,random,,test,reactions_1191,
0.5,random,,test,reactions_3123,
0.5,random,,test,reactions_1653,
0.5,random,,test,reactions_3193,
0.5,random,,test,reactions_960,
0.5,random,,test,reactions_3491,
0.5,random,,test,reactions_543,
0.5,random,,test,reactions_408,
0.5,random,,test,reactions_1895,
0.5,random,,test,reactions_130,
0.5,random,,test,reactions_82,
0.5,random,,test,reactions_2772,
0.5,random,,test,reactions_381,
0.5,random,,test,reactions_3668,
0.5,random,,test,reactions_726,
0.5,random,,test,reactions_140,
0.5,random,,test,reactions_983,
0.5,random,,test,reactions_290,
0.5,random,,test,reactions_1021,
0.5,random,,test,reactions_702,
0.5,random,,test,reactions_2850,
0.5,random,,test,reactions_156,
0.5,random,,test,reactions_1849,
0.5,random,,test,reactions_783,
0.5,random,,test,reactions_3475,
0.5,random,,test,reactions_2410,
0.5,random,,test,reactions_1822,
0.5,random,,test,reactions_3658,
0.5,random,,test,reactions_87,
0.5,random,,test,reactions_1015,
0.5,random,,test,reactions_112,
0.5,random,,test,reactions_2579,
0.5,random,,test,reactions_2388,
0.5,random,,test,reactions_1855,
0.5,random,,test,reactions_1697,
0.5,random,,test,reactions_198,
0.5,random,,test,reactions_2050,
0.5,random,,test,reactions_1843,
0.5,random,,test,reactions_2326,
0.5,random,,test,reactions_994,
0.5,random,,test,reactions_1361,
0.5,random,,test,reactions_2104,
0.5,random,,test,reactions_1765,
0.5,random,,test,reactions_2778,
0.5,random,,test,reactions_2725,
0.5,random,,test,reactions_2135,
0.5,random,,test,reactions_3278,
0.5,random,,test,reactions_3196,
0.5,random,,test,reactions_482,
0.5,random,,test,reactions_1814,
0.5,random,,test,reactions_2190,
0.5,random,,test,reactions_3689,
0.5,random,,test,reactions_440,
0.5,random,,test,reactions_222,
0.5,random,,test,reactions_496,
0.5,random,,test,reactions_49,
0.5,random,,test,reactions_1554,
0.5,random,,test,reactions_355,
0.5,random,,test,reactions_724,
0.5,random,,test,reactions_409,
0.5,random,,test,reactions_3732,
0.5,random,,test,reactions_1974,
0.5,random,,test,reactions_63,
0.5,random,,test,reactions_1661,
0.5,random,,test,reactions_2408,
0.5,random,,test,reactions_400,
0.5,random,,test,reactions_1605,
0.5,random,,test,reactions_587,
0.5,random,,test,reactions_1273,
0.5,random,,test,reactions_1877,
0.5,random,,test,reactions_1047,
0.5,random,,test,reactions_1848,
0.5,random,,test,reactions_791,
0.5,random,,test,reactions_2358,
0.5,random,,test,reactions_741,
0.5,random,,test,reactions_797,
0.5,random,,test,reactions_3169,
0.5,random,,test,reactions_746,
0.5,random,,test,reactions_3082,
0.5,random,,test,reactions_490,
0.5,random,,test,reactions_3944,
0.5,random,,test,reactions_3806,
0.5,random,,test,reactions_885,
0.5,random,,test,reactions_1946,
0.5,random,,test,reactions_2431,
0.5,random,,test,reactions_1168,
0.5,random,,test,reactions_266,
0.5,random,,test,reactions_2071,
0.5,random,,test,reactions_3005,
0.5,random,,test,reactions_3254,
0.5,random,,test,reactions_326,
0.5,random,,test,reactions_2623,
0.5,random,,test,reactions_3680,
0.5,random,,test,reactions_1557,
0.5,random,,test,reactions_3397,
0.5,random,,test,reactions_2450,
0.5,random,,test,reactions_2783,
0.5,random,,test,reactions_5,
0.5,random,,test,reactions_1475,
0.5,random,,test,reactions_2428,
0.5,random,,test,reactions_3264,
0.5,random,,test,reactions_3335,
0.5,random,,test,reactions_3068,
0.5,random,,test,reactions_948,
0.5,random,,test,reactions_2927,
0.5,random,,test,reactions_3127,
0.5,random,,test,reactions_2949,
0.5,random,,test,reactions_3780,
0.5,random,,test,reactions_3277,
0.5,random,,test,reactions_2486,
0.5,random,,test,reactions_1871,
