policy_id,augmentation_method,synthetic_multiplier,min_neighbor_similarity,teacher_model,augmentation_random_state,n_real_train,n_synthetic_train,augmentation_factor,synthetic_weighting_enabled,mean_synthetic_weight,min_synthetic_weight,max_synthetic_weight,feature_kind,n_features,model,selected_policy,split,metric,value,fold_index,train_fraction,split_method,group_column,heldout_group_value
condition_recombine_pseudolabel__mult_0.25__sim_0.7__teacher_ridge__seed_0,condition_recombine_pseudolabel,0.25,0.7,ridge,0,31,7,1.2258064516129032,True,0.7705722417150225,0.7394366264343262,0.85,reaction_role_concat,6144,random_forest,False,valid,rmse,19.1608912540263,0,0.01,random,,
condition_recombine_pseudolabel__mult_0.25__sim_0.7__teacher_ridge__seed_0,condition_recombine_pseudolabel,0.25,0.7,ridge,0,31,7,1.2258064516129032,True,0.7705722417150225,0.7394366264343262,0.85,reaction_role_concat,6144,random_forest,False,valid,mae,15.442438678154462,0,0.01,random,,
condition_recombine_pseudolabel__mult_0.25__sim_0.7__teacher_ridge__seed_0,condition_recombine_pseudolabel,0.25,0.7,ridge,0,31,7,1.2258064516129032,True,0.7705722417150225,0.7394366264343262,0.85,reaction_role_concat,6144,random_forest,False,valid,r2,0.49592797987767734,0,0.01,random,,
condition_recombine_pseudolabel__mult_0.25__sim_0.7__teacher_ridge__seed_0,condition_recombine_pseudolabel,0.25,0.7,ridge,0,31,7,1.2258064516129032,True,0.7705722417150225,0.7394366264343262,0.85,reaction_role_concat,6144,random_forest,False,valid,spearman,0.7371554941895311,0,0.01,random,,
condition_recombine_pseudolabel__mult_0.25__sim_0.7__teacher_ridge__seed_1,condition_recombine_pseudolabel,0.25,0.7,ridge,1,31,7,1.2258064516129032,True,0.7965745823723929,0.7320261597633362,0.85,reaction_role_concat,6144,random_forest,False,valid,rmse,20.067532691954767,0,0.01,random,,
condition_recombine_pseudolabel__mult_0.25__sim_0.7__teacher_ridge__seed_1,condition_recombine_pseudolabel,0.25,0.7,ridge,1,31,7,1.2258064516129032,True,0.7965745823723929,0.7320261597633362,0.85,reaction_role_concat,6144,random_forest,False,valid,mae,16.250478686522833,0,0.01,random,,
condition_recombine_pseudolabel__mult_0.25__sim_0.7__teacher_ridge__seed_1,condition_recombine_pseudolabel,0.25,0.7,ridge,1,31,7,1.2258064516129032,True,0.7965745823723929,0.7320261597633362,0.85,reaction_role_concat,6144,random_forest,False,valid,r2,0.4470967566076113,0,0.01,random,,
condition_recombine_pseudolabel__mult_0.25__sim_0.7__teacher_ridge__seed_1,condition_recombine_pseudolabel,0.25,0.7,ridge,1,31,7,1.2258064516129032,True,0.7965745823723929,0.7320261597633362,0.85,reaction_role_concat,6144,random_forest,False,valid,spearman,0.7108138521223225,0,0.01,random,,
condition_recombine_pseudolabel__mult_0.25__sim_0.7__teacher_ridge__seed_2,condition_recombine_pseudolabel,0.25,0.7,ridge,2,31,7,1.2258064516129032,True,0.806103481565203,0.7647058963775635,0.85,reaction_role_concat,6144,random_forest,False,valid,rmse,20.094466137397813,0,0.01,random,,
condition_recombine_pseudolabel__mult_0.25__sim_0.7__teacher_ridge__seed_2,condition_recombine_pseudolabel,0.25,0.7,ridge,2,31,7,1.2258064516129032,True,0.806103481565203,0.7647058963775635,0.85,reaction_role_concat,6144,random_forest,False,valid,mae,15.876588408779494,0,0.01,random,,
condition_recombine_pseudolabel__mult_0.25__sim_0.7__teacher_ridge__seed_2,condition_recombine_pseudolabel,0.25,0.7,ridge,2,31,7,1.2258064516129032,True,0.806103481565203,0.7647058963775635,0.85,reaction_role_concat,6144,random_forest,False,valid,r2,0.4456116131301906,0,0.01,random,,
condition_recombine_pseudolabel__mult_0.25__sim_0.7__teacher_ridge__seed_2,condition_recombine_pseudolabel,0.25,0.7,ridge,2,31,7,1.2258064516129032,True,0.806103481565203,0.7647058963775635,0.85,reaction_role_concat,6144,random_forest,False,valid,spearman,0.6747563258862476,0,0.01,random,,
condition_recombine_pseudolabel__mult_0.25__sim_0.7__teacher_ridge__seed_3,condition_recombine_pseudolabel,0.25,0.7,ridge,3,31,7,1.2258064516129032,True,0.8155096139226641,0.759036123752594,0.85,reaction_role_concat,6144,random_forest,False,valid,rmse,20.448044808087232,0,0.01,random,,
condition_recombine_pseudolabel__mult_0.25__sim_0.7__teacher_ridge__seed_3,condition_recombine_pseudolabel,0.25,0.7,ridge,3,31,7,1.2258064516129032,True,0.8155096139226641,0.759036123752594,0.85,reaction_role_concat,6144,random_forest,False,valid,mae,16.398786612592165,0,0.01,random,,
condition_recombine_pseudolabel__mult_0.25__sim_0.7__teacher_ridge__seed_3,condition_recombine_pseudolabel,0.25,0.7,ridge,3,31,7,1.2258064516129032,True,0.8155096139226641,0.759036123752594,0.85,reaction_role_concat,6144,random_forest,False,valid,r2,0.42593012735797553,0,0.01,random,,
condition_recombine_pseudolabel__mult_0.25__sim_0.7__teacher_ridge__seed_3,condition_recombine_pseudolabel,0.25,0.7,ridge,3,31,7,1.2258064516129032,True,0.8155096139226641,0.759036123752594,0.85,reaction_role_concat,6144,random_forest,False,valid,spearman,0.6737207697782199,0,0.01,random,,
condition_recombine_pseudolabel__mult_0.25__sim_0.7__teacher_ridge__seed_4,condition_recombine_pseudolabel,0.25,0.7,ridge,4,31,7,1.2258064516129032,True,0.7923606719289508,0.7302631735801697,0.8410596251487732,reaction_role_concat,6144,random_forest,False,valid,rmse,20.3310672455697,0,0.01,random,,
condition_recombine_pseudolabel__mult_0.25__sim_0.7__teacher_ridge__seed_4,condition_recombine_pseudolabel,0.25,0.7,ridge,4,31,7,1.2258064516129032,True,0.7923606719289508,0.7302631735801697,0.8410596251487732,reaction_role_concat,6144,random_forest,False,valid,mae,16.623502838447124,0,0.01,random,,
condition_recombine_pseudolabel__mult_0.25__sim_0.7__teacher_ridge__seed_4,condition_recombine_pseudolabel,0.25,0.7,ridge,4,31,7,1.2258064516129032,True,0.7923606719289508,0.7302631735801697,0.8410596251487732,reaction_role_concat,6144,random_forest,False,valid,r2,0.4324795273039228,0,0.01,random,,
condition_recombine_pseudolabel__mult_0.25__sim_0.7__teacher_ridge__seed_4,condition_recombine_pseudolabel,0.25,0.7,ridge,4,31,7,1.2258064516129032,True,0.7923606719289508,0.7302631735801697,0.8410596251487732,reaction_role_concat,6144,random_forest,False,valid,spearman,0.7003907209086356,0,0.01,random,,
condition_recombine_pseudolabel__mult_0.25__sim_0.7__teacher_rf__seed_0,condition_recombine_pseudolabel,0.25,0.7,random_forest,0,31,7,1.2258064516129032,True,0.7705722417150225,0.7394366264343262,0.85,reaction_role_concat,6144,random_forest,False,valid,rmse,19.991964330285363,0,0.01,random,,
condition_recombine_pseudolabel__mult_0.25__sim_0.7__teacher_rf__seed_0,condition_recombine_pseudolabel,0.25,0.7,random_forest,0,31,7,1.2258064516129032,True,0.7705722417150225,0.7394366264343262,0.85,reaction_role_concat,6144,random_forest,False,valid,mae,15.621039719925653,0,0.01,random,,
condition_recombine_pseudolabel__mult_0.25__sim_0.7__teacher_rf__seed_0,condition_recombine_pseudolabel,0.25,0.7,random_forest,0,31,7,1.2258064516129032,True,0.7705722417150225,0.7394366264343262,0.85,reaction_role_concat,6144,random_forest,False,valid,r2,0.4512530546064606,0,0.01,random,,
condition_recombine_pseudolabel__mult_0.25__sim_0.7__teacher_rf__seed_0,condition_recombine_pseudolabel,0.25,0.7,random_forest,0,31,7,1.2258064516129032,True,0.7705722417150225,0.7394366264343262,0.85,reaction_role_concat,6144,random_forest,False,valid,spearman,0.6938488804706547,0,0.01,random,,
condition_recombine_pseudolabel__mult_0.25__sim_0.7__teacher_rf__seed_1,condition_recombine_pseudolabel,0.25,0.7,random_forest,1,31,7,1.2258064516129032,True,0.7965745823723929,0.7320261597633362,0.85,reaction_role_concat,6144,random_forest,False,valid,rmse,20.072887227654792,0,0.01,random,,
condition_recombine_pseudolabel__mult_0.25__sim_0.7__teacher_rf__seed_1,condition_recombine_pseudolabel,0.25,0.7,random_forest,1,31,7,1.2258064516129032,True,0.7965745823723929,0.7320261597633362,0.85,reaction_role_concat,6144,random_forest,False,valid,mae,15.992745435574387,0,0.01,random,,
condition_recombine_pseudolabel__mult_0.25__sim_0.7__teacher_rf__seed_1,condition_recombine_pseudolabel,0.25,0.7,random_forest,1,31,7,1.2258064516129032,True,0.7965745823723929,0.7320261597633362,0.85,reaction_role_concat,6144,random_forest,False,valid,r2,0.44680165952964745,0,0.01,random,,
condition_recombine_pseudolabel__mult_0.25__sim_0.7__teacher_rf__seed_1,condition_recombine_pseudolabel,0.25,0.7,random_forest,1,31,7,1.2258064516129032,True,0.7965745823723929,0.7320261597633362,0.85,reaction_role_concat,6144,random_forest,False,valid,spearman,0.7009207667390325,0,0.01,random,,
condition_recombine_pseudolabel__mult_0.25__sim_0.7__teacher_rf__seed_2,condition_recombine_pseudolabel,0.25,0.7,random_forest,2,31,7,1.2258064516129032,True,0.806103481565203,0.7647058963775635,0.85,reaction_role_concat,6144,random_forest,False,valid,rmse,19.55566726128007,0,0.01,random,,
condition_recombine_pseudolabel__mult_0.25__sim_0.7__teacher_rf__seed_2,condition_recombine_pseudolabel,0.25,0.7,random_forest,2,31,7,1.2258064516129032,True,0.806103481565203,0.7647058963775635,0.85,reaction_role_concat,6144,random_forest,False,valid,mae,15.486785900730121,0,0.01,random,,
condition_recombine_pseudolabel__mult_0.25__sim_0.7__teacher_rf__seed_2,condition_recombine_pseudolabel,0.25,0.7,random_forest,2,31,7,1.2258064516129032,True,0.806103481565203,0.7647058963775635,0.85,reaction_role_concat,6144,random_forest,False,valid,r2,0.4749429942647182,0,0.01,random,,
condition_recombine_pseudolabel__mult_0.25__sim_0.7__teacher_rf__seed_2,condition_recombine_pseudolabel,0.25,0.7,random_forest,2,31,7,1.2258064516129032,True,0.806103481565203,0.7647058963775635,0.85,reaction_role_concat,6144,random_forest,False,valid,spearman,0.7216712236746519,0,0.01,random,,
condition_recombine_pseudolabel__mult_0.25__sim_0.7__teacher_rf__seed_3,condition_recombine_pseudolabel,0.25,0.7,random_forest,3,31,7,1.2258064516129032,True,0.8155096139226641,0.759036123752594,0.85,reaction_role_concat,6144,random_forest,False,valid,rmse,19.172568395747206,0,0.01,random,,
condition_recombine_pseudolabel__mult_0.25__sim_0.7__teacher_rf__seed_3,condition_recombine_pseudolabel,0.25,0.7,random_forest,3,31,7,1.2258064516129032,True,0.8155096139226641,0.759036123752594,0.85,reaction_role_concat,6144,random_forest,False,valid,mae,15.402494746513005,0,0.01,random,,
condition_recombine_pseudolabel__mult_0.25__sim_0.7__teacher_rf__seed_3,condition_recombine_pseudolabel,0.25,0.7,random_forest,3,31,7,1.2258064516129032,True,0.8155096139226641,0.759036123752594,0.85,reaction_role_concat,6144,random_forest,False,valid,r2,0.4953134036645658,0,0.01,random,,
condition_recombine_pseudolabel__mult_0.25__sim_0.7__teacher_rf__seed_3,condition_recombine_pseudolabel,0.25,0.7,random_forest,3,31,7,1.2258064516129032,True,0.8155096139226641,0.759036123752594,0.85,reaction_role_concat,6144,random_forest,False,valid,spearman,0.7451059869188756,0,0.01,random,,
condition_recombine_pseudolabel__mult_0.25__sim_0.7__teacher_rf__seed_4,condition_recombine_pseudolabel,0.25,0.7,random_forest,4,31,7,1.2258064516129032,True,0.7923606719289508,0.7302631735801697,0.8410596251487732,reaction_role_concat,6144,random_forest,False,valid,rmse,19.40123983373937,0,0.01,random,,
condition_recombine_pseudolabel__mult_0.25__sim_0.7__teacher_rf__seed_4,condition_recombine_pseudolabel,0.25,0.7,random_forest,4,31,7,1.2258064516129032,True,0.7923606719289508,0.7302631735801697,0.8410596251487732,reaction_role_concat,6144,random_forest,False,valid,mae,15.368312387964393,0,0.01,random,,
condition_recombine_pseudolabel__mult_0.25__sim_0.7__teacher_rf__seed_4,condition_recombine_pseudolabel,0.25,0.7,random_forest,4,31,7,1.2258064516129032,True,0.7923606719289508,0.7302631735801697,0.8410596251487732,reaction_role_concat,6144,random_forest,False,valid,r2,0.4832028048071588,0,0.01,random,,
condition_recombine_pseudolabel__mult_0.25__sim_0.7__teacher_rf__seed_4,condition_recombine_pseudolabel,0.25,0.7,random_forest,4,31,7,1.2258064516129032,True,0.7923606719289508,0.7302631735801697,0.8410596251487732,reaction_role_concat,6144,random_forest,False,valid,spearman,0.7241551563023312,0,0.01,random,,
condition_recombine_pseudolabel__mult_0.25__sim_0.8__teacher_ridge__seed_0,condition_recombine_pseudolabel,0.25,0.8,ridge,0,31,1,1.032258064516129,True,0.85,0.85,0.85,reaction_role_concat,6144,random_forest,False,valid,rmse,20.035517986872527,0,0.01,random,,
condition_recombine_pseudolabel__mult_0.25__sim_0.8__teacher_ridge__seed_0,condition_recombine_pseudolabel,0.25,0.8,ridge,0,31,1,1.032258064516129,True,0.85,0.85,0.85,reaction_role_concat,6144,random_forest,False,valid,mae,15.996991919715194,0,0.01,random,,
condition_recombine_pseudolabel__mult_0.25__sim_0.8__teacher_ridge__seed_0,condition_recombine_pseudolabel,0.25,0.8,ridge,0,31,1,1.032258064516129,True,0.85,0.85,0.85,reaction_role_concat,6144,random_forest,False,valid,r2,0.44885949594281993,0,0.01,random,,
condition_recombine_pseudolabel__mult_0.25__sim_0.8__teacher_ridge__seed_0,condition_recombine_pseudolabel,0.25,0.8,ridge,0,31,1,1.032258064516129,True,0.85,0.85,0.85,reaction_role_concat,6144,random_forest,False,valid,spearman,0.7152980164802871,0,0.01,random,,
condition_recombine_pseudolabel__mult_0.25__sim_0.8__teacher_ridge__seed_1,condition_recombine_pseudolabel,0.25,0.8,ridge,1,31,3,1.096774193548387,True,0.85,0.85,0.85,reaction_role_concat,6144,random_forest,False,valid,rmse,19.555290401410304,0,0.01,random,,
condition_recombine_pseudolabel__mult_0.25__sim_0.8__teacher_ridge__seed_1,condition_recombine_pseudolabel,0.25,0.8,ridge,1,31,3,1.096774193548387,True,0.85,0.85,0.85,reaction_role_concat,6144,random_forest,False,valid,mae,15.424046961126448,0,0.01,random,,
condition_recombine_pseudolabel__mult_0.25__sim_0.8__teacher_ridge__seed_1,condition_recombine_pseudolabel,0.25,0.8,ridge,1,31,3,1.096774193548387,True,0.85,0.85,0.85,reaction_role_concat,6144,random_forest,False,valid,r2,0.47496323095677695,0,0.01,random,,
condition_recombine_pseudolabel__mult_0.25__sim_0.8__teacher_ridge__seed_1,condition_recombine_pseudolabel,0.25,0.8,ridge,1,31,3,1.096774193548387,True,0.85,0.85,0.85,reaction_role_concat,6144,random_forest,False,valid,spearman,0.7284449835042576,0,0.01,random,,
condition_recombine_pseudolabel__mult_0.25__sim_0.8__teacher_ridge__seed_2,condition_recombine_pseudolabel,0.25,0.8,ridge,2,31,4,1.1290322580645162,True,0.8266233742237091,0.8071428537368774,0.85,reaction_role_concat,6144,random_forest,False,valid,rmse,20.040479487900722,0,0.01,random,,
condition_recombine_pseudolabel__mult_0.25__sim_0.8__teacher_ridge__seed_2,condition_recombine_pseudolabel,0.25,0.8,ridge,2,31,4,1.1290322580645162,True,0.8266233742237091,0.8071428537368774,0.85,reaction_role_concat,6144,random_forest,False,valid,mae,15.757276040833208,0,0.01,random,,
condition_recombine_pseudolabel__mult_0.25__sim_0.8__teacher_ridge__seed_2,condition_recombine_pseudolabel,0.25,0.8,ridge,2,31,4,1.1290322580645162,True,0.8266233742237091,0.8071428537368774,0.85,reaction_role_concat,6144,random_forest,False,valid,r2,0.44858649848333587,0,0.01,random,,
condition_recombine_pseudolabel__mult_0.25__sim_0.8__teacher_ridge__seed_2,condition_recombine_pseudolabel,0.25,0.8,ridge,2,31,4,1.1290322580645162,True,0.8266233742237091,0.8071428537368774,0.85,reaction_role_concat,6144,random_forest,False,valid,spearman,0.6757778616784086,0,0.01,random,,
condition_recombine_pseudolabel__mult_0.25__sim_0.8__teacher_ridge__seed_3,condition_recombine_pseudolabel,0.25,0.8,ridge,3,31,5,1.1612903225806452,True,0.8308700871467589,0.8066666722297668,0.85,reaction_role_concat,6144,random_forest,False,valid,rmse,20.008170717749632,0,0.01,random,,
condition_recombine_pseudolabel__mult_0.25__sim_0.8__teacher_ridge__seed_3,condition_recombine_pseudolabel,0.25,0.8,ridge,3,31,5,1.1612903225806452,True,0.8308700871467589,0.8066666722297668,0.85,reaction_role_concat,6144,random_forest,False,valid,mae,16.050103427340716,0,0.01,random,,
condition_recombine_pseudolabel__mult_0.25__sim_0.8__teacher_ridge__seed_3,condition_recombine_pseudolabel,0.25,0.8,ridge,3,31,5,1.1612903225806452,True,0.8308700871467589,0.8066666722297668,0.85,reaction_role_concat,6144,random_forest,False,valid,r2,0.45036301598028305,0,0.01,random,,
condition_recombine_pseudolabel__mult_0.25__sim_0.8__teacher_ridge__seed_3,condition_recombine_pseudolabel,0.25,0.8,ridge,3,31,5,1.1612903225806452,True,0.8308700871467589,0.8066666722297668,0.85,reaction_role_concat,6144,random_forest,False,valid,spearman,0.7004563437759552,0,0.01,random,,
condition_recombine_pseudolabel__mult_0.25__sim_0.8__teacher_ridge__seed_4,condition_recombine_pseudolabel,0.25,0.8,ridge,4,31,4,1.1290322580645162,True,0.8247550427913666,0.8012422323226929,0.8410596251487732,reaction_role_concat,6144,random_forest,False,valid,rmse,20.334901847168226,0,0.01,random,,
condition_recombine_pseudolabel__mult_0.25__sim_0.8__teacher_ridge__seed_4,condition_recombine_pseudolabel,0.25,0.8,ridge,4,31,4,1.1290322580645162,True,0.8247550427913666,0.8012422323226929,0.8410596251487732,reaction_role_concat,6144,random_forest,False,valid,mae,16.267953082046933,0,0.01,random,,
condition_recombine_pseudolabel__mult_0.25__sim_0.8__teacher_ridge__seed_4,condition_recombine_pseudolabel,0.25,0.8,ridge,4,31,4,1.1290322580645162,True,0.8247550427913666,0.8012422323226929,0.8410596251487732,reaction_role_concat,6144,random_forest,False,valid,r2,0.43226542933146883,0,0.01,random,,
condition_recombine_pseudolabel__mult_0.25__sim_0.8__teacher_ridge__seed_4,condition_recombine_pseudolabel,0.25,0.8,ridge,4,31,4,1.1290322580645162,True,0.8247550427913666,0.8012422323226929,0.8410596251487732,reaction_role_concat,6144,random_forest,False,valid,spearman,0.6996930154676687,0,0.01,random,,
condition_recombine_pseudolabel__mult_0.25__sim_0.8__teacher_rf__seed_0,condition_recombine_pseudolabel,0.25,0.8,random_forest,0,31,1,1.032258064516129,True,0.85,0.85,0.85,reaction_role_concat,6144,random_forest,False,valid,rmse,20.146540695266534,0,0.01,random,,
condition_recombine_pseudolabel__mult_0.25__sim_0.8__teacher_rf__seed_0,condition_recombine_pseudolabel,0.25,0.8,random_forest,0,31,1,1.032258064516129,True,0.85,0.85,0.85,reaction_role_concat,6144,random_forest,False,valid,mae,16.213078164129318,0,0.01,random,,
condition_recombine_pseudolabel__mult_0.25__sim_0.8__teacher_rf__seed_0,condition_recombine_pseudolabel,0.25,0.8,random_forest,0,31,1,1.032258064516129,True,0.85,0.85,0.85,reaction_role_concat,6144,random_forest,False,valid,r2,0.4427345088120742,0,0.01,random,,
condition_recombine_pseudolabel__mult_0.25__sim_0.8__teacher_rf__seed_0,condition_recombine_pseudolabel,0.25,0.8,random_forest,0,31,1,1.032258064516129,True,0.85,0.85,0.85,reaction_role_concat,6144,random_forest,False,valid,spearman,0.7043931316352992,0,0.01,random,,
condition_recombine_pseudolabel__mult_0.25__sim_0.8__teacher_rf__seed_1,condition_recombine_pseudolabel,0.25,0.8,random_forest,1,31,3,1.096774193548387,True,0.85,0.85,0.85,reaction_role_concat,6144,random_forest,False,valid,rmse,19.6190077642084,0,0.01,random,,
condition_recombine_pseudolabel__mult_0.25__sim_0.8__teacher_rf__seed_1,condition_recombine_pseudolabel,0.25,0.8,random_forest,1,31,3,1.096774193548387,True,0.85,0.85,0.85,reaction_role_concat,6144,random_forest,False,valid,mae,15.470071757144567,0,0.01,random,,
condition_recombine_pseudolabel__mult_0.25__sim_0.8__teacher_rf__seed_1,condition_recombine_pseudolabel,0.25,0.8,random_forest,1,31,3,1.096774193548387,True,0.85,0.85,0.85,reaction_role_concat,6144,random_forest,False,valid,r2,0.4715361828862239,0,0.01,random,,
condition_recombine_pseudolabel__mult_0.25__sim_0.8__teacher_rf__seed_1,condition_recombine_pseudolabel,0.25,0.8,random_forest,1,31,3,1.096774193548387,True,0.85,0.85,0.85,reaction_role_concat,6144,random_forest,False,valid,spearman,0.733847283824868,0,0.01,random,,
condition_recombine_pseudolabel__mult_0.25__sim_0.8__teacher_rf__seed_2,condition_recombine_pseudolabel,0.25,0.8,random_forest,2,31,4,1.1290322580645162,True,0.8266233742237091,0.8071428537368774,0.85,reaction_role_concat,6144,random_forest,False,valid,rmse,19.708213612365938,0,0.01,random,,
condition_recombine_pseudolabel__mult_0.25__sim_0.8__teacher_rf__seed_2,condition_recombine_pseudolabel,0.25,0.8,random_forest,2,31,4,1.1290322580645162,True,0.8266233742237091,0.8071428537368774,0.85,reaction_role_concat,6144,random_forest,False,valid,mae,15.486360738453985,0,0.01,random,,
condition_recombine_pseudolabel__mult_0.25__sim_0.8__teacher_rf__seed_2,condition_recombine_pseudolabel,0.25,0.8,random_forest,2,31,4,1.1290322580645162,True,0.8266233742237091,0.8071428537368774,0.85,reaction_role_concat,6144,random_forest,False,valid,r2,0.4667195031707537,0,0.01,random,,
condition_recombine_pseudolabel__mult_0.25__sim_0.8__teacher_rf__seed_2,condition_recombine_pseudolabel,0.25,0.8,random_forest,2,31,4,1.1290322580645162,True,0.8266233742237091,0.8071428537368774,0.85,reaction_role_concat,6144,random_forest,False,valid,spearman,0.7253531144024788,0,0.01,random,,
condition_recombine_pseudolabel__mult_0.25__sim_0.8__teacher_rf__seed_3,condition_recombine_pseudolabel,0.25,0.8,random_forest,3,31,5,1.1612903225806452,True,0.8308700871467589,0.8066666722297668,0.85,reaction_role_concat,6144,random_forest,False,valid,rmse,19.455817326452326,0,0.01,random,,
condition_recombine_pseudolabel__mult_0.25__sim_0.8__teacher_rf__seed_3,condition_recombine_pseudolabel,0.25,0.8,random_forest,3,31,5,1.1612903225806452,True,0.8308700871467589,0.8066666722297668,0.85,reaction_role_concat,6144,random_forest,False,valid,mae,15.399915790797788,0,0.01,random,,
condition_recombine_pseudolabel__mult_0.25__sim_0.8__teacher_rf__seed_3,condition_recombine_pseudolabel,0.25,0.8,random_forest,3,31,5,1.1612903225806452,True,0.8308700871467589,0.8066666722297668,0.85,reaction_role_concat,6144,random_forest,False,valid,r2,0.48029111795231905,0,0.01,random,,
condition_recombine_pseudolabel__mult_0.25__sim_0.8__teacher_rf__seed_3,condition_recombine_pseudolabel,0.25,0.8,random_forest,3,31,5,1.1612903225806452,True,0.8308700871467589,0.8066666722297668,0.85,reaction_role_concat,6144,random_forest,False,valid,spearman,0.7239452410175523,0,0.01,random,,
condition_recombine_pseudolabel__mult_0.25__sim_0.8__teacher_rf__seed_4,condition_recombine_pseudolabel,0.25,0.8,random_forest,4,31,4,1.1290322580645162,True,0.8247550427913666,0.8012422323226929,0.8410596251487732,reaction_role_concat,6144,random_forest,False,valid,rmse,19.998803935727395,0,0.01,random,,
condition_recombine_pseudolabel__mult_0.25__sim_0.8__teacher_rf__seed_4,condition_recombine_pseudolabel,0.25,0.8,random_forest,4,31,4,1.1290322580645162,True,0.8247550427913666,0.8012422323226929,0.8410596251487732,reaction_role_concat,6144,random_forest,False,valid,mae,15.942254481726055,0,0.01,random,,
condition_recombine_pseudolabel__mult_0.25__sim_0.8__teacher_rf__seed_4,condition_recombine_pseudolabel,0.25,0.8,random_forest,4,31,4,1.1290322580645162,True,0.8247550427913666,0.8012422323226929,0.8410596251487732,reaction_role_concat,6144,random_forest,False,valid,r2,0.45087751826072886,0,0.01,random,,
condition_recombine_pseudolabel__mult_0.25__sim_0.8__teacher_rf__seed_4,condition_recombine_pseudolabel,0.25,0.8,random_forest,4,31,4,1.1290322580645162,True,0.8247550427913666,0.8012422323226929,0.8410596251487732,reaction_role_concat,6144,random_forest,False,valid,spearman,0.6932754106063935,0,0.01,random,,
condition_recombine_pseudolabel__mult_0.25__sim_0.85__teacher_ridge__seed_0,condition_recombine_pseudolabel,0.25,0.85,ridge,0,31,1,1.032258064516129,True,0.85,0.85,0.85,reaction_role_concat,6144,random_forest,False,valid,rmse,20.035517986872527,0,0.01,random,,
condition_recombine_pseudolabel__mult_0.25__sim_0.85__teacher_ridge__seed_0,condition_recombine_pseudolabel,0.25,0.85,ridge,0,31,1,1.032258064516129,True,0.85,0.85,0.85,reaction_role_concat,6144,random_forest,False,valid,mae,15.996991919715194,0,0.01,random,,
condition_recombine_pseudolabel__mult_0.25__sim_0.85__teacher_ridge__seed_0,condition_recombine_pseudolabel,0.25,0.85,ridge,0,31,1,1.032258064516129,True,0.85,0.85,0.85,reaction_role_concat,6144,random_forest,False,valid,r2,0.44885949594281993,0,0.01,random,,
condition_recombine_pseudolabel__mult_0.25__sim_0.85__teacher_ridge__seed_0,condition_recombine_pseudolabel,0.25,0.85,ridge,0,31,1,1.032258064516129,True,0.85,0.85,0.85,reaction_role_concat,6144,random_forest,False,valid,spearman,0.7152980164802871,0,0.01,random,,
condition_recombine_pseudolabel__mult_0.25__sim_0.85__teacher_ridge__seed_1,condition_recombine_pseudolabel,0.25,0.85,ridge,1,31,3,1.096774193548387,True,0.85,0.85,0.85,reaction_role_concat,6144,random_forest,False,valid,rmse,19.555290401410304,0,0.01,random,,
condition_recombine_pseudolabel__mult_0.25__sim_0.85__teacher_ridge__seed_1,condition_recombine_pseudolabel,0.25,0.85,ridge,1,31,3,1.096774193548387,True,0.85,0.85,0.85,reaction_role_concat,6144,random_forest,False,valid,mae,15.424046961126448,0,0.01,random,,
condition_recombine_pseudolabel__mult_0.25__sim_0.85__teacher_ridge__seed_1,condition_recombine_pseudolabel,0.25,0.85,ridge,1,31,3,1.096774193548387,True,0.85,0.85,0.85,reaction_role_concat,6144,random_forest,False,valid,r2,0.47496323095677695,0,0.01,random,,
condition_recombine_pseudolabel__mult_0.25__sim_0.85__teacher_ridge__seed_1,condition_recombine_pseudolabel,0.25,0.85,ridge,1,31,3,1.096774193548387,True,0.85,0.85,0.85,reaction_role_concat,6144,random_forest,False,valid,spearman,0.7284449835042576,0,0.01,random,,
condition_recombine_pseudolabel__mult_0.25__sim_0.85__teacher_ridge__seed_2,condition_recombine_pseudolabel,0.25,0.85,ridge,2,31,1,1.032258064516129,True,0.85,0.85,0.85,reaction_role_concat,6144,random_forest,False,valid,rmse,20.045070391227494,0,0.01,random,,
condition_recombine_pseudolabel__mult_0.25__sim_0.85__teacher_ridge__seed_2,condition_recombine_pseudolabel,0.25,0.85,ridge,2,31,1,1.032258064516129,True,0.85,0.85,0.85,reaction_role_concat,6144,random_forest,False,valid,mae,16.046845081445536,0,0.01,random,,
condition_recombine_pseudolabel__mult_0.25__sim_0.85__teacher_ridge__seed_2,condition_recombine_pseudolabel,0.25,0.85,ridge,2,31,1,1.032258064516129,True,0.85,0.85,0.85,reaction_role_concat,6144,random_forest,False,valid,r2,0.4483338322695961,0,0.01,random,,
condition_recombine_pseudolabel__mult_0.25__sim_0.85__teacher_ridge__seed_2,condition_recombine_pseudolabel,0.25,0.85,ridge,2,31,1,1.032258064516129,True,0.85,0.85,0.85,reaction_role_concat,6144,random_forest,False,valid,spearman,0.7036605701312753,0,0.01,random,,
condition_recombine_pseudolabel__mult_0.25__sim_0.85__teacher_ridge__seed_3,condition_recombine_pseudolabel,0.25,0.85,ridge,3,31,1,1.032258064516129,True,0.85,0.85,0.85,reaction_role_concat,6144,random_forest,False,valid,rmse,20.298283457830863,0,0.01,random,,
condition_recombine_pseudolabel__mult_0.25__sim_0.85__teacher_ridge__seed_3,condition_recombine_pseudolabel,0.25,0.85,ridge,3,31,1,1.032258064516129,True,0.85,0.85,0.85,reaction_role_concat,6144,random_forest,False,valid,mae,16.389574360855015,0,0.01,random,,
condition_recombine_pseudolabel__mult_0.25__sim_0.85__teacher_ridge__seed_3,condition_recombine_pseudolabel,0.25,0.85,ridge,3,31,1,1.032258064516129,True,0.85,0.85,0.85,reaction_role_concat,6144,random_forest,False,valid,r2,0.434308301942817,0,0.01,random,,
condition_recombine_pseudolabel__mult_0.25__sim_0.85__teacher_ridge__seed_3,condition_recombine_pseudolabel,0.25,0.85,ridge,3,31,1,1.032258064516129,True,0.85,0.85,0.85,reaction_role_concat,6144,random_forest,False,valid,spearman,0.7170400407266982,0,0.01,random,,
condition_recombine_pseudolabel__mult_0.25__sim_0.85__teacher_ridge__seed_4,condition_recombine_pseudolabel,0.25,0.85,ridge,4,31,0,1.0,True,,,,reaction_role_concat,6144,random_forest,False,valid,rmse,20.405752315451878,0,0.01,random,,
condition_recombine_pseudolabel__mult_0.25__sim_0.85__teacher_ridge__seed_4,condition_recombine_pseudolabel,0.25,0.85,ridge,4,31,0,1.0,True,,,,reaction_role_concat,6144,random_forest,False,valid,mae,16.359385532849952,0,0.01,random,,
condition_recombine_pseudolabel__mult_0.25__sim_0.85__teacher_ridge__seed_4,condition_recombine_pseudolabel,0.25,0.85,ridge,4,31,0,1.0,True,,,,reaction_role_concat,6144,random_forest,False,valid,r2,0.4283023578805397,0,0.01,random,,
condition_recombine_pseudolabel__mult_0.25__sim_0.85__teacher_ridge__seed_4,condition_recombine_pseudolabel,0.25,0.85,ridge,4,31,0,1.0,True,,,,reaction_role_concat,6144,random_forest,False,valid,spearman,0.7028232457114711,0,0.01,random,,
condition_recombine_pseudolabel__mult_0.25__sim_0.85__teacher_rf__seed_0,condition_recombine_pseudolabel,0.25,0.85,random_forest,0,31,1,1.032258064516129,True,0.85,0.85,0.85,reaction_role_concat,6144,random_forest,False,valid,rmse,20.146540695266534,0,0.01,random,,
condition_recombine_pseudolabel__mult_0.25__sim_0.85__teacher_rf__seed_0,condition_recombine_pseudolabel,0.25,0.85,random_forest,0,31,1,1.032258064516129,True,0.85,0.85,0.85,reaction_role_concat,6144,random_forest,False,valid,mae,16.213078164129318,0,0.01,random,,
condition_recombine_pseudolabel__mult_0.25__sim_0.85__teacher_rf__seed_0,condition_recombine_pseudolabel,0.25,0.85,random_forest,0,31,1,1.032258064516129,True,0.85,0.85,0.85,reaction_role_concat,6144,random_forest,False,valid,r2,0.4427345088120742,0,0.01,random,,
condition_recombine_pseudolabel__mult_0.25__sim_0.85__teacher_rf__seed_0,condition_recombine_pseudolabel,0.25,0.85,random_forest,0,31,1,1.032258064516129,True,0.85,0.85,0.85,reaction_role_concat,6144,random_forest,False,valid,spearman,0.7043931316352992,0,0.01,random,,
condition_recombine_pseudolabel__mult_0.25__sim_0.85__teacher_rf__seed_1,condition_recombine_pseudolabel,0.25,0.85,random_forest,1,31,3,1.096774193548387,True,0.85,0.85,0.85,reaction_role_concat,6144,random_forest,False,valid,rmse,19.6190077642084,0,0.01,random,,
condition_recombine_pseudolabel__mult_0.25__sim_0.85__teacher_rf__seed_1,condition_recombine_pseudolabel,0.25,0.85,random_forest,1,31,3,1.096774193548387,True,0.85,0.85,0.85,reaction_role_concat,6144,random_forest,False,valid,mae,15.470071757144567,0,0.01,random,,
condition_recombine_pseudolabel__mult_0.25__sim_0.85__teacher_rf__seed_1,condition_recombine_pseudolabel,0.25,0.85,random_forest,1,31,3,1.096774193548387,True,0.85,0.85,0.85,reaction_role_concat,6144,random_forest,False,valid,r2,0.4715361828862239,0,0.01,random,,
condition_recombine_pseudolabel__mult_0.25__sim_0.85__teacher_rf__seed_1,condition_recombine_pseudolabel,0.25,0.85,random_forest,1,31,3,1.096774193548387,True,0.85,0.85,0.85,reaction_role_concat,6144,random_forest,False,valid,spearman,0.733847283824868,0,0.01,random,,
condition_recombine_pseudolabel__mult_0.25__sim_0.85__teacher_rf__seed_2,condition_recombine_pseudolabel,0.25,0.85,random_forest,2,31,1,1.032258064516129,True,0.85,0.85,0.85,reaction_role_concat,6144,random_forest,False,valid,rmse,20.163481070424528,0,0.01,random,,
condition_recombine_pseudolabel__mult_0.25__sim_0.85__teacher_rf__seed_2,condition_recombine_pseudolabel,0.25,0.85,random_forest,2,31,1,1.032258064516129,True,0.85,0.85,0.85,reaction_role_concat,6144,random_forest,False,valid,mae,16.22350941380368,0,0.01,random,,
condition_recombine_pseudolabel__mult_0.25__sim_0.85__teacher_rf__seed_2,condition_recombine_pseudolabel,0.25,0.85,random_forest,2,31,1,1.032258064516129,True,0.85,0.85,0.85,reaction_role_concat,6144,random_forest,False,valid,r2,0.44179695277252684,0,0.01,random,,
condition_recombine_pseudolabel__mult_0.25__sim_0.85__teacher_rf__seed_2,condition_recombine_pseudolabel,0.25,0.85,random_forest,2,31,1,1.032258064516129,True,0.85,0.85,0.85,reaction_role_concat,6144,random_forest,False,valid,spearman,0.7061937685910964,0,0.01,random,,
condition_recombine_pseudolabel__mult_0.25__sim_0.85__teacher_rf__seed_3,condition_recombine_pseudolabel,0.25,0.85,random_forest,3,31,1,1.032258064516129,True,0.85,0.85,0.85,reaction_role_concat,6144,random_forest,False,valid,rmse,20.036702771426082,0,0.01,random,,
condition_recombine_pseudolabel__mult_0.25__sim_0.85__teacher_rf__seed_3,condition_recombine_pseudolabel,0.25,0.85,random_forest,3,31,1,1.032258064516129,True,0.85,0.85,0.85,reaction_role_concat,6144,random_forest,False,valid,mae,16.0335780032345,0,0.01,random,,
condition_recombine_pseudolabel__mult_0.25__sim_0.85__teacher_rf__seed_3,condition_recombine_pseudolabel,0.25,0.85,random_forest,3,31,1,1.032258064516129,True,0.85,0.85,0.85,reaction_role_concat,6144,random_forest,False,valid,r2,0.4487943114975478,0,0.01,random,,
condition_recombine_pseudolabel__mult_0.25__sim_0.85__teacher_rf__seed_3,condition_recombine_pseudolabel,0.25,0.85,random_forest,3,31,1,1.032258064516129,True,0.85,0.85,0.85,reaction_role_concat,6144,random_forest,False,valid,spearman,0.7159419773770993,0,0.01,random,,
condition_recombine_pseudolabel__mult_0.25__sim_0.85__teacher_rf__seed_4,condition_recombine_pseudolabel,0.25,0.85,random_forest,4,31,0,1.0,True,,,,reaction_role_concat,6144,random_forest,False,valid,rmse,20.405752315451878,0,0.01,random,,
condition_recombine_pseudolabel__mult_0.25__sim_0.85__teacher_rf__seed_4,condition_recombine_pseudolabel,0.25,0.85,random_forest,4,31,0,1.0,True,,,,reaction_role_concat,6144,random_forest,False,valid,mae,16.359385532849952,0,0.01,random,,
condition_recombine_pseudolabel__mult_0.25__sim_0.85__teacher_rf__seed_4,condition_recombine_pseudolabel,0.25,0.85,random_forest,4,31,0,1.0,True,,,,reaction_role_concat,6144,random_forest,False,valid,r2,0.4283023578805397,0,0.01,random,,
condition_recombine_pseudolabel__mult_0.25__sim_0.85__teacher_rf__seed_4,condition_recombine_pseudolabel,0.25,0.85,random_forest,4,31,0,1.0,True,,,,reaction_role_concat,6144,random_forest,False,valid,spearman,0.7028232457114711,0,0.01,random,,
condition_recombine_pseudolabel__mult_0.25__sim_0.9__teacher_ridge__seed_0,condition_recombine_pseudolabel,0.25,0.9,ridge,0,31,1,1.032258064516129,True,0.85,0.85,0.85,reaction_role_concat,6144,random_forest,False,valid,rmse,20.035517986872527,0,0.01,random,,
condition_recombine_pseudolabel__mult_0.25__sim_0.9__teacher_ridge__seed_0,condition_recombine_pseudolabel,0.25,0.9,ridge,0,31,1,1.032258064516129,True,0.85,0.85,0.85,reaction_role_concat,6144,random_forest,False,valid,mae,15.996991919715194,0,0.01,random,,
condition_recombine_pseudolabel__mult_0.25__sim_0.9__teacher_ridge__seed_0,condition_recombine_pseudolabel,0.25,0.9,ridge,0,31,1,1.032258064516129,True,0.85,0.85,0.85,reaction_role_concat,6144,random_forest,False,valid,r2,0.44885949594281993,0,0.01,random,,
condition_recombine_pseudolabel__mult_0.25__sim_0.9__teacher_ridge__seed_0,condition_recombine_pseudolabel,0.25,0.9,ridge,0,31,1,1.032258064516129,True,0.85,0.85,0.85,reaction_role_concat,6144,random_forest,False,valid,spearman,0.7152980164802871,0,0.01,random,,
condition_recombine_pseudolabel__mult_0.25__sim_0.9__teacher_ridge__seed_1,condition_recombine_pseudolabel,0.25,0.9,ridge,1,31,2,1.064516129032258,True,0.85,0.85,0.85,reaction_role_concat,6144,random_forest,False,valid,rmse,19.69416184321506,0,0.01,random,,
condition_recombine_pseudolabel__mult_0.25__sim_0.9__teacher_ridge__seed_1,condition_recombine_pseudolabel,0.25,0.9,ridge,1,31,2,1.064516129032258,True,0.85,0.85,0.85,reaction_role_concat,6144,random_forest,False,valid,mae,15.637402159933803,0,0.01,random,,
condition_recombine_pseudolabel__mult_0.25__sim_0.9__teacher_ridge__seed_1,condition_recombine_pseudolabel,0.25,0.9,ridge,1,31,2,1.064516129032258,True,0.85,0.85,0.85,reaction_role_concat,6144,random_forest,False,valid,r2,0.46747967993481765,0,0.01,random,,
condition_recombine_pseudolabel__mult_0.25__sim_0.9__teacher_ridge__seed_1,condition_recombine_pseudolabel,0.25,0.9,ridge,1,31,2,1.064516129032258,True,0.85,0.85,0.85,reaction_role_concat,6144,random_forest,False,valid,spearman,0.7338120383085925,0,0.01,random,,
condition_recombine_pseudolabel__mult_0.25__sim_0.9__teacher_ridge__seed_2,condition_recombine_pseudolabel,0.25,0.9,ridge,2,31,1,1.032258064516129,True,0.85,0.85,0.85,reaction_role_concat,6144,random_forest,False,valid,rmse,20.045070391227494,0,0.01,random,,
condition_recombine_pseudolabel__mult_0.25__sim_0.9__teacher_ridge__seed_2,condition_recombine_pseudolabel,0.25,0.9,ridge,2,31,1,1.032258064516129,True,0.85,0.85,0.85,reaction_role_concat,6144,random_forest,False,valid,mae,16.046845081445536,0,0.01,random,,
condition_recombine_pseudolabel__mult_0.25__sim_0.9__teacher_ridge__seed_2,condition_recombine_pseudolabel,0.25,0.9,ridge,2,31,1,1.032258064516129,True,0.85,0.85,0.85,reaction_role_concat,6144,random_forest,False,valid,r2,0.4483338322695961,0,0.01,random,,
condition_recombine_pseudolabel__mult_0.25__sim_0.9__teacher_ridge__seed_2,condition_recombine_pseudolabel,0.25,0.9,ridge,2,31,1,1.032258064516129,True,0.85,0.85,0.85,reaction_role_concat,6144,random_forest,False,valid,spearman,0.7036605701312753,0,0.01,random,,
condition_recombine_pseudolabel__mult_0.25__sim_0.9__teacher_ridge__seed_3,condition_recombine_pseudolabel,0.25,0.9,ridge,3,31,1,1.032258064516129,True,0.85,0.85,0.85,reaction_role_concat,6144,random_forest,False,valid,rmse,20.298283457830863,0,0.01,random,,
condition_recombine_pseudolabel__mult_0.25__sim_0.9__teacher_ridge__seed_3,condition_recombine_pseudolabel,0.25,0.9,ridge,3,31,1,1.032258064516129,True,0.85,0.85,0.85,reaction_role_concat,6144,random_forest,False,valid,mae,16.389574360855015,0,0.01,random,,
condition_recombine_pseudolabel__mult_0.25__sim_0.9__teacher_ridge__seed_3,condition_recombine_pseudolabel,0.25,0.9,ridge,3,31,1,1.032258064516129,True,0.85,0.85,0.85,reaction_role_concat,6144,random_forest,False,valid,r2,0.434308301942817,0,0.01,random,,
condition_recombine_pseudolabel__mult_0.25__sim_0.9__teacher_ridge__seed_3,condition_recombine_pseudolabel,0.25,0.9,ridge,3,31,1,1.032258064516129,True,0.85,0.85,0.85,reaction_role_concat,6144,random_forest,False,valid,spearman,0.7170400407266982,0,0.01,random,,
condition_recombine_pseudolabel__mult_0.25__sim_0.9__teacher_ridge__seed_4,condition_recombine_pseudolabel,0.25,0.9,ridge,4,31,0,1.0,True,,,,reaction_role_concat,6144,random_forest,False,valid,rmse,20.405752315451878,0,0.01,random,,
condition_recombine_pseudolabel__mult_0.25__sim_0.9__teacher_ridge__seed_4,condition_recombine_pseudolabel,0.25,0.9,ridge,4,31,0,1.0,True,,,,reaction_role_concat,6144,random_forest,False,valid,mae,16.359385532849952,0,0.01,random,,
condition_recombine_pseudolabel__mult_0.25__sim_0.9__teacher_ridge__seed_4,condition_recombine_pseudolabel,0.25,0.9,ridge,4,31,0,1.0,True,,,,reaction_role_concat,6144,random_forest,False,valid,r2,0.4283023578805397,0,0.01,random,,
condition_recombine_pseudolabel__mult_0.25__sim_0.9__teacher_ridge__seed_4,condition_recombine_pseudolabel,0.25,0.9,ridge,4,31,0,1.0,True,,,,reaction_role_concat,6144,random_forest,False,valid,spearman,0.7028232457114711,0,0.01,random,,
condition_recombine_pseudolabel__mult_0.25__sim_0.9__teacher_rf__seed_0,condition_recombine_pseudolabel,0.25,0.9,random_forest,0,31,1,1.032258064516129,True,0.85,0.85,0.85,reaction_role_concat,6144,random_forest,False,valid,rmse,20.146540695266534,0,0.01,random,,
condition_recombine_pseudolabel__mult_0.25__sim_0.9__teacher_rf__seed_0,condition_recombine_pseudolabel,0.25,0.9,random_forest,0,31,1,1.032258064516129,True,0.85,0.85,0.85,reaction_role_concat,6144,random_forest,False,valid,mae,16.213078164129318,0,0.01,random,,
condition_recombine_pseudolabel__mult_0.25__sim_0.9__teacher_rf__seed_0,condition_recombine_pseudolabel,0.25,0.9,random_forest,0,31,1,1.032258064516129,True,0.85,0.85,0.85,reaction_role_concat,6144,random_forest,False,valid,r2,0.4427345088120742,0,0.01,random,,
condition_recombine_pseudolabel__mult_0.25__sim_0.9__teacher_rf__seed_0,condition_recombine_pseudolabel,0.25,0.9,random_forest,0,31,1,1.032258064516129,True,0.85,0.85,0.85,reaction_role_concat,6144,random_forest,False,valid,spearman,0.7043931316352992,0,0.01,random,,
condition_recombine_pseudolabel__mult_0.25__sim_0.9__teacher_rf__seed_1,condition_recombine_pseudolabel,0.25,0.9,random_forest,1,31,2,1.064516129032258,True,0.85,0.85,0.85,reaction_role_concat,6144,random_forest,False,valid,rmse,19.6048034019163,0,0.01,random,,
condition_recombine_pseudolabel__mult_0.25__sim_0.9__teacher_rf__seed_1,condition_recombine_pseudolabel,0.25,0.9,random_forest,1,31,2,1.064516129032258,True,0.85,0.85,0.85,reaction_role_concat,6144,random_forest,False,valid,mae,15.526568911674657,0,0.01,random,,
condition_recombine_pseudolabel__mult_0.25__sim_0.9__teacher_rf__seed_1,condition_recombine_pseudolabel,0.25,0.9,random_forest,1,31,2,1.064516129032258,True,0.85,0.85,0.85,reaction_role_concat,6144,random_forest,False,valid,r2,0.47230113228819326,0,0.01,random,,
condition_recombine_pseudolabel__mult_0.25__sim_0.9__teacher_rf__seed_1,condition_recombine_pseudolabel,0.25,0.9,random_forest,1,31,2,1.064516129032258,True,0.85,0.85,0.85,reaction_role_concat,6144,random_forest,False,valid,spearman,0.7328156222490256,0,0.01,random,,
condition_recombine_pseudolabel__mult_0.25__sim_0.9__teacher_rf__seed_2,condition_recombine_pseudolabel,0.25,0.9,random_forest,2,31,1,1.032258064516129,True,0.85,0.85,0.85,reaction_role_concat,6144,random_forest,False,valid,rmse,20.163481070424528,0,0.01,random,,
condition_recombine_pseudolabel__mult_0.25__sim_0.9__teacher_rf__seed_2,condition_recombine_pseudolabel,0.25,0.9,random_forest,2,31,1,1.032258064516129,True,0.85,0.85,0.85,reaction_role_concat,6144,random_forest,False,valid,mae,16.22350941380368,0,0.01,random,,
condition_recombine_pseudolabel__mult_0.25__sim_0.9__teacher_rf__seed_2,condition_recombine_pseudolabel,0.25,0.9,random_forest,2,31,1,1.032258064516129,True,0.85,0.85,0.85,reaction_role_concat,6144,random_forest,False,valid,r2,0.44179695277252684,0,0.01,random,,
condition_recombine_pseudolabel__mult_0.25__sim_0.9__teacher_rf__seed_2,condition_recombine_pseudolabel,0.25,0.9,random_forest,2,31,1,1.032258064516129,True,0.85,0.85,0.85,reaction_role_concat,6144,random_forest,False,valid,spearman,0.7061937685910964,0,0.01,random,,
condition_recombine_pseudolabel__mult_0.25__sim_0.9__teacher_rf__seed_3,condition_recombine_pseudolabel,0.25,0.9,random_forest,3,31,1,1.032258064516129,True,0.85,0.85,0.85,reaction_role_concat,6144,random_forest,False,valid,rmse,20.036702771426082,0,0.01,random,,
condition_recombine_pseudolabel__mult_0.25__sim_0.9__teacher_rf__seed_3,condition_recombine_pseudolabel,0.25,0.9,random_forest,3,31,1,1.032258064516129,True,0.85,0.85,0.85,reaction_role_concat,6144,random_forest,False,valid,mae,16.0335780032345,0,0.01,random,,
condition_recombine_pseudolabel__mult_0.25__sim_0.9__teacher_rf__seed_3,condition_recombine_pseudolabel,0.25,0.9,random_forest,3,31,1,1.032258064516129,True,0.85,0.85,0.85,reaction_role_concat,6144,random_forest,False,valid,r2,0.4487943114975478,0,0.01,random,,
condition_recombine_pseudolabel__mult_0.25__sim_0.9__teacher_rf__seed_3,condition_recombine_pseudolabel,0.25,0.9,random_forest,3,31,1,1.032258064516129,True,0.85,0.85,0.85,reaction_role_concat,6144,random_forest,False,valid,spearman,0.7159419773770993,0,0.01,random,,
condition_recombine_pseudolabel__mult_0.25__sim_0.9__teacher_rf__seed_4,condition_recombine_pseudolabel,0.25,0.9,random_forest,4,31,0,1.0,True,,,,reaction_role_concat,6144,random_forest,False,valid,rmse,20.405752315451878,0,0.01,random,,
condition_recombine_pseudolabel__mult_0.25__sim_0.9__teacher_rf__seed_4,condition_recombine_pseudolabel,0.25,0.9,random_forest,4,31,0,1.0,True,,,,reaction_role_concat,6144,random_forest,False,valid,mae,16.359385532849952,0,0.01,random,,
condition_recombine_pseudolabel__mult_0.25__sim_0.9__teacher_rf__seed_4,condition_recombine_pseudolabel,0.25,0.9,random_forest,4,31,0,1.0,True,,,,reaction_role_concat,6144,random_forest,False,valid,r2,0.4283023578805397,0,0.01,random,,
condition_recombine_pseudolabel__mult_0.25__sim_0.9__teacher_rf__seed_4,condition_recombine_pseudolabel,0.25,0.9,random_forest,4,31,0,1.0,True,,,,reaction_role_concat,6144,random_forest,False,valid,spearman,0.7028232457114711,0,0.01,random,,
condition_recombine_pseudolabel__mult_0.25__sim_0.95__teacher_ridge__seed_0,condition_recombine_pseudolabel,0.25,0.95,ridge,0,31,0,1.0,True,,,,reaction_role_concat,6144,random_forest,False,valid,rmse,20.405752315451878,0,0.01,random,,
condition_recombine_pseudolabel__mult_0.25__sim_0.95__teacher_ridge__seed_0,condition_recombine_pseudolabel,0.25,0.95,ridge,0,31,0,1.0,True,,,,reaction_role_concat,6144,random_forest,False,valid,mae,16.359385532849952,0,0.01,random,,
condition_recombine_pseudolabel__mult_0.25__sim_0.95__teacher_ridge__seed_0,condition_recombine_pseudolabel,0.25,0.95,ridge,0,31,0,1.0,True,,,,reaction_role_concat,6144,random_forest,False,valid,r2,0.4283023578805397,0,0.01,random,,
condition_recombine_pseudolabel__mult_0.25__sim_0.95__teacher_ridge__seed_0,condition_recombine_pseudolabel,0.25,0.95,ridge,0,31,0,1.0,True,,,,reaction_role_concat,6144,random_forest,False,valid,spearman,0.7028232457114711,0,0.01,random,,
condition_recombine_pseudolabel__mult_0.25__sim_0.95__teacher_ridge__seed_1,condition_recombine_pseudolabel,0.25,0.95,ridge,1,31,0,1.0,True,,,,reaction_role_concat,6144,random_forest,False,valid,rmse,20.405752315451878,0,0.01,random,,
condition_recombine_pseudolabel__mult_0.25__sim_0.95__teacher_ridge__seed_1,condition_recombine_pseudolabel,0.25,0.95,ridge,1,31,0,1.0,True,,,,reaction_role_concat,6144,random_forest,False,valid,mae,16.359385532849952,0,0.01,random,,
condition_recombine_pseudolabel__mult_0.25__sim_0.95__teacher_ridge__seed_1,condition_recombine_pseudolabel,0.25,0.95,ridge,1,31,0,1.0,True,,,,reaction_role_concat,6144,random_forest,False,valid,r2,0.4283023578805397,0,0.01,random,,
condition_recombine_pseudolabel__mult_0.25__sim_0.95__teacher_ridge__seed_1,condition_recombine_pseudolabel,0.25,0.95,ridge,1,31,0,1.0,True,,,,reaction_role_concat,6144,random_forest,False,valid,spearman,0.7028232457114711,0,0.01,random,,
condition_recombine_pseudolabel__mult_0.25__sim_0.95__teacher_ridge__seed_2,condition_recombine_pseudolabel,0.25,0.95,ridge,2,31,0,1.0,True,,,,reaction_role_concat,6144,random_forest,False,valid,rmse,20.405752315451878,0,0.01,random,,
condition_recombine_pseudolabel__mult_0.25__sim_0.95__teacher_ridge__seed_2,condition_recombine_pseudolabel,0.25,0.95,ridge,2,31,0,1.0,True,,,,reaction_role_concat,6144,random_forest,False,valid,mae,16.359385532849952,0,0.01,random,,
condition_recombine_pseudolabel__mult_0.25__sim_0.95__teacher_ridge__seed_2,condition_recombine_pseudolabel,0.25,0.95,ridge,2,31,0,1.0,True,,,,reaction_role_concat,6144,random_forest,False,valid,r2,0.4283023578805397,0,0.01,random,,
condition_recombine_pseudolabel__mult_0.25__sim_0.95__teacher_ridge__seed_2,condition_recombine_pseudolabel,0.25,0.95,ridge,2,31,0,1.0,True,,,,reaction_role_concat,6144,random_forest,False,valid,spearman,0.7028232457114711,0,0.01,random,,
condition_recombine_pseudolabel__mult_0.25__sim_0.95__teacher_ridge__seed_3,condition_recombine_pseudolabel,0.25,0.95,ridge,3,31,0,1.0,True,,,,reaction_role_concat,6144,random_forest,False,valid,rmse,20.405752315451878,0,0.01,random,,
condition_recombine_pseudolabel__mult_0.25__sim_0.95__teacher_ridge__seed_3,condition_recombine_pseudolabel,0.25,0.95,ridge,3,31,0,1.0,True,,,,reaction_role_concat,6144,random_forest,False,valid,mae,16.359385532849952,0,0.01,random,,
condition_recombine_pseudolabel__mult_0.25__sim_0.95__teacher_ridge__seed_3,condition_recombine_pseudolabel,0.25,0.95,ridge,3,31,0,1.0,True,,,,reaction_role_concat,6144,random_forest,False,valid,r2,0.4283023578805397,0,0.01,random,,
condition_recombine_pseudolabel__mult_0.25__sim_0.95__teacher_ridge__seed_3,condition_recombine_pseudolabel,0.25,0.95,ridge,3,31,0,1.0,True,,,,reaction_role_concat,6144,random_forest,False,valid,spearman,0.7028232457114711,0,0.01,random,,
condition_recombine_pseudolabel__mult_0.25__sim_0.95__teacher_ridge__seed_4,condition_recombine_pseudolabel,0.25,0.95,ridge,4,31,0,1.0,True,,,,reaction_role_concat,6144,random_forest,False,valid,rmse,20.405752315451878,0,0.01,random,,
condition_recombine_pseudolabel__mult_0.25__sim_0.95__teacher_ridge__seed_4,condition_recombine_pseudolabel,0.25,0.95,ridge,4,31,0,1.0,True,,,,reaction_role_concat,6144,random_forest,False,valid,mae,16.359385532849952,0,0.01,random,,
condition_recombine_pseudolabel__mult_0.25__sim_0.95__teacher_ridge__seed_4,condition_recombine_pseudolabel,0.25,0.95,ridge,4,31,0,1.0,True,,,,reaction_role_concat,6144,random_forest,False,valid,r2,0.4283023578805397,0,0.01,random,,
condition_recombine_pseudolabel__mult_0.25__sim_0.95__teacher_ridge__seed_4,condition_recombine_pseudolabel,0.25,0.95,ridge,4,31,0,1.0,True,,,,reaction_role_concat,6144,random_forest,False,valid,spearman,0.7028232457114711,0,0.01,random,,
condition_recombine_pseudolabel__mult_0.25__sim_0.95__teacher_rf__seed_0,condition_recombine_pseudolabel,0.25,0.95,random_forest,0,31,0,1.0,True,,,,reaction_role_concat,6144,random_forest,False,valid,rmse,20.405752315451878,0,0.01,random,,
condition_recombine_pseudolabel__mult_0.25__sim_0.95__teacher_rf__seed_0,condition_recombine_pseudolabel,0.25,0.95,random_forest,0,31,0,1.0,True,,,,reaction_role_concat,6144,random_forest,False,valid,mae,16.359385532849952,0,0.01,random,,
condition_recombine_pseudolabel__mult_0.25__sim_0.95__teacher_rf__seed_0,condition_recombine_pseudolabel,0.25,0.95,random_forest,0,31,0,1.0,True,,,,reaction_role_concat,6144,random_forest,False,valid,r2,0.4283023578805397,0,0.01,random,,
condition_recombine_pseudolabel__mult_0.25__sim_0.95__teacher_rf__seed_0,condition_recombine_pseudolabel,0.25,0.95,random_forest,0,31,0,1.0,True,,,,reaction_role_concat,6144,random_forest,False,valid,spearman,0.7028232457114711,0,0.01,random,,
condition_recombine_pseudolabel__mult_0.25__sim_0.95__teacher_rf__seed_1,condition_recombine_pseudolabel,0.25,0.95,random_forest,1,31,0,1.0,True,,,,reaction_role_concat,6144,random_forest,False,valid,rmse,20.405752315451878,0,0.01,random,,
condition_recombine_pseudolabel__mult_0.25__sim_0.95__teacher_rf__seed_1,condition_recombine_pseudolabel,0.25,0.95,random_forest,1,31,0,1.0,True,,,,reaction_role_concat,6144,random_forest,False,valid,mae,16.359385532849952,0,0.01,random,,
condition_recombine_pseudolabel__mult_0.25__sim_0.95__teacher_rf__seed_1,condition_recombine_pseudolabel,0.25,0.95,random_forest,1,31,0,1.0,True,,,,reaction_role_concat,6144,random_forest,False,valid,r2,0.4283023578805397,0,0.01,random,,
condition_recombine_pseudolabel__mult_0.25__sim_0.95__teacher_rf__seed_1,condition_recombine_pseudolabel,0.25,0.95,random_forest,1,31,0,1.0,True,,,,reaction_role_concat,6144,random_forest,False,valid,spearman,0.7028232457114711,0,0.01,random,,
condition_recombine_pseudolabel__mult_0.25__sim_0.95__teacher_rf__seed_2,condition_recombine_pseudolabel,0.25,0.95,random_forest,2,31,0,1.0,True,,,,reaction_role_concat,6144,random_forest,False,valid,rmse,20.405752315451878,0,0.01,random,,
condition_recombine_pseudolabel__mult_0.25__sim_0.95__teacher_rf__seed_2,condition_recombine_pseudolabel,0.25,0.95,random_forest,2,31,0,1.0,True,,,,reaction_role_concat,6144,random_forest,False,valid,mae,16.359385532849952,0,0.01,random,,
condition_recombine_pseudolabel__mult_0.25__sim_0.95__teacher_rf__seed_2,condition_recombine_pseudolabel,0.25,0.95,random_forest,2,31,0,1.0,True,,,,reaction_role_concat,6144,random_forest,False,valid,r2,0.4283023578805397,0,0.01,random,,
condition_recombine_pseudolabel__mult_0.25__sim_0.95__teacher_rf__seed_2,condition_recombine_pseudolabel,0.25,0.95,random_forest,2,31,0,1.0,True,,,,reaction_role_concat,6144,random_forest,False,valid,spearman,0.7028232457114711,0,0.01,random,,
condition_recombine_pseudolabel__mult_0.25__sim_0.95__teacher_rf__seed_3,condition_recombine_pseudolabel,0.25,0.95,random_forest,3,31,0,1.0,True,,,,reaction_role_concat,6144,random_forest,False,valid,rmse,20.405752315451878,0,0.01,random,,
condition_recombine_pseudolabel__mult_0.25__sim_0.95__teacher_rf__seed_3,condition_recombine_pseudolabel,0.25,0.95,random_forest,3,31,0,1.0,True,,,,reaction_role_concat,6144,random_forest,False,valid,mae,16.359385532849952,0,0.01,random,,
condition_recombine_pseudolabel__mult_0.25__sim_0.95__teacher_rf__seed_3,condition_recombine_pseudolabel,0.25,0.95,random_forest,3,31,0,1.0,True,,,,reaction_role_concat,6144,random_forest,False,valid,r2,0.4283023578805397,0,0.01,random,,
condition_recombine_pseudolabel__mult_0.25__sim_0.95__teacher_rf__seed_3,condition_recombine_pseudolabel,0.25,0.95,random_forest,3,31,0,1.0,True,,,,reaction_role_concat,6144,random_forest,False,valid,spearman,0.7028232457114711,0,0.01,random,,
condition_recombine_pseudolabel__mult_0.25__sim_0.95__teacher_rf__seed_4,condition_recombine_pseudolabel,0.25,0.95,random_forest,4,31,0,1.0,True,,,,reaction_role_concat,6144,random_forest,False,valid,rmse,20.405752315451878,0,0.01,random,,
condition_recombine_pseudolabel__mult_0.25__sim_0.95__teacher_rf__seed_4,condition_recombine_pseudolabel,0.25,0.95,random_forest,4,31,0,1.0,True,,,,reaction_role_concat,6144,random_forest,False,valid,mae,16.359385532849952,0,0.01,random,,
condition_recombine_pseudolabel__mult_0.25__sim_0.95__teacher_rf__seed_4,condition_recombine_pseudolabel,0.25,0.95,random_forest,4,31,0,1.0,True,,,,reaction_role_concat,6144,random_forest,False,valid,r2,0.4283023578805397,0,0.01,random,,
condition_recombine_pseudolabel__mult_0.25__sim_0.95__teacher_rf__seed_4,condition_recombine_pseudolabel,0.25,0.95,random_forest,4,31,0,1.0,True,,,,reaction_role_concat,6144,random_forest,False,valid,spearman,0.7028232457114711,0,0.01,random,,
condition_recombine_pseudolabel__mult_0.5__sim_0.7__teacher_ridge__seed_0,condition_recombine_pseudolabel,0.5,0.7,ridge,0,31,15,1.4838709677419355,True,0.7893849825859068,0.7394366264343262,0.85,reaction_role_concat,6144,random_forest,False,valid,rmse,20.832566848954073,0,0.01,random,,
condition_recombine_pseudolabel__mult_0.5__sim_0.7__teacher_ridge__seed_0,condition_recombine_pseudolabel,0.5,0.7,ridge,0,31,15,1.4838709677419355,True,0.7893849825859068,0.7394366264343262,0.85,reaction_role_concat,6144,random_forest,False,valid,mae,17.34153523331805,0,0.01,random,,
condition_recombine_pseudolabel__mult_0.5__sim_0.7__teacher_ridge__seed_0,condition_recombine_pseudolabel,0.5,0.7,ridge,0,31,15,1.4838709677419355,True,0.7893849825859068,0.7394366264343262,0.85,reaction_role_concat,6144,random_forest,False,valid,r2,0.404136549137902,0,0.01,random,,
condition_recombine_pseudolabel__mult_0.5__sim_0.7__teacher_ridge__seed_0,condition_recombine_pseudolabel,0.5,0.7,ridge,0,31,15,1.4838709677419355,True,0.7893849825859068,0.7394366264343262,0.85,reaction_role_concat,6144,random_forest,False,valid,spearman,0.6663889234864844,0,0.01,random,,
condition_recombine_pseudolabel__mult_0.5__sim_0.7__teacher_ridge__seed_1,condition_recombine_pseudolabel,0.5,0.7,ridge,1,31,15,1.4838709677419355,True,0.7959597365061443,0.7320261597633362,0.85,reaction_role_concat,6144,random_forest,False,valid,rmse,20.91706529604441,0,0.01,random,,
condition_recombine_pseudolabel__mult_0.5__sim_0.7__teacher_ridge__seed_1,condition_recombine_pseudolabel,0.5,0.7,ridge,1,31,15,1.4838709677419355,True,0.7959597365061443,0.7320261597633362,0.85,reaction_role_concat,6144,random_forest,False,valid,mae,16.805816915042794,0,0.01,random,,
condition_recombine_pseudolabel__mult_0.5__sim_0.7__teacher_ridge__seed_1,condition_recombine_pseudolabel,0.5,0.7,ridge,1,31,15,1.4838709677419355,True,0.7959597365061443,0.7320261597633362,0.85,reaction_role_concat,6144,random_forest,False,valid,r2,0.39929301282465124,0,0.01,random,,
condition_recombine_pseudolabel__mult_0.5__sim_0.7__teacher_ridge__seed_1,condition_recombine_pseudolabel,0.5,0.7,ridge,1,31,15,1.4838709677419355,True,0.7959597365061443,0.7320261597633362,0.85,reaction_role_concat,6144,random_forest,False,valid,spearman,0.6433241407998485,0,0.01,random,,
condition_recombine_pseudolabel__mult_0.5__sim_0.7__teacher_ridge__seed_2,condition_recombine_pseudolabel,0.5,0.7,ridge,2,31,15,1.4838709677419355,True,0.8023106463750203,0.7515528202056885,0.85,reaction_role_concat,6144,random_forest,False,valid,rmse,21.818408834515964,0,0.01,random,,
condition_recombine_pseudolabel__mult_0.5__sim_0.7__teacher_ridge__seed_2,condition_recombine_pseudolabel,0.5,0.7,ridge,2,31,15,1.4838709677419355,True,0.8023106463750203,0.7515528202056885,0.85,reaction_role_concat,6144,random_forest,False,valid,mae,17.66650513686108,0,0.01,random,,
condition_recombine_pseudolabel__mult_0.5__sim_0.7__teacher_ridge__seed_2,condition_recombine_pseudolabel,0.5,0.7,ridge,2,31,15,1.4838709677419355,True,0.8023106463750203,0.7515528202056885,0.85,reaction_role_concat,6144,random_forest,False,valid,r2,0.3464070938134254,0,0.01,random,,
condition_recombine_pseudolabel__mult_0.5__sim_0.7__teacher_ridge__seed_2,condition_recombine_pseudolabel,0.5,0.7,ridge,2,31,15,1.4838709677419355,True,0.8023106463750203,0.7515528202056885,0.85,reaction_role_concat,6144,random_forest,False,valid,spearman,0.6021639984948093,0,0.01,random,,
condition_recombine_pseudolabel__mult_0.5__sim_0.7__teacher_ridge__seed_3,condition_recombine_pseudolabel,0.5,0.7,ridge,3,31,15,1.4838709677419355,True,0.8053235562642415,0.7225806713104248,0.85,reaction_role_concat,6144,random_forest,False,valid,rmse,21.940813152123948,0,0.01,random,,
condition_recombine_pseudolabel__mult_0.5__sim_0.7__teacher_ridge__seed_3,condition_recombine_pseudolabel,0.5,0.7,ridge,3,31,15,1.4838709677419355,True,0.8053235562642415,0.7225806713104248,0.85,reaction_role_concat,6144,random_forest,False,valid,mae,17.733132100277306,0,0.01,random,,
condition_recombine_pseudolabel__mult_0.5__sim_0.7__teacher_ridge__seed_3,condition_recombine_pseudolabel,0.5,0.7,ridge,3,31,15,1.4838709677419355,True,0.8053235562642415,0.7225806713104248,0.85,reaction_role_concat,6144,random_forest,False,valid,r2,0.33905302806648574,0,0.01,random,,
condition_recombine_pseudolabel__mult_0.5__sim_0.7__teacher_ridge__seed_3,condition_recombine_pseudolabel,0.5,0.7,ridge,3,31,15,1.4838709677419355,True,0.8053235562642415,0.7225806713104248,0.85,reaction_role_concat,6144,random_forest,False,valid,spearman,0.6236349438846785,0,0.01,random,,
condition_recombine_pseudolabel__mult_0.5__sim_0.7__teacher_ridge__seed_4,condition_recombine_pseudolabel,0.5,0.7,ridge,4,31,15,1.4838709677419355,True,0.8026355274518331,0.7302631735801697,0.85,reaction_role_concat,6144,random_forest,False,valid,rmse,22.042541230587226,0,0.01,random,,
condition_recombine_pseudolabel__mult_0.5__sim_0.7__teacher_ridge__seed_4,condition_recombine_pseudolabel,0.5,0.7,ridge,4,31,15,1.4838709677419355,True,0.8026355274518331,0.7302631735801697,0.85,reaction_role_concat,6144,random_forest,False,valid,mae,17.78716984910603,0,0.01,random,,
condition_recombine_pseudolabel__mult_0.5__sim_0.7__teacher_ridge__seed_4,condition_recombine_pseudolabel,0.5,0.7,ridge,4,31,15,1.4838709677419355,True,0.8026355274518331,0.7302631735801697,0.85,reaction_role_concat,6144,random_forest,False,valid,r2,0.332909888698936,0,0.01,random,,
condition_recombine_pseudolabel__mult_0.5__sim_0.7__teacher_ridge__seed_4,condition_recombine_pseudolabel,0.5,0.7,ridge,4,31,15,1.4838709677419355,True,0.8026355274518331,0.7302631735801697,0.85,reaction_role_concat,6144,random_forest,False,valid,spearman,0.5780996841228584,0,0.01,random,,
condition_recombine_pseudolabel__mult_0.5__sim_0.7__teacher_rf__seed_0,condition_recombine_pseudolabel,0.5,0.7,random_forest,0,31,15,1.4838709677419355,True,0.7893849825859068,0.7394366264343262,0.85,reaction_role_concat,6144,random_forest,False,valid,rmse,19.963338803071377,0,0.01,random,,
condition_recombine_pseudolabel__mult_0.5__sim_0.7__teacher_rf__seed_0,condition_recombine_pseudolabel,0.5,0.7,random_forest,0,31,15,1.4838709677419355,True,0.7893849825859068,0.7394366264343262,0.85,reaction_role_concat,6144,random_forest,False,valid,mae,15.524454719670212,0,0.01,random,,
condition_recombine_pseudolabel__mult_0.5__sim_0.7__teacher_rf__seed_0,condition_recombine_pseudolabel,0.5,0.7,random_forest,0,31,15,1.4838709677419355,True,0.7893849825859068,0.7394366264343262,0.85,reaction_role_concat,6144,random_forest,False,valid,r2,0.45282337800986183,0,0.01,random,,
condition_recombine_pseudolabel__mult_0.5__sim_0.7__teacher_rf__seed_0,condition_recombine_pseudolabel,0.5,0.7,random_forest,0,31,15,1.4838709677419355,True,0.7893849825859068,0.7394366264343262,0.85,reaction_role_concat,6144,random_forest,False,valid,spearman,0.6976661061919149,0,0.01,random,,
condition_recombine_pseudolabel__mult_0.5__sim_0.7__teacher_rf__seed_1,condition_recombine_pseudolabel,0.5,0.7,random_forest,1,31,15,1.4838709677419355,True,0.7959597365061443,0.7320261597633362,0.85,reaction_role_concat,6144,random_forest,False,valid,rmse,19.43924007301182,0,0.01,random,,
condition_recombine_pseudolabel__mult_0.5__sim_0.7__teacher_rf__seed_1,condition_recombine_pseudolabel,0.5,0.7,random_forest,1,31,15,1.4838709677419355,True,0.7959597365061443,0.7320261597633362,0.85,reaction_role_concat,6144,random_forest,False,valid,mae,15.285665075039564,0,0.01,random,,
condition_recombine_pseudolabel__mult_0.5__sim_0.7__teacher_rf__seed_1,condition_recombine_pseudolabel,0.5,0.7,random_forest,1,31,15,1.4838709677419355,True,0.7959597365061443,0.7320261597633362,0.85,reaction_role_concat,6144,random_forest,False,valid,r2,0.48117637251372203,0,0.01,random,,
condition_recombine_pseudolabel__mult_0.5__sim_0.7__teacher_rf__seed_1,condition_recombine_pseudolabel,0.5,0.7,random_forest,1,31,15,1.4838709677419355,True,0.7959597365061443,0.7320261597633362,0.85,reaction_role_concat,6144,random_forest,False,valid,spearman,0.7308749768611729,0,0.01,random,,
condition_recombine_pseudolabel__mult_0.5__sim_0.7__teacher_rf__seed_2,condition_recombine_pseudolabel,0.5,0.7,random_forest,2,31,15,1.4838709677419355,True,0.8023106463750203,0.7515528202056885,0.85,reaction_role_concat,6144,random_forest,False,valid,rmse,19.806558183212836,0,0.01,random,,
condition_recombine_pseudolabel__mult_0.5__sim_0.7__teacher_rf__seed_2,condition_recombine_pseudolabel,0.5,0.7,random_forest,2,31,15,1.4838709677419355,True,0.8023106463750203,0.7515528202056885,0.85,reaction_role_concat,6144,random_forest,False,valid,mae,15.625101728790925,0,0.01,random,,
condition_recombine_pseudolabel__mult_0.5__sim_0.7__teacher_rf__seed_2,condition_recombine_pseudolabel,0.5,0.7,random_forest,2,31,15,1.4838709677419355,True,0.8023106463750203,0.7515528202056885,0.85,reaction_role_concat,6144,random_forest,False,valid,r2,0.4613840532622179,0,0.01,random,,
condition_recombine_pseudolabel__mult_0.5__sim_0.7__teacher_rf__seed_2,condition_recombine_pseudolabel,0.5,0.7,random_forest,2,31,15,1.4838709677419355,True,0.8023106463750203,0.7515528202056885,0.85,reaction_role_concat,6144,random_forest,False,valid,spearman,0.6975223979542836,0,0.01,random,,
condition_recombine_pseudolabel__mult_0.5__sim_0.7__teacher_rf__seed_3,condition_recombine_pseudolabel,0.5,0.7,random_forest,3,31,15,1.4838709677419355,True,0.8053235562642415,0.7225806713104248,0.85,reaction_role_concat,6144,random_forest,False,valid,rmse,18.944543232664323,0,0.01,random,,
condition_recombine_pseudolabel__mult_0.5__sim_0.7__teacher_rf__seed_3,condition_recombine_pseudolabel,0.5,0.7,random_forest,3,31,15,1.4838709677419355,True,0.8053235562642415,0.7225806713104248,0.85,reaction_role_concat,6144,random_forest,False,valid,mae,14.93515536254569,0,0.01,random,,
condition_recombine_pseudolabel__mult_0.5__sim_0.7__teacher_rf__seed_3,condition_recombine_pseudolabel,0.5,0.7,random_forest,3,31,15,1.4838709677419355,True,0.8053235562642415,0.7225806713104248,0.85,reaction_role_concat,6144,random_forest,False,valid,r2,0.5072467965237117,0,0.01,random,,
condition_recombine_pseudolabel__mult_0.5__sim_0.7__teacher_rf__seed_3,condition_recombine_pseudolabel,0.5,0.7,random_forest,3,31,15,1.4838709677419355,True,0.8053235562642415,0.7225806713104248,0.85,reaction_role_concat,6144,random_forest,False,valid,spearman,0.7611204979907611,0,0.01,random,,
condition_recombine_pseudolabel__mult_0.5__sim_0.7__teacher_rf__seed_4,condition_recombine_pseudolabel,0.5,0.7,random_forest,4,31,15,1.4838709677419355,True,0.8026355274518331,0.7302631735801697,0.85,reaction_role_concat,6144,random_forest,False,valid,rmse,19.60468200024602,0,0.01,random,,
condition_recombine_pseudolabel__mult_0.5__sim_0.7__teacher_rf__seed_4,condition_recombine_pseudolabel,0.5,0.7,random_forest,4,31,15,1.4838709677419355,True,0.8026355274518331,0.7302631735801697,0.85,reaction_role_concat,6144,random_forest,False,valid,mae,15.458318826538099,0,0.01,random,,
condition_recombine_pseudolabel__mult_0.5__sim_0.7__teacher_rf__seed_4,condition_recombine_pseudolabel,0.5,0.7,random_forest,4,31,15,1.4838709677419355,True,0.8026355274518331,0.7302631735801697,0.85,reaction_role_concat,6144,random_forest,False,valid,r2,0.472307667760575,0,0.01,random,,
condition_recombine_pseudolabel__mult_0.5__sim_0.7__teacher_rf__seed_4,condition_recombine_pseudolabel,0.5,0.7,random_forest,4,31,15,1.4838709677419355,True,0.8026355274518331,0.7302631735801697,0.85,reaction_role_concat,6144,random_forest,False,valid,spearman,0.7162105053712645,0,0.01,random,,
condition_recombine_pseudolabel__mult_0.5__sim_0.8__teacher_ridge__seed_0,condition_recombine_pseudolabel,0.5,0.8,ridge,0,31,5,1.1612903225806452,True,0.8425,0.8125,0.85,reaction_role_concat,6144,random_forest,False,valid,rmse,19.897862819603837,0,0.01,random,,
condition_recombine_pseudolabel__mult_0.5__sim_0.8__teacher_ridge__seed_0,condition_recombine_pseudolabel,0.5,0.8,ridge,0,31,5,1.1612903225806452,True,0.8425,0.8125,0.85,reaction_role_concat,6144,random_forest,False,valid,mae,15.708682838906215,0,0.01,random,,
condition_recombine_pseudolabel__mult_0.5__sim_0.8__teacher_ridge__seed_0,condition_recombine_pseudolabel,0.5,0.8,ridge,0,31,5,1.1612903225806452,True,0.8425,0.8125,0.85,reaction_role_concat,6144,random_forest,False,valid,r2,0.4564067640384195,0,0.01,random,,
condition_recombine_pseudolabel__mult_0.5__sim_0.8__teacher_ridge__seed_0,condition_recombine_pseudolabel,0.5,0.8,ridge,0,31,5,1.1612903225806452,True,0.8425,0.8125,0.85,reaction_role_concat,6144,random_forest,False,valid,spearman,0.6898484170100838,0,0.01,random,,
condition_recombine_pseudolabel__mult_0.5__sim_0.8__teacher_ridge__seed_1,condition_recombine_pseudolabel,0.5,0.8,ridge,1,31,6,1.1935483870967742,True,0.837521109978358,0.8095238208770752,0.85,reaction_role_concat,6144,random_forest,False,valid,rmse,19.150103090749624,0,0.01,random,,
condition_recombine_pseudolabel__mult_0.5__sim_0.8__teacher_ridge__seed_1,condition_recombine_pseudolabel,0.5,0.8,ridge,1,31,6,1.1935483870967742,True,0.837521109978358,0.8095238208770752,0.85,reaction_role_concat,6144,random_forest,False,valid,mae,15.023105529658402,0,0.01,random,,
condition_recombine_pseudolabel__mult_0.5__sim_0.8__teacher_ridge__seed_1,condition_recombine_pseudolabel,0.5,0.8,ridge,1,31,6,1.1935483870967742,True,0.837521109978358,0.8095238208770752,0.85,reaction_role_concat,6144,random_forest,False,valid,r2,0.4964954357753726,0,0.01,random,,
condition_recombine_pseudolabel__mult_0.5__sim_0.8__teacher_ridge__seed_1,condition_recombine_pseudolabel,0.5,0.8,ridge,1,31,6,1.1935483870967742,True,0.837521109978358,0.8095238208770752,0.85,reaction_role_concat,6144,random_forest,False,valid,spearman,0.7503616581027156,0,0.01,random,,
condition_recombine_pseudolabel__mult_0.5__sim_0.8__teacher_ridge__seed_2,condition_recombine_pseudolabel,0.5,0.8,ridge,2,31,8,1.2580645161290323,True,0.8289773851633072,0.8071428537368774,0.85,reaction_role_concat,6144,random_forest,False,valid,rmse,20.274958039108782,0,0.01,random,,
condition_recombine_pseudolabel__mult_0.5__sim_0.8__teacher_ridge__seed_2,condition_recombine_pseudolabel,0.5,0.8,ridge,2,31,8,1.2580645161290323,True,0.8289773851633072,0.8071428537368774,0.85,reaction_role_concat,6144,random_forest,False,valid,mae,15.966075985495047,0,0.01,random,,
condition_recombine_pseudolabel__mult_0.5__sim_0.8__teacher_ridge__seed_2,condition_recombine_pseudolabel,0.5,0.8,ridge,2,31,8,1.2580645161290323,True,0.8289773851633072,0.8071428537368774,0.85,reaction_role_concat,6144,random_forest,False,valid,r2,0.4356076644581238,0,0.01,random,,
condition_recombine_pseudolabel__mult_0.5__sim_0.8__teacher_ridge__seed_2,condition_recombine_pseudolabel,0.5,0.8,ridge,2,31,8,1.2580645161290323,True,0.8289773851633072,0.8071428537368774,0.85,reaction_role_concat,6144,random_forest,False,valid,spearman,0.6715713774652439,0,0.01,random,,
condition_recombine_pseudolabel__mult_0.5__sim_0.8__teacher_ridge__seed_3,condition_recombine_pseudolabel,0.5,0.8,ridge,3,31,8,1.2580645161290323,True,0.8351271361112595,0.8066666722297668,0.85,reaction_role_concat,6144,random_forest,False,valid,rmse,20.1630529688821,0,0.01,random,,
condition_recombine_pseudolabel__mult_0.5__sim_0.8__teacher_ridge__seed_3,condition_recombine_pseudolabel,0.5,0.8,ridge,3,31,8,1.2580645161290323,True,0.8351271361112595,0.8066666722297668,0.85,reaction_role_concat,6144,random_forest,False,valid,mae,16.29123368249211,0,0.01,random,,
condition_recombine_pseudolabel__mult_0.5__sim_0.8__teacher_ridge__seed_3,condition_recombine_pseudolabel,0.5,0.8,ridge,3,31,8,1.2580645161290323,True,0.8351271361112595,0.8066666722297668,0.85,reaction_role_concat,6144,random_forest,False,valid,r2,0.44182065552978855,0,0.01,random,,
condition_recombine_pseudolabel__mult_0.5__sim_0.8__teacher_ridge__seed_3,condition_recombine_pseudolabel,0.5,0.8,ridge,3,31,8,1.2580645161290323,True,0.8351271361112595,0.8066666722297668,0.85,reaction_role_concat,6144,random_forest,False,valid,spearman,0.7027562597578869,0,0.01,random,,
condition_recombine_pseudolabel__mult_0.5__sim_0.8__teacher_ridge__seed_4,condition_recombine_pseudolabel,0.5,0.8,ridge,4,31,9,1.2903225806451613,True,0.8277230342229207,0.8012422323226929,0.85,reaction_role_concat,6144,random_forest,False,valid,rmse,20.753048357034366,0,0.01,random,,
condition_recombine_pseudolabel__mult_0.5__sim_0.8__teacher_ridge__seed_4,condition_recombine_pseudolabel,0.5,0.8,ridge,4,31,9,1.2903225806451613,True,0.8277230342229207,0.8012422323226929,0.85,reaction_role_concat,6144,random_forest,False,valid,mae,16.716521302579324,0,0.01,random,,
condition_recombine_pseudolabel__mult_0.5__sim_0.8__teacher_ridge__seed_4,condition_recombine_pseudolabel,0.5,0.8,ridge,4,31,9,1.2903225806451613,True,0.8277230342229207,0.8012422323226929,0.85,reaction_role_concat,6144,random_forest,False,valid,r2,0.40867672259065013,0,0.01,random,,
condition_recombine_pseudolabel__mult_0.5__sim_0.8__teacher_ridge__seed_4,condition_recombine_pseudolabel,0.5,0.8,ridge,4,31,9,1.2903225806451613,True,0.8277230342229207,0.8012422323226929,0.85,reaction_role_concat,6144,random_forest,False,valid,spearman,0.6781085444646027,0,0.01,random,,
condition_recombine_pseudolabel__mult_0.5__sim_0.8__teacher_rf__seed_0,condition_recombine_pseudolabel,0.5,0.8,random_forest,0,31,5,1.1612903225806452,True,0.8425,0.8125,0.85,reaction_role_concat,6144,random_forest,False,valid,rmse,19.845507669655927,0,0.01,random,,
condition_recombine_pseudolabel__mult_0.5__sim_0.8__teacher_rf__seed_0,condition_recombine_pseudolabel,0.5,0.8,random_forest,0,31,5,1.1612903225806452,True,0.8425,0.8125,0.85,reaction_role_concat,6144,random_forest,False,valid,mae,15.555706808238089,0,0.01,random,,
condition_recombine_pseudolabel__mult_0.5__sim_0.8__teacher_rf__seed_0,condition_recombine_pseudolabel,0.5,0.8,random_forest,0,31,5,1.1612903225806452,True,0.8425,0.8125,0.85,reaction_role_concat,6144,random_forest,False,valid,r2,0.4592635998566087,0,0.01,random,,
condition_recombine_pseudolabel__mult_0.5__sim_0.8__teacher_rf__seed_0,condition_recombine_pseudolabel,0.5,0.8,random_forest,0,31,5,1.1612903225806452,True,0.8425,0.8125,0.85,reaction_role_concat,6144,random_forest,False,valid,spearman,0.6987834474758303,0,0.01,random,,
condition_recombine_pseudolabel__mult_0.5__sim_0.8__teacher_rf__seed_1,condition_recombine_pseudolabel,0.5,0.8,random_forest,1,31,6,1.1935483870967742,True,0.837521109978358,0.8095238208770752,0.85,reaction_role_concat,6144,random_forest,False,valid,rmse,19.361496443217924,0,0.01,random,,
condition_recombine_pseudolabel__mult_0.5__sim_0.8__teacher_rf__seed_1,condition_recombine_pseudolabel,0.5,0.8,random_forest,1,31,6,1.1935483870967742,True,0.837521109978358,0.8095238208770752,0.85,reaction_role_concat,6144,random_forest,False,valid,mae,15.27836813359623,0,0.01,random,,
condition_recombine_pseudolabel__mult_0.5__sim_0.8__teacher_rf__seed_1,condition_recombine_pseudolabel,0.5,0.8,random_forest,1,31,6,1.1935483870967742,True,0.837521109978358,0.8095238208770752,0.85,reaction_role_concat,6144,random_forest,False,valid,r2,0.4853179516329019,0,0.01,random,,
condition_recombine_pseudolabel__mult_0.5__sim_0.8__teacher_rf__seed_1,condition_recombine_pseudolabel,0.5,0.8,random_forest,1,31,6,1.1935483870967742,True,0.837521109978358,0.8095238208770752,0.85,reaction_role_concat,6144,random_forest,False,valid,spearman,0.7356543467587707,0,0.01,random,,
condition_recombine_pseudolabel__mult_0.5__sim_0.8__teacher_rf__seed_2,condition_recombine_pseudolabel,0.5,0.8,random_forest,2,31,8,1.2580645161290323,True,0.8289773851633072,0.8071428537368774,0.85,reaction_role_concat,6144,random_forest,False,valid,rmse,19.827902558418693,0,0.01,random,,
condition_recombine_pseudolabel__mult_0.5__sim_0.8__teacher_rf__seed_2,condition_recombine_pseudolabel,0.5,0.8,random_forest,2,31,8,1.2580645161290323,True,0.8289773851633072,0.8071428537368774,0.85,reaction_role_concat,6144,random_forest,False,valid,mae,15.506404462906378,0,0.01,random,,
condition_recombine_pseudolabel__mult_0.5__sim_0.8__teacher_rf__seed_2,condition_recombine_pseudolabel,0.5,0.8,random_forest,2,31,8,1.2580645161290323,True,0.8289773851633072,0.8071428537368774,0.85,reaction_role_concat,6144,random_forest,False,valid,r2,0.4602225576338993,0,0.01,random,,
condition_recombine_pseudolabel__mult_0.5__sim_0.8__teacher_rf__seed_2,condition_recombine_pseudolabel,0.5,0.8,random_forest,2,31,8,1.2580645161290323,True,0.8289773851633072,0.8071428537368774,0.85,reaction_role_concat,6144,random_forest,False,valid,spearman,0.7060393503899558,0,0.01,random,,
condition_recombine_pseudolabel__mult_0.5__sim_0.8__teacher_rf__seed_3,condition_recombine_pseudolabel,0.5,0.8,random_forest,3,31,8,1.2580645161290323,True,0.8351271361112595,0.8066666722297668,0.85,reaction_role_concat,6144,random_forest,False,valid,rmse,19.21011705066102,0,0.01,random,,
condition_recombine_pseudolabel__mult_0.5__sim_0.8__teacher_rf__seed_3,condition_recombine_pseudolabel,0.5,0.8,random_forest,3,31,8,1.2580645161290323,True,0.8351271361112595,0.8066666722297668,0.85,reaction_role_concat,6144,random_forest,False,valid,mae,15.046225413618208,0,0.01,random,,
condition_recombine_pseudolabel__mult_0.5__sim_0.8__teacher_rf__seed_3,condition_recombine_pseudolabel,0.5,0.8,random_forest,3,31,8,1.2580645161290323,True,0.8351271361112595,0.8066666722297668,0.85,reaction_role_concat,6144,random_forest,False,valid,r2,0.4933346536992451,0,0.01,random,,
condition_recombine_pseudolabel__mult_0.5__sim_0.8__teacher_rf__seed_3,condition_recombine_pseudolabel,0.5,0.8,random_forest,3,31,8,1.2580645161290323,True,0.8351271361112595,0.8066666722297668,0.85,reaction_role_concat,6144,random_forest,False,valid,spearman,0.7439278909328723,0,0.01,random,,
condition_recombine_pseudolabel__mult_0.5__sim_0.8__teacher_rf__seed_4,condition_recombine_pseudolabel,0.5,0.8,random_forest,4,31,9,1.2903225806451613,True,0.8277230342229207,0.8012422323226929,0.85,reaction_role_concat,6144,random_forest,False,valid,rmse,19.50760238965833,0,0.01,random,,
condition_recombine_pseudolabel__mult_0.5__sim_0.8__teacher_rf__seed_4,condition_recombine_pseudolabel,0.5,0.8,random_forest,4,31,9,1.2903225806451613,True,0.8277230342229207,0.8012422323226929,0.85,reaction_role_concat,6144,random_forest,False,valid,mae,15.41228613897215,0,0.01,random,,
condition_recombine_pseudolabel__mult_0.5__sim_0.8__teacher_rf__seed_4,condition_recombine_pseudolabel,0.5,0.8,random_forest,4,31,9,1.2903225806451613,True,0.8277230342229207,0.8012422323226929,0.85,reaction_role_concat,6144,random_forest,False,valid,r2,0.4775208437569154,0,0.01,random,,
condition_recombine_pseudolabel__mult_0.5__sim_0.8__teacher_rf__seed_4,condition_recombine_pseudolabel,0.5,0.8,random_forest,4,31,9,1.2903225806451613,True,0.8277230342229207,0.8012422323226929,0.85,reaction_role_concat,6144,random_forest,False,valid,spearman,0.7212414620480222,0,0.01,random,,
condition_recombine_pseudolabel__mult_0.5__sim_0.85__teacher_ridge__seed_0,condition_recombine_pseudolabel,0.5,0.85,ridge,0,31,4,1.1290322580645162,True,0.85,0.85,0.85,reaction_role_concat,6144,random_forest,False,valid,rmse,19.828155686785763,0,0.01,random,,
condition_recombine_pseudolabel__mult_0.5__sim_0.85__teacher_ridge__seed_0,condition_recombine_pseudolabel,0.5,0.85,ridge,0,31,4,1.1290322580645162,True,0.85,0.85,0.85,reaction_role_concat,6144,random_forest,False,valid,mae,15.683444406848922,0,0.01,random,,
condition_recombine_pseudolabel__mult_0.5__sim_0.85__teacher_ridge__seed_0,condition_recombine_pseudolabel,0.5,0.85,ridge,0,31,4,1.1290322580645162,True,0.85,0.85,0.85,reaction_role_concat,6144,random_forest,False,valid,r2,0.4602087756562735,0,0.01,random,,
condition_recombine_pseudolabel__mult_0.5__sim_0.85__teacher_ridge__seed_0,condition_recombine_pseudolabel,0.5,0.85,ridge,0,31,4,1.1290322580645162,True,0.85,0.85,0.85,reaction_role_concat,6144,random_forest,False,valid,spearman,0.7095605916651458,0,0.01,random,,
condition_recombine_pseudolabel__mult_0.5__sim_0.85__teacher_ridge__seed_1,condition_recombine_pseudolabel,0.5,0.85,ridge,1,31,4,1.1290322580645162,True,0.85,0.85,0.85,reaction_role_concat,6144,random_forest,False,valid,rmse,19.3326834954903,0,0.01,random,,
condition_recombine_pseudolabel__mult_0.5__sim_0.85__teacher_ridge__seed_1,condition_recombine_pseudolabel,0.5,0.85,ridge,1,31,4,1.1290322580645162,True,0.85,0.85,0.85,reaction_role_concat,6144,random_forest,False,valid,mae,15.301836948157865,0,0.01,random,,
condition_recombine_pseudolabel__mult_0.5__sim_0.85__teacher_ridge__seed_1,condition_recombine_pseudolabel,0.5,0.85,ridge,1,31,4,1.1290322580645162,True,0.85,0.85,0.85,reaction_role_concat,6144,random_forest,False,valid,r2,0.48684866726551124,0,0.01,random,,
condition_recombine_pseudolabel__mult_0.5__sim_0.85__teacher_ridge__seed_1,condition_recombine_pseudolabel,0.5,0.85,ridge,1,31,4,1.1290322580645162,True,0.85,0.85,0.85,reaction_role_concat,6144,random_forest,False,valid,spearman,0.7402888400590817,0,0.01,random,,
condition_recombine_pseudolabel__mult_0.5__sim_0.85__teacher_ridge__seed_2,condition_recombine_pseudolabel,0.5,0.85,ridge,2,31,2,1.064516129032258,True,0.85,0.85,0.85,reaction_role_concat,6144,random_forest,False,valid,rmse,19.70738755388032,0,0.01,random,,
condition_recombine_pseudolabel__mult_0.5__sim_0.85__teacher_ridge__seed_2,condition_recombine_pseudolabel,0.5,0.85,ridge,2,31,2,1.064516129032258,True,0.85,0.85,0.85,reaction_role_concat,6144,random_forest,False,valid,mae,15.404407956720906,0,0.01,random,,
condition_recombine_pseudolabel__mult_0.5__sim_0.85__teacher_ridge__seed_2,condition_recombine_pseudolabel,0.5,0.85,ridge,2,31,2,1.064516129032258,True,0.85,0.85,0.85,reaction_role_concat,6144,random_forest,False,valid,r2,0.4667642065270491,0,0.01,random,,
condition_recombine_pseudolabel__mult_0.5__sim_0.85__teacher_ridge__seed_2,condition_recombine_pseudolabel,0.5,0.85,ridge,2,31,2,1.064516129032258,True,0.85,0.85,0.85,reaction_role_concat,6144,random_forest,False,valid,spearman,0.7125058316301545,0,0.01,random,,
condition_recombine_pseudolabel__mult_0.5__sim_0.85__teacher_ridge__seed_3,condition_recombine_pseudolabel,0.5,0.85,ridge,3,31,3,1.096774193548387,True,0.85,0.85,0.85,reaction_role_concat,6144,random_forest,False,valid,rmse,19.951614271411348,0,0.01,random,,
condition_recombine_pseudolabel__mult_0.5__sim_0.85__teacher_ridge__seed_3,condition_recombine_pseudolabel,0.5,0.85,ridge,3,31,3,1.096774193548387,True,0.85,0.85,0.85,reaction_role_concat,6144,random_forest,False,valid,mae,16.105040689721893,0,0.01,random,,
condition_recombine_pseudolabel__mult_0.5__sim_0.85__teacher_ridge__seed_3,condition_recombine_pseudolabel,0.5,0.85,ridge,3,31,3,1.096774193548387,True,0.85,0.85,0.85,reaction_role_concat,6144,random_forest,False,valid,r2,0.45346590637670126,0,0.01,random,,
condition_recombine_pseudolabel__mult_0.5__sim_0.85__teacher_ridge__seed_3,condition_recombine_pseudolabel,0.5,0.85,ridge,3,31,3,1.096774193548387,True,0.85,0.85,0.85,reaction_role_concat,6144,random_forest,False,valid,spearman,0.7322966758353565,0,0.01,random,,
condition_recombine_pseudolabel__mult_0.5__sim_0.85__teacher_ridge__seed_4,condition_recombine_pseudolabel,0.5,0.85,ridge,4,31,2,1.064516129032258,True,0.85,0.85,0.85,reaction_role_concat,6144,random_forest,False,valid,rmse,19.901637276068097,0,0.01,random,,
condition_recombine_pseudolabel__mult_0.5__sim_0.85__teacher_ridge__seed_4,condition_recombine_pseudolabel,0.5,0.85,ridge,4,31,2,1.064516129032258,True,0.85,0.85,0.85,reaction_role_concat,6144,random_forest,False,valid,mae,16.01871385596372,0,0.01,random,,
condition_recombine_pseudolabel__mult_0.5__sim_0.85__teacher_ridge__seed_4,condition_recombine_pseudolabel,0.5,0.85,ridge,4,31,2,1.064516129032258,True,0.85,0.85,0.85,reaction_role_concat,6144,random_forest,False,valid,r2,0.45620051439003984,0,0.01,random,,
condition_recombine_pseudolabel__mult_0.5__sim_0.85__teacher_ridge__seed_4,condition_recombine_pseudolabel,0.5,0.85,ridge,4,31,2,1.064516129032258,True,0.85,0.85,0.85,reaction_role_concat,6144,random_forest,False,valid,spearman,0.7202111635584446,0,0.01,random,,
condition_recombine_pseudolabel__mult_0.5__sim_0.85__teacher_rf__seed_0,condition_recombine_pseudolabel,0.5,0.85,random_forest,0,31,4,1.1290322580645162,True,0.85,0.85,0.85,reaction_role_concat,6144,random_forest,False,valid,rmse,19.923272645841635,0,0.01,random,,
condition_recombine_pseudolabel__mult_0.5__sim_0.85__teacher_rf__seed_0,condition_recombine_pseudolabel,0.5,0.85,random_forest,0,31,4,1.1290322580645162,True,0.85,0.85,0.85,reaction_role_concat,6144,random_forest,False,valid,mae,15.58895309345028,0,0.01,random,,
condition_recombine_pseudolabel__mult_0.5__sim_0.85__teacher_rf__seed_0,condition_recombine_pseudolabel,0.5,0.85,random_forest,0,31,4,1.1290322580645162,True,0.85,0.85,0.85,reaction_role_concat,6144,random_forest,False,valid,r2,0.4550175264871249,0,0.01,random,,
condition_recombine_pseudolabel__mult_0.5__sim_0.85__teacher_rf__seed_0,condition_recombine_pseudolabel,0.5,0.85,random_forest,0,31,4,1.1290322580645162,True,0.85,0.85,0.85,reaction_role_concat,6144,random_forest,False,valid,spearman,0.6992529333307484,0,0.01,random,,
condition_recombine_pseudolabel__mult_0.5__sim_0.85__teacher_rf__seed_1,condition_recombine_pseudolabel,0.5,0.85,random_forest,1,31,4,1.1290322580645162,True,0.85,0.85,0.85,reaction_role_concat,6144,random_forest,False,valid,rmse,19.544156618525072,0,0.01,random,,
condition_recombine_pseudolabel__mult_0.5__sim_0.85__teacher_rf__seed_1,condition_recombine_pseudolabel,0.5,0.85,random_forest,1,31,4,1.1290322580645162,True,0.85,0.85,0.85,reaction_role_concat,6144,random_forest,False,valid,mae,15.405533266078066,0,0.01,random,,
condition_recombine_pseudolabel__mult_0.5__sim_0.85__teacher_rf__seed_1,condition_recombine_pseudolabel,0.5,0.85,random_forest,1,31,4,1.1290322580645162,True,0.85,0.85,0.85,reaction_role_concat,6144,random_forest,False,valid,r2,0.47556091896523633,0,0.01,random,,
condition_recombine_pseudolabel__mult_0.5__sim_0.85__teacher_rf__seed_1,condition_recombine_pseudolabel,0.5,0.85,random_forest,1,31,4,1.1290322580645162,True,0.85,0.85,0.85,reaction_role_concat,6144,random_forest,False,valid,spearman,0.7370904555020393,0,0.01,random,,
condition_recombine_pseudolabel__mult_0.5__sim_0.85__teacher_rf__seed_2,condition_recombine_pseudolabel,0.5,0.85,random_forest,2,31,2,1.064516129032258,True,0.85,0.85,0.85,reaction_role_concat,6144,random_forest,False,valid,rmse,19.678672719767768,0,0.01,random,,
condition_recombine_pseudolabel__mult_0.5__sim_0.85__teacher_rf__seed_2,condition_recombine_pseudolabel,0.5,0.85,random_forest,2,31,2,1.064516129032258,True,0.85,0.85,0.85,reaction_role_concat,6144,random_forest,False,valid,mae,15.601558852545823,0,0.01,random,,
condition_recombine_pseudolabel__mult_0.5__sim_0.85__teacher_rf__seed_2,condition_recombine_pseudolabel,0.5,0.85,random_forest,2,31,2,1.064516129032258,True,0.85,0.85,0.85,reaction_role_concat,6144,random_forest,False,valid,r2,0.4683169868969611,0,0.01,random,,
condition_recombine_pseudolabel__mult_0.5__sim_0.85__teacher_rf__seed_2,condition_recombine_pseudolabel,0.5,0.85,random_forest,2,31,2,1.064516129032258,True,0.85,0.85,0.85,reaction_role_concat,6144,random_forest,False,valid,spearman,0.729513837862468,0,0.01,random,,
condition_recombine_pseudolabel__mult_0.5__sim_0.85__teacher_rf__seed_3,condition_recombine_pseudolabel,0.5,0.85,random_forest,3,31,3,1.096774193548387,True,0.85,0.85,0.85,reaction_role_concat,6144,random_forest,False,valid,rmse,19.855600829404743,0,0.01,random,,
condition_recombine_pseudolabel__mult_0.5__sim_0.85__teacher_rf__seed_3,condition_recombine_pseudolabel,0.5,0.85,random_forest,3,31,3,1.096774193548387,True,0.85,0.85,0.85,reaction_role_concat,6144,random_forest,False,valid,mae,15.717186993559705,0,0.01,random,,
condition_recombine_pseudolabel__mult_0.5__sim_0.85__teacher_rf__seed_3,condition_recombine_pseudolabel,0.5,0.85,random_forest,3,31,3,1.096774193548387,True,0.85,0.85,0.85,reaction_role_concat,6144,random_forest,False,valid,r2,0.45871343738901027,0,0.01,random,,
condition_recombine_pseudolabel__mult_0.5__sim_0.85__teacher_rf__seed_3,condition_recombine_pseudolabel,0.5,0.85,random_forest,3,31,3,1.096774193548387,True,0.85,0.85,0.85,reaction_role_concat,6144,random_forest,False,valid,spearman,0.7148530661781355,0,0.01,random,,
condition_recombine_pseudolabel__mult_0.5__sim_0.85__teacher_rf__seed_4,condition_recombine_pseudolabel,0.5,0.85,random_forest,4,31,2,1.064516129032258,True,0.85,0.85,0.85,reaction_role_concat,6144,random_forest,False,valid,rmse,19.339485269847632,0,0.01,random,,
condition_recombine_pseudolabel__mult_0.5__sim_0.85__teacher_rf__seed_4,condition_recombine_pseudolabel,0.5,0.85,random_forest,4,31,2,1.064516129032258,True,0.85,0.85,0.85,reaction_role_concat,6144,random_forest,False,valid,mae,15.339969185614885,0,0.01,random,,
condition_recombine_pseudolabel__mult_0.5__sim_0.85__teacher_rf__seed_4,condition_recombine_pseudolabel,0.5,0.85,random_forest,4,31,2,1.064516129032258,True,0.85,0.85,0.85,reaction_role_concat,6144,random_forest,False,valid,r2,0.48648752199808043,0,0.01,random,,
condition_recombine_pseudolabel__mult_0.5__sim_0.85__teacher_rf__seed_4,condition_recombine_pseudolabel,0.5,0.85,random_forest,4,31,2,1.064516129032258,True,0.85,0.85,0.85,reaction_role_concat,6144,random_forest,False,valid,spearman,0.7390626466005918,0,0.01,random,,
condition_recombine_pseudolabel__mult_0.5__sim_0.9__teacher_ridge__seed_0,condition_recombine_pseudolabel,0.5,0.9,ridge,0,31,3,1.096774193548387,True,0.85,0.85,0.85,reaction_role_concat,6144,random_forest,False,valid,rmse,19.788885943094982,0,0.01,random,,
condition_recombine_pseudolabel__mult_0.5__sim_0.9__teacher_ridge__seed_0,condition_recombine_pseudolabel,0.5,0.9,ridge,0,31,3,1.096774193548387,True,0.85,0.85,0.85,reaction_role_concat,6144,random_forest,False,valid,mae,15.646920439063747,0,0.01,random,,
condition_recombine_pseudolabel__mult_0.5__sim_0.9__teacher_ridge__seed_0,condition_recombine_pseudolabel,0.5,0.9,ridge,0,31,3,1.096774193548387,True,0.85,0.85,0.85,reaction_role_concat,6144,random_forest,False,valid,r2,0.4623447758501166,0,0.01,random,,
condition_recombine_pseudolabel__mult_0.5__sim_0.9__teacher_ridge__seed_0,condition_recombine_pseudolabel,0.5,0.9,ridge,0,31,3,1.096774193548387,True,0.85,0.85,0.85,reaction_role_concat,6144,random_forest,False,valid,spearman,0.7165037636448052,0,0.01,random,,
condition_recombine_pseudolabel__mult_0.5__sim_0.9__teacher_ridge__seed_1,condition_recombine_pseudolabel,0.5,0.9,ridge,1,31,2,1.064516129032258,True,0.85,0.85,0.85,reaction_role_concat,6144,random_forest,False,valid,rmse,19.69416184321506,0,0.01,random,,
condition_recombine_pseudolabel__mult_0.5__sim_0.9__teacher_ridge__seed_1,condition_recombine_pseudolabel,0.5,0.9,ridge,1,31,2,1.064516129032258,True,0.85,0.85,0.85,reaction_role_concat,6144,random_forest,False,valid,mae,15.637402159933803,0,0.01,random,,
condition_recombine_pseudolabel__mult_0.5__sim_0.9__teacher_ridge__seed_1,condition_recombine_pseudolabel,0.5,0.9,ridge,1,31,2,1.064516129032258,True,0.85,0.85,0.85,reaction_role_concat,6144,random_forest,False,valid,r2,0.46747967993481765,0,0.01,random,,
condition_recombine_pseudolabel__mult_0.5__sim_0.9__teacher_ridge__seed_1,condition_recombine_pseudolabel,0.5,0.9,ridge,1,31,2,1.064516129032258,True,0.85,0.85,0.85,reaction_role_concat,6144,random_forest,False,valid,spearman,0.7338120383085925,0,0.01,random,,
condition_recombine_pseudolabel__mult_0.5__sim_0.9__teacher_ridge__seed_2,condition_recombine_pseudolabel,0.5,0.9,ridge,2,31,2,1.064516129032258,True,0.85,0.85,0.85,reaction_role_concat,6144,random_forest,False,valid,rmse,19.70738755388032,0,0.01,random,,
condition_recombine_pseudolabel__mult_0.5__sim_0.9__teacher_ridge__seed_2,condition_recombine_pseudolabel,0.5,0.9,ridge,2,31,2,1.064516129032258,True,0.85,0.85,0.85,reaction_role_concat,6144,random_forest,False,valid,mae,15.404407956720906,0,0.01,random,,
condition_recombine_pseudolabel__mult_0.5__sim_0.9__teacher_ridge__seed_2,condition_recombine_pseudolabel,0.5,0.9,ridge,2,31,2,1.064516129032258,True,0.85,0.85,0.85,reaction_role_concat,6144,random_forest,False,valid,r2,0.4667642065270491,0,0.01,random,,
condition_recombine_pseudolabel__mult_0.5__sim_0.9__teacher_ridge__seed_2,condition_recombine_pseudolabel,0.5,0.9,ridge,2,31,2,1.064516129032258,True,0.85,0.85,0.85,reaction_role_concat,6144,random_forest,False,valid,spearman,0.7125058316301545,0,0.01,random,,
condition_recombine_pseudolabel__mult_0.5__sim_0.9__teacher_ridge__seed_3,condition_recombine_pseudolabel,0.5,0.9,ridge,3,31,2,1.064516129032258,True,0.85,0.85,0.85,reaction_role_concat,6144,random_forest,False,valid,rmse,20.369835001222885,0,0.01,random,,
condition_recombine_pseudolabel__mult_0.5__sim_0.9__teacher_ridge__seed_3,condition_recombine_pseudolabel,0.5,0.9,ridge,3,31,2,1.064516129032258,True,0.85,0.85,0.85,reaction_role_concat,6144,random_forest,False,valid,mae,16.54937832329545,0,0.01,random,,
condition_recombine_pseudolabel__mult_0.5__sim_0.9__teacher_ridge__seed_3,condition_recombine_pseudolabel,0.5,0.9,ridge,3,31,2,1.064516129032258,True,0.85,0.85,0.85,reaction_role_concat,6144,random_forest,False,valid,r2,0.4303131411294141,0,0.01,random,,
condition_recombine_pseudolabel__mult_0.5__sim_0.9__teacher_ridge__seed_3,condition_recombine_pseudolabel,0.5,0.9,ridge,3,31,2,1.064516129032258,True,0.85,0.85,0.85,reaction_role_concat,6144,random_forest,False,valid,spearman,0.7244012907364318,0,0.01,random,,
condition_recombine_pseudolabel__mult_0.5__sim_0.9__teacher_ridge__seed_4,condition_recombine_pseudolabel,0.5,0.9,ridge,4,31,1,1.032258064516129,True,0.85,0.85,0.85,reaction_role_concat,6144,random_forest,False,valid,rmse,20.677591163950627,0,0.01,random,,
condition_recombine_pseudolabel__mult_0.5__sim_0.9__teacher_ridge__seed_4,condition_recombine_pseudolabel,0.5,0.9,ridge,4,31,1,1.032258064516129,True,0.85,0.85,0.85,reaction_role_concat,6144,random_forest,False,valid,mae,16.709520895764797,0,0.01,random,,
condition_recombine_pseudolabel__mult_0.5__sim_0.9__teacher_ridge__seed_4,condition_recombine_pseudolabel,0.5,0.9,ridge,4,31,1,1.032258064516129,True,0.85,0.85,0.85,reaction_role_concat,6144,random_forest,False,valid,r2,0.41296895730108973,0,0.01,random,,
condition_recombine_pseudolabel__mult_0.5__sim_0.9__teacher_ridge__seed_4,condition_recombine_pseudolabel,0.5,0.9,ridge,4,31,1,1.032258064516129,True,0.85,0.85,0.85,reaction_role_concat,6144,random_forest,False,valid,spearman,0.6951870417294671,0,0.01,random,,
condition_recombine_pseudolabel__mult_0.5__sim_0.9__teacher_rf__seed_0,condition_recombine_pseudolabel,0.5,0.9,random_forest,0,31,3,1.096774193548387,True,0.85,0.85,0.85,reaction_role_concat,6144,random_forest,False,valid,rmse,19.831116282270614,0,0.01,random,,
condition_recombine_pseudolabel__mult_0.5__sim_0.9__teacher_rf__seed_0,condition_recombine_pseudolabel,0.5,0.9,random_forest,0,31,3,1.096774193548387,True,0.85,0.85,0.85,reaction_role_concat,6144,random_forest,False,valid,mae,15.561020165300068,0,0.01,random,,
condition_recombine_pseudolabel__mult_0.5__sim_0.9__teacher_rf__seed_0,condition_recombine_pseudolabel,0.5,0.9,random_forest,0,31,3,1.096774193548387,True,0.85,0.85,0.85,reaction_role_concat,6144,random_forest,False,valid,r2,0.4600475682504639,0,0.01,random,,
condition_recombine_pseudolabel__mult_0.5__sim_0.9__teacher_rf__seed_0,condition_recombine_pseudolabel,0.5,0.9,random_forest,0,31,3,1.096774193548387,True,0.85,0.85,0.85,reaction_role_concat,6144,random_forest,False,valid,spearman,0.698523876905691,0,0.01,random,,
condition_recombine_pseudolabel__mult_0.5__sim_0.9__teacher_rf__seed_1,condition_recombine_pseudolabel,0.5,0.9,random_forest,1,31,2,1.064516129032258,True,0.85,0.85,0.85,reaction_role_concat,6144,random_forest,False,valid,rmse,19.6048034019163,0,0.01,random,,
condition_recombine_pseudolabel__mult_0.5__sim_0.9__teacher_rf__seed_1,condition_recombine_pseudolabel,0.5,0.9,random_forest,1,31,2,1.064516129032258,True,0.85,0.85,0.85,reaction_role_concat,6144,random_forest,False,valid,mae,15.526568911674657,0,0.01,random,,
condition_recombine_pseudolabel__mult_0.5__sim_0.9__teacher_rf__seed_1,condition_recombine_pseudolabel,0.5,0.9,random_forest,1,31,2,1.064516129032258,True,0.85,0.85,0.85,reaction_role_concat,6144,random_forest,False,valid,r2,0.47230113228819326,0,0.01,random,,
condition_recombine_pseudolabel__mult_0.5__sim_0.9__teacher_rf__seed_1,condition_recombine_pseudolabel,0.5,0.9,random_forest,1,31,2,1.064516129032258,True,0.85,0.85,0.85,reaction_role_concat,6144,random_forest,False,valid,spearman,0.7328156222490256,0,0.01,random,,
condition_recombine_pseudolabel__mult_0.5__sim_0.9__teacher_rf__seed_2,condition_recombine_pseudolabel,0.5,0.9,random_forest,2,31,2,1.064516129032258,True,0.85,0.85,0.85,reaction_role_concat,6144,random_forest,False,valid,rmse,19.678672719767768,0,0.01,random,,
condition_recombine_pseudolabel__mult_0.5__sim_0.9__teacher_rf__seed_2,condition_recombine_pseudolabel,0.5,0.9,random_forest,2,31,2,1.064516129032258,True,0.85,0.85,0.85,reaction_role_concat,6144,random_forest,False,valid,mae,15.601558852545823,0,0.01,random,,
condition_recombine_pseudolabel__mult_0.5__sim_0.9__teacher_rf__seed_2,condition_recombine_pseudolabel,0.5,0.9,random_forest,2,31,2,1.064516129032258,True,0.85,0.85,0.85,reaction_role_concat,6144,random_forest,False,valid,r2,0.4683169868969611,0,0.01,random,,
condition_recombine_pseudolabel__mult_0.5__sim_0.9__teacher_rf__seed_2,condition_recombine_pseudolabel,0.5,0.9,random_forest,2,31,2,1.064516129032258,True,0.85,0.85,0.85,reaction_role_concat,6144,random_forest,False,valid,spearman,0.729513837862468,0,0.01,random,,
condition_recombine_pseudolabel__mult_0.5__sim_0.9__teacher_rf__seed_3,condition_recombine_pseudolabel,0.5,0.9,random_forest,3,31,2,1.064516129032258,True,0.85,0.85,0.85,reaction_role_concat,6144,random_forest,False,valid,rmse,19.72861945774239,0,0.01,random,,
condition_recombine_pseudolabel__mult_0.5__sim_0.9__teacher_rf__seed_3,condition_recombine_pseudolabel,0.5,0.9,random_forest,3,31,2,1.064516129032258,True,0.85,0.85,0.85,reaction_role_concat,6144,random_forest,False,valid,mae,15.655264603249634,0,0.01,random,,
condition_recombine_pseudolabel__mult_0.5__sim_0.9__teacher_rf__seed_3,condition_recombine_pseudolabel,0.5,0.9,random_forest,3,31,2,1.064516129032258,True,0.85,0.85,0.85,reaction_role_concat,6144,random_forest,False,valid,r2,0.4656146163255296,0,0.01,random,,
condition_recombine_pseudolabel__mult_0.5__sim_0.9__teacher_rf__seed_3,condition_recombine_pseudolabel,0.5,0.9,random_forest,3,31,2,1.064516129032258,True,0.85,0.85,0.85,reaction_role_concat,6144,random_forest,False,valid,spearman,0.7217742340509486,0,0.01,random,,
condition_recombine_pseudolabel__mult_0.5__sim_0.9__teacher_rf__seed_4,condition_recombine_pseudolabel,0.5,0.9,random_forest,4,31,1,1.032258064516129,True,0.85,0.85,0.85,reaction_role_concat,6144,random_forest,False,valid,rmse,19.900035341378178,0,0.01,random,,
condition_recombine_pseudolabel__mult_0.5__sim_0.9__teacher_rf__seed_4,condition_recombine_pseudolabel,0.5,0.9,random_forest,4,31,1,1.032258064516129,True,0.85,0.85,0.85,reaction_role_concat,6144,random_forest,False,valid,mae,15.838307401278351,0,0.01,random,,
condition_recombine_pseudolabel__mult_0.5__sim_0.9__teacher_rf__seed_4,condition_recombine_pseudolabel,0.5,0.9,random_forest,4,31,1,1.032258064516129,True,0.85,0.85,0.85,reaction_role_concat,6144,random_forest,False,valid,r2,0.4562880545444965,0,0.01,random,,
condition_recombine_pseudolabel__mult_0.5__sim_0.9__teacher_rf__seed_4,condition_recombine_pseudolabel,0.5,0.9,random_forest,4,31,1,1.032258064516129,True,0.85,0.85,0.85,reaction_role_concat,6144,random_forest,False,valid,spearman,0.71640815287966,0,0.01,random,,
condition_recombine_pseudolabel__mult_0.5__sim_0.95__teacher_ridge__seed_0,condition_recombine_pseudolabel,0.5,0.95,ridge,0,31,0,1.0,True,,,,reaction_role_concat,6144,random_forest,False,valid,rmse,20.405752315451878,0,0.01,random,,
condition_recombine_pseudolabel__mult_0.5__sim_0.95__teacher_ridge__seed_0,condition_recombine_pseudolabel,0.5,0.95,ridge,0,31,0,1.0,True,,,,reaction_role_concat,6144,random_forest,False,valid,mae,16.359385532849952,0,0.01,random,,
condition_recombine_pseudolabel__mult_0.5__sim_0.95__teacher_ridge__seed_0,condition_recombine_pseudolabel,0.5,0.95,ridge,0,31,0,1.0,True,,,,reaction_role_concat,6144,random_forest,False,valid,r2,0.4283023578805397,0,0.01,random,,
condition_recombine_pseudolabel__mult_0.5__sim_0.95__teacher_ridge__seed_0,condition_recombine_pseudolabel,0.5,0.95,ridge,0,31,0,1.0,True,,,,reaction_role_concat,6144,random_forest,False,valid,spearman,0.7028232457114711,0,0.01,random,,
condition_recombine_pseudolabel__mult_0.5__sim_0.95__teacher_ridge__seed_1,condition_recombine_pseudolabel,0.5,0.95,ridge,1,31,0,1.0,True,,,,reaction_role_concat,6144,random_forest,False,valid,rmse,20.405752315451878,0,0.01,random,,
condition_recombine_pseudolabel__mult_0.5__sim_0.95__teacher_ridge__seed_1,condition_recombine_pseudolabel,0.5,0.95,ridge,1,31,0,1.0,True,,,,reaction_role_concat,6144,random_forest,False,valid,mae,16.359385532849952,0,0.01,random,,
condition_recombine_pseudolabel__mult_0.5__sim_0.95__teacher_ridge__seed_1,condition_recombine_pseudolabel,0.5,0.95,ridge,1,31,0,1.0,True,,,,reaction_role_concat,6144,random_forest,False,valid,r2,0.4283023578805397,0,0.01,random,,
condition_recombine_pseudolabel__mult_0.5__sim_0.95__teacher_ridge__seed_1,condition_recombine_pseudolabel,0.5,0.95,ridge,1,31,0,1.0,True,,,,reaction_role_concat,6144,random_forest,False,valid,spearman,0.7028232457114711,0,0.01,random,,
condition_recombine_pseudolabel__mult_0.5__sim_0.95__teacher_ridge__seed_2,condition_recombine_pseudolabel,0.5,0.95,ridge,2,31,0,1.0,True,,,,reaction_role_concat,6144,random_forest,False,valid,rmse,20.405752315451878,0,0.01,random,,
condition_recombine_pseudolabel__mult_0.5__sim_0.95__teacher_ridge__seed_2,condition_recombine_pseudolabel,0.5,0.95,ridge,2,31,0,1.0,True,,,,reaction_role_concat,6144,random_forest,False,valid,mae,16.359385532849952,0,0.01,random,,
condition_recombine_pseudolabel__mult_0.5__sim_0.95__teacher_ridge__seed_2,condition_recombine_pseudolabel,0.5,0.95,ridge,2,31,0,1.0,True,,,,reaction_role_concat,6144,random_forest,False,valid,r2,0.4283023578805397,0,0.01,random,,
condition_recombine_pseudolabel__mult_0.5__sim_0.95__teacher_ridge__seed_2,condition_recombine_pseudolabel,0.5,0.95,ridge,2,31,0,1.0,True,,,,reaction_role_concat,6144,random_forest,False,valid,spearman,0.7028232457114711,0,0.01,random,,
condition_recombine_pseudolabel__mult_0.5__sim_0.95__teacher_ridge__seed_3,condition_recombine_pseudolabel,0.5,0.95,ridge,3,31,0,1.0,True,,,,reaction_role_concat,6144,random_forest,False,valid,rmse,20.405752315451878,0,0.01,random,,
condition_recombine_pseudolabel__mult_0.5__sim_0.95__teacher_ridge__seed_3,condition_recombine_pseudolabel,0.5,0.95,ridge,3,31,0,1.0,True,,,,reaction_role_concat,6144,random_forest,False,valid,mae,16.359385532849952,0,0.01,random,,
condition_recombine_pseudolabel__mult_0.5__sim_0.95__teacher_ridge__seed_3,condition_recombine_pseudolabel,0.5,0.95,ridge,3,31,0,1.0,True,,,,reaction_role_concat,6144,random_forest,False,valid,r2,0.4283023578805397,0,0.01,random,,
condition_recombine_pseudolabel__mult_0.5__sim_0.95__teacher_ridge__seed_3,condition_recombine_pseudolabel,0.5,0.95,ridge,3,31,0,1.0,True,,,,reaction_role_concat,6144,random_forest,False,valid,spearman,0.7028232457114711,0,0.01,random,,
condition_recombine_pseudolabel__mult_0.5__sim_0.95__teacher_ridge__seed_4,condition_recombine_pseudolabel,0.5,0.95,ridge,4,31,0,1.0,True,,,,reaction_role_concat,6144,random_forest,False,valid,rmse,20.405752315451878,0,0.01,random,,
condition_recombine_pseudolabel__mult_0.5__sim_0.95__teacher_ridge__seed_4,condition_recombine_pseudolabel,0.5,0.95,ridge,4,31,0,1.0,True,,,,reaction_role_concat,6144,random_forest,False,valid,mae,16.359385532849952,0,0.01,random,,
condition_recombine_pseudolabel__mult_0.5__sim_0.95__teacher_ridge__seed_4,condition_recombine_pseudolabel,0.5,0.95,ridge,4,31,0,1.0,True,,,,reaction_role_concat,6144,random_forest,False,valid,r2,0.4283023578805397,0,0.01,random,,
condition_recombine_pseudolabel__mult_0.5__sim_0.95__teacher_ridge__seed_4,condition_recombine_pseudolabel,0.5,0.95,ridge,4,31,0,1.0,True,,,,reaction_role_concat,6144,random_forest,False,valid,spearman,0.7028232457114711,0,0.01,random,,
condition_recombine_pseudolabel__mult_0.5__sim_0.95__teacher_rf__seed_0,condition_recombine_pseudolabel,0.5,0.95,random_forest,0,31,0,1.0,True,,,,reaction_role_concat,6144,random_forest,False,valid,rmse,20.405752315451878,0,0.01,random,,
condition_recombine_pseudolabel__mult_0.5__sim_0.95__teacher_rf__seed_0,condition_recombine_pseudolabel,0.5,0.95,random_forest,0,31,0,1.0,True,,,,reaction_role_concat,6144,random_forest,False,valid,mae,16.359385532849952,0,0.01,random,,
condition_recombine_pseudolabel__mult_0.5__sim_0.95__teacher_rf__seed_0,condition_recombine_pseudolabel,0.5,0.95,random_forest,0,31,0,1.0,True,,,,reaction_role_concat,6144,random_forest,False,valid,r2,0.4283023578805397,0,0.01,random,,
condition_recombine_pseudolabel__mult_0.5__sim_0.95__teacher_rf__seed_0,condition_recombine_pseudolabel,0.5,0.95,random_forest,0,31,0,1.0,True,,,,reaction_role_concat,6144,random_forest,False,valid,spearman,0.7028232457114711,0,0.01,random,,
condition_recombine_pseudolabel__mult_0.5__sim_0.95__teacher_rf__seed_1,condition_recombine_pseudolabel,0.5,0.95,random_forest,1,31,0,1.0,True,,,,reaction_role_concat,6144,random_forest,False,valid,rmse,20.405752315451878,0,0.01,random,,
condition_recombine_pseudolabel__mult_0.5__sim_0.95__teacher_rf__seed_1,condition_recombine_pseudolabel,0.5,0.95,random_forest,1,31,0,1.0,True,,,,reaction_role_concat,6144,random_forest,False,valid,mae,16.359385532849952,0,0.01,random,,
condition_recombine_pseudolabel__mult_0.5__sim_0.95__teacher_rf__seed_1,condition_recombine_pseudolabel,0.5,0.95,random_forest,1,31,0,1.0,True,,,,reaction_role_concat,6144,random_forest,False,valid,r2,0.4283023578805397,0,0.01,random,,
condition_recombine_pseudolabel__mult_0.5__sim_0.95__teacher_rf__seed_1,condition_recombine_pseudolabel,0.5,0.95,random_forest,1,31,0,1.0,True,,,,reaction_role_concat,6144,random_forest,False,valid,spearman,0.7028232457114711,0,0.01,random,,
condition_recombine_pseudolabel__mult_0.5__sim_0.95__teacher_rf__seed_2,condition_recombine_pseudolabel,0.5,0.95,random_forest,2,31,0,1.0,True,,,,reaction_role_concat,6144,random_forest,False,valid,rmse,20.405752315451878,0,0.01,random,,
condition_recombine_pseudolabel__mult_0.5__sim_0.95__teacher_rf__seed_2,condition_recombine_pseudolabel,0.5,0.95,random_forest,2,31,0,1.0,True,,,,reaction_role_concat,6144,random_forest,False,valid,mae,16.359385532849952,0,0.01,random,,
condition_recombine_pseudolabel__mult_0.5__sim_0.95__teacher_rf__seed_2,condition_recombine_pseudolabel,0.5,0.95,random_forest,2,31,0,1.0,True,,,,reaction_role_concat,6144,random_forest,False,valid,r2,0.4283023578805397,0,0.01,random,,
condition_recombine_pseudolabel__mult_0.5__sim_0.95__teacher_rf__seed_2,condition_recombine_pseudolabel,0.5,0.95,random_forest,2,31,0,1.0,True,,,,reaction_role_concat,6144,random_forest,False,valid,spearman,0.7028232457114711,0,0.01,random,,
condition_recombine_pseudolabel__mult_0.5__sim_0.95__teacher_rf__seed_3,condition_recombine_pseudolabel,0.5,0.95,random_forest,3,31,0,1.0,True,,,,reaction_role_concat,6144,random_forest,False,valid,rmse,20.405752315451878,0,0.01,random,,
condition_recombine_pseudolabel__mult_0.5__sim_0.95__teacher_rf__seed_3,condition_recombine_pseudolabel,0.5,0.95,random_forest,3,31,0,1.0,True,,,,reaction_role_concat,6144,random_forest,False,valid,mae,16.359385532849952,0,0.01,random,,
condition_recombine_pseudolabel__mult_0.5__sim_0.95__teacher_rf__seed_3,condition_recombine_pseudolabel,0.5,0.95,random_forest,3,31,0,1.0,True,,,,reaction_role_concat,6144,random_forest,False,valid,r2,0.4283023578805397,0,0.01,random,,
condition_recombine_pseudolabel__mult_0.5__sim_0.95__teacher_rf__seed_3,condition_recombine_pseudolabel,0.5,0.95,random_forest,3,31,0,1.0,True,,,,reaction_role_concat,6144,random_forest,False,valid,spearman,0.7028232457114711,0,0.01,random,,
condition_recombine_pseudolabel__mult_0.5__sim_0.95__teacher_rf__seed_4,condition_recombine_pseudolabel,0.5,0.95,random_forest,4,31,0,1.0,True,,,,reaction_role_concat,6144,random_forest,False,valid,rmse,20.405752315451878,0,0.01,random,,
condition_recombine_pseudolabel__mult_0.5__sim_0.95__teacher_rf__seed_4,condition_recombine_pseudolabel,0.5,0.95,random_forest,4,31,0,1.0,True,,,,reaction_role_concat,6144,random_forest,False,valid,mae,16.359385532849952,0,0.01,random,,
condition_recombine_pseudolabel__mult_0.5__sim_0.95__teacher_rf__seed_4,condition_recombine_pseudolabel,0.5,0.95,random_forest,4,31,0,1.0,True,,,,reaction_role_concat,6144,random_forest,False,valid,r2,0.4283023578805397,0,0.01,random,,
condition_recombine_pseudolabel__mult_0.5__sim_0.95__teacher_rf__seed_4,condition_recombine_pseudolabel,0.5,0.95,random_forest,4,31,0,1.0,True,,,,reaction_role_concat,6144,random_forest,False,valid,spearman,0.7028232457114711,0,0.01,random,,
condition_recombine_pseudolabel__mult_1__sim_0.7__teacher_ridge__seed_0,condition_recombine_pseudolabel,1.0,0.7,ridge,0,31,31,2.0,True,0.7943382178583454,0.7297297120094299,0.85,reaction_role_concat,6144,random_forest,False,valid,rmse,22.039091062284587,0,0.01,random,,
condition_recombine_pseudolabel__mult_1__sim_0.7__teacher_ridge__seed_0,condition_recombine_pseudolabel,1.0,0.7,ridge,0,31,31,2.0,True,0.7943382178583454,0.7297297120094299,0.85,reaction_role_concat,6144,random_forest,False,valid,mae,17.776448938983908,0,0.01,random,,
condition_recombine_pseudolabel__mult_1__sim_0.7__teacher_ridge__seed_0,condition_recombine_pseudolabel,1.0,0.7,ridge,0,31,31,2.0,True,0.7943382178583454,0.7297297120094299,0.85,reaction_role_concat,6144,random_forest,False,valid,r2,0.33311870246575004,0,0.01,random,,
condition_recombine_pseudolabel__mult_1__sim_0.7__teacher_ridge__seed_0,condition_recombine_pseudolabel,1.0,0.7,ridge,0,31,31,2.0,True,0.7943382178583454,0.7297297120094299,0.85,reaction_role_concat,6144,random_forest,False,valid,spearman,0.6120561102450528,0,0.01,random,,
condition_recombine_pseudolabel__mult_1__sim_0.7__teacher_ridge__seed_1,condition_recombine_pseudolabel,1.0,0.7,ridge,1,31,31,2.0,True,0.7922973252111867,0.7215189933776855,0.85,reaction_role_concat,6144,random_forest,False,valid,rmse,22.051749368948794,0,0.01,random,,
condition_recombine_pseudolabel__mult_1__sim_0.7__teacher_ridge__seed_1,condition_recombine_pseudolabel,1.0,0.7,ridge,1,31,31,2.0,True,0.7922973252111867,0.7215189933776855,0.85,reaction_role_concat,6144,random_forest,False,valid,mae,17.54841365220577,0,0.01,random,,
condition_recombine_pseudolabel__mult_1__sim_0.7__teacher_ridge__seed_1,condition_recombine_pseudolabel,1.0,0.7,ridge,1,31,31,2.0,True,0.7922973252111867,0.7215189933776855,0.85,reaction_role_concat,6144,random_forest,False,valid,r2,0.3323524265615755,0,0.01,random,,
condition_recombine_pseudolabel__mult_1__sim_0.7__teacher_ridge__seed_1,condition_recombine_pseudolabel,1.0,0.7,ridge,1,31,31,2.0,True,0.7922973252111867,0.7215189933776855,0.85,reaction_role_concat,6144,random_forest,False,valid,spearman,0.5973523039800747,0,0.01,random,,
condition_recombine_pseudolabel__mult_1__sim_0.7__teacher_ridge__seed_2,condition_recombine_pseudolabel,1.0,0.7,ridge,2,31,31,2.0,True,0.8068348738455003,0.7515528202056885,0.85,reaction_role_concat,6144,random_forest,False,valid,rmse,21.99911391977964,0,0.01,random,,
condition_recombine_pseudolabel__mult_1__sim_0.7__teacher_ridge__seed_2,condition_recombine_pseudolabel,1.0,0.7,ridge,2,31,31,2.0,True,0.8068348738455003,0.7515528202056885,0.85,reaction_role_concat,6144,random_forest,False,valid,mae,17.73675659851183,0,0.01,random,,
condition_recombine_pseudolabel__mult_1__sim_0.7__teacher_ridge__seed_2,condition_recombine_pseudolabel,1.0,0.7,ridge,2,31,31,2.0,True,0.8068348738455003,0.7515528202056885,0.85,reaction_role_concat,6144,random_forest,False,valid,r2,0.33553584653326496,0,0.01,random,,
condition_recombine_pseudolabel__mult_1__sim_0.7__teacher_ridge__seed_2,condition_recombine_pseudolabel,1.0,0.7,ridge,2,31,31,2.0,True,0.8068348738455003,0.7515528202056885,0.85,reaction_role_concat,6144,random_forest,False,valid,spearman,0.5808529236511398,0,0.01,random,,
condition_recombine_pseudolabel__mult_1__sim_0.7__teacher_ridge__seed_3,condition_recombine_pseudolabel,1.0,0.7,ridge,3,31,31,2.0,True,0.797256988094699,0.7225806713104248,0.85,reaction_role_concat,6144,random_forest,False,valid,rmse,23.51095009577791,0,0.01,random,,
condition_recombine_pseudolabel__mult_1__sim_0.7__teacher_ridge__seed_3,condition_recombine_pseudolabel,1.0,0.7,ridge,3,31,31,2.0,True,0.797256988094699,0.7225806713104248,0.85,reaction_role_concat,6144,random_forest,False,valid,mae,18.74820919994463,0,0.01,random,,
condition_recombine_pseudolabel__mult_1__sim_0.7__teacher_ridge__seed_3,condition_recombine_pseudolabel,1.0,0.7,ridge,3,31,31,2.0,True,0.797256988094699,0.7225806713104248,0.85,reaction_role_concat,6144,random_forest,False,valid,r2,0.24107031799655187,0,0.01,random,,
condition_recombine_pseudolabel__mult_1__sim_0.7__teacher_ridge__seed_3,condition_recombine_pseudolabel,1.0,0.7,ridge,3,31,31,2.0,True,0.797256988094699,0.7225806713104248,0.85,reaction_role_concat,6144,random_forest,False,valid,spearman,0.518709236659201,0,0.01,random,,
condition_recombine_pseudolabel__mult_1__sim_0.7__teacher_ridge__seed_4,condition_recombine_pseudolabel,1.0,0.7,ridge,4,31,31,2.0,True,0.8015048338520913,0.7302631735801697,0.85,reaction_role_concat,6144,random_forest,False,valid,rmse,24.90091544863752,0,0.01,random,,
condition_recombine_pseudolabel__mult_1__sim_0.7__teacher_ridge__seed_4,condition_recombine_pseudolabel,1.0,0.7,ridge,4,31,31,2.0,True,0.8015048338520913,0.7302631735801697,0.85,reaction_role_concat,6144,random_forest,False,valid,mae,20.128181216374227,0,0.01,random,,
condition_recombine_pseudolabel__mult_1__sim_0.7__teacher_ridge__seed_4,condition_recombine_pseudolabel,1.0,0.7,ridge,4,31,31,2.0,True,0.8015048338520913,0.7302631735801697,0.85,reaction_role_concat,6144,random_forest,False,valid,r2,0.14868201870232622,0,0.01,random,,
condition_recombine_pseudolabel__mult_1__sim_0.7__teacher_ridge__seed_4,condition_recombine_pseudolabel,1.0,0.7,ridge,4,31,31,2.0,True,0.8015048338520913,0.7302631735801697,0.85,reaction_role_concat,6144,random_forest,False,valid,spearman,0.44613521356903285,0,0.01,random,,
condition_recombine_pseudolabel__mult_1__sim_0.7__teacher_rf__seed_0,condition_recombine_pseudolabel,1.0,0.7,random_forest,0,31,31,2.0,True,0.7943382178583454,0.7297297120094299,0.85,reaction_role_concat,6144,random_forest,False,valid,rmse,19.70097036901992,0,0.01,random,,
condition_recombine_pseudolabel__mult_1__sim_0.7__teacher_rf__seed_0,condition_recombine_pseudolabel,1.0,0.7,random_forest,0,31,31,2.0,True,0.7943382178583454,0.7297297120094299,0.85,reaction_role_concat,6144,random_forest,False,valid,mae,15.28955221037623,0,0.01,random,,
condition_recombine_pseudolabel__mult_1__sim_0.7__teacher_rf__seed_0,condition_recombine_pseudolabel,1.0,0.7,random_forest,0,31,31,2.0,True,0.7943382178583454,0.7297297120094299,0.85,reaction_role_concat,6144,random_forest,False,valid,r2,0.46711141800099865,0,0.01,random,,
condition_recombine_pseudolabel__mult_1__sim_0.7__teacher_rf__seed_0,condition_recombine_pseudolabel,1.0,0.7,random_forest,0,31,31,2.0,True,0.7943382178583454,0.7297297120094299,0.85,reaction_role_concat,6144,random_forest,False,valid,spearman,0.6991590751050866,0,0.01,random,,
condition_recombine_pseudolabel__mult_1__sim_0.7__teacher_rf__seed_1,condition_recombine_pseudolabel,1.0,0.7,random_forest,1,31,31,2.0,True,0.7922973252111867,0.7215189933776855,0.85,reaction_role_concat,6144,random_forest,False,valid,rmse,19.650239921413103,0,0.01,random,,
condition_recombine_pseudolabel__mult_1__sim_0.7__teacher_rf__seed_1,condition_recombine_pseudolabel,1.0,0.7,random_forest,1,31,31,2.0,True,0.7922973252111867,0.7215189933776855,0.85,reaction_role_concat,6144,random_forest,False,valid,mae,15.437280584708047,0,0.01,random,,
condition_recombine_pseudolabel__mult_1__sim_0.7__teacher_rf__seed_1,condition_recombine_pseudolabel,1.0,0.7,random_forest,1,31,31,2.0,True,0.7922973252111867,0.7215189933776855,0.85,reaction_role_concat,6144,random_forest,False,valid,r2,0.46985228503621945,0,0.01,random,,
condition_recombine_pseudolabel__mult_1__sim_0.7__teacher_rf__seed_1,condition_recombine_pseudolabel,1.0,0.7,random_forest,1,31,31,2.0,True,0.7922973252111867,0.7215189933776855,0.85,reaction_role_concat,6144,random_forest,False,valid,spearman,0.7128086315075487,0,0.01,random,,
condition_recombine_pseudolabel__mult_1__sim_0.7__teacher_rf__seed_2,condition_recombine_pseudolabel,1.0,0.7,random_forest,2,31,31,2.0,True,0.8068348738455003,0.7515528202056885,0.85,reaction_role_concat,6144,random_forest,False,valid,rmse,20.082158438167184,0,0.01,random,,
condition_recombine_pseudolabel__mult_1__sim_0.7__teacher_rf__seed_2,condition_recombine_pseudolabel,1.0,0.7,random_forest,2,31,31,2.0,True,0.8068348738455003,0.7515528202056885,0.85,reaction_role_concat,6144,random_forest,False,valid,mae,15.908864199508596,0,0.01,random,,
condition_recombine_pseudolabel__mult_1__sim_0.7__teacher_rf__seed_2,condition_recombine_pseudolabel,1.0,0.7,random_forest,2,31,31,2.0,True,0.8068348738455003,0.7515528202056885,0.85,reaction_role_concat,6144,random_forest,False,valid,r2,0.4462905220282273,0,0.01,random,,
condition_recombine_pseudolabel__mult_1__sim_0.7__teacher_rf__seed_2,condition_recombine_pseudolabel,1.0,0.7,random_forest,2,31,31,2.0,True,0.8068348738455003,0.7515528202056885,0.85,reaction_role_concat,6144,random_forest,False,valid,spearman,0.6759932293082465,0,0.01,random,,
condition_recombine_pseudolabel__mult_1__sim_0.7__teacher_rf__seed_3,condition_recombine_pseudolabel,1.0,0.7,random_forest,3,31,31,2.0,True,0.797256988094699,0.7225806713104248,0.85,reaction_role_concat,6144,random_forest,False,valid,rmse,19.575055522733447,0,0.01,random,,
condition_recombine_pseudolabel__mult_1__sim_0.7__teacher_rf__seed_3,condition_recombine_pseudolabel,1.0,0.7,random_forest,3,31,31,2.0,True,0.797256988094699,0.7225806713104248,0.85,reaction_role_concat,6144,random_forest,False,valid,mae,15.53760294899005,0,0.01,random,,
condition_recombine_pseudolabel__mult_1__sim_0.7__teacher_rf__seed_3,condition_recombine_pseudolabel,1.0,0.7,random_forest,3,31,31,2.0,True,0.797256988094699,0.7225806713104248,0.85,reaction_role_concat,6144,random_forest,False,valid,r2,0.4739013536223692,0,0.01,random,,
condition_recombine_pseudolabel__mult_1__sim_0.7__teacher_rf__seed_3,condition_recombine_pseudolabel,1.0,0.7,random_forest,3,31,31,2.0,True,0.797256988094699,0.7225806713104248,0.85,reaction_role_concat,6144,random_forest,False,valid,spearman,0.7159509348011253,0,0.01,random,,
condition_recombine_pseudolabel__mult_1__sim_0.7__teacher_rf__seed_4,condition_recombine_pseudolabel,1.0,0.7,random_forest,4,31,31,2.0,True,0.8015048338520913,0.7302631735801697,0.85,reaction_role_concat,6144,random_forest,False,valid,rmse,19.724644553269407,0,0.01,random,,
condition_recombine_pseudolabel__mult_1__sim_0.7__teacher_rf__seed_4,condition_recombine_pseudolabel,1.0,0.7,random_forest,4,31,31,2.0,True,0.8015048338520913,0.7302631735801697,0.85,reaction_role_concat,6144,random_forest,False,valid,mae,15.391392284918433,0,0.01,random,,
condition_recombine_pseudolabel__mult_1__sim_0.7__teacher_rf__seed_4,condition_recombine_pseudolabel,1.0,0.7,random_forest,4,31,31,2.0,True,0.8015048338520913,0.7302631735801697,0.85,reaction_role_concat,6144,random_forest,False,valid,r2,0.46582992960403113,0,0.01,random,,
condition_recombine_pseudolabel__mult_1__sim_0.7__teacher_rf__seed_4,condition_recombine_pseudolabel,1.0,0.7,random_forest,4,31,31,2.0,True,0.8015048338520913,0.7302631735801697,0.85,reaction_role_concat,6144,random_forest,False,valid,spearman,0.7024824741452719,0,0.01,random,,
condition_recombine_pseudolabel__mult_1__sim_0.8__teacher_ridge__seed_0,condition_recombine_pseudolabel,1.0,0.8,ridge,0,31,12,1.3870967741935485,True,0.8366639345884322,0.803680956363678,0.85,reaction_role_concat,6144,random_forest,False,valid,rmse,19.446648047056204,0,0.01,random,,
condition_recombine_pseudolabel__mult_1__sim_0.8__teacher_ridge__seed_0,condition_recombine_pseudolabel,1.0,0.8,ridge,0,31,12,1.3870967741935485,True,0.8366639345884322,0.803680956363678,0.85,reaction_role_concat,6144,random_forest,False,valid,mae,15.602418638461753,0,0.01,random,,
condition_recombine_pseudolabel__mult_1__sim_0.8__teacher_ridge__seed_0,condition_recombine_pseudolabel,1.0,0.8,ridge,0,31,12,1.3870967741935485,True,0.8366639345884322,0.803680956363678,0.85,reaction_role_concat,6144,random_forest,False,valid,r2,0.4807808668986996,0,0.01,random,,
condition_recombine_pseudolabel__mult_1__sim_0.8__teacher_ridge__seed_0,condition_recombine_pseudolabel,1.0,0.8,ridge,0,31,12,1.3870967741935485,True,0.8366639345884322,0.803680956363678,0.85,reaction_role_concat,6144,random_forest,False,valid,spearman,0.7275959754878981,0,0.01,random,,
condition_recombine_pseudolabel__mult_1__sim_0.8__teacher_ridge__seed_1,condition_recombine_pseudolabel,1.0,0.8,ridge,1,31,13,1.4193548387096775,True,0.8347066558324373,0.807947039604187,0.85,reaction_role_concat,6144,random_forest,True,valid,rmse,18.539253350633945,0,0.01,random,,
condition_recombine_pseudolabel__mult_1__sim_0.8__teacher_ridge__seed_1,condition_recombine_pseudolabel,1.0,0.8,ridge,1,31,13,1.4193548387096775,True,0.8347066558324373,0.807947039604187,0.85,reaction_role_concat,6144,random_forest,True,valid,mae,14.721629948619045,0,0.01,random,,
condition_recombine_pseudolabel__mult_1__sim_0.8__teacher_ridge__seed_1,condition_recombine_pseudolabel,1.0,0.8,ridge,1,31,13,1.4193548387096775,True,0.8347066558324373,0.807947039604187,0.85,reaction_role_concat,6144,random_forest,True,valid,r2,0.5281046932812065,0,0.01,random,,
condition_recombine_pseudolabel__mult_1__sim_0.8__teacher_ridge__seed_1,condition_recombine_pseudolabel,1.0,0.8,ridge,1,31,13,1.4193548387096775,True,0.8347066558324373,0.807947039604187,0.85,reaction_role_concat,6144,random_forest,True,valid,spearman,0.7473897405922388,0,0.01,random,,
condition_recombine_pseudolabel__mult_1__sim_0.8__teacher_ridge__seed_2,condition_recombine_pseudolabel,1.0,0.8,ridge,2,31,17,1.5483870967741935,True,0.8350066072800582,0.8037974834442139,0.85,reaction_role_concat,6144,random_forest,False,valid,rmse,20.630050795239057,0,0.01,random,,
condition_recombine_pseudolabel__mult_1__sim_0.8__teacher_ridge__seed_2,condition_recombine_pseudolabel,1.0,0.8,ridge,2,31,17,1.5483870967741935,True,0.8350066072800582,0.8037974834442139,0.85,reaction_role_concat,6144,random_forest,False,valid,mae,16.164289263014552,0,0.01,random,,
condition_recombine_pseudolabel__mult_1__sim_0.8__teacher_ridge__seed_2,condition_recombine_pseudolabel,1.0,0.8,ridge,2,31,17,1.5483870967741935,True,0.8350066072800582,0.8037974834442139,0.85,reaction_role_concat,6144,random_forest,False,valid,r2,0.41566516987046287,0,0.01,random,,
condition_recombine_pseudolabel__mult_1__sim_0.8__teacher_ridge__seed_2,condition_recombine_pseudolabel,1.0,0.8,ridge,2,31,17,1.5483870967741935,True,0.8350066072800582,0.8037974834442139,0.85,reaction_role_concat,6144,random_forest,False,valid,spearman,0.6581576349865917,0,0.01,random,,
condition_recombine_pseudolabel__mult_1__sim_0.8__teacher_ridge__seed_3,condition_recombine_pseudolabel,1.0,0.8,ridge,3,31,14,1.4516129032258065,True,0.8321860032422201,0.800000011920929,0.85,reaction_role_concat,6144,random_forest,False,valid,rmse,20.153767208178223,0,0.01,random,,
condition_recombine_pseudolabel__mult_1__sim_0.8__teacher_ridge__seed_3,condition_recombine_pseudolabel,1.0,0.8,ridge,3,31,14,1.4516129032258065,True,0.8321860032422201,0.800000011920929,0.85,reaction_role_concat,6144,random_forest,False,valid,mae,16.202596824238572,0,0.01,random,,
condition_recombine_pseudolabel__mult_1__sim_0.8__teacher_ridge__seed_3,condition_recombine_pseudolabel,1.0,0.8,ridge,3,31,14,1.4516129032258065,True,0.8321860032422201,0.800000011920929,0.85,reaction_role_concat,6144,random_forest,False,valid,r2,0.4423346576831848,0,0.01,random,,
condition_recombine_pseudolabel__mult_1__sim_0.8__teacher_ridge__seed_3,condition_recombine_pseudolabel,1.0,0.8,ridge,3,31,14,1.4516129032258065,True,0.8321860032422201,0.800000011920929,0.85,reaction_role_concat,6144,random_forest,False,valid,spearman,0.6892282127596009,0,0.01,random,,
condition_recombine_pseudolabel__mult_1__sim_0.8__teacher_ridge__seed_4,condition_recombine_pseudolabel,1.0,0.8,ridge,4,31,16,1.5161290322580645,True,0.828103432059288,0.800000011920929,0.85,reaction_role_concat,6144,random_forest,False,valid,rmse,21.356475111864395,0,0.01,random,,
condition_recombine_pseudolabel__mult_1__sim_0.8__teacher_ridge__seed_4,condition_recombine_pseudolabel,1.0,0.8,ridge,4,31,16,1.5161290322580645,True,0.828103432059288,0.800000011920929,0.85,reaction_role_concat,6144,random_forest,False,valid,mae,17.04946631850623,0,0.01,random,,
condition_recombine_pseudolabel__mult_1__sim_0.8__teacher_ridge__seed_4,condition_recombine_pseudolabel,1.0,0.8,ridge,4,31,16,1.5161290322580645,True,0.828103432059288,0.800000011920929,0.85,reaction_role_concat,6144,random_forest,False,valid,r2,0.3737895263541312,0,0.01,random,,
condition_recombine_pseudolabel__mult_1__sim_0.8__teacher_ridge__seed_4,condition_recombine_pseudolabel,1.0,0.8,ridge,4,31,16,1.5161290322580645,True,0.828103432059288,0.800000011920929,0.85,reaction_role_concat,6144,random_forest,False,valid,spearman,0.6281132664443656,0,0.01,random,,
condition_recombine_pseudolabel__mult_1__sim_0.8__teacher_rf__seed_0,condition_recombine_pseudolabel,1.0,0.8,random_forest,0,31,12,1.3870967741935485,True,0.8366639345884322,0.803680956363678,0.85,reaction_role_concat,6144,random_forest,False,valid,rmse,19.26456838662112,0,0.01,random,,
condition_recombine_pseudolabel__mult_1__sim_0.8__teacher_rf__seed_0,condition_recombine_pseudolabel,1.0,0.8,random_forest,0,31,12,1.3870967741935485,True,0.8366639345884322,0.803680956363678,0.85,reaction_role_concat,6144,random_forest,False,valid,mae,15.2211604214454,0,0.01,random,,
condition_recombine_pseudolabel__mult_1__sim_0.8__teacher_rf__seed_0,condition_recombine_pseudolabel,1.0,0.8,random_forest,0,31,12,1.3870967741935485,True,0.8366639345884322,0.803680956363678,0.85,reaction_role_concat,6144,random_forest,False,valid,r2,0.4904582833934902,0,0.01,random,,
condition_recombine_pseudolabel__mult_1__sim_0.8__teacher_rf__seed_0,condition_recombine_pseudolabel,1.0,0.8,random_forest,0,31,12,1.3870967741935485,True,0.8366639345884322,0.803680956363678,0.85,reaction_role_concat,6144,random_forest,False,valid,spearman,0.7286591827744401,0,0.01,random,,
condition_recombine_pseudolabel__mult_1__sim_0.8__teacher_rf__seed_1,condition_recombine_pseudolabel,1.0,0.8,random_forest,1,31,13,1.4193548387096775,True,0.8347066558324373,0.807947039604187,0.85,reaction_role_concat,6144,random_forest,False,valid,rmse,19.58650890105377,0,0.01,random,,
condition_recombine_pseudolabel__mult_1__sim_0.8__teacher_rf__seed_1,condition_recombine_pseudolabel,1.0,0.8,random_forest,1,31,13,1.4193548387096775,True,0.8347066558324373,0.807947039604187,0.85,reaction_role_concat,6144,random_forest,False,valid,mae,15.250170592646054,0,0.01,random,,
condition_recombine_pseudolabel__mult_1__sim_0.8__teacher_rf__seed_1,condition_recombine_pseudolabel,1.0,0.8,random_forest,1,31,13,1.4193548387096775,True,0.8347066558324373,0.807947039604187,0.85,reaction_role_concat,6144,random_forest,False,valid,r2,0.47328553216356384,0,0.01,random,,
condition_recombine_pseudolabel__mult_1__sim_0.8__teacher_rf__seed_1,condition_recombine_pseudolabel,1.0,0.8,random_forest,1,31,13,1.4193548387096775,True,0.8347066558324373,0.807947039604187,0.85,reaction_role_concat,6144,random_forest,False,valid,spearman,0.7209725446006386,0,0.01,random,,
condition_recombine_pseudolabel__mult_1__sim_0.8__teacher_rf__seed_2,condition_recombine_pseudolabel,1.0,0.8,random_forest,2,31,17,1.5483870967741935,True,0.8350066072800582,0.8037974834442139,0.85,reaction_role_concat,6144,random_forest,False,valid,rmse,19.726188202272457,0,0.01,random,,
condition_recombine_pseudolabel__mult_1__sim_0.8__teacher_rf__seed_2,condition_recombine_pseudolabel,1.0,0.8,random_forest,2,31,17,1.5483870967741935,True,0.8350066072800582,0.8037974834442139,0.85,reaction_role_concat,6144,random_forest,False,valid,mae,15.520287322696252,0,0.01,random,,
condition_recombine_pseudolabel__mult_1__sim_0.8__teacher_rf__seed_2,condition_recombine_pseudolabel,1.0,0.8,random_forest,2,31,17,1.5483870967741935,True,0.8350066072800582,0.8037974834442139,0.85,reaction_role_concat,6144,random_forest,False,valid,r2,0.4657463181240037,0,0.01,random,,
condition_recombine_pseudolabel__mult_1__sim_0.8__teacher_rf__seed_2,condition_recombine_pseudolabel,1.0,0.8,random_forest,2,31,17,1.5483870967741935,True,0.8350066072800582,0.8037974834442139,0.85,reaction_role_concat,6144,random_forest,False,valid,spearman,0.7157295306464001,0,0.01,random,,
condition_recombine_pseudolabel__mult_1__sim_0.8__teacher_rf__seed_3,condition_recombine_pseudolabel,1.0,0.8,random_forest,3,31,14,1.4516129032258065,True,0.8321860032422201,0.800000011920929,0.85,reaction_role_concat,6144,random_forest,False,valid,rmse,19.19092089033873,0,0.01,random,,
condition_recombine_pseudolabel__mult_1__sim_0.8__teacher_rf__seed_3,condition_recombine_pseudolabel,1.0,0.8,random_forest,3,31,14,1.4516129032258065,True,0.8321860032422201,0.800000011920929,0.85,reaction_role_concat,6144,random_forest,False,valid,mae,15.243901558361475,0,0.01,random,,
condition_recombine_pseudolabel__mult_1__sim_0.8__teacher_rf__seed_3,condition_recombine_pseudolabel,1.0,0.8,random_forest,3,31,14,1.4516129032258065,True,0.8321860032422201,0.800000011920929,0.85,reaction_role_concat,6144,random_forest,False,valid,r2,0.49434674224719277,0,0.01,random,,
condition_recombine_pseudolabel__mult_1__sim_0.8__teacher_rf__seed_3,condition_recombine_pseudolabel,1.0,0.8,random_forest,3,31,14,1.4516129032258065,True,0.8321860032422201,0.800000011920929,0.85,reaction_role_concat,6144,random_forest,False,valid,spearman,0.7398341534264672,0,0.01,random,,
condition_recombine_pseudolabel__mult_1__sim_0.8__teacher_rf__seed_4,condition_recombine_pseudolabel,1.0,0.8,random_forest,4,31,16,1.5161290322580645,True,0.828103432059288,0.800000011920929,0.85,reaction_role_concat,6144,random_forest,False,valid,rmse,19.539540609000884,0,0.01,random,,
condition_recombine_pseudolabel__mult_1__sim_0.8__teacher_rf__seed_4,condition_recombine_pseudolabel,1.0,0.8,random_forest,4,31,16,1.5161290322580645,True,0.828103432059288,0.800000011920929,0.85,reaction_role_concat,6144,random_forest,False,valid,mae,15.317074417568461,0,0.01,random,,
condition_recombine_pseudolabel__mult_1__sim_0.8__teacher_rf__seed_4,condition_recombine_pseudolabel,1.0,0.8,random_forest,4,31,16,1.5161290322580645,True,0.828103432059288,0.800000011920929,0.85,reaction_role_concat,6144,random_forest,False,valid,r2,0.47580861754457626,0,0.01,random,,
condition_recombine_pseudolabel__mult_1__sim_0.8__teacher_rf__seed_4,condition_recombine_pseudolabel,1.0,0.8,random_forest,4,31,16,1.5161290322580645,True,0.828103432059288,0.800000011920929,0.85,reaction_role_concat,6144,random_forest,False,valid,spearman,0.7200452564873578,0,0.01,random,,
condition_recombine_pseudolabel__mult_1__sim_0.85__teacher_ridge__seed_0,condition_recombine_pseudolabel,1.0,0.85,ridge,0,31,6,1.1935483870967742,True,0.85,0.85,0.85,reaction_role_concat,6144,random_forest,False,valid,rmse,19.744389486047908,0,0.01,random,,
condition_recombine_pseudolabel__mult_1__sim_0.85__teacher_ridge__seed_0,condition_recombine_pseudolabel,1.0,0.85,ridge,0,31,6,1.1935483870967742,True,0.85,0.85,0.85,reaction_role_concat,6144,random_forest,False,valid,mae,15.644043216669106,0,0.01,random,,
condition_recombine_pseudolabel__mult_1__sim_0.85__teacher_ridge__seed_0,condition_recombine_pseudolabel,1.0,0.85,ridge,0,31,6,1.1935483870967742,True,0.85,0.85,0.85,reaction_role_concat,6144,random_forest,False,valid,r2,0.46475995532854264,0,0.01,random,,
condition_recombine_pseudolabel__mult_1__sim_0.85__teacher_ridge__seed_0,condition_recombine_pseudolabel,1.0,0.85,ridge,0,31,6,1.1935483870967742,True,0.85,0.85,0.85,reaction_role_concat,6144,random_forest,False,valid,spearman,0.7244821022792732,0,0.01,random,,
condition_recombine_pseudolabel__mult_1__sim_0.85__teacher_ridge__seed_1,condition_recombine_pseudolabel,1.0,0.85,ridge,1,31,7,1.2258064516129032,True,0.8499999999999999,0.85,0.85,reaction_role_concat,6144,random_forest,False,valid,rmse,19.43797827702452,0,0.01,random,,
condition_recombine_pseudolabel__mult_1__sim_0.85__teacher_ridge__seed_1,condition_recombine_pseudolabel,1.0,0.85,ridge,1,31,7,1.2258064516129032,True,0.8499999999999999,0.85,0.85,reaction_role_concat,6144,random_forest,False,valid,mae,15.309645852826817,0,0.01,random,,
condition_recombine_pseudolabel__mult_1__sim_0.85__teacher_ridge__seed_1,condition_recombine_pseudolabel,1.0,0.85,ridge,1,31,7,1.2258064516129032,True,0.8499999999999999,0.85,0.85,reaction_role_concat,6144,random_forest,False,valid,r2,0.4812437237396192,0,0.01,random,,
condition_recombine_pseudolabel__mult_1__sim_0.85__teacher_ridge__seed_1,condition_recombine_pseudolabel,1.0,0.85,ridge,1,31,7,1.2258064516129032,True,0.8499999999999999,0.85,0.85,reaction_role_concat,6144,random_forest,False,valid,spearman,0.7309224901538315,0,0.01,random,,
condition_recombine_pseudolabel__mult_1__sim_0.85__teacher_ridge__seed_2,condition_recombine_pseudolabel,1.0,0.85,ridge,2,31,6,1.1935483870967742,True,0.85,0.85,0.85,reaction_role_concat,6144,random_forest,False,valid,rmse,19.717118366614987,0,0.01,random,,
condition_recombine_pseudolabel__mult_1__sim_0.85__teacher_ridge__seed_2,condition_recombine_pseudolabel,1.0,0.85,ridge,2,31,6,1.1935483870967742,True,0.85,0.85,0.85,reaction_role_concat,6144,random_forest,False,valid,mae,15.347308455785619,0,0.01,random,,
condition_recombine_pseudolabel__mult_1__sim_0.85__teacher_ridge__seed_2,condition_recombine_pseudolabel,1.0,0.85,ridge,2,31,6,1.1935483870967742,True,0.85,0.85,0.85,reaction_role_concat,6144,random_forest,False,valid,r2,0.4662374904757137,0,0.01,random,,
condition_recombine_pseudolabel__mult_1__sim_0.85__teacher_ridge__seed_2,condition_recombine_pseudolabel,1.0,0.85,ridge,2,31,6,1.1935483870967742,True,0.85,0.85,0.85,reaction_role_concat,6144,random_forest,False,valid,spearman,0.710516894043206,0,0.01,random,,
condition_recombine_pseudolabel__mult_1__sim_0.85__teacher_ridge__seed_3,condition_recombine_pseudolabel,1.0,0.85,ridge,3,31,6,1.1935483870967742,True,0.85,0.85,0.85,reaction_role_concat,6144,random_forest,False,valid,rmse,20.042776154507568,0,0.01,random,,
condition_recombine_pseudolabel__mult_1__sim_0.85__teacher_ridge__seed_3,condition_recombine_pseudolabel,1.0,0.85,ridge,3,31,6,1.1935483870967742,True,0.85,0.85,0.85,reaction_role_concat,6144,random_forest,False,valid,mae,16.02302713394769,0,0.01,random,,
condition_recombine_pseudolabel__mult_1__sim_0.85__teacher_ridge__seed_3,condition_recombine_pseudolabel,1.0,0.85,ridge,3,31,6,1.1935483870967742,True,0.85,0.85,0.85,reaction_role_concat,6144,random_forest,False,valid,r2,0.44846010574481887,0,0.01,random,,
condition_recombine_pseudolabel__mult_1__sim_0.85__teacher_ridge__seed_3,condition_recombine_pseudolabel,1.0,0.85,ridge,3,31,6,1.1935483870967742,True,0.85,0.85,0.85,reaction_role_concat,6144,random_forest,False,valid,spearman,0.7134923166326492,0,0.01,random,,
condition_recombine_pseudolabel__mult_1__sim_0.85__teacher_ridge__seed_4,condition_recombine_pseudolabel,1.0,0.85,ridge,4,31,4,1.1290322580645162,True,0.85,0.85,0.85,reaction_role_concat,6144,random_forest,False,valid,rmse,20.98868081415254,0,0.01,random,,
condition_recombine_pseudolabel__mult_1__sim_0.85__teacher_ridge__seed_4,condition_recombine_pseudolabel,1.0,0.85,ridge,4,31,4,1.1290322580645162,True,0.85,0.85,0.85,reaction_role_concat,6144,random_forest,False,valid,mae,16.778639769736724,0,0.01,random,,
condition_recombine_pseudolabel__mult_1__sim_0.85__teacher_ridge__seed_4,condition_recombine_pseudolabel,1.0,0.85,ridge,4,31,4,1.1290322580645162,True,0.85,0.85,0.85,reaction_role_concat,6144,random_forest,False,valid,r2,0.3951725889499512,0,0.01,random,,
condition_recombine_pseudolabel__mult_1__sim_0.85__teacher_ridge__seed_4,condition_recombine_pseudolabel,1.0,0.85,ridge,4,31,4,1.1290322580645162,True,0.85,0.85,0.85,reaction_role_concat,6144,random_forest,False,valid,spearman,0.6528386776547431,0,0.01,random,,
condition_recombine_pseudolabel__mult_1__sim_0.85__teacher_rf__seed_0,condition_recombine_pseudolabel,1.0,0.85,random_forest,0,31,6,1.1935483870967742,True,0.85,0.85,0.85,reaction_role_concat,6144,random_forest,False,valid,rmse,19.74665287081205,0,0.01,random,,
condition_recombine_pseudolabel__mult_1__sim_0.85__teacher_rf__seed_0,condition_recombine_pseudolabel,1.0,0.85,random_forest,0,31,6,1.1935483870967742,True,0.85,0.85,0.85,reaction_role_concat,6144,random_forest,False,valid,mae,15.368088871740087,0,0.01,random,,
condition_recombine_pseudolabel__mult_1__sim_0.85__teacher_rf__seed_0,condition_recombine_pseudolabel,1.0,0.85,random_forest,0,31,6,1.1935483870967742,True,0.85,0.85,0.85,reaction_role_concat,6144,random_forest,False,valid,r2,0.46463723453231465,0,0.01,random,,
condition_recombine_pseudolabel__mult_1__sim_0.85__teacher_rf__seed_0,condition_recombine_pseudolabel,1.0,0.85,random_forest,0,31,6,1.1935483870967742,True,0.85,0.85,0.85,reaction_role_concat,6144,random_forest,False,valid,spearman,0.7096659387607538,0,0.01,random,,
condition_recombine_pseudolabel__mult_1__sim_0.85__teacher_rf__seed_1,condition_recombine_pseudolabel,1.0,0.85,random_forest,1,31,7,1.2258064516129032,True,0.8499999999999999,0.85,0.85,reaction_role_concat,6144,random_forest,False,valid,rmse,19.21816632970571,0,0.01,random,,
condition_recombine_pseudolabel__mult_1__sim_0.85__teacher_rf__seed_1,condition_recombine_pseudolabel,1.0,0.85,random_forest,1,31,7,1.2258064516129032,True,0.8499999999999999,0.85,0.85,reaction_role_concat,6144,random_forest,False,valid,mae,15.117240789739391,0,0.01,random,,
condition_recombine_pseudolabel__mult_1__sim_0.85__teacher_rf__seed_1,condition_recombine_pseudolabel,1.0,0.85,random_forest,1,31,7,1.2258064516129032,True,0.8499999999999999,0.85,0.85,reaction_role_concat,6144,random_forest,False,valid,r2,0.49290996652307817,0,0.01,random,,
condition_recombine_pseudolabel__mult_1__sim_0.85__teacher_rf__seed_1,condition_recombine_pseudolabel,1.0,0.85,random_forest,1,31,7,1.2258064516129032,True,0.8499999999999999,0.85,0.85,reaction_role_concat,6144,random_forest,False,valid,spearman,0.7443841353783608,0,0.01,random,,
condition_recombine_pseudolabel__mult_1__sim_0.85__teacher_rf__seed_2,condition_recombine_pseudolabel,1.0,0.85,random_forest,2,31,6,1.1935483870967742,True,0.85,0.85,0.85,reaction_role_concat,6144,random_forest,False,valid,rmse,19.53950186308507,0,0.01,random,,
condition_recombine_pseudolabel__mult_1__sim_0.85__teacher_rf__seed_2,condition_recombine_pseudolabel,1.0,0.85,random_forest,2,31,6,1.1935483870967742,True,0.85,0.85,0.85,reaction_role_concat,6144,random_forest,False,valid,mae,15.461401170514808,0,0.01,random,,
condition_recombine_pseudolabel__mult_1__sim_0.85__teacher_rf__seed_2,condition_recombine_pseudolabel,1.0,0.85,random_forest,2,31,6,1.1935483870967742,True,0.85,0.85,0.85,reaction_role_concat,6144,random_forest,False,valid,r2,0.4758106964322476,0,0.01,random,,
condition_recombine_pseudolabel__mult_1__sim_0.85__teacher_rf__seed_2,condition_recombine_pseudolabel,1.0,0.85,random_forest,2,31,6,1.1935483870967742,True,0.85,0.85,0.85,reaction_role_concat,6144,random_forest,False,valid,spearman,0.7169981745057081,0,0.01,random,,
condition_recombine_pseudolabel__mult_1__sim_0.85__teacher_rf__seed_3,condition_recombine_pseudolabel,1.0,0.85,random_forest,3,31,6,1.1935483870967742,True,0.85,0.85,0.85,reaction_role_concat,6144,random_forest,False,valid,rmse,19.46591230913826,0,0.01,random,,
condition_recombine_pseudolabel__mult_1__sim_0.85__teacher_rf__seed_3,condition_recombine_pseudolabel,1.0,0.85,random_forest,3,31,6,1.1935483870967742,True,0.85,0.85,0.85,reaction_role_concat,6144,random_forest,False,valid,mae,15.389497112085547,0,0.01,random,,
condition_recombine_pseudolabel__mult_1__sim_0.85__teacher_rf__seed_3,condition_recombine_pseudolabel,1.0,0.85,random_forest,3,31,6,1.1935483870967742,True,0.85,0.85,0.85,reaction_role_concat,6144,random_forest,False,valid,r2,0.47975165839803335,0,0.01,random,,
condition_recombine_pseudolabel__mult_1__sim_0.85__teacher_rf__seed_3,condition_recombine_pseudolabel,1.0,0.85,random_forest,3,31,6,1.1935483870967742,True,0.85,0.85,0.85,reaction_role_concat,6144,random_forest,False,valid,spearman,0.7262215950797638,0,0.01,random,,
condition_recombine_pseudolabel__mult_1__sim_0.85__teacher_rf__seed_4,condition_recombine_pseudolabel,1.0,0.85,random_forest,4,31,4,1.1290322580645162,True,0.85,0.85,0.85,reaction_role_concat,6144,random_forest,False,valid,rmse,19.319924894466123,0,0.01,random,,
condition_recombine_pseudolabel__mult_1__sim_0.85__teacher_rf__seed_4,condition_recombine_pseudolabel,1.0,0.85,random_forest,4,31,4,1.1290322580645162,True,0.85,0.85,0.85,reaction_role_concat,6144,random_forest,False,valid,mae,15.303692642489565,0,0.01,random,,
condition_recombine_pseudolabel__mult_1__sim_0.85__teacher_rf__seed_4,condition_recombine_pseudolabel,1.0,0.85,random_forest,4,31,4,1.1290322580645162,True,0.85,0.85,0.85,reaction_role_concat,6144,random_forest,False,valid,r2,0.48752575203177706,0,0.01,random,,
condition_recombine_pseudolabel__mult_1__sim_0.85__teacher_rf__seed_4,condition_recombine_pseudolabel,1.0,0.85,random_forest,4,31,4,1.1290322580645162,True,0.85,0.85,0.85,reaction_role_concat,6144,random_forest,False,valid,spearman,0.7371428369599294,0,0.01,random,,
condition_recombine_pseudolabel__mult_1__sim_0.9__teacher_ridge__seed_0,condition_recombine_pseudolabel,1.0,0.9,ridge,0,31,5,1.1612903225806452,True,0.85,0.85,0.85,reaction_role_concat,6144,random_forest,False,valid,rmse,19.978689964305687,0,0.01,random,,
condition_recombine_pseudolabel__mult_1__sim_0.9__teacher_ridge__seed_0,condition_recombine_pseudolabel,1.0,0.9,ridge,0,31,5,1.1612903225806452,True,0.85,0.85,0.85,reaction_role_concat,6144,random_forest,False,valid,mae,15.956086034076124,0,0.01,random,,
condition_recombine_pseudolabel__mult_1__sim_0.9__teacher_ridge__seed_0,condition_recombine_pseudolabel,1.0,0.9,ridge,0,31,5,1.1612903225806452,True,0.85,0.85,0.85,reaction_role_concat,6144,random_forest,False,valid,r2,0.45198153224282756,0,0.01,random,,
condition_recombine_pseudolabel__mult_1__sim_0.9__teacher_ridge__seed_0,condition_recombine_pseudolabel,1.0,0.9,ridge,0,31,5,1.1612903225806452,True,0.85,0.85,0.85,reaction_role_concat,6144,random_forest,False,valid,spearman,0.7135661180175575,0,0.01,random,,
condition_recombine_pseudolabel__mult_1__sim_0.9__teacher_ridge__seed_1,condition_recombine_pseudolabel,1.0,0.9,ridge,1,31,4,1.1290322580645162,True,0.85,0.85,0.85,reaction_role_concat,6144,random_forest,False,valid,rmse,20.00806292411679,0,0.01,random,,
condition_recombine_pseudolabel__mult_1__sim_0.9__teacher_ridge__seed_1,condition_recombine_pseudolabel,1.0,0.9,ridge,1,31,4,1.1290322580645162,True,0.85,0.85,0.85,reaction_role_concat,6144,random_forest,False,valid,mae,15.945420800221118,0,0.01,random,,
condition_recombine_pseudolabel__mult_1__sim_0.9__teacher_ridge__seed_1,condition_recombine_pseudolabel,1.0,0.9,ridge,1,31,4,1.1290322580645162,True,0.85,0.85,0.85,reaction_role_concat,6144,random_forest,False,valid,r2,0.45036893828157587,0,0.01,random,,
condition_recombine_pseudolabel__mult_1__sim_0.9__teacher_ridge__seed_1,condition_recombine_pseudolabel,1.0,0.9,ridge,1,31,4,1.1290322580645162,True,0.85,0.85,0.85,reaction_role_concat,6144,random_forest,False,valid,spearman,0.7173813964727253,0,0.01,random,,
condition_recombine_pseudolabel__mult_1__sim_0.9__teacher_ridge__seed_2,condition_recombine_pseudolabel,1.0,0.9,ridge,2,31,3,1.096774193548387,True,0.85,0.85,0.85,reaction_role_concat,6144,random_forest,False,valid,rmse,19.723725159964523,0,0.01,random,,
condition_recombine_pseudolabel__mult_1__sim_0.9__teacher_ridge__seed_2,condition_recombine_pseudolabel,1.0,0.9,ridge,2,31,3,1.096774193548387,True,0.85,0.85,0.85,reaction_role_concat,6144,random_forest,False,valid,mae,15.436368093449857,0,0.01,random,,
condition_recombine_pseudolabel__mult_1__sim_0.9__teacher_ridge__seed_2,condition_recombine_pseudolabel,1.0,0.9,ridge,2,31,3,1.096774193548387,True,0.85,0.85,0.85,reaction_role_concat,6144,random_forest,False,valid,r2,0.4658797252735396,0,0.01,random,,
condition_recombine_pseudolabel__mult_1__sim_0.9__teacher_ridge__seed_2,condition_recombine_pseudolabel,1.0,0.9,ridge,2,31,3,1.096774193548387,True,0.85,0.85,0.85,reaction_role_concat,6144,random_forest,False,valid,spearman,0.709397605493198,0,0.01,random,,
condition_recombine_pseudolabel__mult_1__sim_0.9__teacher_ridge__seed_3,condition_recombine_pseudolabel,1.0,0.9,ridge,3,31,4,1.1290322580645162,True,0.85,0.85,0.85,reaction_role_concat,6144,random_forest,False,valid,rmse,20.37779048132503,0,0.01,random,,
condition_recombine_pseudolabel__mult_1__sim_0.9__teacher_ridge__seed_3,condition_recombine_pseudolabel,1.0,0.9,ridge,3,31,4,1.1290322580645162,True,0.85,0.85,0.85,reaction_role_concat,6144,random_forest,False,valid,mae,16.43753901793836,0,0.01,random,,
condition_recombine_pseudolabel__mult_1__sim_0.9__teacher_ridge__seed_3,condition_recombine_pseudolabel,1.0,0.9,ridge,3,31,4,1.1290322580645162,True,0.85,0.85,0.85,reaction_role_concat,6144,random_forest,False,valid,r2,0.42986806953343315,0,0.01,random,,
condition_recombine_pseudolabel__mult_1__sim_0.9__teacher_ridge__seed_3,condition_recombine_pseudolabel,1.0,0.9,ridge,3,31,4,1.1290322580645162,True,0.85,0.85,0.85,reaction_role_concat,6144,random_forest,False,valid,spearman,0.7102066945546599,0,0.01,random,,
condition_recombine_pseudolabel__mult_1__sim_0.9__teacher_ridge__seed_4,condition_recombine_pseudolabel,1.0,0.9,ridge,4,31,3,1.096774193548387,True,0.85,0.85,0.85,reaction_role_concat,6144,random_forest,False,valid,rmse,21.360914998301727,0,0.01,random,,
condition_recombine_pseudolabel__mult_1__sim_0.9__teacher_ridge__seed_4,condition_recombine_pseudolabel,1.0,0.9,ridge,4,31,3,1.096774193548387,True,0.85,0.85,0.85,reaction_role_concat,6144,random_forest,False,valid,mae,17.219729675873925,0,0.01,random,,
condition_recombine_pseudolabel__mult_1__sim_0.9__teacher_ridge__seed_4,condition_recombine_pseudolabel,1.0,0.9,ridge,4,31,3,1.096774193548387,True,0.85,0.85,0.85,reaction_role_concat,6144,random_forest,False,valid,r2,0.3735291282894967,0,0.01,random,,
condition_recombine_pseudolabel__mult_1__sim_0.9__teacher_ridge__seed_4,condition_recombine_pseudolabel,1.0,0.9,ridge,4,31,3,1.096774193548387,True,0.85,0.85,0.85,reaction_role_concat,6144,random_forest,False,valid,spearman,0.6416594230173123,0,0.01,random,,
condition_recombine_pseudolabel__mult_1__sim_0.9__teacher_rf__seed_0,condition_recombine_pseudolabel,1.0,0.9,random_forest,0,31,5,1.1612903225806452,True,0.85,0.85,0.85,reaction_role_concat,6144,random_forest,False,valid,rmse,19.856744145538578,0,0.01,random,,
condition_recombine_pseudolabel__mult_1__sim_0.9__teacher_rf__seed_0,condition_recombine_pseudolabel,1.0,0.9,random_forest,0,31,5,1.1612903225806452,True,0.85,0.85,0.85,reaction_role_concat,6144,random_forest,False,valid,mae,15.620754712605779,0,0.01,random,,
condition_recombine_pseudolabel__mult_1__sim_0.9__teacher_rf__seed_0,condition_recombine_pseudolabel,1.0,0.9,random_forest,0,31,5,1.1612903225806452,True,0.85,0.85,0.85,reaction_role_concat,6144,random_forest,False,valid,r2,0.4586510993632933,0,0.01,random,,
condition_recombine_pseudolabel__mult_1__sim_0.9__teacher_rf__seed_0,condition_recombine_pseudolabel,1.0,0.9,random_forest,0,31,5,1.1612903225806452,True,0.85,0.85,0.85,reaction_role_concat,6144,random_forest,False,valid,spearman,0.6968410495484941,0,0.01,random,,
condition_recombine_pseudolabel__mult_1__sim_0.9__teacher_rf__seed_1,condition_recombine_pseudolabel,1.0,0.9,random_forest,1,31,4,1.1290322580645162,True,0.85,0.85,0.85,reaction_role_concat,6144,random_forest,False,valid,rmse,19.740355000585435,0,0.01,random,,
condition_recombine_pseudolabel__mult_1__sim_0.9__teacher_rf__seed_1,condition_recombine_pseudolabel,1.0,0.9,random_forest,1,31,4,1.1290322580645162,True,0.85,0.85,0.85,reaction_role_concat,6144,random_forest,False,valid,mae,15.579664184475247,0,0.01,random,,
condition_recombine_pseudolabel__mult_1__sim_0.9__teacher_rf__seed_1,condition_recombine_pseudolabel,1.0,0.9,random_forest,1,31,4,1.1290322580645162,True,0.85,0.85,0.85,reaction_role_concat,6144,random_forest,False,valid,r2,0.46497867037744045,0,0.01,random,,
condition_recombine_pseudolabel__mult_1__sim_0.9__teacher_rf__seed_1,condition_recombine_pseudolabel,1.0,0.9,random_forest,1,31,4,1.1290322580645162,True,0.85,0.85,0.85,reaction_role_concat,6144,random_forest,False,valid,spearman,0.7246295103224806,0,0.01,random,,
condition_recombine_pseudolabel__mult_1__sim_0.9__teacher_rf__seed_2,condition_recombine_pseudolabel,1.0,0.9,random_forest,2,31,3,1.096774193548387,True,0.85,0.85,0.85,reaction_role_concat,6144,random_forest,False,valid,rmse,19.590670152338106,0,0.01,random,,
condition_recombine_pseudolabel__mult_1__sim_0.9__teacher_rf__seed_2,condition_recombine_pseudolabel,1.0,0.9,random_forest,2,31,3,1.096774193548387,True,0.85,0.85,0.85,reaction_role_concat,6144,random_forest,False,valid,mae,15.551605307761628,0,0.01,random,,
condition_recombine_pseudolabel__mult_1__sim_0.9__teacher_rf__seed_2,condition_recombine_pseudolabel,1.0,0.9,random_forest,2,31,3,1.096774193548387,True,0.85,0.85,0.85,reaction_role_concat,6144,random_forest,False,valid,r2,0.47306170216963117,0,0.01,random,,
condition_recombine_pseudolabel__mult_1__sim_0.9__teacher_rf__seed_2,condition_recombine_pseudolabel,1.0,0.9,random_forest,2,31,3,1.096774193548387,True,0.85,0.85,0.85,reaction_role_concat,6144,random_forest,False,valid,spearman,0.7218182422646408,0,0.01,random,,
condition_recombine_pseudolabel__mult_1__sim_0.9__teacher_rf__seed_3,condition_recombine_pseudolabel,1.0,0.9,random_forest,3,31,4,1.1290322580645162,True,0.85,0.85,0.85,reaction_role_concat,6144,random_forest,False,valid,rmse,19.515899174355393,0,0.01,random,,
condition_recombine_pseudolabel__mult_1__sim_0.9__teacher_rf__seed_3,condition_recombine_pseudolabel,1.0,0.9,random_forest,3,31,4,1.1290322580645162,True,0.85,0.85,0.85,reaction_role_concat,6144,random_forest,False,valid,mae,15.479015226922458,0,0.01,random,,
condition_recombine_pseudolabel__mult_1__sim_0.9__teacher_rf__seed_3,condition_recombine_pseudolabel,1.0,0.9,random_forest,3,31,4,1.1290322580645162,True,0.85,0.85,0.85,reaction_role_concat,6144,random_forest,False,valid,r2,0.4770763176875724,0,0.01,random,,
condition_recombine_pseudolabel__mult_1__sim_0.9__teacher_rf__seed_3,condition_recombine_pseudolabel,1.0,0.9,random_forest,3,31,4,1.1290322580645162,True,0.85,0.85,0.85,reaction_role_concat,6144,random_forest,False,valid,spearman,0.7215713289241031,0,0.01,random,,
condition_recombine_pseudolabel__mult_1__sim_0.9__teacher_rf__seed_4,condition_recombine_pseudolabel,1.0,0.9,random_forest,4,31,3,1.096774193548387,True,0.85,0.85,0.85,reaction_role_concat,6144,random_forest,False,valid,rmse,20.07700896026301,0,0.01,random,,
condition_recombine_pseudolabel__mult_1__sim_0.9__teacher_rf__seed_4,condition_recombine_pseudolabel,1.0,0.9,random_forest,4,31,3,1.096774193548387,True,0.85,0.85,0.85,reaction_role_concat,6144,random_forest,False,valid,mae,15.810094894543479,0,0.01,random,,
condition_recombine_pseudolabel__mult_1__sim_0.9__teacher_rf__seed_4,condition_recombine_pseudolabel,1.0,0.9,random_forest,4,31,3,1.096774193548387,True,0.85,0.85,0.85,reaction_role_concat,6144,random_forest,False,valid,r2,0.4465744505873107,0,0.01,random,,
condition_recombine_pseudolabel__mult_1__sim_0.9__teacher_rf__seed_4,condition_recombine_pseudolabel,1.0,0.9,random_forest,4,31,3,1.096774193548387,True,0.85,0.85,0.85,reaction_role_concat,6144,random_forest,False,valid,spearman,0.7010120935187739,0,0.01,random,,
condition_recombine_pseudolabel__mult_1__sim_0.95__teacher_ridge__seed_0,condition_recombine_pseudolabel,1.0,0.95,ridge,0,31,0,1.0,True,,,,reaction_role_concat,6144,random_forest,False,valid,rmse,20.405752315451878,0,0.01,random,,
condition_recombine_pseudolabel__mult_1__sim_0.95__teacher_ridge__seed_0,condition_recombine_pseudolabel,1.0,0.95,ridge,0,31,0,1.0,True,,,,reaction_role_concat,6144,random_forest,False,valid,mae,16.359385532849952,0,0.01,random,,
condition_recombine_pseudolabel__mult_1__sim_0.95__teacher_ridge__seed_0,condition_recombine_pseudolabel,1.0,0.95,ridge,0,31,0,1.0,True,,,,reaction_role_concat,6144,random_forest,False,valid,r2,0.4283023578805397,0,0.01,random,,
condition_recombine_pseudolabel__mult_1__sim_0.95__teacher_ridge__seed_0,condition_recombine_pseudolabel,1.0,0.95,ridge,0,31,0,1.0,True,,,,reaction_role_concat,6144,random_forest,False,valid,spearman,0.7028232457114711,0,0.01,random,,
condition_recombine_pseudolabel__mult_1__sim_0.95__teacher_ridge__seed_1,condition_recombine_pseudolabel,1.0,0.95,ridge,1,31,0,1.0,True,,,,reaction_role_concat,6144,random_forest,False,valid,rmse,20.405752315451878,0,0.01,random,,
condition_recombine_pseudolabel__mult_1__sim_0.95__teacher_ridge__seed_1,condition_recombine_pseudolabel,1.0,0.95,ridge,1,31,0,1.0,True,,,,reaction_role_concat,6144,random_forest,False,valid,mae,16.359385532849952,0,0.01,random,,
condition_recombine_pseudolabel__mult_1__sim_0.95__teacher_ridge__seed_1,condition_recombine_pseudolabel,1.0,0.95,ridge,1,31,0,1.0,True,,,,reaction_role_concat,6144,random_forest,False,valid,r2,0.4283023578805397,0,0.01,random,,
condition_recombine_pseudolabel__mult_1__sim_0.95__teacher_ridge__seed_1,condition_recombine_pseudolabel,1.0,0.95,ridge,1,31,0,1.0,True,,,,reaction_role_concat,6144,random_forest,False,valid,spearman,0.7028232457114711,0,0.01,random,,
condition_recombine_pseudolabel__mult_1__sim_0.95__teacher_ridge__seed_2,condition_recombine_pseudolabel,1.0,0.95,ridge,2,31,0,1.0,True,,,,reaction_role_concat,6144,random_forest,False,valid,rmse,20.405752315451878,0,0.01,random,,
condition_recombine_pseudolabel__mult_1__sim_0.95__teacher_ridge__seed_2,condition_recombine_pseudolabel,1.0,0.95,ridge,2,31,0,1.0,True,,,,reaction_role_concat,6144,random_forest,False,valid,mae,16.359385532849952,0,0.01,random,,
condition_recombine_pseudolabel__mult_1__sim_0.95__teacher_ridge__seed_2,condition_recombine_pseudolabel,1.0,0.95,ridge,2,31,0,1.0,True,,,,reaction_role_concat,6144,random_forest,False,valid,r2,0.4283023578805397,0,0.01,random,,
condition_recombine_pseudolabel__mult_1__sim_0.95__teacher_ridge__seed_2,condition_recombine_pseudolabel,1.0,0.95,ridge,2,31,0,1.0,True,,,,reaction_role_concat,6144,random_forest,False,valid,spearman,0.7028232457114711,0,0.01,random,,
condition_recombine_pseudolabel__mult_1__sim_0.95__teacher_ridge__seed_3,condition_recombine_pseudolabel,1.0,0.95,ridge,3,31,0,1.0,True,,,,reaction_role_concat,6144,random_forest,False,valid,rmse,20.405752315451878,0,0.01,random,,
condition_recombine_pseudolabel__mult_1__sim_0.95__teacher_ridge__seed_3,condition_recombine_pseudolabel,1.0,0.95,ridge,3,31,0,1.0,True,,,,reaction_role_concat,6144,random_forest,False,valid,mae,16.359385532849952,0,0.01,random,,
condition_recombine_pseudolabel__mult_1__sim_0.95__teacher_ridge__seed_3,condition_recombine_pseudolabel,1.0,0.95,ridge,3,31,0,1.0,True,,,,reaction_role_concat,6144,random_forest,False,valid,r2,0.4283023578805397,0,0.01,random,,
condition_recombine_pseudolabel__mult_1__sim_0.95__teacher_ridge__seed_3,condition_recombine_pseudolabel,1.0,0.95,ridge,3,31,0,1.0,True,,,,reaction_role_concat,6144,random_forest,False,valid,spearman,0.7028232457114711,0,0.01,random,,
condition_recombine_pseudolabel__mult_1__sim_0.95__teacher_ridge__seed_4,condition_recombine_pseudolabel,1.0,0.95,ridge,4,31,0,1.0,True,,,,reaction_role_concat,6144,random_forest,False,valid,rmse,20.405752315451878,0,0.01,random,,
condition_recombine_pseudolabel__mult_1__sim_0.95__teacher_ridge__seed_4,condition_recombine_pseudolabel,1.0,0.95,ridge,4,31,0,1.0,True,,,,reaction_role_concat,6144,random_forest,False,valid,mae,16.359385532849952,0,0.01,random,,
condition_recombine_pseudolabel__mult_1__sim_0.95__teacher_ridge__seed_4,condition_recombine_pseudolabel,1.0,0.95,ridge,4,31,0,1.0,True,,,,reaction_role_concat,6144,random_forest,False,valid,r2,0.4283023578805397,0,0.01,random,,
condition_recombine_pseudolabel__mult_1__sim_0.95__teacher_ridge__seed_4,condition_recombine_pseudolabel,1.0,0.95,ridge,4,31,0,1.0,True,,,,reaction_role_concat,6144,random_forest,False,valid,spearman,0.7028232457114711,0,0.01,random,,
condition_recombine_pseudolabel__mult_1__sim_0.95__teacher_rf__seed_0,condition_recombine_pseudolabel,1.0,0.95,random_forest,0,31,0,1.0,True,,,,reaction_role_concat,6144,random_forest,False,valid,rmse,20.405752315451878,0,0.01,random,,
condition_recombine_pseudolabel__mult_1__sim_0.95__teacher_rf__seed_0,condition_recombine_pseudolabel,1.0,0.95,random_forest,0,31,0,1.0,True,,,,reaction_role_concat,6144,random_forest,False,valid,mae,16.359385532849952,0,0.01,random,,
condition_recombine_pseudolabel__mult_1__sim_0.95__teacher_rf__seed_0,condition_recombine_pseudolabel,1.0,0.95,random_forest,0,31,0,1.0,True,,,,reaction_role_concat,6144,random_forest,False,valid,r2,0.4283023578805397,0,0.01,random,,
condition_recombine_pseudolabel__mult_1__sim_0.95__teacher_rf__seed_0,condition_recombine_pseudolabel,1.0,0.95,random_forest,0,31,0,1.0,True,,,,reaction_role_concat,6144,random_forest,False,valid,spearman,0.7028232457114711,0,0.01,random,,
condition_recombine_pseudolabel__mult_1__sim_0.95__teacher_rf__seed_1,condition_recombine_pseudolabel,1.0,0.95,random_forest,1,31,0,1.0,True,,,,reaction_role_concat,6144,random_forest,False,valid,rmse,20.405752315451878,0,0.01,random,,
condition_recombine_pseudolabel__mult_1__sim_0.95__teacher_rf__seed_1,condition_recombine_pseudolabel,1.0,0.95,random_forest,1,31,0,1.0,True,,,,reaction_role_concat,6144,random_forest,False,valid,mae,16.359385532849952,0,0.01,random,,
condition_recombine_pseudolabel__mult_1__sim_0.95__teacher_rf__seed_1,condition_recombine_pseudolabel,1.0,0.95,random_forest,1,31,0,1.0,True,,,,reaction_role_concat,6144,random_forest,False,valid,r2,0.4283023578805397,0,0.01,random,,
condition_recombine_pseudolabel__mult_1__sim_0.95__teacher_rf__seed_1,condition_recombine_pseudolabel,1.0,0.95,random_forest,1,31,0,1.0,True,,,,reaction_role_concat,6144,random_forest,False,valid,spearman,0.7028232457114711,0,0.01,random,,
condition_recombine_pseudolabel__mult_1__sim_0.95__teacher_rf__seed_2,condition_recombine_pseudolabel,1.0,0.95,random_forest,2,31,0,1.0,True,,,,reaction_role_concat,6144,random_forest,False,valid,rmse,20.405752315451878,0,0.01,random,,
condition_recombine_pseudolabel__mult_1__sim_0.95__teacher_rf__seed_2,condition_recombine_pseudolabel,1.0,0.95,random_forest,2,31,0,1.0,True,,,,reaction_role_concat,6144,random_forest,False,valid,mae,16.359385532849952,0,0.01,random,,
condition_recombine_pseudolabel__mult_1__sim_0.95__teacher_rf__seed_2,condition_recombine_pseudolabel,1.0,0.95,random_forest,2,31,0,1.0,True,,,,reaction_role_concat,6144,random_forest,False,valid,r2,0.4283023578805397,0,0.01,random,,
condition_recombine_pseudolabel__mult_1__sim_0.95__teacher_rf__seed_2,condition_recombine_pseudolabel,1.0,0.95,random_forest,2,31,0,1.0,True,,,,reaction_role_concat,6144,random_forest,False,valid,spearman,0.7028232457114711,0,0.01,random,,
condition_recombine_pseudolabel__mult_1__sim_0.95__teacher_rf__seed_3,condition_recombine_pseudolabel,1.0,0.95,random_forest,3,31,0,1.0,True,,,,reaction_role_concat,6144,random_forest,False,valid,rmse,20.405752315451878,0,0.01,random,,
condition_recombine_pseudolabel__mult_1__sim_0.95__teacher_rf__seed_3,condition_recombine_pseudolabel,1.0,0.95,random_forest,3,31,0,1.0,True,,,,reaction_role_concat,6144,random_forest,False,valid,mae,16.359385532849952,0,0.01,random,,
condition_recombine_pseudolabel__mult_1__sim_0.95__teacher_rf__seed_3,condition_recombine_pseudolabel,1.0,0.95,random_forest,3,31,0,1.0,True,,,,reaction_role_concat,6144,random_forest,False,valid,r2,0.4283023578805397,0,0.01,random,,
condition_recombine_pseudolabel__mult_1__sim_0.95__teacher_rf__seed_3,condition_recombine_pseudolabel,1.0,0.95,random_forest,3,31,0,1.0,True,,,,reaction_role_concat,6144,random_forest,False,valid,spearman,0.7028232457114711,0,0.01,random,,
condition_recombine_pseudolabel__mult_1__sim_0.95__teacher_rf__seed_4,condition_recombine_pseudolabel,1.0,0.95,random_forest,4,31,0,1.0,True,,,,reaction_role_concat,6144,random_forest,False,valid,rmse,20.405752315451878,0,0.01,random,,
condition_recombine_pseudolabel__mult_1__sim_0.95__teacher_rf__seed_4,condition_recombine_pseudolabel,1.0,0.95,random_forest,4,31,0,1.0,True,,,,reaction_role_concat,6144,random_forest,False,valid,mae,16.359385532849952,0,0.01,random,,
condition_recombine_pseudolabel__mult_1__sim_0.95__teacher_rf__seed_4,condition_recombine_pseudolabel,1.0,0.95,random_forest,4,31,0,1.0,True,,,,reaction_role_concat,6144,random_forest,False,valid,r2,0.4283023578805397,0,0.01,random,,
condition_recombine_pseudolabel__mult_1__sim_0.95__teacher_rf__seed_4,condition_recombine_pseudolabel,1.0,0.95,random_forest,4,31,0,1.0,True,,,,reaction_role_concat,6144,random_forest,False,valid,spearman,0.7028232457114711,0,0.01,random,,
condition_recombine_pseudolabel__mult_1.5__sim_0.7__teacher_ridge__seed_0,condition_recombine_pseudolabel,1.5,0.7,ridge,0,31,46,2.4838709677419355,True,0.7979522710261138,0.7297297120094299,0.85,reaction_role_concat,6144,random_forest,False,valid,rmse,23.403995205314686,0,0.01,random,,
condition_recombine_pseudolabel__mult_1.5__sim_0.7__teacher_ridge__seed_0,condition_recombine_pseudolabel,1.5,0.7,ridge,0,31,46,2.4838709677419355,True,0.7979522710261138,0.7297297120094299,0.85,reaction_role_concat,6144,random_forest,False,valid,mae,18.830638001502315,0,0.01,random,,
condition_recombine_pseudolabel__mult_1.5__sim_0.7__teacher_ridge__seed_0,condition_recombine_pseudolabel,1.5,0.7,ridge,0,31,46,2.4838709677419355,True,0.7979522710261138,0.7297297120094299,0.85,reaction_role_concat,6144,random_forest,False,valid,r2,0.24795958538158347,0,0.01,random,,
condition_recombine_pseudolabel__mult_1.5__sim_0.7__teacher_ridge__seed_0,condition_recombine_pseudolabel,1.5,0.7,ridge,0,31,46,2.4838709677419355,True,0.7979522710261138,0.7297297120094299,0.85,reaction_role_concat,6144,random_forest,False,valid,spearman,0.5404808399337626,0,0.01,random,,
condition_recombine_pseudolabel__mult_1.5__sim_0.7__teacher_ridge__seed_1,condition_recombine_pseudolabel,1.5,0.7,ridge,1,31,46,2.4838709677419355,True,0.7926810850267825,0.7215189933776855,0.85,reaction_role_concat,6144,random_forest,False,valid,rmse,22.942670096123013,0,0.01,random,,
condition_recombine_pseudolabel__mult_1.5__sim_0.7__teacher_ridge__seed_1,condition_recombine_pseudolabel,1.5,0.7,ridge,1,31,46,2.4838709677419355,True,0.7926810850267825,0.7215189933776855,0.85,reaction_role_concat,6144,random_forest,False,valid,mae,18.026985979190354,0,0.01,random,,
condition_recombine_pseudolabel__mult_1.5__sim_0.7__teacher_ridge__seed_1,condition_recombine_pseudolabel,1.5,0.7,ridge,1,31,46,2.4838709677419355,True,0.7926810850267825,0.7215189933776855,0.85,reaction_role_concat,6144,random_forest,False,valid,r2,0.27731490167100403,0,0.01,random,,
condition_recombine_pseudolabel__mult_1.5__sim_0.7__teacher_ridge__seed_1,condition_recombine_pseudolabel,1.5,0.7,ridge,1,31,46,2.4838709677419355,True,0.7926810850267825,0.7215189933776855,0.85,reaction_role_concat,6144,random_forest,False,valid,spearman,0.5935820073716452,0,0.01,random,,
condition_recombine_pseudolabel__mult_1.5__sim_0.7__teacher_ridge__seed_2,condition_recombine_pseudolabel,1.5,0.7,ridge,2,31,46,2.4838709677419355,True,0.8029308059941167,0.7354838848114014,0.85,reaction_role_concat,6144,random_forest,False,valid,rmse,22.180513824843647,0,0.01,random,,
condition_recombine_pseudolabel__mult_1.5__sim_0.7__teacher_ridge__seed_2,condition_recombine_pseudolabel,1.5,0.7,ridge,2,31,46,2.4838709677419355,True,0.8029308059941167,0.7354838848114014,0.85,reaction_role_concat,6144,random_forest,False,valid,mae,17.40669465827489,0,0.01,random,,
condition_recombine_pseudolabel__mult_1.5__sim_0.7__teacher_ridge__seed_2,condition_recombine_pseudolabel,1.5,0.7,ridge,2,31,46,2.4838709677419355,True,0.8029308059941167,0.7354838848114014,0.85,reaction_role_concat,6144,random_forest,False,valid,r2,0.3245326141060194,0,0.01,random,,
condition_recombine_pseudolabel__mult_1.5__sim_0.7__teacher_ridge__seed_2,condition_recombine_pseudolabel,1.5,0.7,ridge,2,31,46,2.4838709677419355,True,0.8029308059941167,0.7354838848114014,0.85,reaction_role_concat,6144,random_forest,False,valid,spearman,0.5910067479642245,0,0.01,random,,
condition_recombine_pseudolabel__mult_1.5__sim_0.7__teacher_ridge__seed_3,condition_recombine_pseudolabel,1.5,0.7,ridge,3,31,46,2.4838709677419355,True,0.7954534178194793,0.7225806713104248,0.85,reaction_role_concat,6144,random_forest,False,valid,rmse,22.201346631885865,0,0.01,random,,
condition_recombine_pseudolabel__mult_1.5__sim_0.7__teacher_ridge__seed_3,condition_recombine_pseudolabel,1.5,0.7,ridge,3,31,46,2.4838709677419355,True,0.7954534178194793,0.7225806713104248,0.85,reaction_role_concat,6144,random_forest,False,valid,mae,17.432214062308965,0,0.01,random,,
condition_recombine_pseudolabel__mult_1.5__sim_0.7__teacher_ridge__seed_3,condition_recombine_pseudolabel,1.5,0.7,ridge,3,31,46,2.4838709677419355,True,0.7954534178194793,0.7225806713104248,0.85,reaction_role_concat,6144,random_forest,False,valid,r2,0.3232631673965378,0,0.01,random,,
condition_recombine_pseudolabel__mult_1.5__sim_0.7__teacher_ridge__seed_3,condition_recombine_pseudolabel,1.5,0.7,ridge,3,31,46,2.4838709677419355,True,0.7954534178194793,0.7225806713104248,0.85,reaction_role_concat,6144,random_forest,False,valid,spearman,0.6016285003193532,0,0.01,random,,
condition_recombine_pseudolabel__mult_1.5__sim_0.7__teacher_ridge__seed_4,condition_recombine_pseudolabel,1.5,0.7,ridge,4,31,46,2.4838709677419355,True,0.798031883654387,0.7302631735801697,0.85,reaction_role_concat,6144,random_forest,False,valid,rmse,24.52684084332102,0,0.01,random,,
condition_recombine_pseudolabel__mult_1.5__sim_0.7__teacher_ridge__seed_4,condition_recombine_pseudolabel,1.5,0.7,ridge,4,31,46,2.4838709677419355,True,0.798031883654387,0.7302631735801697,0.85,reaction_role_concat,6144,random_forest,False,valid,mae,19.887997281471385,0,0.01,random,,
condition_recombine_pseudolabel__mult_1.5__sim_0.7__teacher_ridge__seed_4,condition_recombine_pseudolabel,1.5,0.7,ridge,4,31,46,2.4838709677419355,True,0.798031883654387,0.7302631735801697,0.85,reaction_role_concat,6144,random_forest,False,valid,r2,0.17406778644488874,0,0.01,random,,
condition_recombine_pseudolabel__mult_1.5__sim_0.7__teacher_ridge__seed_4,condition_recombine_pseudolabel,1.5,0.7,ridge,4,31,46,2.4838709677419355,True,0.798031883654387,0.7302631735801697,0.85,reaction_role_concat,6144,random_forest,False,valid,spearman,0.47259602832110664,0,0.01,random,,
condition_recombine_pseudolabel__mult_1.5__sim_0.7__teacher_rf__seed_0,condition_recombine_pseudolabel,1.5,0.7,random_forest,0,31,46,2.4838709677419355,True,0.7979522710261138,0.7297297120094299,0.85,reaction_role_concat,6144,random_forest,False,valid,rmse,19.624659941945325,0,0.01,random,,
condition_recombine_pseudolabel__mult_1.5__sim_0.7__teacher_rf__seed_0,condition_recombine_pseudolabel,1.5,0.7,random_forest,0,31,46,2.4838709677419355,True,0.7979522710261138,0.7297297120094299,0.85,reaction_role_concat,6144,random_forest,False,valid,mae,15.216082450002054,0,0.01,random,,
condition_recombine_pseudolabel__mult_1.5__sim_0.7__teacher_rf__seed_0,condition_recombine_pseudolabel,1.5,0.7,random_forest,0,31,46,2.4838709677419355,True,0.7979522710261138,0.7297297120094299,0.85,reaction_role_concat,6144,random_forest,False,valid,r2,0.4712316413185206,0,0.01,random,,
condition_recombine_pseudolabel__mult_1.5__sim_0.7__teacher_rf__seed_0,condition_recombine_pseudolabel,1.5,0.7,random_forest,0,31,46,2.4838709677419355,True,0.7979522710261138,0.7297297120094299,0.85,reaction_role_concat,6144,random_forest,False,valid,spearman,0.6964609432072248,0,0.01,random,,
condition_recombine_pseudolabel__mult_1.5__sim_0.7__teacher_rf__seed_1,condition_recombine_pseudolabel,1.5,0.7,random_forest,1,31,46,2.4838709677419355,True,0.7926810850267825,0.7215189933776855,0.85,reaction_role_concat,6144,random_forest,False,valid,rmse,19.536497448173222,0,0.01,random,,
condition_recombine_pseudolabel__mult_1.5__sim_0.7__teacher_rf__seed_1,condition_recombine_pseudolabel,1.5,0.7,random_forest,1,31,46,2.4838709677419355,True,0.7926810850267825,0.7215189933776855,0.85,reaction_role_concat,6144,random_forest,False,valid,mae,15.484437662385686,0,0.01,random,,
condition_recombine_pseudolabel__mult_1.5__sim_0.7__teacher_rf__seed_1,condition_recombine_pseudolabel,1.5,0.7,random_forest,1,31,46,2.4838709677419355,True,0.7926810850267825,0.7215189933776855,0.85,reaction_role_concat,6144,random_forest,False,valid,r2,0.47597188386614575,0,0.01,random,,
condition_recombine_pseudolabel__mult_1.5__sim_0.7__teacher_rf__seed_1,condition_recombine_pseudolabel,1.5,0.7,random_forest,1,31,46,2.4838709677419355,True,0.7926810850267825,0.7215189933776855,0.85,reaction_role_concat,6144,random_forest,False,valid,spearman,0.7268100588929379,0,0.01,random,,
condition_recombine_pseudolabel__mult_1.5__sim_0.7__teacher_rf__seed_2,condition_recombine_pseudolabel,1.5,0.7,random_forest,2,31,46,2.4838709677419355,True,0.8029308059941167,0.7354838848114014,0.85,reaction_role_concat,6144,random_forest,False,valid,rmse,19.842884860299684,0,0.01,random,,
condition_recombine_pseudolabel__mult_1.5__sim_0.7__teacher_rf__seed_2,condition_recombine_pseudolabel,1.5,0.7,random_forest,2,31,46,2.4838709677419355,True,0.8029308059941167,0.7354838848114014,0.85,reaction_role_concat,6144,random_forest,False,valid,mae,15.698715557991703,0,0.01,random,,
condition_recombine_pseudolabel__mult_1.5__sim_0.7__teacher_rf__seed_2,condition_recombine_pseudolabel,1.5,0.7,random_forest,2,31,46,2.4838709677419355,True,0.8029308059941167,0.7354838848114014,0.85,reaction_role_concat,6144,random_forest,False,valid,r2,0.45940651933182053,0,0.01,random,,
condition_recombine_pseudolabel__mult_1.5__sim_0.7__teacher_rf__seed_2,condition_recombine_pseudolabel,1.5,0.7,random_forest,2,31,46,2.4838709677419355,True,0.8029308059941167,0.7354838848114014,0.85,reaction_role_concat,6144,random_forest,False,valid,spearman,0.6974127668732719,0,0.01,random,,
condition_recombine_pseudolabel__mult_1.5__sim_0.7__teacher_rf__seed_3,condition_recombine_pseudolabel,1.5,0.7,random_forest,3,31,46,2.4838709677419355,True,0.7954534178194793,0.7225806713104248,0.85,reaction_role_concat,6144,random_forest,False,valid,rmse,19.660265424671096,0,0.01,random,,
condition_recombine_pseudolabel__mult_1.5__sim_0.7__teacher_rf__seed_3,condition_recombine_pseudolabel,1.5,0.7,random_forest,3,31,46,2.4838709677419355,True,0.7954534178194793,0.7225806713104248,0.85,reaction_role_concat,6144,random_forest,False,valid,mae,15.557761579730842,0,0.01,random,,
condition_recombine_pseudolabel__mult_1.5__sim_0.7__teacher_rf__seed_3,condition_recombine_pseudolabel,1.5,0.7,random_forest,3,31,46,2.4838709677419355,True,0.7954534178194793,0.7225806713104248,0.85,reaction_role_concat,6144,random_forest,False,valid,r2,0.46931118696168184,0,0.01,random,,
condition_recombine_pseudolabel__mult_1.5__sim_0.7__teacher_rf__seed_3,condition_recombine_pseudolabel,1.5,0.7,random_forest,3,31,46,2.4838709677419355,True,0.7954534178194793,0.7225806713104248,0.85,reaction_role_concat,6144,random_forest,False,valid,spearman,0.7215236209048352,0,0.01,random,,
condition_recombine_pseudolabel__mult_1.5__sim_0.7__teacher_rf__seed_4,condition_recombine_pseudolabel,1.5,0.7,random_forest,4,31,46,2.4838709677419355,True,0.798031883654387,0.7302631735801697,0.85,reaction_role_concat,6144,random_forest,False,valid,rmse,19.676176053918816,0,0.01,random,,
condition_recombine_pseudolabel__mult_1.5__sim_0.7__teacher_rf__seed_4,condition_recombine_pseudolabel,1.5,0.7,random_forest,4,31,46,2.4838709677419355,True,0.798031883654387,0.7302631735801697,0.85,reaction_role_concat,6144,random_forest,False,valid,mae,15.40799325921415,0,0.01,random,,
condition_recombine_pseudolabel__mult_1.5__sim_0.7__teacher_rf__seed_4,condition_recombine_pseudolabel,1.5,0.7,random_forest,4,31,46,2.4838709677419355,True,0.798031883654387,0.7302631735801697,0.85,reaction_role_concat,6144,random_forest,False,valid,r2,0.4684518893503181,0,0.01,random,,
condition_recombine_pseudolabel__mult_1.5__sim_0.7__teacher_rf__seed_4,condition_recombine_pseudolabel,1.5,0.7,random_forest,4,31,46,2.4838709677419355,True,0.798031883654387,0.7302631735801697,0.85,reaction_role_concat,6144,random_forest,False,valid,spearman,0.7048752747198189,0,0.01,random,,
condition_recombine_pseudolabel__mult_1.5__sim_0.8__teacher_ridge__seed_0,condition_recombine_pseudolabel,1.5,0.8,ridge,0,31,19,1.6129032258064515,True,0.8386869399171125,0.803680956363678,0.85,reaction_role_concat,6144,random_forest,False,valid,rmse,20.06483434416593,0,0.01,random,,
condition_recombine_pseudolabel__mult_1.5__sim_0.8__teacher_ridge__seed_0,condition_recombine_pseudolabel,1.5,0.8,ridge,0,31,19,1.6129032258064515,True,0.8386869399171125,0.803680956363678,0.85,reaction_role_concat,6144,random_forest,False,valid,mae,16.2090810889398,0,0.01,random,,
condition_recombine_pseudolabel__mult_1.5__sim_0.8__teacher_ridge__seed_0,condition_recombine_pseudolabel,1.5,0.8,ridge,0,31,19,1.6129032258064515,True,0.8386869399171125,0.803680956363678,0.85,reaction_role_concat,6144,random_forest,False,valid,r2,0.44724543706200615,0,0.01,random,,
condition_recombine_pseudolabel__mult_1.5__sim_0.8__teacher_ridge__seed_0,condition_recombine_pseudolabel,1.5,0.8,ridge,0,31,19,1.6129032258064515,True,0.8386869399171125,0.803680956363678,0.85,reaction_role_concat,6144,random_forest,False,valid,spearman,0.6887558060055441,0,0.01,random,,
condition_recombine_pseudolabel__mult_1.5__sim_0.8__teacher_ridge__seed_1,condition_recombine_pseudolabel,1.5,0.8,ridge,1,31,19,1.6129032258064515,True,0.8330449054115697,0.800000011920929,0.85,reaction_role_concat,6144,random_forest,False,valid,rmse,18.61907707102654,0,0.01,random,,
condition_recombine_pseudolabel__mult_1.5__sim_0.8__teacher_ridge__seed_1,condition_recombine_pseudolabel,1.5,0.8,ridge,1,31,19,1.6129032258064515,True,0.8330449054115697,0.800000011920929,0.85,reaction_role_concat,6144,random_forest,False,valid,mae,14.950710412410242,0,0.01,random,,
condition_recombine_pseudolabel__mult_1.5__sim_0.8__teacher_ridge__seed_1,condition_recombine_pseudolabel,1.5,0.8,ridge,1,31,19,1.6129032258064515,True,0.8330449054115697,0.800000011920929,0.85,reaction_role_concat,6144,random_forest,False,valid,r2,0.5240323035200332,0,0.01,random,,
condition_recombine_pseudolabel__mult_1.5__sim_0.8__teacher_ridge__seed_1,condition_recombine_pseudolabel,1.5,0.8,ridge,1,31,19,1.6129032258064515,True,0.8330449054115697,0.800000011920929,0.85,reaction_role_concat,6144,random_forest,False,valid,spearman,0.7402697568513745,0,0.01,random,,
condition_recombine_pseudolabel__mult_1.5__sim_0.8__teacher_ridge__seed_2,condition_recombine_pseudolabel,1.5,0.8,ridge,2,31,23,1.7419354838709677,True,0.8382781666258109,0.8037974834442139,0.85,reaction_role_concat,6144,random_forest,False,valid,rmse,20.314487223875627,0,0.01,random,,
condition_recombine_pseudolabel__mult_1.5__sim_0.8__teacher_ridge__seed_2,condition_recombine_pseudolabel,1.5,0.8,ridge,2,31,23,1.7419354838709677,True,0.8382781666258109,0.8037974834442139,0.85,reaction_role_concat,6144,random_forest,False,valid,mae,15.851698447225969,0,0.01,random,,
condition_recombine_pseudolabel__mult_1.5__sim_0.8__teacher_ridge__seed_2,condition_recombine_pseudolabel,1.5,0.8,ridge,2,31,23,1.7419354838709677,True,0.8382781666258109,0.8037974834442139,0.85,reaction_role_concat,6144,random_forest,False,valid,r2,0.4334047777989186,0,0.01,random,,
condition_recombine_pseudolabel__mult_1.5__sim_0.8__teacher_ridge__seed_2,condition_recombine_pseudolabel,1.5,0.8,ridge,2,31,23,1.7419354838709677,True,0.8382781666258109,0.8037974834442139,0.85,reaction_role_concat,6144,random_forest,False,valid,spearman,0.6711151330197552,0,0.01,random,,
condition_recombine_pseudolabel__mult_1.5__sim_0.8__teacher_ridge__seed_3,condition_recombine_pseudolabel,1.5,0.8,ridge,3,31,21,1.6774193548387097,True,0.8316888247217452,0.800000011920929,0.85,reaction_role_concat,6144,random_forest,False,valid,rmse,19.936570103502916,0,0.01,random,,
condition_recombine_pseudolabel__mult_1.5__sim_0.8__teacher_ridge__seed_3,condition_recombine_pseudolabel,1.5,0.8,ridge,3,31,21,1.6774193548387097,True,0.8316888247217452,0.800000011920929,0.85,reaction_role_concat,6144,random_forest,False,valid,mae,15.900619419980654,0,0.01,random,,
condition_recombine_pseudolabel__mult_1.5__sim_0.8__teacher_ridge__seed_3,condition_recombine_pseudolabel,1.5,0.8,ridge,3,31,21,1.6774193548387097,True,0.8316888247217452,0.800000011920929,0.85,reaction_role_concat,6144,random_forest,False,valid,r2,0.4542898047014635,0,0.01,random,,
condition_recombine_pseudolabel__mult_1.5__sim_0.8__teacher_ridge__seed_3,condition_recombine_pseudolabel,1.5,0.8,ridge,3,31,21,1.6774193548387097,True,0.8316888247217452,0.800000011920929,0.85,reaction_role_concat,6144,random_forest,False,valid,spearman,0.7043668435430496,0,0.01,random,,
condition_recombine_pseudolabel__mult_1.5__sim_0.8__teacher_ridge__seed_4,condition_recombine_pseudolabel,1.5,0.8,ridge,4,31,20,1.6451612903225807,True,0.8308632498979568,0.800000011920929,0.85,reaction_role_concat,6144,random_forest,False,valid,rmse,22.375277752711863,0,0.01,random,,
condition_recombine_pseudolabel__mult_1.5__sim_0.8__teacher_ridge__seed_4,condition_recombine_pseudolabel,1.5,0.8,ridge,4,31,20,1.6451612903225807,True,0.8308632498979568,0.800000011920929,0.85,reaction_role_concat,6144,random_forest,False,valid,mae,18.007247845862487,0,0.01,random,,
condition_recombine_pseudolabel__mult_1.5__sim_0.8__teacher_ridge__seed_4,condition_recombine_pseudolabel,1.5,0.8,ridge,4,31,20,1.6451612903225807,True,0.8308632498979568,0.800000011920929,0.85,reaction_role_concat,6144,random_forest,False,valid,r2,0.3126181677146749,0,0.01,random,,
condition_recombine_pseudolabel__mult_1.5__sim_0.8__teacher_ridge__seed_4,condition_recombine_pseudolabel,1.5,0.8,ridge,4,31,20,1.6451612903225807,True,0.8308632498979568,0.800000011920929,0.85,reaction_role_concat,6144,random_forest,False,valid,spearman,0.5658751370469373,0,0.01,random,,
condition_recombine_pseudolabel__mult_1.5__sim_0.8__teacher_rf__seed_0,condition_recombine_pseudolabel,1.5,0.8,random_forest,0,31,19,1.6129032258064515,True,0.8386869399171125,0.803680956363678,0.85,reaction_role_concat,6144,random_forest,False,valid,rmse,19.24804391765253,0,0.01,random,,
condition_recombine_pseudolabel__mult_1.5__sim_0.8__teacher_rf__seed_0,condition_recombine_pseudolabel,1.5,0.8,random_forest,0,31,19,1.6129032258064515,True,0.8386869399171125,0.803680956363678,0.85,reaction_role_concat,6144,random_forest,False,valid,mae,15.004810458293443,0,0.01,random,,
condition_recombine_pseudolabel__mult_1.5__sim_0.8__teacher_rf__seed_0,condition_recombine_pseudolabel,1.5,0.8,random_forest,0,31,19,1.6129032258064515,True,0.8386869399171125,0.803680956363678,0.85,reaction_role_concat,6144,random_forest,False,valid,r2,0.4913320424069989,0,0.01,random,,
condition_recombine_pseudolabel__mult_1.5__sim_0.8__teacher_rf__seed_0,condition_recombine_pseudolabel,1.5,0.8,random_forest,0,31,19,1.6129032258064515,True,0.8386869399171125,0.803680956363678,0.85,reaction_role_concat,6144,random_forest,False,valid,spearman,0.7315497045622474,0,0.01,random,,
condition_recombine_pseudolabel__mult_1.5__sim_0.8__teacher_rf__seed_1,condition_recombine_pseudolabel,1.5,0.8,random_forest,1,31,19,1.6129032258064515,True,0.8330449054115697,0.800000011920929,0.85,reaction_role_concat,6144,random_forest,False,valid,rmse,19.591239823175226,0,0.01,random,,
condition_recombine_pseudolabel__mult_1.5__sim_0.8__teacher_rf__seed_1,condition_recombine_pseudolabel,1.5,0.8,random_forest,1,31,19,1.6129032258064515,True,0.8330449054115697,0.800000011920929,0.85,reaction_role_concat,6144,random_forest,False,valid,mae,15.311724536331395,0,0.01,random,,
condition_recombine_pseudolabel__mult_1.5__sim_0.8__teacher_rf__seed_1,condition_recombine_pseudolabel,1.5,0.8,random_forest,1,31,19,1.6129032258064515,True,0.8330449054115697,0.800000011920929,0.85,reaction_role_concat,6144,random_forest,False,valid,r2,0.47303105638331155,0,0.01,random,,
condition_recombine_pseudolabel__mult_1.5__sim_0.8__teacher_rf__seed_1,condition_recombine_pseudolabel,1.5,0.8,random_forest,1,31,19,1.6129032258064515,True,0.8330449054115697,0.800000011920929,0.85,reaction_role_concat,6144,random_forest,False,valid,spearman,0.715453992494302,0,0.01,random,,
condition_recombine_pseudolabel__mult_1.5__sim_0.8__teacher_rf__seed_2,condition_recombine_pseudolabel,1.5,0.8,random_forest,2,31,23,1.7419354838709677,True,0.8382781666258109,0.8037974834442139,0.85,reaction_role_concat,6144,random_forest,False,valid,rmse,19.862828507155296,0,0.01,random,,
condition_recombine_pseudolabel__mult_1.5__sim_0.8__teacher_rf__seed_2,condition_recombine_pseudolabel,1.5,0.8,random_forest,2,31,23,1.7419354838709677,True,0.8382781666258109,0.8037974834442139,0.85,reaction_role_concat,6144,random_forest,False,valid,mae,15.639683401068554,0,0.01,random,,
condition_recombine_pseudolabel__mult_1.5__sim_0.8__teacher_rf__seed_2,condition_recombine_pseudolabel,1.5,0.8,random_forest,2,31,23,1.7419354838709677,True,0.8382781666258109,0.8037974834442139,0.85,reaction_role_concat,6144,random_forest,False,valid,r2,0.4583192960148975,0,0.01,random,,
condition_recombine_pseudolabel__mult_1.5__sim_0.8__teacher_rf__seed_2,condition_recombine_pseudolabel,1.5,0.8,random_forest,2,31,23,1.7419354838709677,True,0.8382781666258109,0.8037974834442139,0.85,reaction_role_concat,6144,random_forest,False,valid,spearman,0.7000918155634266,0,0.01,random,,
condition_recombine_pseudolabel__mult_1.5__sim_0.8__teacher_rf__seed_3,condition_recombine_pseudolabel,1.5,0.8,random_forest,3,31,21,1.6774193548387097,True,0.8316888247217452,0.800000011920929,0.85,reaction_role_concat,6144,random_forest,False,valid,rmse,19.386678640093653,0,0.01,random,,
condition_recombine_pseudolabel__mult_1.5__sim_0.8__teacher_rf__seed_3,condition_recombine_pseudolabel,1.5,0.8,random_forest,3,31,21,1.6774193548387097,True,0.8316888247217452,0.800000011920929,0.85,reaction_role_concat,6144,random_forest,False,valid,mae,15.347677505635009,0,0.01,random,,
condition_recombine_pseudolabel__mult_1.5__sim_0.8__teacher_rf__seed_3,condition_recombine_pseudolabel,1.5,0.8,random_forest,3,31,21,1.6774193548387097,True,0.8316888247217452,0.800000011920929,0.85,reaction_role_concat,6144,random_forest,False,valid,r2,0.4839782562901265,0,0.01,random,,
condition_recombine_pseudolabel__mult_1.5__sim_0.8__teacher_rf__seed_3,condition_recombine_pseudolabel,1.5,0.8,random_forest,3,31,21,1.6774193548387097,True,0.8316888247217452,0.800000011920929,0.85,reaction_role_concat,6144,random_forest,False,valid,spearman,0.7472886774820348,0,0.01,random,,
condition_recombine_pseudolabel__mult_1.5__sim_0.8__teacher_rf__seed_4,condition_recombine_pseudolabel,1.5,0.8,random_forest,4,31,20,1.6451612903225807,True,0.8308632498979568,0.800000011920929,0.85,reaction_role_concat,6144,random_forest,False,valid,rmse,19.41004087210283,0,0.01,random,,
condition_recombine_pseudolabel__mult_1.5__sim_0.8__teacher_rf__seed_4,condition_recombine_pseudolabel,1.5,0.8,random_forest,4,31,20,1.6451612903225807,True,0.8308632498979568,0.800000011920929,0.85,reaction_role_concat,6144,random_forest,False,valid,mae,15.2267502727418,0,0.01,random,,
condition_recombine_pseudolabel__mult_1.5__sim_0.8__teacher_rf__seed_4,condition_recombine_pseudolabel,1.5,0.8,random_forest,4,31,20,1.6451612903225807,True,0.8308632498979568,0.800000011920929,0.85,reaction_role_concat,6144,random_forest,False,valid,r2,0.482733826162415,0,0.01,random,,
condition_recombine_pseudolabel__mult_1.5__sim_0.8__teacher_rf__seed_4,condition_recombine_pseudolabel,1.5,0.8,random_forest,4,31,20,1.6451612903225807,True,0.8308632498979568,0.800000011920929,0.85,reaction_role_concat,6144,random_forest,False,valid,spearman,0.7249482777818339,0,0.01,random,,
condition_recombine_pseudolabel__mult_1.5__sim_0.85__teacher_ridge__seed_0,condition_recombine_pseudolabel,1.5,0.85,ridge,0,31,10,1.3225806451612903,True,0.85,0.85,0.85,reaction_role_concat,6144,random_forest,False,valid,rmse,20.13939392551788,0,0.01,random,,
condition_recombine_pseudolabel__mult_1.5__sim_0.85__teacher_ridge__seed_0,condition_recombine_pseudolabel,1.5,0.85,ridge,0,31,10,1.3225806451612903,True,0.85,0.85,0.85,reaction_role_concat,6144,random_forest,False,valid,mae,15.981093503401247,0,0.01,random,,
condition_recombine_pseudolabel__mult_1.5__sim_0.85__teacher_ridge__seed_0,condition_recombine_pseudolabel,1.5,0.85,ridge,0,31,10,1.3225806451612903,True,0.85,0.85,0.85,reaction_role_concat,6144,random_forest,False,valid,r2,0.4431298066265936,0,0.01,random,,
condition_recombine_pseudolabel__mult_1.5__sim_0.85__teacher_ridge__seed_0,condition_recombine_pseudolabel,1.5,0.85,ridge,0,31,10,1.3225806451612903,True,0.85,0.85,0.85,reaction_role_concat,6144,random_forest,False,valid,spearman,0.7042593544547399,0,0.01,random,,
condition_recombine_pseudolabel__mult_1.5__sim_0.85__teacher_ridge__seed_1,condition_recombine_pseudolabel,1.5,0.85,ridge,1,31,10,1.3225806451612903,True,0.85,0.85,0.85,reaction_role_concat,6144,random_forest,False,valid,rmse,19.308644217759795,0,0.01,random,,
condition_recombine_pseudolabel__mult_1.5__sim_0.85__teacher_ridge__seed_1,condition_recombine_pseudolabel,1.5,0.85,ridge,1,31,10,1.3225806451612903,True,0.85,0.85,0.85,reaction_role_concat,6144,random_forest,False,valid,mae,15.104629360111455,0,0.01,random,,
condition_recombine_pseudolabel__mult_1.5__sim_0.85__teacher_ridge__seed_1,condition_recombine_pseudolabel,1.5,0.85,ridge,1,31,10,1.3225806451612903,True,0.85,0.85,0.85,reaction_role_concat,6144,random_forest,False,valid,r2,0.4881240326770544,0,0.01,random,,
condition_recombine_pseudolabel__mult_1.5__sim_0.85__teacher_ridge__seed_1,condition_recombine_pseudolabel,1.5,0.85,ridge,1,31,10,1.3225806451612903,True,0.85,0.85,0.85,reaction_role_concat,6144,random_forest,False,valid,spearman,0.7398460317496319,0,0.01,random,,
condition_recombine_pseudolabel__mult_1.5__sim_0.85__teacher_ridge__seed_2,condition_recombine_pseudolabel,1.5,0.85,ridge,2,31,10,1.3225806451612903,True,0.85,0.85,0.85,reaction_role_concat,6144,random_forest,False,valid,rmse,19.895734006071038,0,0.01,random,,
condition_recombine_pseudolabel__mult_1.5__sim_0.85__teacher_ridge__seed_2,condition_recombine_pseudolabel,1.5,0.85,ridge,2,31,10,1.3225806451612903,True,0.85,0.85,0.85,reaction_role_concat,6144,random_forest,False,valid,mae,15.355157891961591,0,0.01,random,,
condition_recombine_pseudolabel__mult_1.5__sim_0.85__teacher_ridge__seed_2,condition_recombine_pseudolabel,1.5,0.85,ridge,2,31,10,1.3225806451612903,True,0.85,0.85,0.85,reaction_role_concat,6144,random_forest,False,valid,r2,0.4565230726836623,0,0.01,random,,
condition_recombine_pseudolabel__mult_1.5__sim_0.85__teacher_ridge__seed_2,condition_recombine_pseudolabel,1.5,0.85,ridge,2,31,10,1.3225806451612903,True,0.85,0.85,0.85,reaction_role_concat,6144,random_forest,False,valid,spearman,0.693368295199009,0,0.01,random,,
condition_recombine_pseudolabel__mult_1.5__sim_0.85__teacher_ridge__seed_3,condition_recombine_pseudolabel,1.5,0.85,ridge,3,31,7,1.2258064516129032,True,0.8499999999999999,0.85,0.85,reaction_role_concat,6144,random_forest,False,valid,rmse,20.392523285730956,0,0.01,random,,
condition_recombine_pseudolabel__mult_1.5__sim_0.85__teacher_ridge__seed_3,condition_recombine_pseudolabel,1.5,0.85,ridge,3,31,7,1.2258064516129032,True,0.8499999999999999,0.85,0.85,reaction_role_concat,6144,random_forest,False,valid,mae,16.36503119789498,0,0.01,random,,
condition_recombine_pseudolabel__mult_1.5__sim_0.85__teacher_ridge__seed_3,condition_recombine_pseudolabel,1.5,0.85,ridge,3,31,7,1.2258064516129032,True,0.8499999999999999,0.85,0.85,reaction_role_concat,6144,random_forest,False,valid,r2,0.42904337967063233,0,0.01,random,,
condition_recombine_pseudolabel__mult_1.5__sim_0.85__teacher_ridge__seed_3,condition_recombine_pseudolabel,1.5,0.85,ridge,3,31,7,1.2258064516129032,True,0.8499999999999999,0.85,0.85,reaction_role_concat,6144,random_forest,False,valid,spearman,0.7060662226620334,0,0.01,random,,
condition_recombine_pseudolabel__mult_1.5__sim_0.85__teacher_ridge__seed_4,condition_recombine_pseudolabel,1.5,0.85,ridge,4,31,7,1.2258064516129032,True,0.8499999999999999,0.85,0.85,reaction_role_concat,6144,random_forest,False,valid,rmse,22.031570243914697,0,0.01,random,,
condition_recombine_pseudolabel__mult_1.5__sim_0.85__teacher_ridge__seed_4,condition_recombine_pseudolabel,1.5,0.85,ridge,4,31,7,1.2258064516129032,True,0.8499999999999999,0.85,0.85,reaction_role_concat,6144,random_forest,False,valid,mae,17.884428581785553,0,0.01,random,,
condition_recombine_pseudolabel__mult_1.5__sim_0.85__teacher_ridge__seed_4,condition_recombine_pseudolabel,1.5,0.85,ridge,4,31,7,1.2258064516129032,True,0.8499999999999999,0.85,0.85,reaction_role_concat,6144,random_forest,False,valid,r2,0.3335737699939697,0,0.01,random,,
condition_recombine_pseudolabel__mult_1.5__sim_0.85__teacher_ridge__seed_4,condition_recombine_pseudolabel,1.5,0.85,ridge,4,31,7,1.2258064516129032,True,0.8499999999999999,0.85,0.85,reaction_role_concat,6144,random_forest,False,valid,spearman,0.59216595546913,0,0.01,random,,
condition_recombine_pseudolabel__mult_1.5__sim_0.85__teacher_rf__seed_0,condition_recombine_pseudolabel,1.5,0.85,random_forest,0,31,10,1.3225806451612903,True,0.85,0.85,0.85,reaction_role_concat,6144,random_forest,False,valid,rmse,19.464536114067045,0,0.01,random,,
condition_recombine_pseudolabel__mult_1.5__sim_0.85__teacher_rf__seed_0,condition_recombine_pseudolabel,1.5,0.85,random_forest,0,31,10,1.3225806451612903,True,0.85,0.85,0.85,reaction_role_concat,6144,random_forest,False,valid,mae,15.14504047169263,0,0.01,random,,
condition_recombine_pseudolabel__mult_1.5__sim_0.85__teacher_rf__seed_0,condition_recombine_pseudolabel,1.5,0.85,random_forest,0,31,10,1.3225806451612903,True,0.85,0.85,0.85,reaction_role_concat,6144,random_forest,False,valid,r2,0.4798252165116915,0,0.01,random,,
condition_recombine_pseudolabel__mult_1.5__sim_0.85__teacher_rf__seed_0,condition_recombine_pseudolabel,1.5,0.85,random_forest,0,31,10,1.3225806451612903,True,0.85,0.85,0.85,reaction_role_concat,6144,random_forest,False,valid,spearman,0.7223819757984391,0,0.01,random,,
condition_recombine_pseudolabel__mult_1.5__sim_0.85__teacher_rf__seed_1,condition_recombine_pseudolabel,1.5,0.85,random_forest,1,31,10,1.3225806451612903,True,0.85,0.85,0.85,reaction_role_concat,6144,random_forest,False,valid,rmse,19.068054699033155,0,0.01,random,,
condition_recombine_pseudolabel__mult_1.5__sim_0.85__teacher_rf__seed_1,condition_recombine_pseudolabel,1.5,0.85,random_forest,1,31,10,1.3225806451612903,True,0.85,0.85,0.85,reaction_role_concat,6144,random_forest,False,valid,mae,15.059453731197348,0,0.01,random,,
condition_recombine_pseudolabel__mult_1.5__sim_0.85__teacher_rf__seed_1,condition_recombine_pseudolabel,1.5,0.85,random_forest,1,31,10,1.3225806451612903,True,0.85,0.85,0.85,reaction_role_concat,6144,random_forest,False,valid,r2,0.5008007118033334,0,0.01,random,,
condition_recombine_pseudolabel__mult_1.5__sim_0.85__teacher_rf__seed_1,condition_recombine_pseudolabel,1.5,0.85,random_forest,1,31,10,1.3225806451612903,True,0.85,0.85,0.85,reaction_role_concat,6144,random_forest,False,valid,spearman,0.7560689002934222,0,0.01,random,,
condition_recombine_pseudolabel__mult_1.5__sim_0.85__teacher_rf__seed_2,condition_recombine_pseudolabel,1.5,0.85,random_forest,2,31,10,1.3225806451612903,True,0.85,0.85,0.85,reaction_role_concat,6144,random_forest,False,valid,rmse,19.420592771509206,0,0.01,random,,
condition_recombine_pseudolabel__mult_1.5__sim_0.85__teacher_rf__seed_2,condition_recombine_pseudolabel,1.5,0.85,random_forest,2,31,10,1.3225806451612903,True,0.85,0.85,0.85,reaction_role_concat,6144,random_forest,False,valid,mae,15.30406867849827,0,0.01,random,,
condition_recombine_pseudolabel__mult_1.5__sim_0.85__teacher_rf__seed_2,condition_recombine_pseudolabel,1.5,0.85,random_forest,2,31,10,1.3225806451612903,True,0.85,0.85,0.85,reaction_role_concat,6144,random_forest,False,valid,r2,0.4821712694655196,0,0.01,random,,
condition_recombine_pseudolabel__mult_1.5__sim_0.85__teacher_rf__seed_2,condition_recombine_pseudolabel,1.5,0.85,random_forest,2,31,10,1.3225806451612903,True,0.85,0.85,0.85,reaction_role_concat,6144,random_forest,False,valid,spearman,0.7223774970864262,0,0.01,random,,
condition_recombine_pseudolabel__mult_1.5__sim_0.85__teacher_rf__seed_3,condition_recombine_pseudolabel,1.5,0.85,random_forest,3,31,7,1.2258064516129032,True,0.8499999999999999,0.85,0.85,reaction_role_concat,6144,random_forest,False,valid,rmse,19.20258371960598,0,0.01,random,,
condition_recombine_pseudolabel__mult_1.5__sim_0.85__teacher_rf__seed_3,condition_recombine_pseudolabel,1.5,0.85,random_forest,3,31,7,1.2258064516129032,True,0.8499999999999999,0.85,0.85,reaction_role_concat,6144,random_forest,False,valid,mae,15.207796529309661,0,0.01,random,,
condition_recombine_pseudolabel__mult_1.5__sim_0.85__teacher_rf__seed_3,condition_recombine_pseudolabel,1.5,0.85,random_forest,3,31,7,1.2258064516129032,True,0.8499999999999999,0.85,0.85,reaction_role_concat,6144,random_forest,False,valid,r2,0.49373195782551493,0,0.01,random,,
condition_recombine_pseudolabel__mult_1.5__sim_0.85__teacher_rf__seed_3,condition_recombine_pseudolabel,1.5,0.85,random_forest,3,31,7,1.2258064516129032,True,0.8499999999999999,0.85,0.85,reaction_role_concat,6144,random_forest,False,valid,spearman,0.7463635313614557,0,0.01,random,,
condition_recombine_pseudolabel__mult_1.5__sim_0.85__teacher_rf__seed_4,condition_recombine_pseudolabel,1.5,0.85,random_forest,4,31,7,1.2258064516129032,True,0.8499999999999999,0.85,0.85,reaction_role_concat,6144,random_forest,False,valid,rmse,19.51466215116051,0,0.01,random,,
condition_recombine_pseudolabel__mult_1.5__sim_0.85__teacher_rf__seed_4,condition_recombine_pseudolabel,1.5,0.85,random_forest,4,31,7,1.2258064516129032,True,0.8499999999999999,0.85,0.85,reaction_role_concat,6144,random_forest,False,valid,mae,15.45453890664668,0,0.01,random,,
condition_recombine_pseudolabel__mult_1.5__sim_0.85__teacher_rf__seed_4,condition_recombine_pseudolabel,1.5,0.85,random_forest,4,31,7,1.2258064516129032,True,0.8499999999999999,0.85,0.85,reaction_role_concat,6144,random_forest,False,valid,r2,0.47714260704655886,0,0.01,random,,
condition_recombine_pseudolabel__mult_1.5__sim_0.85__teacher_rf__seed_4,condition_recombine_pseudolabel,1.5,0.85,random_forest,4,31,7,1.2258064516129032,True,0.8499999999999999,0.85,0.85,reaction_role_concat,6144,random_forest,False,valid,spearman,0.7227318995152735,0,0.01,random,,
condition_recombine_pseudolabel__mult_1.5__sim_0.9__teacher_ridge__seed_0,condition_recombine_pseudolabel,1.5,0.9,ridge,0,31,8,1.2580645161290323,True,0.85,0.85,0.85,reaction_role_concat,6144,random_forest,False,valid,rmse,20.22572718667846,0,0.01,random,,
condition_recombine_pseudolabel__mult_1.5__sim_0.9__teacher_ridge__seed_0,condition_recombine_pseudolabel,1.5,0.9,ridge,0,31,8,1.2580645161290323,True,0.85,0.85,0.85,reaction_role_concat,6144,random_forest,False,valid,mae,16.049272394266307,0,0.01,random,,
condition_recombine_pseudolabel__mult_1.5__sim_0.9__teacher_ridge__seed_0,condition_recombine_pseudolabel,1.5,0.9,ridge,0,31,8,1.2580645161290323,True,0.85,0.85,0.85,reaction_role_concat,6144,random_forest,False,valid,r2,0.4383452071829239,0,0.01,random,,
condition_recombine_pseudolabel__mult_1.5__sim_0.9__teacher_ridge__seed_0,condition_recombine_pseudolabel,1.5,0.9,ridge,0,31,8,1.2580645161290323,True,0.85,0.85,0.85,reaction_role_concat,6144,random_forest,False,valid,spearman,0.7000388499257086,0,0.01,random,,
condition_recombine_pseudolabel__mult_1.5__sim_0.9__teacher_ridge__seed_1,condition_recombine_pseudolabel,1.5,0.9,ridge,1,31,7,1.2258064516129032,True,0.8499999999999999,0.85,0.85,reaction_role_concat,6144,random_forest,False,valid,rmse,19.579377317048923,0,0.01,random,,
condition_recombine_pseudolabel__mult_1.5__sim_0.9__teacher_ridge__seed_1,condition_recombine_pseudolabel,1.5,0.9,ridge,1,31,7,1.2258064516129032,True,0.8499999999999999,0.85,0.85,reaction_role_concat,6144,random_forest,False,valid,mae,15.442672248269938,0,0.01,random,,
condition_recombine_pseudolabel__mult_1.5__sim_0.9__teacher_ridge__seed_1,condition_recombine_pseudolabel,1.5,0.9,ridge,1,31,7,1.2258064516129032,True,0.8499999999999999,0.85,0.85,reaction_role_concat,6144,random_forest,False,valid,r2,0.47366902313113834,0,0.01,random,,
condition_recombine_pseudolabel__mult_1.5__sim_0.9__teacher_ridge__seed_1,condition_recombine_pseudolabel,1.5,0.9,ridge,1,31,7,1.2258064516129032,True,0.8499999999999999,0.85,0.85,reaction_role_concat,6144,random_forest,False,valid,spearman,0.7314825238820539,0,0.01,random,,
condition_recombine_pseudolabel__mult_1.5__sim_0.9__teacher_ridge__seed_2,condition_recombine_pseudolabel,1.5,0.9,ridge,2,31,7,1.2258064516129032,True,0.8499999999999999,0.85,0.85,reaction_role_concat,6144,random_forest,False,valid,rmse,19.694118847026854,0,0.01,random,,
condition_recombine_pseudolabel__mult_1.5__sim_0.9__teacher_ridge__seed_2,condition_recombine_pseudolabel,1.5,0.9,ridge,2,31,7,1.2258064516129032,True,0.8499999999999999,0.85,0.85,reaction_role_concat,6144,random_forest,False,valid,mae,15.34531512722788,0,0.01,random,,
condition_recombine_pseudolabel__mult_1.5__sim_0.9__teacher_ridge__seed_2,condition_recombine_pseudolabel,1.5,0.9,ridge,2,31,7,1.2258064516129032,True,0.8499999999999999,0.85,0.85,reaction_role_concat,6144,random_forest,False,valid,r2,0.46748200512327653,0,0.01,random,,
condition_recombine_pseudolabel__mult_1.5__sim_0.9__teacher_ridge__seed_2,condition_recombine_pseudolabel,1.5,0.9,ridge,2,31,7,1.2258064516129032,True,0.8499999999999999,0.85,0.85,reaction_role_concat,6144,random_forest,False,valid,spearman,0.7065544022714401,0,0.01,random,,
condition_recombine_pseudolabel__mult_1.5__sim_0.9__teacher_ridge__seed_3,condition_recombine_pseudolabel,1.5,0.9,ridge,3,31,5,1.1612903225806452,True,0.85,0.85,0.85,reaction_role_concat,6144,random_forest,False,valid,rmse,20.694060864455615,0,0.01,random,,
condition_recombine_pseudolabel__mult_1.5__sim_0.9__teacher_ridge__seed_3,condition_recombine_pseudolabel,1.5,0.9,ridge,3,31,5,1.1612903225806452,True,0.85,0.85,0.85,reaction_role_concat,6144,random_forest,False,valid,mae,16.68807497485831,0,0.01,random,,
condition_recombine_pseudolabel__mult_1.5__sim_0.9__teacher_ridge__seed_3,condition_recombine_pseudolabel,1.5,0.9,ridge,3,31,5,1.1612903225806452,True,0.85,0.85,0.85,reaction_role_concat,6144,random_forest,False,valid,r2,0.4120334444790902,0,0.01,random,,
condition_recombine_pseudolabel__mult_1.5__sim_0.9__teacher_ridge__seed_3,condition_recombine_pseudolabel,1.5,0.9,ridge,3,31,5,1.1612903225806452,True,0.85,0.85,0.85,reaction_role_concat,6144,random_forest,False,valid,spearman,0.6996825002307688,0,0.01,random,,
condition_recombine_pseudolabel__mult_1.5__sim_0.9__teacher_ridge__seed_4,condition_recombine_pseudolabel,1.5,0.9,ridge,4,31,5,1.1612903225806452,True,0.85,0.85,0.85,reaction_role_concat,6144,random_forest,False,valid,rmse,21.958519991687638,0,0.01,random,,
condition_recombine_pseudolabel__mult_1.5__sim_0.9__teacher_ridge__seed_4,condition_recombine_pseudolabel,1.5,0.9,ridge,4,31,5,1.1612903225806452,True,0.85,0.85,0.85,reaction_role_concat,6144,random_forest,False,valid,mae,17.650761728291272,0,0.01,random,,
condition_recombine_pseudolabel__mult_1.5__sim_0.9__teacher_ridge__seed_4,condition_recombine_pseudolabel,1.5,0.9,ridge,4,31,5,1.1612903225806452,True,0.85,0.85,0.85,reaction_role_concat,6144,random_forest,False,valid,r2,0.33798579283266317,0,0.01,random,,
condition_recombine_pseudolabel__mult_1.5__sim_0.9__teacher_ridge__seed_4,condition_recombine_pseudolabel,1.5,0.9,ridge,4,31,5,1.1612903225806452,True,0.85,0.85,0.85,reaction_role_concat,6144,random_forest,False,valid,spearman,0.5974035170783091,0,0.01,random,,
condition_recombine_pseudolabel__mult_1.5__sim_0.9__teacher_rf__seed_0,condition_recombine_pseudolabel,1.5,0.9,random_forest,0,31,8,1.2580645161290323,True,0.85,0.85,0.85,reaction_role_concat,6144,random_forest,False,valid,rmse,19.530260602455073,0,0.01,random,,
condition_recombine_pseudolabel__mult_1.5__sim_0.9__teacher_rf__seed_0,condition_recombine_pseudolabel,1.5,0.9,random_forest,0,31,8,1.2580645161290323,True,0.85,0.85,0.85,reaction_role_concat,6144,random_forest,False,valid,mae,15.295418201638173,0,0.01,random,,
condition_recombine_pseudolabel__mult_1.5__sim_0.9__teacher_rf__seed_0,condition_recombine_pseudolabel,1.5,0.9,random_forest,0,31,8,1.2580645161290323,True,0.85,0.85,0.85,reaction_role_concat,6144,random_forest,False,valid,r2,0.47630641269727525,0,0.01,random,,
condition_recombine_pseudolabel__mult_1.5__sim_0.9__teacher_rf__seed_0,condition_recombine_pseudolabel,1.5,0.9,random_forest,0,31,8,1.2580645161290323,True,0.85,0.85,0.85,reaction_role_concat,6144,random_forest,False,valid,spearman,0.7210058428508214,0,0.01,random,,
condition_recombine_pseudolabel__mult_1.5__sim_0.9__teacher_rf__seed_1,condition_recombine_pseudolabel,1.5,0.9,random_forest,1,31,7,1.2258064516129032,True,0.8499999999999999,0.85,0.85,reaction_role_concat,6144,random_forest,False,valid,rmse,19.189896357818988,0,0.01,random,,
condition_recombine_pseudolabel__mult_1.5__sim_0.9__teacher_rf__seed_1,condition_recombine_pseudolabel,1.5,0.9,random_forest,1,31,7,1.2258064516129032,True,0.8499999999999999,0.85,0.85,reaction_role_concat,6144,random_forest,False,valid,mae,15.083702745614172,0,0.01,random,,
condition_recombine_pseudolabel__mult_1.5__sim_0.9__teacher_rf__seed_1,condition_recombine_pseudolabel,1.5,0.9,random_forest,1,31,7,1.2258064516129032,True,0.8499999999999999,0.85,0.85,reaction_role_concat,6144,random_forest,False,valid,r2,0.4944007307327515,0,0.01,random,,
condition_recombine_pseudolabel__mult_1.5__sim_0.9__teacher_rf__seed_1,condition_recombine_pseudolabel,1.5,0.9,random_forest,1,31,7,1.2258064516129032,True,0.8499999999999999,0.85,0.85,reaction_role_concat,6144,random_forest,False,valid,spearman,0.7473235335450916,0,0.01,random,,
condition_recombine_pseudolabel__mult_1.5__sim_0.9__teacher_rf__seed_2,condition_recombine_pseudolabel,1.5,0.9,random_forest,2,31,7,1.2258064516129032,True,0.8499999999999999,0.85,0.85,reaction_role_concat,6144,random_forest,False,valid,rmse,19.665978024484478,0,0.01,random,,
condition_recombine_pseudolabel__mult_1.5__sim_0.9__teacher_rf__seed_2,condition_recombine_pseudolabel,1.5,0.9,random_forest,2,31,7,1.2258064516129032,True,0.8499999999999999,0.85,0.85,reaction_role_concat,6144,random_forest,False,valid,mae,15.678699173845823,0,0.01,random,,
condition_recombine_pseudolabel__mult_1.5__sim_0.9__teacher_rf__seed_2,condition_recombine_pseudolabel,1.5,0.9,random_forest,2,31,7,1.2258064516129032,True,0.8499999999999999,0.85,0.85,reaction_role_concat,6144,random_forest,False,valid,r2,0.4690027421680576,0,0.01,random,,
condition_recombine_pseudolabel__mult_1.5__sim_0.9__teacher_rf__seed_2,condition_recombine_pseudolabel,1.5,0.9,random_forest,2,31,7,1.2258064516129032,True,0.8499999999999999,0.85,0.85,reaction_role_concat,6144,random_forest,False,valid,spearman,0.7091674386410565,0,0.01,random,,
condition_recombine_pseudolabel__mult_1.5__sim_0.9__teacher_rf__seed_3,condition_recombine_pseudolabel,1.5,0.9,random_forest,3,31,5,1.1612903225806452,True,0.85,0.85,0.85,reaction_role_concat,6144,random_forest,False,valid,rmse,19.41246063876816,0,0.01,random,,
condition_recombine_pseudolabel__mult_1.5__sim_0.9__teacher_rf__seed_3,condition_recombine_pseudolabel,1.5,0.9,random_forest,3,31,5,1.1612903225806452,True,0.85,0.85,0.85,reaction_role_concat,6144,random_forest,False,valid,mae,15.336128059817266,0,0.01,random,,
condition_recombine_pseudolabel__mult_1.5__sim_0.9__teacher_rf__seed_3,condition_recombine_pseudolabel,1.5,0.9,random_forest,3,31,5,1.1612903225806452,True,0.85,0.85,0.85,reaction_role_concat,6144,random_forest,False,valid,r2,0.48260484740625853,0,0.01,random,,
condition_recombine_pseudolabel__mult_1.5__sim_0.9__teacher_rf__seed_3,condition_recombine_pseudolabel,1.5,0.9,random_forest,3,31,5,1.1612903225806452,True,0.85,0.85,0.85,reaction_role_concat,6144,random_forest,False,valid,spearman,0.734042205160734,0,0.01,random,,
condition_recombine_pseudolabel__mult_1.5__sim_0.9__teacher_rf__seed_4,condition_recombine_pseudolabel,1.5,0.9,random_forest,4,31,5,1.1612903225806452,True,0.85,0.85,0.85,reaction_role_concat,6144,random_forest,False,valid,rmse,19.693385920207422,0,0.01,random,,
condition_recombine_pseudolabel__mult_1.5__sim_0.9__teacher_rf__seed_4,condition_recombine_pseudolabel,1.5,0.9,random_forest,4,31,5,1.1612903225806452,True,0.85,0.85,0.85,reaction_role_concat,6144,random_forest,False,valid,mae,15.463353637764724,0,0.01,random,,
condition_recombine_pseudolabel__mult_1.5__sim_0.9__teacher_rf__seed_4,condition_recombine_pseudolabel,1.5,0.9,random_forest,4,31,5,1.1612903225806452,True,0.85,0.85,0.85,reaction_role_concat,6144,random_forest,False,valid,r2,0.4675216402509771,0,0.01,random,,
condition_recombine_pseudolabel__mult_1.5__sim_0.9__teacher_rf__seed_4,condition_recombine_pseudolabel,1.5,0.9,random_forest,4,31,5,1.1612903225806452,True,0.85,0.85,0.85,reaction_role_concat,6144,random_forest,False,valid,spearman,0.7231826916157028,0,0.01,random,,
condition_recombine_pseudolabel__mult_1.5__sim_0.95__teacher_ridge__seed_0,condition_recombine_pseudolabel,1.5,0.95,ridge,0,31,0,1.0,True,,,,reaction_role_concat,6144,random_forest,False,valid,rmse,20.405752315451878,0,0.01,random,,
condition_recombine_pseudolabel__mult_1.5__sim_0.95__teacher_ridge__seed_0,condition_recombine_pseudolabel,1.5,0.95,ridge,0,31,0,1.0,True,,,,reaction_role_concat,6144,random_forest,False,valid,mae,16.359385532849952,0,0.01,random,,
condition_recombine_pseudolabel__mult_1.5__sim_0.95__teacher_ridge__seed_0,condition_recombine_pseudolabel,1.5,0.95,ridge,0,31,0,1.0,True,,,,reaction_role_concat,6144,random_forest,False,valid,r2,0.4283023578805397,0,0.01,random,,
condition_recombine_pseudolabel__mult_1.5__sim_0.95__teacher_ridge__seed_0,condition_recombine_pseudolabel,1.5,0.95,ridge,0,31,0,1.0,True,,,,reaction_role_concat,6144,random_forest,False,valid,spearman,0.7028232457114711,0,0.01,random,,
condition_recombine_pseudolabel__mult_1.5__sim_0.95__teacher_ridge__seed_1,condition_recombine_pseudolabel,1.5,0.95,ridge,1,31,0,1.0,True,,,,reaction_role_concat,6144,random_forest,False,valid,rmse,20.405752315451878,0,0.01,random,,
condition_recombine_pseudolabel__mult_1.5__sim_0.95__teacher_ridge__seed_1,condition_recombine_pseudolabel,1.5,0.95,ridge,1,31,0,1.0,True,,,,reaction_role_concat,6144,random_forest,False,valid,mae,16.359385532849952,0,0.01,random,,
condition_recombine_pseudolabel__mult_1.5__sim_0.95__teacher_ridge__seed_1,condition_recombine_pseudolabel,1.5,0.95,ridge,1,31,0,1.0,True,,,,reaction_role_concat,6144,random_forest,False,valid,r2,0.4283023578805397,0,0.01,random,,
condition_recombine_pseudolabel__mult_1.5__sim_0.95__teacher_ridge__seed_1,condition_recombine_pseudolabel,1.5,0.95,ridge,1,31,0,1.0,True,,,,reaction_role_concat,6144,random_forest,False,valid,spearman,0.7028232457114711,0,0.01,random,,
condition_recombine_pseudolabel__mult_1.5__sim_0.95__teacher_ridge__seed_2,condition_recombine_pseudolabel,1.5,0.95,ridge,2,31,0,1.0,True,,,,reaction_role_concat,6144,random_forest,False,valid,rmse,20.405752315451878,0,0.01,random,,
condition_recombine_pseudolabel__mult_1.5__sim_0.95__teacher_ridge__seed_2,condition_recombine_pseudolabel,1.5,0.95,ridge,2,31,0,1.0,True,,,,reaction_role_concat,6144,random_forest,False,valid,mae,16.359385532849952,0,0.01,random,,
condition_recombine_pseudolabel__mult_1.5__sim_0.95__teacher_ridge__seed_2,condition_recombine_pseudolabel,1.5,0.95,ridge,2,31,0,1.0,True,,,,reaction_role_concat,6144,random_forest,False,valid,r2,0.4283023578805397,0,0.01,random,,
condition_recombine_pseudolabel__mult_1.5__sim_0.95__teacher_ridge__seed_2,condition_recombine_pseudolabel,1.5,0.95,ridge,2,31,0,1.0,True,,,,reaction_role_concat,6144,random_forest,False,valid,spearman,0.7028232457114711,0,0.01,random,,
condition_recombine_pseudolabel__mult_1.5__sim_0.95__teacher_ridge__seed_3,condition_recombine_pseudolabel,1.5,0.95,ridge,3,31,0,1.0,True,,,,reaction_role_concat,6144,random_forest,False,valid,rmse,20.405752315451878,0,0.01,random,,
condition_recombine_pseudolabel__mult_1.5__sim_0.95__teacher_ridge__seed_3,condition_recombine_pseudolabel,1.5,0.95,ridge,3,31,0,1.0,True,,,,reaction_role_concat,6144,random_forest,False,valid,mae,16.359385532849952,0,0.01,random,,
condition_recombine_pseudolabel__mult_1.5__sim_0.95__teacher_ridge__seed_3,condition_recombine_pseudolabel,1.5,0.95,ridge,3,31,0,1.0,True,,,,reaction_role_concat,6144,random_forest,False,valid,r2,0.4283023578805397,0,0.01,random,,
condition_recombine_pseudolabel__mult_1.5__sim_0.95__teacher_ridge__seed_3,condition_recombine_pseudolabel,1.5,0.95,ridge,3,31,0,1.0,True,,,,reaction_role_concat,6144,random_forest,False,valid,spearman,0.7028232457114711,0,0.01,random,,
condition_recombine_pseudolabel__mult_1.5__sim_0.95__teacher_ridge__seed_4,condition_recombine_pseudolabel,1.5,0.95,ridge,4,31,0,1.0,True,,,,reaction_role_concat,6144,random_forest,False,valid,rmse,20.405752315451878,0,0.01,random,,
condition_recombine_pseudolabel__mult_1.5__sim_0.95__teacher_ridge__seed_4,condition_recombine_pseudolabel,1.5,0.95,ridge,4,31,0,1.0,True,,,,reaction_role_concat,6144,random_forest,False,valid,mae,16.359385532849952,0,0.01,random,,
condition_recombine_pseudolabel__mult_1.5__sim_0.95__teacher_ridge__seed_4,condition_recombine_pseudolabel,1.5,0.95,ridge,4,31,0,1.0,True,,,,reaction_role_concat,6144,random_forest,False,valid,r2,0.4283023578805397,0,0.01,random,,
condition_recombine_pseudolabel__mult_1.5__sim_0.95__teacher_ridge__seed_4,condition_recombine_pseudolabel,1.5,0.95,ridge,4,31,0,1.0,True,,,,reaction_role_concat,6144,random_forest,False,valid,spearman,0.7028232457114711,0,0.01,random,,
condition_recombine_pseudolabel__mult_1.5__sim_0.95__teacher_rf__seed_0,condition_recombine_pseudolabel,1.5,0.95,random_forest,0,31,0,1.0,True,,,,reaction_role_concat,6144,random_forest,False,valid,rmse,20.405752315451878,0,0.01,random,,
condition_recombine_pseudolabel__mult_1.5__sim_0.95__teacher_rf__seed_0,condition_recombine_pseudolabel,1.5,0.95,random_forest,0,31,0,1.0,True,,,,reaction_role_concat,6144,random_forest,False,valid,mae,16.359385532849952,0,0.01,random,,
condition_recombine_pseudolabel__mult_1.5__sim_0.95__teacher_rf__seed_0,condition_recombine_pseudolabel,1.5,0.95,random_forest,0,31,0,1.0,True,,,,reaction_role_concat,6144,random_forest,False,valid,r2,0.4283023578805397,0,0.01,random,,
condition_recombine_pseudolabel__mult_1.5__sim_0.95__teacher_rf__seed_0,condition_recombine_pseudolabel,1.5,0.95,random_forest,0,31,0,1.0,True,,,,reaction_role_concat,6144,random_forest,False,valid,spearman,0.7028232457114711,0,0.01,random,,
condition_recombine_pseudolabel__mult_1.5__sim_0.95__teacher_rf__seed_1,condition_recombine_pseudolabel,1.5,0.95,random_forest,1,31,0,1.0,True,,,,reaction_role_concat,6144,random_forest,False,valid,rmse,20.405752315451878,0,0.01,random,,
condition_recombine_pseudolabel__mult_1.5__sim_0.95__teacher_rf__seed_1,condition_recombine_pseudolabel,1.5,0.95,random_forest,1,31,0,1.0,True,,,,reaction_role_concat,6144,random_forest,False,valid,mae,16.359385532849952,0,0.01,random,,
condition_recombine_pseudolabel__mult_1.5__sim_0.95__teacher_rf__seed_1,condition_recombine_pseudolabel,1.5,0.95,random_forest,1,31,0,1.0,True,,,,reaction_role_concat,6144,random_forest,False,valid,r2,0.4283023578805397,0,0.01,random,,
condition_recombine_pseudolabel__mult_1.5__sim_0.95__teacher_rf__seed_1,condition_recombine_pseudolabel,1.5,0.95,random_forest,1,31,0,1.0,True,,,,reaction_role_concat,6144,random_forest,False,valid,spearman,0.7028232457114711,0,0.01,random,,
condition_recombine_pseudolabel__mult_1.5__sim_0.95__teacher_rf__seed_2,condition_recombine_pseudolabel,1.5,0.95,random_forest,2,31,0,1.0,True,,,,reaction_role_concat,6144,random_forest,False,valid,rmse,20.405752315451878,0,0.01,random,,
condition_recombine_pseudolabel__mult_1.5__sim_0.95__teacher_rf__seed_2,condition_recombine_pseudolabel,1.5,0.95,random_forest,2,31,0,1.0,True,,,,reaction_role_concat,6144,random_forest,False,valid,mae,16.359385532849952,0,0.01,random,,
condition_recombine_pseudolabel__mult_1.5__sim_0.95__teacher_rf__seed_2,condition_recombine_pseudolabel,1.5,0.95,random_forest,2,31,0,1.0,True,,,,reaction_role_concat,6144,random_forest,False,valid,r2,0.4283023578805397,0,0.01,random,,
condition_recombine_pseudolabel__mult_1.5__sim_0.95__teacher_rf__seed_2,condition_recombine_pseudolabel,1.5,0.95,random_forest,2,31,0,1.0,True,,,,reaction_role_concat,6144,random_forest,False,valid,spearman,0.7028232457114711,0,0.01,random,,
condition_recombine_pseudolabel__mult_1.5__sim_0.95__teacher_rf__seed_3,condition_recombine_pseudolabel,1.5,0.95,random_forest,3,31,0,1.0,True,,,,reaction_role_concat,6144,random_forest,False,valid,rmse,20.405752315451878,0,0.01,random,,
condition_recombine_pseudolabel__mult_1.5__sim_0.95__teacher_rf__seed_3,condition_recombine_pseudolabel,1.5,0.95,random_forest,3,31,0,1.0,True,,,,reaction_role_concat,6144,random_forest,False,valid,mae,16.359385532849952,0,0.01,random,,
condition_recombine_pseudolabel__mult_1.5__sim_0.95__teacher_rf__seed_3,condition_recombine_pseudolabel,1.5,0.95,random_forest,3,31,0,1.0,True,,,,reaction_role_concat,6144,random_forest,False,valid,r2,0.4283023578805397,0,0.01,random,,
condition_recombine_pseudolabel__mult_1.5__sim_0.95__teacher_rf__seed_3,condition_recombine_pseudolabel,1.5,0.95,random_forest,3,31,0,1.0,True,,,,reaction_role_concat,6144,random_forest,False,valid,spearman,0.7028232457114711,0,0.01,random,,
condition_recombine_pseudolabel__mult_1.5__sim_0.95__teacher_rf__seed_4,condition_recombine_pseudolabel,1.5,0.95,random_forest,4,31,0,1.0,True,,,,reaction_role_concat,6144,random_forest,False,valid,rmse,20.405752315451878,0,0.01,random,,
condition_recombine_pseudolabel__mult_1.5__sim_0.95__teacher_rf__seed_4,condition_recombine_pseudolabel,1.5,0.95,random_forest,4,31,0,1.0,True,,,,reaction_role_concat,6144,random_forest,False,valid,mae,16.359385532849952,0,0.01,random,,
condition_recombine_pseudolabel__mult_1.5__sim_0.95__teacher_rf__seed_4,condition_recombine_pseudolabel,1.5,0.95,random_forest,4,31,0,1.0,True,,,,reaction_role_concat,6144,random_forest,False,valid,r2,0.4283023578805397,0,0.01,random,,
condition_recombine_pseudolabel__mult_1.5__sim_0.95__teacher_rf__seed_4,condition_recombine_pseudolabel,1.5,0.95,random_forest,4,31,0,1.0,True,,,,reaction_role_concat,6144,random_forest,False,valid,spearman,0.7028232457114711,0,0.01,random,,
condition_recombine_pseudolabel__mult_2__sim_0.8__teacher_ridge__seed_0,condition_recombine_pseudolabel,2.0,0.8,ridge,0,31,26,1.8387096774193548,True,0.8382529112008902,0.800000011920929,0.85,reaction_role_concat,6144,random_forest,False,valid,rmse,20.49026951690001,0,0.01,random,,
condition_recombine_pseudolabel__mult_2__sim_0.8__teacher_ridge__seed_0,condition_recombine_pseudolabel,2.0,0.8,ridge,0,31,26,1.8387096774193548,True,0.8382529112008902,0.800000011920929,0.85,reaction_role_concat,6144,random_forest,False,valid,mae,16.485739246528357,0,0.01,random,,
condition_recombine_pseudolabel__mult_2__sim_0.8__teacher_ridge__seed_0,condition_recombine_pseudolabel,2.0,0.8,ridge,0,31,26,1.8387096774193548,True,0.8382529112008902,0.800000011920929,0.85,reaction_role_concat,6144,random_forest,False,valid,r2,0.423556799162472,0,0.01,random,,
condition_recombine_pseudolabel__mult_2__sim_0.8__teacher_ridge__seed_0,condition_recombine_pseudolabel,2.0,0.8,ridge,0,31,26,1.8387096774193548,True,0.8382529112008902,0.800000011920929,0.85,reaction_role_concat,6144,random_forest,False,valid,spearman,0.6635593511273743,0,0.01,random,,
condition_recombine_pseudolabel__mult_2__sim_0.8__teacher_ridge__seed_1,condition_recombine_pseudolabel,2.0,0.8,ridge,1,31,28,1.903225806451613,True,0.835492305670466,0.800000011920929,0.85,reaction_role_concat,6144,random_forest,False,valid,rmse,18.639101016117664,0,0.01,random,,
condition_recombine_pseudolabel__mult_2__sim_0.8__teacher_ridge__seed_1,condition_recombine_pseudolabel,2.0,0.8,ridge,1,31,28,1.903225806451613,True,0.835492305670466,0.800000011920929,0.85,reaction_role_concat,6144,random_forest,False,valid,mae,14.766978453461126,0,0.01,random,,
condition_recombine_pseudolabel__mult_2__sim_0.8__teacher_ridge__seed_1,condition_recombine_pseudolabel,2.0,0.8,ridge,1,31,28,1.903225806451613,True,0.835492305670466,0.800000011920929,0.85,reaction_role_concat,6144,random_forest,False,valid,r2,0.5230079910988328,0,0.01,random,,
condition_recombine_pseudolabel__mult_2__sim_0.8__teacher_ridge__seed_1,condition_recombine_pseudolabel,2.0,0.8,ridge,1,31,28,1.903225806451613,True,0.835492305670466,0.800000011920929,0.85,reaction_role_concat,6144,random_forest,False,valid,spearman,0.7312030911977705,0,0.01,random,,
condition_recombine_pseudolabel__mult_2__sim_0.8__teacher_ridge__seed_2,condition_recombine_pseudolabel,2.0,0.8,ridge,2,31,33,2.064516129032258,True,0.8352656212720004,0.803680956363678,0.85,reaction_role_concat,6144,random_forest,False,valid,rmse,20.730553963171644,0,0.01,random,,
condition_recombine_pseudolabel__mult_2__sim_0.8__teacher_ridge__seed_2,condition_recombine_pseudolabel,2.0,0.8,ridge,2,31,33,2.064516129032258,True,0.8352656212720004,0.803680956363678,0.85,reaction_role_concat,6144,random_forest,False,valid,mae,16.320201997428,0,0.01,random,,
condition_recombine_pseudolabel__mult_2__sim_0.8__teacher_ridge__seed_2,condition_recombine_pseudolabel,2.0,0.8,ridge,2,31,33,2.064516129032258,True,0.8352656212720004,0.803680956363678,0.85,reaction_role_concat,6144,random_forest,False,valid,r2,0.40995790785993547,0,0.01,random,,
condition_recombine_pseudolabel__mult_2__sim_0.8__teacher_ridge__seed_2,condition_recombine_pseudolabel,2.0,0.8,ridge,2,31,33,2.064516129032258,True,0.8352656212720004,0.803680956363678,0.85,reaction_role_concat,6144,random_forest,False,valid,spearman,0.6548052216816272,0,0.01,random,,
condition_recombine_pseudolabel__mult_2__sim_0.8__teacher_ridge__seed_3,condition_recombine_pseudolabel,2.0,0.8,ridge,3,31,30,1.967741935483871,True,0.8306109118461611,0.800000011920929,0.85,reaction_role_concat,6144,random_forest,False,valid,rmse,19.098518538132595,0,0.01,random,,
condition_recombine_pseudolabel__mult_2__sim_0.8__teacher_ridge__seed_3,condition_recombine_pseudolabel,2.0,0.8,ridge,3,31,30,1.967741935483871,True,0.8306109118461611,0.800000011920929,0.85,reaction_role_concat,6144,random_forest,False,valid,mae,15.269193892312956,0,0.01,random,,
condition_recombine_pseudolabel__mult_2__sim_0.8__teacher_ridge__seed_3,condition_recombine_pseudolabel,2.0,0.8,ridge,3,31,30,1.967741935483871,True,0.8306109118461611,0.800000011920929,0.85,reaction_role_concat,6144,random_forest,False,valid,r2,0.49920435862605417,0,0.01,random,,
condition_recombine_pseudolabel__mult_2__sim_0.8__teacher_ridge__seed_3,condition_recombine_pseudolabel,2.0,0.8,ridge,3,31,30,1.967741935483871,True,0.8306109118461611,0.800000011920929,0.85,reaction_role_concat,6144,random_forest,False,valid,spearman,0.7178832069447801,0,0.01,random,,
condition_recombine_pseudolabel__mult_2__sim_0.8__teacher_ridge__seed_4,condition_recombine_pseudolabel,2.0,0.8,ridge,4,31,29,1.935483870967742,True,0.8326923510123945,0.800000011920929,0.85,reaction_role_concat,6144,random_forest,False,valid,rmse,22.67564106089419,0,0.01,random,,
condition_recombine_pseudolabel__mult_2__sim_0.8__teacher_ridge__seed_4,condition_recombine_pseudolabel,2.0,0.8,ridge,4,31,29,1.935483870967742,True,0.8326923510123945,0.800000011920929,0.85,reaction_role_concat,6144,random_forest,False,valid,mae,18.307217121955713,0,0.01,random,,
condition_recombine_pseudolabel__mult_2__sim_0.8__teacher_ridge__seed_4,condition_recombine_pseudolabel,2.0,0.8,ridge,4,31,29,1.935483870967742,True,0.8326923510123945,0.800000011920929,0.85,reaction_role_concat,6144,random_forest,False,valid,r2,0.2940396221864423,0,0.01,random,,
condition_recombine_pseudolabel__mult_2__sim_0.8__teacher_ridge__seed_4,condition_recombine_pseudolabel,2.0,0.8,ridge,4,31,29,1.935483870967742,True,0.8326923510123945,0.800000011920929,0.85,reaction_role_concat,6144,random_forest,False,valid,spearman,0.5459327955397335,0,0.01,random,,
condition_recombine_pseudolabel__mult_2__sim_0.8__teacher_rf__seed_0,condition_recombine_pseudolabel,2.0,0.8,random_forest,0,31,26,1.8387096774193548,True,0.8382529112008902,0.800000011920929,0.85,reaction_role_concat,6144,random_forest,False,valid,rmse,19.248333013581288,0,0.01,random,,
condition_recombine_pseudolabel__mult_2__sim_0.8__teacher_rf__seed_0,condition_recombine_pseudolabel,2.0,0.8,random_forest,0,31,26,1.8387096774193548,True,0.8382529112008902,0.800000011920929,0.85,reaction_role_concat,6144,random_forest,False,valid,mae,14.968427803373034,0,0.01,random,,
condition_recombine_pseudolabel__mult_2__sim_0.8__teacher_rf__seed_0,condition_recombine_pseudolabel,2.0,0.8,random_forest,0,31,26,1.8387096774193548,True,0.8382529112008902,0.800000011920929,0.85,reaction_role_concat,6144,random_forest,False,valid,r2,0.4913167624190069,0,0.01,random,,
condition_recombine_pseudolabel__mult_2__sim_0.8__teacher_rf__seed_0,condition_recombine_pseudolabel,2.0,0.8,random_forest,0,31,26,1.8387096774193548,True,0.8382529112008902,0.800000011920929,0.85,reaction_role_concat,6144,random_forest,False,valid,spearman,0.7258833549594849,0,0.01,random,,
condition_recombine_pseudolabel__mult_2__sim_0.8__teacher_rf__seed_1,condition_recombine_pseudolabel,2.0,0.8,random_forest,1,31,28,1.903225806451613,True,0.835492305670466,0.800000011920929,0.85,reaction_role_concat,6144,random_forest,False,valid,rmse,19.99024662970979,0,0.01,random,,
condition_recombine_pseudolabel__mult_2__sim_0.8__teacher_rf__seed_1,condition_recombine_pseudolabel,2.0,0.8,random_forest,1,31,28,1.903225806451613,True,0.835492305670466,0.800000011920929,0.85,reaction_role_concat,6144,random_forest,False,valid,mae,15.568441731185853,0,0.01,random,,
condition_recombine_pseudolabel__mult_2__sim_0.8__teacher_rf__seed_1,condition_recombine_pseudolabel,2.0,0.8,random_forest,1,31,28,1.903225806451613,True,0.835492305670466,0.800000011920929,0.85,reaction_role_concat,6144,random_forest,False,valid,r2,0.45134734673656085,0,0.01,random,,
condition_recombine_pseudolabel__mult_2__sim_0.8__teacher_rf__seed_1,condition_recombine_pseudolabel,2.0,0.8,random_forest,1,31,28,1.903225806451613,True,0.835492305670466,0.800000011920929,0.85,reaction_role_concat,6144,random_forest,False,valid,spearman,0.691642238534557,0,0.01,random,,
condition_recombine_pseudolabel__mult_2__sim_0.8__teacher_rf__seed_2,condition_recombine_pseudolabel,2.0,0.8,random_forest,2,31,33,2.064516129032258,True,0.8352656212720004,0.803680956363678,0.85,reaction_role_concat,6144,random_forest,False,valid,rmse,19.605891476402483,0,0.01,random,,
condition_recombine_pseudolabel__mult_2__sim_0.8__teacher_rf__seed_2,condition_recombine_pseudolabel,2.0,0.8,random_forest,2,31,33,2.064516129032258,True,0.8352656212720004,0.803680956363678,0.85,reaction_role_concat,6144,random_forest,False,valid,mae,15.584354963637606,0,0.01,random,,
condition_recombine_pseudolabel__mult_2__sim_0.8__teacher_rf__seed_2,condition_recombine_pseudolabel,2.0,0.8,random_forest,2,31,33,2.064516129032258,True,0.8352656212720004,0.803680956363678,0.85,reaction_role_concat,6144,random_forest,False,valid,r2,0.4722425556632647,0,0.01,random,,
condition_recombine_pseudolabel__mult_2__sim_0.8__teacher_rf__seed_2,condition_recombine_pseudolabel,2.0,0.8,random_forest,2,31,33,2.064516129032258,True,0.8352656212720004,0.803680956363678,0.85,reaction_role_concat,6144,random_forest,False,valid,spearman,0.7192807598194159,0,0.01,random,,
condition_recombine_pseudolabel__mult_2__sim_0.8__teacher_rf__seed_3,condition_recombine_pseudolabel,2.0,0.8,random_forest,3,31,30,1.967741935483871,True,0.8306109118461611,0.800000011920929,0.85,reaction_role_concat,6144,random_forest,False,valid,rmse,19.630197072397802,0,0.01,random,,
condition_recombine_pseudolabel__mult_2__sim_0.8__teacher_rf__seed_3,condition_recombine_pseudolabel,2.0,0.8,random_forest,3,31,30,1.967741935483871,True,0.8306109118461611,0.800000011920929,0.85,reaction_role_concat,6144,random_forest,False,valid,mae,15.722492658806752,0,0.01,random,,
condition_recombine_pseudolabel__mult_2__sim_0.8__teacher_rf__seed_3,condition_recombine_pseudolabel,2.0,0.8,random_forest,3,31,30,1.967741935483871,True,0.8306109118461611,0.800000011920929,0.85,reaction_role_concat,6144,random_forest,False,valid,r2,0.47093321347925887,0,0.01,random,,
condition_recombine_pseudolabel__mult_2__sim_0.8__teacher_rf__seed_3,condition_recombine_pseudolabel,2.0,0.8,random_forest,3,31,30,1.967741935483871,True,0.8306109118461611,0.800000011920929,0.85,reaction_role_concat,6144,random_forest,False,valid,spearman,0.7397190700003965,0,0.01,random,,
condition_recombine_pseudolabel__mult_2__sim_0.8__teacher_rf__seed_4,condition_recombine_pseudolabel,2.0,0.8,random_forest,4,31,29,1.935483870967742,True,0.8326923510123945,0.800000011920929,0.85,reaction_role_concat,6144,random_forest,False,valid,rmse,19.785631102236792,0,0.01,random,,
condition_recombine_pseudolabel__mult_2__sim_0.8__teacher_rf__seed_4,condition_recombine_pseudolabel,2.0,0.8,random_forest,4,31,29,1.935483870967742,True,0.8326923510123945,0.800000011920929,0.85,reaction_role_concat,6144,random_forest,False,valid,mae,15.43654428475567,0,0.01,random,,
condition_recombine_pseudolabel__mult_2__sim_0.8__teacher_rf__seed_4,condition_recombine_pseudolabel,2.0,0.8,random_forest,4,31,29,1.935483870967742,True,0.8326923510123945,0.800000011920929,0.85,reaction_role_concat,6144,random_forest,False,valid,r2,0.4625216264600227,0,0.01,random,,
condition_recombine_pseudolabel__mult_2__sim_0.8__teacher_rf__seed_4,condition_recombine_pseudolabel,2.0,0.8,random_forest,4,31,29,1.935483870967742,True,0.8326923510123945,0.800000011920929,0.85,reaction_role_concat,6144,random_forest,False,valid,spearman,0.6915955041483355,0,0.01,random,,
condition_recombine_pseudolabel__mult_2__sim_0.85__teacher_ridge__seed_0,condition_recombine_pseudolabel,2.0,0.85,ridge,0,31,15,1.4838709677419355,True,0.8499999999999999,0.85,0.85,reaction_role_concat,6144,random_forest,False,valid,rmse,21.067132159213273,0,0.01,random,,
condition_recombine_pseudolabel__mult_2__sim_0.85__teacher_ridge__seed_0,condition_recombine_pseudolabel,2.0,0.85,ridge,0,31,15,1.4838709677419355,True,0.8499999999999999,0.85,0.85,reaction_role_concat,6144,random_forest,False,valid,mae,16.649762192926833,0,0.01,random,,
condition_recombine_pseudolabel__mult_2__sim_0.85__teacher_ridge__seed_0,condition_recombine_pseudolabel,2.0,0.85,ridge,0,31,15,1.4838709677419355,True,0.8499999999999999,0.85,0.85,reaction_role_concat,6144,random_forest,False,valid,r2,0.39064269947309005,0,0.01,random,,
condition_recombine_pseudolabel__mult_2__sim_0.85__teacher_ridge__seed_0,condition_recombine_pseudolabel,2.0,0.85,ridge,0,31,15,1.4838709677419355,True,0.8499999999999999,0.85,0.85,reaction_role_concat,6144,random_forest,False,valid,spearman,0.645435950877238,0,0.01,random,,
condition_recombine_pseudolabel__mult_2__sim_0.85__teacher_ridge__seed_1,condition_recombine_pseudolabel,2.0,0.85,ridge,1,31,16,1.5161290322580645,True,0.85,0.85,0.85,reaction_role_concat,6144,random_forest,False,valid,rmse,18.90448119136758,0,0.01,random,,
condition_recombine_pseudolabel__mult_2__sim_0.85__teacher_ridge__seed_1,condition_recombine_pseudolabel,2.0,0.85,ridge,1,31,16,1.5161290322580645,True,0.85,0.85,0.85,reaction_role_concat,6144,random_forest,False,valid,mae,14.756558330105829,0,0.01,random,,
condition_recombine_pseudolabel__mult_2__sim_0.85__teacher_ridge__seed_1,condition_recombine_pseudolabel,2.0,0.85,ridge,1,31,16,1.5161290322580645,True,0.85,0.85,0.85,reaction_role_concat,6144,random_forest,False,valid,r2,0.5093286441679761,0,0.01,random,,
condition_recombine_pseudolabel__mult_2__sim_0.85__teacher_ridge__seed_1,condition_recombine_pseudolabel,2.0,0.85,ridge,1,31,16,1.5161290322580645,True,0.85,0.85,0.85,reaction_role_concat,6144,random_forest,False,valid,spearman,0.7357735194436359,0,0.01,random,,
condition_recombine_pseudolabel__mult_2__sim_0.85__teacher_ridge__seed_2,condition_recombine_pseudolabel,2.0,0.85,ridge,2,31,11,1.3548387096774193,True,0.85,0.85,0.85,reaction_role_concat,6144,random_forest,False,valid,rmse,19.823787988369794,0,0.01,random,,
condition_recombine_pseudolabel__mult_2__sim_0.85__teacher_ridge__seed_2,condition_recombine_pseudolabel,2.0,0.85,ridge,2,31,11,1.3548387096774193,True,0.85,0.85,0.85,reaction_role_concat,6144,random_forest,False,valid,mae,15.45312874834447,0,0.01,random,,
condition_recombine_pseudolabel__mult_2__sim_0.85__teacher_ridge__seed_2,condition_recombine_pseudolabel,2.0,0.85,ridge,2,31,11,1.3548387096774193,True,0.85,0.85,0.85,reaction_role_concat,6144,random_forest,False,valid,r2,0.4604465572880646,0,0.01,random,,
condition_recombine_pseudolabel__mult_2__sim_0.85__teacher_ridge__seed_2,condition_recombine_pseudolabel,2.0,0.85,ridge,2,31,11,1.3548387096774193,True,0.85,0.85,0.85,reaction_role_concat,6144,random_forest,False,valid,spearman,0.6977695060214303,0,0.01,random,,
condition_recombine_pseudolabel__mult_2__sim_0.85__teacher_ridge__seed_3,condition_recombine_pseudolabel,2.0,0.85,ridge,3,31,9,1.2903225806451613,True,0.85,0.85,0.85,reaction_role_concat,6144,random_forest,False,valid,rmse,19.178392376806407,0,0.01,random,,
condition_recombine_pseudolabel__mult_2__sim_0.85__teacher_ridge__seed_3,condition_recombine_pseudolabel,2.0,0.85,ridge,3,31,9,1.2903225806451613,True,0.85,0.85,0.85,reaction_role_concat,6144,random_forest,False,valid,mae,15.604632254496405,0,0.01,random,,
condition_recombine_pseudolabel__mult_2__sim_0.85__teacher_ridge__seed_3,condition_recombine_pseudolabel,2.0,0.85,ridge,3,31,9,1.2903225806451613,True,0.85,0.85,0.85,reaction_role_concat,6144,random_forest,False,valid,r2,0.4950067434878832,0,0.01,random,,
condition_recombine_pseudolabel__mult_2__sim_0.85__teacher_ridge__seed_3,condition_recombine_pseudolabel,2.0,0.85,ridge,3,31,9,1.2903225806451613,True,0.85,0.85,0.85,reaction_role_concat,6144,random_forest,False,valid,spearman,0.7293788923222532,0,0.01,random,,
condition_recombine_pseudolabel__mult_2__sim_0.85__teacher_ridge__seed_4,condition_recombine_pseudolabel,2.0,0.85,ridge,4,31,11,1.3548387096774193,True,0.85,0.85,0.85,reaction_role_concat,6144,random_forest,False,valid,rmse,22.2494012459927,0,0.01,random,,
condition_recombine_pseudolabel__mult_2__sim_0.85__teacher_ridge__seed_4,condition_recombine_pseudolabel,2.0,0.85,ridge,4,31,11,1.3548387096774193,True,0.85,0.85,0.85,reaction_role_concat,6144,random_forest,False,valid,mae,18.214133388964434,0,0.01,random,,
condition_recombine_pseudolabel__mult_2__sim_0.85__teacher_ridge__seed_4,condition_recombine_pseudolabel,2.0,0.85,ridge,4,31,11,1.3548387096774193,True,0.85,0.85,0.85,reaction_role_concat,6144,random_forest,False,valid,r2,0.3203304153558868,0,0.01,random,,
condition_recombine_pseudolabel__mult_2__sim_0.85__teacher_ridge__seed_4,condition_recombine_pseudolabel,2.0,0.85,ridge,4,31,11,1.3548387096774193,True,0.85,0.85,0.85,reaction_role_concat,6144,random_forest,False,valid,spearman,0.5905600451225894,0,0.01,random,,
condition_recombine_pseudolabel__mult_2__sim_0.85__teacher_rf__seed_0,condition_recombine_pseudolabel,2.0,0.85,random_forest,0,31,15,1.4838709677419355,True,0.8499999999999999,0.85,0.85,reaction_role_concat,6144,random_forest,False,valid,rmse,19.668925252628842,0,0.01,random,,
condition_recombine_pseudolabel__mult_2__sim_0.85__teacher_rf__seed_0,condition_recombine_pseudolabel,2.0,0.85,random_forest,0,31,15,1.4838709677419355,True,0.8499999999999999,0.85,0.85,reaction_role_concat,6144,random_forest,False,valid,mae,15.366017845346956,0,0.01,random,,
condition_recombine_pseudolabel__mult_2__sim_0.85__teacher_rf__seed_0,condition_recombine_pseudolabel,2.0,0.85,random_forest,0,31,15,1.4838709677419355,True,0.8499999999999999,0.85,0.85,reaction_role_concat,6144,random_forest,False,valid,r2,0.4688435751713803,0,0.01,random,,
condition_recombine_pseudolabel__mult_2__sim_0.85__teacher_rf__seed_0,condition_recombine_pseudolabel,2.0,0.85,random_forest,0,31,15,1.4838709677419355,True,0.8499999999999999,0.85,0.85,reaction_role_concat,6144,random_forest,False,valid,spearman,0.710064154676684,0,0.01,random,,
condition_recombine_pseudolabel__mult_2__sim_0.85__teacher_rf__seed_1,condition_recombine_pseudolabel,2.0,0.85,random_forest,1,31,16,1.5161290322580645,True,0.85,0.85,0.85,reaction_role_concat,6144,random_forest,False,valid,rmse,19.53278715952419,0,0.01,random,,
condition_recombine_pseudolabel__mult_2__sim_0.85__teacher_rf__seed_1,condition_recombine_pseudolabel,2.0,0.85,random_forest,1,31,16,1.5161290322580645,True,0.85,0.85,0.85,reaction_role_concat,6144,random_forest,False,valid,mae,15.290748472521576,0,0.01,random,,
condition_recombine_pseudolabel__mult_2__sim_0.85__teacher_rf__seed_1,condition_recombine_pseudolabel,2.0,0.85,random_forest,1,31,16,1.5161290322580645,True,0.85,0.85,0.85,reaction_role_concat,6144,random_forest,False,valid,r2,0.47617090735539125,0,0.01,random,,
condition_recombine_pseudolabel__mult_2__sim_0.85__teacher_rf__seed_1,condition_recombine_pseudolabel,2.0,0.85,random_forest,1,31,16,1.5161290322580645,True,0.85,0.85,0.85,reaction_role_concat,6144,random_forest,False,valid,spearman,0.7278557407846467,0,0.01,random,,
condition_recombine_pseudolabel__mult_2__sim_0.85__teacher_rf__seed_2,condition_recombine_pseudolabel,2.0,0.85,random_forest,2,31,11,1.3548387096774193,True,0.85,0.85,0.85,reaction_role_concat,6144,random_forest,False,valid,rmse,19.56898458396617,0,0.01,random,,
condition_recombine_pseudolabel__mult_2__sim_0.85__teacher_rf__seed_2,condition_recombine_pseudolabel,2.0,0.85,random_forest,2,31,11,1.3548387096774193,True,0.85,0.85,0.85,reaction_role_concat,6144,random_forest,False,valid,mae,15.351283156856704,0,0.01,random,,
condition_recombine_pseudolabel__mult_2__sim_0.85__teacher_rf__seed_2,condition_recombine_pseudolabel,2.0,0.85,random_forest,2,31,11,1.3548387096774193,True,0.85,0.85,0.85,reaction_role_concat,6144,random_forest,False,valid,r2,0.47422762778180505,0,0.01,random,,
condition_recombine_pseudolabel__mult_2__sim_0.85__teacher_rf__seed_2,condition_recombine_pseudolabel,2.0,0.85,random_forest,2,31,11,1.3548387096774193,True,0.85,0.85,0.85,reaction_role_concat,6144,random_forest,False,valid,spearman,0.7164698812147944,0,0.01,random,,
condition_recombine_pseudolabel__mult_2__sim_0.85__teacher_rf__seed_3,condition_recombine_pseudolabel,2.0,0.85,random_forest,3,31,9,1.2903225806451613,True,0.85,0.85,0.85,reaction_role_concat,6144,random_forest,False,valid,rmse,19.463357379219158,0,0.01,random,,
condition_recombine_pseudolabel__mult_2__sim_0.85__teacher_rf__seed_3,condition_recombine_pseudolabel,2.0,0.85,random_forest,3,31,9,1.2903225806451613,True,0.85,0.85,0.85,reaction_role_concat,6144,random_forest,False,valid,mae,15.356193874633764,0,0.01,random,,
condition_recombine_pseudolabel__mult_2__sim_0.85__teacher_rf__seed_3,condition_recombine_pseudolabel,2.0,0.85,random_forest,3,31,9,1.2903225806451613,True,0.85,0.85,0.85,reaction_role_concat,6144,random_forest,False,valid,r2,0.4798882161717051,0,0.01,random,,
condition_recombine_pseudolabel__mult_2__sim_0.85__teacher_rf__seed_3,condition_recombine_pseudolabel,2.0,0.85,random_forest,3,31,9,1.2903225806451613,True,0.85,0.85,0.85,reaction_role_concat,6144,random_forest,False,valid,spearman,0.729757246124039,0,0.01,random,,
condition_recombine_pseudolabel__mult_2__sim_0.85__teacher_rf__seed_4,condition_recombine_pseudolabel,2.0,0.85,random_forest,4,31,11,1.3548387096774193,True,0.85,0.85,0.85,reaction_role_concat,6144,random_forest,False,valid,rmse,19.390022096798788,0,0.01,random,,
condition_recombine_pseudolabel__mult_2__sim_0.85__teacher_rf__seed_4,condition_recombine_pseudolabel,2.0,0.85,random_forest,4,31,11,1.3548387096774193,True,0.85,0.85,0.85,reaction_role_concat,6144,random_forest,False,valid,mae,15.207488349244564,0,0.01,random,,
condition_recombine_pseudolabel__mult_2__sim_0.85__teacher_rf__seed_4,condition_recombine_pseudolabel,2.0,0.85,random_forest,4,31,11,1.3548387096774193,True,0.85,0.85,0.85,reaction_role_concat,6144,random_forest,False,valid,r2,0.4838002531195289,0,0.01,random,,
condition_recombine_pseudolabel__mult_2__sim_0.85__teacher_rf__seed_4,condition_recombine_pseudolabel,2.0,0.85,random_forest,4,31,11,1.3548387096774193,True,0.85,0.85,0.85,reaction_role_concat,6144,random_forest,False,valid,spearman,0.7335411735951165,0,0.01,random,,
condition_recombine_pseudolabel__mult_2__sim_0.9__teacher_ridge__seed_0,condition_recombine_pseudolabel,2.0,0.9,ridge,0,31,9,1.2903225806451613,True,0.85,0.85,0.85,reaction_role_concat,6144,random_forest,False,valid,rmse,21.395943919483873,0,0.01,random,,
condition_recombine_pseudolabel__mult_2__sim_0.9__teacher_ridge__seed_0,condition_recombine_pseudolabel,2.0,0.9,ridge,0,31,9,1.2903225806451613,True,0.85,0.85,0.85,reaction_role_concat,6144,random_forest,False,valid,mae,17.142116263928294,0,0.01,random,,
condition_recombine_pseudolabel__mult_2__sim_0.9__teacher_ridge__seed_0,condition_recombine_pseudolabel,2.0,0.9,ridge,0,31,9,1.2903225806451613,True,0.85,0.85,0.85,reaction_role_concat,6144,random_forest,False,valid,r2,0.3714727939208241,0,0.01,random,,
condition_recombine_pseudolabel__mult_2__sim_0.9__teacher_ridge__seed_0,condition_recombine_pseudolabel,2.0,0.9,ridge,0,31,9,1.2903225806451613,True,0.85,0.85,0.85,reaction_role_concat,6144,random_forest,False,valid,spearman,0.6411180830435785,0,0.01,random,,
condition_recombine_pseudolabel__mult_2__sim_0.9__teacher_ridge__seed_1,condition_recombine_pseudolabel,2.0,0.9,ridge,1,31,8,1.2580645161290323,True,0.85,0.85,0.85,reaction_role_concat,6144,random_forest,False,valid,rmse,19.79116829476496,0,0.01,random,,
condition_recombine_pseudolabel__mult_2__sim_0.9__teacher_ridge__seed_1,condition_recombine_pseudolabel,2.0,0.9,ridge,1,31,8,1.2580645161290323,True,0.85,0.85,0.85,reaction_role_concat,6144,random_forest,False,valid,mae,15.531154482099074,0,0.01,random,,
condition_recombine_pseudolabel__mult_2__sim_0.9__teacher_ridge__seed_1,condition_recombine_pseudolabel,2.0,0.9,ridge,1,31,8,1.2580645161290323,True,0.85,0.85,0.85,reaction_role_concat,6144,random_forest,False,valid,r2,0.4622207477398833,0,0.01,random,,
condition_recombine_pseudolabel__mult_2__sim_0.9__teacher_ridge__seed_1,condition_recombine_pseudolabel,2.0,0.9,ridge,1,31,8,1.2580645161290323,True,0.85,0.85,0.85,reaction_role_concat,6144,random_forest,False,valid,spearman,0.713125841154028,0,0.01,random,,
condition_recombine_pseudolabel__mult_2__sim_0.9__teacher_ridge__seed_2,condition_recombine_pseudolabel,2.0,0.9,ridge,2,31,7,1.2258064516129032,True,0.8499999999999999,0.85,0.85,reaction_role_concat,6144,random_forest,False,valid,rmse,19.694118847026854,0,0.01,random,,
condition_recombine_pseudolabel__mult_2__sim_0.9__teacher_ridge__seed_2,condition_recombine_pseudolabel,2.0,0.9,ridge,2,31,7,1.2258064516129032,True,0.8499999999999999,0.85,0.85,reaction_role_concat,6144,random_forest,False,valid,mae,15.34531512722788,0,0.01,random,,
condition_recombine_pseudolabel__mult_2__sim_0.9__teacher_ridge__seed_2,condition_recombine_pseudolabel,2.0,0.9,ridge,2,31,7,1.2258064516129032,True,0.8499999999999999,0.85,0.85,reaction_role_concat,6144,random_forest,False,valid,r2,0.46748200512327653,0,0.01,random,,
condition_recombine_pseudolabel__mult_2__sim_0.9__teacher_ridge__seed_2,condition_recombine_pseudolabel,2.0,0.9,ridge,2,31,7,1.2258064516129032,True,0.8499999999999999,0.85,0.85,reaction_role_concat,6144,random_forest,False,valid,spearman,0.7065544022714401,0,0.01,random,,
condition_recombine_pseudolabel__mult_2__sim_0.9__teacher_ridge__seed_3,condition_recombine_pseudolabel,2.0,0.9,ridge,3,31,6,1.1935483870967742,True,0.85,0.85,0.85,reaction_role_concat,6144,random_forest,False,valid,rmse,21.164356669126104,0,0.01,random,,
condition_recombine_pseudolabel__mult_2__sim_0.9__teacher_ridge__seed_3,condition_recombine_pseudolabel,2.0,0.9,ridge,3,31,6,1.1935483870967742,True,0.85,0.85,0.85,reaction_role_concat,6144,random_forest,False,valid,mae,17.023032877175115,0,0.01,random,,
condition_recombine_pseudolabel__mult_2__sim_0.9__teacher_ridge__seed_3,condition_recombine_pseudolabel,2.0,0.9,ridge,3,31,6,1.1935483870967742,True,0.85,0.85,0.85,reaction_role_concat,6144,random_forest,False,valid,r2,0.3850053710858493,0,0.01,random,,
condition_recombine_pseudolabel__mult_2__sim_0.9__teacher_ridge__seed_3,condition_recombine_pseudolabel,2.0,0.9,ridge,3,31,6,1.1935483870967742,True,0.85,0.85,0.85,reaction_role_concat,6144,random_forest,False,valid,spearman,0.6681229639419157,0,0.01,random,,
condition_recombine_pseudolabel__mult_2__sim_0.9__teacher_ridge__seed_4,condition_recombine_pseudolabel,2.0,0.9,ridge,4,31,7,1.2258064516129032,True,0.8499999999999999,0.85,0.85,reaction_role_concat,6144,random_forest,False,valid,rmse,21.921663963281805,0,0.01,random,,
condition_recombine_pseudolabel__mult_2__sim_0.9__teacher_ridge__seed_4,condition_recombine_pseudolabel,2.0,0.9,ridge,4,31,7,1.2258064516129032,True,0.8499999999999999,0.85,0.85,reaction_role_concat,6144,random_forest,False,valid,mae,17.65073229238504,0,0.01,random,,
condition_recombine_pseudolabel__mult_2__sim_0.9__teacher_ridge__seed_4,condition_recombine_pseudolabel,2.0,0.9,ridge,4,31,7,1.2258064516129032,True,0.8499999999999999,0.85,0.85,reaction_role_concat,6144,random_forest,False,valid,r2,0.34020622828473646,0,0.01,random,,
condition_recombine_pseudolabel__mult_2__sim_0.9__teacher_ridge__seed_4,condition_recombine_pseudolabel,2.0,0.9,ridge,4,31,7,1.2258064516129032,True,0.8499999999999999,0.85,0.85,reaction_role_concat,6144,random_forest,False,valid,spearman,0.5965550932417775,0,0.01,random,,
condition_recombine_pseudolabel__mult_2__sim_0.9__teacher_rf__seed_0,condition_recombine_pseudolabel,2.0,0.9,random_forest,0,31,9,1.2903225806451613,True,0.85,0.85,0.85,reaction_role_concat,6144,random_forest,False,valid,rmse,19.785860833503392,0,0.01,random,,
condition_recombine_pseudolabel__mult_2__sim_0.9__teacher_rf__seed_0,condition_recombine_pseudolabel,2.0,0.9,random_forest,0,31,9,1.2903225806451613,True,0.85,0.85,0.85,reaction_role_concat,6144,random_forest,False,valid,mae,15.389300824720648,0,0.01,random,,
condition_recombine_pseudolabel__mult_2__sim_0.9__teacher_rf__seed_0,condition_recombine_pseudolabel,2.0,0.9,random_forest,0,31,9,1.2903225806451613,True,0.85,0.85,0.85,reaction_role_concat,6144,random_forest,False,valid,r2,0.46250914504826246,0,0.01,random,,
condition_recombine_pseudolabel__mult_2__sim_0.9__teacher_rf__seed_0,condition_recombine_pseudolabel,2.0,0.9,random_forest,0,31,9,1.2903225806451613,True,0.85,0.85,0.85,reaction_role_concat,6144,random_forest,False,valid,spearman,0.7068036523312886,0,0.01,random,,
condition_recombine_pseudolabel__mult_2__sim_0.9__teacher_rf__seed_1,condition_recombine_pseudolabel,2.0,0.9,random_forest,1,31,8,1.2580645161290323,True,0.85,0.85,0.85,reaction_role_concat,6144,random_forest,False,valid,rmse,19.509078335678595,0,0.01,random,,
condition_recombine_pseudolabel__mult_2__sim_0.9__teacher_rf__seed_1,condition_recombine_pseudolabel,2.0,0.9,random_forest,1,31,8,1.2580645161290323,True,0.85,0.85,0.85,reaction_role_concat,6144,random_forest,False,valid,mae,15.29821562533741,0,0.01,random,,
condition_recombine_pseudolabel__mult_2__sim_0.9__teacher_rf__seed_1,condition_recombine_pseudolabel,2.0,0.9,random_forest,1,31,8,1.2580645161290323,True,0.85,0.85,0.85,reaction_role_concat,6144,random_forest,False,valid,r2,0.47744177917598096,0,0.01,random,,
condition_recombine_pseudolabel__mult_2__sim_0.9__teacher_rf__seed_1,condition_recombine_pseudolabel,2.0,0.9,random_forest,1,31,8,1.2580645161290323,True,0.85,0.85,0.85,reaction_role_concat,6144,random_forest,False,valid,spearman,0.7345303847701408,0,0.01,random,,
condition_recombine_pseudolabel__mult_2__sim_0.9__teacher_rf__seed_2,condition_recombine_pseudolabel,2.0,0.9,random_forest,2,31,7,1.2258064516129032,True,0.8499999999999999,0.85,0.85,reaction_role_concat,6144,random_forest,False,valid,rmse,19.665978024484478,0,0.01,random,,
condition_recombine_pseudolabel__mult_2__sim_0.9__teacher_rf__seed_2,condition_recombine_pseudolabel,2.0,0.9,random_forest,2,31,7,1.2258064516129032,True,0.8499999999999999,0.85,0.85,reaction_role_concat,6144,random_forest,False,valid,mae,15.678699173845823,0,0.01,random,,
condition_recombine_pseudolabel__mult_2__sim_0.9__teacher_rf__seed_2,condition_recombine_pseudolabel,2.0,0.9,random_forest,2,31,7,1.2258064516129032,True,0.8499999999999999,0.85,0.85,reaction_role_concat,6144,random_forest,False,valid,r2,0.4690027421680576,0,0.01,random,,
condition_recombine_pseudolabel__mult_2__sim_0.9__teacher_rf__seed_2,condition_recombine_pseudolabel,2.0,0.9,random_forest,2,31,7,1.2258064516129032,True,0.8499999999999999,0.85,0.85,reaction_role_concat,6144,random_forest,False,valid,spearman,0.7091674386410565,0,0.01,random,,
condition_recombine_pseudolabel__mult_2__sim_0.9__teacher_rf__seed_3,condition_recombine_pseudolabel,2.0,0.9,random_forest,3,31,6,1.1935483870967742,True,0.85,0.85,0.85,reaction_role_concat,6144,random_forest,False,valid,rmse,19.712195059751917,0,0.01,random,,
condition_recombine_pseudolabel__mult_2__sim_0.9__teacher_rf__seed_3,condition_recombine_pseudolabel,2.0,0.9,random_forest,3,31,6,1.1935483870967742,True,0.85,0.85,0.85,reaction_role_concat,6144,random_forest,False,valid,mae,15.474723065575468,0,0.01,random,,
condition_recombine_pseudolabel__mult_2__sim_0.9__teacher_rf__seed_3,condition_recombine_pseudolabel,2.0,0.9,random_forest,3,31,6,1.1935483870967742,True,0.85,0.85,0.85,reaction_role_concat,6144,random_forest,False,valid,r2,0.4665040150754016,0,0.01,random,,
condition_recombine_pseudolabel__mult_2__sim_0.9__teacher_rf__seed_3,condition_recombine_pseudolabel,2.0,0.9,random_forest,3,31,6,1.1935483870967742,True,0.85,0.85,0.85,reaction_role_concat,6144,random_forest,False,valid,spearman,0.7120895061395635,0,0.01,random,,
condition_recombine_pseudolabel__mult_2__sim_0.9__teacher_rf__seed_4,condition_recombine_pseudolabel,2.0,0.9,random_forest,4,31,7,1.2258064516129032,True,0.8499999999999999,0.85,0.85,reaction_role_concat,6144,random_forest,False,valid,rmse,19.666922417942207,0,0.01,random,,
condition_recombine_pseudolabel__mult_2__sim_0.9__teacher_rf__seed_4,condition_recombine_pseudolabel,2.0,0.9,random_forest,4,31,7,1.2258064516129032,True,0.8499999999999999,0.85,0.85,reaction_role_concat,6144,random_forest,False,valid,mae,15.321434201187726,0,0.01,random,,
condition_recombine_pseudolabel__mult_2__sim_0.9__teacher_rf__seed_4,condition_recombine_pseudolabel,2.0,0.9,random_forest,4,31,7,1.2258064516129032,True,0.8499999999999999,0.85,0.85,reaction_role_concat,6144,random_forest,False,valid,r2,0.4689517421744167,0,0.01,random,,
condition_recombine_pseudolabel__mult_2__sim_0.9__teacher_rf__seed_4,condition_recombine_pseudolabel,2.0,0.9,random_forest,4,31,7,1.2258064516129032,True,0.8499999999999999,0.85,0.85,reaction_role_concat,6144,random_forest,False,valid,spearman,0.7128849643383774,0,0.01,random,,
condition_recombine_pseudolabel__mult_2__sim_0.95__teacher_ridge__seed_0,condition_recombine_pseudolabel,2.0,0.95,ridge,0,31,0,1.0,True,,,,reaction_role_concat,6144,random_forest,False,valid,rmse,20.405752315451878,0,0.01,random,,
condition_recombine_pseudolabel__mult_2__sim_0.95__teacher_ridge__seed_0,condition_recombine_pseudolabel,2.0,0.95,ridge,0,31,0,1.0,True,,,,reaction_role_concat,6144,random_forest,False,valid,mae,16.359385532849952,0,0.01,random,,
condition_recombine_pseudolabel__mult_2__sim_0.95__teacher_ridge__seed_0,condition_recombine_pseudolabel,2.0,0.95,ridge,0,31,0,1.0,True,,,,reaction_role_concat,6144,random_forest,False,valid,r2,0.4283023578805397,0,0.01,random,,
condition_recombine_pseudolabel__mult_2__sim_0.95__teacher_ridge__seed_0,condition_recombine_pseudolabel,2.0,0.95,ridge,0,31,0,1.0,True,,,,reaction_role_concat,6144,random_forest,False,valid,spearman,0.7028232457114711,0,0.01,random,,
condition_recombine_pseudolabel__mult_2__sim_0.95__teacher_ridge__seed_1,condition_recombine_pseudolabel,2.0,0.95,ridge,1,31,0,1.0,True,,,,reaction_role_concat,6144,random_forest,False,valid,rmse,20.405752315451878,0,0.01,random,,
condition_recombine_pseudolabel__mult_2__sim_0.95__teacher_ridge__seed_1,condition_recombine_pseudolabel,2.0,0.95,ridge,1,31,0,1.0,True,,,,reaction_role_concat,6144,random_forest,False,valid,mae,16.359385532849952,0,0.01,random,,
condition_recombine_pseudolabel__mult_2__sim_0.95__teacher_ridge__seed_1,condition_recombine_pseudolabel,2.0,0.95,ridge,1,31,0,1.0,True,,,,reaction_role_concat,6144,random_forest,False,valid,r2,0.4283023578805397,0,0.01,random,,
condition_recombine_pseudolabel__mult_2__sim_0.95__teacher_ridge__seed_1,condition_recombine_pseudolabel,2.0,0.95,ridge,1,31,0,1.0,True,,,,reaction_role_concat,6144,random_forest,False,valid,spearman,0.7028232457114711,0,0.01,random,,
condition_recombine_pseudolabel__mult_2__sim_0.95__teacher_ridge__seed_2,condition_recombine_pseudolabel,2.0,0.95,ridge,2,31,0,1.0,True,,,,reaction_role_concat,6144,random_forest,False,valid,rmse,20.405752315451878,0,0.01,random,,
condition_recombine_pseudolabel__mult_2__sim_0.95__teacher_ridge__seed_2,condition_recombine_pseudolabel,2.0,0.95,ridge,2,31,0,1.0,True,,,,reaction_role_concat,6144,random_forest,False,valid,mae,16.359385532849952,0,0.01,random,,
condition_recombine_pseudolabel__mult_2__sim_0.95__teacher_ridge__seed_2,condition_recombine_pseudolabel,2.0,0.95,ridge,2,31,0,1.0,True,,,,reaction_role_concat,6144,random_forest,False,valid,r2,0.4283023578805397,0,0.01,random,,
condition_recombine_pseudolabel__mult_2__sim_0.95__teacher_ridge__seed_2,condition_recombine_pseudolabel,2.0,0.95,ridge,2,31,0,1.0,True,,,,reaction_role_concat,6144,random_forest,False,valid,spearman,0.7028232457114711,0,0.01,random,,
condition_recombine_pseudolabel__mult_2__sim_0.95__teacher_ridge__seed_3,condition_recombine_pseudolabel,2.0,0.95,ridge,3,31,0,1.0,True,,,,reaction_role_concat,6144,random_forest,False,valid,rmse,20.405752315451878,0,0.01,random,,
condition_recombine_pseudolabel__mult_2__sim_0.95__teacher_ridge__seed_3,condition_recombine_pseudolabel,2.0,0.95,ridge,3,31,0,1.0,True,,,,reaction_role_concat,6144,random_forest,False,valid,mae,16.359385532849952,0,0.01,random,,
condition_recombine_pseudolabel__mult_2__sim_0.95__teacher_ridge__seed_3,condition_recombine_pseudolabel,2.0,0.95,ridge,3,31,0,1.0,True,,,,reaction_role_concat,6144,random_forest,False,valid,r2,0.4283023578805397,0,0.01,random,,
condition_recombine_pseudolabel__mult_2__sim_0.95__teacher_ridge__seed_3,condition_recombine_pseudolabel,2.0,0.95,ridge,3,31,0,1.0,True,,,,reaction_role_concat,6144,random_forest,False,valid,spearman,0.7028232457114711,0,0.01,random,,
condition_recombine_pseudolabel__mult_2__sim_0.95__teacher_ridge__seed_4,condition_recombine_pseudolabel,2.0,0.95,ridge,4,31,0,1.0,True,,,,reaction_role_concat,6144,random_forest,False,valid,rmse,20.405752315451878,0,0.01,random,,
condition_recombine_pseudolabel__mult_2__sim_0.95__teacher_ridge__seed_4,condition_recombine_pseudolabel,2.0,0.95,ridge,4,31,0,1.0,True,,,,reaction_role_concat,6144,random_forest,False,valid,mae,16.359385532849952,0,0.01,random,,
condition_recombine_pseudolabel__mult_2__sim_0.95__teacher_ridge__seed_4,condition_recombine_pseudolabel,2.0,0.95,ridge,4,31,0,1.0,True,,,,reaction_role_concat,6144,random_forest,False,valid,r2,0.4283023578805397,0,0.01,random,,
condition_recombine_pseudolabel__mult_2__sim_0.95__teacher_ridge__seed_4,condition_recombine_pseudolabel,2.0,0.95,ridge,4,31,0,1.0,True,,,,reaction_role_concat,6144,random_forest,False,valid,spearman,0.7028232457114711,0,0.01,random,,
condition_recombine_pseudolabel__mult_2__sim_0.95__teacher_rf__seed_0,condition_recombine_pseudolabel,2.0,0.95,random_forest,0,31,0,1.0,True,,,,reaction_role_concat,6144,random_forest,False,valid,rmse,20.405752315451878,0,0.01,random,,
condition_recombine_pseudolabel__mult_2__sim_0.95__teacher_rf__seed_0,condition_recombine_pseudolabel,2.0,0.95,random_forest,0,31,0,1.0,True,,,,reaction_role_concat,6144,random_forest,False,valid,mae,16.359385532849952,0,0.01,random,,
condition_recombine_pseudolabel__mult_2__sim_0.95__teacher_rf__seed_0,condition_recombine_pseudolabel,2.0,0.95,random_forest,0,31,0,1.0,True,,,,reaction_role_concat,6144,random_forest,False,valid,r2,0.4283023578805397,0,0.01,random,,
condition_recombine_pseudolabel__mult_2__sim_0.95__teacher_rf__seed_0,condition_recombine_pseudolabel,2.0,0.95,random_forest,0,31,0,1.0,True,,,,reaction_role_concat,6144,random_forest,False,valid,spearman,0.7028232457114711,0,0.01,random,,
condition_recombine_pseudolabel__mult_2__sim_0.95__teacher_rf__seed_1,condition_recombine_pseudolabel,2.0,0.95,random_forest,1,31,0,1.0,True,,,,reaction_role_concat,6144,random_forest,False,valid,rmse,20.405752315451878,0,0.01,random,,
condition_recombine_pseudolabel__mult_2__sim_0.95__teacher_rf__seed_1,condition_recombine_pseudolabel,2.0,0.95,random_forest,1,31,0,1.0,True,,,,reaction_role_concat,6144,random_forest,False,valid,mae,16.359385532849952,0,0.01,random,,
condition_recombine_pseudolabel__mult_2__sim_0.95__teacher_rf__seed_1,condition_recombine_pseudolabel,2.0,0.95,random_forest,1,31,0,1.0,True,,,,reaction_role_concat,6144,random_forest,False,valid,r2,0.4283023578805397,0,0.01,random,,
condition_recombine_pseudolabel__mult_2__sim_0.95__teacher_rf__seed_1,condition_recombine_pseudolabel,2.0,0.95,random_forest,1,31,0,1.0,True,,,,reaction_role_concat,6144,random_forest,False,valid,spearman,0.7028232457114711,0,0.01,random,,
condition_recombine_pseudolabel__mult_2__sim_0.95__teacher_rf__seed_2,condition_recombine_pseudolabel,2.0,0.95,random_forest,2,31,0,1.0,True,,,,reaction_role_concat,6144,random_forest,False,valid,rmse,20.405752315451878,0,0.01,random,,
condition_recombine_pseudolabel__mult_2__sim_0.95__teacher_rf__seed_2,condition_recombine_pseudolabel,2.0,0.95,random_forest,2,31,0,1.0,True,,,,reaction_role_concat,6144,random_forest,False,valid,mae,16.359385532849952,0,0.01,random,,
condition_recombine_pseudolabel__mult_2__sim_0.95__teacher_rf__seed_2,condition_recombine_pseudolabel,2.0,0.95,random_forest,2,31,0,1.0,True,,,,reaction_role_concat,6144,random_forest,False,valid,r2,0.4283023578805397,0,0.01,random,,
condition_recombine_pseudolabel__mult_2__sim_0.95__teacher_rf__seed_2,condition_recombine_pseudolabel,2.0,0.95,random_forest,2,31,0,1.0,True,,,,reaction_role_concat,6144,random_forest,False,valid,spearman,0.7028232457114711,0,0.01,random,,
condition_recombine_pseudolabel__mult_2__sim_0.95__teacher_rf__seed_3,condition_recombine_pseudolabel,2.0,0.95,random_forest,3,31,0,1.0,True,,,,reaction_role_concat,6144,random_forest,False,valid,rmse,20.405752315451878,0,0.01,random,,
condition_recombine_pseudolabel__mult_2__sim_0.95__teacher_rf__seed_3,condition_recombine_pseudolabel,2.0,0.95,random_forest,3,31,0,1.0,True,,,,reaction_role_concat,6144,random_forest,False,valid,mae,16.359385532849952,0,0.01,random,,
condition_recombine_pseudolabel__mult_2__sim_0.95__teacher_rf__seed_3,condition_recombine_pseudolabel,2.0,0.95,random_forest,3,31,0,1.0,True,,,,reaction_role_concat,6144,random_forest,False,valid,r2,0.4283023578805397,0,0.01,random,,
condition_recombine_pseudolabel__mult_2__sim_0.95__teacher_rf__seed_3,condition_recombine_pseudolabel,2.0,0.95,random_forest,3,31,0,1.0,True,,,,reaction_role_concat,6144,random_forest,False,valid,spearman,0.7028232457114711,0,0.01,random,,
condition_recombine_pseudolabel__mult_2__sim_0.95__teacher_rf__seed_4,condition_recombine_pseudolabel,2.0,0.95,random_forest,4,31,0,1.0,True,,,,reaction_role_concat,6144,random_forest,False,valid,rmse,20.405752315451878,0,0.01,random,,
condition_recombine_pseudolabel__mult_2__sim_0.95__teacher_rf__seed_4,condition_recombine_pseudolabel,2.0,0.95,random_forest,4,31,0,1.0,True,,,,reaction_role_concat,6144,random_forest,False,valid,mae,16.359385532849952,0,0.01,random,,
condition_recombine_pseudolabel__mult_2__sim_0.95__teacher_rf__seed_4,condition_recombine_pseudolabel,2.0,0.95,random_forest,4,31,0,1.0,True,,,,reaction_role_concat,6144,random_forest,False,valid,r2,0.4283023578805397,0,0.01,random,,
condition_recombine_pseudolabel__mult_2__sim_0.95__teacher_rf__seed_4,condition_recombine_pseudolabel,2.0,0.95,random_forest,4,31,0,1.0,True,,,,reaction_role_concat,6144,random_forest,False,valid,spearman,0.7028232457114711,0,0.01,random,,
condition_recombine_pseudolabel__mult_3__sim_0.85__teacher_ridge__seed_0,condition_recombine_pseudolabel,3.0,0.85,ridge,0,31,24,1.7741935483870968,True,0.85,0.85,0.85,reaction_role_concat,6144,random_forest,False,valid,rmse,21.394104402196703,0,0.01,random,,
condition_recombine_pseudolabel__mult_3__sim_0.85__teacher_ridge__seed_0,condition_recombine_pseudolabel,3.0,0.85,ridge,0,31,24,1.7741935483870968,True,0.85,0.85,0.85,reaction_role_concat,6144,random_forest,False,valid,mae,17.027769868897487,0,0.01,random,,
condition_recombine_pseudolabel__mult_3__sim_0.85__teacher_ridge__seed_0,condition_recombine_pseudolabel,3.0,0.85,ridge,0,31,24,1.7741935483870968,True,0.85,0.85,0.85,reaction_role_concat,6144,random_forest,False,valid,r2,0.3715808645872821,0,0.01,random,,
condition_recombine_pseudolabel__mult_3__sim_0.85__teacher_ridge__seed_0,condition_recombine_pseudolabel,3.0,0.85,ridge,0,31,24,1.7741935483870968,True,0.85,0.85,0.85,reaction_role_concat,6144,random_forest,False,valid,spearman,0.6300007514678915,0,0.01,random,,
condition_recombine_pseudolabel__mult_3__sim_0.85__teacher_ridge__seed_1,condition_recombine_pseudolabel,3.0,0.85,ridge,1,31,24,1.7741935483870968,True,0.85,0.85,0.85,reaction_role_concat,6144,random_forest,False,valid,rmse,19.244129153402756,0,0.01,random,,
condition_recombine_pseudolabel__mult_3__sim_0.85__teacher_ridge__seed_1,condition_recombine_pseudolabel,3.0,0.85,ridge,1,31,24,1.7741935483870968,True,0.85,0.85,0.85,reaction_role_concat,6144,random_forest,False,valid,mae,15.35296477789215,0,0.01,random,,
condition_recombine_pseudolabel__mult_3__sim_0.85__teacher_ridge__seed_1,condition_recombine_pseudolabel,3.0,0.85,ridge,1,31,24,1.7741935483870968,True,0.85,0.85,0.85,reaction_role_concat,6144,random_forest,False,valid,r2,0.4915389322750864,0,0.01,random,,
condition_recombine_pseudolabel__mult_3__sim_0.85__teacher_ridge__seed_1,condition_recombine_pseudolabel,3.0,0.85,ridge,1,31,24,1.7741935483870968,True,0.85,0.85,0.85,reaction_role_concat,6144,random_forest,False,valid,spearman,0.7097539551881379,0,0.01,random,,
condition_recombine_pseudolabel__mult_3__sim_0.85__teacher_ridge__seed_2,condition_recombine_pseudolabel,3.0,0.85,ridge,2,31,21,1.6774193548387097,True,0.8500000000000001,0.85,0.85,reaction_role_concat,6144,random_forest,False,valid,rmse,20.119156238795973,0,0.01,random,,
condition_recombine_pseudolabel__mult_3__sim_0.85__teacher_ridge__seed_2,condition_recombine_pseudolabel,3.0,0.85,ridge,2,31,21,1.6774193548387097,True,0.8500000000000001,0.85,0.85,reaction_role_concat,6144,random_forest,False,valid,mae,15.9139195330656,0,0.01,random,,
condition_recombine_pseudolabel__mult_3__sim_0.85__teacher_ridge__seed_2,condition_recombine_pseudolabel,3.0,0.85,ridge,2,31,21,1.6774193548387097,True,0.8500000000000001,0.85,0.85,reaction_role_concat,6144,random_forest,False,valid,r2,0.44424842044147983,0,0.01,random,,
condition_recombine_pseudolabel__mult_3__sim_0.85__teacher_ridge__seed_2,condition_recombine_pseudolabel,3.0,0.85,ridge,2,31,21,1.6774193548387097,True,0.8500000000000001,0.85,0.85,reaction_role_concat,6144,random_forest,False,valid,spearman,0.6745135018045042,0,0.01,random,,
condition_recombine_pseudolabel__mult_3__sim_0.85__teacher_ridge__seed_3,condition_recombine_pseudolabel,3.0,0.85,ridge,3,31,13,1.4193548387096775,True,0.8499999999999999,0.85,0.85,reaction_role_concat,6144,random_forest,False,valid,rmse,20.689387399162616,0,0.01,random,,
condition_recombine_pseudolabel__mult_3__sim_0.85__teacher_ridge__seed_3,condition_recombine_pseudolabel,3.0,0.85,ridge,3,31,13,1.4193548387096775,True,0.8499999999999999,0.85,0.85,reaction_role_concat,6144,random_forest,False,valid,mae,16.911585444073133,0,0.01,random,,
condition_recombine_pseudolabel__mult_3__sim_0.85__teacher_ridge__seed_3,condition_recombine_pseudolabel,3.0,0.85,ridge,3,31,13,1.4193548387096775,True,0.8499999999999999,0.85,0.85,reaction_role_concat,6144,random_forest,False,valid,r2,0.41229898259921394,0,0.01,random,,
condition_recombine_pseudolabel__mult_3__sim_0.85__teacher_ridge__seed_3,condition_recombine_pseudolabel,3.0,0.85,ridge,3,31,13,1.4193548387096775,True,0.8499999999999999,0.85,0.85,reaction_role_concat,6144,random_forest,False,valid,spearman,0.6478914534199659,0,0.01,random,,
condition_recombine_pseudolabel__mult_3__sim_0.85__teacher_ridge__seed_4,condition_recombine_pseudolabel,3.0,0.85,ridge,4,31,18,1.5806451612903225,True,0.85,0.85,0.85,reaction_role_concat,6144,random_forest,False,valid,rmse,21.38585531134065,0,0.01,random,,
condition_recombine_pseudolabel__mult_3__sim_0.85__teacher_ridge__seed_4,condition_recombine_pseudolabel,3.0,0.85,ridge,4,31,18,1.5806451612903225,True,0.85,0.85,0.85,reaction_role_concat,6144,random_forest,False,valid,mae,17.034309172322477,0,0.01,random,,
condition_recombine_pseudolabel__mult_3__sim_0.85__teacher_ridge__seed_4,condition_recombine_pseudolabel,3.0,0.85,ridge,4,31,18,1.5806451612903225,True,0.85,0.85,0.85,reaction_role_concat,6144,random_forest,False,valid,r2,0.37206538004542755,0,0.01,random,,
condition_recombine_pseudolabel__mult_3__sim_0.85__teacher_ridge__seed_4,condition_recombine_pseudolabel,3.0,0.85,ridge,4,31,18,1.5806451612903225,True,0.85,0.85,0.85,reaction_role_concat,6144,random_forest,False,valid,spearman,0.628124950040921,0,0.01,random,,
condition_recombine_pseudolabel__mult_3__sim_0.85__teacher_rf__seed_0,condition_recombine_pseudolabel,3.0,0.85,random_forest,0,31,24,1.7741935483870968,True,0.85,0.85,0.85,reaction_role_concat,6144,random_forest,False,valid,rmse,19.858717642589777,0,0.01,random,,
condition_recombine_pseudolabel__mult_3__sim_0.85__teacher_rf__seed_0,condition_recombine_pseudolabel,3.0,0.85,random_forest,0,31,24,1.7741935483870968,True,0.85,0.85,0.85,reaction_role_concat,6144,random_forest,False,valid,mae,15.372125721776033,0,0.01,random,,
condition_recombine_pseudolabel__mult_3__sim_0.85__teacher_rf__seed_0,condition_recombine_pseudolabel,3.0,0.85,random_forest,0,31,24,1.7741935483870968,True,0.85,0.85,0.85,reaction_role_concat,6144,random_forest,False,valid,r2,0.45854348821202096,0,0.01,random,,
condition_recombine_pseudolabel__mult_3__sim_0.85__teacher_rf__seed_0,condition_recombine_pseudolabel,3.0,0.85,random_forest,0,31,24,1.7741935483870968,True,0.85,0.85,0.85,reaction_role_concat,6144,random_forest,False,valid,spearman,0.7080958581103165,0,0.01,random,,
condition_recombine_pseudolabel__mult_3__sim_0.85__teacher_rf__seed_1,condition_recombine_pseudolabel,3.0,0.85,random_forest,1,31,24,1.7741935483870968,True,0.85,0.85,0.85,reaction_role_concat,6144,random_forest,False,valid,rmse,19.263806136461053,0,0.01,random,,
condition_recombine_pseudolabel__mult_3__sim_0.85__teacher_rf__seed_1,condition_recombine_pseudolabel,3.0,0.85,random_forest,1,31,24,1.7741935483870968,True,0.85,0.85,0.85,reaction_role_concat,6144,random_forest,False,valid,mae,15.19927703904351,0,0.01,random,,
condition_recombine_pseudolabel__mult_3__sim_0.85__teacher_rf__seed_1,condition_recombine_pseudolabel,3.0,0.85,random_forest,1,31,24,1.7741935483870968,True,0.85,0.85,0.85,reaction_role_concat,6144,random_forest,False,valid,r2,0.49049860514514165,0,0.01,random,,
condition_recombine_pseudolabel__mult_3__sim_0.85__teacher_rf__seed_1,condition_recombine_pseudolabel,3.0,0.85,random_forest,1,31,24,1.7741935483870968,True,0.85,0.85,0.85,reaction_role_concat,6144,random_forest,False,valid,spearman,0.7364811559416751,0,0.01,random,,
condition_recombine_pseudolabel__mult_3__sim_0.85__teacher_rf__seed_2,condition_recombine_pseudolabel,3.0,0.85,random_forest,2,31,21,1.6774193548387097,True,0.8500000000000001,0.85,0.85,reaction_role_concat,6144,random_forest,False,valid,rmse,19.57949672948359,0,0.01,random,,
condition_recombine_pseudolabel__mult_3__sim_0.85__teacher_rf__seed_2,condition_recombine_pseudolabel,3.0,0.85,random_forest,2,31,21,1.6774193548387097,True,0.8500000000000001,0.85,0.85,reaction_role_concat,6144,random_forest,False,valid,mae,15.525542659321918,0,0.01,random,,
condition_recombine_pseudolabel__mult_3__sim_0.85__teacher_rf__seed_2,condition_recombine_pseudolabel,3.0,0.85,random_forest,2,31,21,1.6774193548387097,True,0.8500000000000001,0.85,0.85,reaction_role_concat,6144,random_forest,False,valid,r2,0.47366260304391794,0,0.01,random,,
condition_recombine_pseudolabel__mult_3__sim_0.85__teacher_rf__seed_2,condition_recombine_pseudolabel,3.0,0.85,random_forest,2,31,21,1.6774193548387097,True,0.8500000000000001,0.85,0.85,reaction_role_concat,6144,random_forest,False,valid,spearman,0.7145093737127974,0,0.01,random,,
condition_recombine_pseudolabel__mult_3__sim_0.85__teacher_rf__seed_3,condition_recombine_pseudolabel,3.0,0.85,random_forest,3,31,13,1.4193548387096775,True,0.8499999999999999,0.85,0.85,reaction_role_concat,6144,random_forest,False,valid,rmse,19.128272325616287,0,0.01,random,,
condition_recombine_pseudolabel__mult_3__sim_0.85__teacher_rf__seed_3,condition_recombine_pseudolabel,3.0,0.85,random_forest,3,31,13,1.4193548387096775,True,0.8499999999999999,0.85,0.85,reaction_role_concat,6144,random_forest,False,valid,mae,15.122098925672,0,0.01,random,,
condition_recombine_pseudolabel__mult_3__sim_0.85__teacher_rf__seed_3,condition_recombine_pseudolabel,3.0,0.85,random_forest,3,31,13,1.4193548387096775,True,0.8499999999999999,0.85,0.85,reaction_role_concat,6144,random_forest,False,valid,r2,0.49764275331794583,0,0.01,random,,
condition_recombine_pseudolabel__mult_3__sim_0.85__teacher_rf__seed_3,condition_recombine_pseudolabel,3.0,0.85,random_forest,3,31,13,1.4193548387096775,True,0.8499999999999999,0.85,0.85,reaction_role_concat,6144,random_forest,False,valid,spearman,0.7464196126249217,0,0.01,random,,
condition_recombine_pseudolabel__mult_3__sim_0.85__teacher_rf__seed_4,condition_recombine_pseudolabel,3.0,0.85,random_forest,4,31,18,1.5806451612903225,True,0.85,0.85,0.85,reaction_role_concat,6144,random_forest,False,valid,rmse,19.55750117040529,0,0.01,random,,
condition_recombine_pseudolabel__mult_3__sim_0.85__teacher_rf__seed_4,condition_recombine_pseudolabel,3.0,0.85,random_forest,4,31,18,1.5806451612903225,True,0.85,0.85,0.85,reaction_role_concat,6144,random_forest,False,valid,mae,15.396706111221375,0,0.01,random,,
condition_recombine_pseudolabel__mult_3__sim_0.85__teacher_rf__seed_4,condition_recombine_pseudolabel,3.0,0.85,random_forest,4,31,18,1.5806451612903225,True,0.85,0.85,0.85,reaction_role_concat,6144,random_forest,False,valid,r2,0.4748445111016141,0,0.01,random,,
condition_recombine_pseudolabel__mult_3__sim_0.85__teacher_rf__seed_4,condition_recombine_pseudolabel,3.0,0.85,random_forest,4,31,18,1.5806451612903225,True,0.85,0.85,0.85,reaction_role_concat,6144,random_forest,False,valid,spearman,0.7165325831829752,0,0.01,random,,
condition_recombine_pseudolabel__mult_3__sim_0.9__teacher_ridge__seed_0,condition_recombine_pseudolabel,3.0,0.9,ridge,0,31,13,1.4193548387096775,True,0.8499999999999999,0.85,0.85,reaction_role_concat,6144,random_forest,False,valid,rmse,21.617229631395357,0,0.01,random,,
condition_recombine_pseudolabel__mult_3__sim_0.9__teacher_ridge__seed_0,condition_recombine_pseudolabel,3.0,0.9,ridge,0,31,13,1.4193548387096775,True,0.8499999999999999,0.85,0.85,reaction_role_concat,6144,random_forest,False,valid,mae,17.321432076921948,0,0.01,random,,
condition_recombine_pseudolabel__mult_3__sim_0.9__teacher_ridge__seed_0,condition_recombine_pseudolabel,3.0,0.9,ridge,0,31,13,1.4193548387096775,True,0.8499999999999999,0.85,0.85,reaction_role_concat,6144,random_forest,False,valid,r2,0.3584045859084465,0,0.01,random,,
condition_recombine_pseudolabel__mult_3__sim_0.9__teacher_ridge__seed_0,condition_recombine_pseudolabel,3.0,0.9,ridge,0,31,13,1.4193548387096775,True,0.8499999999999999,0.85,0.85,reaction_role_concat,6144,random_forest,False,valid,spearman,0.6238152607248504,0,0.01,random,,
condition_recombine_pseudolabel__mult_3__sim_0.9__teacher_ridge__seed_1,condition_recombine_pseudolabel,3.0,0.9,ridge,1,31,12,1.3870967741935485,True,0.85,0.85,0.85,reaction_role_concat,6144,random_forest,False,valid,rmse,20.168883419715783,0,0.01,random,,
condition_recombine_pseudolabel__mult_3__sim_0.9__teacher_ridge__seed_1,condition_recombine_pseudolabel,3.0,0.9,ridge,1,31,12,1.3870967741935485,True,0.85,0.85,0.85,reaction_role_concat,6144,random_forest,False,valid,mae,16.08466149407399,0,0.01,random,,
condition_recombine_pseudolabel__mult_3__sim_0.9__teacher_ridge__seed_1,condition_recombine_pseudolabel,3.0,0.9,ridge,1,31,12,1.3870967741935485,True,0.85,0.85,0.85,reaction_role_concat,6144,random_forest,False,valid,r2,0.4414977969067283,0,0.01,random,,
condition_recombine_pseudolabel__mult_3__sim_0.9__teacher_ridge__seed_1,condition_recombine_pseudolabel,3.0,0.9,ridge,1,31,12,1.3870967741935485,True,0.85,0.85,0.85,reaction_role_concat,6144,random_forest,False,valid,spearman,0.6988488756165406,0,0.01,random,,
condition_recombine_pseudolabel__mult_3__sim_0.9__teacher_ridge__seed_2,condition_recombine_pseudolabel,3.0,0.9,ridge,2,31,13,1.4193548387096775,True,0.8499999999999999,0.85,0.85,reaction_role_concat,6144,random_forest,False,valid,rmse,20.19417376122941,0,0.01,random,,
condition_recombine_pseudolabel__mult_3__sim_0.9__teacher_ridge__seed_2,condition_recombine_pseudolabel,3.0,0.9,ridge,2,31,13,1.4193548387096775,True,0.8499999999999999,0.85,0.85,reaction_role_concat,6144,random_forest,False,valid,mae,15.92231796827799,0,0.01,random,,
condition_recombine_pseudolabel__mult_3__sim_0.9__teacher_ridge__seed_2,condition_recombine_pseudolabel,3.0,0.9,ridge,2,31,13,1.4193548387096775,True,0.8499999999999999,0.85,0.85,reaction_role_concat,6144,random_forest,False,valid,r2,0.44009627488404923,0,0.01,random,,
condition_recombine_pseudolabel__mult_3__sim_0.9__teacher_ridge__seed_2,condition_recombine_pseudolabel,3.0,0.9,ridge,2,31,13,1.4193548387096775,True,0.8499999999999999,0.85,0.85,reaction_role_concat,6144,random_forest,False,valid,spearman,0.6775981660217406,0,0.01,random,,
condition_recombine_pseudolabel__mult_3__sim_0.9__teacher_ridge__seed_3,condition_recombine_pseudolabel,3.0,0.9,ridge,3,31,8,1.2580645161290323,True,0.85,0.85,0.85,reaction_role_concat,6144,random_forest,False,valid,rmse,21.922334669447558,0,0.01,random,,
condition_recombine_pseudolabel__mult_3__sim_0.9__teacher_ridge__seed_3,condition_recombine_pseudolabel,3.0,0.9,ridge,3,31,8,1.2580645161290323,True,0.85,0.85,0.85,reaction_role_concat,6144,random_forest,False,valid,mae,17.53262402293652,0,0.01,random,,
condition_recombine_pseudolabel__mult_3__sim_0.9__teacher_ridge__seed_3,condition_recombine_pseudolabel,3.0,0.9,ridge,3,31,8,1.2580645161290323,True,0.85,0.85,0.85,reaction_role_concat,6144,random_forest,False,valid,r2,0.3401658541122963,0,0.01,random,,
condition_recombine_pseudolabel__mult_3__sim_0.9__teacher_ridge__seed_3,condition_recombine_pseudolabel,3.0,0.9,ridge,3,31,8,1.2580645161290323,True,0.85,0.85,0.85,reaction_role_concat,6144,random_forest,False,valid,spearman,0.6134602838244033,0,0.01,random,,
condition_recombine_pseudolabel__mult_3__sim_0.9__teacher_ridge__seed_4,condition_recombine_pseudolabel,3.0,0.9,ridge,4,31,10,1.3225806451612903,True,0.85,0.85,0.85,reaction_role_concat,6144,random_forest,False,valid,rmse,21.916390873732485,0,0.01,random,,
condition_recombine_pseudolabel__mult_3__sim_0.9__teacher_ridge__seed_4,condition_recombine_pseudolabel,3.0,0.9,ridge,4,31,10,1.3225806451612903,True,0.85,0.85,0.85,reaction_role_concat,6144,random_forest,False,valid,mae,17.37606880003742,0,0.01,random,,
condition_recombine_pseudolabel__mult_3__sim_0.9__teacher_ridge__seed_4,condition_recombine_pseudolabel,3.0,0.9,ridge,4,31,10,1.3225806451612903,True,0.85,0.85,0.85,reaction_role_concat,6144,random_forest,False,valid,r2,0.3405236068565848,0,0.01,random,,
condition_recombine_pseudolabel__mult_3__sim_0.9__teacher_ridge__seed_4,condition_recombine_pseudolabel,3.0,0.9,ridge,4,31,10,1.3225806451612903,True,0.85,0.85,0.85,reaction_role_concat,6144,random_forest,False,valid,spearman,0.5980833076712245,0,0.01,random,,
condition_recombine_pseudolabel__mult_3__sim_0.9__teacher_rf__seed_0,condition_recombine_pseudolabel,3.0,0.9,random_forest,0,31,13,1.4193548387096775,True,0.8499999999999999,0.85,0.85,reaction_role_concat,6144,random_forest,False,valid,rmse,20.005842040052986,0,0.01,random,,
condition_recombine_pseudolabel__mult_3__sim_0.9__teacher_rf__seed_0,condition_recombine_pseudolabel,3.0,0.9,random_forest,0,31,13,1.4193548387096775,True,0.8499999999999999,0.85,0.85,reaction_role_concat,6144,random_forest,False,valid,mae,15.556332948035832,0,0.01,random,,
condition_recombine_pseudolabel__mult_3__sim_0.9__teacher_rf__seed_0,condition_recombine_pseudolabel,3.0,0.9,random_forest,0,31,13,1.4193548387096775,True,0.8499999999999999,0.85,0.85,reaction_role_concat,6144,random_forest,False,valid,r2,0.45049094900534203,0,0.01,random,,
condition_recombine_pseudolabel__mult_3__sim_0.9__teacher_rf__seed_0,condition_recombine_pseudolabel,3.0,0.9,random_forest,0,31,13,1.4193548387096775,True,0.8499999999999999,0.85,0.85,reaction_role_concat,6144,random_forest,False,valid,spearman,0.6941775789870801,0,0.01,random,,
condition_recombine_pseudolabel__mult_3__sim_0.9__teacher_rf__seed_1,condition_recombine_pseudolabel,3.0,0.9,random_forest,1,31,12,1.3870967741935485,True,0.85,0.85,0.85,reaction_role_concat,6144,random_forest,False,valid,rmse,19.45207574175387,0,0.01,random,,
condition_recombine_pseudolabel__mult_3__sim_0.9__teacher_rf__seed_1,condition_recombine_pseudolabel,3.0,0.9,random_forest,1,31,12,1.3870967741935485,True,0.85,0.85,0.85,reaction_role_concat,6144,random_forest,False,valid,mae,15.398824445891984,0,0.01,random,,
condition_recombine_pseudolabel__mult_3__sim_0.9__teacher_rf__seed_1,condition_recombine_pseudolabel,3.0,0.9,random_forest,1,31,12,1.3870967741935485,True,0.85,0.85,0.85,reaction_role_concat,6144,random_forest,False,valid,r2,0.4804909911100005,0,0.01,random,,
condition_recombine_pseudolabel__mult_3__sim_0.9__teacher_rf__seed_1,condition_recombine_pseudolabel,3.0,0.9,random_forest,1,31,12,1.3870967741935485,True,0.85,0.85,0.85,reaction_role_concat,6144,random_forest,False,valid,spearman,0.738178393067957,0,0.01,random,,
condition_recombine_pseudolabel__mult_3__sim_0.9__teacher_rf__seed_2,condition_recombine_pseudolabel,3.0,0.9,random_forest,2,31,13,1.4193548387096775,True,0.8499999999999999,0.85,0.85,reaction_role_concat,6144,random_forest,False,valid,rmse,19.57533843053947,0,0.01,random,,
condition_recombine_pseudolabel__mult_3__sim_0.9__teacher_rf__seed_2,condition_recombine_pseudolabel,3.0,0.9,random_forest,2,31,13,1.4193548387096775,True,0.8499999999999999,0.85,0.85,reaction_role_concat,6144,random_forest,False,valid,mae,15.605505003148997,0,0.01,random,,
condition_recombine_pseudolabel__mult_3__sim_0.9__teacher_rf__seed_2,condition_recombine_pseudolabel,3.0,0.9,random_forest,2,31,13,1.4193548387096775,True,0.8499999999999999,0.85,0.85,reaction_role_concat,6144,random_forest,False,valid,r2,0.47388614666786955,0,0.01,random,,
condition_recombine_pseudolabel__mult_3__sim_0.9__teacher_rf__seed_2,condition_recombine_pseudolabel,3.0,0.9,random_forest,2,31,13,1.4193548387096775,True,0.8499999999999999,0.85,0.85,reaction_role_concat,6144,random_forest,False,valid,spearman,0.7288194427738585,0,0.01,random,,
condition_recombine_pseudolabel__mult_3__sim_0.9__teacher_rf__seed_3,condition_recombine_pseudolabel,3.0,0.9,random_forest,3,31,8,1.2580645161290323,True,0.85,0.85,0.85,reaction_role_concat,6144,random_forest,False,valid,rmse,19.446565227473105,0,0.01,random,,
condition_recombine_pseudolabel__mult_3__sim_0.9__teacher_rf__seed_3,condition_recombine_pseudolabel,3.0,0.9,random_forest,3,31,8,1.2580645161290323,True,0.85,0.85,0.85,reaction_role_concat,6144,random_forest,False,valid,mae,15.153577114354206,0,0.01,random,,
condition_recombine_pseudolabel__mult_3__sim_0.9__teacher_rf__seed_3,condition_recombine_pseudolabel,3.0,0.9,random_forest,3,31,8,1.2580645161290323,True,0.85,0.85,0.85,reaction_role_concat,6144,random_forest,False,valid,r2,0.4807852894007646,0,0.01,random,,
condition_recombine_pseudolabel__mult_3__sim_0.9__teacher_rf__seed_3,condition_recombine_pseudolabel,3.0,0.9,random_forest,3,31,8,1.2580645161290323,True,0.85,0.85,0.85,reaction_role_concat,6144,random_forest,False,valid,spearman,0.7297243373270745,0,0.01,random,,
condition_recombine_pseudolabel__mult_3__sim_0.9__teacher_rf__seed_4,condition_recombine_pseudolabel,3.0,0.9,random_forest,4,31,10,1.3225806451612903,True,0.85,0.85,0.85,reaction_role_concat,6144,random_forest,False,valid,rmse,20.057277216356347,0,0.01,random,,
condition_recombine_pseudolabel__mult_3__sim_0.9__teacher_rf__seed_4,condition_recombine_pseudolabel,3.0,0.9,random_forest,4,31,10,1.3225806451612903,True,0.85,0.85,0.85,reaction_role_concat,6144,random_forest,False,valid,mae,15.674842268393009,0,0.01,random,,
condition_recombine_pseudolabel__mult_3__sim_0.9__teacher_rf__seed_4,condition_recombine_pseudolabel,3.0,0.9,random_forest,4,31,10,1.3225806451612903,True,0.85,0.85,0.85,reaction_role_concat,6144,random_forest,False,valid,r2,0.44766173257285646,0,0.01,random,,
condition_recombine_pseudolabel__mult_3__sim_0.9__teacher_rf__seed_4,condition_recombine_pseudolabel,3.0,0.9,random_forest,4,31,10,1.3225806451612903,True,0.85,0.85,0.85,reaction_role_concat,6144,random_forest,False,valid,spearman,0.6803214176521966,0,0.01,random,,
condition_recombine_pseudolabel__mult_3__sim_0.95__teacher_ridge__seed_0,condition_recombine_pseudolabel,3.0,0.95,ridge,0,31,0,1.0,True,,,,reaction_role_concat,6144,random_forest,False,valid,rmse,20.405752315451878,0,0.01,random,,
condition_recombine_pseudolabel__mult_3__sim_0.95__teacher_ridge__seed_0,condition_recombine_pseudolabel,3.0,0.95,ridge,0,31,0,1.0,True,,,,reaction_role_concat,6144,random_forest,False,valid,mae,16.359385532849952,0,0.01,random,,
condition_recombine_pseudolabel__mult_3__sim_0.95__teacher_ridge__seed_0,condition_recombine_pseudolabel,3.0,0.95,ridge,0,31,0,1.0,True,,,,reaction_role_concat,6144,random_forest,False,valid,r2,0.4283023578805397,0,0.01,random,,
condition_recombine_pseudolabel__mult_3__sim_0.95__teacher_ridge__seed_0,condition_recombine_pseudolabel,3.0,0.95,ridge,0,31,0,1.0,True,,,,reaction_role_concat,6144,random_forest,False,valid,spearman,0.7028232457114711,0,0.01,random,,
condition_recombine_pseudolabel__mult_3__sim_0.95__teacher_ridge__seed_1,condition_recombine_pseudolabel,3.0,0.95,ridge,1,31,0,1.0,True,,,,reaction_role_concat,6144,random_forest,False,valid,rmse,20.405752315451878,0,0.01,random,,
condition_recombine_pseudolabel__mult_3__sim_0.95__teacher_ridge__seed_1,condition_recombine_pseudolabel,3.0,0.95,ridge,1,31,0,1.0,True,,,,reaction_role_concat,6144,random_forest,False,valid,mae,16.359385532849952,0,0.01,random,,
condition_recombine_pseudolabel__mult_3__sim_0.95__teacher_ridge__seed_1,condition_recombine_pseudolabel,3.0,0.95,ridge,1,31,0,1.0,True,,,,reaction_role_concat,6144,random_forest,False,valid,r2,0.4283023578805397,0,0.01,random,,
condition_recombine_pseudolabel__mult_3__sim_0.95__teacher_ridge__seed_1,condition_recombine_pseudolabel,3.0,0.95,ridge,1,31,0,1.0,True,,,,reaction_role_concat,6144,random_forest,False,valid,spearman,0.7028232457114711,0,0.01,random,,
condition_recombine_pseudolabel__mult_3__sim_0.95__teacher_ridge__seed_2,condition_recombine_pseudolabel,3.0,0.95,ridge,2,31,0,1.0,True,,,,reaction_role_concat,6144,random_forest,False,valid,rmse,20.405752315451878,0,0.01,random,,
condition_recombine_pseudolabel__mult_3__sim_0.95__teacher_ridge__seed_2,condition_recombine_pseudolabel,3.0,0.95,ridge,2,31,0,1.0,True,,,,reaction_role_concat,6144,random_forest,False,valid,mae,16.359385532849952,0,0.01,random,,
condition_recombine_pseudolabel__mult_3__sim_0.95__teacher_ridge__seed_2,condition_recombine_pseudolabel,3.0,0.95,ridge,2,31,0,1.0,True,,,,reaction_role_concat,6144,random_forest,False,valid,r2,0.4283023578805397,0,0.01,random,,
condition_recombine_pseudolabel__mult_3__sim_0.95__teacher_ridge__seed_2,condition_recombine_pseudolabel,3.0,0.95,ridge,2,31,0,1.0,True,,,,reaction_role_concat,6144,random_forest,False,valid,spearman,0.7028232457114711,0,0.01,random,,
condition_recombine_pseudolabel__mult_3__sim_0.95__teacher_ridge__seed_3,condition_recombine_pseudolabel,3.0,0.95,ridge,3,31,0,1.0,True,,,,reaction_role_concat,6144,random_forest,False,valid,rmse,20.405752315451878,0,0.01,random,,
condition_recombine_pseudolabel__mult_3__sim_0.95__teacher_ridge__seed_3,condition_recombine_pseudolabel,3.0,0.95,ridge,3,31,0,1.0,True,,,,reaction_role_concat,6144,random_forest,False,valid,mae,16.359385532849952,0,0.01,random,,
condition_recombine_pseudolabel__mult_3__sim_0.95__teacher_ridge__seed_3,condition_recombine_pseudolabel,3.0,0.95,ridge,3,31,0,1.0,True,,,,reaction_role_concat,6144,random_forest,False,valid,r2,0.4283023578805397,0,0.01,random,,
condition_recombine_pseudolabel__mult_3__sim_0.95__teacher_ridge__seed_3,condition_recombine_pseudolabel,3.0,0.95,ridge,3,31,0,1.0,True,,,,reaction_role_concat,6144,random_forest,False,valid,spearman,0.7028232457114711,0,0.01,random,,
condition_recombine_pseudolabel__mult_3__sim_0.95__teacher_ridge__seed_4,condition_recombine_pseudolabel,3.0,0.95,ridge,4,31,0,1.0,True,,,,reaction_role_concat,6144,random_forest,False,valid,rmse,20.405752315451878,0,0.01,random,,
condition_recombine_pseudolabel__mult_3__sim_0.95__teacher_ridge__seed_4,condition_recombine_pseudolabel,3.0,0.95,ridge,4,31,0,1.0,True,,,,reaction_role_concat,6144,random_forest,False,valid,mae,16.359385532849952,0,0.01,random,,
condition_recombine_pseudolabel__mult_3__sim_0.95__teacher_ridge__seed_4,condition_recombine_pseudolabel,3.0,0.95,ridge,4,31,0,1.0,True,,,,reaction_role_concat,6144,random_forest,False,valid,r2,0.4283023578805397,0,0.01,random,,
condition_recombine_pseudolabel__mult_3__sim_0.95__teacher_ridge__seed_4,condition_recombine_pseudolabel,3.0,0.95,ridge,4,31,0,1.0,True,,,,reaction_role_concat,6144,random_forest,False,valid,spearman,0.7028232457114711,0,0.01,random,,
condition_recombine_pseudolabel__mult_3__sim_0.95__teacher_rf__seed_0,condition_recombine_pseudolabel,3.0,0.95,random_forest,0,31,0,1.0,True,,,,reaction_role_concat,6144,random_forest,False,valid,rmse,20.405752315451878,0,0.01,random,,
condition_recombine_pseudolabel__mult_3__sim_0.95__teacher_rf__seed_0,condition_recombine_pseudolabel,3.0,0.95,random_forest,0,31,0,1.0,True,,,,reaction_role_concat,6144,random_forest,False,valid,mae,16.359385532849952,0,0.01,random,,
condition_recombine_pseudolabel__mult_3__sim_0.95__teacher_rf__seed_0,condition_recombine_pseudolabel,3.0,0.95,random_forest,0,31,0,1.0,True,,,,reaction_role_concat,6144,random_forest,False,valid,r2,0.4283023578805397,0,0.01,random,,
condition_recombine_pseudolabel__mult_3__sim_0.95__teacher_rf__seed_0,condition_recombine_pseudolabel,3.0,0.95,random_forest,0,31,0,1.0,True,,,,reaction_role_concat,6144,random_forest,False,valid,spearman,0.7028232457114711,0,0.01,random,,
condition_recombine_pseudolabel__mult_3__sim_0.95__teacher_rf__seed_1,condition_recombine_pseudolabel,3.0,0.95,random_forest,1,31,0,1.0,True,,,,reaction_role_concat,6144,random_forest,False,valid,rmse,20.405752315451878,0,0.01,random,,
condition_recombine_pseudolabel__mult_3__sim_0.95__teacher_rf__seed_1,condition_recombine_pseudolabel,3.0,0.95,random_forest,1,31,0,1.0,True,,,,reaction_role_concat,6144,random_forest,False,valid,mae,16.359385532849952,0,0.01,random,,
condition_recombine_pseudolabel__mult_3__sim_0.95__teacher_rf__seed_1,condition_recombine_pseudolabel,3.0,0.95,random_forest,1,31,0,1.0,True,,,,reaction_role_concat,6144,random_forest,False,valid,r2,0.4283023578805397,0,0.01,random,,
condition_recombine_pseudolabel__mult_3__sim_0.95__teacher_rf__seed_1,condition_recombine_pseudolabel,3.0,0.95,random_forest,1,31,0,1.0,True,,,,reaction_role_concat,6144,random_forest,False,valid,spearman,0.7028232457114711,0,0.01,random,,
condition_recombine_pseudolabel__mult_3__sim_0.95__teacher_rf__seed_2,condition_recombine_pseudolabel,3.0,0.95,random_forest,2,31,0,1.0,True,,,,reaction_role_concat,6144,random_forest,False,valid,rmse,20.405752315451878,0,0.01,random,,
condition_recombine_pseudolabel__mult_3__sim_0.95__teacher_rf__seed_2,condition_recombine_pseudolabel,3.0,0.95,random_forest,2,31,0,1.0,True,,,,reaction_role_concat,6144,random_forest,False,valid,mae,16.359385532849952,0,0.01,random,,
condition_recombine_pseudolabel__mult_3__sim_0.95__teacher_rf__seed_2,condition_recombine_pseudolabel,3.0,0.95,random_forest,2,31,0,1.0,True,,,,reaction_role_concat,6144,random_forest,False,valid,r2,0.4283023578805397,0,0.01,random,,
condition_recombine_pseudolabel__mult_3__sim_0.95__teacher_rf__seed_2,condition_recombine_pseudolabel,3.0,0.95,random_forest,2,31,0,1.0,True,,,,reaction_role_concat,6144,random_forest,False,valid,spearman,0.7028232457114711,0,0.01,random,,
condition_recombine_pseudolabel__mult_3__sim_0.95__teacher_rf__seed_3,condition_recombine_pseudolabel,3.0,0.95,random_forest,3,31,0,1.0,True,,,,reaction_role_concat,6144,random_forest,False,valid,rmse,20.405752315451878,0,0.01,random,,
condition_recombine_pseudolabel__mult_3__sim_0.95__teacher_rf__seed_3,condition_recombine_pseudolabel,3.0,0.95,random_forest,3,31,0,1.0,True,,,,reaction_role_concat,6144,random_forest,False,valid,mae,16.359385532849952,0,0.01,random,,
condition_recombine_pseudolabel__mult_3__sim_0.95__teacher_rf__seed_3,condition_recombine_pseudolabel,3.0,0.95,random_forest,3,31,0,1.0,True,,,,reaction_role_concat,6144,random_forest,False,valid,r2,0.4283023578805397,0,0.01,random,,
condition_recombine_pseudolabel__mult_3__sim_0.95__teacher_rf__seed_3,condition_recombine_pseudolabel,3.0,0.95,random_forest,3,31,0,1.0,True,,,,reaction_role_concat,6144,random_forest,False,valid,spearman,0.7028232457114711,0,0.01,random,,
condition_recombine_pseudolabel__mult_3__sim_0.95__teacher_rf__seed_4,condition_recombine_pseudolabel,3.0,0.95,random_forest,4,31,0,1.0,True,,,,reaction_role_concat,6144,random_forest,False,valid,rmse,20.405752315451878,0,0.01,random,,
condition_recombine_pseudolabel__mult_3__sim_0.95__teacher_rf__seed_4,condition_recombine_pseudolabel,3.0,0.95,random_forest,4,31,0,1.0,True,,,,reaction_role_concat,6144,random_forest,False,valid,mae,16.359385532849952,0,0.01,random,,
condition_recombine_pseudolabel__mult_3__sim_0.95__teacher_rf__seed_4,condition_recombine_pseudolabel,3.0,0.95,random_forest,4,31,0,1.0,True,,,,reaction_role_concat,6144,random_forest,False,valid,r2,0.4283023578805397,0,0.01,random,,
condition_recombine_pseudolabel__mult_3__sim_0.95__teacher_rf__seed_4,condition_recombine_pseudolabel,3.0,0.95,random_forest,4,31,0,1.0,True,,,,reaction_role_concat,6144,random_forest,False,valid,spearman,0.7028232457114711,0,0.01,random,,
condition_recombine_pseudolabel__mult_0.25__sim_0.7__teacher_ridge__seed_0,condition_recombine_pseudolabel,0.25,0.7,ridge,0,158,39,1.2468354430379747,True,0.8318929562201868,0.746666669845581,0.85,reaction_role_concat,6144,random_forest,False,valid,rmse,15.200026727200042,1,0.05,random,,
condition_recombine_pseudolabel__mult_0.25__sim_0.7__teacher_ridge__seed_0,condition_recombine_pseudolabel,0.25,0.7,ridge,0,158,39,1.2468354430379747,True,0.8318929562201868,0.746666669845581,0.85,reaction_role_concat,6144,random_forest,False,valid,mae,11.349188556586641,1,0.05,random,,
condition_recombine_pseudolabel__mult_0.25__sim_0.7__teacher_ridge__seed_0,condition_recombine_pseudolabel,0.25,0.7,ridge,0,158,39,1.2468354430379747,True,0.8318929562201868,0.746666669845581,0.85,reaction_role_concat,6144,random_forest,False,valid,r2,0.6827877996484466,1,0.05,random,,
condition_recombine_pseudolabel__mult_0.25__sim_0.7__teacher_ridge__seed_0,condition_recombine_pseudolabel,0.25,0.7,ridge,0,158,39,1.2468354430379747,True,0.8318929562201868,0.746666669845581,0.85,reaction_role_concat,6144,random_forest,False,valid,spearman,0.8287406761414372,1,0.05,random,,
condition_recombine_pseudolabel__mult_0.25__sim_0.7__teacher_ridge__seed_1,condition_recombine_pseudolabel,0.25,0.7,ridge,1,158,39,1.2468354430379747,True,0.8216903121043475,0.7650602459907532,0.85,reaction_role_concat,6144,random_forest,False,valid,rmse,15.445436782500197,1,0.05,random,,
condition_recombine_pseudolabel__mult_0.25__sim_0.7__teacher_ridge__seed_1,condition_recombine_pseudolabel,0.25,0.7,ridge,1,158,39,1.2468354430379747,True,0.8216903121043475,0.7650602459907532,0.85,reaction_role_concat,6144,random_forest,False,valid,mae,11.694171476878697,1,0.05,random,,
condition_recombine_pseudolabel__mult_0.25__sim_0.7__teacher_ridge__seed_1,condition_recombine_pseudolabel,0.25,0.7,ridge,1,158,39,1.2468354430379747,True,0.8216903121043475,0.7650602459907532,0.85,reaction_role_concat,6144,random_forest,False,valid,r2,0.6724620943242545,1,0.05,random,,
condition_recombine_pseudolabel__mult_0.25__sim_0.7__teacher_ridge__seed_1,condition_recombine_pseudolabel,0.25,0.7,ridge,1,158,39,1.2468354430379747,True,0.8216903121043475,0.7650602459907532,0.85,reaction_role_concat,6144,random_forest,False,valid,spearman,0.8264678271581922,1,0.05,random,,
condition_recombine_pseudolabel__mult_0.25__sim_0.7__teacher_ridge__seed_2,condition_recombine_pseudolabel,0.25,0.7,ridge,2,158,39,1.2468354430379747,True,0.8270456494429175,0.746666669845581,0.85,reaction_role_concat,6144,random_forest,False,valid,rmse,15.434434896522264,1,0.05,random,,
condition_recombine_pseudolabel__mult_0.25__sim_0.7__teacher_ridge__seed_2,condition_recombine_pseudolabel,0.25,0.7,ridge,2,158,39,1.2468354430379747,True,0.8270456494429175,0.746666669845581,0.85,reaction_role_concat,6144,random_forest,False,valid,mae,11.653616627193706,1,0.05,random,,
condition_recombine_pseudolabel__mult_0.25__sim_0.7__teacher_ridge__seed_2,condition_recombine_pseudolabel,0.25,0.7,ridge,2,158,39,1.2468354430379747,True,0.8270456494429175,0.746666669845581,0.85,reaction_role_concat,6144,random_forest,False,valid,r2,0.6729285429370995,1,0.05,random,,
condition_recombine_pseudolabel__mult_0.25__sim_0.7__teacher_ridge__seed_2,condition_recombine_pseudolabel,0.25,0.7,ridge,2,158,39,1.2468354430379747,True,0.8270456494429175,0.746666669845581,0.85,reaction_role_concat,6144,random_forest,False,valid,spearman,0.8297635750198629,1,0.05,random,,
condition_recombine_pseudolabel__mult_0.25__sim_0.7__teacher_ridge__seed_3,condition_recombine_pseudolabel,0.25,0.7,ridge,3,158,39,1.2468354430379747,True,0.8290178039135078,0.7579618096351624,0.85,reaction_role_concat,6144,random_forest,False,valid,rmse,14.899666653964948,1,0.05,random,,
condition_recombine_pseudolabel__mult_0.25__sim_0.7__teacher_ridge__seed_3,condition_recombine_pseudolabel,0.25,0.7,ridge,3,158,39,1.2468354430379747,True,0.8290178039135078,0.7579618096351624,0.85,reaction_role_concat,6144,random_forest,False,valid,mae,10.989822906054275,1,0.05,random,,
condition_recombine_pseudolabel__mult_0.25__sim_0.7__teacher_ridge__seed_3,condition_recombine_pseudolabel,0.25,0.7,ridge,3,158,39,1.2468354430379747,True,0.8290178039135078,0.7579618096351624,0.85,reaction_role_concat,6144,random_forest,False,valid,r2,0.6952004765894344,1,0.05,random,,
condition_recombine_pseudolabel__mult_0.25__sim_0.7__teacher_ridge__seed_3,condition_recombine_pseudolabel,0.25,0.7,ridge,3,158,39,1.2468354430379747,True,0.8290178039135078,0.7579618096351624,0.85,reaction_role_concat,6144,random_forest,False,valid,spearman,0.8350992788401076,1,0.05,random,,
condition_recombine_pseudolabel__mult_0.25__sim_0.7__teacher_ridge__seed_4,condition_recombine_pseudolabel,0.25,0.7,ridge,4,158,39,1.2468354430379747,True,0.8308909816619678,0.7437499761581421,0.85,reaction_role_concat,6144,random_forest,False,valid,rmse,15.154547660597236,1,0.05,random,,
condition_recombine_pseudolabel__mult_0.25__sim_0.7__teacher_ridge__seed_4,condition_recombine_pseudolabel,0.25,0.7,ridge,4,158,39,1.2468354430379747,True,0.8308909816619678,0.7437499761581421,0.85,reaction_role_concat,6144,random_forest,False,valid,mae,11.304176135369493,1,0.05,random,,
condition_recombine_pseudolabel__mult_0.25__sim_0.7__teacher_ridge__seed_4,condition_recombine_pseudolabel,0.25,0.7,ridge,4,158,39,1.2468354430379747,True,0.8308909816619678,0.7437499761581421,0.85,reaction_role_concat,6144,random_forest,False,valid,r2,0.684683182163363,1,0.05,random,,
condition_recombine_pseudolabel__mult_0.25__sim_0.7__teacher_ridge__seed_4,condition_recombine_pseudolabel,0.25,0.7,ridge,4,158,39,1.2468354430379747,True,0.8308909816619678,0.7437499761581421,0.85,reaction_role_concat,6144,random_forest,False,valid,spearman,0.8356641807335614,1,0.05,random,,
condition_recombine_pseudolabel__mult_0.25__sim_0.7__teacher_rf__seed_0,condition_recombine_pseudolabel,0.25,0.7,random_forest,0,158,39,1.2468354430379747,True,0.8318929562201868,0.746666669845581,0.85,reaction_role_concat,6144,random_forest,False,valid,rmse,15.558630048488359,1,0.05,random,,
condition_recombine_pseudolabel__mult_0.25__sim_0.7__teacher_rf__seed_0,condition_recombine_pseudolabel,0.25,0.7,random_forest,0,158,39,1.2468354430379747,True,0.8318929562201868,0.746666669845581,0.85,reaction_role_concat,6144,random_forest,False,valid,mae,11.501458052829852,1,0.05,random,,
condition_recombine_pseudolabel__mult_0.25__sim_0.7__teacher_rf__seed_0,condition_recombine_pseudolabel,0.25,0.7,random_forest,0,158,39,1.2468354430379747,True,0.8318929562201868,0.746666669845581,0.85,reaction_role_concat,6144,random_forest,False,valid,r2,0.6676437211253748,1,0.05,random,,
condition_recombine_pseudolabel__mult_0.25__sim_0.7__teacher_rf__seed_0,condition_recombine_pseudolabel,0.25,0.7,random_forest,0,158,39,1.2468354430379747,True,0.8318929562201868,0.746666669845581,0.85,reaction_role_concat,6144,random_forest,False,valid,spearman,0.8185031193863721,1,0.05,random,,
condition_recombine_pseudolabel__mult_0.25__sim_0.7__teacher_rf__seed_1,condition_recombine_pseudolabel,0.25,0.7,random_forest,1,158,39,1.2468354430379747,True,0.8216903121043475,0.7650602459907532,0.85,reaction_role_concat,6144,random_forest,False,valid,rmse,15.678817531322165,1,0.05,random,,
condition_recombine_pseudolabel__mult_0.25__sim_0.7__teacher_rf__seed_1,condition_recombine_pseudolabel,0.25,0.7,random_forest,1,158,39,1.2468354430379747,True,0.8216903121043475,0.7650602459907532,0.85,reaction_role_concat,6144,random_forest,False,valid,mae,11.660728471459468,1,0.05,random,,
condition_recombine_pseudolabel__mult_0.25__sim_0.7__teacher_rf__seed_1,condition_recombine_pseudolabel,0.25,0.7,random_forest,1,158,39,1.2468354430379747,True,0.8216903121043475,0.7650602459907532,0.85,reaction_role_concat,6144,random_forest,False,valid,r2,0.6624891093784384,1,0.05,random,,
condition_recombine_pseudolabel__mult_0.25__sim_0.7__teacher_rf__seed_1,condition_recombine_pseudolabel,0.25,0.7,random_forest,1,158,39,1.2468354430379747,True,0.8216903121043475,0.7650602459907532,0.85,reaction_role_concat,6144,random_forest,False,valid,spearman,0.8113698942360784,1,0.05,random,,
condition_recombine_pseudolabel__mult_0.25__sim_0.7__teacher_rf__seed_2,condition_recombine_pseudolabel,0.25,0.7,random_forest,2,158,39,1.2468354430379747,True,0.8270456494429175,0.746666669845581,0.85,reaction_role_concat,6144,random_forest,False,valid,rmse,15.731852103850287,1,0.05,random,,
condition_recombine_pseudolabel__mult_0.25__sim_0.7__teacher_rf__seed_2,condition_recombine_pseudolabel,0.25,0.7,random_forest,2,158,39,1.2468354430379747,True,0.8270456494429175,0.746666669845581,0.85,reaction_role_concat,6144,random_forest,False,valid,mae,11.661586548191837,1,0.05,random,,
condition_recombine_pseudolabel__mult_0.25__sim_0.7__teacher_rf__seed_2,condition_recombine_pseudolabel,0.25,0.7,random_forest,2,158,39,1.2468354430379747,True,0.8270456494429175,0.746666669845581,0.85,reaction_role_concat,6144,random_forest,False,valid,r2,0.6602019446388845,1,0.05,random,,
condition_recombine_pseudolabel__mult_0.25__sim_0.7__teacher_rf__seed_2,condition_recombine_pseudolabel,0.25,0.7,random_forest,2,158,39,1.2468354430379747,True,0.8270456494429175,0.746666669845581,0.85,reaction_role_concat,6144,random_forest,False,valid,spearman,0.8166941091863767,1,0.05,random,,
condition_recombine_pseudolabel__mult_0.25__sim_0.7__teacher_rf__seed_3,condition_recombine_pseudolabel,0.25,0.7,random_forest,3,158,39,1.2468354430379747,True,0.8290178039135078,0.7579618096351624,0.85,reaction_role_concat,6144,random_forest,False,valid,rmse,15.391551620287764,1,0.05,random,,
condition_recombine_pseudolabel__mult_0.25__sim_0.7__teacher_rf__seed_3,condition_recombine_pseudolabel,0.25,0.7,random_forest,3,158,39,1.2468354430379747,True,0.8290178039135078,0.7579618096351624,0.85,reaction_role_concat,6144,random_forest,False,valid,mae,11.40106784750691,1,0.05,random,,
condition_recombine_pseudolabel__mult_0.25__sim_0.7__teacher_rf__seed_3,condition_recombine_pseudolabel,0.25,0.7,random_forest,3,158,39,1.2468354430379747,True,0.8290178039135078,0.7579618096351624,0.85,reaction_role_concat,6144,random_forest,False,valid,r2,0.6747434990208467,1,0.05,random,,
condition_recombine_pseudolabel__mult_0.25__sim_0.7__teacher_rf__seed_3,condition_recombine_pseudolabel,0.25,0.7,random_forest,3,158,39,1.2468354430379747,True,0.8290178039135078,0.7579618096351624,0.85,reaction_role_concat,6144,random_forest,False,valid,spearman,0.8256733425924246,1,0.05,random,,
condition_recombine_pseudolabel__mult_0.25__sim_0.7__teacher_rf__seed_4,condition_recombine_pseudolabel,0.25,0.7,random_forest,4,158,39,1.2468354430379747,True,0.8308909816619678,0.7437499761581421,0.85,reaction_role_concat,6144,random_forest,False,valid,rmse,15.281952341432058,1,0.05,random,,
condition_recombine_pseudolabel__mult_0.25__sim_0.7__teacher_rf__seed_4,condition_recombine_pseudolabel,0.25,0.7,random_forest,4,158,39,1.2468354430379747,True,0.8308909816619678,0.7437499761581421,0.85,reaction_role_concat,6144,random_forest,False,valid,mae,11.210491561089134,1,0.05,random,,
condition_recombine_pseudolabel__mult_0.25__sim_0.7__teacher_rf__seed_4,condition_recombine_pseudolabel,0.25,0.7,random_forest,4,158,39,1.2468354430379747,True,0.8308909816619678,0.7437499761581421,0.85,reaction_role_concat,6144,random_forest,False,valid,r2,0.6793591426081074,1,0.05,random,,
condition_recombine_pseudolabel__mult_0.25__sim_0.7__teacher_rf__seed_4,condition_recombine_pseudolabel,0.25,0.7,random_forest,4,158,39,1.2468354430379747,True,0.8308909816619678,0.7437499761581421,0.85,reaction_role_concat,6144,random_forest,False,valid,spearman,0.8282678799341616,1,0.05,random,,
condition_recombine_pseudolabel__mult_0.25__sim_0.8__teacher_ridge__seed_0,condition_recombine_pseudolabel,0.25,0.8,ridge,0,158,32,1.2025316455696202,True,0.8432754963636399,0.8072289228439331,0.85,reaction_role_concat,6144,random_forest,False,valid,rmse,15.136087973990833,1,0.05,random,,
condition_recombine_pseudolabel__mult_0.25__sim_0.8__teacher_ridge__seed_0,condition_recombine_pseudolabel,0.25,0.8,ridge,0,158,32,1.2025316455696202,True,0.8432754963636399,0.8072289228439331,0.85,reaction_role_concat,6144,random_forest,False,valid,mae,11.248749488843393,1,0.05,random,,
condition_recombine_pseudolabel__mult_0.25__sim_0.8__teacher_ridge__seed_0,condition_recombine_pseudolabel,0.25,0.8,ridge,0,158,32,1.2025316455696202,True,0.8432754963636399,0.8072289228439331,0.85,reaction_role_concat,6144,random_forest,False,valid,r2,0.685450886316024,1,0.05,random,,
condition_recombine_pseudolabel__mult_0.25__sim_0.8__teacher_ridge__seed_0,condition_recombine_pseudolabel,0.25,0.8,ridge,0,158,32,1.2025316455696202,True,0.8432754963636399,0.8072289228439331,0.85,reaction_role_concat,6144,random_forest,False,valid,spearman,0.832462680550771,1,0.05,random,,
condition_recombine_pseudolabel__mult_0.25__sim_0.8__teacher_ridge__seed_1,condition_recombine_pseudolabel,0.25,0.8,ridge,1,158,31,1.1962025316455696,True,0.8330510781657312,0.8034682273864746,0.85,reaction_role_concat,6144,random_forest,False,valid,rmse,15.540375155215377,1,0.05,random,,
condition_recombine_pseudolabel__mult_0.25__sim_0.8__teacher_ridge__seed_1,condition_recombine_pseudolabel,0.25,0.8,ridge,1,158,31,1.1962025316455696,True,0.8330510781657312,0.8034682273864746,0.85,reaction_role_concat,6144,random_forest,False,valid,mae,11.611718400851837,1,0.05,random,,
condition_recombine_pseudolabel__mult_0.25__sim_0.8__teacher_ridge__seed_1,condition_recombine_pseudolabel,0.25,0.8,ridge,1,158,31,1.1962025316455696,True,0.8330510781657312,0.8034682273864746,0.85,reaction_role_concat,6144,random_forest,False,valid,r2,0.6684231688156823,1,0.05,random,,
condition_recombine_pseudolabel__mult_0.25__sim_0.8__teacher_ridge__seed_1,condition_recombine_pseudolabel,0.25,0.8,ridge,1,158,31,1.1962025316455696,True,0.8330510781657312,0.8034682273864746,0.85,reaction_role_concat,6144,random_forest,False,valid,spearman,0.8165967458817484,1,0.05,random,,
condition_recombine_pseudolabel__mult_0.25__sim_0.8__teacher_ridge__seed_2,condition_recombine_pseudolabel,0.25,0.8,ridge,2,158,31,1.1962025316455696,True,0.8416504967597225,0.800000011920929,0.85,reaction_role_concat,6144,random_forest,False,valid,rmse,15.720839123820946,1,0.05,random,,
condition_recombine_pseudolabel__mult_0.25__sim_0.8__teacher_ridge__seed_2,condition_recombine_pseudolabel,0.25,0.8,ridge,2,158,31,1.1962025316455696,True,0.8416504967597225,0.800000011920929,0.85,reaction_role_concat,6144,random_forest,False,valid,mae,11.827874962911578,1,0.05,random,,
condition_recombine_pseudolabel__mult_0.25__sim_0.8__teacher_ridge__seed_2,condition_recombine_pseudolabel,0.25,0.8,ridge,2,158,31,1.1962025316455696,True,0.8416504967597225,0.800000011920929,0.85,reaction_role_concat,6144,random_forest,False,valid,r2,0.6606775249234544,1,0.05,random,,
condition_recombine_pseudolabel__mult_0.25__sim_0.8__teacher_ridge__seed_2,condition_recombine_pseudolabel,0.25,0.8,ridge,2,158,31,1.1962025316455696,True,0.8416504967597225,0.800000011920929,0.85,reaction_role_concat,6144,random_forest,False,valid,spearman,0.8158466589828912,1,0.05,random,,
condition_recombine_pseudolabel__mult_0.25__sim_0.8__teacher_ridge__seed_3,condition_recombine_pseudolabel,0.25,0.8,ridge,3,158,30,1.1898734177215189,True,0.8438516155878705,0.8040540814399719,0.85,reaction_role_concat,6144,random_forest,False,valid,rmse,15.087763131854079,1,0.05,random,,
condition_recombine_pseudolabel__mult_0.25__sim_0.8__teacher_ridge__seed_3,condition_recombine_pseudolabel,0.25,0.8,ridge,3,158,30,1.1898734177215189,True,0.8438516155878705,0.8040540814399719,0.85,reaction_role_concat,6144,random_forest,False,valid,mae,11.165584881771215,1,0.05,random,,
condition_recombine_pseudolabel__mult_0.25__sim_0.8__teacher_ridge__seed_3,condition_recombine_pseudolabel,0.25,0.8,ridge,3,158,30,1.1898734177215189,True,0.8438516155878705,0.8040540814399719,0.85,reaction_role_concat,6144,random_forest,False,valid,r2,0.6874561958763712,1,0.05,random,,
condition_recombine_pseudolabel__mult_0.25__sim_0.8__teacher_ridge__seed_3,condition_recombine_pseudolabel,0.25,0.8,ridge,3,158,30,1.1898734177215189,True,0.8438516155878705,0.8040540814399719,0.85,reaction_role_concat,6144,random_forest,False,valid,spearman,0.8310433182958984,1,0.05,random,,
condition_recombine_pseudolabel__mult_0.25__sim_0.8__teacher_ridge__seed_4,condition_recombine_pseudolabel,0.25,0.8,ridge,4,158,34,1.2151898734177216,True,0.8404935412547168,0.805031418800354,0.85,reaction_role_concat,6144,random_forest,False,valid,rmse,15.359699427152465,1,0.05,random,,
condition_recombine_pseudolabel__mult_0.25__sim_0.8__teacher_ridge__seed_4,condition_recombine_pseudolabel,0.25,0.8,ridge,4,158,34,1.2151898734177216,True,0.8404935412547168,0.805031418800354,0.85,reaction_role_concat,6144,random_forest,False,valid,mae,11.412477008891258,1,0.05,random,,
condition_recombine_pseudolabel__mult_0.25__sim_0.8__teacher_ridge__seed_4,condition_recombine_pseudolabel,0.25,0.8,ridge,4,158,34,1.2151898734177216,True,0.8404935412547168,0.805031418800354,0.85,reaction_role_concat,6144,random_forest,False,valid,r2,0.676088316386265,1,0.05,random,,
condition_recombine_pseudolabel__mult_0.25__sim_0.8__teacher_ridge__seed_4,condition_recombine_pseudolabel,0.25,0.8,ridge,4,158,34,1.2151898734177216,True,0.8404935412547168,0.805031418800354,0.85,reaction_role_concat,6144,random_forest,False,valid,spearman,0.8306264086254797,1,0.05,random,,
condition_recombine_pseudolabel__mult_0.25__sim_0.8__teacher_rf__seed_0,condition_recombine_pseudolabel,0.25,0.8,random_forest,0,158,32,1.2025316455696202,True,0.8432754963636399,0.8072289228439331,0.85,reaction_role_concat,6144,random_forest,False,valid,rmse,15.51353168222683,1,0.05,random,,
condition_recombine_pseudolabel__mult_0.25__sim_0.8__teacher_rf__seed_0,condition_recombine_pseudolabel,0.25,0.8,random_forest,0,158,32,1.2025316455696202,True,0.8432754963636399,0.8072289228439331,0.85,reaction_role_concat,6144,random_forest,False,valid,mae,11.403333538523956,1,0.05,random,,
condition_recombine_pseudolabel__mult_0.25__sim_0.8__teacher_rf__seed_0,condition_recombine_pseudolabel,0.25,0.8,random_forest,0,158,32,1.2025316455696202,True,0.8432754963636399,0.8072289228439331,0.85,reaction_role_concat,6144,random_forest,False,valid,r2,0.669567669690198,1,0.05,random,,
condition_recombine_pseudolabel__mult_0.25__sim_0.8__teacher_rf__seed_0,condition_recombine_pseudolabel,0.25,0.8,random_forest,0,158,32,1.2025316455696202,True,0.8432754963636399,0.8072289228439331,0.85,reaction_role_concat,6144,random_forest,False,valid,spearman,0.8199398123094684,1,0.05,random,,
condition_recombine_pseudolabel__mult_0.25__sim_0.8__teacher_rf__seed_1,condition_recombine_pseudolabel,0.25,0.8,random_forest,1,158,31,1.1962025316455696,True,0.8330510781657312,0.8034682273864746,0.85,reaction_role_concat,6144,random_forest,False,valid,rmse,15.567257661471338,1,0.05,random,,
condition_recombine_pseudolabel__mult_0.25__sim_0.8__teacher_rf__seed_1,condition_recombine_pseudolabel,0.25,0.8,random_forest,1,158,31,1.1962025316455696,True,0.8330510781657312,0.8034682273864746,0.85,reaction_role_concat,6144,random_forest,False,valid,mae,11.505169954563243,1,0.05,random,,
condition_recombine_pseudolabel__mult_0.25__sim_0.8__teacher_rf__seed_1,condition_recombine_pseudolabel,0.25,0.8,random_forest,1,158,31,1.1962025316455696,True,0.8330510781657312,0.8034682273864746,0.85,reaction_role_concat,6144,random_forest,False,valid,r2,0.6672750207490228,1,0.05,random,,
condition_recombine_pseudolabel__mult_0.25__sim_0.8__teacher_rf__seed_1,condition_recombine_pseudolabel,0.25,0.8,random_forest,1,158,31,1.1962025316455696,True,0.8330510781657312,0.8034682273864746,0.85,reaction_role_concat,6144,random_forest,False,valid,spearman,0.813959563412584,1,0.05,random,,
condition_recombine_pseudolabel__mult_0.25__sim_0.8__teacher_rf__seed_2,condition_recombine_pseudolabel,0.25,0.8,random_forest,2,158,31,1.1962025316455696,True,0.8416504967597225,0.800000011920929,0.85,reaction_role_concat,6144,random_forest,False,valid,rmse,15.54432602009412,1,0.05,random,,
condition_recombine_pseudolabel__mult_0.25__sim_0.8__teacher_rf__seed_2,condition_recombine_pseudolabel,0.25,0.8,random_forest,2,158,31,1.1962025316455696,True,0.8416504967597225,0.800000011920929,0.85,reaction_role_concat,6144,random_forest,False,valid,mae,11.533303851309457,1,0.05,random,,
condition_recombine_pseudolabel__mult_0.25__sim_0.8__teacher_rf__seed_2,condition_recombine_pseudolabel,0.25,0.8,random_forest,2,158,31,1.1962025316455696,True,0.8416504967597225,0.800000011920929,0.85,reaction_role_concat,6144,random_forest,False,valid,r2,0.6682545523224608,1,0.05,random,,
condition_recombine_pseudolabel__mult_0.25__sim_0.8__teacher_rf__seed_2,condition_recombine_pseudolabel,0.25,0.8,random_forest,2,158,31,1.1962025316455696,True,0.8416504967597225,0.800000011920929,0.85,reaction_role_concat,6144,random_forest,False,valid,spearman,0.8214732843573654,1,0.05,random,,
condition_recombine_pseudolabel__mult_0.25__sim_0.8__teacher_rf__seed_3,condition_recombine_pseudolabel,0.25,0.8,random_forest,3,158,30,1.1898734177215189,True,0.8438516155878705,0.8040540814399719,0.85,reaction_role_concat,6144,random_forest,False,valid,rmse,15.398949640122686,1,0.05,random,,
condition_recombine_pseudolabel__mult_0.25__sim_0.8__teacher_rf__seed_3,condition_recombine_pseudolabel,0.25,0.8,random_forest,3,158,30,1.1898734177215189,True,0.8438516155878705,0.8040540814399719,0.85,reaction_role_concat,6144,random_forest,False,valid,mae,11.408217822043202,1,0.05,random,,
condition_recombine_pseudolabel__mult_0.25__sim_0.8__teacher_rf__seed_3,condition_recombine_pseudolabel,0.25,0.8,random_forest,3,158,30,1.1898734177215189,True,0.8438516155878705,0.8040540814399719,0.85,reaction_role_concat,6144,random_forest,False,valid,r2,0.6744307518211392,1,0.05,random,,
condition_recombine_pseudolabel__mult_0.25__sim_0.8__teacher_rf__seed_3,condition_recombine_pseudolabel,0.25,0.8,random_forest,3,158,30,1.1898734177215189,True,0.8438516155878705,0.8040540814399719,0.85,reaction_role_concat,6144,random_forest,False,valid,spearman,0.8302942050300877,1,0.05,random,,
condition_recombine_pseudolabel__mult_0.25__sim_0.8__teacher_rf__seed_4,condition_recombine_pseudolabel,0.25,0.8,random_forest,4,158,34,1.2151898734177216,True,0.8404935412547168,0.805031418800354,0.85,reaction_role_concat,6144,random_forest,False,valid,rmse,15.41231037368214,1,0.05,random,,
condition_recombine_pseudolabel__mult_0.25__sim_0.8__teacher_rf__seed_4,condition_recombine_pseudolabel,0.25,0.8,random_forest,4,158,34,1.2151898734177216,True,0.8404935412547168,0.805031418800354,0.85,reaction_role_concat,6144,random_forest,False,valid,mae,11.305444729179522,1,0.05,random,,
condition_recombine_pseudolabel__mult_0.25__sim_0.8__teacher_rf__seed_4,condition_recombine_pseudolabel,0.25,0.8,random_forest,4,158,34,1.2151898734177216,True,0.8404935412547168,0.805031418800354,0.85,reaction_role_concat,6144,random_forest,False,valid,r2,0.6738655533979329,1,0.05,random,,
condition_recombine_pseudolabel__mult_0.25__sim_0.8__teacher_rf__seed_4,condition_recombine_pseudolabel,0.25,0.8,random_forest,4,158,34,1.2151898734177216,True,0.8404935412547168,0.805031418800354,0.85,reaction_role_concat,6144,random_forest,False,valid,spearman,0.8270995202786211,1,0.05,random,,
condition_recombine_pseudolabel__mult_0.25__sim_0.85__teacher_ridge__seed_0,condition_recombine_pseudolabel,0.25,0.85,ridge,0,158,23,1.1455696202531647,True,0.8500000000000002,0.85,0.85,reaction_role_concat,6144,random_forest,False,valid,rmse,15.457908205358981,1,0.05,random,,
condition_recombine_pseudolabel__mult_0.25__sim_0.85__teacher_ridge__seed_0,condition_recombine_pseudolabel,0.25,0.85,ridge,0,158,23,1.1455696202531647,True,0.8500000000000002,0.85,0.85,reaction_role_concat,6144,random_forest,False,valid,mae,11.517431913255136,1,0.05,random,,
condition_recombine_pseudolabel__mult_0.25__sim_0.85__teacher_ridge__seed_0,condition_recombine_pseudolabel,0.25,0.85,ridge,0,158,23,1.1455696202531647,True,0.8500000000000002,0.85,0.85,reaction_role_concat,6144,random_forest,False,valid,r2,0.6719329396044798,1,0.05,random,,
condition_recombine_pseudolabel__mult_0.25__sim_0.85__teacher_ridge__seed_0,condition_recombine_pseudolabel,0.25,0.85,ridge,0,158,23,1.1455696202531647,True,0.8500000000000002,0.85,0.85,reaction_role_concat,6144,random_forest,False,valid,spearman,0.8239278132670469,1,0.05,random,,
condition_recombine_pseudolabel__mult_0.25__sim_0.85__teacher_ridge__seed_1,condition_recombine_pseudolabel,0.25,0.85,ridge,1,158,12,1.0759493670886076,True,0.85,0.85,0.85,reaction_role_concat,6144,random_forest,False,valid,rmse,15.349354345126397,1,0.05,random,,
condition_recombine_pseudolabel__mult_0.25__sim_0.85__teacher_ridge__seed_1,condition_recombine_pseudolabel,0.25,0.85,ridge,1,158,12,1.0759493670886076,True,0.85,0.85,0.85,reaction_role_concat,6144,random_forest,False,valid,mae,11.355295495903192,1,0.05,random,,
condition_recombine_pseudolabel__mult_0.25__sim_0.85__teacher_ridge__seed_1,condition_recombine_pseudolabel,0.25,0.85,ridge,1,158,12,1.0759493670886076,True,0.85,0.85,0.85,reaction_role_concat,6144,random_forest,False,valid,r2,0.6765244921725795,1,0.05,random,,
condition_recombine_pseudolabel__mult_0.25__sim_0.85__teacher_ridge__seed_1,condition_recombine_pseudolabel,0.25,0.85,ridge,1,158,12,1.0759493670886076,True,0.85,0.85,0.85,reaction_role_concat,6144,random_forest,False,valid,spearman,0.8258717690072573,1,0.05,random,,
condition_recombine_pseudolabel__mult_0.25__sim_0.85__teacher_ridge__seed_2,condition_recombine_pseudolabel,0.25,0.85,ridge,2,158,21,1.1329113924050633,True,0.8500000000000001,0.85,0.85,reaction_role_concat,6144,random_forest,False,valid,rmse,15.296793688497619,1,0.05,random,,
condition_recombine_pseudolabel__mult_0.25__sim_0.85__teacher_ridge__seed_2,condition_recombine_pseudolabel,0.25,0.85,ridge,2,158,21,1.1329113924050633,True,0.8500000000000001,0.85,0.85,reaction_role_concat,6144,random_forest,False,valid,mae,11.38335356458531,1,0.05,random,,
condition_recombine_pseudolabel__mult_0.25__sim_0.85__teacher_ridge__seed_2,condition_recombine_pseudolabel,0.25,0.85,ridge,2,158,21,1.1329113924050633,True,0.8500000000000001,0.85,0.85,reaction_role_concat,6144,random_forest,False,valid,r2,0.6787360477428317,1,0.05,random,,
condition_recombine_pseudolabel__mult_0.25__sim_0.85__teacher_ridge__seed_2,condition_recombine_pseudolabel,0.25,0.85,ridge,2,158,21,1.1329113924050633,True,0.8500000000000001,0.85,0.85,reaction_role_concat,6144,random_forest,False,valid,spearman,0.8285011624120514,1,0.05,random,,
condition_recombine_pseudolabel__mult_0.25__sim_0.85__teacher_ridge__seed_3,condition_recombine_pseudolabel,0.25,0.85,ridge,3,158,23,1.1455696202531647,True,0.8500000000000002,0.85,0.85,reaction_role_concat,6144,random_forest,False,valid,rmse,15.26000667462425,1,0.05,random,,
condition_recombine_pseudolabel__mult_0.25__sim_0.85__teacher_ridge__seed_3,condition_recombine_pseudolabel,0.25,0.85,ridge,3,158,23,1.1455696202531647,True,0.8500000000000002,0.85,0.85,reaction_role_concat,6144,random_forest,False,valid,mae,11.201902954218507,1,0.05,random,,
condition_recombine_pseudolabel__mult_0.25__sim_0.85__teacher_ridge__seed_3,condition_recombine_pseudolabel,0.25,0.85,ridge,3,158,23,1.1455696202531647,True,0.8500000000000002,0.85,0.85,reaction_role_concat,6144,random_forest,False,valid,r2,0.6802793947787039,1,0.05,random,,
condition_recombine_pseudolabel__mult_0.25__sim_0.85__teacher_ridge__seed_3,condition_recombine_pseudolabel,0.25,0.85,ridge,3,158,23,1.1455696202531647,True,0.8500000000000002,0.85,0.85,reaction_role_concat,6144,random_forest,False,valid,spearman,0.8268860999148758,1,0.05,random,,
condition_recombine_pseudolabel__mult_0.25__sim_0.85__teacher_ridge__seed_4,condition_recombine_pseudolabel,0.25,0.85,ridge,4,158,19,1.120253164556962,True,0.85,0.85,0.85,reaction_role_concat,6144,random_forest,False,valid,rmse,15.30960024200919,1,0.05,random,,
condition_recombine_pseudolabel__mult_0.25__sim_0.85__teacher_ridge__seed_4,condition_recombine_pseudolabel,0.25,0.85,ridge,4,158,19,1.120253164556962,True,0.85,0.85,0.85,reaction_role_concat,6144,random_forest,False,valid,mae,11.346391936362544,1,0.05,random,,
condition_recombine_pseudolabel__mult_0.25__sim_0.85__teacher_ridge__seed_4,condition_recombine_pseudolabel,0.25,0.85,ridge,4,158,19,1.120253164556962,True,0.85,0.85,0.85,reaction_role_concat,6144,random_forest,False,valid,r2,0.6781978949338854,1,0.05,random,,
condition_recombine_pseudolabel__mult_0.25__sim_0.85__teacher_ridge__seed_4,condition_recombine_pseudolabel,0.25,0.85,ridge,4,158,19,1.120253164556962,True,0.85,0.85,0.85,reaction_role_concat,6144,random_forest,False,valid,spearman,0.8333206459911563,1,0.05,random,,
condition_recombine_pseudolabel__mult_0.25__sim_0.85__teacher_rf__seed_0,condition_recombine_pseudolabel,0.25,0.85,random_forest,0,158,23,1.1455696202531647,True,0.8500000000000002,0.85,0.85,reaction_role_concat,6144,random_forest,False,valid,rmse,15.356495966463966,1,0.05,random,,
condition_recombine_pseudolabel__mult_0.25__sim_0.85__teacher_rf__seed_0,condition_recombine_pseudolabel,0.25,0.85,random_forest,0,158,23,1.1455696202531647,True,0.8500000000000002,0.85,0.85,reaction_role_concat,6144,random_forest,False,valid,mae,11.285237463910368,1,0.05,random,,
condition_recombine_pseudolabel__mult_0.25__sim_0.85__teacher_rf__seed_0,condition_recombine_pseudolabel,0.25,0.85,random_forest,0,158,23,1.1455696202531647,True,0.8500000000000002,0.85,0.85,reaction_role_concat,6144,random_forest,False,valid,r2,0.6762234141000693,1,0.05,random,,
condition_recombine_pseudolabel__mult_0.25__sim_0.85__teacher_rf__seed_0,condition_recombine_pseudolabel,0.25,0.85,random_forest,0,158,23,1.1455696202531647,True,0.8500000000000002,0.85,0.85,reaction_role_concat,6144,random_forest,False,valid,spearman,0.8253432809897345,1,0.05,random,,
condition_recombine_pseudolabel__mult_0.25__sim_0.85__teacher_rf__seed_1,condition_recombine_pseudolabel,0.25,0.85,random_forest,1,158,12,1.0759493670886076,True,0.85,0.85,0.85,reaction_role_concat,6144,random_forest,False,valid,rmse,15.450366572725537,1,0.05,random,,
condition_recombine_pseudolabel__mult_0.25__sim_0.85__teacher_rf__seed_1,condition_recombine_pseudolabel,0.25,0.85,random_forest,1,158,12,1.0759493670886076,True,0.85,0.85,0.85,reaction_role_concat,6144,random_forest,False,valid,mae,11.38018648727257,1,0.05,random,,
condition_recombine_pseudolabel__mult_0.25__sim_0.85__teacher_rf__seed_1,condition_recombine_pseudolabel,0.25,0.85,random_forest,1,158,12,1.0759493670886076,True,0.85,0.85,0.85,reaction_role_concat,6144,random_forest,False,valid,r2,0.6722529774345158,1,0.05,random,,
condition_recombine_pseudolabel__mult_0.25__sim_0.85__teacher_rf__seed_1,condition_recombine_pseudolabel,0.25,0.85,random_forest,1,158,12,1.0759493670886076,True,0.85,0.85,0.85,reaction_role_concat,6144,random_forest,False,valid,spearman,0.8203713264755815,1,0.05,random,,
condition_recombine_pseudolabel__mult_0.25__sim_0.85__teacher_rf__seed_2,condition_recombine_pseudolabel,0.25,0.85,random_forest,2,158,21,1.1329113924050633,True,0.8500000000000001,0.85,0.85,reaction_role_concat,6144,random_forest,False,valid,rmse,15.662290844138456,1,0.05,random,,
condition_recombine_pseudolabel__mult_0.25__sim_0.85__teacher_rf__seed_2,condition_recombine_pseudolabel,0.25,0.85,random_forest,2,158,21,1.1329113924050633,True,0.8500000000000001,0.85,0.85,reaction_role_concat,6144,random_forest,False,valid,mae,11.506274593799173,1,0.05,random,,
condition_recombine_pseudolabel__mult_0.25__sim_0.85__teacher_rf__seed_2,condition_recombine_pseudolabel,0.25,0.85,random_forest,2,158,21,1.1329113924050633,True,0.8500000000000001,0.85,0.85,reaction_role_concat,6144,random_forest,False,valid,r2,0.66320025957974,1,0.05,random,,
condition_recombine_pseudolabel__mult_0.25__sim_0.85__teacher_rf__seed_2,condition_recombine_pseudolabel,0.25,0.85,random_forest,2,158,21,1.1329113924050633,True,0.8500000000000001,0.85,0.85,reaction_role_concat,6144,random_forest,False,valid,spearman,0.8195552272561865,1,0.05,random,,
condition_recombine_pseudolabel__mult_0.25__sim_0.85__teacher_rf__seed_3,condition_recombine_pseudolabel,0.25,0.85,random_forest,3,158,23,1.1455696202531647,True,0.8500000000000002,0.85,0.85,reaction_role_concat,6144,random_forest,False,valid,rmse,15.426584296500508,1,0.05,random,,
condition_recombine_pseudolabel__mult_0.25__sim_0.85__teacher_rf__seed_3,condition_recombine_pseudolabel,0.25,0.85,random_forest,3,158,23,1.1455696202531647,True,0.8500000000000002,0.85,0.85,reaction_role_concat,6144,random_forest,False,valid,mae,11.312179417890837,1,0.05,random,,
condition_recombine_pseudolabel__mult_0.25__sim_0.85__teacher_rf__seed_3,condition_recombine_pseudolabel,0.25,0.85,random_forest,3,158,23,1.1455696202531647,True,0.8500000000000002,0.85,0.85,reaction_role_concat,6144,random_forest,False,valid,r2,0.673261182801589,1,0.05,random,,
condition_recombine_pseudolabel__mult_0.25__sim_0.85__teacher_rf__seed_3,condition_recombine_pseudolabel,0.25,0.85,random_forest,3,158,23,1.1455696202531647,True,0.8500000000000002,0.85,0.85,reaction_role_concat,6144,random_forest,False,valid,spearman,0.8274436021971778,1,0.05,random,,
condition_recombine_pseudolabel__mult_0.25__sim_0.85__teacher_rf__seed_4,condition_recombine_pseudolabel,0.25,0.85,random_forest,4,158,19,1.120253164556962,True,0.85,0.85,0.85,reaction_role_concat,6144,random_forest,False,valid,rmse,15.486635260153585,1,0.05,random,,
condition_recombine_pseudolabel__mult_0.25__sim_0.85__teacher_rf__seed_4,condition_recombine_pseudolabel,0.25,0.85,random_forest,4,158,19,1.120253164556962,True,0.85,0.85,0.85,reaction_role_concat,6144,random_forest,False,valid,mae,11.42582246010741,1,0.05,random,,
condition_recombine_pseudolabel__mult_0.25__sim_0.85__teacher_rf__seed_4,condition_recombine_pseudolabel,0.25,0.85,random_forest,4,158,19,1.120253164556962,True,0.85,0.85,0.85,reaction_role_concat,6144,random_forest,False,valid,r2,0.6707124436005352,1,0.05,random,,
condition_recombine_pseudolabel__mult_0.25__sim_0.85__teacher_rf__seed_4,condition_recombine_pseudolabel,0.25,0.85,random_forest,4,158,19,1.120253164556962,True,0.85,0.85,0.85,reaction_role_concat,6144,random_forest,False,valid,spearman,0.8284495598605984,1,0.05,random,,
condition_recombine_pseudolabel__mult_0.25__sim_0.9__teacher_ridge__seed_0,condition_recombine_pseudolabel,0.25,0.9,ridge,0,158,8,1.0506329113924051,True,0.85,0.85,0.85,reaction_role_concat,6144,random_forest,False,valid,rmse,15.402362473777607,1,0.05,random,,
condition_recombine_pseudolabel__mult_0.25__sim_0.9__teacher_ridge__seed_0,condition_recombine_pseudolabel,0.25,0.9,ridge,0,158,8,1.0506329113924051,True,0.85,0.85,0.85,reaction_role_concat,6144,random_forest,False,valid,mae,11.434556021976322,1,0.05,random,,
condition_recombine_pseudolabel__mult_0.25__sim_0.9__teacher_ridge__seed_0,condition_recombine_pseudolabel,0.25,0.9,ridge,0,158,8,1.0506329113924051,True,0.85,0.85,0.85,reaction_role_concat,6144,random_forest,False,valid,r2,0.674286425507989,1,0.05,random,,
condition_recombine_pseudolabel__mult_0.25__sim_0.9__teacher_ridge__seed_0,condition_recombine_pseudolabel,0.25,0.9,ridge,0,158,8,1.0506329113924051,True,0.85,0.85,0.85,reaction_role_concat,6144,random_forest,False,valid,spearman,0.8255921415963645,1,0.05,random,,
condition_recombine_pseudolabel__mult_0.25__sim_0.9__teacher_ridge__seed_1,condition_recombine_pseudolabel,0.25,0.9,ridge,1,158,8,1.0506329113924051,True,0.85,0.85,0.85,reaction_role_concat,6144,random_forest,False,valid,rmse,15.411310967190206,1,0.05,random,,
condition_recombine_pseudolabel__mult_0.25__sim_0.9__teacher_ridge__seed_1,condition_recombine_pseudolabel,0.25,0.9,ridge,1,158,8,1.0506329113924051,True,0.85,0.85,0.85,reaction_role_concat,6144,random_forest,False,valid,mae,11.434530714973617,1,0.05,random,,
condition_recombine_pseudolabel__mult_0.25__sim_0.9__teacher_ridge__seed_1,condition_recombine_pseudolabel,0.25,0.9,ridge,1,158,8,1.0506329113924051,True,0.85,0.85,0.85,reaction_role_concat,6144,random_forest,False,valid,r2,0.6739078482009191,1,0.05,random,,
condition_recombine_pseudolabel__mult_0.25__sim_0.9__teacher_ridge__seed_1,condition_recombine_pseudolabel,0.25,0.9,ridge,1,158,8,1.0506329113924051,True,0.85,0.85,0.85,reaction_role_concat,6144,random_forest,False,valid,spearman,0.8245482122441391,1,0.05,random,,
condition_recombine_pseudolabel__mult_0.25__sim_0.9__teacher_ridge__seed_2,condition_recombine_pseudolabel,0.25,0.9,ridge,2,158,11,1.0696202531645569,True,0.85,0.85,0.85,reaction_role_concat,6144,random_forest,False,valid,rmse,15.508909605752892,1,0.05,random,,
condition_recombine_pseudolabel__mult_0.25__sim_0.9__teacher_ridge__seed_2,condition_recombine_pseudolabel,0.25,0.9,ridge,2,158,11,1.0696202531645569,True,0.85,0.85,0.85,reaction_role_concat,6144,random_forest,False,valid,mae,11.370731609307512,1,0.05,random,,
condition_recombine_pseudolabel__mult_0.25__sim_0.9__teacher_ridge__seed_2,condition_recombine_pseudolabel,0.25,0.9,ridge,2,158,11,1.0696202531645569,True,0.85,0.85,0.85,reaction_role_concat,6144,random_forest,False,valid,r2,0.6697645373040009,1,0.05,random,,
condition_recombine_pseudolabel__mult_0.25__sim_0.9__teacher_ridge__seed_2,condition_recombine_pseudolabel,0.25,0.9,ridge,2,158,11,1.0696202531645569,True,0.85,0.85,0.85,reaction_role_concat,6144,random_forest,False,valid,spearman,0.8206560167783149,1,0.05,random,,
condition_recombine_pseudolabel__mult_0.25__sim_0.9__teacher_ridge__seed_3,condition_recombine_pseudolabel,0.25,0.9,ridge,3,158,11,1.0696202531645569,True,0.85,0.85,0.85,reaction_role_concat,6144,random_forest,False,valid,rmse,15.424383029386634,1,0.05,random,,
condition_recombine_pseudolabel__mult_0.25__sim_0.9__teacher_ridge__seed_3,condition_recombine_pseudolabel,0.25,0.9,ridge,3,158,11,1.0696202531645569,True,0.85,0.85,0.85,reaction_role_concat,6144,random_forest,False,valid,mae,11.413720839281625,1,0.05,random,,
condition_recombine_pseudolabel__mult_0.25__sim_0.9__teacher_ridge__seed_3,condition_recombine_pseudolabel,0.25,0.9,ridge,3,158,11,1.0696202531645569,True,0.85,0.85,0.85,reaction_role_concat,6144,random_forest,False,valid,r2,0.6733544228972643,1,0.05,random,,
condition_recombine_pseudolabel__mult_0.25__sim_0.9__teacher_ridge__seed_3,condition_recombine_pseudolabel,0.25,0.9,ridge,3,158,11,1.0696202531645569,True,0.85,0.85,0.85,reaction_role_concat,6144,random_forest,False,valid,spearman,0.8243636114185636,1,0.05,random,,
condition_recombine_pseudolabel__mult_0.25__sim_0.9__teacher_ridge__seed_4,condition_recombine_pseudolabel,0.25,0.9,ridge,4,158,6,1.0379746835443038,True,0.85,0.85,0.85,reaction_role_concat,6144,random_forest,False,valid,rmse,15.246223907791196,1,0.05,random,,
condition_recombine_pseudolabel__mult_0.25__sim_0.9__teacher_ridge__seed_4,condition_recombine_pseudolabel,0.25,0.9,ridge,4,158,6,1.0379746835443038,True,0.85,0.85,0.85,reaction_role_concat,6144,random_forest,False,valid,mae,11.25386388772349,1,0.05,random,,
condition_recombine_pseudolabel__mult_0.25__sim_0.9__teacher_ridge__seed_4,condition_recombine_pseudolabel,0.25,0.9,ridge,4,158,6,1.0379746835443038,True,0.85,0.85,0.85,reaction_role_concat,6144,random_forest,False,valid,r2,0.6808566742808064,1,0.05,random,,
condition_recombine_pseudolabel__mult_0.25__sim_0.9__teacher_ridge__seed_4,condition_recombine_pseudolabel,0.25,0.9,ridge,4,158,6,1.0379746835443038,True,0.85,0.85,0.85,reaction_role_concat,6144,random_forest,False,valid,spearman,0.8302285821627681,1,0.05,random,,
condition_recombine_pseudolabel__mult_0.25__sim_0.9__teacher_rf__seed_0,condition_recombine_pseudolabel,0.25,0.9,random_forest,0,158,8,1.0506329113924051,True,0.85,0.85,0.85,reaction_role_concat,6144,random_forest,False,valid,rmse,15.445931654558123,1,0.05,random,,
condition_recombine_pseudolabel__mult_0.25__sim_0.9__teacher_rf__seed_0,condition_recombine_pseudolabel,0.25,0.9,random_forest,0,158,8,1.0506329113924051,True,0.85,0.85,0.85,reaction_role_concat,6144,random_forest,False,valid,mae,11.466517700057993,1,0.05,random,,
condition_recombine_pseudolabel__mult_0.25__sim_0.9__teacher_rf__seed_0,condition_recombine_pseudolabel,0.25,0.9,random_forest,0,158,8,1.0506329113924051,True,0.85,0.85,0.85,reaction_role_concat,6144,random_forest,False,valid,r2,0.6724411053478486,1,0.05,random,,
condition_recombine_pseudolabel__mult_0.25__sim_0.9__teacher_rf__seed_0,condition_recombine_pseudolabel,0.25,0.9,random_forest,0,158,8,1.0506329113924051,True,0.85,0.85,0.85,reaction_role_concat,6144,random_forest,False,valid,spearman,0.8260542278401308,1,0.05,random,,
condition_recombine_pseudolabel__mult_0.25__sim_0.9__teacher_rf__seed_1,condition_recombine_pseudolabel,0.25,0.9,random_forest,1,158,8,1.0506329113924051,True,0.85,0.85,0.85,reaction_role_concat,6144,random_forest,False,valid,rmse,15.430015296413094,1,0.05,random,,
condition_recombine_pseudolabel__mult_0.25__sim_0.9__teacher_rf__seed_1,condition_recombine_pseudolabel,0.25,0.9,random_forest,1,158,8,1.0506329113924051,True,0.85,0.85,0.85,reaction_role_concat,6144,random_forest,False,valid,mae,11.39309099049206,1,0.05,random,,
condition_recombine_pseudolabel__mult_0.25__sim_0.9__teacher_rf__seed_1,condition_recombine_pseudolabel,0.25,0.9,random_forest,1,158,8,1.0506329113924051,True,0.85,0.85,0.85,reaction_role_concat,6144,random_forest,False,valid,r2,0.6731158278097028,1,0.05,random,,
condition_recombine_pseudolabel__mult_0.25__sim_0.9__teacher_rf__seed_1,condition_recombine_pseudolabel,0.25,0.9,random_forest,1,158,8,1.0506329113924051,True,0.85,0.85,0.85,reaction_role_concat,6144,random_forest,False,valid,spearman,0.8239507910069394,1,0.05,random,,
condition_recombine_pseudolabel__mult_0.25__sim_0.9__teacher_rf__seed_2,condition_recombine_pseudolabel,0.25,0.9,random_forest,2,158,11,1.0696202531645569,True,0.85,0.85,0.85,reaction_role_concat,6144,random_forest,False,valid,rmse,15.526729514471874,1,0.05,random,,
condition_recombine_pseudolabel__mult_0.25__sim_0.9__teacher_rf__seed_2,condition_recombine_pseudolabel,0.25,0.9,random_forest,2,158,11,1.0696202531645569,True,0.85,0.85,0.85,reaction_role_concat,6144,random_forest,False,valid,mae,11.467137905063508,1,0.05,random,,
condition_recombine_pseudolabel__mult_0.25__sim_0.9__teacher_rf__seed_2,condition_recombine_pseudolabel,0.25,0.9,random_forest,2,158,11,1.0696202531645569,True,0.85,0.85,0.85,reaction_role_concat,6144,random_forest,False,valid,r2,0.6690052129180576,1,0.05,random,,
condition_recombine_pseudolabel__mult_0.25__sim_0.9__teacher_rf__seed_2,condition_recombine_pseudolabel,0.25,0.9,random_forest,2,158,11,1.0696202531645569,True,0.85,0.85,0.85,reaction_role_concat,6144,random_forest,False,valid,spearman,0.8221910466390859,1,0.05,random,,
condition_recombine_pseudolabel__mult_0.25__sim_0.9__teacher_rf__seed_3,condition_recombine_pseudolabel,0.25,0.9,random_forest,3,158,11,1.0696202531645569,True,0.85,0.85,0.85,reaction_role_concat,6144,random_forest,False,valid,rmse,15.306304297221038,1,0.05,random,,
condition_recombine_pseudolabel__mult_0.25__sim_0.9__teacher_rf__seed_3,condition_recombine_pseudolabel,0.25,0.9,random_forest,3,158,11,1.0696202531645569,True,0.85,0.85,0.85,reaction_role_concat,6144,random_forest,False,valid,mae,11.208442876345748,1,0.05,random,,
condition_recombine_pseudolabel__mult_0.25__sim_0.9__teacher_rf__seed_3,condition_recombine_pseudolabel,0.25,0.9,random_forest,3,158,11,1.0696202531645569,True,0.85,0.85,0.85,reaction_role_concat,6144,random_forest,False,valid,r2,0.6783364390870292,1,0.05,random,,
condition_recombine_pseudolabel__mult_0.25__sim_0.9__teacher_rf__seed_3,condition_recombine_pseudolabel,0.25,0.9,random_forest,3,158,11,1.0696202531645569,True,0.85,0.85,0.85,reaction_role_concat,6144,random_forest,False,valid,spearman,0.8270383761233144,1,0.05,random,,
condition_recombine_pseudolabel__mult_0.25__sim_0.9__teacher_rf__seed_4,condition_recombine_pseudolabel,0.25,0.9,random_forest,4,158,6,1.0379746835443038,True,0.85,0.85,0.85,reaction_role_concat,6144,random_forest,False,valid,rmse,15.33381263231775,1,0.05,random,,
condition_recombine_pseudolabel__mult_0.25__sim_0.9__teacher_rf__seed_4,condition_recombine_pseudolabel,0.25,0.9,random_forest,4,158,6,1.0379746835443038,True,0.85,0.85,0.85,reaction_role_concat,6144,random_forest,False,valid,mae,11.267337150147444,1,0.05,random,,
condition_recombine_pseudolabel__mult_0.25__sim_0.9__teacher_rf__seed_4,condition_recombine_pseudolabel,0.25,0.9,random_forest,4,158,6,1.0379746835443038,True,0.85,0.85,0.85,reaction_role_concat,6144,random_forest,False,valid,r2,0.6771792191594044,1,0.05,random,,
condition_recombine_pseudolabel__mult_0.25__sim_0.9__teacher_rf__seed_4,condition_recombine_pseudolabel,0.25,0.9,random_forest,4,158,6,1.0379746835443038,True,0.85,0.85,0.85,reaction_role_concat,6144,random_forest,False,valid,spearman,0.8263652062351139,1,0.05,random,,
condition_recombine_pseudolabel__mult_0.25__sim_0.95__teacher_ridge__seed_0,condition_recombine_pseudolabel,0.25,0.95,ridge,0,158,0,1.0,True,,,,reaction_role_concat,6144,random_forest,False,valid,rmse,15.260755125839381,1,0.05,random,,
condition_recombine_pseudolabel__mult_0.25__sim_0.95__teacher_ridge__seed_0,condition_recombine_pseudolabel,0.25,0.95,ridge,0,158,0,1.0,True,,,,reaction_role_concat,6144,random_forest,False,valid,mae,11.288566241229637,1,0.05,random,,
condition_recombine_pseudolabel__mult_0.25__sim_0.95__teacher_ridge__seed_0,condition_recombine_pseudolabel,0.25,0.95,ridge,0,158,0,1.0,True,,,,reaction_role_concat,6144,random_forest,False,valid,r2,0.6802480316018862,1,0.05,random,,
condition_recombine_pseudolabel__mult_0.25__sim_0.95__teacher_ridge__seed_0,condition_recombine_pseudolabel,0.25,0.95,ridge,0,158,0,1.0,True,,,,reaction_role_concat,6144,random_forest,False,valid,spearman,0.8298677537558153,1,0.05,random,,
condition_recombine_pseudolabel__mult_0.25__sim_0.95__teacher_ridge__seed_1,condition_recombine_pseudolabel,0.25,0.95,ridge,1,158,0,1.0,True,,,,reaction_role_concat,6144,random_forest,False,valid,rmse,15.260755125839381,1,0.05,random,,
condition_recombine_pseudolabel__mult_0.25__sim_0.95__teacher_ridge__seed_1,condition_recombine_pseudolabel,0.25,0.95,ridge,1,158,0,1.0,True,,,,reaction_role_concat,6144,random_forest,False,valid,mae,11.288566241229637,1,0.05,random,,
condition_recombine_pseudolabel__mult_0.25__sim_0.95__teacher_ridge__seed_1,condition_recombine_pseudolabel,0.25,0.95,ridge,1,158,0,1.0,True,,,,reaction_role_concat,6144,random_forest,False,valid,r2,0.6802480316018862,1,0.05,random,,
condition_recombine_pseudolabel__mult_0.25__sim_0.95__teacher_ridge__seed_1,condition_recombine_pseudolabel,0.25,0.95,ridge,1,158,0,1.0,True,,,,reaction_role_concat,6144,random_forest,False,valid,spearman,0.8298677537558153,1,0.05,random,,
condition_recombine_pseudolabel__mult_0.25__sim_0.95__teacher_ridge__seed_2,condition_recombine_pseudolabel,0.25,0.95,ridge,2,158,0,1.0,True,,,,reaction_role_concat,6144,random_forest,False,valid,rmse,15.260755125839381,1,0.05,random,,
condition_recombine_pseudolabel__mult_0.25__sim_0.95__teacher_ridge__seed_2,condition_recombine_pseudolabel,0.25,0.95,ridge,2,158,0,1.0,True,,,,reaction_role_concat,6144,random_forest,False,valid,mae,11.288566241229637,1,0.05,random,,
condition_recombine_pseudolabel__mult_0.25__sim_0.95__teacher_ridge__seed_2,condition_recombine_pseudolabel,0.25,0.95,ridge,2,158,0,1.0,True,,,,reaction_role_concat,6144,random_forest,False,valid,r2,0.6802480316018862,1,0.05,random,,
condition_recombine_pseudolabel__mult_0.25__sim_0.95__teacher_ridge__seed_2,condition_recombine_pseudolabel,0.25,0.95,ridge,2,158,0,1.0,True,,,,reaction_role_concat,6144,random_forest,False,valid,spearman,0.8298677537558153,1,0.05,random,,
condition_recombine_pseudolabel__mult_0.25__sim_0.95__teacher_ridge__seed_3,condition_recombine_pseudolabel,0.25,0.95,ridge,3,158,0,1.0,True,,,,reaction_role_concat,6144,random_forest,False,valid,rmse,15.260755125839381,1,0.05,random,,
condition_recombine_pseudolabel__mult_0.25__sim_0.95__teacher_ridge__seed_3,condition_recombine_pseudolabel,0.25,0.95,ridge,3,158,0,1.0,True,,,,reaction_role_concat,6144,random_forest,False,valid,mae,11.288566241229637,1,0.05,random,,
condition_recombine_pseudolabel__mult_0.25__sim_0.95__teacher_ridge__seed_3,condition_recombine_pseudolabel,0.25,0.95,ridge,3,158,0,1.0,True,,,,reaction_role_concat,6144,random_forest,False,valid,r2,0.6802480316018862,1,0.05,random,,
condition_recombine_pseudolabel__mult_0.25__sim_0.95__teacher_ridge__seed_3,condition_recombine_pseudolabel,0.25,0.95,ridge,3,158,0,1.0,True,,,,reaction_role_concat,6144,random_forest,False,valid,spearman,0.8298677537558153,1,0.05,random,,
condition_recombine_pseudolabel__mult_0.25__sim_0.95__teacher_ridge__seed_4,condition_recombine_pseudolabel,0.25,0.95,ridge,4,158,0,1.0,True,,,,reaction_role_concat,6144,random_forest,False,valid,rmse,15.260755125839381,1,0.05,random,,
condition_recombine_pseudolabel__mult_0.25__sim_0.95__teacher_ridge__seed_4,condition_recombine_pseudolabel,0.25,0.95,ridge,4,158,0,1.0,True,,,,reaction_role_concat,6144,random_forest,False,valid,mae,11.288566241229637,1,0.05,random,,
condition_recombine_pseudolabel__mult_0.25__sim_0.95__teacher_ridge__seed_4,condition_recombine_pseudolabel,0.25,0.95,ridge,4,158,0,1.0,True,,,,reaction_role_concat,6144,random_forest,False,valid,r2,0.6802480316018862,1,0.05,random,,
condition_recombine_pseudolabel__mult_0.25__sim_0.95__teacher_ridge__seed_4,condition_recombine_pseudolabel,0.25,0.95,ridge,4,158,0,1.0,True,,,,reaction_role_concat,6144,random_forest,False,valid,spearman,0.8298677537558153,1,0.05,random,,
condition_recombine_pseudolabel__mult_0.25__sim_0.95__teacher_rf__seed_0,condition_recombine_pseudolabel,0.25,0.95,random_forest,0,158,0,1.0,True,,,,reaction_role_concat,6144,random_forest,False,valid,rmse,15.260755125839381,1,0.05,random,,
condition_recombine_pseudolabel__mult_0.25__sim_0.95__teacher_rf__seed_0,condition_recombine_pseudolabel,0.25,0.95,random_forest,0,158,0,1.0,True,,,,reaction_role_concat,6144,random_forest,False,valid,mae,11.288566241229637,1,0.05,random,,
condition_recombine_pseudolabel__mult_0.25__sim_0.95__teacher_rf__seed_0,condition_recombine_pseudolabel,0.25,0.95,random_forest,0,158,0,1.0,True,,,,reaction_role_concat,6144,random_forest,False,valid,r2,0.6802480316018862,1,0.05,random,,
condition_recombine_pseudolabel__mult_0.25__sim_0.95__teacher_rf__seed_0,condition_recombine_pseudolabel,0.25,0.95,random_forest,0,158,0,1.0,True,,,,reaction_role_concat,6144,random_forest,False,valid,spearman,0.8298677537558153,1,0.05,random,,
condition_recombine_pseudolabel__mult_0.25__sim_0.95__teacher_rf__seed_1,condition_recombine_pseudolabel,0.25,0.95,random_forest,1,158,0,1.0,True,,,,reaction_role_concat,6144,random_forest,False,valid,rmse,15.260755125839381,1,0.05,random,,
condition_recombine_pseudolabel__mult_0.25__sim_0.95__teacher_rf__seed_1,condition_recombine_pseudolabel,0.25,0.95,random_forest,1,158,0,1.0,True,,,,reaction_role_concat,6144,random_forest,False,valid,mae,11.288566241229637,1,0.05,random,,
condition_recombine_pseudolabel__mult_0.25__sim_0.95__teacher_rf__seed_1,condition_recombine_pseudolabel,0.25,0.95,random_forest,1,158,0,1.0,True,,,,reaction_role_concat,6144,random_forest,False,valid,r2,0.6802480316018862,1,0.05,random,,
condition_recombine_pseudolabel__mult_0.25__sim_0.95__teacher_rf__seed_1,condition_recombine_pseudolabel,0.25,0.95,random_forest,1,158,0,1.0,True,,,,reaction_role_concat,6144,random_forest,False,valid,spearman,0.8298677537558153,1,0.05,random,,
condition_recombine_pseudolabel__mult_0.25__sim_0.95__teacher_rf__seed_2,condition_recombine_pseudolabel,0.25,0.95,random_forest,2,158,0,1.0,True,,,,reaction_role_concat,6144,random_forest,False,valid,rmse,15.260755125839381,1,0.05,random,,
condition_recombine_pseudolabel__mult_0.25__sim_0.95__teacher_rf__seed_2,condition_recombine_pseudolabel,0.25,0.95,random_forest,2,158,0,1.0,True,,,,reaction_role_concat,6144,random_forest,False,valid,mae,11.288566241229637,1,0.05,random,,
condition_recombine_pseudolabel__mult_0.25__sim_0.95__teacher_rf__seed_2,condition_recombine_pseudolabel,0.25,0.95,random_forest,2,158,0,1.0,True,,,,reaction_role_concat,6144,random_forest,False,valid,r2,0.6802480316018862,1,0.05,random,,
condition_recombine_pseudolabel__mult_0.25__sim_0.95__teacher_rf__seed_2,condition_recombine_pseudolabel,0.25,0.95,random_forest,2,158,0,1.0,True,,,,reaction_role_concat,6144,random_forest,False,valid,spearman,0.8298677537558153,1,0.05,random,,
condition_recombine_pseudolabel__mult_0.25__sim_0.95__teacher_rf__seed_3,condition_recombine_pseudolabel,0.25,0.95,random_forest,3,158,0,1.0,True,,,,reaction_role_concat,6144,random_forest,False,valid,rmse,15.260755125839381,1,0.05,random,,
condition_recombine_pseudolabel__mult_0.25__sim_0.95__teacher_rf__seed_3,condition_recombine_pseudolabel,0.25,0.95,random_forest,3,158,0,1.0,True,,,,reaction_role_concat,6144,random_forest,False,valid,mae,11.288566241229637,1,0.05,random,,
condition_recombine_pseudolabel__mult_0.25__sim_0.95__teacher_rf__seed_3,condition_recombine_pseudolabel,0.25,0.95,random_forest,3,158,0,1.0,True,,,,reaction_role_concat,6144,random_forest,False,valid,r2,0.6802480316018862,1,0.05,random,,
condition_recombine_pseudolabel__mult_0.25__sim_0.95__teacher_rf__seed_3,condition_recombine_pseudolabel,0.25,0.95,random_forest,3,158,0,1.0,True,,,,reaction_role_concat,6144,random_forest,False,valid,spearman,0.8298677537558153,1,0.05,random,,
condition_recombine_pseudolabel__mult_0.25__sim_0.95__teacher_rf__seed_4,condition_recombine_pseudolabel,0.25,0.95,random_forest,4,158,0,1.0,True,,,,reaction_role_concat,6144,random_forest,False,valid,rmse,15.260755125839381,1,0.05,random,,
condition_recombine_pseudolabel__mult_0.25__sim_0.95__teacher_rf__seed_4,condition_recombine_pseudolabel,0.25,0.95,random_forest,4,158,0,1.0,True,,,,reaction_role_concat,6144,random_forest,False,valid,mae,11.288566241229637,1,0.05,random,,
condition_recombine_pseudolabel__mult_0.25__sim_0.95__teacher_rf__seed_4,condition_recombine_pseudolabel,0.25,0.95,random_forest,4,158,0,1.0,True,,,,reaction_role_concat,6144,random_forest,False,valid,r2,0.6802480316018862,1,0.05,random,,
condition_recombine_pseudolabel__mult_0.25__sim_0.95__teacher_rf__seed_4,condition_recombine_pseudolabel,0.25,0.95,random_forest,4,158,0,1.0,True,,,,reaction_role_concat,6144,random_forest,False,valid,spearman,0.8298677537558153,1,0.05,random,,
condition_recombine_pseudolabel__mult_0.5__sim_0.7__teacher_ridge__seed_0,condition_recombine_pseudolabel,0.5,0.7,ridge,0,158,79,1.5,True,0.8279614848426624,0.7437499761581421,0.85,reaction_role_concat,6144,random_forest,False,valid,rmse,15.475947570226236,1,0.05,random,,
condition_recombine_pseudolabel__mult_0.5__sim_0.7__teacher_ridge__seed_0,condition_recombine_pseudolabel,0.5,0.7,ridge,0,158,79,1.5,True,0.8279614848426624,0.7437499761581421,0.85,reaction_role_concat,6144,random_forest,False,valid,mae,11.660331219526789,1,0.05,random,,
condition_recombine_pseudolabel__mult_0.5__sim_0.7__teacher_ridge__seed_0,condition_recombine_pseudolabel,0.5,0.7,ridge,0,158,79,1.5,True,0.8279614848426624,0.7437499761581421,0.85,reaction_role_concat,6144,random_forest,False,valid,r2,0.6711667848898972,1,0.05,random,,
condition_recombine_pseudolabel__mult_0.5__sim_0.7__teacher_ridge__seed_0,condition_recombine_pseudolabel,0.5,0.7,ridge,0,158,79,1.5,True,0.8279614848426624,0.7437499761581421,0.85,reaction_role_concat,6144,random_forest,False,valid,spearman,0.8196261077419559,1,0.05,random,,
condition_recombine_pseudolabel__mult_0.5__sim_0.7__teacher_ridge__seed_1,condition_recombine_pseudolabel,0.5,0.7,ridge,1,158,79,1.5,True,0.8268244417407845,0.7534246444702148,0.85,reaction_role_concat,6144,random_forest,False,valid,rmse,15.284150754535979,1,0.05,random,,
condition_recombine_pseudolabel__mult_0.5__sim_0.7__teacher_ridge__seed_1,condition_recombine_pseudolabel,0.5,0.7,ridge,1,158,79,1.5,True,0.8268244417407845,0.7534246444702148,0.85,reaction_role_concat,6144,random_forest,False,valid,mae,11.640248371248756,1,0.05,random,,
condition_recombine_pseudolabel__mult_0.5__sim_0.7__teacher_ridge__seed_1,condition_recombine_pseudolabel,0.5,0.7,ridge,1,158,79,1.5,True,0.8268244417407845,0.7534246444702148,0.85,reaction_role_concat,6144,random_forest,False,valid,r2,0.6792668832227611,1,0.05,random,,
condition_recombine_pseudolabel__mult_0.5__sim_0.7__teacher_ridge__seed_1,condition_recombine_pseudolabel,0.5,0.7,ridge,1,158,79,1.5,True,0.8268244417407845,0.7534246444702148,0.85,reaction_role_concat,6144,random_forest,False,valid,spearman,0.8292785110362043,1,0.05,random,,
condition_recombine_pseudolabel__mult_0.5__sim_0.7__teacher_ridge__seed_2,condition_recombine_pseudolabel,0.5,0.7,ridge,2,158,79,1.5,True,0.8325068620186816,0.746666669845581,0.85,reaction_role_concat,6144,random_forest,False,valid,rmse,15.418074252675034,1,0.05,random,,
condition_recombine_pseudolabel__mult_0.5__sim_0.7__teacher_ridge__seed_2,condition_recombine_pseudolabel,0.5,0.7,ridge,2,158,79,1.5,True,0.8325068620186816,0.746666669845581,0.85,reaction_role_concat,6144,random_forest,False,valid,mae,11.65243983303444,1,0.05,random,,
condition_recombine_pseudolabel__mult_0.5__sim_0.7__teacher_ridge__seed_2,condition_recombine_pseudolabel,0.5,0.7,ridge,2,158,79,1.5,True,0.8325068620186816,0.746666669845581,0.85,reaction_role_concat,6144,random_forest,False,valid,r2,0.6736215729767341,1,0.05,random,,
condition_recombine_pseudolabel__mult_0.5__sim_0.7__teacher_ridge__seed_2,condition_recombine_pseudolabel,0.5,0.7,ridge,2,158,79,1.5,True,0.8325068620186816,0.746666669845581,0.85,reaction_role_concat,6144,random_forest,False,valid,spearman,0.8265036568542954,1,0.05,random,,
condition_recombine_pseudolabel__mult_0.5__sim_0.7__teacher_ridge__seed_3,condition_recombine_pseudolabel,0.5,0.7,ridge,3,158,79,1.5,True,0.8296486803247959,0.7579618096351624,0.85,reaction_role_concat,6144,random_forest,False,valid,rmse,14.814247357261639,1,0.05,random,,
condition_recombine_pseudolabel__mult_0.5__sim_0.7__teacher_ridge__seed_3,condition_recombine_pseudolabel,0.5,0.7,ridge,3,158,79,1.5,True,0.8296486803247959,0.7579618096351624,0.85,reaction_role_concat,6144,random_forest,False,valid,mae,11.08353990894179,1,0.05,random,,
condition_recombine_pseudolabel__mult_0.5__sim_0.7__teacher_ridge__seed_3,condition_recombine_pseudolabel,0.5,0.7,ridge,3,158,79,1.5,True,0.8296486803247959,0.7579618096351624,0.85,reaction_role_concat,6144,random_forest,False,valid,r2,0.6986852699676394,1,0.05,random,,
condition_recombine_pseudolabel__mult_0.5__sim_0.7__teacher_ridge__seed_3,condition_recombine_pseudolabel,0.5,0.7,ridge,3,158,79,1.5,True,0.8296486803247959,0.7579618096351624,0.85,reaction_role_concat,6144,random_forest,False,valid,spearman,0.8371187885047093,1,0.05,random,,
condition_recombine_pseudolabel__mult_0.5__sim_0.7__teacher_ridge__seed_4,condition_recombine_pseudolabel,0.5,0.7,ridge,4,158,79,1.5,True,0.830070451543301,0.7437499761581421,0.85,reaction_role_concat,6144,random_forest,False,valid,rmse,15.204412583944833,1,0.05,random,,
condition_recombine_pseudolabel__mult_0.5__sim_0.7__teacher_ridge__seed_4,condition_recombine_pseudolabel,0.5,0.7,ridge,4,158,79,1.5,True,0.830070451543301,0.7437499761581421,0.85,reaction_role_concat,6144,random_forest,False,valid,mae,11.463920077489147,1,0.05,random,,
condition_recombine_pseudolabel__mult_0.5__sim_0.7__teacher_ridge__seed_4,condition_recombine_pseudolabel,0.5,0.7,ridge,4,158,79,1.5,True,0.830070451543301,0.7437499761581421,0.85,reaction_role_concat,6144,random_forest,False,valid,r2,0.682604714709119,1,0.05,random,,
condition_recombine_pseudolabel__mult_0.5__sim_0.7__teacher_ridge__seed_4,condition_recombine_pseudolabel,0.5,0.7,ridge,4,158,79,1.5,True,0.830070451543301,0.7437499761581421,0.85,reaction_role_concat,6144,random_forest,False,valid,spearman,0.8274397076649926,1,0.05,random,,
condition_recombine_pseudolabel__mult_0.5__sim_0.7__teacher_rf__seed_0,condition_recombine_pseudolabel,0.5,0.7,random_forest,0,158,79,1.5,True,0.8279614848426624,0.7437499761581421,0.85,reaction_role_concat,6144,random_forest,False,valid,rmse,15.70899422528135,1,0.05,random,,
condition_recombine_pseudolabel__mult_0.5__sim_0.7__teacher_rf__seed_0,condition_recombine_pseudolabel,0.5,0.7,random_forest,0,158,79,1.5,True,0.8279614848426624,0.7437499761581421,0.85,reaction_role_concat,6144,random_forest,False,valid,mae,11.60636700860873,1,0.05,random,,
condition_recombine_pseudolabel__mult_0.5__sim_0.7__teacher_rf__seed_0,condition_recombine_pseudolabel,0.5,0.7,random_forest,0,158,79,1.5,True,0.8279614848426624,0.7437499761581421,0.85,reaction_role_concat,6144,random_forest,False,valid,r2,0.66118865872559,1,0.05,random,,
condition_recombine_pseudolabel__mult_0.5__sim_0.7__teacher_rf__seed_0,condition_recombine_pseudolabel,0.5,0.7,random_forest,0,158,79,1.5,True,0.8279614848426624,0.7437499761581421,0.85,reaction_role_concat,6144,random_forest,False,valid,spearman,0.8107271016989217,1,0.05,random,,
condition_recombine_pseudolabel__mult_0.5__sim_0.7__teacher_rf__seed_1,condition_recombine_pseudolabel,0.5,0.7,random_forest,1,158,79,1.5,True,0.8268244417407845,0.7534246444702148,0.85,reaction_role_concat,6144,random_forest,False,valid,rmse,15.821706280644507,1,0.05,random,,
condition_recombine_pseudolabel__mult_0.5__sim_0.7__teacher_rf__seed_1,condition_recombine_pseudolabel,0.5,0.7,random_forest,1,158,79,1.5,True,0.8268244417407845,0.7534246444702148,0.85,reaction_role_concat,6144,random_forest,False,valid,mae,11.846875777257393,1,0.05,random,,
condition_recombine_pseudolabel__mult_0.5__sim_0.7__teacher_rf__seed_1,condition_recombine_pseudolabel,0.5,0.7,random_forest,1,158,79,1.5,True,0.8268244417407845,0.7534246444702148,0.85,reaction_role_concat,6144,random_forest,False,valid,r2,0.6563092728117256,1,0.05,random,,
condition_recombine_pseudolabel__mult_0.5__sim_0.7__teacher_rf__seed_1,condition_recombine_pseudolabel,0.5,0.7,random_forest,1,158,79,1.5,True,0.8268244417407845,0.7534246444702148,0.85,reaction_role_concat,6144,random_forest,False,valid,spearman,0.8078940242608451,1,0.05,random,,
condition_recombine_pseudolabel__mult_0.5__sim_0.7__teacher_rf__seed_2,condition_recombine_pseudolabel,0.5,0.7,random_forest,2,158,79,1.5,True,0.8325068620186816,0.746666669845581,0.85,reaction_role_concat,6144,random_forest,False,valid,rmse,15.596454176192832,1,0.05,random,,
condition_recombine_pseudolabel__mult_0.5__sim_0.7__teacher_rf__seed_2,condition_recombine_pseudolabel,0.5,0.7,random_forest,2,158,79,1.5,True,0.8325068620186816,0.746666669845581,0.85,reaction_role_concat,6144,random_forest,False,valid,mae,11.543113548708112,1,0.05,random,,
condition_recombine_pseudolabel__mult_0.5__sim_0.7__teacher_rf__seed_2,condition_recombine_pseudolabel,0.5,0.7,random_forest,2,158,79,1.5,True,0.8325068620186816,0.746666669845581,0.85,reaction_role_concat,6144,random_forest,False,valid,r2,0.6660257937249086,1,0.05,random,,
condition_recombine_pseudolabel__mult_0.5__sim_0.7__teacher_rf__seed_2,condition_recombine_pseudolabel,0.5,0.7,random_forest,2,158,79,1.5,True,0.8325068620186816,0.746666669845581,0.85,reaction_role_concat,6144,random_forest,False,valid,spearman,0.8206614691233739,1,0.05,random,,
condition_recombine_pseudolabel__mult_0.5__sim_0.7__teacher_rf__seed_3,condition_recombine_pseudolabel,0.5,0.7,random_forest,3,158,79,1.5,True,0.8296486803247959,0.7579618096351624,0.85,reaction_role_concat,6144,random_forest,False,valid,rmse,15.60856204782675,1,0.05,random,,
condition_recombine_pseudolabel__mult_0.5__sim_0.7__teacher_rf__seed_3,condition_recombine_pseudolabel,0.5,0.7,random_forest,3,158,79,1.5,True,0.8296486803247959,0.7579618096351624,0.85,reaction_role_concat,6144,random_forest,False,valid,mae,11.556606224496154,1,0.05,random,,
condition_recombine_pseudolabel__mult_0.5__sim_0.7__teacher_rf__seed_3,condition_recombine_pseudolabel,0.5,0.7,random_forest,3,158,79,1.5,True,0.8296486803247959,0.7579618096351624,0.85,reaction_role_concat,6144,random_forest,False,valid,r2,0.6655070493505489,1,0.05,random,,
condition_recombine_pseudolabel__mult_0.5__sim_0.7__teacher_rf__seed_3,condition_recombine_pseudolabel,0.5,0.7,random_forest,3,158,79,1.5,True,0.8296486803247959,0.7579618096351624,0.85,reaction_role_concat,6144,random_forest,False,valid,spearman,0.8194080139395882,1,0.05,random,,
condition_recombine_pseudolabel__mult_0.5__sim_0.7__teacher_rf__seed_4,condition_recombine_pseudolabel,0.5,0.7,random_forest,4,158,79,1.5,True,0.830070451543301,0.7437499761581421,0.85,reaction_role_concat,6144,random_forest,False,valid,rmse,15.384329194014647,1,0.05,random,,
condition_recombine_pseudolabel__mult_0.5__sim_0.7__teacher_rf__seed_4,condition_recombine_pseudolabel,0.5,0.7,random_forest,4,158,79,1.5,True,0.830070451543301,0.7437499761581421,0.85,reaction_role_concat,6144,random_forest,False,valid,mae,11.315330524109589,1,0.05,random,,
condition_recombine_pseudolabel__mult_0.5__sim_0.7__teacher_rf__seed_4,condition_recombine_pseudolabel,0.5,0.7,random_forest,4,158,79,1.5,True,0.830070451543301,0.7437499761581421,0.85,reaction_role_concat,6144,random_forest,False,valid,r2,0.6750486781208376,1,0.05,random,,
condition_recombine_pseudolabel__mult_0.5__sim_0.7__teacher_rf__seed_4,condition_recombine_pseudolabel,0.5,0.7,random_forest,4,158,79,1.5,True,0.830070451543301,0.7437499761581421,0.85,reaction_role_concat,6144,random_forest,False,valid,spearman,0.8254328552299924,1,0.05,random,,
condition_recombine_pseudolabel__mult_0.5__sim_0.8__teacher_ridge__seed_0,condition_recombine_pseudolabel,0.5,0.8,ridge,0,158,62,1.3924050632911393,True,0.8420676713989628,0.8027210831642151,0.85,reaction_role_concat,6144,random_forest,False,valid,rmse,15.345760646190813,1,0.05,random,,
condition_recombine_pseudolabel__mult_0.5__sim_0.8__teacher_ridge__seed_0,condition_recombine_pseudolabel,0.5,0.8,ridge,0,158,62,1.3924050632911393,True,0.8420676713989628,0.8027210831642151,0.85,reaction_role_concat,6144,random_forest,False,valid,mae,11.444073480923718,1,0.05,random,,
condition_recombine_pseudolabel__mult_0.5__sim_0.8__teacher_ridge__seed_0,condition_recombine_pseudolabel,0.5,0.8,ridge,0,158,62,1.3924050632911393,True,0.8420676713989628,0.8027210831642151,0.85,reaction_role_concat,6144,random_forest,False,valid,r2,0.6766759431689903,1,0.05,random,,
condition_recombine_pseudolabel__mult_0.5__sim_0.8__teacher_ridge__seed_0,condition_recombine_pseudolabel,0.5,0.8,ridge,0,158,62,1.3924050632911393,True,0.8420676713989628,0.8027210831642151,0.85,reaction_role_concat,6144,random_forest,False,valid,spearman,0.8244148245167982,1,0.05,random,,
condition_recombine_pseudolabel__mult_0.5__sim_0.8__teacher_ridge__seed_1,condition_recombine_pseudolabel,0.5,0.8,ridge,1,158,64,1.4050632911392404,True,0.8384960805997251,0.8034682273864746,0.85,reaction_role_concat,6144,random_forest,False,valid,rmse,15.1287974645066,1,0.05,random,,
condition_recombine_pseudolabel__mult_0.5__sim_0.8__teacher_ridge__seed_1,condition_recombine_pseudolabel,0.5,0.8,ridge,1,158,64,1.4050632911392404,True,0.8384960805997251,0.8034682273864746,0.85,reaction_role_concat,6144,random_forest,False,valid,mae,11.44423536486188,1,0.05,random,,
condition_recombine_pseudolabel__mult_0.5__sim_0.8__teacher_ridge__seed_1,condition_recombine_pseudolabel,0.5,0.8,ridge,1,158,64,1.4050632911392404,True,0.8384960805997251,0.8034682273864746,0.85,reaction_role_concat,6144,random_forest,False,valid,r2,0.6857538273426479,1,0.05,random,,
condition_recombine_pseudolabel__mult_0.5__sim_0.8__teacher_ridge__seed_1,condition_recombine_pseudolabel,0.5,0.8,ridge,1,158,64,1.4050632911392404,True,0.8384960805997251,0.8034682273864746,0.85,reaction_role_concat,6144,random_forest,False,valid,spearman,0.8314148566663603,1,0.05,random,,
condition_recombine_pseudolabel__mult_0.5__sim_0.8__teacher_ridge__seed_2,condition_recombine_pseudolabel,0.5,0.8,ridge,2,158,69,1.4367088607594938,True,0.8411092561224233,0.800000011920929,0.85,reaction_role_concat,6144,random_forest,False,valid,rmse,15.68688151119818,1,0.05,random,,
condition_recombine_pseudolabel__mult_0.5__sim_0.8__teacher_ridge__seed_2,condition_recombine_pseudolabel,0.5,0.8,ridge,2,158,69,1.4367088607594938,True,0.8411092561224233,0.800000011920929,0.85,reaction_role_concat,6144,random_forest,False,valid,mae,11.9648687468737,1,0.05,random,,
condition_recombine_pseudolabel__mult_0.5__sim_0.8__teacher_ridge__seed_2,condition_recombine_pseudolabel,0.5,0.8,ridge,2,158,69,1.4367088607594938,True,0.8411092561224233,0.800000011920929,0.85,reaction_role_concat,6144,random_forest,False,valid,r2,0.662141840722962,1,0.05,random,,
condition_recombine_pseudolabel__mult_0.5__sim_0.8__teacher_ridge__seed_2,condition_recombine_pseudolabel,0.5,0.8,ridge,2,158,69,1.4367088607594938,True,0.8411092561224233,0.800000011920929,0.85,reaction_role_concat,6144,random_forest,False,valid,spearman,0.8175067033268052,1,0.05,random,,
condition_recombine_pseudolabel__mult_0.5__sim_0.8__teacher_ridge__seed_3,condition_recombine_pseudolabel,0.5,0.8,ridge,3,158,61,1.3860759493670887,True,0.8446326490308419,0.8040540814399719,0.85,reaction_role_concat,6144,random_forest,True,valid,rmse,14.761273217235152,1,0.05,random,,
condition_recombine_pseudolabel__mult_0.5__sim_0.8__teacher_ridge__seed_3,condition_recombine_pseudolabel,0.5,0.8,ridge,3,158,61,1.3860759493670887,True,0.8446326490308419,0.8040540814399719,0.85,reaction_role_concat,6144,random_forest,True,valid,mae,11.041413343320919,1,0.05,random,,
condition_recombine_pseudolabel__mult_0.5__sim_0.8__teacher_ridge__seed_3,condition_recombine_pseudolabel,0.5,0.8,ridge,3,158,61,1.3860759493670887,True,0.8446326490308419,0.8040540814399719,0.85,reaction_role_concat,6144,random_forest,True,valid,r2,0.7008363545723577,1,0.05,random,,
condition_recombine_pseudolabel__mult_0.5__sim_0.8__teacher_ridge__seed_3,condition_recombine_pseudolabel,0.5,0.8,ridge,3,158,61,1.3860759493670887,True,0.8446326490308419,0.8040540814399719,0.85,reaction_role_concat,6144,random_forest,True,valid,spearman,0.8419929902610155,1,0.05,random,,
condition_recombine_pseudolabel__mult_0.5__sim_0.8__teacher_ridge__seed_4,condition_recombine_pseudolabel,0.5,0.8,ridge,4,158,67,1.4240506329113924,True,0.8401495908623311,0.8040540814399719,0.85,reaction_role_concat,6144,random_forest,False,valid,rmse,15.209225199485589,1,0.05,random,,
condition_recombine_pseudolabel__mult_0.5__sim_0.8__teacher_ridge__seed_4,condition_recombine_pseudolabel,0.5,0.8,ridge,4,158,67,1.4240506329113924,True,0.8401495908623311,0.8040540814399719,0.85,reaction_role_concat,6144,random_forest,False,valid,mae,11.37855392885359,1,0.05,random,,
condition_recombine_pseudolabel__mult_0.5__sim_0.8__teacher_ridge__seed_4,condition_recombine_pseudolabel,0.5,0.8,ridge,4,158,67,1.4240506329113924,True,0.8401495908623311,0.8040540814399719,0.85,reaction_role_concat,6144,random_forest,False,valid,r2,0.682403754202125,1,0.05,random,,
condition_recombine_pseudolabel__mult_0.5__sim_0.8__teacher_ridge__seed_4,condition_recombine_pseudolabel,0.5,0.8,ridge,4,158,67,1.4240506329113924,True,0.8401495908623311,0.8040540814399719,0.85,reaction_role_concat,6144,random_forest,False,valid,spearman,0.8300611172788073,1,0.05,random,,
condition_recombine_pseudolabel__mult_0.5__sim_0.8__teacher_rf__seed_0,condition_recombine_pseudolabel,0.5,0.8,random_forest,0,158,62,1.3924050632911393,True,0.8420676713989628,0.8027210831642151,0.85,reaction_role_concat,6144,random_forest,False,valid,rmse,15.772960295224175,1,0.05,random,,
condition_recombine_pseudolabel__mult_0.5__sim_0.8__teacher_rf__seed_0,condition_recombine_pseudolabel,0.5,0.8,random_forest,0,158,62,1.3924050632911393,True,0.8420676713989628,0.8027210831642151,0.85,reaction_role_concat,6144,random_forest,False,valid,mae,11.539429558208283,1,0.05,random,,
condition_recombine_pseudolabel__mult_0.5__sim_0.8__teacher_rf__seed_0,condition_recombine_pseudolabel,0.5,0.8,random_forest,0,158,62,1.3924050632911393,True,0.8420676713989628,0.8027210831642151,0.85,reaction_role_concat,6144,random_forest,False,valid,r2,0.6584238026118402,1,0.05,random,,
condition_recombine_pseudolabel__mult_0.5__sim_0.8__teacher_rf__seed_0,condition_recombine_pseudolabel,0.5,0.8,random_forest,0,158,62,1.3924050632911393,True,0.8420676713989628,0.8027210831642151,0.85,reaction_role_concat,6144,random_forest,False,valid,spearman,0.8111167496440446,1,0.05,random,,
condition_recombine_pseudolabel__mult_0.5__sim_0.8__teacher_rf__seed_1,condition_recombine_pseudolabel,0.5,0.8,random_forest,1,158,64,1.4050632911392404,True,0.8384960805997251,0.8034682273864746,0.85,reaction_role_concat,6144,random_forest,False,valid,rmse,15.783341658844485,1,0.05,random,,
condition_recombine_pseudolabel__mult_0.5__sim_0.8__teacher_rf__seed_1,condition_recombine_pseudolabel,0.5,0.8,random_forest,1,158,64,1.4050632911392404,True,0.8384960805997251,0.8034682273864746,0.85,reaction_role_concat,6144,random_forest,False,valid,mae,11.778500899964495,1,0.05,random,,
condition_recombine_pseudolabel__mult_0.5__sim_0.8__teacher_rf__seed_1,condition_recombine_pseudolabel,0.5,0.8,random_forest,1,158,64,1.4050632911392404,True,0.8384960805997251,0.8034682273864746,0.85,reaction_role_concat,6144,random_forest,False,valid,r2,0.6579740210115201,1,0.05,random,,
condition_recombine_pseudolabel__mult_0.5__sim_0.8__teacher_rf__seed_1,condition_recombine_pseudolabel,0.5,0.8,random_forest,1,158,64,1.4050632911392404,True,0.8384960805997251,0.8034682273864746,0.85,reaction_role_concat,6144,random_forest,False,valid,spearman,0.8081446374069585,1,0.05,random,,
condition_recombine_pseudolabel__mult_0.5__sim_0.8__teacher_rf__seed_2,condition_recombine_pseudolabel,0.5,0.8,random_forest,2,158,69,1.4367088607594938,True,0.8411092561224233,0.800000011920929,0.85,reaction_role_concat,6144,random_forest,False,valid,rmse,15.582527455565941,1,0.05,random,,
condition_recombine_pseudolabel__mult_0.5__sim_0.8__teacher_rf__seed_2,condition_recombine_pseudolabel,0.5,0.8,random_forest,2,158,69,1.4367088607594938,True,0.8411092561224233,0.800000011920929,0.85,reaction_role_concat,6144,random_forest,False,valid,mae,11.452879638151277,1,0.05,random,,
condition_recombine_pseudolabel__mult_0.5__sim_0.8__teacher_rf__seed_2,condition_recombine_pseudolabel,0.5,0.8,random_forest,2,158,69,1.4367088607594938,True,0.8411092561224233,0.800000011920929,0.85,reaction_role_concat,6144,random_forest,False,valid,r2,0.6666219662658732,1,0.05,random,,
condition_recombine_pseudolabel__mult_0.5__sim_0.8__teacher_rf__seed_2,condition_recombine_pseudolabel,0.5,0.8,random_forest,2,158,69,1.4367088607594938,True,0.8411092561224233,0.800000011920929,0.85,reaction_role_concat,6144,random_forest,False,valid,spearman,0.8206057773131266,1,0.05,random,,
condition_recombine_pseudolabel__mult_0.5__sim_0.8__teacher_rf__seed_3,condition_recombine_pseudolabel,0.5,0.8,random_forest,3,158,61,1.3860759493670887,True,0.8446326490308419,0.8040540814399719,0.85,reaction_role_concat,6144,random_forest,False,valid,rmse,15.61209109881522,1,0.05,random,,
condition_recombine_pseudolabel__mult_0.5__sim_0.8__teacher_rf__seed_3,condition_recombine_pseudolabel,0.5,0.8,random_forest,3,158,61,1.3860759493670887,True,0.8446326490308419,0.8040540814399719,0.85,reaction_role_concat,6144,random_forest,False,valid,mae,11.691883872524848,1,0.05,random,,
condition_recombine_pseudolabel__mult_0.5__sim_0.8__teacher_rf__seed_3,condition_recombine_pseudolabel,0.5,0.8,random_forest,3,158,61,1.3860759493670887,True,0.8446326490308419,0.8040540814399719,0.85,reaction_role_concat,6144,random_forest,False,valid,r2,0.665355776463033,1,0.05,random,,
condition_recombine_pseudolabel__mult_0.5__sim_0.8__teacher_rf__seed_3,condition_recombine_pseudolabel,0.5,0.8,random_forest,3,158,61,1.3860759493670887,True,0.8446326490308419,0.8040540814399719,0.85,reaction_role_concat,6144,random_forest,False,valid,spearman,0.8204268235592196,1,0.05,random,,
condition_recombine_pseudolabel__mult_0.5__sim_0.8__teacher_rf__seed_4,condition_recombine_pseudolabel,0.5,0.8,random_forest,4,158,67,1.4240506329113924,True,0.8401495908623311,0.8040540814399719,0.85,reaction_role_concat,6144,random_forest,False,valid,rmse,15.394993460998695,1,0.05,random,,
condition_recombine_pseudolabel__mult_0.5__sim_0.8__teacher_rf__seed_4,condition_recombine_pseudolabel,0.5,0.8,random_forest,4,158,67,1.4240506329113924,True,0.8401495908623311,0.8040540814399719,0.85,reaction_role_concat,6144,random_forest,False,valid,mae,11.326260327407832,1,0.05,random,,
condition_recombine_pseudolabel__mult_0.5__sim_0.8__teacher_rf__seed_4,condition_recombine_pseudolabel,0.5,0.8,random_forest,4,158,67,1.4240506329113924,True,0.8401495908623311,0.8040540814399719,0.85,reaction_role_concat,6144,random_forest,False,valid,r2,0.6745980158021685,1,0.05,random,,
condition_recombine_pseudolabel__mult_0.5__sim_0.8__teacher_rf__seed_4,condition_recombine_pseudolabel,0.5,0.8,random_forest,4,158,67,1.4240506329113924,True,0.8401495908623311,0.8040540814399719,0.85,reaction_role_concat,6144,random_forest,False,valid,spearman,0.8259985360298835,1,0.05,random,,
condition_recombine_pseudolabel__mult_0.5__sim_0.85__teacher_ridge__seed_0,condition_recombine_pseudolabel,0.5,0.85,ridge,0,158,40,1.2531645569620253,True,0.85,0.85,0.85,reaction_role_concat,6144,random_forest,False,valid,rmse,15.586096697801057,1,0.05,random,,
condition_recombine_pseudolabel__mult_0.5__sim_0.85__teacher_ridge__seed_0,condition_recombine_pseudolabel,0.5,0.85,ridge,0,158,40,1.2531645569620253,True,0.85,0.85,0.85,reaction_role_concat,6144,random_forest,False,valid,mae,11.652228342893757,1,0.05,random,,
condition_recombine_pseudolabel__mult_0.5__sim_0.85__teacher_ridge__seed_0,condition_recombine_pseudolabel,0.5,0.85,ridge,0,158,40,1.2531645569620253,True,0.85,0.85,0.85,reaction_role_concat,6144,random_forest,False,valid,r2,0.6664692255454469,1,0.05,random,,
condition_recombine_pseudolabel__mult_0.5__sim_0.85__teacher_ridge__seed_0,condition_recombine_pseudolabel,0.5,0.85,ridge,0,158,40,1.2531645569620253,True,0.85,0.85,0.85,reaction_role_concat,6144,random_forest,False,valid,spearman,0.8167242918108115,1,0.05,random,,
condition_recombine_pseudolabel__mult_0.5__sim_0.85__teacher_ridge__seed_1,condition_recombine_pseudolabel,0.5,0.85,ridge,1,158,35,1.2215189873417722,True,0.8500000000000001,0.85,0.85,reaction_role_concat,6144,random_forest,False,valid,rmse,15.606184560456168,1,0.05,random,,
condition_recombine_pseudolabel__mult_0.5__sim_0.85__teacher_ridge__seed_1,condition_recombine_pseudolabel,0.5,0.85,ridge,1,158,35,1.2215189873417722,True,0.8500000000000001,0.85,0.85,reaction_role_concat,6144,random_forest,False,valid,mae,11.54688652375831,1,0.05,random,,
condition_recombine_pseudolabel__mult_0.5__sim_0.85__teacher_ridge__seed_1,condition_recombine_pseudolabel,0.5,0.85,ridge,1,158,35,1.2215189873417722,True,0.8500000000000001,0.85,0.85,reaction_role_concat,6144,random_forest,False,valid,r2,0.6656089411452004,1,0.05,random,,
condition_recombine_pseudolabel__mult_0.5__sim_0.85__teacher_ridge__seed_1,condition_recombine_pseudolabel,0.5,0.85,ridge,1,158,35,1.2215189873417722,True,0.8500000000000001,0.85,0.85,reaction_role_concat,6144,random_forest,False,valid,spearman,0.8150702839917845,1,0.05,random,,
condition_recombine_pseudolabel__mult_0.5__sim_0.85__teacher_ridge__seed_2,condition_recombine_pseudolabel,0.5,0.85,ridge,2,158,47,1.2974683544303798,True,0.8500000000000002,0.85,0.85,reaction_role_concat,6144,random_forest,False,valid,rmse,15.627401996657076,1,0.05,random,,
condition_recombine_pseudolabel__mult_0.5__sim_0.85__teacher_ridge__seed_2,condition_recombine_pseudolabel,0.5,0.85,ridge,2,158,47,1.2974683544303798,True,0.8500000000000002,0.85,0.85,reaction_role_concat,6144,random_forest,False,valid,mae,11.7891751156902,1,0.05,random,,
condition_recombine_pseudolabel__mult_0.5__sim_0.85__teacher_ridge__seed_2,condition_recombine_pseudolabel,0.5,0.85,ridge,2,158,47,1.2974683544303798,True,0.8500000000000002,0.85,0.85,reaction_role_concat,6144,random_forest,False,valid,r2,0.6646990782776043,1,0.05,random,,
condition_recombine_pseudolabel__mult_0.5__sim_0.85__teacher_ridge__seed_2,condition_recombine_pseudolabel,0.5,0.85,ridge,2,158,47,1.2974683544303798,True,0.8500000000000002,0.85,0.85,reaction_role_concat,6144,random_forest,False,valid,spearman,0.8173232708608853,1,0.05,random,,
condition_recombine_pseudolabel__mult_0.5__sim_0.85__teacher_ridge__seed_3,condition_recombine_pseudolabel,0.5,0.85,ridge,3,158,45,1.2848101265822784,True,0.8500000000000002,0.85,0.85,reaction_role_concat,6144,random_forest,False,valid,rmse,15.000447238407997,1,0.05,random,,
condition_recombine_pseudolabel__mult_0.5__sim_0.85__teacher_ridge__seed_3,condition_recombine_pseudolabel,0.5,0.85,ridge,3,158,45,1.2848101265822784,True,0.8500000000000002,0.85,0.85,reaction_role_concat,6144,random_forest,False,valid,mae,11.086735623958743,1,0.05,random,,
condition_recombine_pseudolabel__mult_0.5__sim_0.85__teacher_ridge__seed_3,condition_recombine_pseudolabel,0.5,0.85,ridge,3,158,45,1.2848101265822784,True,0.8500000000000002,0.85,0.85,reaction_role_concat,6144,random_forest,False,valid,r2,0.6910632348793921,1,0.05,random,,
condition_recombine_pseudolabel__mult_0.5__sim_0.85__teacher_ridge__seed_3,condition_recombine_pseudolabel,0.5,0.85,ridge,3,158,45,1.2848101265822784,True,0.8500000000000002,0.85,0.85,reaction_role_concat,6144,random_forest,False,valid,spearman,0.8353874742218076,1,0.05,random,,
condition_recombine_pseudolabel__mult_0.5__sim_0.85__teacher_ridge__seed_4,condition_recombine_pseudolabel,0.5,0.85,ridge,4,158,36,1.2278481012658229,True,0.8500000000000001,0.85,0.85,reaction_role_concat,6144,random_forest,False,valid,rmse,15.364925473753205,1,0.05,random,,
condition_recombine_pseudolabel__mult_0.5__sim_0.85__teacher_ridge__seed_4,condition_recombine_pseudolabel,0.5,0.85,ridge,4,158,36,1.2278481012658229,True,0.8500000000000001,0.85,0.85,reaction_role_concat,6144,random_forest,False,valid,mae,11.4760873921423,1,0.05,random,,
condition_recombine_pseudolabel__mult_0.5__sim_0.85__teacher_ridge__seed_4,condition_recombine_pseudolabel,0.5,0.85,ridge,4,158,36,1.2278481012658229,True,0.8500000000000001,0.85,0.85,reaction_role_concat,6144,random_forest,False,valid,r2,0.6758678608311444,1,0.05,random,,
condition_recombine_pseudolabel__mult_0.5__sim_0.85__teacher_ridge__seed_4,condition_recombine_pseudolabel,0.5,0.85,ridge,4,158,36,1.2278481012658229,True,0.8500000000000001,0.85,0.85,reaction_role_concat,6144,random_forest,False,valid,spearman,0.8293112251065594,1,0.05,random,,
condition_recombine_pseudolabel__mult_0.5__sim_0.85__teacher_rf__seed_0,condition_recombine_pseudolabel,0.5,0.85,random_forest,0,158,40,1.2531645569620253,True,0.85,0.85,0.85,reaction_role_concat,6144,random_forest,False,valid,rmse,15.69054927805124,1,0.05,random,,
condition_recombine_pseudolabel__mult_0.5__sim_0.85__teacher_rf__seed_0,condition_recombine_pseudolabel,0.5,0.85,random_forest,0,158,40,1.2531645569620253,True,0.85,0.85,0.85,reaction_role_concat,6144,random_forest,False,valid,mae,11.536862037975576,1,0.05,random,,
condition_recombine_pseudolabel__mult_0.5__sim_0.85__teacher_rf__seed_0,condition_recombine_pseudolabel,0.5,0.85,random_forest,0,158,40,1.2531645569620253,True,0.85,0.85,0.85,reaction_role_concat,6144,random_forest,False,valid,r2,0.661983832284594,1,0.05,random,,
condition_recombine_pseudolabel__mult_0.5__sim_0.85__teacher_rf__seed_0,condition_recombine_pseudolabel,0.5,0.85,random_forest,0,158,40,1.2531645569620253,True,0.85,0.85,0.85,reaction_role_concat,6144,random_forest,False,valid,spearman,0.816410587243299,1,0.05,random,,
condition_recombine_pseudolabel__mult_0.5__sim_0.85__teacher_rf__seed_1,condition_recombine_pseudolabel,0.5,0.85,random_forest,1,158,35,1.2215189873417722,True,0.8500000000000001,0.85,0.85,reaction_role_concat,6144,random_forest,False,valid,rmse,15.760438838978718,1,0.05,random,,
condition_recombine_pseudolabel__mult_0.5__sim_0.85__teacher_rf__seed_1,condition_recombine_pseudolabel,0.5,0.85,random_forest,1,158,35,1.2215189873417722,True,0.8500000000000001,0.85,0.85,reaction_role_concat,6144,random_forest,False,valid,mae,11.662929438338251,1,0.05,random,,
condition_recombine_pseudolabel__mult_0.5__sim_0.85__teacher_rf__seed_1,condition_recombine_pseudolabel,0.5,0.85,random_forest,1,158,35,1.2215189873417722,True,0.8500000000000001,0.85,0.85,reaction_role_concat,6144,random_forest,False,valid,r2,0.658965911849033,1,0.05,random,,
condition_recombine_pseudolabel__mult_0.5__sim_0.85__teacher_rf__seed_1,condition_recombine_pseudolabel,0.5,0.85,random_forest,1,158,35,1.2215189873417722,True,0.8500000000000001,0.85,0.85,reaction_role_concat,6144,random_forest,False,valid,spearman,0.8087998924471075,1,0.05,random,,
condition_recombine_pseudolabel__mult_0.5__sim_0.85__teacher_rf__seed_2,condition_recombine_pseudolabel,0.5,0.85,random_forest,2,158,47,1.2974683544303798,True,0.8500000000000002,0.85,0.85,reaction_role_concat,6144,random_forest,False,valid,rmse,15.457535475924248,1,0.05,random,,
condition_recombine_pseudolabel__mult_0.5__sim_0.85__teacher_rf__seed_2,condition_recombine_pseudolabel,0.5,0.85,random_forest,2,158,47,1.2974683544303798,True,0.8500000000000002,0.85,0.85,reaction_role_concat,6144,random_forest,False,valid,mae,11.400765320176564,1,0.05,random,,
condition_recombine_pseudolabel__mult_0.5__sim_0.85__teacher_rf__seed_2,condition_recombine_pseudolabel,0.5,0.85,random_forest,2,158,47,1.2974683544303798,True,0.8500000000000002,0.85,0.85,reaction_role_concat,6144,random_forest,False,valid,r2,0.6719487604741741,1,0.05,random,,
condition_recombine_pseudolabel__mult_0.5__sim_0.85__teacher_rf__seed_2,condition_recombine_pseudolabel,0.5,0.85,random_forest,2,158,47,1.2974683544303798,True,0.8500000000000002,0.85,0.85,reaction_role_concat,6144,random_forest,False,valid,spearman,0.8213944200806166,1,0.05,random,,
condition_recombine_pseudolabel__mult_0.5__sim_0.85__teacher_rf__seed_3,condition_recombine_pseudolabel,0.5,0.85,random_forest,3,158,45,1.2848101265822784,True,0.8500000000000002,0.85,0.85,reaction_role_concat,6144,random_forest,False,valid,rmse,15.648074847455247,1,0.05,random,,
condition_recombine_pseudolabel__mult_0.5__sim_0.85__teacher_rf__seed_3,condition_recombine_pseudolabel,0.5,0.85,random_forest,3,158,45,1.2848101265822784,True,0.8500000000000002,0.85,0.85,reaction_role_concat,6144,random_forest,False,valid,mae,11.521133818542655,1,0.05,random,,
condition_recombine_pseudolabel__mult_0.5__sim_0.85__teacher_rf__seed_3,condition_recombine_pseudolabel,0.5,0.85,random_forest,3,158,45,1.2848101265822784,True,0.8500000000000002,0.85,0.85,reaction_role_concat,6144,random_forest,False,valid,r2,0.6638113797707217,1,0.05,random,,
condition_recombine_pseudolabel__mult_0.5__sim_0.85__teacher_rf__seed_3,condition_recombine_pseudolabel,0.5,0.85,random_forest,3,158,45,1.2848101265822784,True,0.8500000000000002,0.85,0.85,reaction_role_concat,6144,random_forest,False,valid,spearman,0.8185126609902256,1,0.05,random,,
condition_recombine_pseudolabel__mult_0.5__sim_0.85__teacher_rf__seed_4,condition_recombine_pseudolabel,0.5,0.85,random_forest,4,158,36,1.2278481012658229,True,0.8500000000000001,0.85,0.85,reaction_role_concat,6144,random_forest,False,valid,rmse,15.684633416226424,1,0.05,random,,
condition_recombine_pseudolabel__mult_0.5__sim_0.85__teacher_rf__seed_4,condition_recombine_pseudolabel,0.5,0.85,random_forest,4,158,36,1.2278481012658229,True,0.8500000000000001,0.85,0.85,reaction_role_concat,6144,random_forest,False,valid,mae,11.621869641169717,1,0.05,random,,
condition_recombine_pseudolabel__mult_0.5__sim_0.85__teacher_rf__seed_4,condition_recombine_pseudolabel,0.5,0.85,random_forest,4,158,36,1.2278481012658229,True,0.8500000000000001,0.85,0.85,reaction_role_concat,6144,random_forest,False,valid,r2,0.6622386710335196,1,0.05,random,,
condition_recombine_pseudolabel__mult_0.5__sim_0.85__teacher_rf__seed_4,condition_recombine_pseudolabel,0.5,0.85,random_forest,4,158,36,1.2278481012658229,True,0.8500000000000001,0.85,0.85,reaction_role_concat,6144,random_forest,False,valid,spearman,0.8184244498362324,1,0.05,random,,
condition_recombine_pseudolabel__mult_0.5__sim_0.9__teacher_ridge__seed_0,condition_recombine_pseudolabel,0.5,0.9,ridge,0,158,16,1.1012658227848102,True,0.85,0.85,0.85,reaction_role_concat,6144,random_forest,False,valid,rmse,15.48343679490187,1,0.05,random,,
condition_recombine_pseudolabel__mult_0.5__sim_0.9__teacher_ridge__seed_0,condition_recombine_pseudolabel,0.5,0.9,ridge,0,158,16,1.1012658227848102,True,0.85,0.85,0.85,reaction_role_concat,6144,random_forest,False,valid,mae,11.494605354542976,1,0.05,random,,
condition_recombine_pseudolabel__mult_0.5__sim_0.9__teacher_ridge__seed_0,condition_recombine_pseudolabel,0.5,0.9,ridge,0,158,16,1.1012658227848102,True,0.85,0.85,0.85,reaction_role_concat,6144,random_forest,False,valid,r2,0.6708484455181489,1,0.05,random,,
condition_recombine_pseudolabel__mult_0.5__sim_0.9__teacher_ridge__seed_0,condition_recombine_pseudolabel,0.5,0.9,ridge,0,158,16,1.1012658227848102,True,0.85,0.85,0.85,reaction_role_concat,6144,random_forest,False,valid,spearman,0.8221992251566747,1,0.05,random,,
condition_recombine_pseudolabel__mult_0.5__sim_0.9__teacher_ridge__seed_1,condition_recombine_pseudolabel,0.5,0.9,ridge,1,158,17,1.1075949367088607,True,0.85,0.85,0.85,reaction_role_concat,6144,random_forest,False,valid,rmse,15.351877616169821,1,0.05,random,,
condition_recombine_pseudolabel__mult_0.5__sim_0.9__teacher_ridge__seed_1,condition_recombine_pseudolabel,0.5,0.9,ridge,1,158,17,1.1075949367088607,True,0.85,0.85,0.85,reaction_role_concat,6144,random_forest,False,valid,mae,11.39045478924543,1,0.05,random,,
condition_recombine_pseudolabel__mult_0.5__sim_0.9__teacher_ridge__seed_1,condition_recombine_pseudolabel,0.5,0.9,ridge,1,158,17,1.1075949367088607,True,0.85,0.85,0.85,reaction_role_concat,6144,random_forest,False,valid,r2,0.6764181315462676,1,0.05,random,,
condition_recombine_pseudolabel__mult_0.5__sim_0.9__teacher_ridge__seed_1,condition_recombine_pseudolabel,0.5,0.9,ridge,1,158,17,1.1075949367088607,True,0.85,0.85,0.85,reaction_role_concat,6144,random_forest,False,valid,spearman,0.8272282345673398,1,0.05,random,,
condition_recombine_pseudolabel__mult_0.5__sim_0.9__teacher_ridge__seed_2,condition_recombine_pseudolabel,0.5,0.9,ridge,2,158,23,1.1455696202531647,True,0.8500000000000002,0.85,0.85,reaction_role_concat,6144,random_forest,False,valid,rmse,15.571822938380421,1,0.05,random,,
condition_recombine_pseudolabel__mult_0.5__sim_0.9__teacher_ridge__seed_2,condition_recombine_pseudolabel,0.5,0.9,ridge,2,158,23,1.1455696202531647,True,0.8500000000000002,0.85,0.85,reaction_role_concat,6144,random_forest,False,valid,mae,11.557206156663504,1,0.05,random,,
condition_recombine_pseudolabel__mult_0.5__sim_0.9__teacher_ridge__seed_2,condition_recombine_pseudolabel,0.5,0.9,ridge,2,158,23,1.1455696202531647,True,0.8500000000000002,0.85,0.85,reaction_role_concat,6144,random_forest,False,valid,r2,0.6670798412990147,1,0.05,random,,
condition_recombine_pseudolabel__mult_0.5__sim_0.9__teacher_ridge__seed_2,condition_recombine_pseudolabel,0.5,0.9,ridge,2,158,23,1.1455696202531647,True,0.8500000000000002,0.85,0.85,reaction_role_concat,6144,random_forest,False,valid,spearman,0.82233144452436,1,0.05,random,,
condition_recombine_pseudolabel__mult_0.5__sim_0.9__teacher_ridge__seed_3,condition_recombine_pseudolabel,0.5,0.9,ridge,3,158,21,1.1329113924050633,True,0.8500000000000001,0.85,0.85,reaction_role_concat,6144,random_forest,False,valid,rmse,15.415767427732117,1,0.05,random,,
condition_recombine_pseudolabel__mult_0.5__sim_0.9__teacher_ridge__seed_3,condition_recombine_pseudolabel,0.5,0.9,ridge,3,158,21,1.1329113924050633,True,0.8500000000000001,0.85,0.85,reaction_role_concat,6144,random_forest,False,valid,mae,11.35873745408843,1,0.05,random,,
condition_recombine_pseudolabel__mult_0.5__sim_0.9__teacher_ridge__seed_3,condition_recombine_pseudolabel,0.5,0.9,ridge,3,158,21,1.1329113924050633,True,0.8500000000000001,0.85,0.85,reaction_role_concat,6144,random_forest,False,valid,r2,0.6737192299941184,1,0.05,random,,
condition_recombine_pseudolabel__mult_0.5__sim_0.9__teacher_ridge__seed_3,condition_recombine_pseudolabel,0.5,0.9,ridge,3,158,21,1.1329113924050633,True,0.8500000000000001,0.85,0.85,reaction_role_concat,6144,random_forest,False,valid,spearman,0.8239576064382632,1,0.05,random,,
condition_recombine_pseudolabel__mult_0.5__sim_0.9__teacher_ridge__seed_4,condition_recombine_pseudolabel,0.5,0.9,ridge,4,158,9,1.0569620253164558,True,0.85,0.85,0.85,reaction_role_concat,6144,random_forest,False,valid,rmse,15.28469596207887,1,0.05,random,,
condition_recombine_pseudolabel__mult_0.5__sim_0.9__teacher_ridge__seed_4,condition_recombine_pseudolabel,0.5,0.9,ridge,4,158,9,1.0569620253164558,True,0.85,0.85,0.85,reaction_role_concat,6144,random_forest,False,valid,mae,11.28940343940711,1,0.05,random,,
condition_recombine_pseudolabel__mult_0.5__sim_0.9__teacher_ridge__seed_4,condition_recombine_pseudolabel,0.5,0.9,ridge,4,158,9,1.0569620253164558,True,0.85,0.85,0.85,reaction_role_concat,6144,random_forest,False,valid,r2,0.6792440007955732,1,0.05,random,,
condition_recombine_pseudolabel__mult_0.5__sim_0.9__teacher_ridge__seed_4,condition_recombine_pseudolabel,0.5,0.9,ridge,4,158,9,1.0569620253164558,True,0.85,0.85,0.85,reaction_role_concat,6144,random_forest,False,valid,spearman,0.8301117461972141,1,0.05,random,,
condition_recombine_pseudolabel__mult_0.5__sim_0.9__teacher_rf__seed_0,condition_recombine_pseudolabel,0.5,0.9,random_forest,0,158,16,1.1012658227848102,True,0.85,0.85,0.85,reaction_role_concat,6144,random_forest,False,valid,rmse,15.522764197753654,1,0.05,random,,
condition_recombine_pseudolabel__mult_0.5__sim_0.9__teacher_rf__seed_0,condition_recombine_pseudolabel,0.5,0.9,random_forest,0,158,16,1.1012658227848102,True,0.85,0.85,0.85,reaction_role_concat,6144,random_forest,False,valid,mae,11.457998248314556,1,0.05,random,,
condition_recombine_pseudolabel__mult_0.5__sim_0.9__teacher_rf__seed_0,condition_recombine_pseudolabel,0.5,0.9,random_forest,0,158,16,1.1012658227848102,True,0.85,0.85,0.85,reaction_role_concat,6144,random_forest,False,valid,r2,0.6691742545136325,1,0.05,random,,
condition_recombine_pseudolabel__mult_0.5__sim_0.9__teacher_rf__seed_0,condition_recombine_pseudolabel,0.5,0.9,random_forest,0,158,16,1.1012658227848102,True,0.85,0.85,0.85,reaction_role_concat,6144,random_forest,False,valid,spearman,0.8224599640864695,1,0.05,random,,
condition_recombine_pseudolabel__mult_0.5__sim_0.9__teacher_rf__seed_1,condition_recombine_pseudolabel,0.5,0.9,random_forest,1,158,17,1.1075949367088607,True,0.85,0.85,0.85,reaction_role_concat,6144,random_forest,False,valid,rmse,15.521975836327309,1,0.05,random,,
condition_recombine_pseudolabel__mult_0.5__sim_0.9__teacher_rf__seed_1,condition_recombine_pseudolabel,0.5,0.9,random_forest,1,158,17,1.1075949367088607,True,0.85,0.85,0.85,reaction_role_concat,6144,random_forest,False,valid,mae,11.41180664563179,1,0.05,random,,
condition_recombine_pseudolabel__mult_0.5__sim_0.9__teacher_rf__seed_1,condition_recombine_pseudolabel,0.5,0.9,random_forest,1,158,17,1.1075949367088607,True,0.85,0.85,0.85,reaction_role_concat,6144,random_forest,False,valid,r2,0.6692078572444758,1,0.05,random,,
condition_recombine_pseudolabel__mult_0.5__sim_0.9__teacher_rf__seed_1,condition_recombine_pseudolabel,0.5,0.9,random_forest,1,158,17,1.1075949367088607,True,0.85,0.85,0.85,reaction_role_concat,6144,random_forest,False,valid,spearman,0.8210213238972806,1,0.05,random,,
condition_recombine_pseudolabel__mult_0.5__sim_0.9__teacher_rf__seed_2,condition_recombine_pseudolabel,0.5,0.9,random_forest,2,158,23,1.1455696202531647,True,0.8500000000000002,0.85,0.85,reaction_role_concat,6144,random_forest,False,valid,rmse,15.517601782779026,1,0.05,random,,
condition_recombine_pseudolabel__mult_0.5__sim_0.9__teacher_rf__seed_2,condition_recombine_pseudolabel,0.5,0.9,random_forest,2,158,23,1.1455696202531647,True,0.8500000000000002,0.85,0.85,reaction_role_concat,6144,random_forest,False,valid,mae,11.487693924923486,1,0.05,random,,
condition_recombine_pseudolabel__mult_0.5__sim_0.9__teacher_rf__seed_2,condition_recombine_pseudolabel,0.5,0.9,random_forest,2,158,23,1.1455696202531647,True,0.8500000000000002,0.85,0.85,reaction_role_concat,6144,random_forest,False,valid,r2,0.6693942637553838,1,0.05,random,,
condition_recombine_pseudolabel__mult_0.5__sim_0.9__teacher_rf__seed_2,condition_recombine_pseudolabel,0.5,0.9,random_forest,2,158,23,1.1455696202531647,True,0.8500000000000002,0.85,0.85,reaction_role_concat,6144,random_forest,False,valid,spearman,0.8214884730328875,1,0.05,random,,
condition_recombine_pseudolabel__mult_0.5__sim_0.9__teacher_rf__seed_3,condition_recombine_pseudolabel,0.5,0.9,random_forest,3,158,21,1.1329113924050633,True,0.8500000000000001,0.85,0.85,reaction_role_concat,6144,random_forest,False,valid,rmse,15.41888383163113,1,0.05,random,,
condition_recombine_pseudolabel__mult_0.5__sim_0.9__teacher_rf__seed_3,condition_recombine_pseudolabel,0.5,0.9,random_forest,3,158,21,1.1329113924050633,True,0.8500000000000001,0.85,0.85,reaction_role_concat,6144,random_forest,False,valid,mae,11.22091047010618,1,0.05,random,,
condition_recombine_pseudolabel__mult_0.5__sim_0.9__teacher_rf__seed_3,condition_recombine_pseudolabel,0.5,0.9,random_forest,3,158,21,1.1329113924050633,True,0.8500000000000001,0.85,0.85,reaction_role_concat,6144,random_forest,False,valid,r2,0.6735872968357531,1,0.05,random,,
condition_recombine_pseudolabel__mult_0.5__sim_0.9__teacher_rf__seed_3,condition_recombine_pseudolabel,0.5,0.9,random_forest,3,158,21,1.1329113924050633,True,0.8500000000000001,0.85,0.85,reaction_role_concat,6144,random_forest,False,valid,spearman,0.8224677531508398,1,0.05,random,,
condition_recombine_pseudolabel__mult_0.5__sim_0.9__teacher_rf__seed_4,condition_recombine_pseudolabel,0.5,0.9,random_forest,4,158,9,1.0569620253164558,True,0.85,0.85,0.85,reaction_role_concat,6144,random_forest,False,valid,rmse,15.479011141410918,1,0.05,random,,
condition_recombine_pseudolabel__mult_0.5__sim_0.9__teacher_rf__seed_4,condition_recombine_pseudolabel,0.5,0.9,random_forest,4,158,9,1.0569620253164558,True,0.85,0.85,0.85,reaction_role_concat,6144,random_forest,False,valid,mae,11.429134127041964,1,0.05,random,,
condition_recombine_pseudolabel__mult_0.5__sim_0.9__teacher_rf__seed_4,condition_recombine_pseudolabel,0.5,0.9,random_forest,4,158,9,1.0569620253164558,True,0.85,0.85,0.85,reaction_role_concat,6144,random_forest,False,valid,r2,0.6710365823715561,1,0.05,random,,
condition_recombine_pseudolabel__mult_0.5__sim_0.9__teacher_rf__seed_4,condition_recombine_pseudolabel,0.5,0.9,random_forest,4,158,9,1.0569620253164558,True,0.85,0.85,0.85,reaction_role_concat,6144,random_forest,False,valid,spearman,0.822646901631356,1,0.05,random,,
condition_recombine_pseudolabel__mult_0.5__sim_0.95__teacher_ridge__seed_0,condition_recombine_pseudolabel,0.5,0.95,ridge,0,158,0,1.0,True,,,,reaction_role_concat,6144,random_forest,False,valid,rmse,15.260755125839381,1,0.05,random,,
condition_recombine_pseudolabel__mult_0.5__sim_0.95__teacher_ridge__seed_0,condition_recombine_pseudolabel,0.5,0.95,ridge,0,158,0,1.0,True,,,,reaction_role_concat,6144,random_forest,False,valid,mae,11.288566241229637,1,0.05,random,,
condition_recombine_pseudolabel__mult_0.5__sim_0.95__teacher_ridge__seed_0,condition_recombine_pseudolabel,0.5,0.95,ridge,0,158,0,1.0,True,,,,reaction_role_concat,6144,random_forest,False,valid,r2,0.6802480316018862,1,0.05,random,,
condition_recombine_pseudolabel__mult_0.5__sim_0.95__teacher_ridge__seed_0,condition_recombine_pseudolabel,0.5,0.95,ridge,0,158,0,1.0,True,,,,reaction_role_concat,6144,random_forest,False,valid,spearman,0.8298677537558153,1,0.05,random,,
condition_recombine_pseudolabel__mult_0.5__sim_0.95__teacher_ridge__seed_1,condition_recombine_pseudolabel,0.5,0.95,ridge,1,158,0,1.0,True,,,,reaction_role_concat,6144,random_forest,False,valid,rmse,15.260755125839381,1,0.05,random,,
condition_recombine_pseudolabel__mult_0.5__sim_0.95__teacher_ridge__seed_1,condition_recombine_pseudolabel,0.5,0.95,ridge,1,158,0,1.0,True,,,,reaction_role_concat,6144,random_forest,False,valid,mae,11.288566241229637,1,0.05,random,,
condition_recombine_pseudolabel__mult_0.5__sim_0.95__teacher_ridge__seed_1,condition_recombine_pseudolabel,0.5,0.95,ridge,1,158,0,1.0,True,,,,reaction_role_concat,6144,random_forest,False,valid,r2,0.6802480316018862,1,0.05,random,,
condition_recombine_pseudolabel__mult_0.5__sim_0.95__teacher_ridge__seed_1,condition_recombine_pseudolabel,0.5,0.95,ridge,1,158,0,1.0,True,,,,reaction_role_concat,6144,random_forest,False,valid,spearman,0.8298677537558153,1,0.05,random,,
condition_recombine_pseudolabel__mult_0.5__sim_0.95__teacher_ridge__seed_2,condition_recombine_pseudolabel,0.5,0.95,ridge,2,158,0,1.0,True,,,,reaction_role_concat,6144,random_forest,False,valid,rmse,15.260755125839381,1,0.05,random,,
condition_recombine_pseudolabel__mult_0.5__sim_0.95__teacher_ridge__seed_2,condition_recombine_pseudolabel,0.5,0.95,ridge,2,158,0,1.0,True,,,,reaction_role_concat,6144,random_forest,False,valid,mae,11.288566241229637,1,0.05,random,,
condition_recombine_pseudolabel__mult_0.5__sim_0.95__teacher_ridge__seed_2,condition_recombine_pseudolabel,0.5,0.95,ridge,2,158,0,1.0,True,,,,reaction_role_concat,6144,random_forest,False,valid,r2,0.6802480316018862,1,0.05,random,,
condition_recombine_pseudolabel__mult_0.5__sim_0.95__teacher_ridge__seed_2,condition_recombine_pseudolabel,0.5,0.95,ridge,2,158,0,1.0,True,,,,reaction_role_concat,6144,random_forest,False,valid,spearman,0.8298677537558153,1,0.05,random,,
condition_recombine_pseudolabel__mult_0.5__sim_0.95__teacher_ridge__seed_3,condition_recombine_pseudolabel,0.5,0.95,ridge,3,158,0,1.0,True,,,,reaction_role_concat,6144,random_forest,False,valid,rmse,15.260755125839381,1,0.05,random,,
condition_recombine_pseudolabel__mult_0.5__sim_0.95__teacher_ridge__seed_3,condition_recombine_pseudolabel,0.5,0.95,ridge,3,158,0,1.0,True,,,,reaction_role_concat,6144,random_forest,False,valid,mae,11.288566241229637,1,0.05,random,,
condition_recombine_pseudolabel__mult_0.5__sim_0.95__teacher_ridge__seed_3,condition_recombine_pseudolabel,0.5,0.95,ridge,3,158,0,1.0,True,,,,reaction_role_concat,6144,random_forest,False,valid,r2,0.6802480316018862,1,0.05,random,,
condition_recombine_pseudolabel__mult_0.5__sim_0.95__teacher_ridge__seed_3,condition_recombine_pseudolabel,0.5,0.95,ridge,3,158,0,1.0,True,,,,reaction_role_concat,6144,random_forest,False,valid,spearman,0.8298677537558153,1,0.05,random,,
condition_recombine_pseudolabel__mult_0.5__sim_0.95__teacher_ridge__seed_4,condition_recombine_pseudolabel,0.5,0.95,ridge,4,158,0,1.0,True,,,,reaction_role_concat,6144,random_forest,False,valid,rmse,15.260755125839381,1,0.05,random,,
condition_recombine_pseudolabel__mult_0.5__sim_0.95__teacher_ridge__seed_4,condition_recombine_pseudolabel,0.5,0.95,ridge,4,158,0,1.0,True,,,,reaction_role_concat,6144,random_forest,False,valid,mae,11.288566241229637,1,0.05,random,,
condition_recombine_pseudolabel__mult_0.5__sim_0.95__teacher_ridge__seed_4,condition_recombine_pseudolabel,0.5,0.95,ridge,4,158,0,1.0,True,,,,reaction_role_concat,6144,random_forest,False,valid,r2,0.6802480316018862,1,0.05,random,,
condition_recombine_pseudolabel__mult_0.5__sim_0.95__teacher_ridge__seed_4,condition_recombine_pseudolabel,0.5,0.95,ridge,4,158,0,1.0,True,,,,reaction_role_concat,6144,random_forest,False,valid,spearman,0.8298677537558153,1,0.05,random,,
condition_recombine_pseudolabel__mult_0.5__sim_0.95__teacher_rf__seed_0,condition_recombine_pseudolabel,0.5,0.95,random_forest,0,158,0,1.0,True,,,,reaction_role_concat,6144,random_forest,False,valid,rmse,15.260755125839381,1,0.05,random,,
condition_recombine_pseudolabel__mult_0.5__sim_0.95__teacher_rf__seed_0,condition_recombine_pseudolabel,0.5,0.95,random_forest,0,158,0,1.0,True,,,,reaction_role_concat,6144,random_forest,False,valid,mae,11.288566241229637,1,0.05,random,,
condition_recombine_pseudolabel__mult_0.5__sim_0.95__teacher_rf__seed_0,condition_recombine_pseudolabel,0.5,0.95,random_forest,0,158,0,1.0,True,,,,reaction_role_concat,6144,random_forest,False,valid,r2,0.6802480316018862,1,0.05,random,,
condition_recombine_pseudolabel__mult_0.5__sim_0.95__teacher_rf__seed_0,condition_recombine_pseudolabel,0.5,0.95,random_forest,0,158,0,1.0,True,,,,reaction_role_concat,6144,random_forest,False,valid,spearman,0.8298677537558153,1,0.05,random,,
condition_recombine_pseudolabel__mult_0.5__sim_0.95__teacher_rf__seed_1,condition_recombine_pseudolabel,0.5,0.95,random_forest,1,158,0,1.0,True,,,,reaction_role_concat,6144,random_forest,False,valid,rmse,15.260755125839381,1,0.05,random,,
condition_recombine_pseudolabel__mult_0.5__sim_0.95__teacher_rf__seed_1,condition_recombine_pseudolabel,0.5,0.95,random_forest,1,158,0,1.0,True,,,,reaction_role_concat,6144,random_forest,False,valid,mae,11.288566241229637,1,0.05,random,,
condition_recombine_pseudolabel__mult_0.5__sim_0.95__teacher_rf__seed_1,condition_recombine_pseudolabel,0.5,0.95,random_forest,1,158,0,1.0,True,,,,reaction_role_concat,6144,random_forest,False,valid,r2,0.6802480316018862,1,0.05,random,,
condition_recombine_pseudolabel__mult_0.5__sim_0.95__teacher_rf__seed_1,condition_recombine_pseudolabel,0.5,0.95,random_forest,1,158,0,1.0,True,,,,reaction_role_concat,6144,random_forest,False,valid,spearman,0.8298677537558153,1,0.05,random,,
condition_recombine_pseudolabel__mult_0.5__sim_0.95__teacher_rf__seed_2,condition_recombine_pseudolabel,0.5,0.95,random_forest,2,158,0,1.0,True,,,,reaction_role_concat,6144,random_forest,False,valid,rmse,15.260755125839381,1,0.05,random,,
condition_recombine_pseudolabel__mult_0.5__sim_0.95__teacher_rf__seed_2,condition_recombine_pseudolabel,0.5,0.95,random_forest,2,158,0,1.0,True,,,,reaction_role_concat,6144,random_forest,False,valid,mae,11.288566241229637,1,0.05,random,,
condition_recombine_pseudolabel__mult_0.5__sim_0.95__teacher_rf__seed_2,condition_recombine_pseudolabel,0.5,0.95,random_forest,2,158,0,1.0,True,,,,reaction_role_concat,6144,random_forest,False,valid,r2,0.6802480316018862,1,0.05,random,,
condition_recombine_pseudolabel__mult_0.5__sim_0.95__teacher_rf__seed_2,condition_recombine_pseudolabel,0.5,0.95,random_forest,2,158,0,1.0,True,,,,reaction_role_concat,6144,random_forest,False,valid,spearman,0.8298677537558153,1,0.05,random,,
condition_recombine_pseudolabel__mult_0.5__sim_0.95__teacher_rf__seed_3,condition_recombine_pseudolabel,0.5,0.95,random_forest,3,158,0,1.0,True,,,,reaction_role_concat,6144,random_forest,False,valid,rmse,15.260755125839381,1,0.05,random,,
condition_recombine_pseudolabel__mult_0.5__sim_0.95__teacher_rf__seed_3,condition_recombine_pseudolabel,0.5,0.95,random_forest,3,158,0,1.0,True,,,,reaction_role_concat,6144,random_forest,False,valid,mae,11.288566241229637,1,0.05,random,,
condition_recombine_pseudolabel__mult_0.5__sim_0.95__teacher_rf__seed_3,condition_recombine_pseudolabel,0.5,0.95,random_forest,3,158,0,1.0,True,,,,reaction_role_concat,6144,random_forest,False,valid,r2,0.6802480316018862,1,0.05,random,,
condition_recombine_pseudolabel__mult_0.5__sim_0.95__teacher_rf__seed_3,condition_recombine_pseudolabel,0.5,0.95,random_forest,3,158,0,1.0,True,,,,reaction_role_concat,6144,random_forest,False,valid,spearman,0.8298677537558153,1,0.05,random,,
condition_recombine_pseudolabel__mult_0.5__sim_0.95__teacher_rf__seed_4,condition_recombine_pseudolabel,0.5,0.95,random_forest,4,158,0,1.0,True,,,,reaction_role_concat,6144,random_forest,False,valid,rmse,15.260755125839381,1,0.05,random,,
condition_recombine_pseudolabel__mult_0.5__sim_0.95__teacher_rf__seed_4,condition_recombine_pseudolabel,0.5,0.95,random_forest,4,158,0,1.0,True,,,,reaction_role_concat,6144,random_forest,False,valid,mae,11.288566241229637,1,0.05,random,,
condition_recombine_pseudolabel__mult_0.5__sim_0.95__teacher_rf__seed_4,condition_recombine_pseudolabel,0.5,0.95,random_forest,4,158,0,1.0,True,,,,reaction_role_concat,6144,random_forest,False,valid,r2,0.6802480316018862,1,0.05,random,,
condition_recombine_pseudolabel__mult_0.5__sim_0.95__teacher_rf__seed_4,condition_recombine_pseudolabel,0.5,0.95,random_forest,4,158,0,1.0,True,,,,reaction_role_concat,6144,random_forest,False,valid,spearman,0.8298677537558153,1,0.05,random,,
condition_recombine_pseudolabel__mult_1__sim_0.7__teacher_ridge__seed_0,condition_recombine_pseudolabel,1.0,0.7,ridge,0,158,158,2.0,True,0.8289142026931421,0.7437499761581421,0.85,reaction_role_concat,6144,random_forest,False,valid,rmse,15.844161567096513,1,0.05,random,,
condition_recombine_pseudolabel__mult_1__sim_0.7__teacher_ridge__seed_0,condition_recombine_pseudolabel,1.0,0.7,ridge,0,158,158,2.0,True,0.8289142026931421,0.7437499761581421,0.85,reaction_role_concat,6144,random_forest,False,valid,mae,11.887703512776502,1,0.05,random,,
condition_recombine_pseudolabel__mult_1__sim_0.7__teacher_ridge__seed_0,condition_recombine_pseudolabel,1.0,0.7,ridge,0,158,158,2.0,True,0.8289142026931421,0.7437499761581421,0.85,reaction_role_concat,6144,random_forest,False,valid,r2,0.6553330000472616,1,0.05,random,,
condition_recombine_pseudolabel__mult_1__sim_0.7__teacher_ridge__seed_0,condition_recombine_pseudolabel,1.0,0.7,ridge,0,158,158,2.0,True,0.8289142026931421,0.7437499761581421,0.85,reaction_role_concat,6144,random_forest,False,valid,spearman,0.8070691623440335,1,0.05,random,,
condition_recombine_pseudolabel__mult_1__sim_0.7__teacher_ridge__seed_1,condition_recombine_pseudolabel,1.0,0.7,ridge,1,158,158,2.0,True,0.829198223352432,0.7534246444702148,0.85,reaction_role_concat,6144,random_forest,False,valid,rmse,15.432595096317367,1,0.05,random,,
condition_recombine_pseudolabel__mult_1__sim_0.7__teacher_ridge__seed_1,condition_recombine_pseudolabel,1.0,0.7,ridge,1,158,158,2.0,True,0.829198223352432,0.7534246444702148,0.85,reaction_role_concat,6144,random_forest,False,valid,mae,11.72582601669544,1,0.05,random,,
condition_recombine_pseudolabel__mult_1__sim_0.7__teacher_ridge__seed_1,condition_recombine_pseudolabel,1.0,0.7,ridge,1,158,158,2.0,True,0.829198223352432,0.7534246444702148,0.85,reaction_role_concat,6144,random_forest,False,valid,r2,0.6730065127848304,1,0.05,random,,
condition_recombine_pseudolabel__mult_1__sim_0.7__teacher_ridge__seed_1,condition_recombine_pseudolabel,1.0,0.7,ridge,1,158,158,2.0,True,0.829198223352432,0.7534246444702148,0.85,reaction_role_concat,6144,random_forest,False,valid,spearman,0.8176395068743183,1,0.05,random,,
condition_recombine_pseudolabel__mult_1__sim_0.7__teacher_ridge__seed_2,condition_recombine_pseudolabel,1.0,0.7,ridge,2,158,158,2.0,True,0.8335102632830412,0.746666669845581,0.85,reaction_role_concat,6144,random_forest,False,valid,rmse,15.301718306201366,1,0.05,random,,
condition_recombine_pseudolabel__mult_1__sim_0.7__teacher_ridge__seed_2,condition_recombine_pseudolabel,1.0,0.7,ridge,2,158,158,2.0,True,0.8335102632830412,0.746666669845581,0.85,reaction_role_concat,6144,random_forest,False,valid,mae,11.626137007613725,1,0.05,random,,
condition_recombine_pseudolabel__mult_1__sim_0.7__teacher_ridge__seed_2,condition_recombine_pseudolabel,1.0,0.7,ridge,2,158,158,2.0,True,0.8335102632830412,0.746666669845581,0.85,reaction_role_concat,6144,random_forest,False,valid,r2,0.6785291603586636,1,0.05,random,,
condition_recombine_pseudolabel__mult_1__sim_0.7__teacher_ridge__seed_2,condition_recombine_pseudolabel,1.0,0.7,ridge,2,158,158,2.0,True,0.8335102632830412,0.746666669845581,0.85,reaction_role_concat,6144,random_forest,False,valid,spearman,0.8281076199347436,1,0.05,random,,
condition_recombine_pseudolabel__mult_1__sim_0.7__teacher_ridge__seed_3,condition_recombine_pseudolabel,1.0,0.7,ridge,3,158,158,2.0,True,0.8265893742253508,0.7579618096351624,0.85,reaction_role_concat,6144,random_forest,False,valid,rmse,15.125657246610848,1,0.05,random,,
condition_recombine_pseudolabel__mult_1__sim_0.7__teacher_ridge__seed_3,condition_recombine_pseudolabel,1.0,0.7,ridge,3,158,158,2.0,True,0.8265893742253508,0.7579618096351624,0.85,reaction_role_concat,6144,random_forest,False,valid,mae,11.439622249908842,1,0.05,random,,
condition_recombine_pseudolabel__mult_1__sim_0.7__teacher_ridge__seed_3,condition_recombine_pseudolabel,1.0,0.7,ridge,3,158,158,2.0,True,0.8265893742253508,0.7579618096351624,0.85,reaction_role_concat,6144,random_forest,False,valid,r2,0.6858842671934489,1,0.05,random,,
condition_recombine_pseudolabel__mult_1__sim_0.7__teacher_ridge__seed_3,condition_recombine_pseudolabel,1.0,0.7,ridge,3,158,158,2.0,True,0.8265893742253508,0.7579618096351624,0.85,reaction_role_concat,6144,random_forest,False,valid,spearman,0.8327613911693709,1,0.05,random,,
condition_recombine_pseudolabel__mult_1__sim_0.7__teacher_ridge__seed_4,condition_recombine_pseudolabel,1.0,0.7,ridge,4,158,158,2.0,True,0.8293560063537162,0.7402597665786743,0.85,reaction_role_concat,6144,random_forest,False,valid,rmse,14.982235951069223,1,0.05,random,,
condition_recombine_pseudolabel__mult_1__sim_0.7__teacher_ridge__seed_4,condition_recombine_pseudolabel,1.0,0.7,ridge,4,158,158,2.0,True,0.8293560063537162,0.7402597665786743,0.85,reaction_role_concat,6144,random_forest,False,valid,mae,11.354093829687637,1,0.05,random,,
condition_recombine_pseudolabel__mult_1__sim_0.7__teacher_ridge__seed_4,condition_recombine_pseudolabel,1.0,0.7,ridge,4,158,158,2.0,True,0.8293560063537162,0.7402597665786743,0.85,reaction_role_concat,6144,random_forest,False,valid,r2,0.6918129086598452,1,0.05,random,,
condition_recombine_pseudolabel__mult_1__sim_0.7__teacher_ridge__seed_4,condition_recombine_pseudolabel,1.0,0.7,ridge,4,158,158,2.0,True,0.8293560063537162,0.7402597665786743,0.85,reaction_role_concat,6144,random_forest,False,valid,spearman,0.8346255089997857,1,0.05,random,,
condition_recombine_pseudolabel__mult_1__sim_0.7__teacher_rf__seed_0,condition_recombine_pseudolabel,1.0,0.7,random_forest,0,158,158,2.0,True,0.8289142026931421,0.7437499761581421,0.85,reaction_role_concat,6144,random_forest,False,valid,rmse,15.881292675811492,1,0.05,random,,
condition_recombine_pseudolabel__mult_1__sim_0.7__teacher_rf__seed_0,condition_recombine_pseudolabel,1.0,0.7,random_forest,0,158,158,2.0,True,0.8289142026931421,0.7437499761581421,0.85,reaction_role_concat,6144,random_forest,False,valid,mae,11.637523305642643,1,0.05,random,,
condition_recombine_pseudolabel__mult_1__sim_0.7__teacher_rf__seed_0,condition_recombine_pseudolabel,1.0,0.7,random_forest,0,158,158,2.0,True,0.8289142026931421,0.7437499761581421,0.85,reaction_role_concat,6144,random_forest,False,valid,r2,0.6537156391259209,1,0.05,random,,
condition_recombine_pseudolabel__mult_1__sim_0.7__teacher_rf__seed_0,condition_recombine_pseudolabel,1.0,0.7,random_forest,0,158,158,2.0,True,0.8289142026931421,0.7437499761581421,0.85,reaction_role_concat,6144,random_forest,False,valid,spearman,0.8040933503013716,1,0.05,random,,
condition_recombine_pseudolabel__mult_1__sim_0.7__teacher_rf__seed_1,condition_recombine_pseudolabel,1.0,0.7,random_forest,1,158,158,2.0,True,0.829198223352432,0.7534246444702148,0.85,reaction_role_concat,6144,random_forest,False,valid,rmse,15.782360768191737,1,0.05,random,,
condition_recombine_pseudolabel__mult_1__sim_0.7__teacher_rf__seed_1,condition_recombine_pseudolabel,1.0,0.7,random_forest,1,158,158,2.0,True,0.829198223352432,0.7534246444702148,0.85,reaction_role_concat,6144,random_forest,False,valid,mae,11.815481078950665,1,0.05,random,,
condition_recombine_pseudolabel__mult_1__sim_0.7__teacher_rf__seed_1,condition_recombine_pseudolabel,1.0,0.7,random_forest,1,158,158,2.0,True,0.829198223352432,0.7534246444702148,0.85,reaction_role_concat,6144,random_forest,False,valid,r2,0.6580165316113857,1,0.05,random,,
condition_recombine_pseudolabel__mult_1__sim_0.7__teacher_rf__seed_1,condition_recombine_pseudolabel,1.0,0.7,random_forest,1,158,158,2.0,True,0.829198223352432,0.7534246444702148,0.85,reaction_role_concat,6144,random_forest,False,valid,spearman,0.8067445530864025,1,0.05,random,,
condition_recombine_pseudolabel__mult_1__sim_0.7__teacher_rf__seed_2,condition_recombine_pseudolabel,1.0,0.7,random_forest,2,158,158,2.0,True,0.8335102632830412,0.746666669845581,0.85,reaction_role_concat,6144,random_forest,False,valid,rmse,15.589074645992156,1,0.05,random,,
condition_recombine_pseudolabel__mult_1__sim_0.7__teacher_rf__seed_2,condition_recombine_pseudolabel,1.0,0.7,random_forest,2,158,158,2.0,True,0.8335102632830412,0.746666669845581,0.85,reaction_role_concat,6144,random_forest,False,valid,mae,11.501648016455052,1,0.05,random,,
condition_recombine_pseudolabel__mult_1__sim_0.7__teacher_rf__seed_2,condition_recombine_pseudolabel,1.0,0.7,random_forest,2,158,158,2.0,True,0.8335102632830412,0.746666669845581,0.85,reaction_role_concat,6144,random_forest,False,valid,r2,0.6663417616560752,1,0.05,random,,
condition_recombine_pseudolabel__mult_1__sim_0.7__teacher_rf__seed_2,condition_recombine_pseudolabel,1.0,0.7,random_forest,2,158,158,2.0,True,0.8335102632830412,0.746666669845581,0.85,reaction_role_concat,6144,random_forest,False,valid,spearman,0.8205950673496174,1,0.05,random,,
condition_recombine_pseudolabel__mult_1__sim_0.7__teacher_rf__seed_3,condition_recombine_pseudolabel,1.0,0.7,random_forest,3,158,158,2.0,True,0.8265893742253508,0.7579618096351624,0.85,reaction_role_concat,6144,random_forest,False,valid,rmse,15.76633671216028,1,0.05,random,,
condition_recombine_pseudolabel__mult_1__sim_0.7__teacher_rf__seed_3,condition_recombine_pseudolabel,1.0,0.7,random_forest,3,158,158,2.0,True,0.8265893742253508,0.7579618096351624,0.85,reaction_role_concat,6144,random_forest,False,valid,mae,11.673020292744605,1,0.05,random,,
condition_recombine_pseudolabel__mult_1__sim_0.7__teacher_rf__seed_3,condition_recombine_pseudolabel,1.0,0.7,random_forest,3,158,158,2.0,True,0.8265893742253508,0.7579618096351624,0.85,reaction_role_concat,6144,random_forest,False,valid,r2,0.6587106204613127,1,0.05,random,,
condition_recombine_pseudolabel__mult_1__sim_0.7__teacher_rf__seed_3,condition_recombine_pseudolabel,1.0,0.7,random_forest,3,158,158,2.0,True,0.8265893742253508,0.7579618096351624,0.85,reaction_role_concat,6144,random_forest,False,valid,spearman,0.8102309382985354,1,0.05,random,,
condition_recombine_pseudolabel__mult_1__sim_0.7__teacher_rf__seed_4,condition_recombine_pseudolabel,1.0,0.7,random_forest,4,158,158,2.0,True,0.8293560063537162,0.7402597665786743,0.85,reaction_role_concat,6144,random_forest,False,valid,rmse,15.193434562257599,1,0.05,random,,
condition_recombine_pseudolabel__mult_1__sim_0.7__teacher_rf__seed_4,condition_recombine_pseudolabel,1.0,0.7,random_forest,4,158,158,2.0,True,0.8293560063537162,0.7402597665786743,0.85,reaction_role_concat,6144,random_forest,False,valid,mae,11.16989206379652,1,0.05,random,,
condition_recombine_pseudolabel__mult_1__sim_0.7__teacher_rf__seed_4,condition_recombine_pseudolabel,1.0,0.7,random_forest,4,158,158,2.0,True,0.8293560063537162,0.7402597665786743,0.85,reaction_role_concat,6144,random_forest,False,valid,r2,0.683062886229758,1,0.05,random,,
condition_recombine_pseudolabel__mult_1__sim_0.7__teacher_rf__seed_4,condition_recombine_pseudolabel,1.0,0.7,random_forest,4,158,158,2.0,True,0.8293560063537162,0.7402597665786743,0.85,reaction_role_concat,6144,random_forest,False,valid,spearman,0.8350381346848009,1,0.05,random,,
condition_recombine_pseudolabel__mult_1__sim_0.8__teacher_ridge__seed_0,condition_recombine_pseudolabel,1.0,0.8,ridge,0,158,130,1.8227848101265822,True,0.8407484346169691,0.8027210831642151,0.85,reaction_role_concat,6144,random_forest,False,valid,rmse,15.87358596079225,1,0.05,random,,
condition_recombine_pseudolabel__mult_1__sim_0.8__teacher_ridge__seed_0,condition_recombine_pseudolabel,1.0,0.8,ridge,0,158,130,1.8227848101265822,True,0.8407484346169691,0.8027210831642151,0.85,reaction_role_concat,6144,random_forest,False,valid,mae,11.901827724678606,1,0.05,random,,
condition_recombine_pseudolabel__mult_1__sim_0.8__teacher_ridge__seed_0,condition_recombine_pseudolabel,1.0,0.8,ridge,0,158,130,1.8227848101265822,True,0.8407484346169691,0.8027210831642151,0.85,reaction_role_concat,6144,random_forest,False,valid,r2,0.6540516404094052,1,0.05,random,,
condition_recombine_pseudolabel__mult_1__sim_0.8__teacher_ridge__seed_0,condition_recombine_pseudolabel,1.0,0.8,ridge,0,158,130,1.8227848101265822,True,0.8407484346169691,0.8027210831642151,0.85,reaction_role_concat,6144,random_forest,False,valid,spearman,0.8101078710814852,1,0.05,random,,
condition_recombine_pseudolabel__mult_1__sim_0.8__teacher_ridge__seed_1,condition_recombine_pseudolabel,1.0,0.8,ridge,1,158,133,1.8417721518987342,True,0.8388909328252749,0.8028169274330139,0.85,reaction_role_concat,6144,random_forest,False,valid,rmse,15.323520906371895,1,0.05,random,,
condition_recombine_pseudolabel__mult_1__sim_0.8__teacher_ridge__seed_1,condition_recombine_pseudolabel,1.0,0.8,ridge,1,158,133,1.8417721518987342,True,0.8388909328252749,0.8028169274330139,0.85,reaction_role_concat,6144,random_forest,False,valid,mae,11.607758712134029,1,0.05,random,,
condition_recombine_pseudolabel__mult_1__sim_0.8__teacher_ridge__seed_1,condition_recombine_pseudolabel,1.0,0.8,ridge,1,158,133,1.8417721518987342,True,0.8388909328252749,0.8028169274330139,0.85,reaction_role_concat,6144,random_forest,False,valid,r2,0.6776124144943929,1,0.05,random,,
condition_recombine_pseudolabel__mult_1__sim_0.8__teacher_ridge__seed_1,condition_recombine_pseudolabel,1.0,0.8,ridge,1,158,133,1.8417721518987342,True,0.8388909328252749,0.8028169274330139,0.85,reaction_role_concat,6144,random_forest,False,valid,spearman,0.8173032140201318,1,0.05,random,,
condition_recombine_pseudolabel__mult_1__sim_0.8__teacher_ridge__seed_2,condition_recombine_pseudolabel,1.0,0.8,ridge,2,158,142,1.8987341772151898,True,0.8400151711114694,0.800000011920929,0.85,reaction_role_concat,6144,random_forest,False,valid,rmse,15.576909112888483,1,0.05,random,,
condition_recombine_pseudolabel__mult_1__sim_0.8__teacher_ridge__seed_2,condition_recombine_pseudolabel,1.0,0.8,ridge,2,158,142,1.8987341772151898,True,0.8400151711114694,0.800000011920929,0.85,reaction_role_concat,6144,random_forest,False,valid,mae,11.832809851140917,1,0.05,random,,
condition_recombine_pseudolabel__mult_1__sim_0.8__teacher_ridge__seed_2,condition_recombine_pseudolabel,1.0,0.8,ridge,2,158,142,1.8987341772151898,True,0.8400151711114694,0.800000011920929,0.85,reaction_role_concat,6144,random_forest,False,valid,r2,0.6668623244972828,1,0.05,random,,
condition_recombine_pseudolabel__mult_1__sim_0.8__teacher_ridge__seed_2,condition_recombine_pseudolabel,1.0,0.8,ridge,2,158,142,1.8987341772151898,True,0.8400151711114694,0.800000011920929,0.85,reaction_role_concat,6144,random_forest,False,valid,spearman,0.8187377649505265,1,0.05,random,,
condition_recombine_pseudolabel__mult_1__sim_0.8__teacher_ridge__seed_3,condition_recombine_pseudolabel,1.0,0.8,ridge,3,158,120,1.759493670886076,True,0.8420119568705557,0.8027210831642151,0.85,reaction_role_concat,6144,random_forest,False,valid,rmse,15.089213421951555,1,0.05,random,,
condition_recombine_pseudolabel__mult_1__sim_0.8__teacher_ridge__seed_3,condition_recombine_pseudolabel,1.0,0.8,ridge,3,158,120,1.759493670886076,True,0.8420119568705557,0.8027210831642151,0.85,reaction_role_concat,6144,random_forest,False,valid,mae,11.277286456598512,1,0.05,random,,
condition_recombine_pseudolabel__mult_1__sim_0.8__teacher_ridge__seed_3,condition_recombine_pseudolabel,1.0,0.8,ridge,3,158,120,1.759493670886076,True,0.8420119568705557,0.8027210831642151,0.85,reaction_role_concat,6144,random_forest,False,valid,r2,0.687396107317769,1,0.05,random,,
condition_recombine_pseudolabel__mult_1__sim_0.8__teacher_ridge__seed_3,condition_recombine_pseudolabel,1.0,0.8,ridge,3,158,120,1.759493670886076,True,0.8420119568705557,0.8027210831642151,0.85,reaction_role_concat,6144,random_forest,False,valid,spearman,0.835989179444411,1,0.05,random,,
condition_recombine_pseudolabel__mult_1__sim_0.8__teacher_ridge__seed_4,condition_recombine_pseudolabel,1.0,0.8,ridge,4,158,133,1.8417721518987342,True,0.8396109023488554,0.800000011920929,0.85,reaction_role_concat,6144,random_forest,False,valid,rmse,15.027536349753351,1,0.05,random,,
condition_recombine_pseudolabel__mult_1__sim_0.8__teacher_ridge__seed_4,condition_recombine_pseudolabel,1.0,0.8,ridge,4,158,133,1.8417721518987342,True,0.8396109023488554,0.800000011920929,0.85,reaction_role_concat,6144,random_forest,False,valid,mae,11.320984659844562,1,0.05,random,,
condition_recombine_pseudolabel__mult_1__sim_0.8__teacher_ridge__seed_4,condition_recombine_pseudolabel,1.0,0.8,ridge,4,158,133,1.8417721518987342,True,0.8396109023488554,0.800000011920929,0.85,reaction_role_concat,6144,random_forest,False,valid,r2,0.6899464176446332,1,0.05,random,,
condition_recombine_pseudolabel__mult_1__sim_0.8__teacher_ridge__seed_4,condition_recombine_pseudolabel,1.0,0.8,ridge,4,158,133,1.8417721518987342,True,0.8396109023488554,0.800000011920929,0.85,reaction_role_concat,6144,random_forest,False,valid,spearman,0.8353251617068455,1,0.05,random,,
condition_recombine_pseudolabel__mult_1__sim_0.8__teacher_rf__seed_0,condition_recombine_pseudolabel,1.0,0.8,random_forest,0,158,130,1.8227848101265822,True,0.8407484346169691,0.8027210831642151,0.85,reaction_role_concat,6144,random_forest,False,valid,rmse,15.948690943150385,1,0.05,random,,
condition_recombine_pseudolabel__mult_1__sim_0.8__teacher_rf__seed_0,condition_recombine_pseudolabel,1.0,0.8,random_forest,0,158,130,1.8227848101265822,True,0.8407484346169691,0.8027210831642151,0.85,reaction_role_concat,6144,random_forest,False,valid,mae,11.65633255117302,1,0.05,random,,
condition_recombine_pseudolabel__mult_1__sim_0.8__teacher_rf__seed_0,condition_recombine_pseudolabel,1.0,0.8,random_forest,0,158,130,1.8227848101265822,True,0.8407484346169691,0.8027210831642151,0.85,reaction_role_concat,6144,random_forest,False,valid,r2,0.6507702252647192,1,0.05,random,,
condition_recombine_pseudolabel__mult_1__sim_0.8__teacher_rf__seed_0,condition_recombine_pseudolabel,1.0,0.8,random_forest,0,158,130,1.8227848101265822,True,0.8407484346169691,0.8027210831642151,0.85,reaction_role_concat,6144,random_forest,False,valid,spearman,0.8020343111350905,1,0.05,random,,
condition_recombine_pseudolabel__mult_1__sim_0.8__teacher_rf__seed_1,condition_recombine_pseudolabel,1.0,0.8,random_forest,1,158,133,1.8417721518987342,True,0.8388909328252749,0.8028169274330139,0.85,reaction_role_concat,6144,random_forest,False,valid,rmse,15.841709039534763,1,0.05,random,,
condition_recombine_pseudolabel__mult_1__sim_0.8__teacher_rf__seed_1,condition_recombine_pseudolabel,1.0,0.8,random_forest,1,158,133,1.8417721518987342,True,0.8388909328252749,0.8028169274330139,0.85,reaction_role_concat,6144,random_forest,False,valid,mae,11.77825020398822,1,0.05,random,,
condition_recombine_pseudolabel__mult_1__sim_0.8__teacher_rf__seed_1,condition_recombine_pseudolabel,1.0,0.8,random_forest,1,158,133,1.8417721518987342,True,0.8388909328252749,0.8028169274330139,0.85,reaction_role_concat,6144,random_forest,False,valid,r2,0.6554396942248947,1,0.05,random,,
condition_recombine_pseudolabel__mult_1__sim_0.8__teacher_rf__seed_1,condition_recombine_pseudolabel,1.0,0.8,random_forest,1,158,133,1.8417721518987342,True,0.8388909328252749,0.8028169274330139,0.85,reaction_role_concat,6144,random_forest,False,valid,spearman,0.8060310747900857,1,0.05,random,,
condition_recombine_pseudolabel__mult_1__sim_0.8__teacher_rf__seed_2,condition_recombine_pseudolabel,1.0,0.8,random_forest,2,158,142,1.8987341772151898,True,0.8400151711114694,0.800000011920929,0.85,reaction_role_concat,6144,random_forest,False,valid,rmse,15.60516012306476,1,0.05,random,,
condition_recombine_pseudolabel__mult_1__sim_0.8__teacher_rf__seed_2,condition_recombine_pseudolabel,1.0,0.8,random_forest,2,158,142,1.8987341772151898,True,0.8400151711114694,0.800000011920929,0.85,reaction_role_concat,6144,random_forest,False,valid,mae,11.517142552272427,1,0.05,random,,
condition_recombine_pseudolabel__mult_1__sim_0.8__teacher_rf__seed_2,condition_recombine_pseudolabel,1.0,0.8,random_forest,2,158,142,1.8987341772151898,True,0.8400151711114694,0.800000011920929,0.85,reaction_role_concat,6144,random_forest,False,valid,r2,0.665652840595356,1,0.05,random,,
condition_recombine_pseudolabel__mult_1__sim_0.8__teacher_rf__seed_2,condition_recombine_pseudolabel,1.0,0.8,random_forest,2,158,142,1.8987341772151898,True,0.8400151711114694,0.800000011920929,0.85,reaction_role_concat,6144,random_forest,False,valid,spearman,0.8166962511790786,1,0.05,random,,
condition_recombine_pseudolabel__mult_1__sim_0.8__teacher_rf__seed_3,condition_recombine_pseudolabel,1.0,0.8,random_forest,3,158,120,1.759493670886076,True,0.8420119568705557,0.8027210831642151,0.85,reaction_role_concat,6144,random_forest,False,valid,rmse,15.637455787335165,1,0.05,random,,
condition_recombine_pseudolabel__mult_1__sim_0.8__teacher_rf__seed_3,condition_recombine_pseudolabel,1.0,0.8,random_forest,3,158,120,1.759493670886076,True,0.8420119568705557,0.8027210831642151,0.85,reaction_role_concat,6144,random_forest,False,valid,mae,11.62064646805389,1,0.05,random,,
condition_recombine_pseudolabel__mult_1__sim_0.8__teacher_rf__seed_3,condition_recombine_pseudolabel,1.0,0.8,random_forest,3,158,120,1.759493670886076,True,0.8420119568705557,0.8027210831642151,0.85,reaction_role_concat,6144,random_forest,False,valid,r2,0.6642675120259308,1,0.05,random,,
condition_recombine_pseudolabel__mult_1__sim_0.8__teacher_rf__seed_3,condition_recombine_pseudolabel,1.0,0.8,random_forest,3,158,120,1.759493670886076,True,0.8420119568705557,0.8027210831642151,0.85,reaction_role_concat,6144,random_forest,False,valid,spearman,0.8181825993875355,1,0.05,random,,
condition_recombine_pseudolabel__mult_1__sim_0.8__teacher_rf__seed_4,condition_recombine_pseudolabel,1.0,0.8,random_forest,4,158,133,1.8417721518987342,True,0.8396109023488554,0.800000011920929,0.85,reaction_role_concat,6144,random_forest,False,valid,rmse,15.277342029653935,1,0.05,random,,
condition_recombine_pseudolabel__mult_1__sim_0.8__teacher_rf__seed_4,condition_recombine_pseudolabel,1.0,0.8,random_forest,4,158,133,1.8417721518987342,True,0.8396109023488554,0.800000011920929,0.85,reaction_role_concat,6144,random_forest,False,valid,mae,11.19940526783919,1,0.05,random,,
condition_recombine_pseudolabel__mult_1__sim_0.8__teacher_rf__seed_4,condition_recombine_pseudolabel,1.0,0.8,random_forest,4,158,133,1.8417721518987342,True,0.8396109023488554,0.800000011920929,0.85,reaction_role_concat,6144,random_forest,False,valid,r2,0.6795525774920728,1,0.05,random,,
condition_recombine_pseudolabel__mult_1__sim_0.8__teacher_rf__seed_4,condition_recombine_pseudolabel,1.0,0.8,random_forest,4,158,133,1.8417721518987342,True,0.8396109023488554,0.800000011920929,0.85,reaction_role_concat,6144,random_forest,False,valid,spearman,0.8293160932717909,1,0.05,random,,
condition_recombine_pseudolabel__mult_1__sim_0.85__teacher_ridge__seed_0,condition_recombine_pseudolabel,1.0,0.85,ridge,0,158,76,1.481012658227848,True,0.85,0.85,0.85,reaction_role_concat,6144,random_forest,False,valid,rmse,15.63282376839379,1,0.05,random,,
condition_recombine_pseudolabel__mult_1__sim_0.85__teacher_ridge__seed_0,condition_recombine_pseudolabel,1.0,0.85,ridge,0,158,76,1.481012658227848,True,0.85,0.85,0.85,reaction_role_concat,6144,random_forest,False,valid,mae,11.734898493011539,1,0.05,random,,
condition_recombine_pseudolabel__mult_1__sim_0.85__teacher_ridge__seed_0,condition_recombine_pseudolabel,1.0,0.85,ridge,0,158,76,1.481012658227848,True,0.85,0.85,0.85,reaction_role_concat,6144,random_forest,False,valid,r2,0.6644663792766328,1,0.05,random,,
condition_recombine_pseudolabel__mult_1__sim_0.85__teacher_ridge__seed_0,condition_recombine_pseudolabel,1.0,0.85,ridge,0,158,76,1.481012658227848,True,0.85,0.85,0.85,reaction_role_concat,6144,random_forest,False,valid,spearman,0.8183588269689128,1,0.05,random,,
condition_recombine_pseudolabel__mult_1__sim_0.85__teacher_ridge__seed_1,condition_recombine_pseudolabel,1.0,0.85,ridge,1,158,71,1.4493670886075949,True,0.85,0.85,0.85,reaction_role_concat,6144,random_forest,False,valid,rmse,15.748719859300477,1,0.05,random,,
condition_recombine_pseudolabel__mult_1__sim_0.85__teacher_ridge__seed_1,condition_recombine_pseudolabel,1.0,0.85,ridge,1,158,71,1.4493670886075949,True,0.85,0.85,0.85,reaction_role_concat,6144,random_forest,False,valid,mae,11.64352312227895,1,0.05,random,,
condition_recombine_pseudolabel__mult_1__sim_0.85__teacher_ridge__seed_1,condition_recombine_pseudolabel,1.0,0.85,ridge,1,158,71,1.4493670886075949,True,0.85,0.85,0.85,reaction_role_concat,6144,random_forest,False,valid,r2,0.6594728883013181,1,0.05,random,,
condition_recombine_pseudolabel__mult_1__sim_0.85__teacher_ridge__seed_1,condition_recombine_pseudolabel,1.0,0.85,ridge,1,158,71,1.4493670886075949,True,0.85,0.85,0.85,reaction_role_concat,6144,random_forest,False,valid,spearman,0.8089461321306594,1,0.05,random,,
condition_recombine_pseudolabel__mult_1__sim_0.85__teacher_ridge__seed_2,condition_recombine_pseudolabel,1.0,0.85,ridge,2,158,91,1.5759493670886076,True,0.8499999999999996,0.85,0.85,reaction_role_concat,6144,random_forest,False,valid,rmse,16.075157001582,1,0.05,random,,
condition_recombine_pseudolabel__mult_1__sim_0.85__teacher_ridge__seed_2,condition_recombine_pseudolabel,1.0,0.85,ridge,2,158,91,1.5759493670886076,True,0.8499999999999996,0.85,0.85,reaction_role_concat,6144,random_forest,False,valid,mae,12.139647250707391,1,0.05,random,,
condition_recombine_pseudolabel__mult_1__sim_0.85__teacher_ridge__seed_2,condition_recombine_pseudolabel,1.0,0.85,ridge,2,158,91,1.5759493670886076,True,0.8499999999999996,0.85,0.85,reaction_role_concat,6144,random_forest,False,valid,r2,0.6452097914295192,1,0.05,random,,
condition_recombine_pseudolabel__mult_1__sim_0.85__teacher_ridge__seed_2,condition_recombine_pseudolabel,1.0,0.85,ridge,2,158,91,1.5759493670886076,True,0.8499999999999996,0.85,0.85,reaction_role_concat,6144,random_forest,False,valid,spearman,0.8045168806765051,1,0.05,random,,
condition_recombine_pseudolabel__mult_1__sim_0.85__teacher_ridge__seed_3,condition_recombine_pseudolabel,1.0,0.85,ridge,3,158,80,1.5063291139240507,True,0.8499999999999999,0.85,0.85,reaction_role_concat,6144,random_forest,False,valid,rmse,15.069254627692773,1,0.05,random,,
condition_recombine_pseudolabel__mult_1__sim_0.85__teacher_ridge__seed_3,condition_recombine_pseudolabel,1.0,0.85,ridge,3,158,80,1.5063291139240507,True,0.8499999999999999,0.85,0.85,reaction_role_concat,6144,random_forest,False,valid,mae,11.216381224093558,1,0.05,random,,
condition_recombine_pseudolabel__mult_1__sim_0.85__teacher_ridge__seed_3,condition_recombine_pseudolabel,1.0,0.85,ridge,3,158,80,1.5063291139240507,True,0.8499999999999999,0.85,0.85,reaction_role_concat,6144,random_forest,False,valid,r2,0.6882225348128403,1,0.05,random,,
condition_recombine_pseudolabel__mult_1__sim_0.85__teacher_ridge__seed_3,condition_recombine_pseudolabel,1.0,0.85,ridge,3,158,80,1.5063291139240507,True,0.8499999999999999,0.85,0.85,reaction_role_concat,6144,random_forest,False,valid,spearman,0.8361675490184901,1,0.05,random,,
condition_recombine_pseudolabel__mult_1__sim_0.85__teacher_ridge__seed_4,condition_recombine_pseudolabel,1.0,0.85,ridge,4,158,73,1.4620253164556962,True,0.8499999999999999,0.85,0.85,reaction_role_concat,6144,random_forest,False,valid,rmse,14.95386701934332,1,0.05,random,,
condition_recombine_pseudolabel__mult_1__sim_0.85__teacher_ridge__seed_4,condition_recombine_pseudolabel,1.0,0.85,ridge,4,158,73,1.4620253164556962,True,0.8499999999999999,0.85,0.85,reaction_role_concat,6144,random_forest,False,valid,mae,11.062939391372325,1,0.05,random,,
condition_recombine_pseudolabel__mult_1__sim_0.85__teacher_ridge__seed_4,condition_recombine_pseudolabel,1.0,0.85,ridge,4,158,73,1.4620253164556962,True,0.8499999999999999,0.85,0.85,reaction_role_concat,6144,random_forest,False,valid,r2,0.6929789110088481,1,0.05,random,,
condition_recombine_pseudolabel__mult_1__sim_0.85__teacher_ridge__seed_4,condition_recombine_pseudolabel,1.0,0.85,ridge,4,158,73,1.4620253164556962,True,0.8499999999999999,0.85,0.85,reaction_role_concat,6144,random_forest,False,valid,spearman,0.8373551866083471,1,0.05,random,,
condition_recombine_pseudolabel__mult_1__sim_0.85__teacher_rf__seed_0,condition_recombine_pseudolabel,1.0,0.85,random_forest,0,158,76,1.481012658227848,True,0.85,0.85,0.85,reaction_role_concat,6144,random_forest,False,valid,rmse,15.624077217462908,1,0.05,random,,
condition_recombine_pseudolabel__mult_1__sim_0.85__teacher_rf__seed_0,condition_recombine_pseudolabel,1.0,0.85,random_forest,0,158,76,1.481012658227848,True,0.85,0.85,0.85,reaction_role_concat,6144,random_forest,False,valid,mae,11.43069418572248,1,0.05,random,,
condition_recombine_pseudolabel__mult_1__sim_0.85__teacher_rf__seed_0,condition_recombine_pseudolabel,1.0,0.85,random_forest,0,158,76,1.481012658227848,True,0.85,0.85,0.85,reaction_role_concat,6144,random_forest,False,valid,r2,0.6648417357634475,1,0.05,random,,
condition_recombine_pseudolabel__mult_1__sim_0.85__teacher_rf__seed_0,condition_recombine_pseudolabel,1.0,0.85,random_forest,0,158,76,1.481012658227848,True,0.85,0.85,0.85,reaction_role_concat,6144,random_forest,False,valid,spearman,0.815950253539016,1,0.05,random,,
condition_recombine_pseudolabel__mult_1__sim_0.85__teacher_rf__seed_1,condition_recombine_pseudolabel,1.0,0.85,random_forest,1,158,71,1.4493670886075949,True,0.85,0.85,0.85,reaction_role_concat,6144,random_forest,False,valid,rmse,15.691290802838322,1,0.05,random,,
condition_recombine_pseudolabel__mult_1__sim_0.85__teacher_rf__seed_1,condition_recombine_pseudolabel,1.0,0.85,random_forest,1,158,71,1.4493670886075949,True,0.85,0.85,0.85,reaction_role_concat,6144,random_forest,False,valid,mae,11.569427695762508,1,0.05,random,,
condition_recombine_pseudolabel__mult_1__sim_0.85__teacher_rf__seed_1,condition_recombine_pseudolabel,1.0,0.85,random_forest,1,158,71,1.4493670886075949,True,0.85,0.85,0.85,reaction_role_concat,6144,random_forest,False,valid,r2,0.6619518826969708,1,0.05,random,,
condition_recombine_pseudolabel__mult_1__sim_0.85__teacher_rf__seed_1,condition_recombine_pseudolabel,1.0,0.85,random_forest,1,158,71,1.4493670886075949,True,0.85,0.85,0.85,reaction_role_concat,6144,random_forest,False,valid,spearman,0.8121090764448169,1,0.05,random,,
condition_recombine_pseudolabel__mult_1__sim_0.85__teacher_rf__seed_2,condition_recombine_pseudolabel,1.0,0.85,random_forest,2,158,91,1.5759493670886076,True,0.8499999999999996,0.85,0.85,reaction_role_concat,6144,random_forest,False,valid,rmse,15.764017888115443,1,0.05,random,,
condition_recombine_pseudolabel__mult_1__sim_0.85__teacher_rf__seed_2,condition_recombine_pseudolabel,1.0,0.85,random_forest,2,158,91,1.5759493670886076,True,0.8499999999999996,0.85,0.85,reaction_role_concat,6144,random_forest,False,valid,mae,11.587169683239129,1,0.05,random,,
condition_recombine_pseudolabel__mult_1__sim_0.85__teacher_rf__seed_2,condition_recombine_pseudolabel,1.0,0.85,random_forest,2,158,91,1.5759493670886076,True,0.8499999999999996,0.85,0.85,reaction_role_concat,6144,random_forest,False,valid,r2,0.6588110029201392,1,0.05,random,,
condition_recombine_pseudolabel__mult_1__sim_0.85__teacher_rf__seed_2,condition_recombine_pseudolabel,1.0,0.85,random_forest,2,158,91,1.5759493670886076,True,0.8499999999999996,0.85,0.85,reaction_role_concat,6144,random_forest,False,valid,spearman,0.8157827886550552,1,0.05,random,,
condition_recombine_pseudolabel__mult_1__sim_0.85__teacher_rf__seed_3,condition_recombine_pseudolabel,1.0,0.85,random_forest,3,158,80,1.5063291139240507,True,0.8499999999999999,0.85,0.85,reaction_role_concat,6144,random_forest,False,valid,rmse,15.692551865533204,1,0.05,random,,
condition_recombine_pseudolabel__mult_1__sim_0.85__teacher_rf__seed_3,condition_recombine_pseudolabel,1.0,0.85,random_forest,3,158,80,1.5063291139240507,True,0.8499999999999999,0.85,0.85,reaction_role_concat,6144,random_forest,False,valid,mae,11.59976334680221,1,0.05,random,,
condition_recombine_pseudolabel__mult_1__sim_0.85__teacher_rf__seed_3,condition_recombine_pseudolabel,1.0,0.85,random_forest,3,158,80,1.5063291139240507,True,0.8499999999999999,0.85,0.85,reaction_role_concat,6144,random_forest,False,valid,r2,0.6618975446561565,1,0.05,random,,
condition_recombine_pseudolabel__mult_1__sim_0.85__teacher_rf__seed_3,condition_recombine_pseudolabel,1.0,0.85,random_forest,3,158,80,1.5063291139240507,True,0.8499999999999999,0.85,0.85,reaction_role_concat,6144,random_forest,False,valid,spearman,0.8190639320210314,1,0.05,random,,
condition_recombine_pseudolabel__mult_1__sim_0.85__teacher_rf__seed_4,condition_recombine_pseudolabel,1.0,0.85,random_forest,4,158,73,1.4620253164556962,True,0.8499999999999999,0.85,0.85,reaction_role_concat,6144,random_forest,False,valid,rmse,15.48587640616569,1,0.05,random,,
condition_recombine_pseudolabel__mult_1__sim_0.85__teacher_rf__seed_4,condition_recombine_pseudolabel,1.0,0.85,random_forest,4,158,73,1.4620253164556962,True,0.8499999999999999,0.85,0.85,reaction_role_concat,6144,random_forest,False,valid,mae,11.232135599773896,1,0.05,random,,
condition_recombine_pseudolabel__mult_1__sim_0.85__teacher_rf__seed_4,condition_recombine_pseudolabel,1.0,0.85,random_forest,4,158,73,1.4620253164556962,True,0.8499999999999999,0.85,0.85,reaction_role_concat,6144,random_forest,False,valid,r2,0.6707447133672055,1,0.05,random,,
condition_recombine_pseudolabel__mult_1__sim_0.85__teacher_rf__seed_4,condition_recombine_pseudolabel,1.0,0.85,random_forest,4,158,73,1.4620253164556962,True,0.8499999999999999,0.85,0.85,reaction_role_concat,6144,random_forest,False,valid,spearman,0.8270070251392242,1,0.05,random,,
condition_recombine_pseudolabel__mult_1__sim_0.9__teacher_ridge__seed_0,condition_recombine_pseudolabel,1.0,0.9,ridge,0,158,31,1.1962025316455696,True,0.8500000000000003,0.85,0.85,reaction_role_concat,6144,random_forest,False,valid,rmse,15.427456743853813,1,0.05,random,,
condition_recombine_pseudolabel__mult_1__sim_0.9__teacher_ridge__seed_0,condition_recombine_pseudolabel,1.0,0.9,ridge,0,158,31,1.1962025316455696,True,0.8500000000000003,0.85,0.85,reaction_role_concat,6144,random_forest,False,valid,mae,11.455046186904363,1,0.05,random,,
condition_recombine_pseudolabel__mult_1__sim_0.9__teacher_ridge__seed_0,condition_recombine_pseudolabel,1.0,0.9,ridge,0,158,31,1.1962025316455696,True,0.8500000000000003,0.85,0.85,reaction_role_concat,6144,random_forest,False,valid,r2,0.6732242244611513,1,0.05,random,,
condition_recombine_pseudolabel__mult_1__sim_0.9__teacher_ridge__seed_0,condition_recombine_pseudolabel,1.0,0.9,ridge,0,158,31,1.1962025316455696,True,0.8500000000000003,0.85,0.85,reaction_role_concat,6144,random_forest,False,valid,spearman,0.8244800579308992,1,0.05,random,,
condition_recombine_pseudolabel__mult_1__sim_0.9__teacher_ridge__seed_1,condition_recombine_pseudolabel,1.0,0.9,ridge,1,158,31,1.1962025316455696,True,0.8500000000000003,0.85,0.85,reaction_role_concat,6144,random_forest,False,valid,rmse,15.354559646504901,1,0.05,random,,
condition_recombine_pseudolabel__mult_1__sim_0.9__teacher_ridge__seed_1,condition_recombine_pseudolabel,1.0,0.9,ridge,1,158,31,1.1962025316455696,True,0.8500000000000003,0.85,0.85,reaction_role_concat,6144,random_forest,False,valid,mae,11.360451996524123,1,0.05,random,,
condition_recombine_pseudolabel__mult_1__sim_0.9__teacher_ridge__seed_1,condition_recombine_pseudolabel,1.0,0.9,ridge,1,158,31,1.1962025316455696,True,0.8500000000000003,0.85,0.85,reaction_role_concat,6144,random_forest,False,valid,r2,0.6763050597491037,1,0.05,random,,
condition_recombine_pseudolabel__mult_1__sim_0.9__teacher_ridge__seed_1,condition_recombine_pseudolabel,1.0,0.9,ridge,1,158,31,1.1962025316455696,True,0.8500000000000003,0.85,0.85,reaction_role_concat,6144,random_forest,False,valid,spearman,0.8259582276217673,1,0.05,random,,
condition_recombine_pseudolabel__mult_1__sim_0.9__teacher_ridge__seed_2,condition_recombine_pseudolabel,1.0,0.9,ridge,2,158,43,1.2721518987341771,True,0.8500000000000001,0.85,0.85,reaction_role_concat,6144,random_forest,False,valid,rmse,15.88391301921421,1,0.05,random,,
condition_recombine_pseudolabel__mult_1__sim_0.9__teacher_ridge__seed_2,condition_recombine_pseudolabel,1.0,0.9,ridge,2,158,43,1.2721518987341771,True,0.8500000000000001,0.85,0.85,reaction_role_concat,6144,random_forest,False,valid,mae,11.8398549492412,1,0.05,random,,
condition_recombine_pseudolabel__mult_1__sim_0.9__teacher_ridge__seed_2,condition_recombine_pseudolabel,1.0,0.9,ridge,2,158,43,1.2721518987341771,True,0.8500000000000001,0.85,0.85,reaction_role_concat,6144,random_forest,False,valid,r2,0.6536013589075302,1,0.05,random,,
condition_recombine_pseudolabel__mult_1__sim_0.9__teacher_ridge__seed_2,condition_recombine_pseudolabel,1.0,0.9,ridge,2,158,43,1.2721518987341771,True,0.8500000000000001,0.85,0.85,reaction_role_concat,6144,random_forest,False,valid,spearman,0.8140417380416903,1,0.05,random,,
condition_recombine_pseudolabel__mult_1__sim_0.9__teacher_ridge__seed_3,condition_recombine_pseudolabel,1.0,0.9,ridge,3,158,34,1.2151898734177216,True,0.8500000000000001,0.85,0.85,reaction_role_concat,6144,random_forest,False,valid,rmse,15.473609129385263,1,0.05,random,,
condition_recombine_pseudolabel__mult_1__sim_0.9__teacher_ridge__seed_3,condition_recombine_pseudolabel,1.0,0.9,ridge,3,158,34,1.2151898734177216,True,0.8500000000000001,0.85,0.85,reaction_role_concat,6144,random_forest,False,valid,mae,11.510126815718186,1,0.05,random,,
condition_recombine_pseudolabel__mult_1__sim_0.9__teacher_ridge__seed_3,condition_recombine_pseudolabel,1.0,0.9,ridge,3,158,34,1.2151898734177216,True,0.8500000000000001,0.85,0.85,reaction_role_concat,6144,random_forest,False,valid,r2,0.6712661518490142,1,0.05,random,,
condition_recombine_pseudolabel__mult_1__sim_0.9__teacher_ridge__seed_3,condition_recombine_pseudolabel,1.0,0.9,ridge,3,158,34,1.2151898734177216,True,0.8500000000000001,0.85,0.85,reaction_role_concat,6144,random_forest,False,valid,spearman,0.8278470757315579,1,0.05,random,,
condition_recombine_pseudolabel__mult_1__sim_0.9__teacher_ridge__seed_4,condition_recombine_pseudolabel,1.0,0.9,ridge,4,158,26,1.1645569620253164,True,0.8500000000000001,0.85,0.85,reaction_role_concat,6144,random_forest,False,valid,rmse,15.229444438083002,1,0.05,random,,
condition_recombine_pseudolabel__mult_1__sim_0.9__teacher_ridge__seed_4,condition_recombine_pseudolabel,1.0,0.9,ridge,4,158,26,1.1645569620253164,True,0.8500000000000001,0.85,0.85,reaction_role_concat,6144,random_forest,False,valid,mae,11.307145323868038,1,0.05,random,,
condition_recombine_pseudolabel__mult_1__sim_0.9__teacher_ridge__seed_4,condition_recombine_pseudolabel,1.0,0.9,ridge,4,158,26,1.1645569620253164,True,0.8500000000000001,0.85,0.85,reaction_role_concat,6144,random_forest,False,valid,r2,0.6815587640577557,1,0.05,random,,
condition_recombine_pseudolabel__mult_1__sim_0.9__teacher_ridge__seed_4,condition_recombine_pseudolabel,1.0,0.9,ridge,4,158,26,1.1645569620253164,True,0.8500000000000001,0.85,0.85,reaction_role_concat,6144,random_forest,False,valid,spearman,0.8313231404334003,1,0.05,random,,
condition_recombine_pseudolabel__mult_1__sim_0.9__teacher_rf__seed_0,condition_recombine_pseudolabel,1.0,0.9,random_forest,0,158,31,1.1962025316455696,True,0.8500000000000003,0.85,0.85,reaction_role_concat,6144,random_forest,False,valid,rmse,15.409657868336387,1,0.05,random,,
condition_recombine_pseudolabel__mult_1__sim_0.9__teacher_rf__seed_0,condition_recombine_pseudolabel,1.0,0.9,random_forest,0,158,31,1.1962025316455696,True,0.8500000000000003,0.85,0.85,reaction_role_concat,6144,random_forest,False,valid,mae,11.275496435427966,1,0.05,random,,
condition_recombine_pseudolabel__mult_1__sim_0.9__teacher_rf__seed_0,condition_recombine_pseudolabel,1.0,0.9,random_forest,0,158,31,1.1962025316455696,True,0.8500000000000003,0.85,0.85,reaction_role_concat,6144,random_forest,False,valid,r2,0.6739778011922217,1,0.05,random,,
condition_recombine_pseudolabel__mult_1__sim_0.9__teacher_rf__seed_0,condition_recombine_pseudolabel,1.0,0.9,random_forest,0,158,31,1.1962025316455696,True,0.8500000000000003,0.85,0.85,reaction_role_concat,6144,random_forest,False,valid,spearman,0.8267026674489559,1,0.05,random,,
condition_recombine_pseudolabel__mult_1__sim_0.9__teacher_rf__seed_1,condition_recombine_pseudolabel,1.0,0.9,random_forest,1,158,31,1.1962025316455696,True,0.8500000000000003,0.85,0.85,reaction_role_concat,6144,random_forest,False,valid,rmse,15.488842140196734,1,0.05,random,,
condition_recombine_pseudolabel__mult_1__sim_0.9__teacher_rf__seed_1,condition_recombine_pseudolabel,1.0,0.9,random_forest,1,158,31,1.1962025316455696,True,0.8500000000000003,0.85,0.85,reaction_role_concat,6144,random_forest,False,valid,mae,11.446874011333232,1,0.05,random,,
condition_recombine_pseudolabel__mult_1__sim_0.9__teacher_rf__seed_1,condition_recombine_pseudolabel,1.0,0.9,random_forest,1,158,31,1.1962025316455696,True,0.8500000000000003,0.85,0.85,reaction_role_concat,6144,random_forest,False,valid,r2,0.6706185884922409,1,0.05,random,,
condition_recombine_pseudolabel__mult_1__sim_0.9__teacher_rf__seed_1,condition_recombine_pseudolabel,1.0,0.9,random_forest,1,158,31,1.1962025316455696,True,0.8500000000000003,0.85,0.85,reaction_role_concat,6144,random_forest,False,valid,spearman,0.8196582376324832,1,0.05,random,,
condition_recombine_pseudolabel__mult_1__sim_0.9__teacher_rf__seed_2,condition_recombine_pseudolabel,1.0,0.9,random_forest,2,158,43,1.2721518987341771,True,0.8500000000000001,0.85,0.85,reaction_role_concat,6144,random_forest,False,valid,rmse,15.544998519339552,1,0.05,random,,
condition_recombine_pseudolabel__mult_1__sim_0.9__teacher_rf__seed_2,condition_recombine_pseudolabel,1.0,0.9,random_forest,2,158,43,1.2721518987341771,True,0.8500000000000001,0.85,0.85,reaction_role_concat,6144,random_forest,False,valid,mae,11.500688658998737,1,0.05,random,,
condition_recombine_pseudolabel__mult_1__sim_0.9__teacher_rf__seed_2,condition_recombine_pseudolabel,1.0,0.9,random_forest,2,158,43,1.2721518987341771,True,0.8500000000000001,0.85,0.85,reaction_role_concat,6144,random_forest,False,valid,r2,0.6682258468785653,1,0.05,random,,
condition_recombine_pseudolabel__mult_1__sim_0.9__teacher_rf__seed_2,condition_recombine_pseudolabel,1.0,0.9,random_forest,2,158,43,1.2721518987341771,True,0.8500000000000001,0.85,0.85,reaction_role_concat,6144,random_forest,False,valid,spearman,0.8223259921793009,1,0.05,random,,
condition_recombine_pseudolabel__mult_1__sim_0.9__teacher_rf__seed_3,condition_recombine_pseudolabel,1.0,0.9,random_forest,3,158,34,1.2151898734177216,True,0.8500000000000001,0.85,0.85,reaction_role_concat,6144,random_forest,False,valid,rmse,15.378210502668521,1,0.05,random,,
condition_recombine_pseudolabel__mult_1__sim_0.9__teacher_rf__seed_3,condition_recombine_pseudolabel,1.0,0.9,random_forest,3,158,34,1.2151898734177216,True,0.8500000000000001,0.85,0.85,reaction_role_concat,6144,random_forest,False,valid,mae,11.308282068380827,1,0.05,random,,
condition_recombine_pseudolabel__mult_1__sim_0.9__teacher_rf__seed_3,condition_recombine_pseudolabel,1.0,0.9,random_forest,3,158,34,1.2151898734177216,True,0.8500000000000001,0.85,0.85,reaction_role_concat,6144,random_forest,False,valid,r2,0.6753071075167467,1,0.05,random,,
condition_recombine_pseudolabel__mult_1__sim_0.9__teacher_rf__seed_3,condition_recombine_pseudolabel,1.0,0.9,random_forest,3,158,34,1.2151898734177216,True,0.8500000000000001,0.85,0.85,reaction_role_concat,6144,random_forest,False,valid,spearman,0.8266212717262865,1,0.05,random,,
condition_recombine_pseudolabel__mult_1__sim_0.9__teacher_rf__seed_4,condition_recombine_pseudolabel,1.0,0.9,random_forest,4,158,26,1.1645569620253164,True,0.8500000000000001,0.85,0.85,reaction_role_concat,6144,random_forest,False,valid,rmse,15.474965225728953,1,0.05,random,,
condition_recombine_pseudolabel__mult_1__sim_0.9__teacher_rf__seed_4,condition_recombine_pseudolabel,1.0,0.9,random_forest,4,158,26,1.1645569620253164,True,0.8500000000000001,0.85,0.85,reaction_role_concat,6144,random_forest,False,valid,mae,11.413046578257145,1,0.05,random,,
condition_recombine_pseudolabel__mult_1__sim_0.9__teacher_rf__seed_4,condition_recombine_pseudolabel,1.0,0.9,random_forest,4,158,26,1.1645569620253164,True,0.8500000000000001,0.85,0.85,reaction_role_concat,6144,random_forest,False,valid,r2,0.6712085293124271,1,0.05,random,,
condition_recombine_pseudolabel__mult_1__sim_0.9__teacher_rf__seed_4,condition_recombine_pseudolabel,1.0,0.9,random_forest,4,158,26,1.1645569620253164,True,0.8500000000000001,0.85,0.85,reaction_role_concat,6144,random_forest,False,valid,spearman,0.8196062456278116,1,0.05,random,,
condition_recombine_pseudolabel__mult_1__sim_0.95__teacher_ridge__seed_0,condition_recombine_pseudolabel,1.0,0.95,ridge,0,158,0,1.0,True,,,,reaction_role_concat,6144,random_forest,False,valid,rmse,15.260755125839381,1,0.05,random,,
condition_recombine_pseudolabel__mult_1__sim_0.95__teacher_ridge__seed_0,condition_recombine_pseudolabel,1.0,0.95,ridge,0,158,0,1.0,True,,,,reaction_role_concat,6144,random_forest,False,valid,mae,11.288566241229637,1,0.05,random,,
condition_recombine_pseudolabel__mult_1__sim_0.95__teacher_ridge__seed_0,condition_recombine_pseudolabel,1.0,0.95,ridge,0,158,0,1.0,True,,,,reaction_role_concat,6144,random_forest,False,valid,r2,0.6802480316018862,1,0.05,random,,
condition_recombine_pseudolabel__mult_1__sim_0.95__teacher_ridge__seed_0,condition_recombine_pseudolabel,1.0,0.95,ridge,0,158,0,1.0,True,,,,reaction_role_concat,6144,random_forest,False,valid,spearman,0.8298677537558153,1,0.05,random,,
condition_recombine_pseudolabel__mult_1__sim_0.95__teacher_ridge__seed_1,condition_recombine_pseudolabel,1.0,0.95,ridge,1,158,0,1.0,True,,,,reaction_role_concat,6144,random_forest,False,valid,rmse,15.260755125839381,1,0.05,random,,
condition_recombine_pseudolabel__mult_1__sim_0.95__teacher_ridge__seed_1,condition_recombine_pseudolabel,1.0,0.95,ridge,1,158,0,1.0,True,,,,reaction_role_concat,6144,random_forest,False,valid,mae,11.288566241229637,1,0.05,random,,
condition_recombine_pseudolabel__mult_1__sim_0.95__teacher_ridge__seed_1,condition_recombine_pseudolabel,1.0,0.95,ridge,1,158,0,1.0,True,,,,reaction_role_concat,6144,random_forest,False,valid,r2,0.6802480316018862,1,0.05,random,,
condition_recombine_pseudolabel__mult_1__sim_0.95__teacher_ridge__seed_1,condition_recombine_pseudolabel,1.0,0.95,ridge,1,158,0,1.0,True,,,,reaction_role_concat,6144,random_forest,False,valid,spearman,0.8298677537558153,1,0.05,random,,
condition_recombine_pseudolabel__mult_1__sim_0.95__teacher_ridge__seed_2,condition_recombine_pseudolabel,1.0,0.95,ridge,2,158,0,1.0,True,,,,reaction_role_concat,6144,random_forest,False,valid,rmse,15.260755125839381,1,0.05,random,,
condition_recombine_pseudolabel__mult_1__sim_0.95__teacher_ridge__seed_2,condition_recombine_pseudolabel,1.0,0.95,ridge,2,158,0,1.0,True,,,,reaction_role_concat,6144,random_forest,False,valid,mae,11.288566241229637,1,0.05,random,,
condition_recombine_pseudolabel__mult_1__sim_0.95__teacher_ridge__seed_2,condition_recombine_pseudolabel,1.0,0.95,ridge,2,158,0,1.0,True,,,,reaction_role_concat,6144,random_forest,False,valid,r2,0.6802480316018862,1,0.05,random,,
condition_recombine_pseudolabel__mult_1__sim_0.95__teacher_ridge__seed_2,condition_recombine_pseudolabel,1.0,0.95,ridge,2,158,0,1.0,True,,,,reaction_role_concat,6144,random_forest,False,valid,spearman,0.8298677537558153,1,0.05,random,,
condition_recombine_pseudolabel__mult_1__sim_0.95__teacher_ridge__seed_3,condition_recombine_pseudolabel,1.0,0.95,ridge,3,158,0,1.0,True,,,,reaction_role_concat,6144,random_forest,False,valid,rmse,15.260755125839381,1,0.05,random,,
condition_recombine_pseudolabel__mult_1__sim_0.95__teacher_ridge__seed_3,condition_recombine_pseudolabel,1.0,0.95,ridge,3,158,0,1.0,True,,,,reaction_role_concat,6144,random_forest,False,valid,mae,11.288566241229637,1,0.05,random,,
condition_recombine_pseudolabel__mult_1__sim_0.95__teacher_ridge__seed_3,condition_recombine_pseudolabel,1.0,0.95,ridge,3,158,0,1.0,True,,,,reaction_role_concat,6144,random_forest,False,valid,r2,0.6802480316018862,1,0.05,random,,
condition_recombine_pseudolabel__mult_1__sim_0.95__teacher_ridge__seed_3,condition_recombine_pseudolabel,1.0,0.95,ridge,3,158,0,1.0,True,,,,reaction_role_concat,6144,random_forest,False,valid,spearman,0.8298677537558153,1,0.05,random,,
condition_recombine_pseudolabel__mult_1__sim_0.95__teacher_ridge__seed_4,condition_recombine_pseudolabel,1.0,0.95,ridge,4,158,0,1.0,True,,,,reaction_role_concat,6144,random_forest,False,valid,rmse,15.260755125839381,1,0.05,random,,
condition_recombine_pseudolabel__mult_1__sim_0.95__teacher_ridge__seed_4,condition_recombine_pseudolabel,1.0,0.95,ridge,4,158,0,1.0,True,,,,reaction_role_concat,6144,random_forest,False,valid,mae,11.288566241229637,1,0.05,random,,
condition_recombine_pseudolabel__mult_1__sim_0.95__teacher_ridge__seed_4,condition_recombine_pseudolabel,1.0,0.95,ridge,4,158,0,1.0,True,,,,reaction_role_concat,6144,random_forest,False,valid,r2,0.6802480316018862,1,0.05,random,,
condition_recombine_pseudolabel__mult_1__sim_0.95__teacher_ridge__seed_4,condition_recombine_pseudolabel,1.0,0.95,ridge,4,158,0,1.0,True,,,,reaction_role_concat,6144,random_forest,False,valid,spearman,0.8298677537558153,1,0.05,random,,
condition_recombine_pseudolabel__mult_1__sim_0.95__teacher_rf__seed_0,condition_recombine_pseudolabel,1.0,0.95,random_forest,0,158,0,1.0,True,,,,reaction_role_concat,6144,random_forest,False,valid,rmse,15.260755125839381,1,0.05,random,,
condition_recombine_pseudolabel__mult_1__sim_0.95__teacher_rf__seed_0,condition_recombine_pseudolabel,1.0,0.95,random_forest,0,158,0,1.0,True,,,,reaction_role_concat,6144,random_forest,False,valid,mae,11.288566241229637,1,0.05,random,,
condition_recombine_pseudolabel__mult_1__sim_0.95__teacher_rf__seed_0,condition_recombine_pseudolabel,1.0,0.95,random_forest,0,158,0,1.0,True,,,,reaction_role_concat,6144,random_forest,False,valid,r2,0.6802480316018862,1,0.05,random,,
condition_recombine_pseudolabel__mult_1__sim_0.95__teacher_rf__seed_0,condition_recombine_pseudolabel,1.0,0.95,random_forest,0,158,0,1.0,True,,,,reaction_role_concat,6144,random_forest,False,valid,spearman,0.8298677537558153,1,0.05,random,,
condition_recombine_pseudolabel__mult_1__sim_0.95__teacher_rf__seed_1,condition_recombine_pseudolabel,1.0,0.95,random_forest,1,158,0,1.0,True,,,,reaction_role_concat,6144,random_forest,False,valid,rmse,15.260755125839381,1,0.05,random,,
condition_recombine_pseudolabel__mult_1__sim_0.95__teacher_rf__seed_1,condition_recombine_pseudolabel,1.0,0.95,random_forest,1,158,0,1.0,True,,,,reaction_role_concat,6144,random_forest,False,valid,mae,11.288566241229637,1,0.05,random,,
condition_recombine_pseudolabel__mult_1__sim_0.95__teacher_rf__seed_1,condition_recombine_pseudolabel,1.0,0.95,random_forest,1,158,0,1.0,True,,,,reaction_role_concat,6144,random_forest,False,valid,r2,0.6802480316018862,1,0.05,random,,
condition_recombine_pseudolabel__mult_1__sim_0.95__teacher_rf__seed_1,condition_recombine_pseudolabel,1.0,0.95,random_forest,1,158,0,1.0,True,,,,reaction_role_concat,6144,random_forest,False,valid,spearman,0.8298677537558153,1,0.05,random,,
condition_recombine_pseudolabel__mult_1__sim_0.95__teacher_rf__seed_2,condition_recombine_pseudolabel,1.0,0.95,random_forest,2,158,0,1.0,True,,,,reaction_role_concat,6144,random_forest,False,valid,rmse,15.260755125839381,1,0.05,random,,
condition_recombine_pseudolabel__mult_1__sim_0.95__teacher_rf__seed_2,condition_recombine_pseudolabel,1.0,0.95,random_forest,2,158,0,1.0,True,,,,reaction_role_concat,6144,random_forest,False,valid,mae,11.288566241229637,1,0.05,random,,
condition_recombine_pseudolabel__mult_1__sim_0.95__teacher_rf__seed_2,condition_recombine_pseudolabel,1.0,0.95,random_forest,2,158,0,1.0,True,,,,reaction_role_concat,6144,random_forest,False,valid,r2,0.6802480316018862,1,0.05,random,,
condition_recombine_pseudolabel__mult_1__sim_0.95__teacher_rf__seed_2,condition_recombine_pseudolabel,1.0,0.95,random_forest,2,158,0,1.0,True,,,,reaction_role_concat,6144,random_forest,False,valid,spearman,0.8298677537558153,1,0.05,random,,
condition_recombine_pseudolabel__mult_1__sim_0.95__teacher_rf__seed_3,condition_recombine_pseudolabel,1.0,0.95,random_forest,3,158,0,1.0,True,,,,reaction_role_concat,6144,random_forest,False,valid,rmse,15.260755125839381,1,0.05,random,,
condition_recombine_pseudolabel__mult_1__sim_0.95__teacher_rf__seed_3,condition_recombine_pseudolabel,1.0,0.95,random_forest,3,158,0,1.0,True,,,,reaction_role_concat,6144,random_forest,False,valid,mae,11.288566241229637,1,0.05,random,,
condition_recombine_pseudolabel__mult_1__sim_0.95__teacher_rf__seed_3,condition_recombine_pseudolabel,1.0,0.95,random_forest,3,158,0,1.0,True,,,,reaction_role_concat,6144,random_forest,False,valid,r2,0.6802480316018862,1,0.05,random,,
condition_recombine_pseudolabel__mult_1__sim_0.95__teacher_rf__seed_3,condition_recombine_pseudolabel,1.0,0.95,random_forest,3,158,0,1.0,True,,,,reaction_role_concat,6144,random_forest,False,valid,spearman,0.8298677537558153,1,0.05,random,,
condition_recombine_pseudolabel__mult_1__sim_0.95__teacher_rf__seed_4,condition_recombine_pseudolabel,1.0,0.95,random_forest,4,158,0,1.0,True,,,,reaction_role_concat,6144,random_forest,False,valid,rmse,15.260755125839381,1,0.05,random,,
condition_recombine_pseudolabel__mult_1__sim_0.95__teacher_rf__seed_4,condition_recombine_pseudolabel,1.0,0.95,random_forest,4,158,0,1.0,True,,,,reaction_role_concat,6144,random_forest,False,valid,mae,11.288566241229637,1,0.05,random,,
condition_recombine_pseudolabel__mult_1__sim_0.95__teacher_rf__seed_4,condition_recombine_pseudolabel,1.0,0.95,random_forest,4,158,0,1.0,True,,,,reaction_role_concat,6144,random_forest,False,valid,r2,0.6802480316018862,1,0.05,random,,
condition_recombine_pseudolabel__mult_1__sim_0.95__teacher_rf__seed_4,condition_recombine_pseudolabel,1.0,0.95,random_forest,4,158,0,1.0,True,,,,reaction_role_concat,6144,random_forest,False,valid,spearman,0.8298677537558153,1,0.05,random,,
condition_recombine_pseudolabel__mult_1.5__sim_0.7__teacher_ridge__seed_0,condition_recombine_pseudolabel,1.5,0.7,ridge,0,158,237,2.5,True,0.8289488269306937,0.7437499761581421,0.85,reaction_role_concat,6144,random_forest,False,valid,rmse,15.731861079891022,1,0.05,random,,
condition_recombine_pseudolabel__mult_1.5__sim_0.7__teacher_ridge__seed_0,condition_recombine_pseudolabel,1.5,0.7,ridge,0,158,237,2.5,True,0.8289488269306937,0.7437499761581421,0.85,reaction_role_concat,6144,random_forest,False,valid,mae,11.802429576251326,1,0.05,random,,
condition_recombine_pseudolabel__mult_1.5__sim_0.7__teacher_ridge__seed_0,condition_recombine_pseudolabel,1.5,0.7,ridge,0,158,237,2.5,True,0.8289488269306937,0.7437499761581421,0.85,reaction_role_concat,6144,random_forest,False,valid,r2,0.6602015568851684,1,0.05,random,,
condition_recombine_pseudolabel__mult_1.5__sim_0.7__teacher_ridge__seed_0,condition_recombine_pseudolabel,1.5,0.7,ridge,0,158,237,2.5,True,0.8289488269306937,0.7437499761581421,0.85,reaction_role_concat,6144,random_forest,False,valid,spearman,0.8104651944094714,1,0.05,random,,
condition_recombine_pseudolabel__mult_1.5__sim_0.7__teacher_ridge__seed_1,condition_recombine_pseudolabel,1.5,0.7,ridge,1,158,237,2.5,True,0.8302209578988923,0.7484662532806396,0.85,reaction_role_concat,6144,random_forest,False,valid,rmse,15.333479400850436,1,0.05,random,,
condition_recombine_pseudolabel__mult_1.5__sim_0.7__teacher_ridge__seed_1,condition_recombine_pseudolabel,1.5,0.7,ridge,1,158,237,2.5,True,0.8302209578988923,0.7484662532806396,0.85,reaction_role_concat,6144,random_forest,False,valid,mae,11.82771578158759,1,0.05,random,,
condition_recombine_pseudolabel__mult_1.5__sim_0.7__teacher_ridge__seed_1,condition_recombine_pseudolabel,1.5,0.7,ridge,1,158,237,2.5,True,0.8302209578988923,0.7484662532806396,0.85,reaction_role_concat,6144,random_forest,False,valid,r2,0.6771932499652018,1,0.05,random,,
condition_recombine_pseudolabel__mult_1.5__sim_0.7__teacher_ridge__seed_1,condition_recombine_pseudolabel,1.5,0.7,ridge,1,158,237,2.5,True,0.8302209578988923,0.7484662532806396,0.85,reaction_role_concat,6144,random_forest,False,valid,spearman,0.828953512325355,1,0.05,random,,
condition_recombine_pseudolabel__mult_1.5__sim_0.7__teacher_ridge__seed_2,condition_recombine_pseudolabel,1.5,0.7,ridge,2,158,237,2.5,True,0.8332713012956867,0.746666669845581,0.85,reaction_role_concat,6144,random_forest,False,valid,rmse,15.26393729254476,1,0.05,random,,
condition_recombine_pseudolabel__mult_1.5__sim_0.7__teacher_ridge__seed_2,condition_recombine_pseudolabel,1.5,0.7,ridge,2,158,237,2.5,True,0.8332713012956867,0.746666669845581,0.85,reaction_role_concat,6144,random_forest,False,valid,mae,11.506558357980431,1,0.05,random,,
condition_recombine_pseudolabel__mult_1.5__sim_0.7__teacher_ridge__seed_2,condition_recombine_pseudolabel,1.5,0.7,ridge,2,158,237,2.5,True,0.8332713012956867,0.746666669845581,0.85,reaction_role_concat,6144,random_forest,False,valid,r2,0.6801146685875137,1,0.05,random,,
condition_recombine_pseudolabel__mult_1.5__sim_0.7__teacher_ridge__seed_2,condition_recombine_pseudolabel,1.5,0.7,ridge,2,158,237,2.5,True,0.8332713012956867,0.746666669845581,0.85,reaction_role_concat,6144,random_forest,False,valid,spearman,0.8230108456640569,1,0.05,random,,
condition_recombine_pseudolabel__mult_1.5__sim_0.7__teacher_ridge__seed_3,condition_recombine_pseudolabel,1.5,0.7,ridge,3,158,237,2.5,True,0.8283915268720956,0.7358490824699402,0.85,reaction_role_concat,6144,random_forest,False,valid,rmse,14.945407810145053,1,0.05,random,,
condition_recombine_pseudolabel__mult_1.5__sim_0.7__teacher_ridge__seed_3,condition_recombine_pseudolabel,1.5,0.7,ridge,3,158,237,2.5,True,0.8283915268720956,0.7358490824699402,0.85,reaction_role_concat,6144,random_forest,False,valid,mae,11.281946836,1,0.05,random,,
condition_recombine_pseudolabel__mult_1.5__sim_0.7__teacher_ridge__seed_3,condition_recombine_pseudolabel,1.5,0.7,ridge,3,158,237,2.5,True,0.8283915268720956,0.7358490824699402,0.85,reaction_role_concat,6144,random_forest,False,valid,r2,0.6933261684811827,1,0.05,random,,
condition_recombine_pseudolabel__mult_1.5__sim_0.7__teacher_ridge__seed_3,condition_recombine_pseudolabel,1.5,0.7,ridge,3,158,237,2.5,True,0.8283915268720956,0.7358490824699402,0.85,reaction_role_concat,6144,random_forest,False,valid,spearman,0.8341605018568807,1,0.05,random,,
condition_recombine_pseudolabel__mult_1.5__sim_0.7__teacher_ridge__seed_4,condition_recombine_pseudolabel,1.5,0.7,ridge,4,158,237,2.5,True,0.8282195630455821,0.7402597665786743,0.85,reaction_role_concat,6144,random_forest,False,valid,rmse,15.09517350391186,1,0.05,random,,
condition_recombine_pseudolabel__mult_1.5__sim_0.7__teacher_ridge__seed_4,condition_recombine_pseudolabel,1.5,0.7,ridge,4,158,237,2.5,True,0.8282195630455821,0.7402597665786743,0.85,reaction_role_concat,6144,random_forest,False,valid,mae,11.483657370491873,1,0.05,random,,
condition_recombine_pseudolabel__mult_1.5__sim_0.7__teacher_ridge__seed_4,condition_recombine_pseudolabel,1.5,0.7,ridge,4,158,237,2.5,True,0.8282195630455821,0.7402597665786743,0.85,reaction_role_concat,6144,random_forest,False,valid,r2,0.6871491079903987,1,0.05,random,,
condition_recombine_pseudolabel__mult_1.5__sim_0.7__teacher_ridge__seed_4,condition_recombine_pseudolabel,1.5,0.7,ridge,4,158,237,2.5,True,0.8282195630455821,0.7402597665786743,0.85,reaction_role_concat,6144,random_forest,False,valid,spearman,0.8290232244514687,1,0.05,random,,
condition_recombine_pseudolabel__mult_1.5__sim_0.7__teacher_rf__seed_0,condition_recombine_pseudolabel,1.5,0.7,random_forest,0,158,237,2.5,True,0.8289488269306937,0.7437499761581421,0.85,reaction_role_concat,6144,random_forest,False,valid,rmse,15.815807875117049,1,0.05,random,,
condition_recombine_pseudolabel__mult_1.5__sim_0.7__teacher_rf__seed_0,condition_recombine_pseudolabel,1.5,0.7,random_forest,0,158,237,2.5,True,0.8289488269306937,0.7437499761581421,0.85,reaction_role_concat,6144,random_forest,False,valid,mae,11.58175026515579,1,0.05,random,,
condition_recombine_pseudolabel__mult_1.5__sim_0.7__teacher_rf__seed_0,condition_recombine_pseudolabel,1.5,0.7,random_forest,0,158,237,2.5,True,0.8289488269306937,0.7437499761581421,0.85,reaction_role_concat,6144,random_forest,False,valid,r2,0.6565654840406742,1,0.05,random,,
condition_recombine_pseudolabel__mult_1.5__sim_0.7__teacher_rf__seed_0,condition_recombine_pseudolabel,1.5,0.7,random_forest,0,158,237,2.5,True,0.8289488269306937,0.7437499761581421,0.85,reaction_role_concat,6144,random_forest,False,valid,spearman,0.8114853671153676,1,0.05,random,,
condition_recombine_pseudolabel__mult_1.5__sim_0.7__teacher_rf__seed_1,condition_recombine_pseudolabel,1.5,0.7,random_forest,1,158,237,2.5,True,0.8302209578988923,0.7484662532806396,0.85,reaction_role_concat,6144,random_forest,False,valid,rmse,15.720715227924094,1,0.05,random,,
condition_recombine_pseudolabel__mult_1.5__sim_0.7__teacher_rf__seed_1,condition_recombine_pseudolabel,1.5,0.7,random_forest,1,158,237,2.5,True,0.8302209578988923,0.7484662532806396,0.85,reaction_role_concat,6144,random_forest,False,valid,mae,11.787377634121649,1,0.05,random,,
condition_recombine_pseudolabel__mult_1.5__sim_0.7__teacher_rf__seed_1,condition_recombine_pseudolabel,1.5,0.7,random_forest,1,158,237,2.5,True,0.8302209578988923,0.7484662532806396,0.85,reaction_role_concat,6144,random_forest,False,valid,r2,0.660682873301665,1,0.05,random,,
condition_recombine_pseudolabel__mult_1.5__sim_0.7__teacher_rf__seed_1,condition_recombine_pseudolabel,1.5,0.7,random_forest,1,158,237,2.5,True,0.8302209578988923,0.7484662532806396,0.85,reaction_role_concat,6144,random_forest,False,valid,spearman,0.8096099551416157,1,0.05,random,,
condition_recombine_pseudolabel__mult_1.5__sim_0.7__teacher_rf__seed_2,condition_recombine_pseudolabel,1.5,0.7,random_forest,2,158,237,2.5,True,0.8332713012956867,0.746666669845581,0.85,reaction_role_concat,6144,random_forest,False,valid,rmse,15.428805484438719,1,0.05,random,,
condition_recombine_pseudolabel__mult_1.5__sim_0.7__teacher_rf__seed_2,condition_recombine_pseudolabel,1.5,0.7,random_forest,2,158,237,2.5,True,0.8332713012956867,0.746666669845581,0.85,reaction_role_concat,6144,random_forest,False,valid,mae,11.283494295102885,1,0.05,random,,
condition_recombine_pseudolabel__mult_1.5__sim_0.7__teacher_rf__seed_2,condition_recombine_pseudolabel,1.5,0.7,random_forest,2,158,237,2.5,True,0.8332713012956867,0.746666669845581,0.85,reaction_role_concat,6144,random_forest,False,valid,r2,0.6731670854234545,1,0.05,random,,
condition_recombine_pseudolabel__mult_1.5__sim_0.7__teacher_rf__seed_2,condition_recombine_pseudolabel,1.5,0.7,random_forest,2,158,237,2.5,True,0.8332713012956867,0.746666669845581,0.85,reaction_role_concat,6144,random_forest,False,valid,spearman,0.8260349499058145,1,0.05,random,,
condition_recombine_pseudolabel__mult_1.5__sim_0.7__teacher_rf__seed_3,condition_recombine_pseudolabel,1.5,0.7,random_forest,3,158,237,2.5,True,0.8283915268720956,0.7358490824699402,0.85,reaction_role_concat,6144,random_forest,False,valid,rmse,15.70926495748114,1,0.05,random,,
condition_recombine_pseudolabel__mult_1.5__sim_0.7__teacher_rf__seed_3,condition_recombine_pseudolabel,1.5,0.7,random_forest,3,158,237,2.5,True,0.8283915268720956,0.7358490824699402,0.85,reaction_role_concat,6144,random_forest,False,valid,mae,11.64644600075257,1,0.05,random,,
condition_recombine_pseudolabel__mult_1.5__sim_0.7__teacher_rf__seed_3,condition_recombine_pseudolabel,1.5,0.7,random_forest,3,158,237,2.5,True,0.8283915268720956,0.7358490824699402,0.85,reaction_role_concat,6144,random_forest,False,valid,r2,0.6611769803292719,1,0.05,random,,
condition_recombine_pseudolabel__mult_1.5__sim_0.7__teacher_rf__seed_3,condition_recombine_pseudolabel,1.5,0.7,random_forest,3,158,237,2.5,True,0.8283915268720956,0.7358490824699402,0.85,reaction_role_concat,6144,random_forest,False,valid,spearman,0.8114049450257447,1,0.05,random,,
condition_recombine_pseudolabel__mult_1.5__sim_0.7__teacher_rf__seed_4,condition_recombine_pseudolabel,1.5,0.7,random_forest,4,158,237,2.5,True,0.8282195630455821,0.7402597665786743,0.85,reaction_role_concat,6144,random_forest,False,valid,rmse,15.199019446110139,1,0.05,random,,
condition_recombine_pseudolabel__mult_1.5__sim_0.7__teacher_rf__seed_4,condition_recombine_pseudolabel,1.5,0.7,random_forest,4,158,237,2.5,True,0.8282195630455821,0.7402597665786743,0.85,reaction_role_concat,6144,random_forest,False,valid,mae,11.24681256179719,1,0.05,random,,
condition_recombine_pseudolabel__mult_1.5__sim_0.7__teacher_rf__seed_4,condition_recombine_pseudolabel,1.5,0.7,random_forest,4,158,237,2.5,True,0.8282195630455821,0.7402597665786743,0.85,reaction_role_concat,6144,random_forest,False,valid,r2,0.6828298405302868,1,0.05,random,,
condition_recombine_pseudolabel__mult_1.5__sim_0.7__teacher_rf__seed_4,condition_recombine_pseudolabel,1.5,0.7,random_forest,4,158,237,2.5,True,0.8282195630455821,0.7402597665786743,0.85,reaction_role_concat,6144,random_forest,False,valid,spearman,0.830637313315598,1,0.05,random,,
condition_recombine_pseudolabel__mult_1.5__sim_0.8__teacher_ridge__seed_0,condition_recombine_pseudolabel,1.5,0.8,ridge,0,158,198,2.2531645569620253,True,0.8396033568815751,0.800000011920929,0.85,reaction_role_concat,6144,random_forest,False,valid,rmse,15.701305171046386,1,0.05,random,,
condition_recombine_pseudolabel__mult_1.5__sim_0.8__teacher_ridge__seed_0,condition_recombine_pseudolabel,1.5,0.8,ridge,0,158,198,2.2531645569620253,True,0.8396033568815751,0.800000011920929,0.85,reaction_role_concat,6144,random_forest,False,valid,mae,11.81047765402477,1,0.05,random,,
condition_recombine_pseudolabel__mult_1.5__sim_0.8__teacher_ridge__seed_0,condition_recombine_pseudolabel,1.5,0.8,ridge,0,158,198,2.2531645569620253,True,0.8396033568815751,0.800000011920929,0.85,reaction_role_concat,6144,random_forest,False,valid,r2,0.6615202523559323,1,0.05,random,,
condition_recombine_pseudolabel__mult_1.5__sim_0.8__teacher_ridge__seed_0,condition_recombine_pseudolabel,1.5,0.8,ridge,0,158,198,2.2531645569620253,True,0.8396033568815751,0.800000011920929,0.85,reaction_role_concat,6144,random_forest,False,valid,spearman,0.8146282545887716,1,0.05,random,,
condition_recombine_pseudolabel__mult_1.5__sim_0.8__teacher_ridge__seed_1,condition_recombine_pseudolabel,1.5,0.8,ridge,1,158,200,2.2658227848101267,True,0.8399340704679488,0.8028169274330139,0.85,reaction_role_concat,6144,random_forest,False,valid,rmse,15.201013429672566,1,0.05,random,,
condition_recombine_pseudolabel__mult_1.5__sim_0.8__teacher_ridge__seed_1,condition_recombine_pseudolabel,1.5,0.8,ridge,1,158,200,2.2658227848101267,True,0.8399340704679488,0.8028169274330139,0.85,reaction_role_concat,6144,random_forest,False,valid,mae,11.533530416293235,1,0.05,random,,
condition_recombine_pseudolabel__mult_1.5__sim_0.8__teacher_ridge__seed_1,condition_recombine_pseudolabel,1.5,0.8,ridge,1,158,200,2.2658227848101267,True,0.8399340704679488,0.8028169274330139,0.85,reaction_role_concat,6144,random_forest,False,valid,r2,0.6827466149548997,1,0.05,random,,
condition_recombine_pseudolabel__mult_1.5__sim_0.8__teacher_ridge__seed_1,condition_recombine_pseudolabel,1.5,0.8,ridge,1,158,200,2.2658227848101267,True,0.8399340704679488,0.8028169274330139,0.85,reaction_role_concat,6144,random_forest,False,valid,spearman,0.8284515071266908,1,0.05,random,,
condition_recombine_pseudolabel__mult_1.5__sim_0.8__teacher_ridge__seed_2,condition_recombine_pseudolabel,1.5,0.8,ridge,2,158,208,2.3164556962025316,True,0.8411793173505709,0.800000011920929,0.85,reaction_role_concat,6144,random_forest,False,valid,rmse,15.254640489063814,1,0.05,random,,
condition_recombine_pseudolabel__mult_1.5__sim_0.8__teacher_ridge__seed_2,condition_recombine_pseudolabel,1.5,0.8,ridge,2,158,208,2.3164556962025316,True,0.8411793173505709,0.800000011920929,0.85,reaction_role_concat,6144,random_forest,False,valid,mae,11.539087433954585,1,0.05,random,,
condition_recombine_pseudolabel__mult_1.5__sim_0.8__teacher_ridge__seed_2,condition_recombine_pseudolabel,1.5,0.8,ridge,2,158,208,2.3164556962025316,True,0.8411793173505709,0.800000011920929,0.85,reaction_role_concat,6144,random_forest,False,valid,r2,0.6805042149209226,1,0.05,random,,
condition_recombine_pseudolabel__mult_1.5__sim_0.8__teacher_ridge__seed_2,condition_recombine_pseudolabel,1.5,0.8,ridge,2,158,208,2.3164556962025316,True,0.8411793173505709,0.800000011920929,0.85,reaction_role_concat,6144,random_forest,False,valid,spearman,0.8244175506893276,1,0.05,random,,
condition_recombine_pseudolabel__mult_1.5__sim_0.8__teacher_ridge__seed_3,condition_recombine_pseudolabel,1.5,0.8,ridge,3,158,188,2.189873417721519,True,0.8415410148336532,0.8027210831642151,0.85,reaction_role_concat,6144,random_forest,False,valid,rmse,14.998504976913685,1,0.05,random,,
condition_recombine_pseudolabel__mult_1.5__sim_0.8__teacher_ridge__seed_3,condition_recombine_pseudolabel,1.5,0.8,ridge,3,158,188,2.189873417721519,True,0.8415410148336532,0.8027210831642151,0.85,reaction_role_concat,6144,random_forest,False,valid,mae,11.286562966833387,1,0.05,random,,
condition_recombine_pseudolabel__mult_1.5__sim_0.8__teacher_ridge__seed_3,condition_recombine_pseudolabel,1.5,0.8,ridge,3,158,188,2.189873417721519,True,0.8415410148336532,0.8027210831642151,0.85,reaction_role_concat,6144,random_forest,False,valid,r2,0.6911432321124258,1,0.05,random,,
condition_recombine_pseudolabel__mult_1.5__sim_0.8__teacher_ridge__seed_3,condition_recombine_pseudolabel,1.5,0.8,ridge,3,158,188,2.189873417721519,True,0.8415410148336532,0.8027210831642151,0.85,reaction_role_concat,6144,random_forest,False,valid,spearman,0.8355740223134754,1,0.05,random,,
condition_recombine_pseudolabel__mult_1.5__sim_0.8__teacher_ridge__seed_4,condition_recombine_pseudolabel,1.5,0.8,ridge,4,158,197,2.2468354430379747,True,0.8390923056505657,0.800000011920929,0.85,reaction_role_concat,6144,random_forest,False,valid,rmse,15.151854458042203,1,0.05,random,,
condition_recombine_pseudolabel__mult_1.5__sim_0.8__teacher_ridge__seed_4,condition_recombine_pseudolabel,1.5,0.8,ridge,4,158,197,2.2468354430379747,True,0.8390923056505657,0.800000011920929,0.85,reaction_role_concat,6144,random_forest,False,valid,mae,11.43433730839853,1,0.05,random,,
condition_recombine_pseudolabel__mult_1.5__sim_0.8__teacher_ridge__seed_4,condition_recombine_pseudolabel,1.5,0.8,ridge,4,158,197,2.2468354430379747,True,0.8390923056505657,0.800000011920929,0.85,reaction_role_concat,6144,random_forest,False,valid,r2,0.6847952457655582,1,0.05,random,,
condition_recombine_pseudolabel__mult_1.5__sim_0.8__teacher_ridge__seed_4,condition_recombine_pseudolabel,1.5,0.8,ridge,4,158,197,2.2468354430379747,True,0.8390923056505657,0.800000011920929,0.85,reaction_role_concat,6144,random_forest,False,valid,spearman,0.8292325555564197,1,0.05,random,,
condition_recombine_pseudolabel__mult_1.5__sim_0.8__teacher_rf__seed_0,condition_recombine_pseudolabel,1.5,0.8,random_forest,0,158,198,2.2531645569620253,True,0.8396033568815751,0.800000011920929,0.85,reaction_role_concat,6144,random_forest,False,valid,rmse,15.931241489640911,1,0.05,random,,
condition_recombine_pseudolabel__mult_1.5__sim_0.8__teacher_rf__seed_0,condition_recombine_pseudolabel,1.5,0.8,random_forest,0,158,198,2.2531645569620253,True,0.8396033568815751,0.800000011920929,0.85,reaction_role_concat,6144,random_forest,False,valid,mae,11.691395530846489,1,0.05,random,,
condition_recombine_pseudolabel__mult_1.5__sim_0.8__teacher_rf__seed_0,condition_recombine_pseudolabel,1.5,0.8,random_forest,0,158,198,2.2531645569620253,True,0.8396033568815751,0.800000011920929,0.85,reaction_role_concat,6144,random_forest,False,valid,r2,0.6515339914058981,1,0.05,random,,
condition_recombine_pseudolabel__mult_1.5__sim_0.8__teacher_rf__seed_0,condition_recombine_pseudolabel,1.5,0.8,random_forest,0,158,198,2.2531645569620253,True,0.8396033568815751,0.800000011920929,0.85,reaction_role_concat,6144,random_forest,False,valid,spearman,0.805394318777816,1,0.05,random,,
condition_recombine_pseudolabel__mult_1.5__sim_0.8__teacher_rf__seed_1,condition_recombine_pseudolabel,1.5,0.8,random_forest,1,158,200,2.2658227848101267,True,0.8399340704679488,0.8028169274330139,0.85,reaction_role_concat,6144,random_forest,False,valid,rmse,15.804285888866687,1,0.05,random,,
condition_recombine_pseudolabel__mult_1.5__sim_0.8__teacher_rf__seed_1,condition_recombine_pseudolabel,1.5,0.8,random_forest,1,158,200,2.2658227848101267,True,0.8399340704679488,0.8028169274330139,0.85,reaction_role_concat,6144,random_forest,False,valid,mae,11.69591993245143,1,0.05,random,,
condition_recombine_pseudolabel__mult_1.5__sim_0.8__teacher_rf__seed_1,condition_recombine_pseudolabel,1.5,0.8,random_forest,1,158,200,2.2658227848101267,True,0.8399340704679488,0.8028169274330139,0.85,reaction_role_concat,6144,random_forest,False,valid,r2,0.6570656932523784,1,0.05,random,,
condition_recombine_pseudolabel__mult_1.5__sim_0.8__teacher_rf__seed_1,condition_recombine_pseudolabel,1.5,0.8,random_forest,1,158,200,2.2658227848101267,True,0.8399340704679488,0.8028169274330139,0.85,reaction_role_concat,6144,random_forest,False,valid,spearman,0.8053103916092264,1,0.05,random,,
condition_recombine_pseudolabel__mult_1.5__sim_0.8__teacher_rf__seed_2,condition_recombine_pseudolabel,1.5,0.8,random_forest,2,158,208,2.3164556962025316,True,0.8411793173505709,0.800000011920929,0.85,reaction_role_concat,6144,random_forest,False,valid,rmse,15.605984932233792,1,0.05,random,,
condition_recombine_pseudolabel__mult_1.5__sim_0.8__teacher_rf__seed_2,condition_recombine_pseudolabel,1.5,0.8,random_forest,2,158,208,2.3164556962025316,True,0.8411793173505709,0.800000011920929,0.85,reaction_role_concat,6144,random_forest,False,valid,mae,11.469411469627785,1,0.05,random,,
condition_recombine_pseudolabel__mult_1.5__sim_0.8__teacher_rf__seed_2,condition_recombine_pseudolabel,1.5,0.8,random_forest,2,158,208,2.3164556962025316,True,0.8411793173505709,0.800000011920929,0.85,reaction_role_concat,6144,random_forest,False,valid,r2,0.6656174958903343,1,0.05,random,,
condition_recombine_pseudolabel__mult_1.5__sim_0.8__teacher_rf__seed_2,condition_recombine_pseudolabel,1.5,0.8,random_forest,2,158,208,2.3164556962025316,True,0.8411793173505709,0.800000011920929,0.85,reaction_role_concat,6144,random_forest,False,valid,spearman,0.8202297602306519,1,0.05,random,,
condition_recombine_pseudolabel__mult_1.5__sim_0.8__teacher_rf__seed_3,condition_recombine_pseudolabel,1.5,0.8,random_forest,3,158,188,2.189873417721519,True,0.8415410148336532,0.8027210831642151,0.85,reaction_role_concat,6144,random_forest,False,valid,rmse,15.648566155355551,1,0.05,random,,
condition_recombine_pseudolabel__mult_1.5__sim_0.8__teacher_rf__seed_3,condition_recombine_pseudolabel,1.5,0.8,random_forest,3,158,188,2.189873417721519,True,0.8415410148336532,0.8027210831642151,0.85,reaction_role_concat,6144,random_forest,False,valid,mae,11.644497390544112,1,0.05,random,,
condition_recombine_pseudolabel__mult_1.5__sim_0.8__teacher_rf__seed_3,condition_recombine_pseudolabel,1.5,0.8,random_forest,3,158,188,2.189873417721519,True,0.8415410148336532,0.8027210831642151,0.85,reaction_role_concat,6144,random_forest,False,valid,r2,0.6637902685836008,1,0.05,random,,
condition_recombine_pseudolabel__mult_1.5__sim_0.8__teacher_rf__seed_3,condition_recombine_pseudolabel,1.5,0.8,random_forest,3,158,188,2.189873417721519,True,0.8415410148336532,0.8027210831642151,0.85,reaction_role_concat,6144,random_forest,False,valid,spearman,0.8161258969405655,1,0.05,random,,
condition_recombine_pseudolabel__mult_1.5__sim_0.8__teacher_rf__seed_4,condition_recombine_pseudolabel,1.5,0.8,random_forest,4,158,197,2.2468354430379747,True,0.8390923056505657,0.800000011920929,0.85,reaction_role_concat,6144,random_forest,False,valid,rmse,15.319538905737057,1,0.05,random,,
condition_recombine_pseudolabel__mult_1.5__sim_0.8__teacher_rf__seed_4,condition_recombine_pseudolabel,1.5,0.8,random_forest,4,158,197,2.2468354430379747,True,0.8390923056505657,0.800000011920929,0.85,reaction_role_concat,6144,random_forest,False,valid,mae,11.278999154210846,1,0.05,random,,
condition_recombine_pseudolabel__mult_1.5__sim_0.8__teacher_rf__seed_4,condition_recombine_pseudolabel,1.5,0.8,random_forest,4,158,197,2.2468354430379747,True,0.8390923056505657,0.800000011920929,0.85,reaction_role_concat,6144,random_forest,False,valid,r2,0.6777799452830924,1,0.05,random,,
condition_recombine_pseudolabel__mult_1.5__sim_0.8__teacher_rf__seed_4,condition_recombine_pseudolabel,1.5,0.8,random_forest,4,158,197,2.2468354430379747,True,0.8390923056505657,0.800000011920929,0.85,reaction_role_concat,6144,random_forest,False,valid,spearman,0.8281411129115356,1,0.05,random,,
condition_recombine_pseudolabel__mult_1.5__sim_0.85__teacher_ridge__seed_0,condition_recombine_pseudolabel,1.5,0.85,ridge,0,158,113,1.7151898734177216,True,0.8499999999999998,0.85,0.85,reaction_role_concat,6144,random_forest,False,valid,rmse,15.973944938212037,1,0.05,random,,
condition_recombine_pseudolabel__mult_1.5__sim_0.85__teacher_ridge__seed_0,condition_recombine_pseudolabel,1.5,0.85,ridge,0,158,113,1.7151898734177216,True,0.8499999999999998,0.85,0.85,reaction_role_concat,6144,random_forest,False,valid,mae,12.110510137418403,1,0.05,random,,
condition_recombine_pseudolabel__mult_1.5__sim_0.85__teacher_ridge__seed_0,condition_recombine_pseudolabel,1.5,0.85,ridge,0,158,113,1.7151898734177216,True,0.8499999999999998,0.85,0.85,reaction_role_concat,6144,random_forest,False,valid,r2,0.6496633720908935,1,0.05,random,,
condition_recombine_pseudolabel__mult_1.5__sim_0.85__teacher_ridge__seed_0,condition_recombine_pseudolabel,1.5,0.85,ridge,0,158,113,1.7151898734177216,True,0.8499999999999998,0.85,0.85,reaction_role_concat,6144,random_forest,False,valid,spearman,0.8063214121644874,1,0.05,random,,
condition_recombine_pseudolabel__mult_1.5__sim_0.85__teacher_ridge__seed_1,condition_recombine_pseudolabel,1.5,0.85,ridge,1,158,112,1.7088607594936709,True,0.8499999999999998,0.85,0.85,reaction_role_concat,6144,random_forest,False,valid,rmse,15.606318347441494,1,0.05,random,,
condition_recombine_pseudolabel__mult_1.5__sim_0.85__teacher_ridge__seed_1,condition_recombine_pseudolabel,1.5,0.85,ridge,1,158,112,1.7088607594936709,True,0.8499999999999998,0.85,0.85,reaction_role_concat,6144,random_forest,False,valid,mae,11.72110225887691,1,0.05,random,,
condition_recombine_pseudolabel__mult_1.5__sim_0.85__teacher_ridge__seed_1,condition_recombine_pseudolabel,1.5,0.85,ridge,1,158,112,1.7088607594936709,True,0.8499999999999998,0.85,0.85,reaction_role_concat,6144,random_forest,False,valid,r2,0.6656032078587242,1,0.05,random,,
condition_recombine_pseudolabel__mult_1.5__sim_0.85__teacher_ridge__seed_1,condition_recombine_pseudolabel,1.5,0.85,ridge,1,158,112,1.7088607594936709,True,0.8499999999999998,0.85,0.85,reaction_role_concat,6144,random_forest,False,valid,spearman,0.8142796939582021,1,0.05,random,,
condition_recombine_pseudolabel__mult_1.5__sim_0.85__teacher_ridge__seed_2,condition_recombine_pseudolabel,1.5,0.85,ridge,2,158,137,1.8670886075949367,True,0.8499999999999999,0.85,0.85,reaction_role_concat,6144,random_forest,False,valid,rmse,15.706861413571312,1,0.05,random,,
condition_recombine_pseudolabel__mult_1.5__sim_0.85__teacher_ridge__seed_2,condition_recombine_pseudolabel,1.5,0.85,ridge,2,158,137,1.8670886075949367,True,0.8499999999999999,0.85,0.85,reaction_role_concat,6144,random_forest,False,valid,mae,11.805971044915387,1,0.05,random,,
condition_recombine_pseudolabel__mult_1.5__sim_0.85__teacher_ridge__seed_2,condition_recombine_pseudolabel,1.5,0.85,ridge,2,158,137,1.8670886075949367,True,0.8499999999999999,0.85,0.85,reaction_role_concat,6144,random_forest,False,valid,r2,0.6612806533791817,1,0.05,random,,
condition_recombine_pseudolabel__mult_1.5__sim_0.85__teacher_ridge__seed_2,condition_recombine_pseudolabel,1.5,0.85,ridge,2,158,137,1.8670886075949367,True,0.8499999999999999,0.85,0.85,reaction_role_concat,6144,random_forest,False,valid,spearman,0.8129937194306704,1,0.05,random,,
condition_recombine_pseudolabel__mult_1.5__sim_0.85__teacher_ridge__seed_3,condition_recombine_pseudolabel,1.5,0.85,ridge,3,158,117,1.740506329113924,True,0.8499999999999995,0.85,0.85,reaction_role_concat,6144,random_forest,False,valid,rmse,15.102023737041222,1,0.05,random,,
condition_recombine_pseudolabel__mult_1.5__sim_0.85__teacher_ridge__seed_3,condition_recombine_pseudolabel,1.5,0.85,ridge,3,158,117,1.740506329113924,True,0.8499999999999995,0.85,0.85,reaction_role_concat,6144,random_forest,False,valid,mae,11.29462527658215,1,0.05,random,,
condition_recombine_pseudolabel__mult_1.5__sim_0.85__teacher_ridge__seed_3,condition_recombine_pseudolabel,1.5,0.85,ridge,3,158,117,1.740506329113924,True,0.8499999999999995,0.85,0.85,reaction_role_concat,6144,random_forest,False,valid,r2,0.6868650982945499,1,0.05,random,,
condition_recombine_pseudolabel__mult_1.5__sim_0.85__teacher_ridge__seed_3,condition_recombine_pseudolabel,1.5,0.85,ridge,3,158,117,1.740506329113924,True,0.8499999999999995,0.85,0.85,reaction_role_concat,6144,random_forest,False,valid,spearman,0.8314902158641427,1,0.05,random,,
condition_recombine_pseudolabel__mult_1.5__sim_0.85__teacher_ridge__seed_4,condition_recombine_pseudolabel,1.5,0.85,ridge,4,158,106,1.6708860759493671,True,0.8499999999999996,0.85,0.85,reaction_role_concat,6144,random_forest,False,valid,rmse,15.138131512081364,1,0.05,random,,
condition_recombine_pseudolabel__mult_1.5__sim_0.85__teacher_ridge__seed_4,condition_recombine_pseudolabel,1.5,0.85,ridge,4,158,106,1.6708860759493671,True,0.8499999999999996,0.85,0.85,reaction_role_concat,6144,random_forest,False,valid,mae,11.358761502399474,1,0.05,random,,
condition_recombine_pseudolabel__mult_1.5__sim_0.85__teacher_ridge__seed_4,condition_recombine_pseudolabel,1.5,0.85,ridge,4,158,106,1.6708860759493671,True,0.8499999999999996,0.85,0.85,reaction_role_concat,6144,random_forest,False,valid,r2,0.6853659454134178,1,0.05,random,,
condition_recombine_pseudolabel__mult_1.5__sim_0.85__teacher_ridge__seed_4,condition_recombine_pseudolabel,1.5,0.85,ridge,4,158,106,1.6708860759493671,True,0.8499999999999996,0.85,0.85,reaction_role_concat,6144,random_forest,False,valid,spearman,0.8394138363214096,1,0.05,random,,
condition_recombine_pseudolabel__mult_1.5__sim_0.85__teacher_rf__seed_0,condition_recombine_pseudolabel,1.5,0.85,random_forest,0,158,113,1.7151898734177216,True,0.8499999999999998,0.85,0.85,reaction_role_concat,6144,random_forest,False,valid,rmse,15.886495205164069,1,0.05,random,,
condition_recombine_pseudolabel__mult_1.5__sim_0.85__teacher_rf__seed_0,condition_recombine_pseudolabel,1.5,0.85,random_forest,0,158,113,1.7151898734177216,True,0.8499999999999998,0.85,0.85,reaction_role_concat,6144,random_forest,False,valid,mae,11.619216193748425,1,0.05,random,,
condition_recombine_pseudolabel__mult_1.5__sim_0.85__teacher_rf__seed_0,condition_recombine_pseudolabel,1.5,0.85,random_forest,0,158,113,1.7151898734177216,True,0.8499999999999998,0.85,0.85,reaction_role_concat,6144,random_forest,False,valid,r2,0.6534887243938683,1,0.05,random,,
condition_recombine_pseudolabel__mult_1.5__sim_0.85__teacher_rf__seed_0,condition_recombine_pseudolabel,1.5,0.85,random_forest,0,158,113,1.7151898734177216,True,0.8499999999999998,0.85,0.85,reaction_role_concat,6144,random_forest,False,valid,spearman,0.8068672308502342,1,0.05,random,,
condition_recombine_pseudolabel__mult_1.5__sim_0.85__teacher_rf__seed_1,condition_recombine_pseudolabel,1.5,0.85,random_forest,1,158,112,1.7088607594936709,True,0.8499999999999998,0.85,0.85,reaction_role_concat,6144,random_forest,False,valid,rmse,15.738097108710022,1,0.05,random,,
condition_recombine_pseudolabel__mult_1.5__sim_0.85__teacher_rf__seed_1,condition_recombine_pseudolabel,1.5,0.85,random_forest,1,158,112,1.7088607594936709,True,0.8499999999999998,0.85,0.85,reaction_role_concat,6144,random_forest,False,valid,mae,11.683746056386942,1,0.05,random,,
condition_recombine_pseudolabel__mult_1.5__sim_0.85__teacher_rf__seed_1,condition_recombine_pseudolabel,1.5,0.85,random_forest,1,158,112,1.7088607594936709,True,0.8499999999999998,0.85,0.85,reaction_role_concat,6144,random_forest,False,valid,r2,0.6599321147826614,1,0.05,random,,
condition_recombine_pseudolabel__mult_1.5__sim_0.85__teacher_rf__seed_1,condition_recombine_pseudolabel,1.5,0.85,random_forest,1,158,112,1.7088607594936709,True,0.8499999999999998,0.85,0.85,reaction_role_concat,6144,random_forest,False,valid,spearman,0.8093168915946842,1,0.05,random,,
condition_recombine_pseudolabel__mult_1.5__sim_0.85__teacher_rf__seed_2,condition_recombine_pseudolabel,1.5,0.85,random_forest,2,158,137,1.8670886075949367,True,0.8499999999999999,0.85,0.85,reaction_role_concat,6144,random_forest,False,valid,rmse,15.667997826379546,1,0.05,random,,
condition_recombine_pseudolabel__mult_1.5__sim_0.85__teacher_rf__seed_2,condition_recombine_pseudolabel,1.5,0.85,random_forest,2,158,137,1.8670886075949367,True,0.8499999999999999,0.85,0.85,reaction_role_concat,6144,random_forest,False,valid,mae,11.39278642731754,1,0.05,random,,
condition_recombine_pseudolabel__mult_1.5__sim_0.85__teacher_rf__seed_2,condition_recombine_pseudolabel,1.5,0.85,random_forest,2,158,137,1.8670886075949367,True,0.8499999999999999,0.85,0.85,reaction_role_concat,6144,random_forest,False,valid,r2,0.662954770545843,1,0.05,random,,
condition_recombine_pseudolabel__mult_1.5__sim_0.85__teacher_rf__seed_2,condition_recombine_pseudolabel,1.5,0.85,random_forest,2,158,137,1.8670886075949367,True,0.8499999999999999,0.85,0.85,reaction_role_concat,6144,random_forest,False,valid,spearman,0.8148442063984374,1,0.05,random,,
condition_recombine_pseudolabel__mult_1.5__sim_0.85__teacher_rf__seed_3,condition_recombine_pseudolabel,1.5,0.85,random_forest,3,158,117,1.740506329113924,True,0.8499999999999995,0.85,0.85,reaction_role_concat,6144,random_forest,False,valid,rmse,15.530906730942734,1,0.05,random,,
condition_recombine_pseudolabel__mult_1.5__sim_0.85__teacher_rf__seed_3,condition_recombine_pseudolabel,1.5,0.85,random_forest,3,158,117,1.740506329113924,True,0.8499999999999995,0.85,0.85,reaction_role_concat,6144,random_forest,False,valid,mae,11.443516569448802,1,0.05,random,,
condition_recombine_pseudolabel__mult_1.5__sim_0.85__teacher_rf__seed_3,condition_recombine_pseudolabel,1.5,0.85,random_forest,3,158,117,1.740506329113924,True,0.8499999999999995,0.85,0.85,reaction_role_concat,6144,random_forest,False,valid,r2,0.6688270913293266,1,0.05,random,,
condition_recombine_pseudolabel__mult_1.5__sim_0.85__teacher_rf__seed_3,condition_recombine_pseudolabel,1.5,0.85,random_forest,3,158,117,1.740506329113924,True,0.8499999999999995,0.85,0.85,reaction_role_concat,6144,random_forest,False,valid,spearman,0.8204653794278524,1,0.05,random,,
condition_recombine_pseudolabel__mult_1.5__sim_0.85__teacher_rf__seed_4,condition_recombine_pseudolabel,1.5,0.85,random_forest,4,158,106,1.6708860759493671,True,0.8499999999999996,0.85,0.85,reaction_role_concat,6144,random_forest,False,valid,rmse,15.527099223224516,1,0.05,random,,
condition_recombine_pseudolabel__mult_1.5__sim_0.85__teacher_rf__seed_4,condition_recombine_pseudolabel,1.5,0.85,random_forest,4,158,106,1.6708860759493671,True,0.8499999999999996,0.85,0.85,reaction_role_concat,6144,random_forest,False,valid,mae,11.467154450664793,1,0.05,random,,
condition_recombine_pseudolabel__mult_1.5__sim_0.85__teacher_rf__seed_4,condition_recombine_pseudolabel,1.5,0.85,random_forest,4,158,106,1.6708860759493671,True,0.8499999999999996,0.85,0.85,reaction_role_concat,6144,random_forest,False,valid,r2,0.6689894500200627,1,0.05,random,,
condition_recombine_pseudolabel__mult_1.5__sim_0.85__teacher_rf__seed_4,condition_recombine_pseudolabel,1.5,0.85,random_forest,4,158,106,1.6708860759493671,True,0.8499999999999996,0.85,0.85,reaction_role_concat,6144,random_forest,False,valid,spearman,0.8233527855899119,1,0.05,random,,
condition_recombine_pseudolabel__mult_1.5__sim_0.9__teacher_ridge__seed_0,condition_recombine_pseudolabel,1.5,0.9,ridge,0,158,50,1.3164556962025316,True,0.85,0.85,0.85,reaction_role_concat,6144,random_forest,False,valid,rmse,15.756187603906586,1,0.05,random,,
condition_recombine_pseudolabel__mult_1.5__sim_0.9__teacher_ridge__seed_0,condition_recombine_pseudolabel,1.5,0.9,ridge,0,158,50,1.3164556962025316,True,0.85,0.85,0.85,reaction_role_concat,6144,random_forest,False,valid,mae,11.75267285792511,1,0.05,random,,
condition_recombine_pseudolabel__mult_1.5__sim_0.9__teacher_ridge__seed_0,condition_recombine_pseudolabel,1.5,0.9,ridge,0,158,50,1.3164556962025316,True,0.85,0.85,0.85,reaction_role_concat,6144,random_forest,False,valid,r2,0.6591498687240666,1,0.05,random,,
condition_recombine_pseudolabel__mult_1.5__sim_0.9__teacher_ridge__seed_0,condition_recombine_pseudolabel,1.5,0.9,ridge,0,158,50,1.3164556962025316,True,0.85,0.85,0.85,reaction_role_concat,6144,random_forest,False,valid,spearman,0.816269605178197,1,0.05,random,,
condition_recombine_pseudolabel__mult_1.5__sim_0.9__teacher_ridge__seed_1,condition_recombine_pseudolabel,1.5,0.9,ridge,1,158,52,1.3291139240506329,True,0.8500000000000001,0.85,0.85,reaction_role_concat,6144,random_forest,False,valid,rmse,15.148731793917245,1,0.05,random,,
condition_recombine_pseudolabel__mult_1.5__sim_0.9__teacher_ridge__seed_1,condition_recombine_pseudolabel,1.5,0.9,ridge,1,158,52,1.3291139240506329,True,0.8500000000000001,0.85,0.85,reaction_role_concat,6144,random_forest,False,valid,mae,11.295506726660307,1,0.05,random,,
condition_recombine_pseudolabel__mult_1.5__sim_0.9__teacher_ridge__seed_1,condition_recombine_pseudolabel,1.5,0.9,ridge,1,158,52,1.3291139240506329,True,0.8500000000000001,0.85,0.85,reaction_role_concat,6144,random_forest,False,valid,r2,0.6849251542404851,1,0.05,random,,
condition_recombine_pseudolabel__mult_1.5__sim_0.9__teacher_ridge__seed_1,condition_recombine_pseudolabel,1.5,0.9,ridge,1,158,52,1.3291139240506329,True,0.8500000000000001,0.85,0.85,reaction_role_concat,6144,random_forest,False,valid,spearman,0.8307609647124761,1,0.05,random,,
condition_recombine_pseudolabel__mult_1.5__sim_0.9__teacher_ridge__seed_2,condition_recombine_pseudolabel,1.5,0.9,ridge,2,158,60,1.379746835443038,True,0.85,0.85,0.85,reaction_role_concat,6144,random_forest,False,valid,rmse,15.539950855502736,1,0.05,random,,
condition_recombine_pseudolabel__mult_1.5__sim_0.9__teacher_ridge__seed_2,condition_recombine_pseudolabel,1.5,0.9,ridge,2,158,60,1.379746835443038,True,0.85,0.85,0.85,reaction_role_concat,6144,random_forest,False,valid,mae,11.648483089139944,1,0.05,random,,
condition_recombine_pseudolabel__mult_1.5__sim_0.9__teacher_ridge__seed_2,condition_recombine_pseudolabel,1.5,0.9,ridge,2,158,60,1.379746835443038,True,0.85,0.85,0.85,reaction_role_concat,6144,random_forest,False,valid,r2,0.6684412746892122,1,0.05,random,,
condition_recombine_pseudolabel__mult_1.5__sim_0.9__teacher_ridge__seed_2,condition_recombine_pseudolabel,1.5,0.9,ridge,2,158,60,1.379746835443038,True,0.85,0.85,0.85,reaction_role_concat,6144,random_forest,False,valid,spearman,0.824159927385281,1,0.05,random,,
condition_recombine_pseudolabel__mult_1.5__sim_0.9__teacher_ridge__seed_3,condition_recombine_pseudolabel,1.5,0.9,ridge,3,158,54,1.3417721518987342,True,0.8500000000000001,0.85,0.85,reaction_role_concat,6144,random_forest,False,valid,rmse,15.559475035340409,1,0.05,random,,
condition_recombine_pseudolabel__mult_1.5__sim_0.9__teacher_ridge__seed_3,condition_recombine_pseudolabel,1.5,0.9,ridge,3,158,54,1.3417721518987342,True,0.8500000000000001,0.85,0.85,reaction_role_concat,6144,random_forest,False,valid,mae,11.625116239703909,1,0.05,random,,
condition_recombine_pseudolabel__mult_1.5__sim_0.9__teacher_ridge__seed_3,condition_recombine_pseudolabel,1.5,0.9,ridge,3,158,54,1.3417721518987342,True,0.8500000000000001,0.85,0.85,reaction_role_concat,6144,random_forest,False,valid,r2,0.6676076197062821,1,0.05,random,,
condition_recombine_pseudolabel__mult_1.5__sim_0.9__teacher_ridge__seed_3,condition_recombine_pseudolabel,1.5,0.9,ridge,3,158,54,1.3417721518987342,True,0.8500000000000001,0.85,0.85,reaction_role_concat,6144,random_forest,False,valid,spearman,0.8254813421556975,1,0.05,random,,
condition_recombine_pseudolabel__mult_1.5__sim_0.9__teacher_ridge__seed_4,condition_recombine_pseudolabel,1.5,0.9,ridge,4,158,43,1.2721518987341771,True,0.8500000000000001,0.85,0.85,reaction_role_concat,6144,random_forest,False,valid,rmse,15.244140673925491,1,0.05,random,,
condition_recombine_pseudolabel__mult_1.5__sim_0.9__teacher_ridge__seed_4,condition_recombine_pseudolabel,1.5,0.9,ridge,4,158,43,1.2721518987341771,True,0.8500000000000001,0.85,0.85,reaction_role_concat,6144,random_forest,False,valid,mae,11.416472404190255,1,0.05,random,,
condition_recombine_pseudolabel__mult_1.5__sim_0.9__teacher_ridge__seed_4,condition_recombine_pseudolabel,1.5,0.9,ridge,4,158,43,1.2721518987341771,True,0.8500000000000001,0.85,0.85,reaction_role_concat,6144,random_forest,False,valid,r2,0.6809438833846251,1,0.05,random,,
condition_recombine_pseudolabel__mult_1.5__sim_0.9__teacher_ridge__seed_4,condition_recombine_pseudolabel,1.5,0.9,ridge,4,158,43,1.2721518987341771,True,0.8500000000000001,0.85,0.85,reaction_role_concat,6144,random_forest,False,valid,spearman,0.8283572594478105,1,0.05,random,,
condition_recombine_pseudolabel__mult_1.5__sim_0.9__teacher_rf__seed_0,condition_recombine_pseudolabel,1.5,0.9,random_forest,0,158,50,1.3164556962025316,True,0.85,0.85,0.85,reaction_role_concat,6144,random_forest,False,valid,rmse,15.628577945145016,1,0.05,random,,
condition_recombine_pseudolabel__mult_1.5__sim_0.9__teacher_rf__seed_0,condition_recombine_pseudolabel,1.5,0.9,random_forest,0,158,50,1.3164556962025316,True,0.85,0.85,0.85,reaction_role_concat,6144,random_forest,False,valid,mae,11.430656050009816,1,0.05,random,,
condition_recombine_pseudolabel__mult_1.5__sim_0.9__teacher_rf__seed_0,condition_recombine_pseudolabel,1.5,0.9,random_forest,0,158,50,1.3164556962025316,True,0.85,0.85,0.85,reaction_role_concat,6144,random_forest,False,valid,r2,0.6646486141701053,1,0.05,random,,
condition_recombine_pseudolabel__mult_1.5__sim_0.9__teacher_rf__seed_0,condition_recombine_pseudolabel,1.5,0.9,random_forest,0,158,50,1.3164556962025316,True,0.85,0.85,0.85,reaction_role_concat,6144,random_forest,False,valid,spearman,0.8166919671936749,1,0.05,random,,
condition_recombine_pseudolabel__mult_1.5__sim_0.9__teacher_rf__seed_1,condition_recombine_pseudolabel,1.5,0.9,random_forest,1,158,52,1.3291139240506329,True,0.8500000000000001,0.85,0.85,reaction_role_concat,6144,random_forest,False,valid,rmse,15.594462079649418,1,0.05,random,,
condition_recombine_pseudolabel__mult_1.5__sim_0.9__teacher_rf__seed_1,condition_recombine_pseudolabel,1.5,0.9,random_forest,1,158,52,1.3291139240506329,True,0.8500000000000001,0.85,0.85,reaction_role_concat,6144,random_forest,False,valid,mae,11.431334179375746,1,0.05,random,,
condition_recombine_pseudolabel__mult_1.5__sim_0.9__teacher_rf__seed_1,condition_recombine_pseudolabel,1.5,0.9,random_forest,1,158,52,1.3291139240506329,True,0.8500000000000001,0.85,0.85,reaction_role_concat,6144,random_forest,False,valid,r2,0.6661111036761663,1,0.05,random,,
condition_recombine_pseudolabel__mult_1.5__sim_0.9__teacher_rf__seed_1,condition_recombine_pseudolabel,1.5,0.9,random_forest,1,158,52,1.3291139240506329,True,0.8500000000000001,0.85,0.85,reaction_role_concat,6144,random_forest,False,valid,spearman,0.8179726841027567,1,0.05,random,,
condition_recombine_pseudolabel__mult_1.5__sim_0.9__teacher_rf__seed_2,condition_recombine_pseudolabel,1.5,0.9,random_forest,2,158,60,1.379746835443038,True,0.85,0.85,0.85,reaction_role_concat,6144,random_forest,False,valid,rmse,15.443547131981218,1,0.05,random,,
condition_recombine_pseudolabel__mult_1.5__sim_0.9__teacher_rf__seed_2,condition_recombine_pseudolabel,1.5,0.9,random_forest,2,158,60,1.379746835443038,True,0.85,0.85,0.85,reaction_role_concat,6144,random_forest,False,valid,mae,11.398377388687074,1,0.05,random,,
condition_recombine_pseudolabel__mult_1.5__sim_0.9__teacher_rf__seed_2,condition_recombine_pseudolabel,1.5,0.9,random_forest,2,158,60,1.379746835443038,True,0.85,0.85,0.85,reaction_role_concat,6144,random_forest,False,valid,r2,0.6725422337623245,1,0.05,random,,
condition_recombine_pseudolabel__mult_1.5__sim_0.9__teacher_rf__seed_2,condition_recombine_pseudolabel,1.5,0.9,random_forest,2,158,60,1.379746835443038,True,0.85,0.85,0.85,reaction_role_concat,6144,random_forest,False,valid,spearman,0.8264193402324872,1,0.05,random,,
condition_recombine_pseudolabel__mult_1.5__sim_0.9__teacher_rf__seed_3,condition_recombine_pseudolabel,1.5,0.9,random_forest,3,158,54,1.3417721518987342,True,0.8500000000000001,0.85,0.85,reaction_role_concat,6144,random_forest,False,valid,rmse,15.36073372214689,1,0.05,random,,
condition_recombine_pseudolabel__mult_1.5__sim_0.9__teacher_rf__seed_3,condition_recombine_pseudolabel,1.5,0.9,random_forest,3,158,54,1.3417721518987342,True,0.8500000000000001,0.85,0.85,reaction_role_concat,6144,random_forest,False,valid,mae,11.241705657519118,1,0.05,random,,
condition_recombine_pseudolabel__mult_1.5__sim_0.9__teacher_rf__seed_3,condition_recombine_pseudolabel,1.5,0.9,random_forest,3,158,54,1.3417721518987342,True,0.8500000000000001,0.85,0.85,reaction_role_concat,6144,random_forest,False,valid,r2,0.6760446916376921,1,0.05,random,,
condition_recombine_pseudolabel__mult_1.5__sim_0.9__teacher_rf__seed_3,condition_recombine_pseudolabel,1.5,0.9,random_forest,3,158,54,1.3417721518987342,True,0.8500000000000001,0.85,0.85,reaction_role_concat,6144,random_forest,False,valid,spearman,0.8279370394250345,1,0.05,random,,
condition_recombine_pseudolabel__mult_1.5__sim_0.9__teacher_rf__seed_4,condition_recombine_pseudolabel,1.5,0.9,random_forest,4,158,43,1.2721518987341771,True,0.8500000000000001,0.85,0.85,reaction_role_concat,6144,random_forest,False,valid,rmse,15.521104404643593,1,0.05,random,,
condition_recombine_pseudolabel__mult_1.5__sim_0.9__teacher_rf__seed_4,condition_recombine_pseudolabel,1.5,0.9,random_forest,4,158,43,1.2721518987341771,True,0.8500000000000001,0.85,0.85,reaction_role_concat,6144,random_forest,False,valid,mae,11.469337447408636,1,0.05,random,,
condition_recombine_pseudolabel__mult_1.5__sim_0.9__teacher_rf__seed_4,condition_recombine_pseudolabel,1.5,0.9,random_forest,4,158,43,1.2721518987341771,True,0.8500000000000001,0.85,0.85,reaction_role_concat,6144,random_forest,False,valid,r2,0.6692449987353745,1,0.05,random,,
condition_recombine_pseudolabel__mult_1.5__sim_0.9__teacher_rf__seed_4,condition_recombine_pseudolabel,1.5,0.9,random_forest,4,158,43,1.2721518987341771,True,0.8500000000000001,0.85,0.85,reaction_role_concat,6144,random_forest,False,valid,spearman,0.8175951092074079,1,0.05,random,,
condition_recombine_pseudolabel__mult_1.5__sim_0.95__teacher_ridge__seed_0,condition_recombine_pseudolabel,1.5,0.95,ridge,0,158,0,1.0,True,,,,reaction_role_concat,6144,random_forest,False,valid,rmse,15.260755125839381,1,0.05,random,,
condition_recombine_pseudolabel__mult_1.5__sim_0.95__teacher_ridge__seed_0,condition_recombine_pseudolabel,1.5,0.95,ridge,0,158,0,1.0,True,,,,reaction_role_concat,6144,random_forest,False,valid,mae,11.288566241229637,1,0.05,random,,
condition_recombine_pseudolabel__mult_1.5__sim_0.95__teacher_ridge__seed_0,condition_recombine_pseudolabel,1.5,0.95,ridge,0,158,0,1.0,True,,,,reaction_role_concat,6144,random_forest,False,valid,r2,0.6802480316018862,1,0.05,random,,
condition_recombine_pseudolabel__mult_1.5__sim_0.95__teacher_ridge__seed_0,condition_recombine_pseudolabel,1.5,0.95,ridge,0,158,0,1.0,True,,,,reaction_role_concat,6144,random_forest,False,valid,spearman,0.8298677537558153,1,0.05,random,,
condition_recombine_pseudolabel__mult_1.5__sim_0.95__teacher_ridge__seed_1,condition_recombine_pseudolabel,1.5,0.95,ridge,1,158,0,1.0,True,,,,reaction_role_concat,6144,random_forest,False,valid,rmse,15.260755125839381,1,0.05,random,,
condition_recombine_pseudolabel__mult_1.5__sim_0.95__teacher_ridge__seed_1,condition_recombine_pseudolabel,1.5,0.95,ridge,1,158,0,1.0,True,,,,reaction_role_concat,6144,random_forest,False,valid,mae,11.288566241229637,1,0.05,random,,
condition_recombine_pseudolabel__mult_1.5__sim_0.95__teacher_ridge__seed_1,condition_recombine_pseudolabel,1.5,0.95,ridge,1,158,0,1.0,True,,,,reaction_role_concat,6144,random_forest,False,valid,r2,0.6802480316018862,1,0.05,random,,
condition_recombine_pseudolabel__mult_1.5__sim_0.95__teacher_ridge__seed_1,condition_recombine_pseudolabel,1.5,0.95,ridge,1,158,0,1.0,True,,,,reaction_role_concat,6144,random_forest,False,valid,spearman,0.8298677537558153,1,0.05,random,,
condition_recombine_pseudolabel__mult_1.5__sim_0.95__teacher_ridge__seed_2,condition_recombine_pseudolabel,1.5,0.95,ridge,2,158,0,1.0,True,,,,reaction_role_concat,6144,random_forest,False,valid,rmse,15.260755125839381,1,0.05,random,,
condition_recombine_pseudolabel__mult_1.5__sim_0.95__teacher_ridge__seed_2,condition_recombine_pseudolabel,1.5,0.95,ridge,2,158,0,1.0,True,,,,reaction_role_concat,6144,random_forest,False,valid,mae,11.288566241229637,1,0.05,random,,
condition_recombine_pseudolabel__mult_1.5__sim_0.95__teacher_ridge__seed_2,condition_recombine_pseudolabel,1.5,0.95,ridge,2,158,0,1.0,True,,,,reaction_role_concat,6144,random_forest,False,valid,r2,0.6802480316018862,1,0.05,random,,
condition_recombine_pseudolabel__mult_1.5__sim_0.95__teacher_ridge__seed_2,condition_recombine_pseudolabel,1.5,0.95,ridge,2,158,0,1.0,True,,,,reaction_role_concat,6144,random_forest,False,valid,spearman,0.8298677537558153,1,0.05,random,,
condition_recombine_pseudolabel__mult_1.5__sim_0.95__teacher_ridge__seed_3,condition_recombine_pseudolabel,1.5,0.95,ridge,3,158,0,1.0,True,,,,reaction_role_concat,6144,random_forest,False,valid,rmse,15.260755125839381,1,0.05,random,,
condition_recombine_pseudolabel__mult_1.5__sim_0.95__teacher_ridge__seed_3,condition_recombine_pseudolabel,1.5,0.95,ridge,3,158,0,1.0,True,,,,reaction_role_concat,6144,random_forest,False,valid,mae,11.288566241229637,1,0.05,random,,
condition_recombine_pseudolabel__mult_1.5__sim_0.95__teacher_ridge__seed_3,condition_recombine_pseudolabel,1.5,0.95,ridge,3,158,0,1.0,True,,,,reaction_role_concat,6144,random_forest,False,valid,r2,0.6802480316018862,1,0.05,random,,
condition_recombine_pseudolabel__mult_1.5__sim_0.95__teacher_ridge__seed_3,condition_recombine_pseudolabel,1.5,0.95,ridge,3,158,0,1.0,True,,,,reaction_role_concat,6144,random_forest,False,valid,spearman,0.8298677537558153,1,0.05,random,,
condition_recombine_pseudolabel__mult_1.5__sim_0.95__teacher_ridge__seed_4,condition_recombine_pseudolabel,1.5,0.95,ridge,4,158,0,1.0,True,,,,reaction_role_concat,6144,random_forest,False,valid,rmse,15.260755125839381,1,0.05,random,,
condition_recombine_pseudolabel__mult_1.5__sim_0.95__teacher_ridge__seed_4,condition_recombine_pseudolabel,1.5,0.95,ridge,4,158,0,1.0,True,,,,reaction_role_concat,6144,random_forest,False,valid,mae,11.288566241229637,1,0.05,random,,
condition_recombine_pseudolabel__mult_1.5__sim_0.95__teacher_ridge__seed_4,condition_recombine_pseudolabel,1.5,0.95,ridge,4,158,0,1.0,True,,,,reaction_role_concat,6144,random_forest,False,valid,r2,0.6802480316018862,1,0.05,random,,
condition_recombine_pseudolabel__mult_1.5__sim_0.95__teacher_ridge__seed_4,condition_recombine_pseudolabel,1.5,0.95,ridge,4,158,0,1.0,True,,,,reaction_role_concat,6144,random_forest,False,valid,spearman,0.8298677537558153,1,0.05,random,,
condition_recombine_pseudolabel__mult_1.5__sim_0.95__teacher_rf__seed_0,condition_recombine_pseudolabel,1.5,0.95,random_forest,0,158,0,1.0,True,,,,reaction_role_concat,6144,random_forest,False,valid,rmse,15.260755125839381,1,0.05,random,,
condition_recombine_pseudolabel__mult_1.5__sim_0.95__teacher_rf__seed_0,condition_recombine_pseudolabel,1.5,0.95,random_forest,0,158,0,1.0,True,,,,reaction_role_concat,6144,random_forest,False,valid,mae,11.288566241229637,1,0.05,random,,
condition_recombine_pseudolabel__mult_1.5__sim_0.95__teacher_rf__seed_0,condition_recombine_pseudolabel,1.5,0.95,random_forest,0,158,0,1.0,True,,,,reaction_role_concat,6144,random_forest,False,valid,r2,0.6802480316018862,1,0.05,random,,
condition_recombine_pseudolabel__mult_1.5__sim_0.95__teacher_rf__seed_0,condition_recombine_pseudolabel,1.5,0.95,random_forest,0,158,0,1.0,True,,,,reaction_role_concat,6144,random_forest,False,valid,spearman,0.8298677537558153,1,0.05,random,,
condition_recombine_pseudolabel__mult_1.5__sim_0.95__teacher_rf__seed_1,condition_recombine_pseudolabel,1.5,0.95,random_forest,1,158,0,1.0,True,,,,reaction_role_concat,6144,random_forest,False,valid,rmse,15.260755125839381,1,0.05,random,,
condition_recombine_pseudolabel__mult_1.5__sim_0.95__teacher_rf__seed_1,condition_recombine_pseudolabel,1.5,0.95,random_forest,1,158,0,1.0,True,,,,reaction_role_concat,6144,random_forest,False,valid,mae,11.288566241229637,1,0.05,random,,
condition_recombine_pseudolabel__mult_1.5__sim_0.95__teacher_rf__seed_1,condition_recombine_pseudolabel,1.5,0.95,random_forest,1,158,0,1.0,True,,,,reaction_role_concat,6144,random_forest,False,valid,r2,0.6802480316018862,1,0.05,random,,
condition_recombine_pseudolabel__mult_1.5__sim_0.95__teacher_rf__seed_1,condition_recombine_pseudolabel,1.5,0.95,random_forest,1,158,0,1.0,True,,,,reaction_role_concat,6144,random_forest,False,valid,spearman,0.8298677537558153,1,0.05,random,,
condition_recombine_pseudolabel__mult_1.5__sim_0.95__teacher_rf__seed_2,condition_recombine_pseudolabel,1.5,0.95,random_forest,2,158,0,1.0,True,,,,reaction_role_concat,6144,random_forest,False,valid,rmse,15.260755125839381,1,0.05,random,,
condition_recombine_pseudolabel__mult_1.5__sim_0.95__teacher_rf__seed_2,condition_recombine_pseudolabel,1.5,0.95,random_forest,2,158,0,1.0,True,,,,reaction_role_concat,6144,random_forest,False,valid,mae,11.288566241229637,1,0.05,random,,
condition_recombine_pseudolabel__mult_1.5__sim_0.95__teacher_rf__seed_2,condition_recombine_pseudolabel,1.5,0.95,random_forest,2,158,0,1.0,True,,,,reaction_role_concat,6144,random_forest,False,valid,r2,0.6802480316018862,1,0.05,random,,
condition_recombine_pseudolabel__mult_1.5__sim_0.95__teacher_rf__seed_2,condition_recombine_pseudolabel,1.5,0.95,random_forest,2,158,0,1.0,True,,,,reaction_role_concat,6144,random_forest,False,valid,spearman,0.8298677537558153,1,0.05,random,,
condition_recombine_pseudolabel__mult_1.5__sim_0.95__teacher_rf__seed_3,condition_recombine_pseudolabel,1.5,0.95,random_forest,3,158,0,1.0,True,,,,reaction_role_concat,6144,random_forest,False,valid,rmse,15.260755125839381,1,0.05,random,,
condition_recombine_pseudolabel__mult_1.5__sim_0.95__teacher_rf__seed_3,condition_recombine_pseudolabel,1.5,0.95,random_forest,3,158,0,1.0,True,,,,reaction_role_concat,6144,random_forest,False,valid,mae,11.288566241229637,1,0.05,random,,
condition_recombine_pseudolabel__mult_1.5__sim_0.95__teacher_rf__seed_3,condition_recombine_pseudolabel,1.5,0.95,random_forest,3,158,0,1.0,True,,,,reaction_role_concat,6144,random_forest,False,valid,r2,0.6802480316018862,1,0.05,random,,
condition_recombine_pseudolabel__mult_1.5__sim_0.95__teacher_rf__seed_3,condition_recombine_pseudolabel,1.5,0.95,random_forest,3,158,0,1.0,True,,,,reaction_role_concat,6144,random_forest,False,valid,spearman,0.8298677537558153,1,0.05,random,,
condition_recombine_pseudolabel__mult_1.5__sim_0.95__teacher_rf__seed_4,condition_recombine_pseudolabel,1.5,0.95,random_forest,4,158,0,1.0,True,,,,reaction_role_concat,6144,random_forest,False,valid,rmse,15.260755125839381,1,0.05,random,,
condition_recombine_pseudolabel__mult_1.5__sim_0.95__teacher_rf__seed_4,condition_recombine_pseudolabel,1.5,0.95,random_forest,4,158,0,1.0,True,,,,reaction_role_concat,6144,random_forest,False,valid,mae,11.288566241229637,1,0.05,random,,
condition_recombine_pseudolabel__mult_1.5__sim_0.95__teacher_rf__seed_4,condition_recombine_pseudolabel,1.5,0.95,random_forest,4,158,0,1.0,True,,,,reaction_role_concat,6144,random_forest,False,valid,r2,0.6802480316018862,1,0.05,random,,
condition_recombine_pseudolabel__mult_1.5__sim_0.95__teacher_rf__seed_4,condition_recombine_pseudolabel,1.5,0.95,random_forest,4,158,0,1.0,True,,,,reaction_role_concat,6144,random_forest,False,valid,spearman,0.8298677537558153,1,0.05,random,,
condition_recombine_pseudolabel__mult_2__sim_0.8__teacher_ridge__seed_0,condition_recombine_pseudolabel,2.0,0.8,ridge,0,158,272,2.721518987341772,True,0.8402072963907437,0.800000011920929,0.85,reaction_role_concat,6144,random_forest,False,valid,rmse,15.50732754249176,1,0.05,random,,
condition_recombine_pseudolabel__mult_2__sim_0.8__teacher_ridge__seed_0,condition_recombine_pseudolabel,2.0,0.8,ridge,0,158,272,2.721518987341772,True,0.8402072963907437,0.800000011920929,0.85,reaction_role_concat,6144,random_forest,False,valid,mae,11.76474403118031,1,0.05,random,,
condition_recombine_pseudolabel__mult_2__sim_0.8__teacher_ridge__seed_0,condition_recombine_pseudolabel,2.0,0.8,ridge,0,158,272,2.721518987341772,True,0.8402072963907437,0.800000011920929,0.85,reaction_role_concat,6144,random_forest,False,valid,r2,0.6698319084807773,1,0.05,random,,
condition_recombine_pseudolabel__mult_2__sim_0.8__teacher_ridge__seed_0,condition_recombine_pseudolabel,2.0,0.8,ridge,0,158,272,2.721518987341772,True,0.8402072963907437,0.800000011920929,0.85,reaction_role_concat,6144,random_forest,False,valid,spearman,0.8204248762931271,1,0.05,random,,
condition_recombine_pseudolabel__mult_2__sim_0.8__teacher_ridge__seed_1,condition_recombine_pseudolabel,2.0,0.8,ridge,1,158,267,2.689873417721519,True,0.8395597504319323,0.800000011920929,0.85,reaction_role_concat,6144,random_forest,False,valid,rmse,15.01007972873295,1,0.05,random,,
condition_recombine_pseudolabel__mult_2__sim_0.8__teacher_ridge__seed_1,condition_recombine_pseudolabel,2.0,0.8,ridge,1,158,267,2.689873417721519,True,0.8395597504319323,0.800000011920929,0.85,reaction_role_concat,6144,random_forest,False,valid,mae,11.262202277365365,1,0.05,random,,
condition_recombine_pseudolabel__mult_2__sim_0.8__teacher_ridge__seed_1,condition_recombine_pseudolabel,2.0,0.8,ridge,1,158,267,2.689873417721519,True,0.8395597504319323,0.800000011920929,0.85,reaction_role_concat,6144,random_forest,False,valid,r2,0.6906663419316242,1,0.05,random,,
condition_recombine_pseudolabel__mult_2__sim_0.8__teacher_ridge__seed_1,condition_recombine_pseudolabel,2.0,0.8,ridge,1,158,267,2.689873417721519,True,0.8395597504319323,0.800000011920929,0.85,reaction_role_concat,6144,random_forest,False,valid,spearman,0.8337102939362789,1,0.05,random,,
condition_recombine_pseudolabel__mult_2__sim_0.8__teacher_ridge__seed_2,condition_recombine_pseudolabel,2.0,0.8,ridge,2,158,272,2.721518987341772,True,0.8404468253693158,0.800000011920929,0.85,reaction_role_concat,6144,random_forest,False,valid,rmse,15.663277876130362,1,0.05,random,,
condition_recombine_pseudolabel__mult_2__sim_0.8__teacher_ridge__seed_2,condition_recombine_pseudolabel,2.0,0.8,ridge,2,158,272,2.721518987341772,True,0.8404468253693158,0.800000011920929,0.85,reaction_role_concat,6144,random_forest,False,valid,mae,11.98479017341967,1,0.05,random,,
condition_recombine_pseudolabel__mult_2__sim_0.8__teacher_ridge__seed_2,condition_recombine_pseudolabel,2.0,0.8,ridge,2,158,272,2.721518987341772,True,0.8404468253693158,0.800000011920929,0.85,reaction_role_concat,6144,random_forest,False,valid,r2,0.6631578082427235,1,0.05,random,,
condition_recombine_pseudolabel__mult_2__sim_0.8__teacher_ridge__seed_2,condition_recombine_pseudolabel,2.0,0.8,ridge,2,158,272,2.721518987341772,True,0.8404468253693158,0.800000011920929,0.85,reaction_role_concat,6144,random_forest,False,valid,spearman,0.8152537164577044,1,0.05,random,,
condition_recombine_pseudolabel__mult_2__sim_0.8__teacher_ridge__seed_3,condition_recombine_pseudolabel,2.0,0.8,ridge,3,158,253,2.6012658227848102,True,0.8407894323465852,0.800000011920929,0.85,reaction_role_concat,6144,random_forest,False,valid,rmse,15.02604668509415,1,0.05,random,,
condition_recombine_pseudolabel__mult_2__sim_0.8__teacher_ridge__seed_3,condition_recombine_pseudolabel,2.0,0.8,ridge,3,158,253,2.6012658227848102,True,0.8407894323465852,0.800000011920929,0.85,reaction_role_concat,6144,random_forest,False,valid,mae,11.224523059624659,1,0.05,random,,
condition_recombine_pseudolabel__mult_2__sim_0.8__teacher_ridge__seed_3,condition_recombine_pseudolabel,2.0,0.8,ridge,3,158,253,2.6012658227848102,True,0.8407894323465852,0.800000011920929,0.85,reaction_role_concat,6144,random_forest,False,valid,r2,0.69000788520135,1,0.05,random,,
condition_recombine_pseudolabel__mult_2__sim_0.8__teacher_ridge__seed_3,condition_recombine_pseudolabel,2.0,0.8,ridge,3,158,253,2.6012658227848102,True,0.8407894323465852,0.800000011920929,0.85,reaction_role_concat,6144,random_forest,False,valid,spearman,0.8356429555331524,1,0.05,random,,
condition_recombine_pseudolabel__mult_2__sim_0.8__teacher_ridge__seed_4,condition_recombine_pseudolabel,2.0,0.8,ridge,4,158,267,2.689873417721519,True,0.8390546166494991,0.800000011920929,0.85,reaction_role_concat,6144,random_forest,False,valid,rmse,15.488672500897193,1,0.05,random,,
condition_recombine_pseudolabel__mult_2__sim_0.8__teacher_ridge__seed_4,condition_recombine_pseudolabel,2.0,0.8,ridge,4,158,267,2.689873417721519,True,0.8390546166494991,0.800000011920929,0.85,reaction_role_concat,6144,random_forest,False,valid,mae,11.798968807532818,1,0.05,random,,
condition_recombine_pseudolabel__mult_2__sim_0.8__teacher_ridge__seed_4,condition_recombine_pseudolabel,2.0,0.8,ridge,4,158,267,2.689873417721519,True,0.8390546166494991,0.800000011920929,0.85,reaction_role_concat,6144,random_forest,False,valid,r2,0.6706258034571089,1,0.05,random,,
condition_recombine_pseudolabel__mult_2__sim_0.8__teacher_ridge__seed_4,condition_recombine_pseudolabel,2.0,0.8,ridge,4,158,267,2.689873417721519,True,0.8390546166494991,0.800000011920929,0.85,reaction_role_concat,6144,random_forest,False,valid,spearman,0.8197186028813528,1,0.05,random,,
condition_recombine_pseudolabel__mult_2__sim_0.8__teacher_rf__seed_0,condition_recombine_pseudolabel,2.0,0.8,random_forest,0,158,272,2.721518987341772,True,0.8402072963907437,0.800000011920929,0.85,reaction_role_concat,6144,random_forest,False,valid,rmse,15.934984497775526,1,0.05,random,,
condition_recombine_pseudolabel__mult_2__sim_0.8__teacher_rf__seed_0,condition_recombine_pseudolabel,2.0,0.8,random_forest,0,158,272,2.721518987341772,True,0.8402072963907437,0.800000011920929,0.85,reaction_role_concat,6144,random_forest,False,valid,mae,11.603950936580382,1,0.05,random,,
condition_recombine_pseudolabel__mult_2__sim_0.8__teacher_rf__seed_0,condition_recombine_pseudolabel,2.0,0.8,random_forest,0,158,272,2.721518987341772,True,0.8402072963907437,0.800000011920929,0.85,reaction_role_concat,6144,random_forest,False,valid,r2,0.6513702296139394,1,0.05,random,,
condition_recombine_pseudolabel__mult_2__sim_0.8__teacher_rf__seed_0,condition_recombine_pseudolabel,2.0,0.8,random_forest,0,158,272,2.721518987341772,True,0.8402072963907437,0.800000011920929,0.85,reaction_role_concat,6144,random_forest,False,valid,spearman,0.8075037921358945,1,0.05,random,,
condition_recombine_pseudolabel__mult_2__sim_0.8__teacher_rf__seed_1,condition_recombine_pseudolabel,2.0,0.8,random_forest,1,158,267,2.689873417721519,True,0.8395597504319323,0.800000011920929,0.85,reaction_role_concat,6144,random_forest,False,valid,rmse,15.795896646527195,1,0.05,random,,
condition_recombine_pseudolabel__mult_2__sim_0.8__teacher_rf__seed_1,condition_recombine_pseudolabel,2.0,0.8,random_forest,1,158,267,2.689873417721519,True,0.8395597504319323,0.800000011920929,0.85,reaction_role_concat,6144,random_forest,False,valid,mae,11.723231545754627,1,0.05,random,,
condition_recombine_pseudolabel__mult_2__sim_0.8__teacher_rf__seed_1,condition_recombine_pseudolabel,2.0,0.8,random_forest,1,158,267,2.689873417721519,True,0.8395597504319323,0.800000011920929,0.85,reaction_role_concat,6144,random_forest,False,valid,r2,0.657429669891543,1,0.05,random,,
condition_recombine_pseudolabel__mult_2__sim_0.8__teacher_rf__seed_1,condition_recombine_pseudolabel,2.0,0.8,random_forest,1,158,267,2.689873417721519,True,0.8395597504319323,0.800000011920929,0.85,reaction_role_concat,6144,random_forest,False,valid,spearman,0.8075250173363036,1,0.05,random,,
condition_recombine_pseudolabel__mult_2__sim_0.8__teacher_rf__seed_2,condition_recombine_pseudolabel,2.0,0.8,random_forest,2,158,272,2.721518987341772,True,0.8404468253693158,0.800000011920929,0.85,reaction_role_concat,6144,random_forest,False,valid,rmse,15.51513829771361,1,0.05,random,,
condition_recombine_pseudolabel__mult_2__sim_0.8__teacher_rf__seed_2,condition_recombine_pseudolabel,2.0,0.8,random_forest,2,158,272,2.721518987341772,True,0.8404468253693158,0.800000011920929,0.85,reaction_role_concat,6144,random_forest,False,valid,mae,11.320418007702015,1,0.05,random,,
condition_recombine_pseudolabel__mult_2__sim_0.8__teacher_rf__seed_2,condition_recombine_pseudolabel,2.0,0.8,random_forest,2,158,272,2.721518987341772,True,0.8404468253693158,0.800000011920929,0.85,reaction_role_concat,6144,random_forest,False,valid,r2,0.6694992255474308,1,0.05,random,,
condition_recombine_pseudolabel__mult_2__sim_0.8__teacher_rf__seed_2,condition_recombine_pseudolabel,2.0,0.8,random_forest,2,158,272,2.721518987341772,True,0.8404468253693158,0.800000011920929,0.85,reaction_role_concat,6144,random_forest,False,valid,spearman,0.8237309446650884,1,0.05,random,,
condition_recombine_pseudolabel__mult_2__sim_0.8__teacher_rf__seed_3,condition_recombine_pseudolabel,2.0,0.8,random_forest,3,158,253,2.6012658227848102,True,0.8407894323465852,0.800000011920929,0.85,reaction_role_concat,6144,random_forest,False,valid,rmse,15.632711986596197,1,0.05,random,,
condition_recombine_pseudolabel__mult_2__sim_0.8__teacher_rf__seed_3,condition_recombine_pseudolabel,2.0,0.8,random_forest,3,158,253,2.6012658227848102,True,0.8407894323465852,0.800000011920929,0.85,reaction_role_concat,6144,random_forest,False,valid,mae,11.59979347142728,1,0.05,random,,
condition_recombine_pseudolabel__mult_2__sim_0.8__teacher_rf__seed_3,condition_recombine_pseudolabel,2.0,0.8,random_forest,3,158,253,2.6012658227848102,True,0.8407894323465852,0.800000011920929,0.85,reaction_role_concat,6144,random_forest,False,valid,r2,0.6644711776953622,1,0.05,random,,
condition_recombine_pseudolabel__mult_2__sim_0.8__teacher_rf__seed_3,condition_recombine_pseudolabel,2.0,0.8,random_forest,3,158,253,2.6012658227848102,True,0.8407894323465852,0.800000011920929,0.85,reaction_role_concat,6144,random_forest,False,valid,spearman,0.8125832357383572,1,0.05,random,,
condition_recombine_pseudolabel__mult_2__sim_0.8__teacher_rf__seed_4,condition_recombine_pseudolabel,2.0,0.8,random_forest,4,158,267,2.689873417721519,True,0.8390546166494991,0.800000011920929,0.85,reaction_role_concat,6144,random_forest,False,valid,rmse,15.309726788292979,1,0.05,random,,
condition_recombine_pseudolabel__mult_2__sim_0.8__teacher_rf__seed_4,condition_recombine_pseudolabel,2.0,0.8,random_forest,4,158,267,2.689873417721519,True,0.8390546166494991,0.800000011920929,0.85,reaction_role_concat,6144,random_forest,False,valid,mae,11.230232379135453,1,0.05,random,,
condition_recombine_pseudolabel__mult_2__sim_0.8__teacher_rf__seed_4,condition_recombine_pseudolabel,2.0,0.8,random_forest,4,158,267,2.689873417721519,True,0.8390546166494991,0.800000011920929,0.85,reaction_role_concat,6144,random_forest,False,valid,r2,0.6781925750002267,1,0.05,random,,
condition_recombine_pseudolabel__mult_2__sim_0.8__teacher_rf__seed_4,condition_recombine_pseudolabel,2.0,0.8,random_forest,4,158,267,2.689873417721519,True,0.8390546166494991,0.800000011920929,0.85,reaction_role_concat,6144,random_forest,False,valid,spearman,0.8271641695128944,1,0.05,random,,
condition_recombine_pseudolabel__mult_2__sim_0.85__teacher_ridge__seed_0,condition_recombine_pseudolabel,2.0,0.85,ridge,0,158,161,2.018987341772152,True,0.8499999999999998,0.85,0.85,reaction_role_concat,6144,random_forest,False,valid,rmse,15.846201324376734,1,0.05,random,,
condition_recombine_pseudolabel__mult_2__sim_0.85__teacher_ridge__seed_0,condition_recombine_pseudolabel,2.0,0.85,ridge,0,158,161,2.018987341772152,True,0.8499999999999998,0.85,0.85,reaction_role_concat,6144,random_forest,False,valid,mae,12.017033531164067,1,0.05,random,,
condition_recombine_pseudolabel__mult_2__sim_0.85__teacher_ridge__seed_0,condition_recombine_pseudolabel,2.0,0.85,ridge,0,158,161,2.018987341772152,True,0.8499999999999998,0.85,0.85,reaction_role_concat,6144,random_forest,False,valid,r2,0.6552442503493396,1,0.05,random,,
condition_recombine_pseudolabel__mult_2__sim_0.85__teacher_ridge__seed_0,condition_recombine_pseudolabel,2.0,0.85,ridge,0,158,161,2.018987341772152,True,0.8499999999999998,0.85,0.85,reaction_role_concat,6144,random_forest,False,valid,spearman,0.8138748573375573,1,0.05,random,,
condition_recombine_pseudolabel__mult_2__sim_0.85__teacher_ridge__seed_1,condition_recombine_pseudolabel,2.0,0.85,ridge,1,158,152,1.9620253164556962,True,0.85,0.85,0.85,reaction_role_concat,6144,random_forest,False,valid,rmse,15.436528293585319,1,0.05,random,,
condition_recombine_pseudolabel__mult_2__sim_0.85__teacher_ridge__seed_1,condition_recombine_pseudolabel,2.0,0.85,ridge,1,158,152,1.9620253164556962,True,0.85,0.85,0.85,reaction_role_concat,6144,random_forest,False,valid,mae,11.54921319717546,1,0.05,random,,
condition_recombine_pseudolabel__mult_2__sim_0.85__teacher_ridge__seed_1,condition_recombine_pseudolabel,2.0,0.85,ridge,1,158,152,1.9620253164556962,True,0.85,0.85,0.85,reaction_role_concat,6144,random_forest,False,valid,r2,0.6728398144718148,1,0.05,random,,
condition_recombine_pseudolabel__mult_2__sim_0.85__teacher_ridge__seed_1,condition_recombine_pseudolabel,2.0,0.85,ridge,1,158,152,1.9620253164556962,True,0.85,0.85,0.85,reaction_role_concat,6144,random_forest,False,valid,spearman,0.8217379178193454,1,0.05,random,,
condition_recombine_pseudolabel__mult_2__sim_0.85__teacher_ridge__seed_2,condition_recombine_pseudolabel,2.0,0.85,ridge,2,158,173,2.0949367088607596,True,0.8499999999999998,0.85,0.85,reaction_role_concat,6144,random_forest,False,valid,rmse,15.870032390989097,1,0.05,random,,
condition_recombine_pseudolabel__mult_2__sim_0.85__teacher_ridge__seed_2,condition_recombine_pseudolabel,2.0,0.85,ridge,2,158,173,2.0949367088607596,True,0.8499999999999998,0.85,0.85,reaction_role_concat,6144,random_forest,False,valid,mae,11.935930173683015,1,0.05,random,,
condition_recombine_pseudolabel__mult_2__sim_0.85__teacher_ridge__seed_2,condition_recombine_pseudolabel,2.0,0.85,ridge,2,158,173,2.0949367088607596,True,0.8499999999999998,0.85,0.85,reaction_role_concat,6144,random_forest,False,valid,r2,0.6542065158158297,1,0.05,random,,
condition_recombine_pseudolabel__mult_2__sim_0.85__teacher_ridge__seed_2,condition_recombine_pseudolabel,2.0,0.85,ridge,2,158,173,2.0949367088607596,True,0.8499999999999998,0.85,0.85,reaction_role_concat,6144,random_forest,False,valid,spearman,0.806188413890365,1,0.05,random,,
condition_recombine_pseudolabel__mult_2__sim_0.85__teacher_ridge__seed_3,condition_recombine_pseudolabel,2.0,0.85,ridge,3,158,155,1.981012658227848,True,0.8499999999999996,0.85,0.85,reaction_role_concat,6144,random_forest,False,valid,rmse,15.484258933883183,1,0.05,random,,
condition_recombine_pseudolabel__mult_2__sim_0.85__teacher_ridge__seed_3,condition_recombine_pseudolabel,2.0,0.85,ridge,3,158,155,1.981012658227848,True,0.8499999999999996,0.85,0.85,reaction_role_concat,6144,random_forest,False,valid,mae,11.52163743246809,1,0.05,random,,
condition_recombine_pseudolabel__mult_2__sim_0.85__teacher_ridge__seed_3,condition_recombine_pseudolabel,2.0,0.85,ridge,3,158,155,1.981012658227848,True,0.8499999999999996,0.85,0.85,reaction_role_concat,6144,random_forest,False,valid,r2,0.6708134900348592,1,0.05,random,,
condition_recombine_pseudolabel__mult_2__sim_0.85__teacher_ridge__seed_3,condition_recombine_pseudolabel,2.0,0.85,ridge,3,158,155,1.981012658227848,True,0.8499999999999996,0.85,0.85,reaction_role_concat,6144,random_forest,False,valid,spearman,0.8187504221801282,1,0.05,random,,
condition_recombine_pseudolabel__mult_2__sim_0.85__teacher_ridge__seed_4,condition_recombine_pseudolabel,2.0,0.85,ridge,4,158,145,1.9177215189873418,True,0.8499999999999998,0.85,0.85,reaction_role_concat,6144,random_forest,False,valid,rmse,15.098333785163772,1,0.05,random,,
condition_recombine_pseudolabel__mult_2__sim_0.85__teacher_ridge__seed_4,condition_recombine_pseudolabel,2.0,0.85,ridge,4,158,145,1.9177215189873418,True,0.8499999999999998,0.85,0.85,reaction_role_concat,6144,random_forest,False,valid,mae,11.319585074804252,1,0.05,random,,
condition_recombine_pseudolabel__mult_2__sim_0.85__teacher_ridge__seed_4,condition_recombine_pseudolabel,2.0,0.85,ridge,4,158,145,1.9177215189873418,True,0.8499999999999998,0.85,0.85,reaction_role_concat,6144,random_forest,False,valid,r2,0.6870180991876529,1,0.05,random,,
condition_recombine_pseudolabel__mult_2__sim_0.85__teacher_ridge__seed_4,condition_recombine_pseudolabel,2.0,0.85,ridge,4,158,145,1.9177215189873418,True,0.8499999999999998,0.85,0.85,reaction_role_concat,6144,random_forest,False,valid,spearman,0.8366496921030099,1,0.05,random,,
condition_recombine_pseudolabel__mult_2__sim_0.85__teacher_rf__seed_0,condition_recombine_pseudolabel,2.0,0.85,random_forest,0,158,161,2.018987341772152,True,0.8499999999999998,0.85,0.85,reaction_role_concat,6144,random_forest,False,valid,rmse,15.892600328252469,1,0.05,random,,
condition_recombine_pseudolabel__mult_2__sim_0.85__teacher_rf__seed_0,condition_recombine_pseudolabel,2.0,0.85,random_forest,0,158,161,2.018987341772152,True,0.8499999999999998,0.85,0.85,reaction_role_concat,6144,random_forest,False,valid,mae,11.648199973417988,1,0.05,random,,
condition_recombine_pseudolabel__mult_2__sim_0.85__teacher_rf__seed_0,condition_recombine_pseudolabel,2.0,0.85,random_forest,0,158,161,2.018987341772152,True,0.8499999999999998,0.85,0.85,reaction_role_concat,6144,random_forest,False,valid,r2,0.653222347140718,1,0.05,random,,
condition_recombine_pseudolabel__mult_2__sim_0.85__teacher_rf__seed_0,condition_recombine_pseudolabel,2.0,0.85,random_forest,0,158,161,2.018987341772152,True,0.8499999999999998,0.85,0.85,reaction_role_concat,6144,random_forest,False,valid,spearman,0.8072442215657553,1,0.05,random,,
condition_recombine_pseudolabel__mult_2__sim_0.85__teacher_rf__seed_1,condition_recombine_pseudolabel,2.0,0.85,random_forest,1,158,152,1.9620253164556962,True,0.85,0.85,0.85,reaction_role_concat,6144,random_forest,False,valid,rmse,15.808528759131638,1,0.05,random,,
condition_recombine_pseudolabel__mult_2__sim_0.85__teacher_rf__seed_1,condition_recombine_pseudolabel,2.0,0.85,random_forest,1,158,152,1.9620253164556962,True,0.85,0.85,0.85,reaction_role_concat,6144,random_forest,False,valid,mae,11.820222657261018,1,0.05,random,,
condition_recombine_pseudolabel__mult_2__sim_0.85__teacher_rf__seed_1,condition_recombine_pseudolabel,2.0,0.85,random_forest,1,158,152,1.9620253164556962,True,0.85,0.85,0.85,reaction_role_concat,6144,random_forest,False,valid,r2,0.6568815380056748,1,0.05,random,,
condition_recombine_pseudolabel__mult_2__sim_0.85__teacher_rf__seed_1,condition_recombine_pseudolabel,2.0,0.85,random_forest,1,158,152,1.9620253164556962,True,0.85,0.85,0.85,reaction_role_concat,6144,random_forest,False,valid,spearman,0.8098095499161038,1,0.05,random,,
condition_recombine_pseudolabel__mult_2__sim_0.85__teacher_rf__seed_2,condition_recombine_pseudolabel,2.0,0.85,random_forest,2,158,173,2.0949367088607596,True,0.8499999999999998,0.85,0.85,reaction_role_concat,6144,random_forest,False,valid,rmse,15.467720402901667,1,0.05,random,,
condition_recombine_pseudolabel__mult_2__sim_0.85__teacher_rf__seed_2,condition_recombine_pseudolabel,2.0,0.85,random_forest,2,158,173,2.0949367088607596,True,0.8499999999999998,0.85,0.85,reaction_role_concat,6144,random_forest,False,valid,mae,11.300971145790589,1,0.05,random,,
condition_recombine_pseudolabel__mult_2__sim_0.85__teacher_rf__seed_2,condition_recombine_pseudolabel,2.0,0.85,random_forest,2,158,173,2.0949367088607596,True,0.8499999999999998,0.85,0.85,reaction_role_concat,6144,random_forest,False,valid,r2,0.6715163139601705,1,0.05,random,,
condition_recombine_pseudolabel__mult_2__sim_0.85__teacher_rf__seed_2,condition_recombine_pseudolabel,2.0,0.85,random_forest,2,158,173,2.0949367088607596,True,0.8499999999999998,0.85,0.85,reaction_role_concat,6144,random_forest,False,valid,spearman,0.8224457490439938,1,0.05,random,,
condition_recombine_pseudolabel__mult_2__sim_0.85__teacher_rf__seed_3,condition_recombine_pseudolabel,2.0,0.85,random_forest,3,158,155,1.981012658227848,True,0.8499999999999996,0.85,0.85,reaction_role_concat,6144,random_forest,False,valid,rmse,15.826091228353947,1,0.05,random,,
condition_recombine_pseudolabel__mult_2__sim_0.85__teacher_rf__seed_3,condition_recombine_pseudolabel,2.0,0.85,random_forest,3,158,155,1.981012658227848,True,0.8499999999999996,0.85,0.85,reaction_role_concat,6144,random_forest,False,valid,mae,11.613876347349414,1,0.05,random,,
condition_recombine_pseudolabel__mult_2__sim_0.85__teacher_rf__seed_3,condition_recombine_pseudolabel,2.0,0.85,random_forest,3,158,155,1.981012658227848,True,0.8499999999999996,0.85,0.85,reaction_role_concat,6144,random_forest,False,valid,r2,0.6561187403015099,1,0.05,random,,
condition_recombine_pseudolabel__mult_2__sim_0.85__teacher_rf__seed_3,condition_recombine_pseudolabel,2.0,0.85,random_forest,3,158,155,1.981012658227848,True,0.8499999999999996,0.85,0.85,reaction_role_concat,6144,random_forest,False,valid,spearman,0.8085786830189918,1,0.05,random,,
condition_recombine_pseudolabel__mult_2__sim_0.85__teacher_rf__seed_4,condition_recombine_pseudolabel,2.0,0.85,random_forest,4,158,145,1.9177215189873418,True,0.8499999999999998,0.85,0.85,reaction_role_concat,6144,random_forest,False,valid,rmse,15.471753371682027,1,0.05,random,,
condition_recombine_pseudolabel__mult_2__sim_0.85__teacher_rf__seed_4,condition_recombine_pseudolabel,2.0,0.85,random_forest,4,158,145,1.9177215189873418,True,0.8499999999999998,0.85,0.85,reaction_role_concat,6144,random_forest,False,valid,mae,11.289996028174329,1,0.05,random,,
condition_recombine_pseudolabel__mult_2__sim_0.85__teacher_rf__seed_4,condition_recombine_pseudolabel,2.0,0.85,random_forest,4,158,145,1.9177215189873418,True,0.8499999999999998,0.85,0.85,reaction_role_concat,6144,random_forest,False,valid,r2,0.6713449975512801,1,0.05,random,,
condition_recombine_pseudolabel__mult_2__sim_0.85__teacher_rf__seed_4,condition_recombine_pseudolabel,2.0,0.85,random_forest,4,158,145,1.9177215189873418,True,0.8499999999999998,0.85,0.85,reaction_role_concat,6144,random_forest,False,valid,spearman,0.8252100879890029,1,0.05,random,,
condition_recombine_pseudolabel__mult_2__sim_0.9__teacher_ridge__seed_0,condition_recombine_pseudolabel,2.0,0.9,ridge,0,158,69,1.4367088607594938,True,0.85,0.85,0.85,reaction_role_concat,6144,random_forest,False,valid,rmse,15.854231829897072,1,0.05,random,,
condition_recombine_pseudolabel__mult_2__sim_0.9__teacher_ridge__seed_0,condition_recombine_pseudolabel,2.0,0.9,ridge,0,158,69,1.4367088607594938,True,0.85,0.85,0.85,reaction_role_concat,6144,random_forest,False,valid,mae,11.99507949283304,1,0.05,random,,
condition_recombine_pseudolabel__mult_2__sim_0.9__teacher_ridge__seed_0,condition_recombine_pseudolabel,2.0,0.9,ridge,0,158,69,1.4367088607594938,True,0.85,0.85,0.85,reaction_role_concat,6144,random_forest,False,valid,r2,0.654894732579448,1,0.05,random,,
condition_recombine_pseudolabel__mult_2__sim_0.9__teacher_ridge__seed_0,condition_recombine_pseudolabel,2.0,0.9,ridge,0,158,69,1.4367088607594938,True,0.85,0.85,0.85,reaction_role_concat,6144,random_forest,False,valid,spearman,0.8140915880536601,1,0.05,random,,
condition_recombine_pseudolabel__mult_2__sim_0.9__teacher_ridge__seed_1,condition_recombine_pseudolabel,2.0,0.9,ridge,1,158,66,1.4177215189873418,True,0.8499999999999999,0.85,0.85,reaction_role_concat,6144,random_forest,False,valid,rmse,15.197086149468701,1,0.05,random,,
condition_recombine_pseudolabel__mult_2__sim_0.9__teacher_ridge__seed_1,condition_recombine_pseudolabel,2.0,0.9,ridge,1,158,66,1.4177215189873418,True,0.8499999999999999,0.85,0.85,reaction_role_concat,6144,random_forest,False,valid,mae,11.433873642418204,1,0.05,random,,
condition_recombine_pseudolabel__mult_2__sim_0.9__teacher_ridge__seed_1,condition_recombine_pseudolabel,2.0,0.9,ridge,1,158,66,1.4177215189873418,True,0.8499999999999999,0.85,0.85,reaction_role_concat,6144,random_forest,False,valid,r2,0.6829105227095702,1,0.05,random,,
condition_recombine_pseudolabel__mult_2__sim_0.9__teacher_ridge__seed_1,condition_recombine_pseudolabel,2.0,0.9,ridge,1,158,66,1.4177215189873418,True,0.8499999999999999,0.85,0.85,reaction_role_concat,6144,random_forest,False,valid,spearman,0.8333640700250206,1,0.05,random,,
condition_recombine_pseudolabel__mult_2__sim_0.9__teacher_ridge__seed_2,condition_recombine_pseudolabel,2.0,0.9,ridge,2,158,84,1.5316455696202531,True,0.8499999999999995,0.85,0.85,reaction_role_concat,6144,random_forest,False,valid,rmse,15.735201368868648,1,0.05,random,,
condition_recombine_pseudolabel__mult_2__sim_0.9__teacher_ridge__seed_2,condition_recombine_pseudolabel,2.0,0.9,ridge,2,158,84,1.5316455696202531,True,0.8499999999999995,0.85,0.85,reaction_role_concat,6144,random_forest,False,valid,mae,12.065754192786125,1,0.05,random,,
condition_recombine_pseudolabel__mult_2__sim_0.9__teacher_ridge__seed_2,condition_recombine_pseudolabel,2.0,0.9,ridge,2,158,84,1.5316455696202531,True,0.8499999999999995,0.85,0.85,reaction_role_concat,6144,random_forest,False,valid,r2,0.6600572452253773,1,0.05,random,,
condition_recombine_pseudolabel__mult_2__sim_0.9__teacher_ridge__seed_2,condition_recombine_pseudolabel,2.0,0.9,ridge,2,158,84,1.5316455696202531,True,0.8499999999999995,0.85,0.85,reaction_role_concat,6144,random_forest,False,valid,spearman,0.817865973920884,1,0.05,random,,
condition_recombine_pseudolabel__mult_2__sim_0.9__teacher_ridge__seed_3,condition_recombine_pseudolabel,2.0,0.9,ridge,3,158,68,1.4303797468354431,True,0.85,0.85,0.85,reaction_role_concat,6144,random_forest,False,valid,rmse,15.587353750849125,1,0.05,random,,
condition_recombine_pseudolabel__mult_2__sim_0.9__teacher_ridge__seed_3,condition_recombine_pseudolabel,2.0,0.9,ridge,3,158,68,1.4303797468354431,True,0.85,0.85,0.85,reaction_role_concat,6144,random_forest,False,valid,mae,11.691559731020957,1,0.05,random,,
condition_recombine_pseudolabel__mult_2__sim_0.9__teacher_ridge__seed_3,condition_recombine_pseudolabel,2.0,0.9,ridge,3,158,68,1.4303797468354431,True,0.85,0.85,0.85,reaction_role_concat,6144,random_forest,False,valid,r2,0.6664154233918813,1,0.05,random,,
condition_recombine_pseudolabel__mult_2__sim_0.9__teacher_ridge__seed_3,condition_recombine_pseudolabel,2.0,0.9,ridge,3,158,68,1.4303797468354431,True,0.85,0.85,0.85,reaction_role_concat,6144,random_forest,False,valid,spearman,0.8232758685792554,1,0.05,random,,
condition_recombine_pseudolabel__mult_2__sim_0.9__teacher_ridge__seed_4,condition_recombine_pseudolabel,2.0,0.9,ridge,4,158,63,1.3987341772151898,True,0.8500000000000001,0.85,0.85,reaction_role_concat,6144,random_forest,False,valid,rmse,15.27891044552069,1,0.05,random,,
condition_recombine_pseudolabel__mult_2__sim_0.9__teacher_ridge__seed_4,condition_recombine_pseudolabel,2.0,0.9,ridge,4,158,63,1.3987341772151898,True,0.8500000000000001,0.85,0.85,reaction_role_concat,6144,random_forest,False,valid,mae,11.436691004940226,1,0.05,random,,
condition_recombine_pseudolabel__mult_2__sim_0.9__teacher_ridge__seed_4,condition_recombine_pseudolabel,2.0,0.9,ridge,4,158,63,1.3987341772151898,True,0.8500000000000001,0.85,0.85,reaction_role_concat,6144,random_forest,False,valid,r2,0.679486778006814,1,0.05,random,,
condition_recombine_pseudolabel__mult_2__sim_0.9__teacher_ridge__seed_4,condition_recombine_pseudolabel,2.0,0.9,ridge,4,158,63,1.3987341772151898,True,0.8500000000000001,0.85,0.85,reaction_role_concat,6144,random_forest,False,valid,spearman,0.8308345713707752,1,0.05,random,,
condition_recombine_pseudolabel__mult_2__sim_0.9__teacher_rf__seed_0,condition_recombine_pseudolabel,2.0,0.9,random_forest,0,158,69,1.4367088607594938,True,0.85,0.85,0.85,reaction_role_concat,6144,random_forest,False,valid,rmse,15.585545969386281,1,0.05,random,,
condition_recombine_pseudolabel__mult_2__sim_0.9__teacher_rf__seed_0,condition_recombine_pseudolabel,2.0,0.9,random_forest,0,158,69,1.4367088607594938,True,0.85,0.85,0.85,reaction_role_concat,6144,random_forest,False,valid,mae,11.429885311022588,1,0.05,random,,
condition_recombine_pseudolabel__mult_2__sim_0.9__teacher_rf__seed_0,condition_recombine_pseudolabel,2.0,0.9,random_forest,0,158,69,1.4367088607594938,True,0.85,0.85,0.85,reaction_role_concat,6144,random_forest,False,valid,r2,0.6664927954787073,1,0.05,random,,
condition_recombine_pseudolabel__mult_2__sim_0.9__teacher_rf__seed_0,condition_recombine_pseudolabel,2.0,0.9,random_forest,0,158,69,1.4367088607594938,True,0.85,0.85,0.85,reaction_role_concat,6144,random_forest,False,valid,spearman,0.8203491276421262,1,0.05,random,,
condition_recombine_pseudolabel__mult_2__sim_0.9__teacher_rf__seed_1,condition_recombine_pseudolabel,2.0,0.9,random_forest,1,158,66,1.4177215189873418,True,0.8499999999999999,0.85,0.85,reaction_role_concat,6144,random_forest,False,valid,rmse,15.652972195537439,1,0.05,random,,
condition_recombine_pseudolabel__mult_2__sim_0.9__teacher_rf__seed_1,condition_recombine_pseudolabel,2.0,0.9,random_forest,1,158,66,1.4177215189873418,True,0.8499999999999999,0.85,0.85,reaction_role_concat,6144,random_forest,False,valid,mae,11.624939854890485,1,0.05,random,,
condition_recombine_pseudolabel__mult_2__sim_0.9__teacher_rf__seed_1,condition_recombine_pseudolabel,2.0,0.9,random_forest,1,158,66,1.4177215189873418,True,0.8499999999999999,0.85,0.85,reaction_role_concat,6144,random_forest,False,valid,r2,0.6636009142213126,1,0.05,random,,
condition_recombine_pseudolabel__mult_2__sim_0.9__teacher_rf__seed_1,condition_recombine_pseudolabel,2.0,0.9,random_forest,1,158,66,1.4177215189873418,True,0.8499999999999999,0.85,0.85,reaction_role_concat,6144,random_forest,False,valid,spearman,0.8156486220212771,1,0.05,random,,
condition_recombine_pseudolabel__mult_2__sim_0.9__teacher_rf__seed_2,condition_recombine_pseudolabel,2.0,0.9,random_forest,2,158,84,1.5316455696202531,True,0.8499999999999995,0.85,0.85,reaction_role_concat,6144,random_forest,False,valid,rmse,15.453201087578865,1,0.05,random,,
condition_recombine_pseudolabel__mult_2__sim_0.9__teacher_rf__seed_2,condition_recombine_pseudolabel,2.0,0.9,random_forest,2,158,84,1.5316455696202531,True,0.8499999999999995,0.85,0.85,reaction_role_concat,6144,random_forest,False,valid,mae,11.463528019023848,1,0.05,random,,
condition_recombine_pseudolabel__mult_2__sim_0.9__teacher_rf__seed_2,condition_recombine_pseudolabel,2.0,0.9,random_forest,2,158,84,1.5316455696202531,True,0.8499999999999995,0.85,0.85,reaction_role_concat,6144,random_forest,False,valid,r2,0.6721327098646225,1,0.05,random,,
condition_recombine_pseudolabel__mult_2__sim_0.9__teacher_rf__seed_2,condition_recombine_pseudolabel,2.0,0.9,random_forest,2,158,84,1.5316455696202531,True,0.8499999999999995,0.85,0.85,reaction_role_concat,6144,random_forest,False,valid,spearman,0.8258750793596147,1,0.05,random,,
condition_recombine_pseudolabel__mult_2__sim_0.9__teacher_rf__seed_3,condition_recombine_pseudolabel,2.0,0.9,random_forest,3,158,68,1.4303797468354431,True,0.85,0.85,0.85,reaction_role_concat,6144,random_forest,False,valid,rmse,15.347064519144348,1,0.05,random,,
condition_recombine_pseudolabel__mult_2__sim_0.9__teacher_rf__seed_3,condition_recombine_pseudolabel,2.0,0.9,random_forest,3,158,68,1.4303797468354431,True,0.85,0.85,0.85,reaction_role_concat,6144,random_forest,False,valid,mae,11.352849479371232,1,0.05,random,,
condition_recombine_pseudolabel__mult_2__sim_0.9__teacher_rf__seed_3,condition_recombine_pseudolabel,2.0,0.9,random_forest,3,158,68,1.4303797468354431,True,0.85,0.85,0.85,reaction_role_concat,6144,random_forest,False,valid,r2,0.6766209975182108,1,0.05,random,,
condition_recombine_pseudolabel__mult_2__sim_0.9__teacher_rf__seed_3,condition_recombine_pseudolabel,2.0,0.9,random_forest,3,158,68,1.4303797468354431,True,0.85,0.85,0.85,reaction_role_concat,6144,random_forest,False,valid,spearman,0.8267661483235736,1,0.05,random,,
condition_recombine_pseudolabel__mult_2__sim_0.9__teacher_rf__seed_4,condition_recombine_pseudolabel,2.0,0.9,random_forest,4,158,63,1.3987341772151898,True,0.8500000000000001,0.85,0.85,reaction_role_concat,6144,random_forest,False,valid,rmse,15.515264095303303,1,0.05,random,,
condition_recombine_pseudolabel__mult_2__sim_0.9__teacher_rf__seed_4,condition_recombine_pseudolabel,2.0,0.9,random_forest,4,158,63,1.3987341772151898,True,0.8500000000000001,0.85,0.85,reaction_role_concat,6144,random_forest,False,valid,mae,11.359445250003398,1,0.05,random,,
condition_recombine_pseudolabel__mult_2__sim_0.9__teacher_rf__seed_4,condition_recombine_pseudolabel,2.0,0.9,random_forest,4,158,63,1.3987341772151898,True,0.8500000000000001,0.85,0.85,reaction_role_concat,6144,random_forest,False,valid,r2,0.6694938660890011,1,0.05,random,,
condition_recombine_pseudolabel__mult_2__sim_0.9__teacher_rf__seed_4,condition_recombine_pseudolabel,2.0,0.9,random_forest,4,158,63,1.3987341772151898,True,0.8500000000000001,0.85,0.85,reaction_role_concat,6144,random_forest,False,valid,spearman,0.8182293337737571,1,0.05,random,,
condition_recombine_pseudolabel__mult_2__sim_0.95__teacher_ridge__seed_0,condition_recombine_pseudolabel,2.0,0.95,ridge,0,158,0,1.0,True,,,,reaction_role_concat,6144,random_forest,False,valid,rmse,15.260755125839381,1,0.05,random,,
condition_recombine_pseudolabel__mult_2__sim_0.95__teacher_ridge__seed_0,condition_recombine_pseudolabel,2.0,0.95,ridge,0,158,0,1.0,True,,,,reaction_role_concat,6144,random_forest,False,valid,mae,11.288566241229637,1,0.05,random,,
condition_recombine_pseudolabel__mult_2__sim_0.95__teacher_ridge__seed_0,condition_recombine_pseudolabel,2.0,0.95,ridge,0,158,0,1.0,True,,,,reaction_role_concat,6144,random_forest,False,valid,r2,0.6802480316018862,1,0.05,random,,
condition_recombine_pseudolabel__mult_2__sim_0.95__teacher_ridge__seed_0,condition_recombine_pseudolabel,2.0,0.95,ridge,0,158,0,1.0,True,,,,reaction_role_concat,6144,random_forest,False,valid,spearman,0.8298677537558153,1,0.05,random,,
condition_recombine_pseudolabel__mult_2__sim_0.95__teacher_ridge__seed_1,condition_recombine_pseudolabel,2.0,0.95,ridge,1,158,0,1.0,True,,,,reaction_role_concat,6144,random_forest,False,valid,rmse,15.260755125839381,1,0.05,random,,
condition_recombine_pseudolabel__mult_2__sim_0.95__teacher_ridge__seed_1,condition_recombine_pseudolabel,2.0,0.95,ridge,1,158,0,1.0,True,,,,reaction_role_concat,6144,random_forest,False,valid,mae,11.288566241229637,1,0.05,random,,
condition_recombine_pseudolabel__mult_2__sim_0.95__teacher_ridge__seed_1,condition_recombine_pseudolabel,2.0,0.95,ridge,1,158,0,1.0,True,,,,reaction_role_concat,6144,random_forest,False,valid,r2,0.6802480316018862,1,0.05,random,,
condition_recombine_pseudolabel__mult_2__sim_0.95__teacher_ridge__seed_1,condition_recombine_pseudolabel,2.0,0.95,ridge,1,158,0,1.0,True,,,,reaction_role_concat,6144,random_forest,False,valid,spearman,0.8298677537558153,1,0.05,random,,
condition_recombine_pseudolabel__mult_2__sim_0.95__teacher_ridge__seed_2,condition_recombine_pseudolabel,2.0,0.95,ridge,2,158,0,1.0,True,,,,reaction_role_concat,6144,random_forest,False,valid,rmse,15.260755125839381,1,0.05,random,,
condition_recombine_pseudolabel__mult_2__sim_0.95__teacher_ridge__seed_2,condition_recombine_pseudolabel,2.0,0.95,ridge,2,158,0,1.0,True,,,,reaction_role_concat,6144,random_forest,False,valid,mae,11.288566241229637,1,0.05,random,,
condition_recombine_pseudolabel__mult_2__sim_0.95__teacher_ridge__seed_2,condition_recombine_pseudolabel,2.0,0.95,ridge,2,158,0,1.0,True,,,,reaction_role_concat,6144,random_forest,False,valid,r2,0.6802480316018862,1,0.05,random,,
condition_recombine_pseudolabel__mult_2__sim_0.95__teacher_ridge__seed_2,condition_recombine_pseudolabel,2.0,0.95,ridge,2,158,0,1.0,True,,,,reaction_role_concat,6144,random_forest,False,valid,spearman,0.8298677537558153,1,0.05,random,,
condition_recombine_pseudolabel__mult_2__sim_0.95__teacher_ridge__seed_3,condition_recombine_pseudolabel,2.0,0.95,ridge,3,158,0,1.0,True,,,,reaction_role_concat,6144,random_forest,False,valid,rmse,15.260755125839381,1,0.05,random,,
condition_recombine_pseudolabel__mult_2__sim_0.95__teacher_ridge__seed_3,condition_recombine_pseudolabel,2.0,0.95,ridge,3,158,0,1.0,True,,,,reaction_role_concat,6144,random_forest,False,valid,mae,11.288566241229637,1,0.05,random,,
condition_recombine_pseudolabel__mult_2__sim_0.95__teacher_ridge__seed_3,condition_recombine_pseudolabel,2.0,0.95,ridge,3,158,0,1.0,True,,,,reaction_role_concat,6144,random_forest,False,valid,r2,0.6802480316018862,1,0.05,random,,
condition_recombine_pseudolabel__mult_2__sim_0.95__teacher_ridge__seed_3,condition_recombine_pseudolabel,2.0,0.95,ridge,3,158,0,1.0,True,,,,reaction_role_concat,6144,random_forest,False,valid,spearman,0.8298677537558153,1,0.05,random,,
condition_recombine_pseudolabel__mult_2__sim_0.95__teacher_ridge__seed_4,condition_recombine_pseudolabel,2.0,0.95,ridge,4,158,0,1.0,True,,,,reaction_role_concat,6144,random_forest,False,valid,rmse,15.260755125839381,1,0.05,random,,
condition_recombine_pseudolabel__mult_2__sim_0.95__teacher_ridge__seed_4,condition_recombine_pseudolabel,2.0,0.95,ridge,4,158,0,1.0,True,,,,reaction_role_concat,6144,random_forest,False,valid,mae,11.288566241229637,1,0.05,random,,
condition_recombine_pseudolabel__mult_2__sim_0.95__teacher_ridge__seed_4,condition_recombine_pseudolabel,2.0,0.95,ridge,4,158,0,1.0,True,,,,reaction_role_concat,6144,random_forest,False,valid,r2,0.6802480316018862,1,0.05,random,,
condition_recombine_pseudolabel__mult_2__sim_0.95__teacher_ridge__seed_4,condition_recombine_pseudolabel,2.0,0.95,ridge,4,158,0,1.0,True,,,,reaction_role_concat,6144,random_forest,False,valid,spearman,0.8298677537558153,1,0.05,random,,
condition_recombine_pseudolabel__mult_2__sim_0.95__teacher_rf__seed_0,condition_recombine_pseudolabel,2.0,0.95,random_forest,0,158,0,1.0,True,,,,reaction_role_concat,6144,random_forest,False,valid,rmse,15.260755125839381,1,0.05,random,,
condition_recombine_pseudolabel__mult_2__sim_0.95__teacher_rf__seed_0,condition_recombine_pseudolabel,2.0,0.95,random_forest,0,158,0,1.0,True,,,,reaction_role_concat,6144,random_forest,False,valid,mae,11.288566241229637,1,0.05,random,,
condition_recombine_pseudolabel__mult_2__sim_0.95__teacher_rf__seed_0,condition_recombine_pseudolabel,2.0,0.95,random_forest,0,158,0,1.0,True,,,,reaction_role_concat,6144,random_forest,False,valid,r2,0.6802480316018862,1,0.05,random,,
condition_recombine_pseudolabel__mult_2__sim_0.95__teacher_rf__seed_0,condition_recombine_pseudolabel,2.0,0.95,random_forest,0,158,0,1.0,True,,,,reaction_role_concat,6144,random_forest,False,valid,spearman,0.8298677537558153,1,0.05,random,,
condition_recombine_pseudolabel__mult_2__sim_0.95__teacher_rf__seed_1,condition_recombine_pseudolabel,2.0,0.95,random_forest,1,158,0,1.0,True,,,,reaction_role_concat,6144,random_forest,False,valid,rmse,15.260755125839381,1,0.05,random,,
condition_recombine_pseudolabel__mult_2__sim_0.95__teacher_rf__seed_1,condition_recombine_pseudolabel,2.0,0.95,random_forest,1,158,0,1.0,True,,,,reaction_role_concat,6144,random_forest,False,valid,mae,11.288566241229637,1,0.05,random,,
condition_recombine_pseudolabel__mult_2__sim_0.95__teacher_rf__seed_1,condition_recombine_pseudolabel,2.0,0.95,random_forest,1,158,0,1.0,True,,,,reaction_role_concat,6144,random_forest,False,valid,r2,0.6802480316018862,1,0.05,random,,
condition_recombine_pseudolabel__mult_2__sim_0.95__teacher_rf__seed_1,condition_recombine_pseudolabel,2.0,0.95,random_forest,1,158,0,1.0,True,,,,reaction_role_concat,6144,random_forest,False,valid,spearman,0.8298677537558153,1,0.05,random,,
condition_recombine_pseudolabel__mult_2__sim_0.95__teacher_rf__seed_2,condition_recombine_pseudolabel,2.0,0.95,random_forest,2,158,0,1.0,True,,,,reaction_role_concat,6144,random_forest,False,valid,rmse,15.260755125839381,1,0.05,random,,
condition_recombine_pseudolabel__mult_2__sim_0.95__teacher_rf__seed_2,condition_recombine_pseudolabel,2.0,0.95,random_forest,2,158,0,1.0,True,,,,reaction_role_concat,6144,random_forest,False,valid,mae,11.288566241229637,1,0.05,random,,
condition_recombine_pseudolabel__mult_2__sim_0.95__teacher_rf__seed_2,condition_recombine_pseudolabel,2.0,0.95,random_forest,2,158,0,1.0,True,,,,reaction_role_concat,6144,random_forest,False,valid,r2,0.6802480316018862,1,0.05,random,,
condition_recombine_pseudolabel__mult_2__sim_0.95__teacher_rf__seed_2,condition_recombine_pseudolabel,2.0,0.95,random_forest,2,158,0,1.0,True,,,,reaction_role_concat,6144,random_forest,False,valid,spearman,0.8298677537558153,1,0.05,random,,
condition_recombine_pseudolabel__mult_2__sim_0.95__teacher_rf__seed_3,condition_recombine_pseudolabel,2.0,0.95,random_forest,3,158,0,1.0,True,,,,reaction_role_concat,6144,random_forest,False,valid,rmse,15.260755125839381,1,0.05,random,,
condition_recombine_pseudolabel__mult_2__sim_0.95__teacher_rf__seed_3,condition_recombine_pseudolabel,2.0,0.95,random_forest,3,158,0,1.0,True,,,,reaction_role_concat,6144,random_forest,False,valid,mae,11.288566241229637,1,0.05,random,,
condition_recombine_pseudolabel__mult_2__sim_0.95__teacher_rf__seed_3,condition_recombine_pseudolabel,2.0,0.95,random_forest,3,158,0,1.0,True,,,,reaction_role_concat,6144,random_forest,False,valid,r2,0.6802480316018862,1,0.05,random,,
condition_recombine_pseudolabel__mult_2__sim_0.95__teacher_rf__seed_3,condition_recombine_pseudolabel,2.0,0.95,random_forest,3,158,0,1.0,True,,,,reaction_role_concat,6144,random_forest,False,valid,spearman,0.8298677537558153,1,0.05,random,,
condition_recombine_pseudolabel__mult_2__sim_0.95__teacher_rf__seed_4,condition_recombine_pseudolabel,2.0,0.95,random_forest,4,158,0,1.0,True,,,,reaction_role_concat,6144,random_forest,False,valid,rmse,15.260755125839381,1,0.05,random,,
condition_recombine_pseudolabel__mult_2__sim_0.95__teacher_rf__seed_4,condition_recombine_pseudolabel,2.0,0.95,random_forest,4,158,0,1.0,True,,,,reaction_role_concat,6144,random_forest,False,valid,mae,11.288566241229637,1,0.05,random,,
condition_recombine_pseudolabel__mult_2__sim_0.95__teacher_rf__seed_4,condition_recombine_pseudolabel,2.0,0.95,random_forest,4,158,0,1.0,True,,,,reaction_role_concat,6144,random_forest,False,valid,r2,0.6802480316018862,1,0.05,random,,
condition_recombine_pseudolabel__mult_2__sim_0.95__teacher_rf__seed_4,condition_recombine_pseudolabel,2.0,0.95,random_forest,4,158,0,1.0,True,,,,reaction_role_concat,6144,random_forest,False,valid,spearman,0.8298677537558153,1,0.05,random,,
condition_recombine_pseudolabel__mult_3__sim_0.85__teacher_ridge__seed_0,condition_recombine_pseudolabel,3.0,0.85,ridge,0,158,242,2.5316455696202533,True,0.8499999999999998,0.85,0.85,reaction_role_concat,6144,random_forest,False,valid,rmse,15.597163726741572,1,0.05,random,,
condition_recombine_pseudolabel__mult_3__sim_0.85__teacher_ridge__seed_0,condition_recombine_pseudolabel,3.0,0.85,ridge,0,158,242,2.5316455696202533,True,0.8499999999999998,0.85,0.85,reaction_role_concat,6144,random_forest,False,valid,mae,11.625766859775103,1,0.05,random,,
condition_recombine_pseudolabel__mult_3__sim_0.85__teacher_ridge__seed_0,condition_recombine_pseudolabel,3.0,0.85,ridge,0,158,242,2.5316455696202533,True,0.8499999999999998,0.85,0.85,reaction_role_concat,6144,random_forest,False,valid,r2,0.6659954051546497,1,0.05,random,,
condition_recombine_pseudolabel__mult_3__sim_0.85__teacher_ridge__seed_0,condition_recombine_pseudolabel,3.0,0.85,ridge,0,158,242,2.5316455696202533,True,0.8499999999999998,0.85,0.85,reaction_role_concat,6144,random_forest,False,valid,spearman,0.8163465221888534,1,0.05,random,,
condition_recombine_pseudolabel__mult_3__sim_0.85__teacher_ridge__seed_1,condition_recombine_pseudolabel,3.0,0.85,ridge,1,158,235,2.4873417721518987,True,0.8499999999999998,0.85,0.85,reaction_role_concat,6144,random_forest,False,valid,rmse,15.504489821875314,1,0.05,random,,
condition_recombine_pseudolabel__mult_3__sim_0.85__teacher_ridge__seed_1,condition_recombine_pseudolabel,3.0,0.85,ridge,1,158,235,2.4873417721518987,True,0.8499999999999998,0.85,0.85,reaction_role_concat,6144,random_forest,False,valid,mae,11.731173623837247,1,0.05,random,,
condition_recombine_pseudolabel__mult_3__sim_0.85__teacher_ridge__seed_1,condition_recombine_pseudolabel,3.0,0.85,ridge,1,158,235,2.4873417721518987,True,0.8499999999999998,0.85,0.85,reaction_role_concat,6144,random_forest,False,valid,r2,0.6699527338225579,1,0.05,random,,
condition_recombine_pseudolabel__mult_3__sim_0.85__teacher_ridge__seed_1,condition_recombine_pseudolabel,3.0,0.85,ridge,1,158,235,2.4873417721518987,True,0.8499999999999998,0.85,0.85,reaction_role_concat,6144,random_forest,False,valid,spearman,0.8211848942490563,1,0.05,random,,
condition_recombine_pseudolabel__mult_3__sim_0.85__teacher_ridge__seed_2,condition_recombine_pseudolabel,3.0,0.85,ridge,2,158,246,2.5569620253164556,True,0.8499999999999996,0.85,0.85,reaction_role_concat,6144,random_forest,False,valid,rmse,15.741234596785567,1,0.05,random,,
condition_recombine_pseudolabel__mult_3__sim_0.85__teacher_ridge__seed_2,condition_recombine_pseudolabel,3.0,0.85,ridge,2,158,246,2.5569620253164556,True,0.8499999999999996,0.85,0.85,reaction_role_concat,6144,random_forest,False,valid,mae,11.89481940330961,1,0.05,random,,
condition_recombine_pseudolabel__mult_3__sim_0.85__teacher_ridge__seed_2,condition_recombine_pseudolabel,3.0,0.85,ridge,2,158,246,2.5569620253164556,True,0.8499999999999996,0.85,0.85,reaction_role_concat,6144,random_forest,False,valid,r2,0.6597965119483618,1,0.05,random,,
condition_recombine_pseudolabel__mult_3__sim_0.85__teacher_ridge__seed_2,condition_recombine_pseudolabel,3.0,0.85,ridge,2,158,246,2.5569620253164556,True,0.8499999999999996,0.85,0.85,reaction_role_concat,6144,random_forest,False,valid,spearman,0.8132932089557073,1,0.05,random,,
condition_recombine_pseudolabel__mult_3__sim_0.85__teacher_ridge__seed_3,condition_recombine_pseudolabel,3.0,0.85,ridge,3,158,237,2.5,True,0.8499999999999998,0.85,0.85,reaction_role_concat,6144,random_forest,False,valid,rmse,15.498241175787252,1,0.05,random,,
condition_recombine_pseudolabel__mult_3__sim_0.85__teacher_ridge__seed_3,condition_recombine_pseudolabel,3.0,0.85,ridge,3,158,237,2.5,True,0.8499999999999998,0.85,0.85,reaction_role_concat,6144,random_forest,False,valid,mae,11.598665589745286,1,0.05,random,,
condition_recombine_pseudolabel__mult_3__sim_0.85__teacher_ridge__seed_3,condition_recombine_pseudolabel,3.0,0.85,ridge,3,158,237,2.5,True,0.8499999999999998,0.85,0.85,reaction_role_concat,6144,random_forest,False,valid,r2,0.6702187126450457,1,0.05,random,,
condition_recombine_pseudolabel__mult_3__sim_0.85__teacher_ridge__seed_3,condition_recombine_pseudolabel,3.0,0.85,ridge,3,158,237,2.5,True,0.8499999999999998,0.85,0.85,reaction_role_concat,6144,random_forest,False,valid,spearman,0.8228947886049399,1,0.05,random,,
condition_recombine_pseudolabel__mult_3__sim_0.85__teacher_ridge__seed_4,condition_recombine_pseudolabel,3.0,0.85,ridge,4,158,224,2.4177215189873418,True,0.8499999999999998,0.85,0.85,reaction_role_concat,6144,random_forest,False,valid,rmse,15.244377785795136,1,0.05,random,,
condition_recombine_pseudolabel__mult_3__sim_0.85__teacher_ridge__seed_4,condition_recombine_pseudolabel,3.0,0.85,ridge,4,158,224,2.4177215189873418,True,0.8499999999999998,0.85,0.85,reaction_role_concat,6144,random_forest,False,valid,mae,11.451107619305201,1,0.05,random,,
condition_recombine_pseudolabel__mult_3__sim_0.85__teacher_ridge__seed_4,condition_recombine_pseudolabel,3.0,0.85,ridge,4,158,224,2.4177215189873418,True,0.8499999999999998,0.85,0.85,reaction_role_concat,6144,random_forest,False,valid,r2,0.680933957921156,1,0.05,random,,
condition_recombine_pseudolabel__mult_3__sim_0.85__teacher_ridge__seed_4,condition_recombine_pseudolabel,3.0,0.85,ridge,4,158,224,2.4177215189873418,True,0.8499999999999998,0.85,0.85,reaction_role_concat,6144,random_forest,False,valid,spearman,0.8275010465469086,1,0.05,random,,
condition_recombine_pseudolabel__mult_3__sim_0.85__teacher_rf__seed_0,condition_recombine_pseudolabel,3.0,0.85,random_forest,0,158,242,2.5316455696202533,True,0.8499999999999998,0.85,0.85,reaction_role_concat,6144,random_forest,False,valid,rmse,16.042974696024913,1,0.05,random,,
condition_recombine_pseudolabel__mult_3__sim_0.85__teacher_rf__seed_0,condition_recombine_pseudolabel,3.0,0.85,random_forest,0,158,242,2.5316455696202533,True,0.8499999999999998,0.85,0.85,reaction_role_concat,6144,random_forest,False,valid,mae,11.5905661970973,1,0.05,random,,
condition_recombine_pseudolabel__mult_3__sim_0.85__teacher_rf__seed_0,condition_recombine_pseudolabel,3.0,0.85,random_forest,0,158,242,2.5316455696202533,True,0.8499999999999998,0.85,0.85,reaction_role_concat,6144,random_forest,False,valid,r2,0.646628942430193,1,0.05,random,,
condition_recombine_pseudolabel__mult_3__sim_0.85__teacher_rf__seed_0,condition_recombine_pseudolabel,3.0,0.85,random_forest,0,158,242,2.5316455696202533,True,0.8499999999999998,0.85,0.85,reaction_role_concat,6144,random_forest,False,valid,spearman,0.8051762249754485,1,0.05,random,,
condition_recombine_pseudolabel__mult_3__sim_0.85__teacher_rf__seed_1,condition_recombine_pseudolabel,3.0,0.85,random_forest,1,158,235,2.4873417721518987,True,0.8499999999999998,0.85,0.85,reaction_role_concat,6144,random_forest,False,valid,rmse,15.65659753615138,1,0.05,random,,
condition_recombine_pseudolabel__mult_3__sim_0.85__teacher_rf__seed_1,condition_recombine_pseudolabel,3.0,0.85,random_forest,1,158,235,2.4873417721518987,True,0.8499999999999998,0.85,0.85,reaction_role_concat,6144,random_forest,False,valid,mae,11.608708846027339,1,0.05,random,,
condition_recombine_pseudolabel__mult_3__sim_0.85__teacher_rf__seed_1,condition_recombine_pseudolabel,3.0,0.85,random_forest,1,158,235,2.4873417721518987,True,0.8499999999999998,0.85,0.85,reaction_role_concat,6144,random_forest,False,valid,r2,0.6634450712948068,1,0.05,random,,
condition_recombine_pseudolabel__mult_3__sim_0.85__teacher_rf__seed_1,condition_recombine_pseudolabel,3.0,0.85,random_forest,1,158,235,2.4873417721518987,True,0.8499999999999998,0.85,0.85,reaction_role_concat,6144,random_forest,False,valid,spearman,0.8120381959590474,1,0.05,random,,
condition_recombine_pseudolabel__mult_3__sim_0.85__teacher_rf__seed_2,condition_recombine_pseudolabel,3.0,0.85,random_forest,2,158,246,2.5569620253164556,True,0.8499999999999996,0.85,0.85,reaction_role_concat,6144,random_forest,False,valid,rmse,15.382877544194976,1,0.05,random,,
condition_recombine_pseudolabel__mult_3__sim_0.85__teacher_rf__seed_2,condition_recombine_pseudolabel,3.0,0.85,random_forest,2,158,246,2.5569620253164556,True,0.8499999999999996,0.85,0.85,reaction_role_concat,6144,random_forest,False,valid,mae,11.149339874271352,1,0.05,random,,
condition_recombine_pseudolabel__mult_3__sim_0.85__teacher_rf__seed_2,condition_recombine_pseudolabel,3.0,0.85,random_forest,2,158,246,2.5569620253164556,True,0.8499999999999996,0.85,0.85,reaction_role_concat,6144,random_forest,False,valid,r2,0.6751099993869855,1,0.05,random,,
condition_recombine_pseudolabel__mult_3__sim_0.85__teacher_rf__seed_2,condition_recombine_pseudolabel,3.0,0.85,random_forest,2,158,246,2.5569620253164556,True,0.8499999999999996,0.85,0.85,reaction_role_concat,6144,random_forest,False,valid,spearman,0.8290415287527388,1,0.05,random,,
condition_recombine_pseudolabel__mult_3__sim_0.85__teacher_rf__seed_3,condition_recombine_pseudolabel,3.0,0.85,random_forest,3,158,237,2.5,True,0.8499999999999998,0.85,0.85,reaction_role_concat,6144,random_forest,False,valid,rmse,15.97027606061101,1,0.05,random,,
condition_recombine_pseudolabel__mult_3__sim_0.85__teacher_rf__seed_3,condition_recombine_pseudolabel,3.0,0.85,random_forest,3,158,237,2.5,True,0.8499999999999998,0.85,0.85,reaction_role_concat,6144,random_forest,False,valid,mae,11.622336122909303,1,0.05,random,,
condition_recombine_pseudolabel__mult_3__sim_0.85__teacher_rf__seed_3,condition_recombine_pseudolabel,3.0,0.85,random_forest,3,158,237,2.5,True,0.8499999999999998,0.85,0.85,reaction_role_concat,6144,random_forest,False,valid,r2,0.6498242834504799,1,0.05,random,,
condition_recombine_pseudolabel__mult_3__sim_0.85__teacher_rf__seed_3,condition_recombine_pseudolabel,3.0,0.85,random_forest,3,158,237,2.5,True,0.8499999999999998,0.85,0.85,reaction_role_concat,6144,random_forest,False,valid,spearman,0.8067274171447878,1,0.05,random,,
condition_recombine_pseudolabel__mult_3__sim_0.85__teacher_rf__seed_4,condition_recombine_pseudolabel,3.0,0.85,random_forest,4,158,224,2.4177215189873418,True,0.8499999999999998,0.85,0.85,reaction_role_concat,6144,random_forest,False,valid,rmse,15.446221569126505,1,0.05,random,,
condition_recombine_pseudolabel__mult_3__sim_0.85__teacher_rf__seed_4,condition_recombine_pseudolabel,3.0,0.85,random_forest,4,158,224,2.4177215189873418,True,0.8499999999999998,0.85,0.85,reaction_role_concat,6144,random_forest,False,valid,mae,11.270249615188641,1,0.05,random,,
condition_recombine_pseudolabel__mult_3__sim_0.85__teacher_rf__seed_4,condition_recombine_pseudolabel,3.0,0.85,random_forest,4,158,224,2.4177215189873418,True,0.8499999999999998,0.85,0.85,reaction_role_concat,6144,random_forest,False,valid,r2,0.6724288089077364,1,0.05,random,,
condition_recombine_pseudolabel__mult_3__sim_0.85__teacher_rf__seed_4,condition_recombine_pseudolabel,3.0,0.85,random_forest,4,158,224,2.4177215189873418,True,0.8499999999999998,0.85,0.85,reaction_role_concat,6144,random_forest,False,valid,spearman,0.821011782293427,1,0.05,random,,
condition_recombine_pseudolabel__mult_3__sim_0.9__teacher_ridge__seed_0,condition_recombine_pseudolabel,3.0,0.9,ridge,0,158,102,1.6455696202531647,True,0.8499999999999994,0.85,0.85,reaction_role_concat,6144,random_forest,False,valid,rmse,15.702716411821594,1,0.05,random,,
condition_recombine_pseudolabel__mult_3__sim_0.9__teacher_ridge__seed_0,condition_recombine_pseudolabel,3.0,0.9,ridge,0,158,102,1.6455696202531647,True,0.8499999999999994,0.85,0.85,reaction_role_concat,6144,random_forest,False,valid,mae,11.82870509757724,1,0.05,random,,
condition_recombine_pseudolabel__mult_3__sim_0.9__teacher_ridge__seed_0,condition_recombine_pseudolabel,3.0,0.9,ridge,0,158,102,1.6455696202531647,True,0.8499999999999994,0.85,0.85,reaction_role_concat,6144,random_forest,False,valid,r2,0.6614594041801729,1,0.05,random,,
condition_recombine_pseudolabel__mult_3__sim_0.9__teacher_ridge__seed_0,condition_recombine_pseudolabel,3.0,0.9,ridge,0,158,102,1.6455696202531647,True,0.8499999999999994,0.85,0.85,reaction_role_concat,6144,random_forest,False,valid,spearman,0.821832360224835,1,0.05,random,,
condition_recombine_pseudolabel__mult_3__sim_0.9__teacher_ridge__seed_1,condition_recombine_pseudolabel,3.0,0.9,ridge,1,158,102,1.6455696202531647,True,0.8499999999999994,0.85,0.85,reaction_role_concat,6144,random_forest,False,valid,rmse,15.231636708940208,1,0.05,random,,
condition_recombine_pseudolabel__mult_3__sim_0.9__teacher_ridge__seed_1,condition_recombine_pseudolabel,3.0,0.9,ridge,1,158,102,1.6455696202531647,True,0.8499999999999994,0.85,0.85,reaction_role_concat,6144,random_forest,False,valid,mae,11.4914157367741,1,0.05,random,,
condition_recombine_pseudolabel__mult_3__sim_0.9__teacher_ridge__seed_1,condition_recombine_pseudolabel,3.0,0.9,ridge,1,158,102,1.6455696202531647,True,0.8499999999999994,0.85,0.85,reaction_role_concat,6144,random_forest,False,valid,r2,0.6814670785481001,1,0.05,random,,
condition_recombine_pseudolabel__mult_3__sim_0.9__teacher_ridge__seed_1,condition_recombine_pseudolabel,3.0,0.9,ridge,1,158,102,1.6455696202531647,True,0.8499999999999994,0.85,0.85,reaction_role_concat,6144,random_forest,False,valid,spearman,0.8356295193971137,1,0.05,random,,
condition_recombine_pseudolabel__mult_3__sim_0.9__teacher_ridge__seed_2,condition_recombine_pseudolabel,3.0,0.9,ridge,2,158,118,1.7468354430379747,True,0.8499999999999995,0.85,0.85,reaction_role_concat,6144,random_forest,False,valid,rmse,15.245944196874643,1,0.05,random,,
condition_recombine_pseudolabel__mult_3__sim_0.9__teacher_ridge__seed_2,condition_recombine_pseudolabel,3.0,0.9,ridge,2,158,118,1.7468354430379747,True,0.8499999999999995,0.85,0.85,reaction_role_concat,6144,random_forest,False,valid,mae,11.543559059821352,1,0.05,random,,
condition_recombine_pseudolabel__mult_3__sim_0.9__teacher_ridge__seed_2,condition_recombine_pseudolabel,3.0,0.9,ridge,2,158,118,1.7468354430379747,True,0.8499999999999995,0.85,0.85,reaction_role_concat,6144,random_forest,False,valid,r2,0.6808683843348924,1,0.05,random,,
condition_recombine_pseudolabel__mult_3__sim_0.9__teacher_ridge__seed_2,condition_recombine_pseudolabel,3.0,0.9,ridge,2,158,118,1.7468354430379747,True,0.8499999999999995,0.85,0.85,reaction_role_concat,6144,random_forest,False,valid,spearman,0.8321787691544745,1,0.05,random,,
condition_recombine_pseudolabel__mult_3__sim_0.9__teacher_ridge__seed_3,condition_recombine_pseudolabel,3.0,0.9,ridge,3,158,107,1.6772151898734178,True,0.8499999999999996,0.85,0.85,reaction_role_concat,6144,random_forest,False,valid,rmse,15.681500127843394,1,0.05,random,,
condition_recombine_pseudolabel__mult_3__sim_0.9__teacher_ridge__seed_3,condition_recombine_pseudolabel,3.0,0.9,ridge,3,158,107,1.6772151898734178,True,0.8499999999999996,0.85,0.85,reaction_role_concat,6144,random_forest,False,valid,mae,11.715706389048432,1,0.05,random,,
condition_recombine_pseudolabel__mult_3__sim_0.9__teacher_ridge__seed_3,condition_recombine_pseudolabel,3.0,0.9,ridge,3,158,107,1.6772151898734178,True,0.8499999999999996,0.85,0.85,reaction_role_concat,6144,random_forest,False,valid,r2,0.6623736053877485,1,0.05,random,,
condition_recombine_pseudolabel__mult_3__sim_0.9__teacher_ridge__seed_3,condition_recombine_pseudolabel,3.0,0.9,ridge,3,158,107,1.6772151898734178,True,0.8499999999999996,0.85,0.85,reaction_role_concat,6144,random_forest,False,valid,spearman,0.813704666281067,1,0.05,random,,
condition_recombine_pseudolabel__mult_3__sim_0.9__teacher_ridge__seed_4,condition_recombine_pseudolabel,3.0,0.9,ridge,4,158,103,1.6518987341772151,True,0.8499999999999994,0.85,0.85,reaction_role_concat,6144,random_forest,False,valid,rmse,15.24331970016869,1,0.05,random,,
condition_recombine_pseudolabel__mult_3__sim_0.9__teacher_ridge__seed_4,condition_recombine_pseudolabel,3.0,0.9,ridge,4,158,103,1.6518987341772151,True,0.8499999999999994,0.85,0.85,reaction_role_concat,6144,random_forest,False,valid,mae,11.507725023161761,1,0.05,random,,
condition_recombine_pseudolabel__mult_3__sim_0.9__teacher_ridge__seed_4,condition_recombine_pseudolabel,3.0,0.9,ridge,4,158,103,1.6518987341772151,True,0.8499999999999994,0.85,0.85,reaction_role_concat,6144,random_forest,False,valid,r2,0.6809782480170417,1,0.05,random,,
condition_recombine_pseudolabel__mult_3__sim_0.9__teacher_ridge__seed_4,condition_recombine_pseudolabel,3.0,0.9,ridge,4,158,103,1.6518987341772151,True,0.8499999999999994,0.85,0.85,reaction_role_concat,6144,random_forest,False,valid,spearman,0.8326038573424822,1,0.05,random,,
condition_recombine_pseudolabel__mult_3__sim_0.9__teacher_rf__seed_0,condition_recombine_pseudolabel,3.0,0.9,random_forest,0,158,102,1.6455696202531647,True,0.8499999999999994,0.85,0.85,reaction_role_concat,6144,random_forest,False,valid,rmse,15.889519187899362,1,0.05,random,,
condition_recombine_pseudolabel__mult_3__sim_0.9__teacher_rf__seed_0,condition_recombine_pseudolabel,3.0,0.9,random_forest,0,158,102,1.6455696202531647,True,0.8499999999999994,0.85,0.85,reaction_role_concat,6144,random_forest,False,valid,mae,11.619645458014705,1,0.05,random,,
condition_recombine_pseudolabel__mult_3__sim_0.9__teacher_rf__seed_0,condition_recombine_pseudolabel,3.0,0.9,random_forest,0,158,102,1.6455696202531647,True,0.8499999999999994,0.85,0.85,reaction_role_concat,6144,random_forest,False,valid,r2,0.6533567955033655,1,0.05,random,,
condition_recombine_pseudolabel__mult_3__sim_0.9__teacher_rf__seed_0,condition_recombine_pseudolabel,3.0,0.9,random_forest,0,158,102,1.6455696202531647,True,0.8499999999999994,0.85,0.85,reaction_role_concat,6144,random_forest,False,valid,spearman,0.813094198361047,1,0.05,random,,
condition_recombine_pseudolabel__mult_3__sim_0.9__teacher_rf__seed_1,condition_recombine_pseudolabel,3.0,0.9,random_forest,1,158,102,1.6455696202531647,True,0.8499999999999994,0.85,0.85,reaction_role_concat,6144,random_forest,False,valid,rmse,15.680135885565338,1,0.05,random,,
condition_recombine_pseudolabel__mult_3__sim_0.9__teacher_rf__seed_1,condition_recombine_pseudolabel,3.0,0.9,random_forest,1,158,102,1.6455696202531647,True,0.8499999999999994,0.85,0.85,reaction_role_concat,6144,random_forest,False,valid,mae,11.674131059513815,1,0.05,random,,
condition_recombine_pseudolabel__mult_3__sim_0.9__teacher_rf__seed_1,condition_recombine_pseudolabel,3.0,0.9,random_forest,1,158,102,1.6455696202531647,True,0.8499999999999994,0.85,0.85,reaction_role_concat,6144,random_forest,False,valid,r2,0.6624323477481591,1,0.05,random,,
condition_recombine_pseudolabel__mult_3__sim_0.9__teacher_rf__seed_1,condition_recombine_pseudolabel,3.0,0.9,random_forest,1,158,102,1.6455696202531647,True,0.8499999999999994,0.85,0.85,reaction_role_concat,6144,random_forest,False,valid,spearman,0.816463747607626,1,0.05,random,,
condition_recombine_pseudolabel__mult_3__sim_0.9__teacher_rf__seed_2,condition_recombine_pseudolabel,3.0,0.9,random_forest,2,158,118,1.7468354430379747,True,0.8499999999999995,0.85,0.85,reaction_role_concat,6144,random_forest,False,valid,rmse,15.533058130604706,1,0.05,random,,
condition_recombine_pseudolabel__mult_3__sim_0.9__teacher_rf__seed_2,condition_recombine_pseudolabel,3.0,0.9,random_forest,2,158,118,1.7468354430379747,True,0.8499999999999995,0.85,0.85,reaction_role_concat,6144,random_forest,False,valid,mae,11.395372195062757,1,0.05,random,,
condition_recombine_pseudolabel__mult_3__sim_0.9__teacher_rf__seed_2,condition_recombine_pseudolabel,3.0,0.9,random_forest,2,158,118,1.7468354430379747,True,0.8499999999999995,0.85,0.85,reaction_role_concat,6144,random_forest,False,valid,r2,0.6687353343386777,1,0.05,random,,
condition_recombine_pseudolabel__mult_3__sim_0.9__teacher_rf__seed_2,condition_recombine_pseudolabel,3.0,0.9,random_forest,2,158,118,1.7468354430379747,True,0.8499999999999995,0.85,0.85,reaction_role_concat,6144,random_forest,False,valid,spearman,0.8230747159918931,1,0.05,random,,
condition_recombine_pseudolabel__mult_3__sim_0.9__teacher_rf__seed_3,condition_recombine_pseudolabel,3.0,0.9,random_forest,3,158,107,1.6772151898734178,True,0.8499999999999996,0.85,0.85,reaction_role_concat,6144,random_forest,False,valid,rmse,15.539853676878375,1,0.05,random,,
condition_recombine_pseudolabel__mult_3__sim_0.9__teacher_rf__seed_3,condition_recombine_pseudolabel,3.0,0.9,random_forest,3,158,107,1.6772151898734178,True,0.8499999999999996,0.85,0.85,reaction_role_concat,6144,random_forest,False,valid,mae,11.523809432019162,1,0.05,random,,
condition_recombine_pseudolabel__mult_3__sim_0.9__teacher_rf__seed_3,condition_recombine_pseudolabel,3.0,0.9,random_forest,3,158,107,1.6772151898734178,True,0.8499999999999996,0.85,0.85,reaction_role_concat,6144,random_forest,False,valid,r2,0.6684454214616667,1,0.05,random,,
condition_recombine_pseudolabel__mult_3__sim_0.9__teacher_rf__seed_3,condition_recombine_pseudolabel,3.0,0.9,random_forest,3,158,107,1.6772151898734178,True,0.8499999999999996,0.85,0.85,reaction_role_concat,6144,random_forest,False,valid,spearman,0.8220078088997753,1,0.05,random,,
condition_recombine_pseudolabel__mult_3__sim_0.9__teacher_rf__seed_4,condition_recombine_pseudolabel,3.0,0.9,random_forest,4,158,103,1.6518987341772151,True,0.8499999999999994,0.85,0.85,reaction_role_concat,6144,random_forest,False,valid,rmse,15.345276694919466,1,0.05,random,,
condition_recombine_pseudolabel__mult_3__sim_0.9__teacher_rf__seed_4,condition_recombine_pseudolabel,3.0,0.9,random_forest,4,158,103,1.6518987341772151,True,0.8499999999999994,0.85,0.85,reaction_role_concat,6144,random_forest,False,valid,mae,11.281555951639822,1,0.05,random,,
condition_recombine_pseudolabel__mult_3__sim_0.9__teacher_rf__seed_4,condition_recombine_pseudolabel,3.0,0.9,random_forest,4,158,103,1.6518987341772151,True,0.8499999999999994,0.85,0.85,reaction_role_concat,6144,random_forest,False,valid,r2,0.6766963358526328,1,0.05,random,,
condition_recombine_pseudolabel__mult_3__sim_0.9__teacher_rf__seed_4,condition_recombine_pseudolabel,3.0,0.9,random_forest,4,158,103,1.6518987341772151,True,0.8499999999999994,0.85,0.85,reaction_role_concat,6144,random_forest,False,valid,spearman,0.82236026406253,1,0.05,random,,
condition_recombine_pseudolabel__mult_3__sim_0.95__teacher_ridge__seed_0,condition_recombine_pseudolabel,3.0,0.95,ridge,0,158,0,1.0,True,,,,reaction_role_concat,6144,random_forest,False,valid,rmse,15.260755125839381,1,0.05,random,,
condition_recombine_pseudolabel__mult_3__sim_0.95__teacher_ridge__seed_0,condition_recombine_pseudolabel,3.0,0.95,ridge,0,158,0,1.0,True,,,,reaction_role_concat,6144,random_forest,False,valid,mae,11.288566241229637,1,0.05,random,,
condition_recombine_pseudolabel__mult_3__sim_0.95__teacher_ridge__seed_0,condition_recombine_pseudolabel,3.0,0.95,ridge,0,158,0,1.0,True,,,,reaction_role_concat,6144,random_forest,False,valid,r2,0.6802480316018862,1,0.05,random,,
condition_recombine_pseudolabel__mult_3__sim_0.95__teacher_ridge__seed_0,condition_recombine_pseudolabel,3.0,0.95,ridge,0,158,0,1.0,True,,,,reaction_role_concat,6144,random_forest,False,valid,spearman,0.8298677537558153,1,0.05,random,,
condition_recombine_pseudolabel__mult_3__sim_0.95__teacher_ridge__seed_1,condition_recombine_pseudolabel,3.0,0.95,ridge,1,158,0,1.0,True,,,,reaction_role_concat,6144,random_forest,False,valid,rmse,15.260755125839381,1,0.05,random,,
condition_recombine_pseudolabel__mult_3__sim_0.95__teacher_ridge__seed_1,condition_recombine_pseudolabel,3.0,0.95,ridge,1,158,0,1.0,True,,,,reaction_role_concat,6144,random_forest,False,valid,mae,11.288566241229637,1,0.05,random,,
condition_recombine_pseudolabel__mult_3__sim_0.95__teacher_ridge__seed_1,condition_recombine_pseudolabel,3.0,0.95,ridge,1,158,0,1.0,True,,,,reaction_role_concat,6144,random_forest,False,valid,r2,0.6802480316018862,1,0.05,random,,
condition_recombine_pseudolabel__mult_3__sim_0.95__teacher_ridge__seed_1,condition_recombine_pseudolabel,3.0,0.95,ridge,1,158,0,1.0,True,,,,reaction_role_concat,6144,random_forest,False,valid,spearman,0.8298677537558153,1,0.05,random,,
condition_recombine_pseudolabel__mult_3__sim_0.95__teacher_ridge__seed_2,condition_recombine_pseudolabel,3.0,0.95,ridge,2,158,0,1.0,True,,,,reaction_role_concat,6144,random_forest,False,valid,rmse,15.260755125839381,1,0.05,random,,
condition_recombine_pseudolabel__mult_3__sim_0.95__teacher_ridge__seed_2,condition_recombine_pseudolabel,3.0,0.95,ridge,2,158,0,1.0,True,,,,reaction_role_concat,6144,random_forest,False,valid,mae,11.288566241229637,1,0.05,random,,
condition_recombine_pseudolabel__mult_3__sim_0.95__teacher_ridge__seed_2,condition_recombine_pseudolabel,3.0,0.95,ridge,2,158,0,1.0,True,,,,reaction_role_concat,6144,random_forest,False,valid,r2,0.6802480316018862,1,0.05,random,,
condition_recombine_pseudolabel__mult_3__sim_0.95__teacher_ridge__seed_2,condition_recombine_pseudolabel,3.0,0.95,ridge,2,158,0,1.0,True,,,,reaction_role_concat,6144,random_forest,False,valid,spearman,0.8298677537558153,1,0.05,random,,
condition_recombine_pseudolabel__mult_3__sim_0.95__teacher_ridge__seed_3,condition_recombine_pseudolabel,3.0,0.95,ridge,3,158,0,1.0,True,,,,reaction_role_concat,6144,random_forest,False,valid,rmse,15.260755125839381,1,0.05,random,,
condition_recombine_pseudolabel__mult_3__sim_0.95__teacher_ridge__seed_3,condition_recombine_pseudolabel,3.0,0.95,ridge,3,158,0,1.0,True,,,,reaction_role_concat,6144,random_forest,False,valid,mae,11.288566241229637,1,0.05,random,,
condition_recombine_pseudolabel__mult_3__sim_0.95__teacher_ridge__seed_3,condition_recombine_pseudolabel,3.0,0.95,ridge,3,158,0,1.0,True,,,,reaction_role_concat,6144,random_forest,False,valid,r2,0.6802480316018862,1,0.05,random,,
condition_recombine_pseudolabel__mult_3__sim_0.95__teacher_ridge__seed_3,condition_recombine_pseudolabel,3.0,0.95,ridge,3,158,0,1.0,True,,,,reaction_role_concat,6144,random_forest,False,valid,spearman,0.8298677537558153,1,0.05,random,,
condition_recombine_pseudolabel__mult_3__sim_0.95__teacher_ridge__seed_4,condition_recombine_pseudolabel,3.0,0.95,ridge,4,158,0,1.0,True,,,,reaction_role_concat,6144,random_forest,False,valid,rmse,15.260755125839381,1,0.05,random,,
condition_recombine_pseudolabel__mult_3__sim_0.95__teacher_ridge__seed_4,condition_recombine_pseudolabel,3.0,0.95,ridge,4,158,0,1.0,True,,,,reaction_role_concat,6144,random_forest,False,valid,mae,11.288566241229637,1,0.05,random,,
condition_recombine_pseudolabel__mult_3__sim_0.95__teacher_ridge__seed_4,condition_recombine_pseudolabel,3.0,0.95,ridge,4,158,0,1.0,True,,,,reaction_role_concat,6144,random_forest,False,valid,r2,0.6802480316018862,1,0.05,random,,
condition_recombine_pseudolabel__mult_3__sim_0.95__teacher_ridge__seed_4,condition_recombine_pseudolabel,3.0,0.95,ridge,4,158,0,1.0,True,,,,reaction_role_concat,6144,random_forest,False,valid,spearman,0.8298677537558153,1,0.05,random,,
condition_recombine_pseudolabel__mult_3__sim_0.95__teacher_rf__seed_0,condition_recombine_pseudolabel,3.0,0.95,random_forest,0,158,0,1.0,True,,,,reaction_role_concat,6144,random_forest,False,valid,rmse,15.260755125839381,1,0.05,random,,
condition_recombine_pseudolabel__mult_3__sim_0.95__teacher_rf__seed_0,condition_recombine_pseudolabel,3.0,0.95,random_forest,0,158,0,1.0,True,,,,reaction_role_concat,6144,random_forest,False,valid,mae,11.288566241229637,1,0.05,random,,
condition_recombine_pseudolabel__mult_3__sim_0.95__teacher_rf__seed_0,condition_recombine_pseudolabel,3.0,0.95,random_forest,0,158,0,1.0,True,,,,reaction_role_concat,6144,random_forest,False,valid,r2,0.6802480316018862,1,0.05,random,,
condition_recombine_pseudolabel__mult_3__sim_0.95__teacher_rf__seed_0,condition_recombine_pseudolabel,3.0,0.95,random_forest,0,158,0,1.0,True,,,,reaction_role_concat,6144,random_forest,False,valid,spearman,0.8298677537558153,1,0.05,random,,
condition_recombine_pseudolabel__mult_3__sim_0.95__teacher_rf__seed_1,condition_recombine_pseudolabel,3.0,0.95,random_forest,1,158,0,1.0,True,,,,reaction_role_concat,6144,random_forest,False,valid,rmse,15.260755125839381,1,0.05,random,,
condition_recombine_pseudolabel__mult_3__sim_0.95__teacher_rf__seed_1,condition_recombine_pseudolabel,3.0,0.95,random_forest,1,158,0,1.0,True,,,,reaction_role_concat,6144,random_forest,False,valid,mae,11.288566241229637,1,0.05,random,,
condition_recombine_pseudolabel__mult_3__sim_0.95__teacher_rf__seed_1,condition_recombine_pseudolabel,3.0,0.95,random_forest,1,158,0,1.0,True,,,,reaction_role_concat,6144,random_forest,False,valid,r2,0.6802480316018862,1,0.05,random,,
condition_recombine_pseudolabel__mult_3__sim_0.95__teacher_rf__seed_1,condition_recombine_pseudolabel,3.0,0.95,random_forest,1,158,0,1.0,True,,,,reaction_role_concat,6144,random_forest,False,valid,spearman,0.8298677537558153,1,0.05,random,,
condition_recombine_pseudolabel__mult_3__sim_0.95__teacher_rf__seed_2,condition_recombine_pseudolabel,3.0,0.95,random_forest,2,158,0,1.0,True,,,,reaction_role_concat,6144,random_forest,False,valid,rmse,15.260755125839381,1,0.05,random,,
condition_recombine_pseudolabel__mult_3__sim_0.95__teacher_rf__seed_2,condition_recombine_pseudolabel,3.0,0.95,random_forest,2,158,0,1.0,True,,,,reaction_role_concat,6144,random_forest,False,valid,mae,11.288566241229637,1,0.05,random,,
condition_recombine_pseudolabel__mult_3__sim_0.95__teacher_rf__seed_2,condition_recombine_pseudolabel,3.0,0.95,random_forest,2,158,0,1.0,True,,,,reaction_role_concat,6144,random_forest,False,valid,r2,0.6802480316018862,1,0.05,random,,
condition_recombine_pseudolabel__mult_3__sim_0.95__teacher_rf__seed_2,condition_recombine_pseudolabel,3.0,0.95,random_forest,2,158,0,1.0,True,,,,reaction_role_concat,6144,random_forest,False,valid,spearman,0.8298677537558153,1,0.05,random,,
condition_recombine_pseudolabel__mult_3__sim_0.95__teacher_rf__seed_3,condition_recombine_pseudolabel,3.0,0.95,random_forest,3,158,0,1.0,True,,,,reaction_role_concat,6144,random_forest,False,valid,rmse,15.260755125839381,1,0.05,random,,
condition_recombine_pseudolabel__mult_3__sim_0.95__teacher_rf__seed_3,condition_recombine_pseudolabel,3.0,0.95,random_forest,3,158,0,1.0,True,,,,reaction_role_concat,6144,random_forest,False,valid,mae,11.288566241229637,1,0.05,random,,
condition_recombine_pseudolabel__mult_3__sim_0.95__teacher_rf__seed_3,condition_recombine_pseudolabel,3.0,0.95,random_forest,3,158,0,1.0,True,,,,reaction_role_concat,6144,random_forest,False,valid,r2,0.6802480316018862,1,0.05,random,,
condition_recombine_pseudolabel__mult_3__sim_0.95__teacher_rf__seed_3,condition_recombine_pseudolabel,3.0,0.95,random_forest,3,158,0,1.0,True,,,,reaction_role_concat,6144,random_forest,False,valid,spearman,0.8298677537558153,1,0.05,random,,
condition_recombine_pseudolabel__mult_3__sim_0.95__teacher_rf__seed_4,condition_recombine_pseudolabel,3.0,0.95,random_forest,4,158,0,1.0,True,,,,reaction_role_concat,6144,random_forest,False,valid,rmse,15.260755125839381,1,0.05,random,,
condition_recombine_pseudolabel__mult_3__sim_0.95__teacher_rf__seed_4,condition_recombine_pseudolabel,3.0,0.95,random_forest,4,158,0,1.0,True,,,,reaction_role_concat,6144,random_forest,False,valid,mae,11.288566241229637,1,0.05,random,,
condition_recombine_pseudolabel__mult_3__sim_0.95__teacher_rf__seed_4,condition_recombine_pseudolabel,3.0,0.95,random_forest,4,158,0,1.0,True,,,,reaction_role_concat,6144,random_forest,False,valid,r2,0.6802480316018862,1,0.05,random,,
condition_recombine_pseudolabel__mult_3__sim_0.95__teacher_rf__seed_4,condition_recombine_pseudolabel,3.0,0.95,random_forest,4,158,0,1.0,True,,,,reaction_role_concat,6144,random_forest,False,valid,spearman,0.8298677537558153,1,0.05,random,,
condition_recombine_pseudolabel__mult_0.25__sim_0.7__teacher_ridge__seed_0,condition_recombine_pseudolabel,0.25,0.7,ridge,0,316,79,1.25,True,0.8424001840096483,0.7682926654815674,0.85,reaction_role_concat,6144,random_forest,False,valid,rmse,13.96828826263445,2,0.1,random,,
condition_recombine_pseudolabel__mult_0.25__sim_0.7__teacher_ridge__seed_0,condition_recombine_pseudolabel,0.25,0.7,ridge,0,316,79,1.25,True,0.8424001840096483,0.7682926654815674,0.85,reaction_role_concat,6144,random_forest,False,valid,mae,10.591141849946185,2,0.1,random,,
condition_recombine_pseudolabel__mult_0.25__sim_0.7__teacher_ridge__seed_0,condition_recombine_pseudolabel,0.25,0.7,ridge,0,316,79,1.25,True,0.8424001840096483,0.7682926654815674,0.85,reaction_role_concat,6144,random_forest,False,valid,r2,0.7321155176135512,2,0.1,random,,
condition_recombine_pseudolabel__mult_0.25__sim_0.7__teacher_ridge__seed_0,condition_recombine_pseudolabel,0.25,0.7,ridge,0,316,79,1.25,True,0.8424001840096483,0.7682926654815674,0.85,reaction_role_concat,6144,random_forest,False,valid,spearman,0.8617951286095543,2,0.1,random,,
condition_recombine_pseudolabel__mult_0.25__sim_0.7__teacher_ridge__seed_1,condition_recombine_pseudolabel,0.25,0.7,ridge,1,316,79,1.25,True,0.8434420353249654,0.7866666913032532,0.85,reaction_role_concat,6144,random_forest,False,valid,rmse,13.687068073097295,2,0.1,random,,
condition_recombine_pseudolabel__mult_0.25__sim_0.7__teacher_ridge__seed_1,condition_recombine_pseudolabel,0.25,0.7,ridge,1,316,79,1.25,True,0.8434420353249654,0.7866666913032532,0.85,reaction_role_concat,6144,random_forest,False,valid,mae,10.289451632445182,2,0.1,random,,
condition_recombine_pseudolabel__mult_0.25__sim_0.7__teacher_ridge__seed_1,condition_recombine_pseudolabel,0.25,0.7,ridge,1,316,79,1.25,True,0.8434420353249654,0.7866666913032532,0.85,reaction_role_concat,6144,random_forest,False,valid,r2,0.742793444295617,2,0.1,random,,
condition_recombine_pseudolabel__mult_0.25__sim_0.7__teacher_ridge__seed_1,condition_recombine_pseudolabel,0.25,0.7,ridge,1,316,79,1.25,True,0.8434420353249654,0.7866666913032532,0.85,reaction_role_concat,6144,random_forest,False,valid,spearman,0.8683469001046075,2,0.1,random,,
condition_recombine_pseudolabel__mult_0.25__sim_0.7__teacher_ridge__seed_2,condition_recombine_pseudolabel,0.25,0.7,ridge,2,316,79,1.25,True,0.8473853470403934,0.8055555820465088,0.85,reaction_role_concat,6144,random_forest,False,valid,rmse,13.089778524782421,2,0.1,random,,
condition_recombine_pseudolabel__mult_0.25__sim_0.7__teacher_ridge__seed_2,condition_recombine_pseudolabel,0.25,0.7,ridge,2,316,79,1.25,True,0.8473853470403934,0.8055555820465088,0.85,reaction_role_concat,6144,random_forest,False,valid,mae,10.050847912417371,2,0.1,random,,
condition_recombine_pseudolabel__mult_0.25__sim_0.7__teacher_ridge__seed_2,condition_recombine_pseudolabel,0.25,0.7,ridge,2,316,79,1.25,True,0.8473853470403934,0.8055555820465088,0.85,reaction_role_concat,6144,random_forest,False,valid,r2,0.7647520886625732,2,0.1,random,,
condition_recombine_pseudolabel__mult_0.25__sim_0.7__teacher_ridge__seed_2,condition_recombine_pseudolabel,0.25,0.7,ridge,2,316,79,1.25,True,0.8473853470403934,0.8055555820465088,0.85,reaction_role_concat,6144,random_forest,False,valid,spearman,0.8767522741931757,2,0.1,random,,
condition_recombine_pseudolabel__mult_0.25__sim_0.7__teacher_ridge__seed_3,condition_recombine_pseudolabel,0.25,0.7,ridge,3,316,79,1.25,True,0.8443257475201086,0.7866666913032532,0.85,reaction_role_concat,6144,random_forest,False,valid,rmse,13.386092166658432,2,0.1,random,,
condition_recombine_pseudolabel__mult_0.25__sim_0.7__teacher_ridge__seed_3,condition_recombine_pseudolabel,0.25,0.7,ridge,3,316,79,1.25,True,0.8443257475201086,0.7866666913032532,0.85,reaction_role_concat,6144,random_forest,False,valid,mae,10.112448665158093,2,0.1,random,,
condition_recombine_pseudolabel__mult_0.25__sim_0.7__teacher_ridge__seed_3,condition_recombine_pseudolabel,0.25,0.7,ridge,3,316,79,1.25,True,0.8443257475201086,0.7866666913032532,0.85,reaction_role_concat,6144,random_forest,False,valid,r2,0.7539809137895768,2,0.1,random,,
condition_recombine_pseudolabel__mult_0.25__sim_0.7__teacher_ridge__seed_3,condition_recombine_pseudolabel,0.25,0.7,ridge,3,316,79,1.25,True,0.8443257475201086,0.7866666913032532,0.85,reaction_role_concat,6144,random_forest,False,valid,spearman,0.8707905243241705,2,0.1,random,,
condition_recombine_pseudolabel__mult_0.25__sim_0.7__teacher_ridge__seed_4,condition_recombine_pseudolabel,0.25,0.7,ridge,4,316,79,1.25,True,0.8445962352088732,0.7764706015586853,0.85,reaction_role_concat,6144,random_forest,False,valid,rmse,13.511010482623139,2,0.1,random,,
condition_recombine_pseudolabel__mult_0.25__sim_0.7__teacher_ridge__seed_4,condition_recombine_pseudolabel,0.25,0.7,ridge,4,316,79,1.25,True,0.8445962352088732,0.7764706015586853,0.85,reaction_role_concat,6144,random_forest,False,valid,mae,10.05346146966932,2,0.1,random,,
condition_recombine_pseudolabel__mult_0.25__sim_0.7__teacher_ridge__seed_4,condition_recombine_pseudolabel,0.25,0.7,ridge,4,316,79,1.25,True,0.8445962352088732,0.7764706015586853,0.85,reaction_role_concat,6144,random_forest,False,valid,r2,0.749367814518191,2,0.1,random,,
condition_recombine_pseudolabel__mult_0.25__sim_0.7__teacher_ridge__seed_4,condition_recombine_pseudolabel,0.25,0.7,ridge,4,316,79,1.25,True,0.8445962352088732,0.7764706015586853,0.85,reaction_role_concat,6144,random_forest,False,valid,spearman,0.8674791983337593,2,0.1,random,,
condition_recombine_pseudolabel__mult_0.25__sim_0.7__teacher_rf__seed_0,condition_recombine_pseudolabel,0.25,0.7,random_forest,0,316,79,1.25,True,0.8424001840096483,0.7682926654815674,0.85,reaction_role_concat,6144,random_forest,False,valid,rmse,13.36555876615862,2,0.1,random,,
condition_recombine_pseudolabel__mult_0.25__sim_0.7__teacher_rf__seed_0,condition_recombine_pseudolabel,0.25,0.7,random_forest,0,316,79,1.25,True,0.8424001840096483,0.7682926654815674,0.85,reaction_role_concat,6144,random_forest,False,valid,mae,9.951366262550028,2,0.1,random,,
condition_recombine_pseudolabel__mult_0.25__sim_0.7__teacher_rf__seed_0,condition_recombine_pseudolabel,0.25,0.7,random_forest,0,316,79,1.25,True,0.8424001840096483,0.7682926654815674,0.85,reaction_role_concat,6144,random_forest,False,valid,r2,0.7547350896826518,2,0.1,random,,
condition_recombine_pseudolabel__mult_0.25__sim_0.7__teacher_rf__seed_0,condition_recombine_pseudolabel,0.25,0.7,random_forest,0,316,79,1.25,True,0.8424001840096483,0.7682926654815674,0.85,reaction_role_concat,6144,random_forest,False,valid,spearman,0.8721958662631767,2,0.1,random,,
condition_recombine_pseudolabel__mult_0.25__sim_0.7__teacher_rf__seed_1,condition_recombine_pseudolabel,0.25,0.7,random_forest,1,316,79,1.25,True,0.8434420353249654,0.7866666913032532,0.85,reaction_role_concat,6144,random_forest,False,valid,rmse,13.590087309504478,2,0.1,random,,
condition_recombine_pseudolabel__mult_0.25__sim_0.7__teacher_rf__seed_1,condition_recombine_pseudolabel,0.25,0.7,random_forest,1,316,79,1.25,True,0.8434420353249654,0.7866666913032532,0.85,reaction_role_concat,6144,random_forest,False,valid,mae,9.937411591706208,2,0.1,random,,
condition_recombine_pseudolabel__mult_0.25__sim_0.7__teacher_rf__seed_1,condition_recombine_pseudolabel,0.25,0.7,random_forest,1,316,79,1.25,True,0.8434420353249654,0.7866666913032532,0.85,reaction_role_concat,6144,random_forest,False,valid,r2,0.7464254444320927,2,0.1,random,,
condition_recombine_pseudolabel__mult_0.25__sim_0.7__teacher_rf__seed_1,condition_recombine_pseudolabel,0.25,0.7,random_forest,1,316,79,1.25,True,0.8434420353249654,0.7866666913032532,0.85,reaction_role_concat,6144,random_forest,False,valid,spearman,0.8681891715511095,2,0.1,random,,
condition_recombine_pseudolabel__mult_0.25__sim_0.7__teacher_rf__seed_2,condition_recombine_pseudolabel,0.25,0.7,random_forest,2,316,79,1.25,True,0.8473853470403934,0.8055555820465088,0.85,reaction_role_concat,6144,random_forest,False,valid,rmse,13.382737583751712,2,0.1,random,,
condition_recombine_pseudolabel__mult_0.25__sim_0.7__teacher_rf__seed_2,condition_recombine_pseudolabel,0.25,0.7,random_forest,2,316,79,1.25,True,0.8473853470403934,0.8055555820465088,0.85,reaction_role_concat,6144,random_forest,False,valid,mae,9.895144361350543,2,0.1,random,,
condition_recombine_pseudolabel__mult_0.25__sim_0.7__teacher_rf__seed_2,condition_recombine_pseudolabel,0.25,0.7,random_forest,2,316,79,1.25,True,0.8473853470403934,0.8055555820465088,0.85,reaction_role_concat,6144,random_forest,False,valid,r2,0.7541042041421562,2,0.1,random,,
condition_recombine_pseudolabel__mult_0.25__sim_0.7__teacher_rf__seed_2,condition_recombine_pseudolabel,0.25,0.7,random_forest,2,316,79,1.25,True,0.8473853470403934,0.8055555820465088,0.85,reaction_role_concat,6144,random_forest,False,valid,spearman,0.8722100813056524,2,0.1,random,,
condition_recombine_pseudolabel__mult_0.25__sim_0.7__teacher_rf__seed_3,condition_recombine_pseudolabel,0.25,0.7,random_forest,3,316,79,1.25,True,0.8443257475201086,0.7866666913032532,0.85,reaction_role_concat,6144,random_forest,False,valid,rmse,13.476067354668047,2,0.1,random,,
condition_recombine_pseudolabel__mult_0.25__sim_0.7__teacher_rf__seed_3,condition_recombine_pseudolabel,0.25,0.7,random_forest,3,316,79,1.25,True,0.8443257475201086,0.7866666913032532,0.85,reaction_role_concat,6144,random_forest,False,valid,mae,9.843555942223231,2,0.1,random,,
condition_recombine_pseudolabel__mult_0.25__sim_0.7__teacher_rf__seed_3,condition_recombine_pseudolabel,0.25,0.7,random_forest,3,316,79,1.25,True,0.8443257475201086,0.7866666913032532,0.85,reaction_role_concat,6144,random_forest,False,valid,r2,0.7506625433505735,2,0.1,random,,
condition_recombine_pseudolabel__mult_0.25__sim_0.7__teacher_rf__seed_3,condition_recombine_pseudolabel,0.25,0.7,random_forest,3,316,79,1.25,True,0.8443257475201086,0.7866666913032532,0.85,reaction_role_concat,6144,random_forest,False,valid,spearman,0.8689764512323346,2,0.1,random,,
condition_recombine_pseudolabel__mult_0.25__sim_0.7__teacher_rf__seed_4,condition_recombine_pseudolabel,0.25,0.7,random_forest,4,316,79,1.25,True,0.8445962352088732,0.7764706015586853,0.85,reaction_role_concat,6144,random_forest,False,valid,rmse,13.402120156037501,2,0.1,random,,
condition_recombine_pseudolabel__mult_0.25__sim_0.7__teacher_rf__seed_4,condition_recombine_pseudolabel,0.25,0.7,random_forest,4,316,79,1.25,True,0.8445962352088732,0.7764706015586853,0.85,reaction_role_concat,6144,random_forest,False,valid,mae,9.906430683373461,2,0.1,random,,
condition_recombine_pseudolabel__mult_0.25__sim_0.7__teacher_rf__seed_4,condition_recombine_pseudolabel,0.25,0.7,random_forest,4,316,79,1.25,True,0.8445962352088732,0.7764706015586853,0.85,reaction_role_concat,6144,random_forest,False,valid,r2,0.7533914135883031,2,0.1,random,,
condition_recombine_pseudolabel__mult_0.25__sim_0.7__teacher_rf__seed_4,condition_recombine_pseudolabel,0.25,0.7,random_forest,4,316,79,1.25,True,0.8445962352088732,0.7764706015586853,0.85,reaction_role_concat,6144,random_forest,False,valid,spearman,0.8700898979840648,2,0.1,random,,
condition_recombine_pseudolabel__mult_0.25__sim_0.8__teacher_ridge__seed_0,condition_recombine_pseudolabel,0.25,0.8,ridge,0,316,77,1.2436708860759493,True,0.8440756084082961,0.804347813129425,0.85,reaction_role_concat,6144,random_forest,False,valid,rmse,13.81920726723938,2,0.1,random,,
condition_recombine_pseudolabel__mult_0.25__sim_0.8__teacher_ridge__seed_0,condition_recombine_pseudolabel,0.25,0.8,ridge,0,316,77,1.2436708860759493,True,0.8440756084082961,0.804347813129425,0.85,reaction_role_concat,6144,random_forest,False,valid,mae,10.500242334027455,2,0.1,random,,
condition_recombine_pseudolabel__mult_0.25__sim_0.8__teacher_ridge__seed_0,condition_recombine_pseudolabel,0.25,0.8,ridge,0,316,77,1.2436708860759493,True,0.8440756084082961,0.804347813129425,0.85,reaction_role_concat,6144,random_forest,False,valid,r2,0.7378031676853379,2,0.1,random,,
condition_recombine_pseudolabel__mult_0.25__sim_0.8__teacher_ridge__seed_0,condition_recombine_pseudolabel,0.25,0.8,ridge,0,316,77,1.2436708860759493,True,0.8440756084082961,0.804347813129425,0.85,reaction_role_concat,6144,random_forest,False,valid,spearman,0.864265625101195,2,0.1,random,,
condition_recombine_pseudolabel__mult_0.25__sim_0.8__teacher_ridge__seed_1,condition_recombine_pseudolabel,0.25,0.8,ridge,1,316,77,1.2436708860759493,True,0.8447775125503539,0.8012820482254028,0.85,reaction_role_concat,6144,random_forest,False,valid,rmse,13.73592009032462,2,0.1,random,,
condition_recombine_pseudolabel__mult_0.25__sim_0.8__teacher_ridge__seed_1,condition_recombine_pseudolabel,0.25,0.8,ridge,1,316,77,1.2436708860759493,True,0.8447775125503539,0.8012820482254028,0.85,reaction_role_concat,6144,random_forest,False,valid,mae,10.22490367043754,2,0.1,random,,
condition_recombine_pseudolabel__mult_0.25__sim_0.8__teacher_ridge__seed_1,condition_recombine_pseudolabel,0.25,0.8,ridge,1,316,77,1.2436708860759493,True,0.8447775125503539,0.8012820482254028,0.85,reaction_role_concat,6144,random_forest,False,valid,r2,0.7409541193665785,2,0.1,random,,
condition_recombine_pseudolabel__mult_0.25__sim_0.8__teacher_ridge__seed_1,condition_recombine_pseudolabel,0.25,0.8,ridge,1,316,77,1.2436708860759493,True,0.8447775125503539,0.8012820482254028,0.85,reaction_role_concat,6144,random_forest,False,valid,spearman,0.8661406476217282,2,0.1,random,,
condition_recombine_pseudolabel__mult_0.25__sim_0.8__teacher_ridge__seed_2,condition_recombine_pseudolabel,0.25,0.8,ridge,2,316,79,1.25,True,0.8473853470403934,0.8055555820465088,0.85,reaction_role_concat,6144,random_forest,False,valid,rmse,13.089778524782421,2,0.1,random,,
condition_recombine_pseudolabel__mult_0.25__sim_0.8__teacher_ridge__seed_2,condition_recombine_pseudolabel,0.25,0.8,ridge,2,316,79,1.25,True,0.8473853470403934,0.8055555820465088,0.85,reaction_role_concat,6144,random_forest,False,valid,mae,10.050847912417371,2,0.1,random,,
condition_recombine_pseudolabel__mult_0.25__sim_0.8__teacher_ridge__seed_2,condition_recombine_pseudolabel,0.25,0.8,ridge,2,316,79,1.25,True,0.8473853470403934,0.8055555820465088,0.85,reaction_role_concat,6144,random_forest,False,valid,r2,0.7647520886625732,2,0.1,random,,
condition_recombine_pseudolabel__mult_0.25__sim_0.8__teacher_ridge__seed_2,condition_recombine_pseudolabel,0.25,0.8,ridge,2,316,79,1.25,True,0.8473853470403934,0.8055555820465088,0.85,reaction_role_concat,6144,random_forest,False,valid,spearman,0.8767522741931757,2,0.1,random,,
condition_recombine_pseudolabel__mult_0.25__sim_0.8__teacher_ridge__seed_3,condition_recombine_pseudolabel,0.25,0.8,ridge,3,316,78,1.2468354430379747,True,0.8450649661895554,0.8047337532043457,0.85,reaction_role_concat,6144,random_forest,False,valid,rmse,13.557779270886575,2,0.1,random,,
condition_recombine_pseudolabel__mult_0.25__sim_0.8__teacher_ridge__seed_3,condition_recombine_pseudolabel,0.25,0.8,ridge,3,316,78,1.2468354430379747,True,0.8450649661895554,0.8047337532043457,0.85,reaction_role_concat,6144,random_forest,False,valid,mae,10.29903102154464,2,0.1,random,,
condition_recombine_pseudolabel__mult_0.25__sim_0.8__teacher_ridge__seed_3,condition_recombine_pseudolabel,0.25,0.8,ridge,3,316,78,1.2468354430379747,True,0.8450649661895554,0.8047337532043457,0.85,reaction_role_concat,6144,random_forest,False,valid,r2,0.7476296689876483,2,0.1,random,,
condition_recombine_pseudolabel__mult_0.25__sim_0.8__teacher_ridge__seed_3,condition_recombine_pseudolabel,0.25,0.8,ridge,3,316,78,1.2468354430379747,True,0.8450649661895554,0.8047337532043457,0.85,reaction_role_concat,6144,random_forest,False,valid,spearman,0.8677685620751149,2,0.1,random,,
condition_recombine_pseudolabel__mult_0.25__sim_0.8__teacher_ridge__seed_4,condition_recombine_pseudolabel,0.25,0.8,ridge,4,316,78,1.2468354430379747,True,0.8454696407684912,0.8027210831642151,0.85,reaction_role_concat,6144,random_forest,False,valid,rmse,13.348760247671647,2,0.1,random,,
condition_recombine_pseudolabel__mult_0.25__sim_0.8__teacher_ridge__seed_4,condition_recombine_pseudolabel,0.25,0.8,ridge,4,316,78,1.2468354430379747,True,0.8454696407684912,0.8027210831642151,0.85,reaction_role_concat,6144,random_forest,False,valid,mae,9.940788288590085,2,0.1,random,,
condition_recombine_pseudolabel__mult_0.25__sim_0.8__teacher_ridge__seed_4,condition_recombine_pseudolabel,0.25,0.8,ridge,4,316,78,1.2468354430379747,True,0.8454696407684912,0.8027210831642151,0.85,reaction_role_concat,6144,random_forest,False,valid,r2,0.7553512252343331,2,0.1,random,,
condition_recombine_pseudolabel__mult_0.25__sim_0.8__teacher_ridge__seed_4,condition_recombine_pseudolabel,0.25,0.8,ridge,4,316,78,1.2468354430379747,True,0.8454696407684912,0.8027210831642151,0.85,reaction_role_concat,6144,random_forest,False,valid,spearman,0.8706604469491871,2,0.1,random,,
condition_recombine_pseudolabel__mult_0.25__sim_0.8__teacher_rf__seed_0,condition_recombine_pseudolabel,0.25,0.8,random_forest,0,316,77,1.2436708860759493,True,0.8440756084082961,0.804347813129425,0.85,reaction_role_concat,6144,random_forest,False,valid,rmse,13.545484509548242,2,0.1,random,,
condition_recombine_pseudolabel__mult_0.25__sim_0.8__teacher_rf__seed_0,condition_recombine_pseudolabel,0.25,0.8,random_forest,0,316,77,1.2436708860759493,True,0.8440756084082961,0.804347813129425,0.85,reaction_role_concat,6144,random_forest,False,valid,mae,10.08441741528447,2,0.1,random,,
condition_recombine_pseudolabel__mult_0.25__sim_0.8__teacher_rf__seed_0,condition_recombine_pseudolabel,0.25,0.8,random_forest,0,316,77,1.2436708860759493,True,0.8440756084082961,0.804347813129425,0.85,reaction_role_concat,6144,random_forest,False,valid,r2,0.7480871813924952,2,0.1,random,,
condition_recombine_pseudolabel__mult_0.25__sim_0.8__teacher_rf__seed_0,condition_recombine_pseudolabel,0.25,0.8,random_forest,0,316,77,1.2436708860759493,True,0.8440756084082961,0.804347813129425,0.85,reaction_role_concat,6144,random_forest,False,valid,spearman,0.8714921242973226,2,0.1,random,,
condition_recombine_pseudolabel__mult_0.25__sim_0.8__teacher_rf__seed_1,condition_recombine_pseudolabel,0.25,0.8,random_forest,1,316,77,1.2436708860759493,True,0.8447775125503539,0.8012820482254028,0.85,reaction_role_concat,6144,random_forest,False,valid,rmse,13.500614359897991,2,0.1,random,,
condition_recombine_pseudolabel__mult_0.25__sim_0.8__teacher_rf__seed_1,condition_recombine_pseudolabel,0.25,0.8,random_forest,1,316,77,1.2436708860759493,True,0.8447775125503539,0.8012820482254028,0.85,reaction_role_concat,6144,random_forest,False,valid,mae,9.88650927691652,2,0.1,random,,
condition_recombine_pseudolabel__mult_0.25__sim_0.8__teacher_rf__seed_1,condition_recombine_pseudolabel,0.25,0.8,random_forest,1,316,77,1.2436708860759493,True,0.8447775125503539,0.8012820482254028,0.85,reaction_role_concat,6144,random_forest,False,valid,r2,0.7497533668075023,2,0.1,random,,
condition_recombine_pseudolabel__mult_0.25__sim_0.8__teacher_rf__seed_1,condition_recombine_pseudolabel,0.25,0.8,random_forest,1,316,77,1.2436708860759493,True,0.8447775125503539,0.8012820482254028,0.85,reaction_role_concat,6144,random_forest,False,valid,spearman,0.8687293431651877,2,0.1,random,,
condition_recombine_pseudolabel__mult_0.25__sim_0.8__teacher_rf__seed_2,condition_recombine_pseudolabel,0.25,0.8,random_forest,2,316,79,1.25,True,0.8473853470403934,0.8055555820465088,0.85,reaction_role_concat,6144,random_forest,False,valid,rmse,13.382737583751712,2,0.1,random,,
condition_recombine_pseudolabel__mult_0.25__sim_0.8__teacher_rf__seed_2,condition_recombine_pseudolabel,0.25,0.8,random_forest,2,316,79,1.25,True,0.8473853470403934,0.8055555820465088,0.85,reaction_role_concat,6144,random_forest,False,valid,mae,9.895144361350543,2,0.1,random,,
condition_recombine_pseudolabel__mult_0.25__sim_0.8__teacher_rf__seed_2,condition_recombine_pseudolabel,0.25,0.8,random_forest,2,316,79,1.25,True,0.8473853470403934,0.8055555820465088,0.85,reaction_role_concat,6144,random_forest,False,valid,r2,0.7541042041421562,2,0.1,random,,
condition_recombine_pseudolabel__mult_0.25__sim_0.8__teacher_rf__seed_2,condition_recombine_pseudolabel,0.25,0.8,random_forest,2,316,79,1.25,True,0.8473853470403934,0.8055555820465088,0.85,reaction_role_concat,6144,random_forest,False,valid,spearman,0.8722100813056524,2,0.1,random,,
condition_recombine_pseudolabel__mult_0.25__sim_0.8__teacher_rf__seed_3,condition_recombine_pseudolabel,0.25,0.8,random_forest,3,316,78,1.2468354430379747,True,0.8450649661895554,0.8047337532043457,0.85,reaction_role_concat,6144,random_forest,False,valid,rmse,13.429604820491326,2,0.1,random,,
condition_recombine_pseudolabel__mult_0.25__sim_0.8__teacher_rf__seed_3,condition_recombine_pseudolabel,0.25,0.8,random_forest,3,316,78,1.2468354430379747,True,0.8450649661895554,0.8047337532043457,0.85,reaction_role_concat,6144,random_forest,False,valid,mae,9.843111216520585,2,0.1,random,,
condition_recombine_pseudolabel__mult_0.25__sim_0.8__teacher_rf__seed_3,condition_recombine_pseudolabel,0.25,0.8,random_forest,3,316,78,1.2468354430379747,True,0.8450649661895554,0.8047337532043457,0.85,reaction_role_concat,6144,random_forest,False,valid,r2,0.7523789015107808,2,0.1,random,,
condition_recombine_pseudolabel__mult_0.25__sim_0.8__teacher_rf__seed_3,condition_recombine_pseudolabel,0.25,0.8,random_forest,3,316,78,1.2468354430379747,True,0.8450649661895554,0.8047337532043457,0.85,reaction_role_concat,6144,random_forest,False,valid,spearman,0.8706349377633743,2,0.1,random,,
condition_recombine_pseudolabel__mult_0.25__sim_0.8__teacher_rf__seed_4,condition_recombine_pseudolabel,0.25,0.8,random_forest,4,316,78,1.2468354430379747,True,0.8454696407684912,0.8027210831642151,0.85,reaction_role_concat,6144,random_forest,False,valid,rmse,13.465707930107977,2,0.1,random,,
condition_recombine_pseudolabel__mult_0.25__sim_0.8__teacher_rf__seed_4,condition_recombine_pseudolabel,0.25,0.8,random_forest,4,316,78,1.2468354430379747,True,0.8454696407684912,0.8027210831642151,0.85,reaction_role_concat,6144,random_forest,False,valid,mae,9.886823316196852,2,0.1,random,,
condition_recombine_pseudolabel__mult_0.25__sim_0.8__teacher_rf__seed_4,condition_recombine_pseudolabel,0.25,0.8,random_forest,4,316,78,1.2468354430379747,True,0.8454696407684912,0.8027210831642151,0.85,reaction_role_concat,6144,random_forest,False,valid,r2,0.7510457411627243,2,0.1,random,,
condition_recombine_pseudolabel__mult_0.25__sim_0.8__teacher_rf__seed_4,condition_recombine_pseudolabel,0.25,0.8,random_forest,4,316,78,1.2468354430379747,True,0.8454696407684912,0.8027210831642151,0.85,reaction_role_concat,6144,random_forest,False,valid,spearman,0.8699611836953459,2,0.1,random,,
condition_recombine_pseudolabel__mult_0.25__sim_0.85__teacher_ridge__seed_0,condition_recombine_pseudolabel,0.25,0.85,ridge,0,316,53,1.1677215189873418,True,0.8500000000000001,0.85,0.85,reaction_role_concat,6144,random_forest,False,valid,rmse,13.622727951863194,2,0.1,random,,
condition_recombine_pseudolabel__mult_0.25__sim_0.85__teacher_ridge__seed_0,condition_recombine_pseudolabel,0.25,0.85,ridge,0,316,53,1.1677215189873418,True,0.8500000000000001,0.85,0.85,reaction_role_concat,6144,random_forest,False,valid,mae,10.264937922618246,2,0.1,random,,
condition_recombine_pseudolabel__mult_0.25__sim_0.85__teacher_ridge__seed_0,condition_recombine_pseudolabel,0.25,0.85,ridge,0,316,53,1.1677215189873418,True,0.8500000000000001,0.85,0.85,reaction_role_concat,6144,random_forest,False,valid,r2,0.7452059120133951,2,0.1,random,,
condition_recombine_pseudolabel__mult_0.25__sim_0.85__teacher_ridge__seed_0,condition_recombine_pseudolabel,0.25,0.85,ridge,0,316,53,1.1677215189873418,True,0.8500000000000001,0.85,0.85,reaction_role_concat,6144,random_forest,False,valid,spearman,0.8705632783711679,2,0.1,random,,
condition_recombine_pseudolabel__mult_0.25__sim_0.85__teacher_ridge__seed_1,condition_recombine_pseudolabel,0.25,0.85,ridge,1,316,61,1.1930379746835442,True,0.85,0.85,0.85,reaction_role_concat,6144,random_forest,False,valid,rmse,13.458245285288317,2,0.1,random,,
condition_recombine_pseudolabel__mult_0.25__sim_0.85__teacher_ridge__seed_1,condition_recombine_pseudolabel,0.25,0.85,ridge,1,316,61,1.1930379746835442,True,0.85,0.85,0.85,reaction_role_concat,6144,random_forest,False,valid,mae,10.041583094050237,2,0.1,random,,
condition_recombine_pseudolabel__mult_0.25__sim_0.85__teacher_ridge__seed_1,condition_recombine_pseudolabel,0.25,0.85,ridge,1,316,61,1.1930379746835442,True,0.85,0.85,0.85,reaction_role_concat,6144,random_forest,False,valid,r2,0.7513216037331791,2,0.1,random,,
condition_recombine_pseudolabel__mult_0.25__sim_0.85__teacher_ridge__seed_1,condition_recombine_pseudolabel,0.25,0.85,ridge,1,316,61,1.1930379746835442,True,0.85,0.85,0.85,reaction_role_concat,6144,random_forest,False,valid,spearman,0.8697082338299215,2,0.1,random,,
condition_recombine_pseudolabel__mult_0.25__sim_0.85__teacher_ridge__seed_2,condition_recombine_pseudolabel,0.25,0.85,ridge,2,316,62,1.1962025316455696,True,0.8500000000000001,0.85,0.85,reaction_role_concat,6144,random_forest,False,valid,rmse,13.153437589865911,2,0.1,random,,
condition_recombine_pseudolabel__mult_0.25__sim_0.85__teacher_ridge__seed_2,condition_recombine_pseudolabel,0.25,0.85,ridge,2,316,62,1.1962025316455696,True,0.8500000000000001,0.85,0.85,reaction_role_concat,6144,random_forest,False,valid,mae,10.051522072630968,2,0.1,random,,
condition_recombine_pseudolabel__mult_0.25__sim_0.85__teacher_ridge__seed_2,condition_recombine_pseudolabel,0.25,0.85,ridge,2,316,62,1.1962025316455696,True,0.8500000000000001,0.85,0.85,reaction_role_concat,6144,random_forest,False,valid,r2,0.762458378745521,2,0.1,random,,
condition_recombine_pseudolabel__mult_0.25__sim_0.85__teacher_ridge__seed_2,condition_recombine_pseudolabel,0.25,0.85,ridge,2,316,62,1.1962025316455696,True,0.8500000000000001,0.85,0.85,reaction_role_concat,6144,random_forest,False,valid,spearman,0.8774242757217207,2,0.1,random,,
condition_recombine_pseudolabel__mult_0.25__sim_0.85__teacher_ridge__seed_3,condition_recombine_pseudolabel,0.25,0.85,ridge,3,316,58,1.1835443037974684,True,0.85,0.85,0.85,reaction_role_concat,6144,random_forest,False,valid,rmse,13.290710252514106,2,0.1,random,,
condition_recombine_pseudolabel__mult_0.25__sim_0.85__teacher_ridge__seed_3,condition_recombine_pseudolabel,0.25,0.85,ridge,3,316,58,1.1835443037974684,True,0.85,0.85,0.85,reaction_role_concat,6144,random_forest,False,valid,mae,10.09309632710094,2,0.1,random,,
condition_recombine_pseudolabel__mult_0.25__sim_0.85__teacher_ridge__seed_3,condition_recombine_pseudolabel,0.25,0.85,ridge,3,316,58,1.1835443037974684,True,0.85,0.85,0.85,reaction_role_concat,6144,random_forest,False,valid,r2,0.757474415700618,2,0.1,random,,
condition_recombine_pseudolabel__mult_0.25__sim_0.85__teacher_ridge__seed_3,condition_recombine_pseudolabel,0.25,0.85,ridge,3,316,58,1.1835443037974684,True,0.85,0.85,0.85,reaction_role_concat,6144,random_forest,False,valid,spearman,0.873933606524184,2,0.1,random,,
condition_recombine_pseudolabel__mult_0.25__sim_0.85__teacher_ridge__seed_4,condition_recombine_pseudolabel,0.25,0.85,ridge,4,316,62,1.1962025316455696,True,0.8500000000000001,0.85,0.85,reaction_role_concat,6144,random_forest,False,valid,rmse,13.544019367680752,2,0.1,random,,
condition_recombine_pseudolabel__mult_0.25__sim_0.85__teacher_ridge__seed_4,condition_recombine_pseudolabel,0.25,0.85,ridge,4,316,62,1.1962025316455696,True,0.8500000000000001,0.85,0.85,reaction_role_concat,6144,random_forest,False,valid,mae,9.97625504373448,2,0.1,random,,
condition_recombine_pseudolabel__mult_0.25__sim_0.85__teacher_ridge__seed_4,condition_recombine_pseudolabel,0.25,0.85,ridge,4,316,62,1.1962025316455696,True,0.8500000000000001,0.85,0.85,reaction_role_concat,6144,random_forest,False,valid,r2,0.7481416745420183,2,0.1,random,,
condition_recombine_pseudolabel__mult_0.25__sim_0.85__teacher_ridge__seed_4,condition_recombine_pseudolabel,0.25,0.85,ridge,4,316,62,1.1962025316455696,True,0.8500000000000001,0.85,0.85,reaction_role_concat,6144,random_forest,False,valid,spearman,0.8668227749339547,2,0.1,random,,
condition_recombine_pseudolabel__mult_0.25__sim_0.85__teacher_rf__seed_0,condition_recombine_pseudolabel,0.25,0.85,random_forest,0,316,53,1.1677215189873418,True,0.8500000000000001,0.85,0.85,reaction_role_concat,6144,random_forest,False,valid,rmse,13.424459848768196,2,0.1,random,,
condition_recombine_pseudolabel__mult_0.25__sim_0.85__teacher_rf__seed_0,condition_recombine_pseudolabel,0.25,0.85,random_forest,0,316,53,1.1677215189873418,True,0.8500000000000001,0.85,0.85,reaction_role_concat,6144,random_forest,False,valid,mae,9.910193412820748,2,0.1,random,,
condition_recombine_pseudolabel__mult_0.25__sim_0.85__teacher_rf__seed_0,condition_recombine_pseudolabel,0.25,0.85,random_forest,0,316,53,1.1677215189873418,True,0.8500000000000001,0.85,0.85,reaction_role_concat,6144,random_forest,False,valid,r2,0.752568595776122,2,0.1,random,,
condition_recombine_pseudolabel__mult_0.25__sim_0.85__teacher_rf__seed_0,condition_recombine_pseudolabel,0.25,0.85,random_forest,0,316,53,1.1677215189873418,True,0.8500000000000001,0.85,0.85,reaction_role_concat,6144,random_forest,False,valid,spearman,0.8726741148155113,2,0.1,random,,
condition_recombine_pseudolabel__mult_0.25__sim_0.85__teacher_rf__seed_1,condition_recombine_pseudolabel,0.25,0.85,random_forest,1,316,61,1.1930379746835442,True,0.85,0.85,0.85,reaction_role_concat,6144,random_forest,False,valid,rmse,13.523509159451098,2,0.1,random,,
condition_recombine_pseudolabel__mult_0.25__sim_0.85__teacher_rf__seed_1,condition_recombine_pseudolabel,0.25,0.85,random_forest,1,316,61,1.1930379746835442,True,0.85,0.85,0.85,reaction_role_concat,6144,random_forest,False,valid,mae,9.889756200000265,2,0.1,random,,
condition_recombine_pseudolabel__mult_0.25__sim_0.85__teacher_rf__seed_1,condition_recombine_pseudolabel,0.25,0.85,random_forest,1,316,61,1.1930379746835442,True,0.85,0.85,0.85,reaction_role_concat,6144,random_forest,False,valid,r2,0.748903893685325,2,0.1,random,,
condition_recombine_pseudolabel__mult_0.25__sim_0.85__teacher_rf__seed_1,condition_recombine_pseudolabel,0.25,0.85,random_forest,1,316,61,1.1930379746835442,True,0.85,0.85,0.85,reaction_role_concat,6144,random_forest,False,valid,spearman,0.8695927609506321,2,0.1,random,,
condition_recombine_pseudolabel__mult_0.25__sim_0.85__teacher_rf__seed_2,condition_recombine_pseudolabel,0.25,0.85,random_forest,2,316,62,1.1962025316455696,True,0.8500000000000001,0.85,0.85,reaction_role_concat,6144,random_forest,False,valid,rmse,13.54539707453435,2,0.1,random,,
condition_recombine_pseudolabel__mult_0.25__sim_0.85__teacher_rf__seed_2,condition_recombine_pseudolabel,0.25,0.85,random_forest,2,316,62,1.1962025316455696,True,0.8500000000000001,0.85,0.85,reaction_role_concat,6144,random_forest,False,valid,mae,9.9535879132659,2,0.1,random,,
condition_recombine_pseudolabel__mult_0.25__sim_0.85__teacher_rf__seed_2,condition_recombine_pseudolabel,0.25,0.85,random_forest,2,316,62,1.1962025316455696,True,0.8500000000000001,0.85,0.85,reaction_role_concat,6144,random_forest,False,valid,r2,0.748090433535996,2,0.1,random,,
condition_recombine_pseudolabel__mult_0.25__sim_0.85__teacher_rf__seed_2,condition_recombine_pseudolabel,0.25,0.85,random_forest,2,316,62,1.1962025316455696,True,0.8500000000000001,0.85,0.85,reaction_role_concat,6144,random_forest,False,valid,spearman,0.8703905558687572,2,0.1,random,,
condition_recombine_pseudolabel__mult_0.25__sim_0.85__teacher_rf__seed_3,condition_recombine_pseudolabel,0.25,0.85,random_forest,3,316,58,1.1835443037974684,True,0.85,0.85,0.85,reaction_role_concat,6144,random_forest,False,valid,rmse,13.203710382173904,2,0.1,random,,
condition_recombine_pseudolabel__mult_0.25__sim_0.85__teacher_rf__seed_3,condition_recombine_pseudolabel,0.25,0.85,random_forest,3,316,58,1.1835443037974684,True,0.85,0.85,0.85,reaction_role_concat,6144,random_forest,False,valid,mae,9.754164155342156,2,0.1,random,,
condition_recombine_pseudolabel__mult_0.25__sim_0.85__teacher_rf__seed_3,condition_recombine_pseudolabel,0.25,0.85,random_forest,3,316,58,1.1835443037974684,True,0.85,0.85,0.85,reaction_role_concat,6144,random_forest,False,valid,r2,0.7606391278306911,2,0.1,random,,
condition_recombine_pseudolabel__mult_0.25__sim_0.85__teacher_rf__seed_3,condition_recombine_pseudolabel,0.25,0.85,random_forest,3,316,58,1.1835443037974684,True,0.85,0.85,0.85,reaction_role_concat,6144,random_forest,False,valid,spearman,0.8749777306030188,2,0.1,random,,
condition_recombine_pseudolabel__mult_0.25__sim_0.85__teacher_rf__seed_4,condition_recombine_pseudolabel,0.25,0.85,random_forest,4,316,62,1.1962025316455696,True,0.8500000000000001,0.85,0.85,reaction_role_concat,6144,random_forest,False,valid,rmse,13.531279738219347,2,0.1,random,,
condition_recombine_pseudolabel__mult_0.25__sim_0.85__teacher_rf__seed_4,condition_recombine_pseudolabel,0.25,0.85,random_forest,4,316,62,1.1962025316455696,True,0.8500000000000001,0.85,0.85,reaction_role_concat,6144,random_forest,False,valid,mae,9.933953662665774,2,0.1,random,,
condition_recombine_pseudolabel__mult_0.25__sim_0.85__teacher_rf__seed_4,condition_recombine_pseudolabel,0.25,0.85,random_forest,4,316,62,1.1962025316455696,True,0.8500000000000001,0.85,0.85,reaction_role_concat,6144,random_forest,False,valid,r2,0.748615252236388,2,0.1,random,,
condition_recombine_pseudolabel__mult_0.25__sim_0.85__teacher_rf__seed_4,condition_recombine_pseudolabel,0.25,0.85,random_forest,4,316,62,1.1962025316455696,True,0.8500000000000001,0.85,0.85,reaction_role_concat,6144,random_forest,False,valid,spearman,0.8685054075645424,2,0.1,random,,
condition_recombine_pseudolabel__mult_0.25__sim_0.9__teacher_ridge__seed_0,condition_recombine_pseudolabel,0.25,0.9,ridge,0,316,25,1.0791139240506329,True,0.85,0.85,0.85,reaction_role_concat,6144,random_forest,False,valid,rmse,13.514819944307176,2,0.1,random,,
condition_recombine_pseudolabel__mult_0.25__sim_0.9__teacher_ridge__seed_0,condition_recombine_pseudolabel,0.25,0.9,ridge,0,316,25,1.0791139240506329,True,0.85,0.85,0.85,reaction_role_concat,6144,random_forest,False,valid,mae,10.124481476906734,2,0.1,random,,
condition_recombine_pseudolabel__mult_0.25__sim_0.9__teacher_ridge__seed_0,condition_recombine_pseudolabel,0.25,0.9,ridge,0,316,25,1.0791139240506329,True,0.85,0.85,0.85,reaction_role_concat,6144,random_forest,False,valid,r2,0.7492264619067085,2,0.1,random,,
condition_recombine_pseudolabel__mult_0.25__sim_0.9__teacher_ridge__seed_0,condition_recombine_pseudolabel,0.25,0.9,ridge,0,316,25,1.0791139240506329,True,0.85,0.85,0.85,reaction_role_concat,6144,random_forest,False,valid,spearman,0.8711801722692932,2,0.1,random,,
condition_recombine_pseudolabel__mult_0.25__sim_0.9__teacher_ridge__seed_1,condition_recombine_pseudolabel,0.25,0.9,ridge,1,316,29,1.0917721518987342,True,0.8500000000000002,0.85,0.85,reaction_role_concat,6144,random_forest,False,valid,rmse,13.254677889341718,2,0.1,random,,
condition_recombine_pseudolabel__mult_0.25__sim_0.9__teacher_ridge__seed_1,condition_recombine_pseudolabel,0.25,0.9,ridge,1,316,29,1.0917721518987342,True,0.8500000000000002,0.85,0.85,reaction_role_concat,6144,random_forest,False,valid,mae,9.82735685561654,2,0.1,random,,
condition_recombine_pseudolabel__mult_0.25__sim_0.9__teacher_ridge__seed_1,condition_recombine_pseudolabel,0.25,0.9,ridge,1,316,29,1.0917721518987342,True,0.8500000000000002,0.85,0.85,reaction_role_concat,6144,random_forest,False,valid,r2,0.7587876523829988,2,0.1,random,,
condition_recombine_pseudolabel__mult_0.25__sim_0.9__teacher_ridge__seed_1,condition_recombine_pseudolabel,0.25,0.9,ridge,1,316,29,1.0917721518987342,True,0.8500000000000002,0.85,0.85,reaction_role_concat,6144,random_forest,False,valid,spearman,0.8780178024267353,2,0.1,random,,
condition_recombine_pseudolabel__mult_0.25__sim_0.9__teacher_ridge__seed_2,condition_recombine_pseudolabel,0.25,0.9,ridge,2,316,24,1.0759493670886076,True,0.85,0.85,0.85,reaction_role_concat,6144,random_forest,True,valid,rmse,13.077182498608648,2,0.1,random,,
condition_recombine_pseudolabel__mult_0.25__sim_0.9__teacher_ridge__seed_2,condition_recombine_pseudolabel,0.25,0.9,ridge,2,316,24,1.0759493670886076,True,0.85,0.85,0.85,reaction_role_concat,6144,random_forest,True,valid,mae,9.747691178676261,2,0.1,random,,
condition_recombine_pseudolabel__mult_0.25__sim_0.9__teacher_ridge__seed_2,condition_recombine_pseudolabel,0.25,0.9,ridge,2,316,24,1.0759493670886076,True,0.85,0.85,0.85,reaction_role_concat,6144,random_forest,True,valid,r2,0.7652046193352519,2,0.1,random,,
condition_recombine_pseudolabel__mult_0.25__sim_0.9__teacher_ridge__seed_2,condition_recombine_pseudolabel,0.25,0.9,ridge,2,316,24,1.0759493670886076,True,0.85,0.85,0.85,reaction_role_concat,6144,random_forest,True,valid,spearman,0.8803644527948886,2,0.1,random,,
condition_recombine_pseudolabel__mult_0.25__sim_0.9__teacher_ridge__seed_3,condition_recombine_pseudolabel,0.25,0.9,ridge,3,316,28,1.0886075949367089,True,0.8500000000000002,0.85,0.85,reaction_role_concat,6144,random_forest,False,valid,rmse,13.295013807639073,2,0.1,random,,
condition_recombine_pseudolabel__mult_0.25__sim_0.9__teacher_ridge__seed_3,condition_recombine_pseudolabel,0.25,0.9,ridge,3,316,28,1.0886075949367089,True,0.8500000000000002,0.85,0.85,reaction_role_concat,6144,random_forest,False,valid,mae,10.017461739758902,2,0.1,random,,
condition_recombine_pseudolabel__mult_0.25__sim_0.9__teacher_ridge__seed_3,condition_recombine_pseudolabel,0.25,0.9,ridge,3,316,28,1.0886075949367089,True,0.8500000000000002,0.85,0.85,reaction_role_concat,6144,random_forest,False,valid,r2,0.7573173298593122,2,0.1,random,,
condition_recombine_pseudolabel__mult_0.25__sim_0.9__teacher_ridge__seed_3,condition_recombine_pseudolabel,0.25,0.9,ridge,3,316,28,1.0886075949367089,True,0.8500000000000002,0.85,0.85,reaction_role_concat,6144,random_forest,False,valid,spearman,0.8727177335759847,2,0.1,random,,
condition_recombine_pseudolabel__mult_0.25__sim_0.9__teacher_ridge__seed_4,condition_recombine_pseudolabel,0.25,0.9,ridge,4,316,31,1.0981012658227849,True,0.8500000000000003,0.85,0.85,reaction_role_concat,6144,random_forest,False,valid,rmse,13.372201275926189,2,0.1,random,,
condition_recombine_pseudolabel__mult_0.25__sim_0.9__teacher_ridge__seed_4,condition_recombine_pseudolabel,0.25,0.9,ridge,4,316,31,1.0981012658227849,True,0.8500000000000003,0.85,0.85,reaction_role_concat,6144,random_forest,False,valid,mae,9.935850585839416,2,0.1,random,,
condition_recombine_pseudolabel__mult_0.25__sim_0.9__teacher_ridge__seed_4,condition_recombine_pseudolabel,0.25,0.9,ridge,4,316,31,1.0981012658227849,True,0.8500000000000003,0.85,0.85,reaction_role_concat,6144,random_forest,False,valid,r2,0.7544912421293583,2,0.1,random,,
condition_recombine_pseudolabel__mult_0.25__sim_0.9__teacher_ridge__seed_4,condition_recombine_pseudolabel,0.25,0.9,ridge,4,316,31,1.0981012658227849,True,0.8500000000000003,0.85,0.85,reaction_role_concat,6144,random_forest,False,valid,spearman,0.869375640781311,2,0.1,random,,
condition_recombine_pseudolabel__mult_0.25__sim_0.9__teacher_rf__seed_0,condition_recombine_pseudolabel,0.25,0.9,random_forest,0,316,25,1.0791139240506329,True,0.85,0.85,0.85,reaction_role_concat,6144,random_forest,False,valid,rmse,13.263127302901491,2,0.1,random,,
condition_recombine_pseudolabel__mult_0.25__sim_0.9__teacher_rf__seed_0,condition_recombine_pseudolabel,0.25,0.9,random_forest,0,316,25,1.0791139240506329,True,0.85,0.85,0.85,reaction_role_concat,6144,random_forest,False,valid,mae,9.79379685849668,2,0.1,random,,
condition_recombine_pseudolabel__mult_0.25__sim_0.9__teacher_rf__seed_0,condition_recombine_pseudolabel,0.25,0.9,random_forest,0,316,25,1.0791139240506329,True,0.85,0.85,0.85,reaction_role_concat,6144,random_forest,False,valid,r2,0.7584800247651948,2,0.1,random,,
condition_recombine_pseudolabel__mult_0.25__sim_0.9__teacher_rf__seed_0,condition_recombine_pseudolabel,0.25,0.9,random_forest,0,316,25,1.0791139240506329,True,0.85,0.85,0.85,reaction_role_concat,6144,random_forest,False,valid,spearman,0.8758567265172038,2,0.1,random,,
condition_recombine_pseudolabel__mult_0.25__sim_0.9__teacher_rf__seed_1,condition_recombine_pseudolabel,0.25,0.9,random_forest,1,316,29,1.0917721518987342,True,0.8500000000000002,0.85,0.85,reaction_role_concat,6144,random_forest,False,valid,rmse,13.298824236731289,2,0.1,random,,
condition_recombine_pseudolabel__mult_0.25__sim_0.9__teacher_rf__seed_1,condition_recombine_pseudolabel,0.25,0.9,random_forest,1,316,29,1.0917721518987342,True,0.8500000000000002,0.85,0.85,reaction_role_concat,6144,random_forest,False,valid,mae,9.785402883218248,2,0.1,random,,
condition_recombine_pseudolabel__mult_0.25__sim_0.9__teacher_rf__seed_1,condition_recombine_pseudolabel,0.25,0.9,random_forest,1,316,29,1.0917721518987342,True,0.8500000000000002,0.85,0.85,reaction_role_concat,6144,random_forest,False,valid,r2,0.7571782013656247,2,0.1,random,,
condition_recombine_pseudolabel__mult_0.25__sim_0.9__teacher_rf__seed_1,condition_recombine_pseudolabel,0.25,0.9,random_forest,1,316,29,1.0917721518987342,True,0.8500000000000002,0.85,0.85,reaction_role_concat,6144,random_forest,False,valid,spearman,0.8771259545563393,2,0.1,random,,
condition_recombine_pseudolabel__mult_0.25__sim_0.9__teacher_rf__seed_2,condition_recombine_pseudolabel,0.25,0.9,random_forest,2,316,24,1.0759493670886076,True,0.85,0.85,0.85,reaction_role_concat,6144,random_forest,False,valid,rmse,13.34922298155622,2,0.1,random,,
condition_recombine_pseudolabel__mult_0.25__sim_0.9__teacher_rf__seed_2,condition_recombine_pseudolabel,0.25,0.9,random_forest,2,316,24,1.0759493670886076,True,0.85,0.85,0.85,reaction_role_concat,6144,random_forest,False,valid,mae,9.808685351687897,2,0.1,random,,
condition_recombine_pseudolabel__mult_0.25__sim_0.9__teacher_rf__seed_2,condition_recombine_pseudolabel,0.25,0.9,random_forest,2,316,24,1.0759493670886076,True,0.85,0.85,0.85,reaction_role_concat,6144,random_forest,False,valid,r2,0.7553342634733958,2,0.1,random,,
condition_recombine_pseudolabel__mult_0.25__sim_0.9__teacher_rf__seed_2,condition_recombine_pseudolabel,0.25,0.9,random_forest,2,316,24,1.0759493670886076,True,0.85,0.85,0.85,reaction_role_concat,6144,random_forest,False,valid,spearman,0.8744077658177242,2,0.1,random,,
condition_recombine_pseudolabel__mult_0.25__sim_0.9__teacher_rf__seed_3,condition_recombine_pseudolabel,0.25,0.9,random_forest,3,316,28,1.0886075949367089,True,0.8500000000000002,0.85,0.85,reaction_role_concat,6144,random_forest,False,valid,rmse,13.280471603140235,2,0.1,random,,
condition_recombine_pseudolabel__mult_0.25__sim_0.9__teacher_rf__seed_3,condition_recombine_pseudolabel,0.25,0.9,random_forest,3,316,28,1.0886075949367089,True,0.8500000000000002,0.85,0.85,reaction_role_concat,6144,random_forest,False,valid,mae,9.80408744916584,2,0.1,random,,
condition_recombine_pseudolabel__mult_0.25__sim_0.9__teacher_rf__seed_3,condition_recombine_pseudolabel,0.25,0.9,random_forest,3,316,28,1.0886075949367089,True,0.8500000000000002,0.85,0.85,reaction_role_concat,6144,random_forest,False,valid,r2,0.7578479364409386,2,0.1,random,,
condition_recombine_pseudolabel__mult_0.25__sim_0.9__teacher_rf__seed_3,condition_recombine_pseudolabel,0.25,0.9,random_forest,3,316,28,1.0886075949367089,True,0.8500000000000002,0.85,0.85,reaction_role_concat,6144,random_forest,False,valid,spearman,0.8748324645525133,2,0.1,random,,
condition_recombine_pseudolabel__mult_0.25__sim_0.9__teacher_rf__seed_4,condition_recombine_pseudolabel,0.25,0.9,random_forest,4,316,31,1.0981012658227849,True,0.8500000000000003,0.85,0.85,reaction_role_concat,6144,random_forest,False,valid,rmse,13.424222238481706,2,0.1,random,,
condition_recombine_pseudolabel__mult_0.25__sim_0.9__teacher_rf__seed_4,condition_recombine_pseudolabel,0.25,0.9,random_forest,4,316,31,1.0981012658227849,True,0.8500000000000003,0.85,0.85,reaction_role_concat,6144,random_forest,False,valid,mae,9.874057624849526,2,0.1,random,,
condition_recombine_pseudolabel__mult_0.25__sim_0.9__teacher_rf__seed_4,condition_recombine_pseudolabel,0.25,0.9,random_forest,4,316,31,1.0981012658227849,True,0.8500000000000003,0.85,0.85,reaction_role_concat,6144,random_forest,False,valid,r2,0.7525773546725247,2,0.1,random,,
condition_recombine_pseudolabel__mult_0.25__sim_0.9__teacher_rf__seed_4,condition_recombine_pseudolabel,0.25,0.9,random_forest,4,316,31,1.0981012658227849,True,0.8500000000000003,0.85,0.85,reaction_role_concat,6144,random_forest,False,valid,spearman,0.8724159073316368,2,0.1,random,,
condition_recombine_pseudolabel__mult_0.25__sim_0.95__teacher_ridge__seed_0,condition_recombine_pseudolabel,0.25,0.95,ridge,0,316,0,1.0,True,,,,reaction_role_concat,6144,random_forest,False,valid,rmse,13.313134232237564,2,0.1,random,,
condition_recombine_pseudolabel__mult_0.25__sim_0.95__teacher_ridge__seed_0,condition_recombine_pseudolabel,0.25,0.95,ridge,0,316,0,1.0,True,,,,reaction_role_concat,6144,random_forest,False,valid,mae,9.83050099094363,2,0.1,random,,
condition_recombine_pseudolabel__mult_0.25__sim_0.95__teacher_ridge__seed_0,condition_recombine_pseudolabel,0.25,0.95,ridge,0,316,0,1.0,True,,,,reaction_role_concat,6144,random_forest,False,valid,r2,0.7566553508825153,2,0.1,random,,
condition_recombine_pseudolabel__mult_0.25__sim_0.95__teacher_ridge__seed_0,condition_recombine_pseudolabel,0.25,0.95,ridge,0,316,0,1.0,True,,,,reaction_role_concat,6144,random_forest,False,valid,spearman,0.874611644577616,2,0.1,random,,
condition_recombine_pseudolabel__mult_0.25__sim_0.95__teacher_ridge__seed_1,condition_recombine_pseudolabel,0.25,0.95,ridge,1,316,0,1.0,True,,,,reaction_role_concat,6144,random_forest,False,valid,rmse,13.313134232237564,2,0.1,random,,
condition_recombine_pseudolabel__mult_0.25__sim_0.95__teacher_ridge__seed_1,condition_recombine_pseudolabel,0.25,0.95,ridge,1,316,0,1.0,True,,,,reaction_role_concat,6144,random_forest,False,valid,mae,9.83050099094363,2,0.1,random,,
condition_recombine_pseudolabel__mult_0.25__sim_0.95__teacher_ridge__seed_1,condition_recombine_pseudolabel,0.25,0.95,ridge,1,316,0,1.0,True,,,,reaction_role_concat,6144,random_forest,False,valid,r2,0.7566553508825153,2,0.1,random,,
condition_recombine_pseudolabel__mult_0.25__sim_0.95__teacher_ridge__seed_1,condition_recombine_pseudolabel,0.25,0.95,ridge,1,316,0,1.0,True,,,,reaction_role_concat,6144,random_forest,False,valid,spearman,0.874611644577616,2,0.1,random,,
condition_recombine_pseudolabel__mult_0.25__sim_0.95__teacher_ridge__seed_2,condition_recombine_pseudolabel,0.25,0.95,ridge,2,316,0,1.0,True,,,,reaction_role_concat,6144,random_forest,False,valid,rmse,13.313134232237564,2,0.1,random,,
condition_recombine_pseudolabel__mult_0.25__sim_0.95__teacher_ridge__seed_2,condition_recombine_pseudolabel,0.25,0.95,ridge,2,316,0,1.0,True,,,,reaction_role_concat,6144,random_forest,False,valid,mae,9.83050099094363,2,0.1,random,,
condition_recombine_pseudolabel__mult_0.25__sim_0.95__teacher_ridge__seed_2,condition_recombine_pseudolabel,0.25,0.95,ridge,2,316,0,1.0,True,,,,reaction_role_concat,6144,random_forest,False,valid,r2,0.7566553508825153,2,0.1,random,,
condition_recombine_pseudolabel__mult_0.25__sim_0.95__teacher_ridge__seed_2,condition_recombine_pseudolabel,0.25,0.95,ridge,2,316,0,1.0,True,,,,reaction_role_concat,6144,random_forest,False,valid,spearman,0.874611644577616,2,0.1,random,,
condition_recombine_pseudolabel__mult_0.25__sim_0.95__teacher_ridge__seed_3,condition_recombine_pseudolabel,0.25,0.95,ridge,3,316,0,1.0,True,,,,reaction_role_concat,6144,random_forest,False,valid,rmse,13.313134232237564,2,0.1,random,,
condition_recombine_pseudolabel__mult_0.25__sim_0.95__teacher_ridge__seed_3,condition_recombine_pseudolabel,0.25,0.95,ridge,3,316,0,1.0,True,,,,reaction_role_concat,6144,random_forest,False,valid,mae,9.83050099094363,2,0.1,random,,
condition_recombine_pseudolabel__mult_0.25__sim_0.95__teacher_ridge__seed_3,condition_recombine_pseudolabel,0.25,0.95,ridge,3,316,0,1.0,True,,,,reaction_role_concat,6144,random_forest,False,valid,r2,0.7566553508825153,2,0.1,random,,
condition_recombine_pseudolabel__mult_0.25__sim_0.95__teacher_ridge__seed_3,condition_recombine_pseudolabel,0.25,0.95,ridge,3,316,0,1.0,True,,,,reaction_role_concat,6144,random_forest,False,valid,spearman,0.874611644577616,2,0.1,random,,
condition_recombine_pseudolabel__mult_0.25__sim_0.95__teacher_ridge__seed_4,condition_recombine_pseudolabel,0.25,0.95,ridge,4,316,0,1.0,True,,,,reaction_role_concat,6144,random_forest,False,valid,rmse,13.313134232237564,2,0.1,random,,
condition_recombine_pseudolabel__mult_0.25__sim_0.95__teacher_ridge__seed_4,condition_recombine_pseudolabel,0.25,0.95,ridge,4,316,0,1.0,True,,,,reaction_role_concat,6144,random_forest,False,valid,mae,9.83050099094363,2,0.1,random,,
condition_recombine_pseudolabel__mult_0.25__sim_0.95__teacher_ridge__seed_4,condition_recombine_pseudolabel,0.25,0.95,ridge,4,316,0,1.0,True,,,,reaction_role_concat,6144,random_forest,False,valid,r2,0.7566553508825153,2,0.1,random,,
condition_recombine_pseudolabel__mult_0.25__sim_0.95__teacher_ridge__seed_4,condition_recombine_pseudolabel,0.25,0.95,ridge,4,316,0,1.0,True,,,,reaction_role_concat,6144,random_forest,False,valid,spearman,0.874611644577616,2,0.1,random,,
condition_recombine_pseudolabel__mult_0.25__sim_0.95__teacher_rf__seed_0,condition_recombine_pseudolabel,0.25,0.95,random_forest,0,316,0,1.0,True,,,,reaction_role_concat,6144,random_forest,False,valid,rmse,13.313134232237564,2,0.1,random,,
condition_recombine_pseudolabel__mult_0.25__sim_0.95__teacher_rf__seed_0,condition_recombine_pseudolabel,0.25,0.95,random_forest,0,316,0,1.0,True,,,,reaction_role_concat,6144,random_forest,False,valid,mae,9.83050099094363,2,0.1,random,,
condition_recombine_pseudolabel__mult_0.25__sim_0.95__teacher_rf__seed_0,condition_recombine_pseudolabel,0.25,0.95,random_forest,0,316,0,1.0,True,,,,reaction_role_concat,6144,random_forest,False,valid,r2,0.7566553508825153,2,0.1,random,,
condition_recombine_pseudolabel__mult_0.25__sim_0.95__teacher_rf__seed_0,condition_recombine_pseudolabel,0.25,0.95,random_forest,0,316,0,1.0,True,,,,reaction_role_concat,6144,random_forest,False,valid,spearman,0.874611644577616,2,0.1,random,,
condition_recombine_pseudolabel__mult_0.25__sim_0.95__teacher_rf__seed_1,condition_recombine_pseudolabel,0.25,0.95,random_forest,1,316,0,1.0,True,,,,reaction_role_concat,6144,random_forest,False,valid,rmse,13.313134232237564,2,0.1,random,,
condition_recombine_pseudolabel__mult_0.25__sim_0.95__teacher_rf__seed_1,condition_recombine_pseudolabel,0.25,0.95,random_forest,1,316,0,1.0,True,,,,reaction_role_concat,6144,random_forest,False,valid,mae,9.83050099094363,2,0.1,random,,
condition_recombine_pseudolabel__mult_0.25__sim_0.95__teacher_rf__seed_1,condition_recombine_pseudolabel,0.25,0.95,random_forest,1,316,0,1.0,True,,,,reaction_role_concat,6144,random_forest,False,valid,r2,0.7566553508825153,2,0.1,random,,
condition_recombine_pseudolabel__mult_0.25__sim_0.95__teacher_rf__seed_1,condition_recombine_pseudolabel,0.25,0.95,random_forest,1,316,0,1.0,True,,,,reaction_role_concat,6144,random_forest,False,valid,spearman,0.874611644577616,2,0.1,random,,
condition_recombine_pseudolabel__mult_0.25__sim_0.95__teacher_rf__seed_2,condition_recombine_pseudolabel,0.25,0.95,random_forest,2,316,0,1.0,True,,,,reaction_role_concat,6144,random_forest,False,valid,rmse,13.313134232237564,2,0.1,random,,
condition_recombine_pseudolabel__mult_0.25__sim_0.95__teacher_rf__seed_2,condition_recombine_pseudolabel,0.25,0.95,random_forest,2,316,0,1.0,True,,,,reaction_role_concat,6144,random_forest,False,valid,mae,9.83050099094363,2,0.1,random,,
condition_recombine_pseudolabel__mult_0.25__sim_0.95__teacher_rf__seed_2,condition_recombine_pseudolabel,0.25,0.95,random_forest,2,316,0,1.0,True,,,,reaction_role_concat,6144,random_forest,False,valid,r2,0.7566553508825153,2,0.1,random,,
condition_recombine_pseudolabel__mult_0.25__sim_0.95__teacher_rf__seed_2,condition_recombine_pseudolabel,0.25,0.95,random_forest,2,316,0,1.0,True,,,,reaction_role_concat,6144,random_forest,False,valid,spearman,0.874611644577616,2,0.1,random,,
condition_recombine_pseudolabel__mult_0.25__sim_0.95__teacher_rf__seed_3,condition_recombine_pseudolabel,0.25,0.95,random_forest,3,316,0,1.0,True,,,,reaction_role_concat,6144,random_forest,False,valid,rmse,13.313134232237564,2,0.1,random,,
condition_recombine_pseudolabel__mult_0.25__sim_0.95__teacher_rf__seed_3,condition_recombine_pseudolabel,0.25,0.95,random_forest,3,316,0,1.0,True,,,,reaction_role_concat,6144,random_forest,False,valid,mae,9.83050099094363,2,0.1,random,,
condition_recombine_pseudolabel__mult_0.25__sim_0.95__teacher_rf__seed_3,condition_recombine_pseudolabel,0.25,0.95,random_forest,3,316,0,1.0,True,,,,reaction_role_concat,6144,random_forest,False,valid,r2,0.7566553508825153,2,0.1,random,,
condition_recombine_pseudolabel__mult_0.25__sim_0.95__teacher_rf__seed_3,condition_recombine_pseudolabel,0.25,0.95,random_forest,3,316,0,1.0,True,,,,reaction_role_concat,6144,random_forest,False,valid,spearman,0.874611644577616,2,0.1,random,,
condition_recombine_pseudolabel__mult_0.25__sim_0.95__teacher_rf__seed_4,condition_recombine_pseudolabel,0.25,0.95,random_forest,4,316,0,1.0,True,,,,reaction_role_concat,6144,random_forest,False,valid,rmse,13.313134232237564,2,0.1,random,,
condition_recombine_pseudolabel__mult_0.25__sim_0.95__teacher_rf__seed_4,condition_recombine_pseudolabel,0.25,0.95,random_forest,4,316,0,1.0,True,,,,reaction_role_concat,6144,random_forest,False,valid,mae,9.83050099094363,2,0.1,random,,
condition_recombine_pseudolabel__mult_0.25__sim_0.95__teacher_rf__seed_4,condition_recombine_pseudolabel,0.25,0.95,random_forest,4,316,0,1.0,True,,,,reaction_role_concat,6144,random_forest,False,valid,r2,0.7566553508825153,2,0.1,random,,
condition_recombine_pseudolabel__mult_0.25__sim_0.95__teacher_rf__seed_4,condition_recombine_pseudolabel,0.25,0.95,random_forest,4,316,0,1.0,True,,,,reaction_role_concat,6144,random_forest,False,valid,spearman,0.874611644577616,2,0.1,random,,
condition_recombine_pseudolabel__mult_0.5__sim_0.7__teacher_ridge__seed_0,condition_recombine_pseudolabel,0.5,0.7,ridge,0,316,158,1.5,True,0.8421252064312559,0.7682926654815674,0.85,reaction_role_concat,6144,random_forest,False,valid,rmse,13.946177416613068,2,0.1,random,,
condition_recombine_pseudolabel__mult_0.5__sim_0.7__teacher_ridge__seed_0,condition_recombine_pseudolabel,0.5,0.7,ridge,0,316,158,1.5,True,0.8421252064312559,0.7682926654815674,0.85,reaction_role_concat,6144,random_forest,False,valid,mae,10.682687670325743,2,0.1,random,,
condition_recombine_pseudolabel__mult_0.5__sim_0.7__teacher_ridge__seed_0,condition_recombine_pseudolabel,0.5,0.7,ridge,0,316,158,1.5,True,0.8421252064312559,0.7682926654815674,0.85,reaction_role_concat,6144,random_forest,False,valid,r2,0.7329629320507935,2,0.1,random,,
condition_recombine_pseudolabel__mult_0.5__sim_0.7__teacher_ridge__seed_0,condition_recombine_pseudolabel,0.5,0.7,ridge,0,316,158,1.5,True,0.8421252064312559,0.7682926654815674,0.85,reaction_role_concat,6144,random_forest,False,valid,spearman,0.8614749980639361,2,0.1,random,,
condition_recombine_pseudolabel__mult_0.5__sim_0.7__teacher_ridge__seed_1,condition_recombine_pseudolabel,0.5,0.7,ridge,1,316,158,1.5,True,0.8444356292863431,0.7866666913032532,0.85,reaction_role_concat,6144,random_forest,False,valid,rmse,13.984350039356558,2,0.1,random,,
condition_recombine_pseudolabel__mult_0.5__sim_0.7__teacher_ridge__seed_1,condition_recombine_pseudolabel,0.5,0.7,ridge,1,316,158,1.5,True,0.8444356292863431,0.7866666913032532,0.85,reaction_role_concat,6144,random_forest,False,valid,mae,10.666039564509182,2,0.1,random,,
condition_recombine_pseudolabel__mult_0.5__sim_0.7__teacher_ridge__seed_1,condition_recombine_pseudolabel,0.5,0.7,ridge,1,316,158,1.5,True,0.8444356292863431,0.7866666913032532,0.85,reaction_role_concat,6144,random_forest,False,valid,r2,0.7314990964107346,2,0.1,random,,
condition_recombine_pseudolabel__mult_0.5__sim_0.7__teacher_ridge__seed_1,condition_recombine_pseudolabel,0.5,0.7,ridge,1,316,158,1.5,True,0.8444356292863431,0.7866666913032532,0.85,reaction_role_concat,6144,random_forest,False,valid,spearman,0.8640475312988274,2,0.1,random,,
condition_recombine_pseudolabel__mult_0.5__sim_0.7__teacher_ridge__seed_2,condition_recombine_pseudolabel,0.5,0.7,ridge,2,316,158,1.5,True,0.8465838576419441,0.790123462677002,0.85,reaction_role_concat,6144,random_forest,False,valid,rmse,13.211732348578849,2,0.1,random,,
condition_recombine_pseudolabel__mult_0.5__sim_0.7__teacher_ridge__seed_2,condition_recombine_pseudolabel,0.5,0.7,ridge,2,316,158,1.5,True,0.8465838576419441,0.790123462677002,0.85,reaction_role_concat,6144,random_forest,False,valid,mae,10.388813373722986,2,0.1,random,,
condition_recombine_pseudolabel__mult_0.5__sim_0.7__teacher_ridge__seed_2,condition_recombine_pseudolabel,0.5,0.7,ridge,2,316,158,1.5,True,0.8465838576419441,0.790123462677002,0.85,reaction_role_concat,6144,random_forest,False,valid,r2,0.760348190190375,2,0.1,random,,
condition_recombine_pseudolabel__mult_0.5__sim_0.7__teacher_ridge__seed_2,condition_recombine_pseudolabel,0.5,0.7,ridge,2,316,158,1.5,True,0.8465838576419441,0.790123462677002,0.85,reaction_role_concat,6144,random_forest,False,valid,spearman,0.8757229493366443,2,0.1,random,,
condition_recombine_pseudolabel__mult_0.5__sim_0.7__teacher_ridge__seed_3,condition_recombine_pseudolabel,0.5,0.7,ridge,3,316,158,1.5,True,0.8446744853937169,0.7866666913032532,0.85,reaction_role_concat,6144,random_forest,False,valid,rmse,13.60415266961113,2,0.1,random,,
condition_recombine_pseudolabel__mult_0.5__sim_0.7__teacher_ridge__seed_3,condition_recombine_pseudolabel,0.5,0.7,ridge,3,316,158,1.5,True,0.8446744853937169,0.7866666913032532,0.85,reaction_role_concat,6144,random_forest,False,valid,mae,10.308885663456554,2,0.1,random,,
condition_recombine_pseudolabel__mult_0.5__sim_0.7__teacher_ridge__seed_3,condition_recombine_pseudolabel,0.5,0.7,ridge,3,316,158,1.5,True,0.8446744853937169,0.7866666913032532,0.85,reaction_role_concat,6144,random_forest,False,valid,r2,0.7459002876716829,2,0.1,random,,
condition_recombine_pseudolabel__mult_0.5__sim_0.7__teacher_ridge__seed_3,condition_recombine_pseudolabel,0.5,0.7,ridge,3,316,158,1.5,True,0.8446744853937169,0.7866666913032532,0.85,reaction_role_concat,6144,random_forest,False,valid,spearman,0.8682396057429069,2,0.1,random,,
condition_recombine_pseudolabel__mult_0.5__sim_0.7__teacher_ridge__seed_4,condition_recombine_pseudolabel,0.5,0.7,ridge,4,316,158,1.5,True,0.8444670305976382,0.7764706015586853,0.85,reaction_role_concat,6144,random_forest,False,valid,rmse,13.520186272870367,2,0.1,random,,
condition_recombine_pseudolabel__mult_0.5__sim_0.7__teacher_ridge__seed_4,condition_recombine_pseudolabel,0.5,0.7,ridge,4,316,158,1.5,True,0.8444670305976382,0.7764706015586853,0.85,reaction_role_concat,6144,random_forest,False,valid,mae,10.170991755072075,2,0.1,random,,
condition_recombine_pseudolabel__mult_0.5__sim_0.7__teacher_ridge__seed_4,condition_recombine_pseudolabel,0.5,0.7,ridge,4,316,158,1.5,True,0.8444670305976382,0.7764706015586853,0.85,reaction_role_concat,6144,random_forest,False,valid,r2,0.7490272731078935,2,0.1,random,,
condition_recombine_pseudolabel__mult_0.5__sim_0.7__teacher_ridge__seed_4,condition_recombine_pseudolabel,0.5,0.7,ridge,4,316,158,1.5,True,0.8444670305976382,0.7764706015586853,0.85,reaction_role_concat,6144,random_forest,False,valid,spearman,0.8700449161373264,2,0.1,random,,
condition_recombine_pseudolabel__mult_0.5__sim_0.7__teacher_rf__seed_0,condition_recombine_pseudolabel,0.5,0.7,random_forest,0,316,158,1.5,True,0.8421252064312559,0.7682926654815674,0.85,reaction_role_concat,6144,random_forest,False,valid,rmse,13.333508349363877,2,0.1,random,,
condition_recombine_pseudolabel__mult_0.5__sim_0.7__teacher_rf__seed_0,condition_recombine_pseudolabel,0.5,0.7,random_forest,0,316,158,1.5,True,0.8421252064312559,0.7682926654815674,0.85,reaction_role_concat,6144,random_forest,False,valid,mae,9.780910791861482,2,0.1,random,,
condition_recombine_pseudolabel__mult_0.5__sim_0.7__teacher_rf__seed_0,condition_recombine_pseudolabel,0.5,0.7,random_forest,0,316,158,1.5,True,0.8421252064312559,0.7682926654815674,0.85,reaction_role_concat,6144,random_forest,False,valid,r2,0.7559099627492669,2,0.1,random,,
condition_recombine_pseudolabel__mult_0.5__sim_0.7__teacher_rf__seed_0,condition_recombine_pseudolabel,0.5,0.7,random_forest,0,316,158,1.5,True,0.8421252064312559,0.7682926654815674,0.85,reaction_role_concat,6144,random_forest,False,valid,spearman,0.8713279697657192,2,0.1,random,,
condition_recombine_pseudolabel__mult_0.5__sim_0.7__teacher_rf__seed_1,condition_recombine_pseudolabel,0.5,0.7,random_forest,1,316,158,1.5,True,0.8444356292863431,0.7866666913032532,0.85,reaction_role_concat,6144,random_forest,False,valid,rmse,13.897175859720267,2,0.1,random,,
condition_recombine_pseudolabel__mult_0.5__sim_0.7__teacher_rf__seed_1,condition_recombine_pseudolabel,0.5,0.7,random_forest,1,316,158,1.5,True,0.8444356292863431,0.7866666913032532,0.85,reaction_role_concat,6144,random_forest,False,valid,mae,10.02390570926289,2,0.1,random,,
condition_recombine_pseudolabel__mult_0.5__sim_0.7__teacher_rf__seed_1,condition_recombine_pseudolabel,0.5,0.7,random_forest,1,316,158,1.5,True,0.8444356292863431,0.7866666913032532,0.85,reaction_role_concat,6144,random_forest,False,valid,r2,0.7348361684833997,2,0.1,random,,
condition_recombine_pseudolabel__mult_0.5__sim_0.7__teacher_rf__seed_1,condition_recombine_pseudolabel,0.5,0.7,random_forest,1,316,158,1.5,True,0.8444356292863431,0.7866666913032532,0.85,reaction_role_concat,6144,random_forest,False,valid,spearman,0.8629074070016289,2,0.1,random,,
condition_recombine_pseudolabel__mult_0.5__sim_0.7__teacher_rf__seed_2,condition_recombine_pseudolabel,0.5,0.7,random_forest,2,316,158,1.5,True,0.8465838576419441,0.790123462677002,0.85,reaction_role_concat,6144,random_forest,False,valid,rmse,13.490812121725964,2,0.1,random,,
condition_recombine_pseudolabel__mult_0.5__sim_0.7__teacher_rf__seed_2,condition_recombine_pseudolabel,0.5,0.7,random_forest,2,316,158,1.5,True,0.8465838576419441,0.790123462677002,0.85,reaction_role_concat,6144,random_forest,False,valid,mae,9.941559568838606,2,0.1,random,,
condition_recombine_pseudolabel__mult_0.5__sim_0.7__teacher_rf__seed_2,condition_recombine_pseudolabel,0.5,0.7,random_forest,2,316,158,1.5,True,0.8465838576419441,0.790123462677002,0.85,reaction_role_concat,6144,random_forest,False,valid,r2,0.7501166223649579,2,0.1,random,,
condition_recombine_pseudolabel__mult_0.5__sim_0.7__teacher_rf__seed_2,condition_recombine_pseudolabel,0.5,0.7,random_forest,2,316,158,1.5,True,0.8465838576419441,0.790123462677002,0.85,reaction_role_concat,6144,random_forest,False,valid,spearman,0.8715534631792385,2,0.1,random,,
condition_recombine_pseudolabel__mult_0.5__sim_0.7__teacher_rf__seed_3,condition_recombine_pseudolabel,0.5,0.7,random_forest,3,316,158,1.5,True,0.8446744853937169,0.7866666913032532,0.85,reaction_role_concat,6144,random_forest,False,valid,rmse,13.402993399234706,2,0.1,random,,
condition_recombine_pseudolabel__mult_0.5__sim_0.7__teacher_rf__seed_3,condition_recombine_pseudolabel,0.5,0.7,random_forest,3,316,158,1.5,True,0.8446744853937169,0.7866666913032532,0.85,reaction_role_concat,6144,random_forest,False,valid,mae,9.894364413168422,2,0.1,random,,
condition_recombine_pseudolabel__mult_0.5__sim_0.7__teacher_rf__seed_3,condition_recombine_pseudolabel,0.5,0.7,random_forest,3,316,158,1.5,True,0.8446744853937169,0.7866666913032532,0.85,reaction_role_concat,6144,random_forest,False,valid,r2,0.7533592759438534,2,0.1,random,,
condition_recombine_pseudolabel__mult_0.5__sim_0.7__teacher_rf__seed_3,condition_recombine_pseudolabel,0.5,0.7,random_forest,3,316,158,1.5,True,0.8446744853937169,0.7866666913032532,0.85,reaction_role_concat,6144,random_forest,False,valid,spearman,0.8727964031261245,2,0.1,random,,
condition_recombine_pseudolabel__mult_0.5__sim_0.7__teacher_rf__seed_4,condition_recombine_pseudolabel,0.5,0.7,random_forest,4,316,158,1.5,True,0.8444670305976382,0.7764706015586853,0.85,reaction_role_concat,6144,random_forest,False,valid,rmse,13.708966593850603,2,0.1,random,,
condition_recombine_pseudolabel__mult_0.5__sim_0.7__teacher_rf__seed_4,condition_recombine_pseudolabel,0.5,0.7,random_forest,4,316,158,1.5,True,0.8444670305976382,0.7764706015586853,0.85,reaction_role_concat,6144,random_forest,False,valid,mae,9.933898649540128,2,0.1,random,,
condition_recombine_pseudolabel__mult_0.5__sim_0.7__teacher_rf__seed_4,condition_recombine_pseudolabel,0.5,0.7,random_forest,4,316,158,1.5,True,0.8444670305976382,0.7764706015586853,0.85,reaction_role_concat,6144,random_forest,False,valid,r2,0.7419697545382224,2,0.1,random,,
condition_recombine_pseudolabel__mult_0.5__sim_0.7__teacher_rf__seed_4,condition_recombine_pseudolabel,0.5,0.7,random_forest,4,316,158,1.5,True,0.8444670305976382,0.7764706015586853,0.85,reaction_role_concat,6144,random_forest,False,valid,spearman,0.8635636356748243,2,0.1,random,,
condition_recombine_pseudolabel__mult_0.5__sim_0.8__teacher_ridge__seed_0,condition_recombine_pseudolabel,0.5,0.8,ridge,0,316,155,1.490506329113924,True,0.8432978714666057,0.8026315569877625,0.85,reaction_role_concat,6144,random_forest,False,valid,rmse,13.875969085192157,2,0.1,random,,
condition_recombine_pseudolabel__mult_0.5__sim_0.8__teacher_ridge__seed_0,condition_recombine_pseudolabel,0.5,0.8,ridge,0,316,155,1.490506329113924,True,0.8432978714666057,0.8026315569877625,0.85,reaction_role_concat,6144,random_forest,False,valid,mae,10.603994738355466,2,0.1,random,,
condition_recombine_pseudolabel__mult_0.5__sim_0.8__teacher_ridge__seed_0,condition_recombine_pseudolabel,0.5,0.8,ridge,0,316,155,1.490506329113924,True,0.8432978714666057,0.8026315569877625,0.85,reaction_role_concat,6144,random_forest,False,valid,r2,0.7356448189824514,2,0.1,random,,
condition_recombine_pseudolabel__mult_0.5__sim_0.8__teacher_ridge__seed_0,condition_recombine_pseudolabel,0.5,0.8,ridge,0,316,155,1.490506329113924,True,0.8432978714666057,0.8026315569877625,0.85,reaction_role_concat,6144,random_forest,False,valid,spearman,0.8661174751552266,2,0.1,random,,
condition_recombine_pseudolabel__mult_0.5__sim_0.8__teacher_ridge__seed_1,condition_recombine_pseudolabel,0.5,0.8,ridge,1,316,156,1.4936708860759493,True,0.8451075455317127,0.800000011920929,0.85,reaction_role_concat,6144,random_forest,False,valid,rmse,13.891588529458751,2,0.1,random,,
condition_recombine_pseudolabel__mult_0.5__sim_0.8__teacher_ridge__seed_1,condition_recombine_pseudolabel,0.5,0.8,ridge,1,316,156,1.4936708860759493,True,0.8451075455317127,0.800000011920929,0.85,reaction_role_concat,6144,random_forest,False,valid,mae,10.534769110015489,2,0.1,random,,
condition_recombine_pseudolabel__mult_0.5__sim_0.8__teacher_ridge__seed_1,condition_recombine_pseudolabel,0.5,0.8,ridge,1,316,156,1.4936708860759493,True,0.8451075455317127,0.800000011920929,0.85,reaction_role_concat,6144,random_forest,False,valid,r2,0.735049342740735,2,0.1,random,,
condition_recombine_pseudolabel__mult_0.5__sim_0.8__teacher_ridge__seed_1,condition_recombine_pseudolabel,0.5,0.8,ridge,1,316,156,1.4936708860759493,True,0.8451075455317127,0.800000011920929,0.85,reaction_role_concat,6144,random_forest,False,valid,spearman,0.8658076651198993,2,0.1,random,,
condition_recombine_pseudolabel__mult_0.5__sim_0.8__teacher_ridge__seed_2,condition_recombine_pseudolabel,0.5,0.8,ridge,2,316,156,1.4936708860759493,True,0.8473011974340827,0.8055555820465088,0.85,reaction_role_concat,6144,random_forest,False,valid,rmse,13.240765270018294,2,0.1,random,,
condition_recombine_pseudolabel__mult_0.5__sim_0.8__teacher_ridge__seed_2,condition_recombine_pseudolabel,0.5,0.8,ridge,2,316,156,1.4936708860759493,True,0.8473011974340827,0.8055555820465088,0.85,reaction_role_concat,6144,random_forest,False,valid,mae,10.401273549747241,2,0.1,random,,
condition_recombine_pseudolabel__mult_0.5__sim_0.8__teacher_ridge__seed_2,condition_recombine_pseudolabel,0.5,0.8,ridge,2,316,156,1.4936708860759493,True,0.8473011974340827,0.8055555820465088,0.85,reaction_role_concat,6144,random_forest,False,valid,r2,0.7592937581304224,2,0.1,random,,
condition_recombine_pseudolabel__mult_0.5__sim_0.8__teacher_ridge__seed_2,condition_recombine_pseudolabel,0.5,0.8,ridge,2,316,156,1.4936708860759493,True,0.8473011974340827,0.8055555820465088,0.85,reaction_role_concat,6144,random_forest,False,valid,spearman,0.8746996610050001,2,0.1,random,,
condition_recombine_pseudolabel__mult_0.5__sim_0.8__teacher_ridge__seed_3,condition_recombine_pseudolabel,0.5,0.8,ridge,3,316,157,1.4968354430379747,True,0.8450439617891978,0.8041958212852478,0.85,reaction_role_concat,6144,random_forest,False,valid,rmse,13.463103131278455,2,0.1,random,,
condition_recombine_pseudolabel__mult_0.5__sim_0.8__teacher_ridge__seed_3,condition_recombine_pseudolabel,0.5,0.8,ridge,3,316,157,1.4968354430379747,True,0.8450439617891978,0.8041958212852478,0.85,reaction_role_concat,6144,random_forest,False,valid,mae,10.236869396136534,2,0.1,random,,
condition_recombine_pseudolabel__mult_0.5__sim_0.8__teacher_ridge__seed_3,condition_recombine_pseudolabel,0.5,0.8,ridge,3,316,157,1.4968354430379747,True,0.8450439617891978,0.8041958212852478,0.85,reaction_role_concat,6144,random_forest,False,valid,r2,0.7511420469856338,2,0.1,random,,
condition_recombine_pseudolabel__mult_0.5__sim_0.8__teacher_ridge__seed_3,condition_recombine_pseudolabel,0.5,0.8,ridge,3,316,157,1.4968354430379747,True,0.8450439617891978,0.8041958212852478,0.85,reaction_role_concat,6144,random_forest,False,valid,spearman,0.8708549788318346,2,0.1,random,,
condition_recombine_pseudolabel__mult_0.5__sim_0.8__teacher_ridge__seed_4,condition_recombine_pseudolabel,0.5,0.8,ridge,4,316,157,1.4968354430379747,True,0.8449001288717718,0.8013244867324829,0.85,reaction_role_concat,6144,random_forest,False,valid,rmse,13.541916958259646,2,0.1,random,,
condition_recombine_pseudolabel__mult_0.5__sim_0.8__teacher_ridge__seed_4,condition_recombine_pseudolabel,0.5,0.8,ridge,4,316,157,1.4968354430379747,True,0.8449001288717718,0.8013244867324829,0.85,reaction_role_concat,6144,random_forest,False,valid,mae,10.209574288680583,2,0.1,random,,
condition_recombine_pseudolabel__mult_0.5__sim_0.8__teacher_ridge__seed_4,condition_recombine_pseudolabel,0.5,0.8,ridge,4,316,157,1.4968354430379747,True,0.8449001288717718,0.8013244867324829,0.85,reaction_role_concat,6144,random_forest,False,valid,r2,0.7482198593414562,2,0.1,random,,
condition_recombine_pseudolabel__mult_0.5__sim_0.8__teacher_ridge__seed_4,condition_recombine_pseudolabel,0.5,0.8,ridge,4,316,157,1.4968354430379747,True,0.8449001288717718,0.8013244867324829,0.85,reaction_role_concat,6144,random_forest,False,valid,spearman,0.870635521943202,2,0.1,random,,
condition_recombine_pseudolabel__mult_0.5__sim_0.8__teacher_rf__seed_0,condition_recombine_pseudolabel,0.5,0.8,random_forest,0,316,155,1.490506329113924,True,0.8432978714666057,0.8026315569877625,0.85,reaction_role_concat,6144,random_forest,False,valid,rmse,13.483160535181835,2,0.1,random,,
condition_recombine_pseudolabel__mult_0.5__sim_0.8__teacher_rf__seed_0,condition_recombine_pseudolabel,0.5,0.8,random_forest,0,316,155,1.490506329113924,True,0.8432978714666057,0.8026315569877625,0.85,reaction_role_concat,6144,random_forest,False,valid,mae,9.926937512473215,2,0.1,random,,
condition_recombine_pseudolabel__mult_0.5__sim_0.8__teacher_rf__seed_0,condition_recombine_pseudolabel,0.5,0.8,random_forest,0,316,155,1.490506329113924,True,0.8432978714666057,0.8026315569877625,0.85,reaction_role_concat,6144,random_forest,False,valid,r2,0.7503999947900934,2,0.1,random,,
condition_recombine_pseudolabel__mult_0.5__sim_0.8__teacher_rf__seed_0,condition_recombine_pseudolabel,0.5,0.8,random_forest,0,316,155,1.490506329113924,True,0.8432978714666057,0.8026315569877625,0.85,reaction_role_concat,6144,random_forest,False,valid,spearman,0.8685735618777822,2,0.1,random,,
condition_recombine_pseudolabel__mult_0.5__sim_0.8__teacher_rf__seed_1,condition_recombine_pseudolabel,0.5,0.8,random_forest,1,316,156,1.4936708860759493,True,0.8451075455317127,0.800000011920929,0.85,reaction_role_concat,6144,random_forest,False,valid,rmse,13.945160225920297,2,0.1,random,,
condition_recombine_pseudolabel__mult_0.5__sim_0.8__teacher_rf__seed_1,condition_recombine_pseudolabel,0.5,0.8,random_forest,1,316,156,1.4936708860759493,True,0.8451075455317127,0.800000011920929,0.85,reaction_role_concat,6144,random_forest,False,valid,mae,10.076902040783175,2,0.1,random,,
condition_recombine_pseudolabel__mult_0.5__sim_0.8__teacher_rf__seed_1,condition_recombine_pseudolabel,0.5,0.8,random_forest,1,316,156,1.4936708860759493,True,0.8451075455317127,0.800000011920929,0.85,reaction_role_concat,6144,random_forest,False,valid,r2,0.7330018843322958,2,0.1,random,,
condition_recombine_pseudolabel__mult_0.5__sim_0.8__teacher_rf__seed_1,condition_recombine_pseudolabel,0.5,0.8,random_forest,1,316,156,1.4936708860759493,True,0.8451075455317127,0.800000011920929,0.85,reaction_role_concat,6144,random_forest,False,valid,spearman,0.8616179273951307,2,0.1,random,,
condition_recombine_pseudolabel__mult_0.5__sim_0.8__teacher_rf__seed_2,condition_recombine_pseudolabel,0.5,0.8,random_forest,2,316,156,1.4936708860759493,True,0.8473011974340827,0.8055555820465088,0.85,reaction_role_concat,6144,random_forest,False,valid,rmse,13.553434927154264,2,0.1,random,,
condition_recombine_pseudolabel__mult_0.5__sim_0.8__teacher_rf__seed_2,condition_recombine_pseudolabel,0.5,0.8,random_forest,2,316,156,1.4936708860759493,True,0.8473011974340827,0.8055555820465088,0.85,reaction_role_concat,6144,random_forest,False,valid,mae,10.081099052802106,2,0.1,random,,
condition_recombine_pseudolabel__mult_0.5__sim_0.8__teacher_rf__seed_2,condition_recombine_pseudolabel,0.5,0.8,random_forest,2,316,156,1.4936708860759493,True,0.8473011974340827,0.8055555820465088,0.85,reaction_role_concat,6144,random_forest,False,valid,r2,0.7477913780383393,2,0.1,random,,
condition_recombine_pseudolabel__mult_0.5__sim_0.8__teacher_rf__seed_2,condition_recombine_pseudolabel,0.5,0.8,random_forest,2,316,156,1.4936708860759493,True,0.8473011974340827,0.8055555820465088,0.85,reaction_role_concat,6144,random_forest,False,valid,spearman,0.8692424477805792,2,0.1,random,,
condition_recombine_pseudolabel__mult_0.5__sim_0.8__teacher_rf__seed_3,condition_recombine_pseudolabel,0.5,0.8,random_forest,3,316,157,1.4968354430379747,True,0.8450439617891978,0.8041958212852478,0.85,reaction_role_concat,6144,random_forest,False,valid,rmse,13.436190788126414,2,0.1,random,,
condition_recombine_pseudolabel__mult_0.5__sim_0.8__teacher_rf__seed_3,condition_recombine_pseudolabel,0.5,0.8,random_forest,3,316,157,1.4968354430379747,True,0.8450439617891978,0.8041958212852478,0.85,reaction_role_concat,6144,random_forest,False,valid,mae,9.838091772459165,2,0.1,random,,
condition_recombine_pseudolabel__mult_0.5__sim_0.8__teacher_rf__seed_3,condition_recombine_pseudolabel,0.5,0.8,random_forest,3,316,157,1.4968354430379747,True,0.8450439617891978,0.8041958212852478,0.85,reaction_role_concat,6144,random_forest,False,valid,r2,0.75213597188689,2,0.1,random,,
condition_recombine_pseudolabel__mult_0.5__sim_0.8__teacher_rf__seed_3,condition_recombine_pseudolabel,0.5,0.8,random_forest,3,316,157,1.4968354430379747,True,0.8450439617891978,0.8041958212852478,0.85,reaction_role_concat,6144,random_forest,False,valid,spearman,0.8715458688414774,2,0.1,random,,
condition_recombine_pseudolabel__mult_0.5__sim_0.8__teacher_rf__seed_4,condition_recombine_pseudolabel,0.5,0.8,random_forest,4,316,157,1.4968354430379747,True,0.8449001288717718,0.8013244867324829,0.85,reaction_role_concat,6144,random_forest,False,valid,rmse,13.570572511443292,2,0.1,random,,
condition_recombine_pseudolabel__mult_0.5__sim_0.8__teacher_rf__seed_4,condition_recombine_pseudolabel,0.5,0.8,random_forest,4,316,157,1.4968354430379747,True,0.8449001288717718,0.8013244867324829,0.85,reaction_role_concat,6144,random_forest,False,valid,mae,9.922455614813144,2,0.1,random,,
condition_recombine_pseudolabel__mult_0.5__sim_0.8__teacher_rf__seed_4,condition_recombine_pseudolabel,0.5,0.8,random_forest,4,316,157,1.4968354430379747,True,0.8449001288717718,0.8013244867324829,0.85,reaction_role_concat,6144,random_forest,False,valid,r2,0.7471531665201776,2,0.1,random,,
condition_recombine_pseudolabel__mult_0.5__sim_0.8__teacher_rf__seed_4,condition_recombine_pseudolabel,0.5,0.8,random_forest,4,316,157,1.4968354430379747,True,0.8449001288717718,0.8013244867324829,0.85,reaction_role_concat,6144,random_forest,False,valid,spearman,0.8672406582374198,2,0.1,random,,
condition_recombine_pseudolabel__mult_0.5__sim_0.85__teacher_ridge__seed_0,condition_recombine_pseudolabel,0.5,0.85,ridge,0,316,105,1.3322784810126582,True,0.8499999999999998,0.85,0.85,reaction_role_concat,6144,random_forest,False,valid,rmse,13.647607765019469,2,0.1,random,,
condition_recombine_pseudolabel__mult_0.5__sim_0.85__teacher_ridge__seed_0,condition_recombine_pseudolabel,0.5,0.85,ridge,0,316,105,1.3322784810126582,True,0.8499999999999998,0.85,0.85,reaction_role_concat,6144,random_forest,False,valid,mae,10.45240392380123,2,0.1,random,,
condition_recombine_pseudolabel__mult_0.5__sim_0.85__teacher_ridge__seed_0,condition_recombine_pseudolabel,0.5,0.85,ridge,0,316,105,1.3322784810126582,True,0.8499999999999998,0.85,0.85,reaction_role_concat,6144,random_forest,False,valid,r2,0.744274377868761,2,0.1,random,,
condition_recombine_pseudolabel__mult_0.5__sim_0.85__teacher_ridge__seed_0,condition_recombine_pseudolabel,0.5,0.85,ridge,0,316,105,1.3322784810126582,True,0.8499999999999998,0.85,0.85,reaction_role_concat,6144,random_forest,False,valid,spearman,0.86785365760336,2,0.1,random,,
condition_recombine_pseudolabel__mult_0.5__sim_0.85__teacher_ridge__seed_1,condition_recombine_pseudolabel,0.5,0.85,ridge,1,316,122,1.3860759493670887,True,0.8499999999999996,0.85,0.85,reaction_role_concat,6144,random_forest,False,valid,rmse,13.548489729299748,2,0.1,random,,
condition_recombine_pseudolabel__mult_0.5__sim_0.85__teacher_ridge__seed_1,condition_recombine_pseudolabel,0.5,0.85,ridge,1,316,122,1.3860759493670887,True,0.8499999999999996,0.85,0.85,reaction_role_concat,6144,random_forest,False,valid,mae,10.32986553430048,2,0.1,random,,
condition_recombine_pseudolabel__mult_0.5__sim_0.85__teacher_ridge__seed_1,condition_recombine_pseudolabel,0.5,0.85,ridge,1,316,122,1.3860759493670887,True,0.8499999999999996,0.85,0.85,reaction_role_concat,6144,random_forest,False,valid,r2,0.7479753895465774,2,0.1,random,,
condition_recombine_pseudolabel__mult_0.5__sim_0.85__teacher_ridge__seed_1,condition_recombine_pseudolabel,0.5,0.85,ridge,1,316,122,1.3860759493670887,True,0.8499999999999996,0.85,0.85,reaction_role_concat,6144,random_forest,False,valid,spearman,0.8718790460699158,2,0.1,random,,
condition_recombine_pseudolabel__mult_0.5__sim_0.85__teacher_ridge__seed_2,condition_recombine_pseudolabel,0.5,0.85,ridge,2,316,122,1.3860759493670887,True,0.8499999999999996,0.85,0.85,reaction_role_concat,6144,random_forest,False,valid,rmse,13.335169658452587,2,0.1,random,,
condition_recombine_pseudolabel__mult_0.5__sim_0.85__teacher_ridge__seed_2,condition_recombine_pseudolabel,0.5,0.85,ridge,2,316,122,1.3860759493670887,True,0.8499999999999996,0.85,0.85,reaction_role_concat,6144,random_forest,False,valid,mae,10.479086388253526,2,0.1,random,,
condition_recombine_pseudolabel__mult_0.5__sim_0.85__teacher_ridge__seed_2,condition_recombine_pseudolabel,0.5,0.85,ridge,2,316,122,1.3860759493670887,True,0.8499999999999996,0.85,0.85,reaction_role_concat,6144,random_forest,False,valid,r2,0.7558491334087463,2,0.1,random,,
condition_recombine_pseudolabel__mult_0.5__sim_0.85__teacher_ridge__seed_2,condition_recombine_pseudolabel,0.5,0.85,ridge,2,316,122,1.3860759493670887,True,0.8499999999999996,0.85,0.85,reaction_role_concat,6144,random_forest,False,valid,spearman,0.8728680625183308,2,0.1,random,,
condition_recombine_pseudolabel__mult_0.5__sim_0.85__teacher_ridge__seed_3,condition_recombine_pseudolabel,0.5,0.85,ridge,3,316,115,1.3639240506329113,True,0.8499999999999996,0.85,0.85,reaction_role_concat,6144,random_forest,False,valid,rmse,13.392121044066384,2,0.1,random,,
condition_recombine_pseudolabel__mult_0.5__sim_0.85__teacher_ridge__seed_3,condition_recombine_pseudolabel,0.5,0.85,ridge,3,316,115,1.3639240506329113,True,0.8499999999999996,0.85,0.85,reaction_role_concat,6144,random_forest,False,valid,mae,10.12499443417165,2,0.1,random,,
condition_recombine_pseudolabel__mult_0.5__sim_0.85__teacher_ridge__seed_3,condition_recombine_pseudolabel,0.5,0.85,ridge,3,316,115,1.3639240506329113,True,0.8499999999999996,0.85,0.85,reaction_role_concat,6144,random_forest,False,valid,r2,0.753759257924504,2,0.1,random,,
condition_recombine_pseudolabel__mult_0.5__sim_0.85__teacher_ridge__seed_3,condition_recombine_pseudolabel,0.5,0.85,ridge,3,316,115,1.3639240506329113,True,0.8499999999999996,0.85,0.85,reaction_role_concat,6144,random_forest,False,valid,spearman,0.8722803776115939,2,0.1,random,,
condition_recombine_pseudolabel__mult_0.5__sim_0.85__teacher_ridge__seed_4,condition_recombine_pseudolabel,0.5,0.85,ridge,4,316,118,1.3734177215189873,True,0.8499999999999995,0.85,0.85,reaction_role_concat,6144,random_forest,False,valid,rmse,13.551109267891809,2,0.1,random,,
condition_recombine_pseudolabel__mult_0.5__sim_0.85__teacher_ridge__seed_4,condition_recombine_pseudolabel,0.5,0.85,ridge,4,316,118,1.3734177215189873,True,0.8499999999999995,0.85,0.85,reaction_role_concat,6144,random_forest,False,valid,mae,10.120328377986256,2,0.1,random,,
condition_recombine_pseudolabel__mult_0.5__sim_0.85__teacher_ridge__seed_4,condition_recombine_pseudolabel,0.5,0.85,ridge,4,316,118,1.3734177215189873,True,0.8499999999999995,0.85,0.85,reaction_role_concat,6144,random_forest,False,valid,r2,0.7478779245111957,2,0.1,random,,
condition_recombine_pseudolabel__mult_0.5__sim_0.85__teacher_ridge__seed_4,condition_recombine_pseudolabel,0.5,0.85,ridge,4,316,118,1.3734177215189873,True,0.8499999999999995,0.85,0.85,reaction_role_concat,6144,random_forest,False,valid,spearman,0.869337084912678,2,0.1,random,,
condition_recombine_pseudolabel__mult_0.5__sim_0.85__teacher_rf__seed_0,condition_recombine_pseudolabel,0.5,0.85,random_forest,0,316,105,1.3322784810126582,True,0.8499999999999998,0.85,0.85,reaction_role_concat,6144,random_forest,False,valid,rmse,13.34841798959646,2,0.1,random,,
condition_recombine_pseudolabel__mult_0.5__sim_0.85__teacher_rf__seed_0,condition_recombine_pseudolabel,0.5,0.85,random_forest,0,316,105,1.3322784810126582,True,0.8499999999999998,0.85,0.85,reaction_role_concat,6144,random_forest,False,valid,mae,9.872130196955952,2,0.1,random,,
condition_recombine_pseudolabel__mult_0.5__sim_0.85__teacher_rf__seed_0,condition_recombine_pseudolabel,0.5,0.85,random_forest,0,316,105,1.3322784810126582,True,0.8499999999999998,0.85,0.85,reaction_role_concat,6144,random_forest,False,valid,r2,0.7553637705110104,2,0.1,random,,
condition_recombine_pseudolabel__mult_0.5__sim_0.85__teacher_rf__seed_0,condition_recombine_pseudolabel,0.5,0.85,random_forest,0,316,105,1.3322784810126582,True,0.8499999999999998,0.85,0.85,reaction_role_concat,6144,random_forest,False,valid,spearman,0.8722406533833056,2,0.1,random,,
condition_recombine_pseudolabel__mult_0.5__sim_0.85__teacher_rf__seed_1,condition_recombine_pseudolabel,0.5,0.85,random_forest,1,316,122,1.3860759493670887,True,0.8499999999999996,0.85,0.85,reaction_role_concat,6144,random_forest,False,valid,rmse,13.662786373171912,2,0.1,random,,
condition_recombine_pseudolabel__mult_0.5__sim_0.85__teacher_rf__seed_1,condition_recombine_pseudolabel,0.5,0.85,random_forest,1,316,122,1.3860759493670887,True,0.8499999999999996,0.85,0.85,reaction_role_concat,6144,random_forest,False,valid,mae,9.997961947666882,2,0.1,random,,
condition_recombine_pseudolabel__mult_0.5__sim_0.85__teacher_rf__seed_1,condition_recombine_pseudolabel,0.5,0.85,random_forest,1,316,122,1.3860759493670887,True,0.8499999999999996,0.85,0.85,reaction_role_concat,6144,random_forest,False,valid,r2,0.7437052352647883,2,0.1,random,,
condition_recombine_pseudolabel__mult_0.5__sim_0.85__teacher_rf__seed_1,condition_recombine_pseudolabel,0.5,0.85,random_forest,1,316,122,1.3860759493670887,True,0.8499999999999996,0.85,0.85,reaction_role_concat,6144,random_forest,False,valid,spearman,0.8665154963445475,2,0.1,random,,
condition_recombine_pseudolabel__mult_0.5__sim_0.85__teacher_rf__seed_2,condition_recombine_pseudolabel,0.5,0.85,random_forest,2,316,122,1.3860759493670887,True,0.8499999999999996,0.85,0.85,reaction_role_concat,6144,random_forest,False,valid,rmse,13.391621780631308,2,0.1,random,,
condition_recombine_pseudolabel__mult_0.5__sim_0.85__teacher_rf__seed_2,condition_recombine_pseudolabel,0.5,0.85,random_forest,2,316,122,1.3860759493670887,True,0.8499999999999996,0.85,0.85,reaction_role_concat,6144,random_forest,False,valid,mae,9.9020924055167,2,0.1,random,,
condition_recombine_pseudolabel__mult_0.5__sim_0.85__teacher_rf__seed_2,condition_recombine_pseudolabel,0.5,0.85,random_forest,2,316,122,1.3860759493670887,True,0.8499999999999996,0.85,0.85,reaction_role_concat,6144,random_forest,False,valid,r2,0.7537776174818487,2,0.1,random,,
condition_recombine_pseudolabel__mult_0.5__sim_0.85__teacher_rf__seed_2,condition_recombine_pseudolabel,0.5,0.85,random_forest,2,316,122,1.3860759493670887,True,0.8499999999999996,0.85,0.85,reaction_role_concat,6144,random_forest,False,valid,spearman,0.8745952875424384,2,0.1,random,,
condition_recombine_pseudolabel__mult_0.5__sim_0.85__teacher_rf__seed_3,condition_recombine_pseudolabel,0.5,0.85,random_forest,3,316,115,1.3639240506329113,True,0.8499999999999996,0.85,0.85,reaction_role_concat,6144,random_forest,False,valid,rmse,13.323929033432083,2,0.1,random,,
condition_recombine_pseudolabel__mult_0.5__sim_0.85__teacher_rf__seed_3,condition_recombine_pseudolabel,0.5,0.85,random_forest,3,316,115,1.3639240506329113,True,0.8499999999999996,0.85,0.85,reaction_role_concat,6144,random_forest,False,valid,mae,9.815516055382695,2,0.1,random,,
condition_recombine_pseudolabel__mult_0.5__sim_0.85__teacher_rf__seed_3,condition_recombine_pseudolabel,0.5,0.85,random_forest,3,316,115,1.3639240506329113,True,0.8499999999999996,0.85,0.85,reaction_role_concat,6144,random_forest,False,valid,r2,0.7562605644946503,2,0.1,random,,
condition_recombine_pseudolabel__mult_0.5__sim_0.85__teacher_rf__seed_3,condition_recombine_pseudolabel,0.5,0.85,random_forest,3,316,115,1.3639240506329113,True,0.8499999999999996,0.85,0.85,reaction_role_concat,6144,random_forest,False,valid,spearman,0.8752306804684433,2,0.1,random,,
condition_recombine_pseudolabel__mult_0.5__sim_0.85__teacher_rf__seed_4,condition_recombine_pseudolabel,0.5,0.85,random_forest,4,316,118,1.3734177215189873,True,0.8499999999999995,0.85,0.85,reaction_role_concat,6144,random_forest,False,valid,rmse,13.75268825850193,2,0.1,random,,
condition_recombine_pseudolabel__mult_0.5__sim_0.85__teacher_rf__seed_4,condition_recombine_pseudolabel,0.5,0.85,random_forest,4,316,118,1.3734177215189873,True,0.8499999999999995,0.85,0.85,reaction_role_concat,6144,random_forest,False,valid,mae,9.987494079895034,2,0.1,random,,
condition_recombine_pseudolabel__mult_0.5__sim_0.85__teacher_rf__seed_4,condition_recombine_pseudolabel,0.5,0.85,random_forest,4,316,118,1.3734177215189873,True,0.8499999999999995,0.85,0.85,reaction_role_concat,6144,random_forest,False,valid,r2,0.7403212711596124,2,0.1,random,,
condition_recombine_pseudolabel__mult_0.5__sim_0.85__teacher_rf__seed_4,condition_recombine_pseudolabel,0.5,0.85,random_forest,4,316,118,1.3734177215189873,True,0.8499999999999995,0.85,0.85,reaction_role_concat,6144,random_forest,False,valid,spearman,0.8626774348760966,2,0.1,random,,
condition_recombine_pseudolabel__mult_0.5__sim_0.9__teacher_ridge__seed_0,condition_recombine_pseudolabel,0.5,0.9,ridge,0,316,49,1.1550632911392404,True,0.85,0.85,0.85,reaction_role_concat,6144,random_forest,False,valid,rmse,13.662916326764801,2,0.1,random,,
condition_recombine_pseudolabel__mult_0.5__sim_0.9__teacher_ridge__seed_0,condition_recombine_pseudolabel,0.5,0.9,ridge,0,316,49,1.1550632911392404,True,0.85,0.85,0.85,reaction_role_concat,6144,random_forest,False,valid,mae,10.225912030359613,2,0.1,random,,
condition_recombine_pseudolabel__mult_0.5__sim_0.9__teacher_ridge__seed_0,condition_recombine_pseudolabel,0.5,0.9,ridge,0,316,49,1.1550632911392404,True,0.85,0.85,0.85,reaction_role_concat,6144,random_forest,False,valid,r2,0.7437003597462808,2,0.1,random,,
condition_recombine_pseudolabel__mult_0.5__sim_0.9__teacher_ridge__seed_0,condition_recombine_pseudolabel,0.5,0.9,ridge,0,316,49,1.1550632911392404,True,0.85,0.85,0.85,reaction_role_concat,6144,random_forest,False,valid,spearman,0.8681817719399577,2,0.1,random,,
condition_recombine_pseudolabel__mult_0.5__sim_0.9__teacher_ridge__seed_1,condition_recombine_pseudolabel,0.5,0.9,ridge,1,316,62,1.1962025316455696,True,0.8500000000000001,0.85,0.85,reaction_role_concat,6144,random_forest,False,valid,rmse,13.487984049237015,2,0.1,random,,
condition_recombine_pseudolabel__mult_0.5__sim_0.9__teacher_ridge__seed_1,condition_recombine_pseudolabel,0.5,0.9,ridge,1,316,62,1.1962025316455696,True,0.8500000000000001,0.85,0.85,reaction_role_concat,6144,random_forest,False,valid,mae,10.255060975254338,2,0.1,random,,
condition_recombine_pseudolabel__mult_0.5__sim_0.9__teacher_ridge__seed_1,condition_recombine_pseudolabel,0.5,0.9,ridge,1,316,62,1.1962025316455696,True,0.8500000000000001,0.85,0.85,reaction_role_concat,6144,random_forest,False,valid,r2,0.750221377249689,2,0.1,random,,
condition_recombine_pseudolabel__mult_0.5__sim_0.9__teacher_ridge__seed_1,condition_recombine_pseudolabel,0.5,0.9,ridge,1,316,62,1.1962025316455696,True,0.8500000000000001,0.85,0.85,reaction_role_concat,6144,random_forest,False,valid,spearman,0.8724778303933803,2,0.1,random,,
condition_recombine_pseudolabel__mult_0.5__sim_0.9__teacher_ridge__seed_2,condition_recombine_pseudolabel,0.5,0.9,ridge,2,316,53,1.1677215189873418,True,0.8500000000000001,0.85,0.85,reaction_role_concat,6144,random_forest,False,valid,rmse,13.13544814744705,2,0.1,random,,
condition_recombine_pseudolabel__mult_0.5__sim_0.9__teacher_ridge__seed_2,condition_recombine_pseudolabel,0.5,0.9,ridge,2,316,53,1.1677215189873418,True,0.8500000000000001,0.85,0.85,reaction_role_concat,6144,random_forest,False,valid,mae,10.088200109928469,2,0.1,random,,
condition_recombine_pseudolabel__mult_0.5__sim_0.9__teacher_ridge__seed_2,condition_recombine_pseudolabel,0.5,0.9,ridge,2,316,53,1.1677215189873418,True,0.8500000000000001,0.85,0.85,reaction_role_concat,6144,random_forest,False,valid,r2,0.76310768720438,2,0.1,random,,
condition_recombine_pseudolabel__mult_0.5__sim_0.9__teacher_ridge__seed_2,condition_recombine_pseudolabel,0.5,0.9,ridge,2,316,53,1.1677215189873418,True,0.8500000000000001,0.85,0.85,reaction_role_concat,6144,random_forest,False,valid,spearman,0.8786469641012439,2,0.1,random,,
condition_recombine_pseudolabel__mult_0.5__sim_0.9__teacher_ridge__seed_3,condition_recombine_pseudolabel,0.5,0.9,ridge,3,316,53,1.1677215189873418,True,0.8500000000000001,0.85,0.85,reaction_role_concat,6144,random_forest,False,valid,rmse,13.44401398987902,2,0.1,random,,
condition_recombine_pseudolabel__mult_0.5__sim_0.9__teacher_ridge__seed_3,condition_recombine_pseudolabel,0.5,0.9,ridge,3,316,53,1.1677215189873418,True,0.8500000000000001,0.85,0.85,reaction_role_concat,6144,random_forest,False,valid,mae,10.05059825615434,2,0.1,random,,
condition_recombine_pseudolabel__mult_0.5__sim_0.9__teacher_ridge__seed_3,condition_recombine_pseudolabel,0.5,0.9,ridge,3,316,53,1.1677215189873418,True,0.8500000000000001,0.85,0.85,reaction_role_concat,6144,random_forest,False,valid,r2,0.7518472509471646,2,0.1,random,,
condition_recombine_pseudolabel__mult_0.5__sim_0.9__teacher_ridge__seed_3,condition_recombine_pseudolabel,0.5,0.9,ridge,3,316,53,1.1677215189873418,True,0.8500000000000001,0.85,0.85,reaction_role_concat,6144,random_forest,False,valid,spearman,0.8716636784400777,2,0.1,random,,
condition_recombine_pseudolabel__mult_0.5__sim_0.9__teacher_ridge__seed_4,condition_recombine_pseudolabel,0.5,0.9,ridge,4,316,50,1.1582278481012658,True,0.85,0.85,0.85,reaction_role_concat,6144,random_forest,False,valid,rmse,13.4917766532655,2,0.1,random,,
condition_recombine_pseudolabel__mult_0.5__sim_0.9__teacher_ridge__seed_4,condition_recombine_pseudolabel,0.5,0.9,ridge,4,316,50,1.1582278481012658,True,0.85,0.85,0.85,reaction_role_concat,6144,random_forest,False,valid,mae,10.03705037983988,2,0.1,random,,
condition_recombine_pseudolabel__mult_0.5__sim_0.9__teacher_ridge__seed_4,condition_recombine_pseudolabel,0.5,0.9,ridge,4,316,50,1.1582278481012658,True,0.85,0.85,0.85,reaction_role_concat,6144,random_forest,False,valid,r2,0.750080890043925,2,0.1,random,,
condition_recombine_pseudolabel__mult_0.5__sim_0.9__teacher_ridge__seed_4,condition_recombine_pseudolabel,0.5,0.9,ridge,4,316,50,1.1582278481012658,True,0.85,0.85,0.85,reaction_role_concat,6144,random_forest,False,valid,spearman,0.8691043866146162,2,0.1,random,,
condition_recombine_pseudolabel__mult_0.5__sim_0.9__teacher_rf__seed_0,condition_recombine_pseudolabel,0.5,0.9,random_forest,0,316,49,1.1550632911392404,True,0.85,0.85,0.85,reaction_role_concat,6144,random_forest,False,valid,rmse,13.353763206653865,2,0.1,random,,
condition_recombine_pseudolabel__mult_0.5__sim_0.9__teacher_rf__seed_0,condition_recombine_pseudolabel,0.5,0.9,random_forest,0,316,49,1.1550632911392404,True,0.85,0.85,0.85,reaction_role_concat,6144,random_forest,False,valid,mae,9.776872734464423,2,0.1,random,,
condition_recombine_pseudolabel__mult_0.5__sim_0.9__teacher_rf__seed_0,condition_recombine_pseudolabel,0.5,0.9,random_forest,0,316,49,1.1550632911392404,True,0.85,0.85,0.85,reaction_role_concat,6144,random_forest,False,valid,r2,0.7551678078791805,2,0.1,random,,
condition_recombine_pseudolabel__mult_0.5__sim_0.9__teacher_rf__seed_0,condition_recombine_pseudolabel,0.5,0.9,random_forest,0,316,49,1.1550632911392404,True,0.85,0.85,0.85,reaction_role_concat,6144,random_forest,False,valid,spearman,0.8734393903898903,2,0.1,random,,
condition_recombine_pseudolabel__mult_0.5__sim_0.9__teacher_rf__seed_1,condition_recombine_pseudolabel,0.5,0.9,random_forest,1,316,62,1.1962025316455696,True,0.8500000000000001,0.85,0.85,reaction_role_concat,6144,random_forest,False,valid,rmse,13.612818269903492,2,0.1,random,,
condition_recombine_pseudolabel__mult_0.5__sim_0.9__teacher_rf__seed_1,condition_recombine_pseudolabel,0.5,0.9,random_forest,1,316,62,1.1962025316455696,True,0.8500000000000001,0.85,0.85,reaction_role_concat,6144,random_forest,False,valid,mae,9.99996468176721,2,0.1,random,,
condition_recombine_pseudolabel__mult_0.5__sim_0.9__teacher_rf__seed_1,condition_recombine_pseudolabel,0.5,0.9,random_forest,1,316,62,1.1962025316455696,True,0.8500000000000001,0.85,0.85,reaction_role_concat,6144,random_forest,False,valid,r2,0.7455764706889256,2,0.1,random,,
condition_recombine_pseudolabel__mult_0.5__sim_0.9__teacher_rf__seed_1,condition_recombine_pseudolabel,0.5,0.9,random_forest,1,316,62,1.1962025316455696,True,0.8500000000000001,0.85,0.85,reaction_role_concat,6144,random_forest,False,valid,spearman,0.8694375638430546,2,0.1,random,,
condition_recombine_pseudolabel__mult_0.5__sim_0.9__teacher_rf__seed_2,condition_recombine_pseudolabel,0.5,0.9,random_forest,2,316,53,1.1677215189873418,True,0.8500000000000001,0.85,0.85,reaction_role_concat,6144,random_forest,False,valid,rmse,13.351965577141888,2,0.1,random,,
condition_recombine_pseudolabel__mult_0.5__sim_0.9__teacher_rf__seed_2,condition_recombine_pseudolabel,0.5,0.9,random_forest,2,316,53,1.1677215189873418,True,0.8500000000000001,0.85,0.85,reaction_role_concat,6144,random_forest,False,valid,mae,9.883225897212006,2,0.1,random,,
condition_recombine_pseudolabel__mult_0.5__sim_0.9__teacher_rf__seed_2,condition_recombine_pseudolabel,0.5,0.9,random_forest,2,316,53,1.1677215189873418,True,0.8500000000000001,0.85,0.85,reaction_role_concat,6144,random_forest,False,valid,r2,0.7552337200784318,2,0.1,random,,
condition_recombine_pseudolabel__mult_0.5__sim_0.9__teacher_rf__seed_2,condition_recombine_pseudolabel,0.5,0.9,random_forest,2,316,53,1.1677215189873418,True,0.8500000000000001,0.85,0.85,reaction_role_concat,6144,random_forest,False,valid,spearman,0.87496429446698,2,0.1,random,,
condition_recombine_pseudolabel__mult_0.5__sim_0.9__teacher_rf__seed_3,condition_recombine_pseudolabel,0.5,0.9,random_forest,3,316,53,1.1677215189873418,True,0.8500000000000001,0.85,0.85,reaction_role_concat,6144,random_forest,False,valid,rmse,13.354169927073832,2,0.1,random,,
condition_recombine_pseudolabel__mult_0.5__sim_0.9__teacher_rf__seed_3,condition_recombine_pseudolabel,0.5,0.9,random_forest,3,316,53,1.1677215189873418,True,0.8500000000000001,0.85,0.85,reaction_role_concat,6144,random_forest,False,valid,mae,9.774006984270827,2,0.1,random,,
condition_recombine_pseudolabel__mult_0.5__sim_0.9__teacher_rf__seed_3,condition_recombine_pseudolabel,0.5,0.9,random_forest,3,316,53,1.1677215189873418,True,0.8500000000000001,0.85,0.85,reaction_role_concat,6144,random_forest,False,valid,r2,0.7551528937659219,2,0.1,random,,
condition_recombine_pseudolabel__mult_0.5__sim_0.9__teacher_rf__seed_3,condition_recombine_pseudolabel,0.5,0.9,random_forest,3,316,53,1.1677215189873418,True,0.8500000000000001,0.85,0.85,reaction_role_concat,6144,random_forest,False,valid,spearman,0.8742983294633218,2,0.1,random,,
condition_recombine_pseudolabel__mult_0.5__sim_0.9__teacher_rf__seed_4,condition_recombine_pseudolabel,0.5,0.9,random_forest,4,316,50,1.1582278481012658,True,0.85,0.85,0.85,reaction_role_concat,6144,random_forest,False,valid,rmse,13.526607223437836,2,0.1,random,,
condition_recombine_pseudolabel__mult_0.5__sim_0.9__teacher_rf__seed_4,condition_recombine_pseudolabel,0.5,0.9,random_forest,4,316,50,1.1582278481012658,True,0.85,0.85,0.85,reaction_role_concat,6144,random_forest,False,valid,mae,9.919571608354396,2,0.1,random,,
condition_recombine_pseudolabel__mult_0.5__sim_0.9__teacher_rf__seed_4,condition_recombine_pseudolabel,0.5,0.9,random_forest,4,316,50,1.1582278481012658,True,0.85,0.85,0.85,reaction_role_concat,6144,random_forest,False,valid,r2,0.7487888346573963,2,0.1,random,,
condition_recombine_pseudolabel__mult_0.5__sim_0.9__teacher_rf__seed_4,condition_recombine_pseudolabel,0.5,0.9,random_forest,4,316,50,1.1582278481012658,True,0.85,0.85,0.85,reaction_role_concat,6144,random_forest,False,valid,spearman,0.8669341585544496,2,0.1,random,,
condition_recombine_pseudolabel__mult_0.5__sim_0.95__teacher_ridge__seed_0,condition_recombine_pseudolabel,0.5,0.95,ridge,0,316,0,1.0,True,,,,reaction_role_concat,6144,random_forest,False,valid,rmse,13.313134232237564,2,0.1,random,,
condition_recombine_pseudolabel__mult_0.5__sim_0.95__teacher_ridge__seed_0,condition_recombine_pseudolabel,0.5,0.95,ridge,0,316,0,1.0,True,,,,reaction_role_concat,6144,random_forest,False,valid,mae,9.83050099094363,2,0.1,random,,
condition_recombine_pseudolabel__mult_0.5__sim_0.95__teacher_ridge__seed_0,condition_recombine_pseudolabel,0.5,0.95,ridge,0,316,0,1.0,True,,,,reaction_role_concat,6144,random_forest,False,valid,r2,0.7566553508825153,2,0.1,random,,
condition_recombine_pseudolabel__mult_0.5__sim_0.95__teacher_ridge__seed_0,condition_recombine_pseudolabel,0.5,0.95,ridge,0,316,0,1.0,True,,,,reaction_role_concat,6144,random_forest,False,valid,spearman,0.874611644577616,2,0.1,random,,
condition_recombine_pseudolabel__mult_0.5__sim_0.95__teacher_ridge__seed_1,condition_recombine_pseudolabel,0.5,0.95,ridge,1,316,0,1.0,True,,,,reaction_role_concat,6144,random_forest,False,valid,rmse,13.313134232237564,2,0.1,random,,
condition_recombine_pseudolabel__mult_0.5__sim_0.95__teacher_ridge__seed_1,condition_recombine_pseudolabel,0.5,0.95,ridge,1,316,0,1.0,True,,,,reaction_role_concat,6144,random_forest,False,valid,mae,9.83050099094363,2,0.1,random,,
condition_recombine_pseudolabel__mult_0.5__sim_0.95__teacher_ridge__seed_1,condition_recombine_pseudolabel,0.5,0.95,ridge,1,316,0,1.0,True,,,,reaction_role_concat,6144,random_forest,False,valid,r2,0.7566553508825153,2,0.1,random,,
condition_recombine_pseudolabel__mult_0.5__sim_0.95__teacher_ridge__seed_1,condition_recombine_pseudolabel,0.5,0.95,ridge,1,316,0,1.0,True,,,,reaction_role_concat,6144,random_forest,False,valid,spearman,0.874611644577616,2,0.1,random,,
condition_recombine_pseudolabel__mult_0.5__sim_0.95__teacher_ridge__seed_2,condition_recombine_pseudolabel,0.5,0.95,ridge,2,316,0,1.0,True,,,,reaction_role_concat,6144,random_forest,False,valid,rmse,13.313134232237564,2,0.1,random,,
condition_recombine_pseudolabel__mult_0.5__sim_0.95__teacher_ridge__seed_2,condition_recombine_pseudolabel,0.5,0.95,ridge,2,316,0,1.0,True,,,,reaction_role_concat,6144,random_forest,False,valid,mae,9.83050099094363,2,0.1,random,,
condition_recombine_pseudolabel__mult_0.5__sim_0.95__teacher_ridge__seed_2,condition_recombine_pseudolabel,0.5,0.95,ridge,2,316,0,1.0,True,,,,reaction_role_concat,6144,random_forest,False,valid,r2,0.7566553508825153,2,0.1,random,,
condition_recombine_pseudolabel__mult_0.5__sim_0.95__teacher_ridge__seed_2,condition_recombine_pseudolabel,0.5,0.95,ridge,2,316,0,1.0,True,,,,reaction_role_concat,6144,random_forest,False,valid,spearman,0.874611644577616,2,0.1,random,,
condition_recombine_pseudolabel__mult_0.5__sim_0.95__teacher_ridge__seed_3,condition_recombine_pseudolabel,0.5,0.95,ridge,3,316,0,1.0,True,,,,reaction_role_concat,6144,random_forest,False,valid,rmse,13.313134232237564,2,0.1,random,,
condition_recombine_pseudolabel__mult_0.5__sim_0.95__teacher_ridge__seed_3,condition_recombine_pseudolabel,0.5,0.95,ridge,3,316,0,1.0,True,,,,reaction_role_concat,6144,random_forest,False,valid,mae,9.83050099094363,2,0.1,random,,
condition_recombine_pseudolabel__mult_0.5__sim_0.95__teacher_ridge__seed_3,condition_recombine_pseudolabel,0.5,0.95,ridge,3,316,0,1.0,True,,,,reaction_role_concat,6144,random_forest,False,valid,r2,0.7566553508825153,2,0.1,random,,
condition_recombine_pseudolabel__mult_0.5__sim_0.95__teacher_ridge__seed_3,condition_recombine_pseudolabel,0.5,0.95,ridge,3,316,0,1.0,True,,,,reaction_role_concat,6144,random_forest,False,valid,spearman,0.874611644577616,2,0.1,random,,
condition_recombine_pseudolabel__mult_0.5__sim_0.95__teacher_ridge__seed_4,condition_recombine_pseudolabel,0.5,0.95,ridge,4,316,0,1.0,True,,,,reaction_role_concat,6144,random_forest,False,valid,rmse,13.313134232237564,2,0.1,random,,
condition_recombine_pseudolabel__mult_0.5__sim_0.95__teacher_ridge__seed_4,condition_recombine_pseudolabel,0.5,0.95,ridge,4,316,0,1.0,True,,,,reaction_role_concat,6144,random_forest,False,valid,mae,9.83050099094363,2,0.1,random,,
condition_recombine_pseudolabel__mult_0.5__sim_0.95__teacher_ridge__seed_4,condition_recombine_pseudolabel,0.5,0.95,ridge,4,316,0,1.0,True,,,,reaction_role_concat,6144,random_forest,False,valid,r2,0.7566553508825153,2,0.1,random,,
condition_recombine_pseudolabel__mult_0.5__sim_0.95__teacher_ridge__seed_4,condition_recombine_pseudolabel,0.5,0.95,ridge,4,316,0,1.0,True,,,,reaction_role_concat,6144,random_forest,False,valid,spearman,0.874611644577616,2,0.1,random,,
condition_recombine_pseudolabel__mult_0.5__sim_0.95__teacher_rf__seed_0,condition_recombine_pseudolabel,0.5,0.95,random_forest,0,316,0,1.0,True,,,,reaction_role_concat,6144,random_forest,False,valid,rmse,13.313134232237564,2,0.1,random,,
condition_recombine_pseudolabel__mult_0.5__sim_0.95__teacher_rf__seed_0,condition_recombine_pseudolabel,0.5,0.95,random_forest,0,316,0,1.0,True,,,,reaction_role_concat,6144,random_forest,False,valid,mae,9.83050099094363,2,0.1,random,,
condition_recombine_pseudolabel__mult_0.5__sim_0.95__teacher_rf__seed_0,condition_recombine_pseudolabel,0.5,0.95,random_forest,0,316,0,1.0,True,,,,reaction_role_concat,6144,random_forest,False,valid,r2,0.7566553508825153,2,0.1,random,,
condition_recombine_pseudolabel__mult_0.5__sim_0.95__teacher_rf__seed_0,condition_recombine_pseudolabel,0.5,0.95,random_forest,0,316,0,1.0,True,,,,reaction_role_concat,6144,random_forest,False,valid,spearman,0.874611644577616,2,0.1,random,,
condition_recombine_pseudolabel__mult_0.5__sim_0.95__teacher_rf__seed_1,condition_recombine_pseudolabel,0.5,0.95,random_forest,1,316,0,1.0,True,,,,reaction_role_concat,6144,random_forest,False,valid,rmse,13.313134232237564,2,0.1,random,,
condition_recombine_pseudolabel__mult_0.5__sim_0.95__teacher_rf__seed_1,condition_recombine_pseudolabel,0.5,0.95,random_forest,1,316,0,1.0,True,,,,reaction_role_concat,6144,random_forest,False,valid,mae,9.83050099094363,2,0.1,random,,
condition_recombine_pseudolabel__mult_0.5__sim_0.95__teacher_rf__seed_1,condition_recombine_pseudolabel,0.5,0.95,random_forest,1,316,0,1.0,True,,,,reaction_role_concat,6144,random_forest,False,valid,r2,0.7566553508825153,2,0.1,random,,
condition_recombine_pseudolabel__mult_0.5__sim_0.95__teacher_rf__seed_1,condition_recombine_pseudolabel,0.5,0.95,random_forest,1,316,0,1.0,True,,,,reaction_role_concat,6144,random_forest,False,valid,spearman,0.874611644577616,2,0.1,random,,
condition_recombine_pseudolabel__mult_0.5__sim_0.95__teacher_rf__seed_2,condition_recombine_pseudolabel,0.5,0.95,random_forest,2,316,0,1.0,True,,,,reaction_role_concat,6144,random_forest,False,valid,rmse,13.313134232237564,2,0.1,random,,
condition_recombine_pseudolabel__mult_0.5__sim_0.95__teacher_rf__seed_2,condition_recombine_pseudolabel,0.5,0.95,random_forest,2,316,0,1.0,True,,,,reaction_role_concat,6144,random_forest,False,valid,mae,9.83050099094363,2,0.1,random,,
condition_recombine_pseudolabel__mult_0.5__sim_0.95__teacher_rf__seed_2,condition_recombine_pseudolabel,0.5,0.95,random_forest,2,316,0,1.0,True,,,,reaction_role_concat,6144,random_forest,False,valid,r2,0.7566553508825153,2,0.1,random,,
condition_recombine_pseudolabel__mult_0.5__sim_0.95__teacher_rf__seed_2,condition_recombine_pseudolabel,0.5,0.95,random_forest,2,316,0,1.0,True,,,,reaction_role_concat,6144,random_forest,False,valid,spearman,0.874611644577616,2,0.1,random,,
condition_recombine_pseudolabel__mult_0.5__sim_0.95__teacher_rf__seed_3,condition_recombine_pseudolabel,0.5,0.95,random_forest,3,316,0,1.0,True,,,,reaction_role_concat,6144,random_forest,False,valid,rmse,13.313134232237564,2,0.1,random,,
condition_recombine_pseudolabel__mult_0.5__sim_0.95__teacher_rf__seed_3,condition_recombine_pseudolabel,0.5,0.95,random_forest,3,316,0,1.0,True,,,,reaction_role_concat,6144,random_forest,False,valid,mae,9.83050099094363,2,0.1,random,,
condition_recombine_pseudolabel__mult_0.5__sim_0.95__teacher_rf__seed_3,condition_recombine_pseudolabel,0.5,0.95,random_forest,3,316,0,1.0,True,,,,reaction_role_concat,6144,random_forest,False,valid,r2,0.7566553508825153,2,0.1,random,,
condition_recombine_pseudolabel__mult_0.5__sim_0.95__teacher_rf__seed_3,condition_recombine_pseudolabel,0.5,0.95,random_forest,3,316,0,1.0,True,,,,reaction_role_concat,6144,random_forest,False,valid,spearman,0.874611644577616,2,0.1,random,,
condition_recombine_pseudolabel__mult_0.5__sim_0.95__teacher_rf__seed_4,condition_recombine_pseudolabel,0.5,0.95,random_forest,4,316,0,1.0,True,,,,reaction_role_concat,6144,random_forest,False,valid,rmse,13.313134232237564,2,0.1,random,,
condition_recombine_pseudolabel__mult_0.5__sim_0.95__teacher_rf__seed_4,condition_recombine_pseudolabel,0.5,0.95,random_forest,4,316,0,1.0,True,,,,reaction_role_concat,6144,random_forest,False,valid,mae,9.83050099094363,2,0.1,random,,
condition_recombine_pseudolabel__mult_0.5__sim_0.95__teacher_rf__seed_4,condition_recombine_pseudolabel,0.5,0.95,random_forest,4,316,0,1.0,True,,,,reaction_role_concat,6144,random_forest,False,valid,r2,0.7566553508825153,2,0.1,random,,
condition_recombine_pseudolabel__mult_0.5__sim_0.95__teacher_rf__seed_4,condition_recombine_pseudolabel,0.5,0.95,random_forest,4,316,0,1.0,True,,,,reaction_role_concat,6144,random_forest,False,valid,spearman,0.874611644577616,2,0.1,random,,
condition_recombine_pseudolabel__mult_1__sim_0.7__teacher_ridge__seed_0,condition_recombine_pseudolabel,1.0,0.7,ridge,0,316,316,2.0,True,0.8426353777133964,0.7682926654815674,0.85,reaction_role_concat,6144,random_forest,False,valid,rmse,13.95992927119237,2,0.1,random,,
condition_recombine_pseudolabel__mult_1__sim_0.7__teacher_ridge__seed_0,condition_recombine_pseudolabel,1.0,0.7,ridge,0,316,316,2.0,True,0.8426353777133964,0.7682926654815674,0.85,reaction_role_concat,6144,random_forest,False,valid,mae,10.840713065385632,2,0.1,random,,
condition_recombine_pseudolabel__mult_1__sim_0.7__teacher_ridge__seed_0,condition_recombine_pseudolabel,1.0,0.7,ridge,0,316,316,2.0,True,0.8426353777133964,0.7682926654815674,0.85,reaction_role_concat,6144,random_forest,False,valid,r2,0.7324360399341583,2,0.1,random,,
condition_recombine_pseudolabel__mult_1__sim_0.7__teacher_ridge__seed_0,condition_recombine_pseudolabel,1.0,0.7,ridge,0,316,316,2.0,True,0.8426353777133964,0.7682926654815674,0.85,reaction_role_concat,6144,random_forest,False,valid,spearman,0.8627403315708866,2,0.1,random,,
condition_recombine_pseudolabel__mult_1__sim_0.7__teacher_ridge__seed_1,condition_recombine_pseudolabel,1.0,0.7,ridge,1,316,316,2.0,True,0.8439884369886373,0.7866666913032532,0.85,reaction_role_concat,6144,random_forest,False,valid,rmse,13.98225272799299,2,0.1,random,,
condition_recombine_pseudolabel__mult_1__sim_0.7__teacher_ridge__seed_1,condition_recombine_pseudolabel,1.0,0.7,ridge,1,316,316,2.0,True,0.8439884369886373,0.7866666913032532,0.85,reaction_role_concat,6144,random_forest,False,valid,mae,10.6589338803678,2,0.1,random,,
condition_recombine_pseudolabel__mult_1__sim_0.7__teacher_ridge__seed_1,condition_recombine_pseudolabel,1.0,0.7,ridge,1,316,316,2.0,True,0.8439884369886373,0.7866666913032532,0.85,reaction_role_concat,6144,random_forest,False,valid,r2,0.7315796275425729,2,0.1,random,,
condition_recombine_pseudolabel__mult_1__sim_0.7__teacher_ridge__seed_1,condition_recombine_pseudolabel,1.0,0.7,ridge,1,316,316,2.0,True,0.8439884369886373,0.7866666913032532,0.85,reaction_role_concat,6144,random_forest,False,valid,spearman,0.8610374473729363,2,0.1,random,,
condition_recombine_pseudolabel__mult_1__sim_0.7__teacher_ridge__seed_2,condition_recombine_pseudolabel,1.0,0.7,ridge,2,316,316,2.0,True,0.8452307354423063,0.7894737124443054,0.85,reaction_role_concat,6144,random_forest,False,valid,rmse,13.759665341992731,2,0.1,random,,
condition_recombine_pseudolabel__mult_1__sim_0.7__teacher_ridge__seed_2,condition_recombine_pseudolabel,1.0,0.7,ridge,2,316,316,2.0,True,0.8452307354423063,0.7894737124443054,0.85,reaction_role_concat,6144,random_forest,False,valid,mae,10.777571265021267,2,0.1,random,,
condition_recombine_pseudolabel__mult_1__sim_0.7__teacher_ridge__seed_2,condition_recombine_pseudolabel,1.0,0.7,ridge,2,316,316,2.0,True,0.8452307354423063,0.7894737124443054,0.85,reaction_role_concat,6144,random_forest,False,valid,r2,0.7400577212668698,2,0.1,random,,
condition_recombine_pseudolabel__mult_1__sim_0.7__teacher_ridge__seed_2,condition_recombine_pseudolabel,1.0,0.7,ridge,2,316,316,2.0,True,0.8452307354423063,0.7894737124443054,0.85,reaction_role_concat,6144,random_forest,False,valid,spearman,0.8672632465240935,2,0.1,random,,
condition_recombine_pseudolabel__mult_1__sim_0.7__teacher_ridge__seed_3,condition_recombine_pseudolabel,1.0,0.7,ridge,3,316,316,2.0,True,0.8447552384077746,0.7806451320648193,0.85,reaction_role_concat,6144,random_forest,False,valid,rmse,13.731929641669714,2,0.1,random,,
condition_recombine_pseudolabel__mult_1__sim_0.7__teacher_ridge__seed_3,condition_recombine_pseudolabel,1.0,0.7,ridge,3,316,316,2.0,True,0.8447552384077746,0.7806451320648193,0.85,reaction_role_concat,6144,random_forest,False,valid,mae,10.726049853953569,2,0.1,random,,
condition_recombine_pseudolabel__mult_1__sim_0.7__teacher_ridge__seed_3,condition_recombine_pseudolabel,1.0,0.7,ridge,3,316,316,2.0,True,0.8447552384077746,0.7806451320648193,0.85,reaction_role_concat,6144,random_forest,False,valid,r2,0.7411046093412866,2,0.1,random,,
condition_recombine_pseudolabel__mult_1__sim_0.7__teacher_ridge__seed_3,condition_recombine_pseudolabel,1.0,0.7,ridge,3,316,316,2.0,True,0.8447552384077746,0.7806451320648193,0.85,reaction_role_concat,6144,random_forest,False,valid,spearman,0.8669641464522752,2,0.1,random,,
condition_recombine_pseudolabel__mult_1__sim_0.7__teacher_ridge__seed_4,condition_recombine_pseudolabel,1.0,0.7,ridge,4,316,316,2.0,True,0.8443142646098438,0.7764706015586853,0.85,reaction_role_concat,6144,random_forest,False,valid,rmse,13.391262188527024,2,0.1,random,,
condition_recombine_pseudolabel__mult_1__sim_0.7__teacher_ridge__seed_4,condition_recombine_pseudolabel,1.0,0.7,ridge,4,316,316,2.0,True,0.8443142646098438,0.7764706015586853,0.85,reaction_role_concat,6144,random_forest,False,valid,mae,10.28785185346045,2,0.1,random,,
condition_recombine_pseudolabel__mult_1__sim_0.7__teacher_ridge__seed_4,condition_recombine_pseudolabel,1.0,0.7,ridge,4,316,316,2.0,True,0.8443142646098438,0.7764706015586853,0.85,reaction_role_concat,6144,random_forest,False,valid,r2,0.7537908404413032,2,0.1,random,,
condition_recombine_pseudolabel__mult_1__sim_0.7__teacher_ridge__seed_4,condition_recombine_pseudolabel,1.0,0.7,ridge,4,316,316,2.0,True,0.8443142646098438,0.7764706015586853,0.85,reaction_role_concat,6144,random_forest,False,valid,spearman,0.8752450902375283,2,0.1,random,,
condition_recombine_pseudolabel__mult_1__sim_0.7__teacher_rf__seed_0,condition_recombine_pseudolabel,1.0,0.7,random_forest,0,316,316,2.0,True,0.8426353777133964,0.7682926654815674,0.85,reaction_role_concat,6144,random_forest,False,valid,rmse,13.337237468869315,2,0.1,random,,
condition_recombine_pseudolabel__mult_1__sim_0.7__teacher_rf__seed_0,condition_recombine_pseudolabel,1.0,0.7,random_forest,0,316,316,2.0,True,0.8426353777133964,0.7682926654815674,0.85,reaction_role_concat,6144,random_forest,False,valid,mae,9.752873197924487,2,0.1,random,,
condition_recombine_pseudolabel__mult_1__sim_0.7__teacher_rf__seed_0,condition_recombine_pseudolabel,1.0,0.7,random_forest,0,316,316,2.0,True,0.8426353777133964,0.7682926654815674,0.85,reaction_role_concat,6144,random_forest,False,valid,r2,0.7557734093106122,2,0.1,random,,
condition_recombine_pseudolabel__mult_1__sim_0.7__teacher_rf__seed_0,condition_recombine_pseudolabel,1.0,0.7,random_forest,0,316,316,2.0,True,0.8426353777133964,0.7682926654815674,0.85,reaction_role_concat,6144,random_forest,False,valid,spearman,0.8715556051719404,2,0.1,random,,
condition_recombine_pseudolabel__mult_1__sim_0.7__teacher_rf__seed_1,condition_recombine_pseudolabel,1.0,0.7,random_forest,1,316,316,2.0,True,0.8439884369886373,0.7866666913032532,0.85,reaction_role_concat,6144,random_forest,False,valid,rmse,13.896760942962088,2,0.1,random,,
condition_recombine_pseudolabel__mult_1__sim_0.7__teacher_rf__seed_1,condition_recombine_pseudolabel,1.0,0.7,random_forest,1,316,316,2.0,True,0.8439884369886373,0.7866666913032532,0.85,reaction_role_concat,6144,random_forest,False,valid,mae,9.909199868488162,2,0.1,random,,
condition_recombine_pseudolabel__mult_1__sim_0.7__teacher_rf__seed_1,condition_recombine_pseudolabel,1.0,0.7,random_forest,1,316,316,2.0,True,0.8439884369886373,0.7866666913032532,0.85,reaction_role_concat,6144,random_forest,False,valid,r2,0.7348520018118496,2,0.1,random,,
condition_recombine_pseudolabel__mult_1__sim_0.7__teacher_rf__seed_1,condition_recombine_pseudolabel,1.0,0.7,random_forest,1,316,316,2.0,True,0.8439884369886373,0.7866666913032532,0.85,reaction_role_concat,6144,random_forest,False,valid,spearman,0.8592469362008204,2,0.1,random,,
condition_recombine_pseudolabel__mult_1__sim_0.7__teacher_rf__seed_2,condition_recombine_pseudolabel,1.0,0.7,random_forest,2,316,316,2.0,True,0.8452307354423063,0.7894737124443054,0.85,reaction_role_concat,6144,random_forest,False,valid,rmse,13.824665499267073,2,0.1,random,,
condition_recombine_pseudolabel__mult_1__sim_0.7__teacher_rf__seed_2,condition_recombine_pseudolabel,1.0,0.7,random_forest,2,316,316,2.0,True,0.8452307354423063,0.7894737124443054,0.85,reaction_role_concat,6144,random_forest,False,valid,mae,10.129244108012394,2,0.1,random,,
condition_recombine_pseudolabel__mult_1__sim_0.7__teacher_rf__seed_2,condition_recombine_pseudolabel,1.0,0.7,random_forest,2,316,316,2.0,True,0.8452307354423063,0.7894737124443054,0.85,reaction_role_concat,6144,random_forest,False,valid,r2,0.737596004748992,2,0.1,random,,
condition_recombine_pseudolabel__mult_1__sim_0.7__teacher_rf__seed_2,condition_recombine_pseudolabel,1.0,0.7,random_forest,2,316,316,2.0,True,0.8452307354423063,0.7894737124443054,0.85,reaction_role_concat,6144,random_forest,False,valid,spearman,0.8617600778198882,2,0.1,random,,
condition_recombine_pseudolabel__mult_1__sim_0.7__teacher_rf__seed_3,condition_recombine_pseudolabel,1.0,0.7,random_forest,3,316,316,2.0,True,0.8447552384077746,0.7806451320648193,0.85,reaction_role_concat,6144,random_forest,False,valid,rmse,13.595972172105931,2,0.1,random,,
condition_recombine_pseudolabel__mult_1__sim_0.7__teacher_rf__seed_3,condition_recombine_pseudolabel,1.0,0.7,random_forest,3,316,316,2.0,True,0.8447552384077746,0.7806451320648193,0.85,reaction_role_concat,6144,random_forest,False,valid,mae,10.023368555723868,2,0.1,random,,
condition_recombine_pseudolabel__mult_1__sim_0.7__teacher_rf__seed_3,condition_recombine_pseudolabel,1.0,0.7,random_forest,3,316,316,2.0,True,0.8447552384077746,0.7806451320648193,0.85,reaction_role_concat,6144,random_forest,False,valid,r2,0.746205788078655,2,0.1,random,,
condition_recombine_pseudolabel__mult_1__sim_0.7__teacher_rf__seed_3,condition_recombine_pseudolabel,1.0,0.7,random_forest,3,316,316,2.0,True,0.8447552384077746,0.7806451320648193,0.85,reaction_role_concat,6144,random_forest,False,valid,spearman,0.8692512104779958,2,0.1,random,,
condition_recombine_pseudolabel__mult_1__sim_0.7__teacher_rf__seed_4,condition_recombine_pseudolabel,1.0,0.7,random_forest,4,316,316,2.0,True,0.8443142646098438,0.7764706015586853,0.85,reaction_role_concat,6144,random_forest,False,valid,rmse,13.814569739253932,2,0.1,random,,
condition_recombine_pseudolabel__mult_1__sim_0.7__teacher_rf__seed_4,condition_recombine_pseudolabel,1.0,0.7,random_forest,4,316,316,2.0,True,0.8443142646098438,0.7764706015586853,0.85,reaction_role_concat,6144,random_forest,False,valid,mae,10.13383664698484,2,0.1,random,,
condition_recombine_pseudolabel__mult_1__sim_0.7__teacher_rf__seed_4,condition_recombine_pseudolabel,1.0,0.7,random_forest,4,316,316,2.0,True,0.8443142646098438,0.7764706015586853,0.85,reaction_role_concat,6144,random_forest,False,valid,r2,0.737979117158728,2,0.1,random,,
condition_recombine_pseudolabel__mult_1__sim_0.7__teacher_rf__seed_4,condition_recombine_pseudolabel,1.0,0.7,random_forest,4,316,316,2.0,True,0.8443142646098438,0.7764706015586853,0.85,reaction_role_concat,6144,random_forest,False,valid,spearman,0.8587418153764083,2,0.1,random,,
condition_recombine_pseudolabel__mult_1__sim_0.8__teacher_ridge__seed_0,condition_recombine_pseudolabel,1.0,0.8,ridge,0,316,310,1.981012658227848,True,0.8437506268485898,0.8026315569877625,0.85,reaction_role_concat,6144,random_forest,False,valid,rmse,13.83090684044324,2,0.1,random,,
condition_recombine_pseudolabel__mult_1__sim_0.8__teacher_ridge__seed_0,condition_recombine_pseudolabel,1.0,0.8,ridge,0,316,310,1.981012658227848,True,0.8437506268485898,0.8026315569877625,0.85,reaction_role_concat,6144,random_forest,False,valid,mae,10.632250562584854,2,0.1,random,,
condition_recombine_pseudolabel__mult_1__sim_0.8__teacher_ridge__seed_0,condition_recombine_pseudolabel,1.0,0.8,ridge,0,316,310,1.981012658227848,True,0.8437506268485898,0.8026315569877625,0.85,reaction_role_concat,6144,random_forest,False,valid,r2,0.7373590192604378,2,0.1,random,,
condition_recombine_pseudolabel__mult_1__sim_0.8__teacher_ridge__seed_0,condition_recombine_pseudolabel,1.0,0.8,ridge,0,316,310,1.981012658227848,True,0.8437506268485898,0.8026315569877625,0.85,reaction_role_concat,6144,random_forest,False,valid,spearman,0.8655021390699753,2,0.1,random,,
condition_recombine_pseudolabel__mult_1__sim_0.8__teacher_ridge__seed_1,condition_recombine_pseudolabel,1.0,0.8,ridge,1,316,311,1.9841772151898733,True,0.844785704988375,0.800000011920929,0.85,reaction_role_concat,6144,random_forest,False,valid,rmse,13.859028227444353,2,0.1,random,,
condition_recombine_pseudolabel__mult_1__sim_0.8__teacher_ridge__seed_1,condition_recombine_pseudolabel,1.0,0.8,ridge,1,316,311,1.9841772151898733,True,0.844785704988375,0.800000011920929,0.85,reaction_role_concat,6144,random_forest,False,valid,mae,10.640555966956706,2,0.1,random,,
condition_recombine_pseudolabel__mult_1__sim_0.8__teacher_ridge__seed_1,condition_recombine_pseudolabel,1.0,0.8,ridge,1,316,311,1.9841772151898733,True,0.844785704988375,0.800000011920929,0.85,reaction_role_concat,6144,random_forest,False,valid,r2,0.7362899155084097,2,0.1,random,,
condition_recombine_pseudolabel__mult_1__sim_0.8__teacher_ridge__seed_1,condition_recombine_pseudolabel,1.0,0.8,ridge,1,316,311,1.9841772151898733,True,0.844785704988375,0.800000011920929,0.85,reaction_role_concat,6144,random_forest,False,valid,spearman,0.8631846976932106,2,0.1,random,,
condition_recombine_pseudolabel__mult_1__sim_0.8__teacher_ridge__seed_2,condition_recombine_pseudolabel,1.0,0.8,ridge,2,316,312,1.9873417721518987,True,0.8459170620028789,0.8053691387176514,0.85,reaction_role_concat,6144,random_forest,False,valid,rmse,13.709759794582293,2,0.1,random,,
condition_recombine_pseudolabel__mult_1__sim_0.8__teacher_ridge__seed_2,condition_recombine_pseudolabel,1.0,0.8,ridge,2,316,312,1.9873417721518987,True,0.8459170620028789,0.8053691387176514,0.85,reaction_role_concat,6144,random_forest,False,valid,mae,10.759292251164023,2,0.1,random,,
condition_recombine_pseudolabel__mult_1__sim_0.8__teacher_ridge__seed_2,condition_recombine_pseudolabel,1.0,0.8,ridge,2,316,312,1.9873417721518987,True,0.8459170620028789,0.8053691387176514,0.85,reaction_role_concat,6144,random_forest,False,valid,r2,0.7419398944172289,2,0.1,random,,
condition_recombine_pseudolabel__mult_1__sim_0.8__teacher_ridge__seed_2,condition_recombine_pseudolabel,1.0,0.8,ridge,2,316,312,1.9873417721518987,True,0.8459170620028789,0.8053691387176514,0.85,reaction_role_concat,6144,random_forest,False,valid,spearman,0.8684841823641334,2,0.1,random,,
condition_recombine_pseudolabel__mult_1__sim_0.8__teacher_ridge__seed_3,condition_recombine_pseudolabel,1.0,0.8,ridge,3,316,314,1.9936708860759493,True,0.8451444060939131,0.8024691343307495,0.85,reaction_role_concat,6144,random_forest,False,valid,rmse,13.634699811309623,2,0.1,random,,
condition_recombine_pseudolabel__mult_1__sim_0.8__teacher_ridge__seed_3,condition_recombine_pseudolabel,1.0,0.8,ridge,3,316,314,1.9936708860759493,True,0.8451444060939131,0.8024691343307495,0.85,reaction_role_concat,6144,random_forest,False,valid,mae,10.64531570193549,2,0.1,random,,
condition_recombine_pseudolabel__mult_1__sim_0.8__teacher_ridge__seed_3,condition_recombine_pseudolabel,1.0,0.8,ridge,3,316,314,1.9936708860759493,True,0.8451444060939131,0.8024691343307495,0.85,reaction_role_concat,6144,random_forest,False,valid,r2,0.74475788143233,2,0.1,random,,
condition_recombine_pseudolabel__mult_1__sim_0.8__teacher_ridge__seed_3,condition_recombine_pseudolabel,1.0,0.8,ridge,3,316,314,1.9936708860759493,True,0.8451444060939131,0.8024691343307495,0.85,reaction_role_concat,6144,random_forest,False,valid,spearman,0.8709831089407254,2,0.1,random,,
condition_recombine_pseudolabel__mult_1__sim_0.8__teacher_ridge__seed_4,condition_recombine_pseudolabel,1.0,0.8,ridge,4,316,312,1.9873417721518987,True,0.8450405862086858,0.8013244867324829,0.85,reaction_role_concat,6144,random_forest,False,valid,rmse,13.451632255281988,2,0.1,random,,
condition_recombine_pseudolabel__mult_1__sim_0.8__teacher_ridge__seed_4,condition_recombine_pseudolabel,1.0,0.8,ridge,4,316,312,1.9873417721518987,True,0.8450405862086858,0.8013244867324829,0.85,reaction_role_concat,6144,random_forest,False,valid,mae,10.250156838739409,2,0.1,random,,
condition_recombine_pseudolabel__mult_1__sim_0.8__teacher_ridge__seed_4,condition_recombine_pseudolabel,1.0,0.8,ridge,4,316,312,1.9873417721518987,True,0.8450405862086858,0.8013244867324829,0.85,reaction_role_concat,6144,random_forest,False,valid,r2,0.7515659318198022,2,0.1,random,,
condition_recombine_pseudolabel__mult_1__sim_0.8__teacher_ridge__seed_4,condition_recombine_pseudolabel,1.0,0.8,ridge,4,316,312,1.9873417721518987,True,0.8450405862086858,0.8013244867324829,0.85,reaction_role_concat,6144,random_forest,False,valid,spearman,0.8739737202056909,2,0.1,random,,
condition_recombine_pseudolabel__mult_1__sim_0.8__teacher_rf__seed_0,condition_recombine_pseudolabel,1.0,0.8,random_forest,0,316,310,1.981012658227848,True,0.8437506268485898,0.8026315569877625,0.85,reaction_role_concat,6144,random_forest,False,valid,rmse,13.533866681738218,2,0.1,random,,
condition_recombine_pseudolabel__mult_1__sim_0.8__teacher_rf__seed_0,condition_recombine_pseudolabel,1.0,0.8,random_forest,0,316,310,1.981012658227848,True,0.8437506268485898,0.8026315569877625,0.85,reaction_role_concat,6144,random_forest,False,valid,mae,9.870376842694004,2,0.1,random,,
condition_recombine_pseudolabel__mult_1__sim_0.8__teacher_rf__seed_0,condition_recombine_pseudolabel,1.0,0.8,random_forest,0,316,310,1.981012658227848,True,0.8437506268485898,0.8026315569877625,0.85,reaction_role_concat,6144,random_forest,False,valid,r2,0.7485191223327474,2,0.1,random,,
condition_recombine_pseudolabel__mult_1__sim_0.8__teacher_rf__seed_0,condition_recombine_pseudolabel,1.0,0.8,random_forest,0,316,310,1.981012658227848,True,0.8437506268485898,0.8026315569877625,0.85,reaction_role_concat,6144,random_forest,False,valid,spearman,0.8669908239977433,2,0.1,random,,
condition_recombine_pseudolabel__mult_1__sim_0.8__teacher_rf__seed_1,condition_recombine_pseudolabel,1.0,0.8,random_forest,1,316,311,1.9841772151898733,True,0.844785704988375,0.800000011920929,0.85,reaction_role_concat,6144,random_forest,False,valid,rmse,13.959809361341502,2,0.1,random,,
condition_recombine_pseudolabel__mult_1__sim_0.8__teacher_rf__seed_1,condition_recombine_pseudolabel,1.0,0.8,random_forest,1,316,311,1.9841772151898733,True,0.844785704988375,0.800000011920929,0.85,reaction_role_concat,6144,random_forest,False,valid,mae,9.959922656641353,2,0.1,random,,
condition_recombine_pseudolabel__mult_1__sim_0.8__teacher_rf__seed_1,condition_recombine_pseudolabel,1.0,0.8,random_forest,1,316,311,1.9841772151898733,True,0.844785704988375,0.800000011920929,0.85,reaction_role_concat,6144,random_forest,False,valid,r2,0.7324406364354921,2,0.1,random,,
condition_recombine_pseudolabel__mult_1__sim_0.8__teacher_rf__seed_1,condition_recombine_pseudolabel,1.0,0.8,random_forest,1,316,311,1.9841772151898733,True,0.844785704988375,0.800000011920929,0.85,reaction_role_concat,6144,random_forest,False,valid,spearman,0.8570722294286407,2,0.1,random,,
condition_recombine_pseudolabel__mult_1__sim_0.8__teacher_rf__seed_2,condition_recombine_pseudolabel,1.0,0.8,random_forest,2,316,312,1.9873417721518987,True,0.8459170620028789,0.8053691387176514,0.85,reaction_role_concat,6144,random_forest,False,valid,rmse,13.70360214461419,2,0.1,random,,
condition_recombine_pseudolabel__mult_1__sim_0.8__teacher_rf__seed_2,condition_recombine_pseudolabel,1.0,0.8,random_forest,2,316,312,1.9873417721518987,True,0.8459170620028789,0.8053691387176514,0.85,reaction_role_concat,6144,random_forest,False,valid,mae,10.052443849866338,2,0.1,random,,
condition_recombine_pseudolabel__mult_1__sim_0.8__teacher_rf__seed_2,condition_recombine_pseudolabel,1.0,0.8,random_forest,2,316,312,1.9873417721518987,True,0.8459170620028789,0.8053691387176514,0.85,reaction_role_concat,6144,random_forest,False,valid,r2,0.7421716544145358,2,0.1,random,,
condition_recombine_pseudolabel__mult_1__sim_0.8__teacher_rf__seed_2,condition_recombine_pseudolabel,1.0,0.8,random_forest,2,316,312,1.9873417721518987,True,0.8459170620028789,0.8053691387176514,0.85,reaction_role_concat,6144,random_forest,False,valid,spearman,0.8651370266776189,2,0.1,random,,
condition_recombine_pseudolabel__mult_1__sim_0.8__teacher_rf__seed_3,condition_recombine_pseudolabel,1.0,0.8,random_forest,3,316,314,1.9936708860759493,True,0.8451444060939131,0.8024691343307495,0.85,reaction_role_concat,6144,random_forest,False,valid,rmse,13.557539591961843,2,0.1,random,,
condition_recombine_pseudolabel__mult_1__sim_0.8__teacher_rf__seed_3,condition_recombine_pseudolabel,1.0,0.8,random_forest,3,316,314,1.9936708860759493,True,0.8451444060939131,0.8024691343307495,0.85,reaction_role_concat,6144,random_forest,False,valid,mae,9.985233841469583,2,0.1,random,,
condition_recombine_pseudolabel__mult_1__sim_0.8__teacher_rf__seed_3,condition_recombine_pseudolabel,1.0,0.8,random_forest,3,316,314,1.9936708860759493,True,0.8451444060939131,0.8024691343307495,0.85,reaction_role_concat,6144,random_forest,False,valid,r2,0.7476385918818333,2,0.1,random,,
condition_recombine_pseudolabel__mult_1__sim_0.8__teacher_rf__seed_3,condition_recombine_pseudolabel,1.0,0.8,random_forest,3,316,314,1.9936708860759493,True,0.8451444060939131,0.8024691343307495,0.85,reaction_role_concat,6144,random_forest,False,valid,spearman,0.8684898294358018,2,0.1,random,,
condition_recombine_pseudolabel__mult_1__sim_0.8__teacher_rf__seed_4,condition_recombine_pseudolabel,1.0,0.8,random_forest,4,316,312,1.9873417721518987,True,0.8450405862086858,0.8013244867324829,0.85,reaction_role_concat,6144,random_forest,False,valid,rmse,13.989374654702711,2,0.1,random,,
condition_recombine_pseudolabel__mult_1__sim_0.8__teacher_rf__seed_4,condition_recombine_pseudolabel,1.0,0.8,random_forest,4,316,312,1.9873417721518987,True,0.8450405862086858,0.8013244867324829,0.85,reaction_role_concat,6144,random_forest,False,valid,mae,10.16651430588942,2,0.1,random,,
condition_recombine_pseudolabel__mult_1__sim_0.8__teacher_rf__seed_4,condition_recombine_pseudolabel,1.0,0.8,random_forest,4,316,312,1.9873417721518987,True,0.8450405862086858,0.8013244867324829,0.85,reaction_role_concat,6144,random_forest,False,valid,r2,0.731306115524677,2,0.1,random,,
condition_recombine_pseudolabel__mult_1__sim_0.8__teacher_rf__seed_4,condition_recombine_pseudolabel,1.0,0.8,random_forest,4,316,312,1.9873417721518987,True,0.8450405862086858,0.8013244867324829,0.85,reaction_role_concat,6144,random_forest,False,valid,spearman,0.8579769292552477,2,0.1,random,,
condition_recombine_pseudolabel__mult_1__sim_0.85__teacher_ridge__seed_0,condition_recombine_pseudolabel,1.0,0.85,ridge,0,316,217,1.6867088607594938,True,0.8499999999999996,0.85,0.85,reaction_role_concat,6144,random_forest,False,valid,rmse,13.975189453747312,2,0.1,random,,
condition_recombine_pseudolabel__mult_1__sim_0.85__teacher_ridge__seed_0,condition_recombine_pseudolabel,1.0,0.85,ridge,0,316,217,1.6867088607594938,True,0.8499999999999996,0.85,0.85,reaction_role_concat,6144,random_forest,False,valid,mae,10.657342642970479,2,0.1,random,,
condition_recombine_pseudolabel__mult_1__sim_0.85__teacher_ridge__seed_0,condition_recombine_pseudolabel,1.0,0.85,ridge,0,316,217,1.6867088607594938,True,0.8499999999999996,0.85,0.85,reaction_role_concat,6144,random_forest,False,valid,r2,0.7318507494951705,2,0.1,random,,
condition_recombine_pseudolabel__mult_1__sim_0.85__teacher_ridge__seed_0,condition_recombine_pseudolabel,1.0,0.85,ridge,0,316,217,1.6867088607594938,True,0.8499999999999996,0.85,0.85,reaction_role_concat,6144,random_forest,False,valid,spearman,0.8620190642101996,2,0.1,random,,
condition_recombine_pseudolabel__mult_1__sim_0.85__teacher_ridge__seed_1,condition_recombine_pseudolabel,1.0,0.85,ridge,1,316,231,1.731012658227848,True,0.8499999999999996,0.85,0.85,reaction_role_concat,6144,random_forest,False,valid,rmse,13.700506099932518,2,0.1,random,,
condition_recombine_pseudolabel__mult_1__sim_0.85__teacher_ridge__seed_1,condition_recombine_pseudolabel,1.0,0.85,ridge,1,316,231,1.731012658227848,True,0.8499999999999996,0.85,0.85,reaction_role_concat,6144,random_forest,False,valid,mae,10.549810868353592,2,0.1,random,,
condition_recombine_pseudolabel__mult_1__sim_0.85__teacher_ridge__seed_1,condition_recombine_pseudolabel,1.0,0.85,ridge,1,316,231,1.731012658227848,True,0.8499999999999996,0.85,0.85,reaction_role_concat,6144,random_forest,False,valid,r2,0.7422881431882047,2,0.1,random,,
condition_recombine_pseudolabel__mult_1__sim_0.85__teacher_ridge__seed_1,condition_recombine_pseudolabel,1.0,0.85,ridge,1,316,231,1.731012658227848,True,0.8499999999999996,0.85,0.85,reaction_role_concat,6144,random_forest,False,valid,spearman,0.8657305533826335,2,0.1,random,,
condition_recombine_pseudolabel__mult_1__sim_0.85__teacher_ridge__seed_2,condition_recombine_pseudolabel,1.0,0.85,ridge,2,316,239,1.7563291139240507,True,0.8499999999999996,0.85,0.85,reaction_role_concat,6144,random_forest,False,valid,rmse,13.530085897113297,2,0.1,random,,
condition_recombine_pseudolabel__mult_1__sim_0.85__teacher_ridge__seed_2,condition_recombine_pseudolabel,1.0,0.85,ridge,2,316,239,1.7563291139240507,True,0.8499999999999996,0.85,0.85,reaction_role_concat,6144,random_forest,False,valid,mae,10.638020481226189,2,0.1,random,,
condition_recombine_pseudolabel__mult_1__sim_0.85__teacher_ridge__seed_2,condition_recombine_pseudolabel,1.0,0.85,ridge,2,316,239,1.7563291139240507,True,0.8499999999999996,0.85,0.85,reaction_role_concat,6144,random_forest,False,valid,r2,0.7486596087513487,2,0.1,random,,
condition_recombine_pseudolabel__mult_1__sim_0.85__teacher_ridge__seed_2,condition_recombine_pseudolabel,1.0,0.85,ridge,2,316,239,1.7563291139240507,True,0.8499999999999996,0.85,0.85,reaction_role_concat,6144,random_forest,False,valid,spearman,0.8722809617914218,2,0.1,random,,
condition_recombine_pseudolabel__mult_1__sim_0.85__teacher_ridge__seed_3,condition_recombine_pseudolabel,1.0,0.85,ridge,3,316,232,1.7341772151898733,True,0.8499999999999998,0.85,0.85,reaction_role_concat,6144,random_forest,False,valid,rmse,13.662520284112492,2,0.1,random,,
condition_recombine_pseudolabel__mult_1__sim_0.85__teacher_ridge__seed_3,condition_recombine_pseudolabel,1.0,0.85,ridge,3,316,232,1.7341772151898733,True,0.8499999999999998,0.85,0.85,reaction_role_concat,6144,random_forest,False,valid,mae,10.522881447618708,2,0.1,random,,
condition_recombine_pseudolabel__mult_1__sim_0.85__teacher_ridge__seed_3,condition_recombine_pseudolabel,1.0,0.85,ridge,3,316,232,1.7341772151898733,True,0.8499999999999998,0.85,0.85,reaction_role_concat,6144,random_forest,False,valid,r2,0.7437152180848271,2,0.1,random,,
condition_recombine_pseudolabel__mult_1__sim_0.85__teacher_ridge__seed_3,condition_recombine_pseudolabel,1.0,0.85,ridge,3,316,232,1.7341772151898733,True,0.8499999999999998,0.85,0.85,reaction_role_concat,6144,random_forest,False,valid,spearman,0.8672554574597232,2,0.1,random,,
condition_recombine_pseudolabel__mult_1__sim_0.85__teacher_ridge__seed_4,condition_recombine_pseudolabel,1.0,0.85,ridge,4,316,239,1.7563291139240507,True,0.8499999999999996,0.85,0.85,reaction_role_concat,6144,random_forest,False,valid,rmse,13.457006207736306,2,0.1,random,,
condition_recombine_pseudolabel__mult_1__sim_0.85__teacher_ridge__seed_4,condition_recombine_pseudolabel,1.0,0.85,ridge,4,316,239,1.7563291139240507,True,0.8499999999999996,0.85,0.85,reaction_role_concat,6144,random_forest,False,valid,mae,10.182642994067148,2,0.1,random,,
condition_recombine_pseudolabel__mult_1__sim_0.85__teacher_ridge__seed_4,condition_recombine_pseudolabel,1.0,0.85,ridge,4,316,239,1.7563291139240507,True,0.8499999999999996,0.85,0.85,reaction_role_concat,6144,random_forest,False,valid,r2,0.7513673924117726,2,0.1,random,,
condition_recombine_pseudolabel__mult_1__sim_0.85__teacher_ridge__seed_4,condition_recombine_pseudolabel,1.0,0.85,ridge,4,316,239,1.7563291139240507,True,0.8499999999999996,0.85,0.85,reaction_role_concat,6144,random_forest,False,valid,spearman,0.8713865824751055,2,0.1,random,,
condition_recombine_pseudolabel__mult_1__sim_0.85__teacher_rf__seed_0,condition_recombine_pseudolabel,1.0,0.85,random_forest,0,316,217,1.6867088607594938,True,0.8499999999999996,0.85,0.85,reaction_role_concat,6144,random_forest,False,valid,rmse,13.523796320344578,2,0.1,random,,
condition_recombine_pseudolabel__mult_1__sim_0.85__teacher_rf__seed_0,condition_recombine_pseudolabel,1.0,0.85,random_forest,0,316,217,1.6867088607594938,True,0.8499999999999996,0.85,0.85,reaction_role_concat,6144,random_forest,False,valid,mae,9.930633208503073,2,0.1,random,,
condition_recombine_pseudolabel__mult_1__sim_0.85__teacher_rf__seed_0,condition_recombine_pseudolabel,1.0,0.85,random_forest,0,316,217,1.6867088607594938,True,0.8499999999999996,0.85,0.85,reaction_role_concat,6144,random_forest,False,valid,r2,0.7488932299224016,2,0.1,random,,
condition_recombine_pseudolabel__mult_1__sim_0.85__teacher_rf__seed_0,condition_recombine_pseudolabel,1.0,0.85,random_forest,0,316,217,1.6867088607594938,True,0.8499999999999996,0.85,0.85,reaction_role_concat,6144,random_forest,False,valid,spearman,0.8677122860850397,2,0.1,random,,
condition_recombine_pseudolabel__mult_1__sim_0.85__teacher_rf__seed_1,condition_recombine_pseudolabel,1.0,0.85,random_forest,1,316,231,1.731012658227848,True,0.8499999999999996,0.85,0.85,reaction_role_concat,6144,random_forest,False,valid,rmse,13.804031255108608,2,0.1,random,,
condition_recombine_pseudolabel__mult_1__sim_0.85__teacher_rf__seed_1,condition_recombine_pseudolabel,1.0,0.85,random_forest,1,316,231,1.731012658227848,True,0.8499999999999996,0.85,0.85,reaction_role_concat,6144,random_forest,False,valid,mae,9.893830545283194,2,0.1,random,,
condition_recombine_pseudolabel__mult_1__sim_0.85__teacher_rf__seed_1,condition_recombine_pseudolabel,1.0,0.85,random_forest,1,316,231,1.731012658227848,True,0.8499999999999996,0.85,0.85,reaction_role_concat,6144,random_forest,False,valid,r2,0.7383787314410023,2,0.1,random,,
condition_recombine_pseudolabel__mult_1__sim_0.85__teacher_rf__seed_1,condition_recombine_pseudolabel,1.0,0.85,random_forest,1,316,231,1.731012658227848,True,0.8499999999999996,0.85,0.85,reaction_role_concat,6144,random_forest,False,valid,spearman,0.8595713507318422,2,0.1,random,,
condition_recombine_pseudolabel__mult_1__sim_0.85__teacher_rf__seed_2,condition_recombine_pseudolabel,1.0,0.85,random_forest,2,316,239,1.7563291139240507,True,0.8499999999999996,0.85,0.85,reaction_role_concat,6144,random_forest,False,valid,rmse,13.726995361594984,2,0.1,random,,
condition_recombine_pseudolabel__mult_1__sim_0.85__teacher_rf__seed_2,condition_recombine_pseudolabel,1.0,0.85,random_forest,2,316,239,1.7563291139240507,True,0.8499999999999996,0.85,0.85,reaction_role_concat,6144,random_forest,False,valid,mae,10.047294085006925,2,0.1,random,,
condition_recombine_pseudolabel__mult_1__sim_0.85__teacher_rf__seed_2,condition_recombine_pseudolabel,1.0,0.85,random_forest,2,316,239,1.7563291139240507,True,0.8499999999999996,0.85,0.85,reaction_role_concat,6144,random_forest,False,valid,r2,0.7412906331392932,2,0.1,random,,
condition_recombine_pseudolabel__mult_1__sim_0.85__teacher_rf__seed_2,condition_recombine_pseudolabel,1.0,0.85,random_forest,2,316,239,1.7563291139240507,True,0.8499999999999996,0.85,0.85,reaction_role_concat,6144,random_forest,False,valid,spearman,0.8645199380528843,2,0.1,random,,
condition_recombine_pseudolabel__mult_1__sim_0.85__teacher_rf__seed_3,condition_recombine_pseudolabel,1.0,0.85,random_forest,3,316,232,1.7341772151898733,True,0.8499999999999998,0.85,0.85,reaction_role_concat,6144,random_forest,False,valid,rmse,13.693753058255139,2,0.1,random,,
condition_recombine_pseudolabel__mult_1__sim_0.85__teacher_rf__seed_3,condition_recombine_pseudolabel,1.0,0.85,random_forest,3,316,232,1.7341772151898733,True,0.8499999999999998,0.85,0.85,reaction_role_concat,6144,random_forest,False,valid,mae,9.993928082034182,2,0.1,random,,
condition_recombine_pseudolabel__mult_1__sim_0.85__teacher_rf__seed_3,condition_recombine_pseudolabel,1.0,0.85,random_forest,3,316,232,1.7341772151898733,True,0.8499999999999998,0.85,0.85,reaction_role_concat,6144,random_forest,False,valid,r2,0.7425421352650867,2,0.1,random,,
condition_recombine_pseudolabel__mult_1__sim_0.85__teacher_rf__seed_3,condition_recombine_pseudolabel,1.0,0.85,random_forest,3,316,232,1.7341772151898733,True,0.8499999999999998,0.85,0.85,reaction_role_concat,6144,random_forest,False,valid,spearman,0.865190187041946,2,0.1,random,,
condition_recombine_pseudolabel__mult_1__sim_0.85__teacher_rf__seed_4,condition_recombine_pseudolabel,1.0,0.85,random_forest,4,316,239,1.7563291139240507,True,0.8499999999999996,0.85,0.85,reaction_role_concat,6144,random_forest,False,valid,rmse,13.916267736962869,2,0.1,random,,
condition_recombine_pseudolabel__mult_1__sim_0.85__teacher_rf__seed_4,condition_recombine_pseudolabel,1.0,0.85,random_forest,4,316,239,1.7563291139240507,True,0.8499999999999996,0.85,0.85,reaction_role_concat,6144,random_forest,False,valid,mae,9.997439505834933,2,0.1,random,,
condition_recombine_pseudolabel__mult_1__sim_0.85__teacher_rf__seed_4,condition_recombine_pseudolabel,1.0,0.85,random_forest,4,316,239,1.7563291139240507,True,0.8499999999999996,0.85,0.85,reaction_role_concat,6144,random_forest,False,valid,r2,0.7341071062948716,2,0.1,random,,
condition_recombine_pseudolabel__mult_1__sim_0.85__teacher_rf__seed_4,condition_recombine_pseudolabel,1.0,0.85,random_forest,4,316,239,1.7563291139240507,True,0.8499999999999996,0.85,0.85,reaction_role_concat,6144,random_forest,False,valid,spearman,0.857790575890189,2,0.1,random,,
condition_recombine_pseudolabel__mult_1__sim_0.9__teacher_ridge__seed_0,condition_recombine_pseudolabel,1.0,0.9,ridge,0,316,101,1.3196202531645569,True,0.8499999999999995,0.85,0.85,reaction_role_concat,6144,random_forest,False,valid,rmse,13.788156960736485,2,0.1,random,,
condition_recombine_pseudolabel__mult_1__sim_0.9__teacher_ridge__seed_0,condition_recombine_pseudolabel,1.0,0.9,ridge,0,316,101,1.3196202531645569,True,0.8499999999999995,0.85,0.85,reaction_role_concat,6144,random_forest,False,valid,mae,10.517166863348477,2,0.1,random,,
condition_recombine_pseudolabel__mult_1__sim_0.9__teacher_ridge__seed_0,condition_recombine_pseudolabel,1.0,0.9,ridge,0,316,101,1.3196202531645569,True,0.8499999999999995,0.85,0.85,reaction_role_concat,6144,random_forest,False,valid,r2,0.7389801014321731,2,0.1,random,,
condition_recombine_pseudolabel__mult_1__sim_0.9__teacher_ridge__seed_0,condition_recombine_pseudolabel,1.0,0.9,ridge,0,316,101,1.3196202531645569,True,0.8499999999999995,0.85,0.85,reaction_role_concat,6144,random_forest,False,valid,spearman,0.8632335740721341,2,0.1,random,,
condition_recombine_pseudolabel__mult_1__sim_0.9__teacher_ridge__seed_1,condition_recombine_pseudolabel,1.0,0.9,ridge,1,316,110,1.3481012658227849,True,0.8499999999999995,0.85,0.85,reaction_role_concat,6144,random_forest,False,valid,rmse,13.786622944261453,2,0.1,random,,
condition_recombine_pseudolabel__mult_1__sim_0.9__teacher_ridge__seed_1,condition_recombine_pseudolabel,1.0,0.9,ridge,1,316,110,1.3481012658227849,True,0.8499999999999995,0.85,0.85,reaction_role_concat,6144,random_forest,False,valid,mae,10.652397171081054,2,0.1,random,,
condition_recombine_pseudolabel__mult_1__sim_0.9__teacher_ridge__seed_1,condition_recombine_pseudolabel,1.0,0.9,ridge,1,316,110,1.3481012658227849,True,0.8499999999999995,0.85,0.85,reaction_role_concat,6144,random_forest,False,valid,r2,0.7390381783095823,2,0.1,random,,
condition_recombine_pseudolabel__mult_1__sim_0.9__teacher_ridge__seed_1,condition_recombine_pseudolabel,1.0,0.9,ridge,1,316,110,1.3481012658227849,True,0.8499999999999995,0.85,0.85,reaction_role_concat,6144,random_forest,False,valid,spearman,0.8682664780149844,2,0.1,random,,
condition_recombine_pseudolabel__mult_1__sim_0.9__teacher_ridge__seed_2,condition_recombine_pseudolabel,1.0,0.9,ridge,2,316,105,1.3322784810126582,True,0.8499999999999998,0.85,0.85,reaction_role_concat,6144,random_forest,False,valid,rmse,13.424917025150618,2,0.1,random,,
condition_recombine_pseudolabel__mult_1__sim_0.9__teacher_ridge__seed_2,condition_recombine_pseudolabel,1.0,0.9,ridge,2,316,105,1.3322784810126582,True,0.8499999999999998,0.85,0.85,reaction_role_concat,6144,random_forest,False,valid,mae,10.128473903649594,2,0.1,random,,
condition_recombine_pseudolabel__mult_1__sim_0.9__teacher_ridge__seed_2,condition_recombine_pseudolabel,1.0,0.9,ridge,2,316,105,1.3322784810126582,True,0.8499999999999998,0.85,0.85,reaction_role_concat,6144,random_forest,False,valid,r2,0.75255174270021,2,0.1,random,,
condition_recombine_pseudolabel__mult_1__sim_0.9__teacher_ridge__seed_2,condition_recombine_pseudolabel,1.0,0.9,ridge,2,316,105,1.3322784810126582,True,0.8499999999999998,0.85,0.85,reaction_role_concat,6144,random_forest,False,valid,spearman,0.8725995345241658,2,0.1,random,,
condition_recombine_pseudolabel__mult_1__sim_0.9__teacher_ridge__seed_3,condition_recombine_pseudolabel,1.0,0.9,ridge,3,316,104,1.3291139240506329,True,0.8499999999999998,0.85,0.85,reaction_role_concat,6144,random_forest,False,valid,rmse,13.553035280470601,2,0.1,random,,
condition_recombine_pseudolabel__mult_1__sim_0.9__teacher_ridge__seed_3,condition_recombine_pseudolabel,1.0,0.9,ridge,3,316,104,1.3291139240506329,True,0.8499999999999998,0.85,0.85,reaction_role_concat,6144,random_forest,False,valid,mae,10.310982909890482,2,0.1,random,,
condition_recombine_pseudolabel__mult_1__sim_0.9__teacher_ridge__seed_3,condition_recombine_pseudolabel,1.0,0.9,ridge,3,316,104,1.3291139240506329,True,0.8499999999999998,0.85,0.85,reaction_role_concat,6144,random_forest,False,valid,r2,0.7478062514418493,2,0.1,random,,
condition_recombine_pseudolabel__mult_1__sim_0.9__teacher_ridge__seed_3,condition_recombine_pseudolabel,1.0,0.9,ridge,3,316,104,1.3291139240506329,True,0.8499999999999998,0.85,0.85,reaction_role_concat,6144,random_forest,False,valid,spearman,0.8684393952440044,2,0.1,random,,
condition_recombine_pseudolabel__mult_1__sim_0.9__teacher_ridge__seed_4,condition_recombine_pseudolabel,1.0,0.9,ridge,4,316,113,1.3575949367088607,True,0.8499999999999998,0.85,0.85,reaction_role_concat,6144,random_forest,False,valid,rmse,13.692462971075502,2,0.1,random,,
condition_recombine_pseudolabel__mult_1__sim_0.9__teacher_ridge__seed_4,condition_recombine_pseudolabel,1.0,0.9,ridge,4,316,113,1.3575949367088607,True,0.8499999999999998,0.85,0.85,reaction_role_concat,6144,random_forest,False,valid,mae,10.192876909370288,2,0.1,random,,
condition_recombine_pseudolabel__mult_1__sim_0.9__teacher_ridge__seed_4,condition_recombine_pseudolabel,1.0,0.9,ridge,4,316,113,1.3575949367088607,True,0.8499999999999998,0.85,0.85,reaction_role_concat,6144,random_forest,False,valid,r2,0.7425906431421594,2,0.1,random,,
condition_recombine_pseudolabel__mult_1__sim_0.9__teacher_ridge__seed_4,condition_recombine_pseudolabel,1.0,0.9,ridge,4,316,113,1.3575949367088607,True,0.8499999999999998,0.85,0.85,reaction_role_concat,6144,random_forest,False,valid,spearman,0.8653282482079091,2,0.1,random,,
condition_recombine_pseudolabel__mult_1__sim_0.9__teacher_rf__seed_0,condition_recombine_pseudolabel,1.0,0.9,random_forest,0,316,101,1.3196202531645569,True,0.8499999999999995,0.85,0.85,reaction_role_concat,6144,random_forest,False,valid,rmse,13.322599314439673,2,0.1,random,,
condition_recombine_pseudolabel__mult_1__sim_0.9__teacher_rf__seed_0,condition_recombine_pseudolabel,1.0,0.9,random_forest,0,316,101,1.3196202531645569,True,0.8499999999999995,0.85,0.85,reaction_role_concat,6144,random_forest,False,valid,mae,9.745260337466492,2,0.1,random,,
condition_recombine_pseudolabel__mult_1__sim_0.9__teacher_rf__seed_0,condition_recombine_pseudolabel,1.0,0.9,random_forest,0,316,101,1.3196202531645569,True,0.8499999999999995,0.85,0.85,reaction_role_concat,6144,random_forest,False,valid,r2,0.7563092121244975,2,0.1,random,,
condition_recombine_pseudolabel__mult_1__sim_0.9__teacher_rf__seed_0,condition_recombine_pseudolabel,1.0,0.9,random_forest,0,316,101,1.3196202531645569,True,0.8499999999999995,0.85,0.85,reaction_role_concat,6144,random_forest,False,valid,spearman,0.8744809830228047,2,0.1,random,,
condition_recombine_pseudolabel__mult_1__sim_0.9__teacher_rf__seed_1,condition_recombine_pseudolabel,1.0,0.9,random_forest,1,316,110,1.3481012658227849,True,0.8499999999999995,0.85,0.85,reaction_role_concat,6144,random_forest,False,valid,rmse,13.783947209207104,2,0.1,random,,
condition_recombine_pseudolabel__mult_1__sim_0.9__teacher_rf__seed_1,condition_recombine_pseudolabel,1.0,0.9,random_forest,1,316,110,1.3481012658227849,True,0.8499999999999995,0.85,0.85,reaction_role_concat,6144,random_forest,False,valid,mae,10.182799132979369,2,0.1,random,,
condition_recombine_pseudolabel__mult_1__sim_0.9__teacher_rf__seed_1,condition_recombine_pseudolabel,1.0,0.9,random_forest,1,316,110,1.3481012658227849,True,0.8499999999999995,0.85,0.85,reaction_role_concat,6144,random_forest,False,valid,r2,0.7391394644529214,2,0.1,random,,
condition_recombine_pseudolabel__mult_1__sim_0.9__teacher_rf__seed_1,condition_recombine_pseudolabel,1.0,0.9,random_forest,1,316,110,1.3481012658227849,True,0.8499999999999995,0.85,0.85,reaction_role_concat,6144,random_forest,False,valid,spearman,0.8624408420458498,2,0.1,random,,
condition_recombine_pseudolabel__mult_1__sim_0.9__teacher_rf__seed_2,condition_recombine_pseudolabel,1.0,0.9,random_forest,2,316,105,1.3322784810126582,True,0.8499999999999998,0.85,0.85,reaction_role_concat,6144,random_forest,False,valid,rmse,13.481866654887456,2,0.1,random,,
condition_recombine_pseudolabel__mult_1__sim_0.9__teacher_rf__seed_2,condition_recombine_pseudolabel,1.0,0.9,random_forest,2,316,105,1.3322784810126582,True,0.8499999999999998,0.85,0.85,reaction_role_concat,6144,random_forest,False,valid,mae,10.021002399189562,2,0.1,random,,
condition_recombine_pseudolabel__mult_1__sim_0.9__teacher_rf__seed_2,condition_recombine_pseudolabel,1.0,0.9,random_forest,2,316,105,1.3322784810126582,True,0.8499999999999998,0.85,0.85,reaction_role_concat,6144,random_forest,False,valid,r2,0.7504478970651839,2,0.1,random,,
condition_recombine_pseudolabel__mult_1__sim_0.9__teacher_rf__seed_2,condition_recombine_pseudolabel,1.0,0.9,random_forest,2,316,105,1.3322784810126582,True,0.8499999999999998,0.85,0.85,reaction_role_concat,6144,random_forest,False,valid,spearman,0.8690917293850146,2,0.1,random,,
condition_recombine_pseudolabel__mult_1__sim_0.9__teacher_rf__seed_3,condition_recombine_pseudolabel,1.0,0.9,random_forest,3,316,104,1.3291139240506329,True,0.8499999999999998,0.85,0.85,reaction_role_concat,6144,random_forest,False,valid,rmse,13.522052981787352,2,0.1,random,,
condition_recombine_pseudolabel__mult_1__sim_0.9__teacher_rf__seed_3,condition_recombine_pseudolabel,1.0,0.9,random_forest,3,316,104,1.3291139240506329,True,0.8499999999999998,0.85,0.85,reaction_role_concat,6144,random_forest,False,valid,mae,9.958039737933044,2,0.1,random,,
condition_recombine_pseudolabel__mult_1__sim_0.9__teacher_rf__seed_3,condition_recombine_pseudolabel,1.0,0.9,random_forest,3,316,104,1.3291139240506329,True,0.8499999999999998,0.85,0.85,reaction_role_concat,6144,random_forest,False,valid,r2,0.7489579655762119,2,0.1,random,,
condition_recombine_pseudolabel__mult_1__sim_0.9__teacher_rf__seed_3,condition_recombine_pseudolabel,1.0,0.9,random_forest,3,316,104,1.3291139240506329,True,0.8499999999999998,0.85,0.85,reaction_role_concat,6144,random_forest,False,valid,spearman,0.8696626678033554,2,0.1,random,,
condition_recombine_pseudolabel__mult_1__sim_0.9__teacher_rf__seed_4,condition_recombine_pseudolabel,1.0,0.9,random_forest,4,316,113,1.3575949367088607,True,0.8499999999999998,0.85,0.85,reaction_role_concat,6144,random_forest,False,valid,rmse,13.649483043332138,2,0.1,random,,
condition_recombine_pseudolabel__mult_1__sim_0.9__teacher_rf__seed_4,condition_recombine_pseudolabel,1.0,0.9,random_forest,4,316,113,1.3575949367088607,True,0.8499999999999998,0.85,0.85,reaction_role_concat,6144,random_forest,False,valid,mae,9.990974240214198,2,0.1,random,,
condition_recombine_pseudolabel__mult_1__sim_0.9__teacher_rf__seed_4,condition_recombine_pseudolabel,1.0,0.9,random_forest,4,316,113,1.3575949367088607,True,0.8499999999999998,0.85,0.85,reaction_role_concat,6144,random_forest,False,valid,r2,0.7442040960041758,2,0.1,random,,
condition_recombine_pseudolabel__mult_1__sim_0.9__teacher_rf__seed_4,condition_recombine_pseudolabel,1.0,0.9,random_forest,4,316,113,1.3575949367088607,True,0.8499999999999998,0.85,0.85,reaction_role_concat,6144,random_forest,False,valid,spearman,0.8637507679463201,2,0.1,random,,
condition_recombine_pseudolabel__mult_1__sim_0.95__teacher_ridge__seed_0,condition_recombine_pseudolabel,1.0,0.95,ridge,0,316,0,1.0,True,,,,reaction_role_concat,6144,random_forest,False,valid,rmse,13.313134232237564,2,0.1,random,,
condition_recombine_pseudolabel__mult_1__sim_0.95__teacher_ridge__seed_0,condition_recombine_pseudolabel,1.0,0.95,ridge,0,316,0,1.0,True,,,,reaction_role_concat,6144,random_forest,False,valid,mae,9.83050099094363,2,0.1,random,,
condition_recombine_pseudolabel__mult_1__sim_0.95__teacher_ridge__seed_0,condition_recombine_pseudolabel,1.0,0.95,ridge,0,316,0,1.0,True,,,,reaction_role_concat,6144,random_forest,False,valid,r2,0.7566553508825153,2,0.1,random,,
condition_recombine_pseudolabel__mult_1__sim_0.95__teacher_ridge__seed_0,condition_recombine_pseudolabel,1.0,0.95,ridge,0,316,0,1.0,True,,,,reaction_role_concat,6144,random_forest,False,valid,spearman,0.874611644577616,2,0.1,random,,
condition_recombine_pseudolabel__mult_1__sim_0.95__teacher_ridge__seed_1,condition_recombine_pseudolabel,1.0,0.95,ridge,1,316,0,1.0,True,,,,reaction_role_concat,6144,random_forest,False,valid,rmse,13.313134232237564,2,0.1,random,,
condition_recombine_pseudolabel__mult_1__sim_0.95__teacher_ridge__seed_1,condition_recombine_pseudolabel,1.0,0.95,ridge,1,316,0,1.0,True,,,,reaction_role_concat,6144,random_forest,False,valid,mae,9.83050099094363,2,0.1,random,,
condition_recombine_pseudolabel__mult_1__sim_0.95__teacher_ridge__seed_1,condition_recombine_pseudolabel,1.0,0.95,ridge,1,316,0,1.0,True,,,,reaction_role_concat,6144,random_forest,False,valid,r2,0.7566553508825153,2,0.1,random,,
condition_recombine_pseudolabel__mult_1__sim_0.95__teacher_ridge__seed_1,condition_recombine_pseudolabel,1.0,0.95,ridge,1,316,0,1.0,True,,,,reaction_role_concat,6144,random_forest,False,valid,spearman,0.874611644577616,2,0.1,random,,
condition_recombine_pseudolabel__mult_1__sim_0.95__teacher_ridge__seed_2,condition_recombine_pseudolabel,1.0,0.95,ridge,2,316,0,1.0,True,,,,reaction_role_concat,6144,random_forest,False,valid,rmse,13.313134232237564,2,0.1,random,,
condition_recombine_pseudolabel__mult_1__sim_0.95__teacher_ridge__seed_2,condition_recombine_pseudolabel,1.0,0.95,ridge,2,316,0,1.0,True,,,,reaction_role_concat,6144,random_forest,False,valid,mae,9.83050099094363,2,0.1,random,,
condition_recombine_pseudolabel__mult_1__sim_0.95__teacher_ridge__seed_2,condition_recombine_pseudolabel,1.0,0.95,ridge,2,316,0,1.0,True,,,,reaction_role_concat,6144,random_forest,False,valid,r2,0.7566553508825153,2,0.1,random,,
condition_recombine_pseudolabel__mult_1__sim_0.95__teacher_ridge__seed_2,condition_recombine_pseudolabel,1.0,0.95,ridge,2,316,0,1.0,True,,,,reaction_role_concat,6144,random_forest,False,valid,spearman,0.874611644577616,2,0.1,random,,
condition_recombine_pseudolabel__mult_1__sim_0.95__teacher_ridge__seed_3,condition_recombine_pseudolabel,1.0,0.95,ridge,3,316,0,1.0,True,,,,reaction_role_concat,6144,random_forest,False,valid,rmse,13.313134232237564,2,0.1,random,,
condition_recombine_pseudolabel__mult_1__sim_0.95__teacher_ridge__seed_3,condition_recombine_pseudolabel,1.0,0.95,ridge,3,316,0,1.0,True,,,,reaction_role_concat,6144,random_forest,False,valid,mae,9.83050099094363,2,0.1,random,,
condition_recombine_pseudolabel__mult_1__sim_0.95__teacher_ridge__seed_3,condition_recombine_pseudolabel,1.0,0.95,ridge,3,316,0,1.0,True,,,,reaction_role_concat,6144,random_forest,False,valid,r2,0.7566553508825153,2,0.1,random,,
condition_recombine_pseudolabel__mult_1__sim_0.95__teacher_ridge__seed_3,condition_recombine_pseudolabel,1.0,0.95,ridge,3,316,0,1.0,True,,,,reaction_role_concat,6144,random_forest,False,valid,spearman,0.874611644577616,2,0.1,random,,
condition_recombine_pseudolabel__mult_1__sim_0.95__teacher_ridge__seed_4,condition_recombine_pseudolabel,1.0,0.95,ridge,4,316,0,1.0,True,,,,reaction_role_concat,6144,random_forest,False,valid,rmse,13.313134232237564,2,0.1,random,,
condition_recombine_pseudolabel__mult_1__sim_0.95__teacher_ridge__seed_4,condition_recombine_pseudolabel,1.0,0.95,ridge,4,316,0,1.0,True,,,,reaction_role_concat,6144,random_forest,False,valid,mae,9.83050099094363,2,0.1,random,,
condition_recombine_pseudolabel__mult_1__sim_0.95__teacher_ridge__seed_4,condition_recombine_pseudolabel,1.0,0.95,ridge,4,316,0,1.0,True,,,,reaction_role_concat,6144,random_forest,False,valid,r2,0.7566553508825153,2,0.1,random,,
condition_recombine_pseudolabel__mult_1__sim_0.95__teacher_ridge__seed_4,condition_recombine_pseudolabel,1.0,0.95,ridge,4,316,0,1.0,True,,,,reaction_role_concat,6144,random_forest,False,valid,spearman,0.874611644577616,2,0.1,random,,
condition_recombine_pseudolabel__mult_1__sim_0.95__teacher_rf__seed_0,condition_recombine_pseudolabel,1.0,0.95,random_forest,0,316,0,1.0,True,,,,reaction_role_concat,6144,random_forest,False,valid,rmse,13.313134232237564,2,0.1,random,,
condition_recombine_pseudolabel__mult_1__sim_0.95__teacher_rf__seed_0,condition_recombine_pseudolabel,1.0,0.95,random_forest,0,316,0,1.0,True,,,,reaction_role_concat,6144,random_forest,False,valid,mae,9.83050099094363,2,0.1,random,,
condition_recombine_pseudolabel__mult_1__sim_0.95__teacher_rf__seed_0,condition_recombine_pseudolabel,1.0,0.95,random_forest,0,316,0,1.0,True,,,,reaction_role_concat,6144,random_forest,False,valid,r2,0.7566553508825153,2,0.1,random,,
condition_recombine_pseudolabel__mult_1__sim_0.95__teacher_rf__seed_0,condition_recombine_pseudolabel,1.0,0.95,random_forest,0,316,0,1.0,True,,,,reaction_role_concat,6144,random_forest,False,valid,spearman,0.874611644577616,2,0.1,random,,
condition_recombine_pseudolabel__mult_1__sim_0.95__teacher_rf__seed_1,condition_recombine_pseudolabel,1.0,0.95,random_forest,1,316,0,1.0,True,,,,reaction_role_concat,6144,random_forest,False,valid,rmse,13.313134232237564,2,0.1,random,,
condition_recombine_pseudolabel__mult_1__sim_0.95__teacher_rf__seed_1,condition_recombine_pseudolabel,1.0,0.95,random_forest,1,316,0,1.0,True,,,,reaction_role_concat,6144,random_forest,False,valid,mae,9.83050099094363,2,0.1,random,,
condition_recombine_pseudolabel__mult_1__sim_0.95__teacher_rf__seed_1,condition_recombine_pseudolabel,1.0,0.95,random_forest,1,316,0,1.0,True,,,,reaction_role_concat,6144,random_forest,False,valid,r2,0.7566553508825153,2,0.1,random,,
condition_recombine_pseudolabel__mult_1__sim_0.95__teacher_rf__seed_1,condition_recombine_pseudolabel,1.0,0.95,random_forest,1,316,0,1.0,True,,,,reaction_role_concat,6144,random_forest,False,valid,spearman,0.874611644577616,2,0.1,random,,
condition_recombine_pseudolabel__mult_1__sim_0.95__teacher_rf__seed_2,condition_recombine_pseudolabel,1.0,0.95,random_forest,2,316,0,1.0,True,,,,reaction_role_concat,6144,random_forest,False,valid,rmse,13.313134232237564,2,0.1,random,,
condition_recombine_pseudolabel__mult_1__sim_0.95__teacher_rf__seed_2,condition_recombine_pseudolabel,1.0,0.95,random_forest,2,316,0,1.0,True,,,,reaction_role_concat,6144,random_forest,False,valid,mae,9.83050099094363,2,0.1,random,,
condition_recombine_pseudolabel__mult_1__sim_0.95__teacher_rf__seed_2,condition_recombine_pseudolabel,1.0,0.95,random_forest,2,316,0,1.0,True,,,,reaction_role_concat,6144,random_forest,False,valid,r2,0.7566553508825153,2,0.1,random,,
condition_recombine_pseudolabel__mult_1__sim_0.95__teacher_rf__seed_2,condition_recombine_pseudolabel,1.0,0.95,random_forest,2,316,0,1.0,True,,,,reaction_role_concat,6144,random_forest,False,valid,spearman,0.874611644577616,2,0.1,random,,
condition_recombine_pseudolabel__mult_1__sim_0.95__teacher_rf__seed_3,condition_recombine_pseudolabel,1.0,0.95,random_forest,3,316,0,1.0,True,,,,reaction_role_concat,6144,random_forest,False,valid,rmse,13.313134232237564,2,0.1,random,,
condition_recombine_pseudolabel__mult_1__sim_0.95__teacher_rf__seed_3,condition_recombine_pseudolabel,1.0,0.95,random_forest,3,316,0,1.0,True,,,,reaction_role_concat,6144,random_forest,False,valid,mae,9.83050099094363,2,0.1,random,,
condition_recombine_pseudolabel__mult_1__sim_0.95__teacher_rf__seed_3,condition_recombine_pseudolabel,1.0,0.95,random_forest,3,316,0,1.0,True,,,,reaction_role_concat,6144,random_forest,False,valid,r2,0.7566553508825153,2,0.1,random,,
condition_recombine_pseudolabel__mult_1__sim_0.95__teacher_rf__seed_3,condition_recombine_pseudolabel,1.0,0.95,random_forest,3,316,0,1.0,True,,,,reaction_role_concat,6144,random_forest,False,valid,spearman,0.874611644577616,2,0.1,random,,
condition_recombine_pseudolabel__mult_1__sim_0.95__teacher_rf__seed_4,condition_recombine_pseudolabel,1.0,0.95,random_forest,4,316,0,1.0,True,,,,reaction_role_concat,6144,random_forest,False,valid,rmse,13.313134232237564,2,0.1,random,,
condition_recombine_pseudolabel__mult_1__sim_0.95__teacher_rf__seed_4,condition_recombine_pseudolabel,1.0,0.95,random_forest,4,316,0,1.0,True,,,,reaction_role_concat,6144,random_forest,False,valid,mae,9.83050099094363,2,0.1,random,,
condition_recombine_pseudolabel__mult_1__sim_0.95__teacher_rf__seed_4,condition_recombine_pseudolabel,1.0,0.95,random_forest,4,316,0,1.0,True,,,,reaction_role_concat,6144,random_forest,False,valid,r2,0.7566553508825153,2,0.1,random,,
condition_recombine_pseudolabel__mult_1__sim_0.95__teacher_rf__seed_4,condition_recombine_pseudolabel,1.0,0.95,random_forest,4,316,0,1.0,True,,,,reaction_role_concat,6144,random_forest,False,valid,spearman,0.874611644577616,2,0.1,random,,
condition_recombine_pseudolabel__mult_1.5__sim_0.7__teacher_ridge__seed_0,condition_recombine_pseudolabel,1.5,0.7,ridge,0,316,474,2.5,True,0.8433213831251682,0.7682926654815674,0.85,reaction_role_concat,6144,random_forest,False,valid,rmse,14.072178621221015,2,0.1,random,,
condition_recombine_pseudolabel__mult_1.5__sim_0.7__teacher_ridge__seed_0,condition_recombine_pseudolabel,1.5,0.7,ridge,0,316,474,2.5,True,0.8433213831251682,0.7682926654815674,0.85,reaction_role_concat,6144,random_forest,False,valid,mae,10.799630584863923,2,0.1,random,,
condition_recombine_pseudolabel__mult_1.5__sim_0.7__teacher_ridge__seed_0,condition_recombine_pseudolabel,1.5,0.7,ridge,0,316,474,2.5,True,0.8433213831251682,0.7682926654815674,0.85,reaction_role_concat,6144,random_forest,False,valid,r2,0.7281158705961075,2,0.1,random,,
condition_recombine_pseudolabel__mult_1.5__sim_0.7__teacher_ridge__seed_0,condition_recombine_pseudolabel,1.5,0.7,ridge,0,316,474,2.5,True,0.8433213831251682,0.7682926654815674,0.85,reaction_role_concat,6144,random_forest,False,valid,spearman,0.8599987756391607,2,0.1,random,,
condition_recombine_pseudolabel__mult_1.5__sim_0.7__teacher_ridge__seed_1,condition_recombine_pseudolabel,1.5,0.7,ridge,1,316,474,2.5,True,0.8444835118855101,0.769784152507782,0.85,reaction_role_concat,6144,random_forest,False,valid,rmse,13.966793287595047,2,0.1,random,,
condition_recombine_pseudolabel__mult_1.5__sim_0.7__teacher_ridge__seed_1,condition_recombine_pseudolabel,1.5,0.7,ridge,1,316,474,2.5,True,0.8444835118855101,0.769784152507782,0.85,reaction_role_concat,6144,random_forest,False,valid,mae,10.640114795659539,2,0.1,random,,
condition_recombine_pseudolabel__mult_1.5__sim_0.7__teacher_ridge__seed_1,condition_recombine_pseudolabel,1.5,0.7,ridge,1,316,474,2.5,True,0.8444835118855101,0.769784152507782,0.85,reaction_role_concat,6144,random_forest,False,valid,r2,0.7321728559467944,2,0.1,random,,
condition_recombine_pseudolabel__mult_1.5__sim_0.7__teacher_ridge__seed_1,condition_recombine_pseudolabel,1.5,0.7,ridge,1,316,474,2.5,True,0.8444835118855101,0.769784152507782,0.85,reaction_role_concat,6144,random_forest,False,valid,spearman,0.8620356159719864,2,0.1,random,,
condition_recombine_pseudolabel__mult_1.5__sim_0.7__teacher_ridge__seed_2,condition_recombine_pseudolabel,1.5,0.7,ridge,2,316,474,2.5,True,0.8447306870911191,0.7894737124443054,0.85,reaction_role_concat,6144,random_forest,False,valid,rmse,13.524360764670762,2,0.1,random,,
condition_recombine_pseudolabel__mult_1.5__sim_0.7__teacher_ridge__seed_2,condition_recombine_pseudolabel,1.5,0.7,ridge,2,316,474,2.5,True,0.8447306870911191,0.7894737124443054,0.85,reaction_role_concat,6144,random_forest,False,valid,mae,10.553301860819888,2,0.1,random,,
condition_recombine_pseudolabel__mult_1.5__sim_0.7__teacher_ridge__seed_2,condition_recombine_pseudolabel,1.5,0.7,ridge,2,316,474,2.5,True,0.8447306870911191,0.7894737124443054,0.85,reaction_role_concat,6144,random_forest,False,valid,r2,0.7488722685375802,2,0.1,random,,
condition_recombine_pseudolabel__mult_1.5__sim_0.7__teacher_ridge__seed_2,condition_recombine_pseudolabel,1.5,0.7,ridge,2,316,474,2.5,True,0.8447306870911191,0.7894737124443054,0.85,reaction_role_concat,6144,random_forest,False,valid,spearman,0.877160615892787,2,0.1,random,,
condition_recombine_pseudolabel__mult_1.5__sim_0.7__teacher_ridge__seed_3,condition_recombine_pseudolabel,1.5,0.7,ridge,3,316,474,2.5,True,0.8453630964212778,0.7806451320648193,0.85,reaction_role_concat,6144,random_forest,False,valid,rmse,13.803003160631034,2,0.1,random,,
condition_recombine_pseudolabel__mult_1.5__sim_0.7__teacher_ridge__seed_3,condition_recombine_pseudolabel,1.5,0.7,ridge,3,316,474,2.5,True,0.8453630964212778,0.7806451320648193,0.85,reaction_role_concat,6144,random_forest,False,valid,mae,10.815334133918151,2,0.1,random,,
condition_recombine_pseudolabel__mult_1.5__sim_0.7__teacher_ridge__seed_3,condition_recombine_pseudolabel,1.5,0.7,ridge,3,316,474,2.5,True,0.8453630964212778,0.7806451320648193,0.85,reaction_role_concat,6144,random_forest,False,valid,r2,0.7384176999655219,2,0.1,random,,
condition_recombine_pseudolabel__mult_1.5__sim_0.7__teacher_ridge__seed_3,condition_recombine_pseudolabel,1.5,0.7,ridge,3,316,474,2.5,True,0.8453630964212778,0.7806451320648193,0.85,reaction_role_concat,6144,random_forest,False,valid,spearman,0.8733219702445085,2,0.1,random,,
condition_recombine_pseudolabel__mult_1.5__sim_0.7__teacher_ridge__seed_4,condition_recombine_pseudolabel,1.5,0.7,ridge,4,316,474,2.5,True,0.8444078612176676,0.7764706015586853,0.85,reaction_role_concat,6144,random_forest,False,valid,rmse,13.53331522988722,2,0.1,random,,
condition_recombine_pseudolabel__mult_1.5__sim_0.7__teacher_ridge__seed_4,condition_recombine_pseudolabel,1.5,0.7,ridge,4,316,474,2.5,True,0.8444078612176676,0.7764706015586853,0.85,reaction_role_concat,6144,random_forest,False,valid,mae,10.384284705408765,2,0.1,random,,
condition_recombine_pseudolabel__mult_1.5__sim_0.7__teacher_ridge__seed_4,condition_recombine_pseudolabel,1.5,0.7,ridge,4,316,474,2.5,True,0.8444078612176676,0.7764706015586853,0.85,reaction_role_concat,6144,random_forest,False,valid,r2,0.7485396156290709,2,0.1,random,,
condition_recombine_pseudolabel__mult_1.5__sim_0.7__teacher_ridge__seed_4,condition_recombine_pseudolabel,1.5,0.7,ridge,4,316,474,2.5,True,0.8444078612176676,0.7764706015586853,0.85,reaction_role_concat,6144,random_forest,False,valid,spearman,0.8754080764094762,2,0.1,random,,
condition_recombine_pseudolabel__mult_1.5__sim_0.7__teacher_rf__seed_0,condition_recombine_pseudolabel,1.5,0.7,random_forest,0,316,474,2.5,True,0.8433213831251682,0.7682926654815674,0.85,reaction_role_concat,6144,random_forest,False,valid,rmse,13.572054764410517,2,0.1,random,,
condition_recombine_pseudolabel__mult_1.5__sim_0.7__teacher_rf__seed_0,condition_recombine_pseudolabel,1.5,0.7,random_forest,0,316,474,2.5,True,0.8433213831251682,0.7682926654815674,0.85,reaction_role_concat,6144,random_forest,False,valid,mae,9.847195101402228,2,0.1,random,,
condition_recombine_pseudolabel__mult_1.5__sim_0.7__teacher_rf__seed_0,condition_recombine_pseudolabel,1.5,0.7,random_forest,0,316,474,2.5,True,0.8433213831251682,0.7682926654815674,0.85,reaction_role_concat,6144,random_forest,False,valid,r2,0.7470979288451574,2,0.1,random,,
condition_recombine_pseudolabel__mult_1.5__sim_0.7__teacher_rf__seed_0,condition_recombine_pseudolabel,1.5,0.7,random_forest,0,316,474,2.5,True,0.8433213831251682,0.7682926654815674,0.85,reaction_role_concat,6144,random_forest,False,valid,spearman,0.8684041497277288,2,0.1,random,,
condition_recombine_pseudolabel__mult_1.5__sim_0.7__teacher_rf__seed_1,condition_recombine_pseudolabel,1.5,0.7,random_forest,1,316,474,2.5,True,0.8444835118855101,0.769784152507782,0.85,reaction_role_concat,6144,random_forest,False,valid,rmse,14.011895022941411,2,0.1,random,,
condition_recombine_pseudolabel__mult_1.5__sim_0.7__teacher_rf__seed_1,condition_recombine_pseudolabel,1.5,0.7,random_forest,1,316,474,2.5,True,0.8444835118855101,0.769784152507782,0.85,reaction_role_concat,6144,random_forest,False,valid,mae,9.902874770708666,2,0.1,random,,
condition_recombine_pseudolabel__mult_1.5__sim_0.7__teacher_rf__seed_1,condition_recombine_pseudolabel,1.5,0.7,random_forest,1,316,474,2.5,True,0.8444835118855101,0.769784152507782,0.85,reaction_role_concat,6144,random_forest,False,valid,r2,0.7304403218850226,2,0.1,random,,
condition_recombine_pseudolabel__mult_1.5__sim_0.7__teacher_rf__seed_1,condition_recombine_pseudolabel,1.5,0.7,random_forest,1,316,474,2.5,True,0.8444835118855101,0.769784152507782,0.85,reaction_role_concat,6144,random_forest,False,valid,spearman,0.8578610669227399,2,0.1,random,,
condition_recombine_pseudolabel__mult_1.5__sim_0.7__teacher_rf__seed_2,condition_recombine_pseudolabel,1.5,0.7,random_forest,2,316,474,2.5,True,0.8447306870911191,0.7894737124443054,0.85,reaction_role_concat,6144,random_forest,False,valid,rmse,13.668137290995686,2,0.1,random,,
condition_recombine_pseudolabel__mult_1.5__sim_0.7__teacher_rf__seed_2,condition_recombine_pseudolabel,1.5,0.7,random_forest,2,316,474,2.5,True,0.8447306870911191,0.7894737124443054,0.85,reaction_role_concat,6144,random_forest,False,valid,mae,9.989070791868281,2,0.1,random,,
condition_recombine_pseudolabel__mult_1.5__sim_0.7__teacher_rf__seed_2,condition_recombine_pseudolabel,1.5,0.7,random_forest,2,316,474,2.5,True,0.8447306870911191,0.7894737124443054,0.85,reaction_role_concat,6144,random_forest,False,valid,r2,0.7435044444833983,2,0.1,random,,
condition_recombine_pseudolabel__mult_1.5__sim_0.7__teacher_rf__seed_2,condition_recombine_pseudolabel,1.5,0.7,random_forest,2,316,474,2.5,True,0.8447306870911191,0.7894737124443054,0.85,reaction_role_concat,6144,random_forest,False,valid,spearman,0.8679784773598935,2,0.1,random,,
condition_recombine_pseudolabel__mult_1.5__sim_0.7__teacher_rf__seed_3,condition_recombine_pseudolabel,1.5,0.7,random_forest,3,316,474,2.5,True,0.8453630964212778,0.7806451320648193,0.85,reaction_role_concat,6144,random_forest,False,valid,rmse,13.651419550305885,2,0.1,random,,
condition_recombine_pseudolabel__mult_1.5__sim_0.7__teacher_rf__seed_3,condition_recombine_pseudolabel,1.5,0.7,random_forest,3,316,474,2.5,True,0.8453630964212778,0.7806451320648193,0.85,reaction_role_concat,6144,random_forest,False,valid,mae,9.970411659455374,2,0.1,random,,
condition_recombine_pseudolabel__mult_1.5__sim_0.7__teacher_rf__seed_3,condition_recombine_pseudolabel,1.5,0.7,random_forest,3,316,474,2.5,True,0.8453630964212778,0.7806451320648193,0.85,reaction_role_concat,6144,random_forest,False,valid,r2,0.7441315092711756,2,0.1,random,,
condition_recombine_pseudolabel__mult_1.5__sim_0.7__teacher_rf__seed_3,condition_recombine_pseudolabel,1.5,0.7,random_forest,3,316,474,2.5,True,0.8453630964212778,0.7806451320648193,0.85,reaction_role_concat,6144,random_forest,False,valid,spearman,0.8667509208151389,2,0.1,random,,
condition_recombine_pseudolabel__mult_1.5__sim_0.7__teacher_rf__seed_4,condition_recombine_pseudolabel,1.5,0.7,random_forest,4,316,474,2.5,True,0.8444078612176676,0.7764706015586853,0.85,reaction_role_concat,6144,random_forest,False,valid,rmse,13.650286514720802,2,0.1,random,,
condition_recombine_pseudolabel__mult_1.5__sim_0.7__teacher_rf__seed_4,condition_recombine_pseudolabel,1.5,0.7,random_forest,4,316,474,2.5,True,0.8444078612176676,0.7764706015586853,0.85,reaction_role_concat,6144,random_forest,False,valid,mae,10.028295234177875,2,0.1,random,,
condition_recombine_pseudolabel__mult_1.5__sim_0.7__teacher_rf__seed_4,condition_recombine_pseudolabel,1.5,0.7,random_forest,4,316,474,2.5,True,0.8444078612176676,0.7764706015586853,0.85,reaction_role_concat,6144,random_forest,False,valid,r2,0.7441739804696006,2,0.1,random,,
condition_recombine_pseudolabel__mult_1.5__sim_0.7__teacher_rf__seed_4,condition_recombine_pseudolabel,1.5,0.7,random_forest,4,316,474,2.5,True,0.8444078612176676,0.7764706015586853,0.85,reaction_role_concat,6144,random_forest,False,valid,spearman,0.8648130015998157,2,0.1,random,,
condition_recombine_pseudolabel__mult_1.5__sim_0.8__teacher_ridge__seed_0,condition_recombine_pseudolabel,1.5,0.8,ridge,0,316,465,2.471518987341772,True,0.8444052270663681,0.8013244867324829,0.85,reaction_role_concat,6144,random_forest,False,valid,rmse,14.03770624426134,2,0.1,random,,
condition_recombine_pseudolabel__mult_1.5__sim_0.8__teacher_ridge__seed_0,condition_recombine_pseudolabel,1.5,0.8,ridge,0,316,465,2.471518987341772,True,0.8444052270663681,0.8013244867324829,0.85,reaction_role_concat,6144,random_forest,False,valid,mae,10.751528039067228,2,0.1,random,,
condition_recombine_pseudolabel__mult_1.5__sim_0.8__teacher_ridge__seed_0,condition_recombine_pseudolabel,1.5,0.8,ridge,0,316,465,2.471518987341772,True,0.8444052270663681,0.8013244867324829,0.85,reaction_role_concat,6144,random_forest,False,valid,r2,0.7294462989018671,2,0.1,random,,
condition_recombine_pseudolabel__mult_1.5__sim_0.8__teacher_ridge__seed_0,condition_recombine_pseudolabel,1.5,0.8,ridge,0,316,465,2.471518987341772,True,0.8444052270663681,0.8013244867324829,0.85,reaction_role_concat,6144,random_forest,False,valid,spearman,0.8620683300423415,2,0.1,random,,
condition_recombine_pseudolabel__mult_1.5__sim_0.8__teacher_ridge__seed_1,condition_recombine_pseudolabel,1.5,0.8,ridge,1,316,467,2.4778481012658227,True,0.8452939387562441,0.800000011920929,0.85,reaction_role_concat,6144,random_forest,False,valid,rmse,13.871820059072538,2,0.1,random,,
condition_recombine_pseudolabel__mult_1.5__sim_0.8__teacher_ridge__seed_1,condition_recombine_pseudolabel,1.5,0.8,ridge,1,316,467,2.4778481012658227,True,0.8452939387562441,0.800000011920929,0.85,reaction_role_concat,6144,random_forest,False,valid,mae,10.61642724858432,2,0.1,random,,
condition_recombine_pseudolabel__mult_1.5__sim_0.8__teacher_ridge__seed_1,condition_recombine_pseudolabel,1.5,0.8,ridge,1,316,467,2.4778481012658227,True,0.8452939387562441,0.800000011920929,0.85,reaction_role_concat,6144,random_forest,False,valid,r2,0.7358028839890378,2,0.1,random,,
condition_recombine_pseudolabel__mult_1.5__sim_0.8__teacher_ridge__seed_1,condition_recombine_pseudolabel,1.5,0.8,ridge,1,316,467,2.4778481012658227,True,0.8452939387562441,0.800000011920929,0.85,reaction_role_concat,6144,random_forest,False,valid,spearman,0.8646757193402896,2,0.1,random,,
condition_recombine_pseudolabel__mult_1.5__sim_0.8__teacher_ridge__seed_2,condition_recombine_pseudolabel,1.5,0.8,ridge,2,316,469,2.4841772151898733,True,0.8452916985889996,0.800000011920929,0.85,reaction_role_concat,6144,random_forest,False,valid,rmse,13.598068207556693,2,0.1,random,,
condition_recombine_pseudolabel__mult_1.5__sim_0.8__teacher_ridge__seed_2,condition_recombine_pseudolabel,1.5,0.8,ridge,2,316,469,2.4841772151898733,True,0.8452916985889996,0.800000011920929,0.85,reaction_role_concat,6144,random_forest,False,valid,mae,10.5954832830861,2,0.1,random,,
condition_recombine_pseudolabel__mult_1.5__sim_0.8__teacher_ridge__seed_2,condition_recombine_pseudolabel,1.5,0.8,ridge,2,316,469,2.4841772151898733,True,0.8452916985889996,0.800000011920929,0.85,reaction_role_concat,6144,random_forest,False,valid,r2,0.7461275292143635,2,0.1,random,,
condition_recombine_pseudolabel__mult_1.5__sim_0.8__teacher_ridge__seed_2,condition_recombine_pseudolabel,1.5,0.8,ridge,2,316,469,2.4841772151898733,True,0.8452916985889996,0.800000011920929,0.85,reaction_role_concat,6144,random_forest,False,valid,spearman,0.8750614630449991,2,0.1,random,,
condition_recombine_pseudolabel__mult_1.5__sim_0.8__teacher_ridge__seed_3,condition_recombine_pseudolabel,1.5,0.8,ridge,3,316,472,2.4936708860759493,True,0.8456245675430457,0.8024691343307495,0.85,reaction_role_concat,6144,random_forest,False,valid,rmse,13.737042630184023,2,0.1,random,,
condition_recombine_pseudolabel__mult_1.5__sim_0.8__teacher_ridge__seed_3,condition_recombine_pseudolabel,1.5,0.8,ridge,3,316,472,2.4936708860759493,True,0.8456245675430457,0.8024691343307495,0.85,reaction_role_concat,6144,random_forest,False,valid,mae,10.763670425852832,2,0.1,random,,
condition_recombine_pseudolabel__mult_1.5__sim_0.8__teacher_ridge__seed_3,condition_recombine_pseudolabel,1.5,0.8,ridge,3,316,472,2.4936708860759493,True,0.8456245675430457,0.8024691343307495,0.85,reaction_role_concat,6144,random_forest,False,valid,r2,0.7409117776513394,2,0.1,random,,
condition_recombine_pseudolabel__mult_1.5__sim_0.8__teacher_ridge__seed_3,condition_recombine_pseudolabel,1.5,0.8,ridge,3,316,472,2.4936708860759493,True,0.8456245675430457,0.8024691343307495,0.85,reaction_role_concat,6144,random_forest,False,valid,spearman,0.8740239596708791,2,0.1,random,,
condition_recombine_pseudolabel__mult_1.5__sim_0.8__teacher_ridge__seed_4,condition_recombine_pseudolabel,1.5,0.8,ridge,4,316,467,2.4778481012658227,True,0.8452650734648203,0.8013244867324829,0.85,reaction_role_concat,6144,random_forest,False,valid,rmse,13.634940376959241,2,0.1,random,,
condition_recombine_pseudolabel__mult_1.5__sim_0.8__teacher_ridge__seed_4,condition_recombine_pseudolabel,1.5,0.8,ridge,4,316,467,2.4778481012658227,True,0.8452650734648203,0.8013244867324829,0.85,reaction_role_concat,6144,random_forest,False,valid,mae,10.408120743409551,2,0.1,random,,
condition_recombine_pseudolabel__mult_1.5__sim_0.8__teacher_ridge__seed_4,condition_recombine_pseudolabel,1.5,0.8,ridge,4,316,467,2.4778481012658227,True,0.8452650734648203,0.8013244867324829,0.85,reaction_role_concat,6144,random_forest,False,valid,r2,0.7447488745559638,2,0.1,random,,
condition_recombine_pseudolabel__mult_1.5__sim_0.8__teacher_ridge__seed_4,condition_recombine_pseudolabel,1.5,0.8,ridge,4,316,467,2.4778481012658227,True,0.8452650734648203,0.8013244867324829,0.85,reaction_role_concat,6144,random_forest,False,valid,spearman,0.8712983713211122,2,0.1,random,,
condition_recombine_pseudolabel__mult_1.5__sim_0.8__teacher_rf__seed_0,condition_recombine_pseudolabel,1.5,0.8,random_forest,0,316,465,2.471518987341772,True,0.8444052270663681,0.8013244867324829,0.85,reaction_role_concat,6144,random_forest,False,valid,rmse,13.620773809715446,2,0.1,random,,
condition_recombine_pseudolabel__mult_1.5__sim_0.8__teacher_rf__seed_0,condition_recombine_pseudolabel,1.5,0.8,random_forest,0,316,465,2.471518987341772,True,0.8444052270663681,0.8013244867324829,0.85,reaction_role_concat,6144,random_forest,False,valid,mae,9.922280836727612,2,0.1,random,,
condition_recombine_pseudolabel__mult_1.5__sim_0.8__teacher_rf__seed_0,condition_recombine_pseudolabel,1.5,0.8,random_forest,0,316,465,2.471518987341772,True,0.8444052270663681,0.8013244867324829,0.85,reaction_role_concat,6144,random_forest,False,valid,r2,0.7452790057662225,2,0.1,random,,
condition_recombine_pseudolabel__mult_1.5__sim_0.8__teacher_rf__seed_0,condition_recombine_pseudolabel,1.5,0.8,random_forest,0,316,465,2.471518987341772,True,0.8444052270663681,0.8013244867324829,0.85,reaction_role_concat,6144,random_forest,False,valid,spearman,0.8659893450463358,2,0.1,random,,
condition_recombine_pseudolabel__mult_1.5__sim_0.8__teacher_rf__seed_1,condition_recombine_pseudolabel,1.5,0.8,random_forest,1,316,467,2.4778481012658227,True,0.8452939387562441,0.800000011920929,0.85,reaction_role_concat,6144,random_forest,False,valid,rmse,13.965019828723696,2,0.1,random,,
condition_recombine_pseudolabel__mult_1.5__sim_0.8__teacher_rf__seed_1,condition_recombine_pseudolabel,1.5,0.8,random_forest,1,316,467,2.4778481012658227,True,0.8452939387562441,0.800000011920929,0.85,reaction_role_concat,6144,random_forest,False,valid,mae,9.900489084745887,2,0.1,random,,
condition_recombine_pseudolabel__mult_1.5__sim_0.8__teacher_rf__seed_1,condition_recombine_pseudolabel,1.5,0.8,random_forest,1,316,467,2.4778481012658227,True,0.8452939387562441,0.800000011920929,0.85,reaction_role_concat,6144,random_forest,False,valid,r2,0.7322408673018822,2,0.1,random,,
condition_recombine_pseudolabel__mult_1.5__sim_0.8__teacher_rf__seed_1,condition_recombine_pseudolabel,1.5,0.8,random_forest,1,316,467,2.4778481012658227,True,0.8452939387562441,0.800000011920929,0.85,reaction_role_concat,6144,random_forest,False,valid,spearman,0.8599952705601941,2,0.1,random,,
condition_recombine_pseudolabel__mult_1.5__sim_0.8__teacher_rf__seed_2,condition_recombine_pseudolabel,1.5,0.8,random_forest,2,316,469,2.4841772151898733,True,0.8452916985889996,0.800000011920929,0.85,reaction_role_concat,6144,random_forest,False,valid,rmse,13.649072966006889,2,0.1,random,,
condition_recombine_pseudolabel__mult_1.5__sim_0.8__teacher_rf__seed_2,condition_recombine_pseudolabel,1.5,0.8,random_forest,2,316,469,2.4841772151898733,True,0.8452916985889996,0.800000011920929,0.85,reaction_role_concat,6144,random_forest,False,valid,mae,9.973049756785171,2,0.1,random,,
condition_recombine_pseudolabel__mult_1.5__sim_0.8__teacher_rf__seed_2,condition_recombine_pseudolabel,1.5,0.8,random_forest,2,316,469,2.4841772151898733,True,0.8452916985889996,0.800000011920929,0.85,reaction_role_concat,6144,random_forest,False,valid,r2,0.7442194657473475,2,0.1,random,,
condition_recombine_pseudolabel__mult_1.5__sim_0.8__teacher_rf__seed_2,condition_recombine_pseudolabel,1.5,0.8,random_forest,2,316,469,2.4841772151898733,True,0.8452916985889996,0.800000011920929,0.85,reaction_role_concat,6144,random_forest,False,valid,spearman,0.866572745967669,2,0.1,random,,
condition_recombine_pseudolabel__mult_1.5__sim_0.8__teacher_rf__seed_3,condition_recombine_pseudolabel,1.5,0.8,random_forest,3,316,472,2.4936708860759493,True,0.8456245675430457,0.8024691343307495,0.85,reaction_role_concat,6144,random_forest,False,valid,rmse,13.68394688464481,2,0.1,random,,
condition_recombine_pseudolabel__mult_1.5__sim_0.8__teacher_rf__seed_3,condition_recombine_pseudolabel,1.5,0.8,random_forest,3,316,472,2.4936708860759493,True,0.8456245675430457,0.8024691343307495,0.85,reaction_role_concat,6144,random_forest,False,valid,mae,10.010568838952086,2,0.1,random,,
condition_recombine_pseudolabel__mult_1.5__sim_0.8__teacher_rf__seed_3,condition_recombine_pseudolabel,1.5,0.8,random_forest,3,316,472,2.4936708860759493,True,0.8456245675430457,0.8024691343307495,0.85,reaction_role_concat,6144,random_forest,False,valid,r2,0.7429107372897719,2,0.1,random,,
condition_recombine_pseudolabel__mult_1.5__sim_0.8__teacher_rf__seed_3,condition_recombine_pseudolabel,1.5,0.8,random_forest,3,316,472,2.4936708860759493,True,0.8456245675430457,0.8024691343307495,0.85,reaction_role_concat,6144,random_forest,False,valid,spearman,0.8660666515102108,2,0.1,random,,
condition_recombine_pseudolabel__mult_1.5__sim_0.8__teacher_rf__seed_4,condition_recombine_pseudolabel,1.5,0.8,random_forest,4,316,467,2.4778481012658227,True,0.8452650734648203,0.8013244867324829,0.85,reaction_role_concat,6144,random_forest,False,valid,rmse,13.747592120498663,2,0.1,random,,
condition_recombine_pseudolabel__mult_1.5__sim_0.8__teacher_rf__seed_4,condition_recombine_pseudolabel,1.5,0.8,random_forest,4,316,467,2.4778481012658227,True,0.8452650734648203,0.8013244867324829,0.85,reaction_role_concat,6144,random_forest,False,valid,mae,10.122375636235633,2,0.1,random,,
condition_recombine_pseudolabel__mult_1.5__sim_0.8__teacher_rf__seed_4,condition_recombine_pseudolabel,1.5,0.8,random_forest,4,316,467,2.4778481012658227,True,0.8452650734648203,0.8013244867324829,0.85,reaction_role_concat,6144,random_forest,False,valid,r2,0.7405136864059589,2,0.1,random,,
condition_recombine_pseudolabel__mult_1.5__sim_0.8__teacher_rf__seed_4,condition_recombine_pseudolabel,1.5,0.8,random_forest,4,316,467,2.4778481012658227,True,0.8452650734648203,0.8013244867324829,0.85,reaction_role_concat,6144,random_forest,False,valid,spearman,0.8638111331951897,2,0.1,random,,
condition_recombine_pseudolabel__mult_1.5__sim_0.85__teacher_ridge__seed_0,condition_recombine_pseudolabel,1.5,0.85,ridge,0,316,340,2.0759493670886076,True,0.8499999999999996,0.85,0.85,reaction_role_concat,6144,random_forest,False,valid,rmse,14.032208177630364,2,0.1,random,,
condition_recombine_pseudolabel__mult_1.5__sim_0.85__teacher_ridge__seed_0,condition_recombine_pseudolabel,1.5,0.85,ridge,0,316,340,2.0759493670886076,True,0.8499999999999996,0.85,0.85,reaction_role_concat,6144,random_forest,False,valid,mae,10.730229300145673,2,0.1,random,,
condition_recombine_pseudolabel__mult_1.5__sim_0.85__teacher_ridge__seed_0,condition_recombine_pseudolabel,1.5,0.85,ridge,0,316,340,2.0759493670886076,True,0.8499999999999996,0.85,0.85,reaction_role_concat,6144,random_forest,False,valid,r2,0.7296581897828165,2,0.1,random,,
condition_recombine_pseudolabel__mult_1.5__sim_0.85__teacher_ridge__seed_0,condition_recombine_pseudolabel,1.5,0.85,ridge,0,316,340,2.0759493670886076,True,0.8499999999999996,0.85,0.85,reaction_role_concat,6144,random_forest,False,valid,spearman,0.8622862291180999,2,0.1,random,,
condition_recombine_pseudolabel__mult_1.5__sim_0.85__teacher_ridge__seed_1,condition_recombine_pseudolabel,1.5,0.85,ridge,1,316,347,2.098101265822785,True,0.8499999999999998,0.85,0.85,reaction_role_concat,6144,random_forest,False,valid,rmse,13.782412148345779,2,0.1,random,,
condition_recombine_pseudolabel__mult_1.5__sim_0.85__teacher_ridge__seed_1,condition_recombine_pseudolabel,1.5,0.85,ridge,1,316,347,2.098101265822785,True,0.8499999999999998,0.85,0.85,reaction_role_concat,6144,random_forest,False,valid,mae,10.521721266560727,2,0.1,random,,
condition_recombine_pseudolabel__mult_1.5__sim_0.85__teacher_ridge__seed_1,condition_recombine_pseudolabel,1.5,0.85,ridge,1,316,347,2.098101265822785,True,0.8499999999999998,0.85,0.85,reaction_role_concat,6144,random_forest,False,valid,r2,0.7391975631230361,2,0.1,random,,
condition_recombine_pseudolabel__mult_1.5__sim_0.85__teacher_ridge__seed_1,condition_recombine_pseudolabel,1.5,0.85,ridge,1,316,347,2.098101265822785,True,0.8499999999999998,0.85,0.85,reaction_role_concat,6144,random_forest,False,valid,spearman,0.8665413949835786,2,0.1,random,,
condition_recombine_pseudolabel__mult_1.5__sim_0.85__teacher_ridge__seed_2,condition_recombine_pseudolabel,1.5,0.85,ridge,2,316,344,2.088607594936709,True,0.8499999999999998,0.85,0.85,reaction_role_concat,6144,random_forest,False,valid,rmse,13.429835531245454,2,0.1,random,,
condition_recombine_pseudolabel__mult_1.5__sim_0.85__teacher_ridge__seed_2,condition_recombine_pseudolabel,1.5,0.85,ridge,2,316,344,2.088607594936709,True,0.8499999999999998,0.85,0.85,reaction_role_concat,6144,random_forest,False,valid,mae,10.495626504660974,2,0.1,random,,
condition_recombine_pseudolabel__mult_1.5__sim_0.85__teacher_ridge__seed_2,condition_recombine_pseudolabel,1.5,0.85,ridge,2,316,344,2.088607594936709,True,0.8499999999999998,0.85,0.85,reaction_role_concat,6144,random_forest,False,valid,r2,0.752370393540241,2,0.1,random,,
condition_recombine_pseudolabel__mult_1.5__sim_0.85__teacher_ridge__seed_2,condition_recombine_pseudolabel,1.5,0.85,ridge,2,316,344,2.088607594936709,True,0.8499999999999998,0.85,0.85,reaction_role_concat,6144,random_forest,False,valid,spearman,0.8755155654977859,2,0.1,random,,
condition_recombine_pseudolabel__mult_1.5__sim_0.85__teacher_ridge__seed_3,condition_recombine_pseudolabel,1.5,0.85,ridge,3,316,351,2.1107594936708862,True,0.8499999999999998,0.85,0.85,reaction_role_concat,6144,random_forest,False,valid,rmse,13.463239864934557,2,0.1,random,,
condition_recombine_pseudolabel__mult_1.5__sim_0.85__teacher_ridge__seed_3,condition_recombine_pseudolabel,1.5,0.85,ridge,3,316,351,2.1107594936708862,True,0.8499999999999998,0.85,0.85,reaction_role_concat,6144,random_forest,False,valid,mae,10.530791875108322,2,0.1,random,,
condition_recombine_pseudolabel__mult_1.5__sim_0.85__teacher_ridge__seed_3,condition_recombine_pseudolabel,1.5,0.85,ridge,3,316,351,2.1107594936708862,True,0.8499999999999998,0.85,0.85,reaction_role_concat,6144,random_forest,False,valid,r2,0.7511369920692111,2,0.1,random,,
condition_recombine_pseudolabel__mult_1.5__sim_0.85__teacher_ridge__seed_3,condition_recombine_pseudolabel,1.5,0.85,ridge,3,316,351,2.1107594936708862,True,0.8499999999999998,0.85,0.85,reaction_role_concat,6144,random_forest,False,valid,spearman,0.8739172494890064,2,0.1,random,,
condition_recombine_pseudolabel__mult_1.5__sim_0.85__teacher_ridge__seed_4,condition_recombine_pseudolabel,1.5,0.85,ridge,4,316,358,2.132911392405063,True,0.8499999999999998,0.85,0.85,reaction_role_concat,6144,random_forest,False,valid,rmse,13.635815926194464,2,0.1,random,,
condition_recombine_pseudolabel__mult_1.5__sim_0.85__teacher_ridge__seed_4,condition_recombine_pseudolabel,1.5,0.85,ridge,4,316,358,2.132911392405063,True,0.8499999999999998,0.85,0.85,reaction_role_concat,6144,random_forest,False,valid,mae,10.436063086302221,2,0.1,random,,
condition_recombine_pseudolabel__mult_1.5__sim_0.85__teacher_ridge__seed_4,condition_recombine_pseudolabel,1.5,0.85,ridge,4,316,358,2.132911392405063,True,0.8499999999999998,0.85,0.85,reaction_role_concat,6144,random_forest,False,valid,r2,0.7447160922926193,2,0.1,random,,
condition_recombine_pseudolabel__mult_1.5__sim_0.85__teacher_ridge__seed_4,condition_recombine_pseudolabel,1.5,0.85,ridge,4,316,358,2.132911392405063,True,0.8499999999999998,0.85,0.85,reaction_role_concat,6144,random_forest,False,valid,spearman,0.8697946924444314,2,0.1,random,,
condition_recombine_pseudolabel__mult_1.5__sim_0.85__teacher_rf__seed_0,condition_recombine_pseudolabel,1.5,0.85,random_forest,0,316,340,2.0759493670886076,True,0.8499999999999996,0.85,0.85,reaction_role_concat,6144,random_forest,False,valid,rmse,13.503618215105476,2,0.1,random,,
condition_recombine_pseudolabel__mult_1.5__sim_0.85__teacher_rf__seed_0,condition_recombine_pseudolabel,1.5,0.85,random_forest,0,316,340,2.0759493670886076,True,0.8499999999999996,0.85,0.85,reaction_role_concat,6144,random_forest,False,valid,mae,9.880177513440952,2,0.1,random,,
condition_recombine_pseudolabel__mult_1.5__sim_0.85__teacher_rf__seed_0,condition_recombine_pseudolabel,1.5,0.85,random_forest,0,316,340,2.0759493670886076,True,0.8499999999999996,0.85,0.85,reaction_role_concat,6144,random_forest,False,valid,r2,0.7496419958345235,2,0.1,random,,
condition_recombine_pseudolabel__mult_1.5__sim_0.85__teacher_rf__seed_0,condition_recombine_pseudolabel,1.5,0.85,random_forest,0,316,340,2.0759493670886076,True,0.8499999999999996,0.85,0.85,reaction_role_concat,6144,random_forest,False,valid,spearman,0.871337706096182,2,0.1,random,,
condition_recombine_pseudolabel__mult_1.5__sim_0.85__teacher_rf__seed_1,condition_recombine_pseudolabel,1.5,0.85,random_forest,1,316,347,2.098101265822785,True,0.8499999999999998,0.85,0.85,reaction_role_concat,6144,random_forest,False,valid,rmse,13.857603378568271,2,0.1,random,,
condition_recombine_pseudolabel__mult_1.5__sim_0.85__teacher_rf__seed_1,condition_recombine_pseudolabel,1.5,0.85,random_forest,1,316,347,2.098101265822785,True,0.8499999999999998,0.85,0.85,reaction_role_concat,6144,random_forest,False,valid,mae,9.870758341629859,2,0.1,random,,
condition_recombine_pseudolabel__mult_1.5__sim_0.85__teacher_rf__seed_1,condition_recombine_pseudolabel,1.5,0.85,random_forest,1,316,347,2.098101265822785,True,0.8499999999999998,0.85,0.85,reaction_role_concat,6144,random_forest,False,valid,r2,0.7363441368717012,2,0.1,random,,
condition_recombine_pseudolabel__mult_1.5__sim_0.85__teacher_rf__seed_1,condition_recombine_pseudolabel,1.5,0.85,random_forest,1,316,347,2.098101265822785,True,0.8499999999999998,0.85,0.85,reaction_role_concat,6144,random_forest,False,valid,spearman,0.8597680246071914,2,0.1,random,,
condition_recombine_pseudolabel__mult_1.5__sim_0.85__teacher_rf__seed_2,condition_recombine_pseudolabel,1.5,0.85,random_forest,2,316,344,2.088607594936709,True,0.8499999999999998,0.85,0.85,reaction_role_concat,6144,random_forest,False,valid,rmse,13.636228106355421,2,0.1,random,,
condition_recombine_pseudolabel__mult_1.5__sim_0.85__teacher_rf__seed_2,condition_recombine_pseudolabel,1.5,0.85,random_forest,2,316,344,2.088607594936709,True,0.8499999999999998,0.85,0.85,reaction_role_concat,6144,random_forest,False,valid,mae,9.978347647987778,2,0.1,random,,
condition_recombine_pseudolabel__mult_1.5__sim_0.85__teacher_rf__seed_2,condition_recombine_pseudolabel,1.5,0.85,random_forest,2,316,344,2.088607594936709,True,0.8499999999999998,0.85,0.85,reaction_role_concat,6144,random_forest,False,valid,r2,0.744700658738358,2,0.1,random,,
condition_recombine_pseudolabel__mult_1.5__sim_0.85__teacher_rf__seed_2,condition_recombine_pseudolabel,1.5,0.85,random_forest,2,316,344,2.088607594936709,True,0.8499999999999998,0.85,0.85,reaction_role_concat,6144,random_forest,False,valid,spearman,0.8683790299951347,2,0.1,random,,
condition_recombine_pseudolabel__mult_1.5__sim_0.85__teacher_rf__seed_3,condition_recombine_pseudolabel,1.5,0.85,random_forest,3,316,351,2.1107594936708862,True,0.8499999999999998,0.85,0.85,reaction_role_concat,6144,random_forest,False,valid,rmse,13.771353130400101,2,0.1,random,,
condition_recombine_pseudolabel__mult_1.5__sim_0.85__teacher_rf__seed_3,condition_recombine_pseudolabel,1.5,0.85,random_forest,3,316,351,2.1107594936708862,True,0.8499999999999998,0.85,0.85,reaction_role_concat,6144,random_forest,False,valid,mae,10.039833249165664,2,0.1,random,,
condition_recombine_pseudolabel__mult_1.5__sim_0.85__teacher_rf__seed_3,condition_recombine_pseudolabel,1.5,0.85,random_forest,3,316,351,2.1107594936708862,True,0.8499999999999998,0.85,0.85,reaction_role_concat,6144,random_forest,False,valid,r2,0.7396159313519035,2,0.1,random,,
condition_recombine_pseudolabel__mult_1.5__sim_0.85__teacher_rf__seed_3,condition_recombine_pseudolabel,1.5,0.85,random_forest,3,316,351,2.1107594936708862,True,0.8499999999999998,0.85,0.85,reaction_role_concat,6144,random_forest,False,valid,spearman,0.8649972129721726,2,0.1,random,,
condition_recombine_pseudolabel__mult_1.5__sim_0.85__teacher_rf__seed_4,condition_recombine_pseudolabel,1.5,0.85,random_forest,4,316,358,2.132911392405063,True,0.8499999999999998,0.85,0.85,reaction_role_concat,6144,random_forest,False,valid,rmse,13.852936230165845,2,0.1,random,,
condition_recombine_pseudolabel__mult_1.5__sim_0.85__teacher_rf__seed_4,condition_recombine_pseudolabel,1.5,0.85,random_forest,4,316,358,2.132911392405063,True,0.8499999999999998,0.85,0.85,reaction_role_concat,6144,random_forest,False,valid,mae,10.11737442973124,2,0.1,random,,
condition_recombine_pseudolabel__mult_1.5__sim_0.85__teacher_rf__seed_4,condition_recombine_pseudolabel,1.5,0.85,random_forest,4,316,358,2.132911392405063,True,0.8499999999999998,0.85,0.85,reaction_role_concat,6144,random_forest,False,valid,r2,0.7365217020380781,2,0.1,random,,
condition_recombine_pseudolabel__mult_1.5__sim_0.85__teacher_rf__seed_4,condition_recombine_pseudolabel,1.5,0.85,random_forest,4,316,358,2.132911392405063,True,0.8499999999999998,0.85,0.85,reaction_role_concat,6144,random_forest,False,valid,spearman,0.8601919444355434,2,0.1,random,,
condition_recombine_pseudolabel__mult_1.5__sim_0.9__teacher_ridge__seed_0,condition_recombine_pseudolabel,1.5,0.9,ridge,0,316,150,1.4746835443037976,True,0.8499999999999998,0.85,0.85,reaction_role_concat,6144,random_forest,False,valid,rmse,13.983466950246365,2,0.1,random,,
condition_recombine_pseudolabel__mult_1.5__sim_0.9__teacher_ridge__seed_0,condition_recombine_pseudolabel,1.5,0.9,ridge,0,316,150,1.4746835443037976,True,0.8499999999999998,0.85,0.85,reaction_role_concat,6144,random_forest,False,valid,mae,10.612097207291782,2,0.1,random,,
condition_recombine_pseudolabel__mult_1.5__sim_0.9__teacher_ridge__seed_0,condition_recombine_pseudolabel,1.5,0.9,ridge,0,316,150,1.4746835443037976,True,0.8499999999999998,0.85,0.85,reaction_role_concat,6144,random_forest,False,valid,r2,0.7315330061365075,2,0.1,random,,
condition_recombine_pseudolabel__mult_1.5__sim_0.9__teacher_ridge__seed_0,condition_recombine_pseudolabel,1.5,0.9,ridge,0,316,150,1.4746835443037976,True,0.8499999999999998,0.85,0.85,reaction_role_concat,6144,random_forest,False,valid,spearman,0.8601923338887618,2,0.1,random,,
condition_recombine_pseudolabel__mult_1.5__sim_0.9__teacher_ridge__seed_1,condition_recombine_pseudolabel,1.5,0.9,ridge,1,316,166,1.5253164556962024,True,0.8499999999999996,0.85,0.85,reaction_role_concat,6144,random_forest,False,valid,rmse,14.081097576433137,2,0.1,random,,
condition_recombine_pseudolabel__mult_1.5__sim_0.9__teacher_ridge__seed_1,condition_recombine_pseudolabel,1.5,0.9,ridge,1,316,166,1.5253164556962024,True,0.8499999999999996,0.85,0.85,reaction_role_concat,6144,random_forest,False,valid,mae,10.821381867526831,2,0.1,random,,
condition_recombine_pseudolabel__mult_1.5__sim_0.9__teacher_ridge__seed_1,condition_recombine_pseudolabel,1.5,0.9,ridge,1,316,166,1.5253164556962024,True,0.8499999999999996,0.85,0.85,reaction_role_concat,6144,random_forest,False,valid,r2,0.7277711207322868,2,0.1,random,,
condition_recombine_pseudolabel__mult_1.5__sim_0.9__teacher_ridge__seed_1,condition_recombine_pseudolabel,1.5,0.9,ridge,1,316,166,1.5253164556962024,True,0.8499999999999996,0.85,0.85,reaction_role_concat,6144,random_forest,False,valid,spearman,0.8596580040729614,2,0.1,random,,
condition_recombine_pseudolabel__mult_1.5__sim_0.9__teacher_ridge__seed_2,condition_recombine_pseudolabel,1.5,0.9,ridge,2,316,152,1.481012658227848,True,0.85,0.85,0.85,reaction_role_concat,6144,random_forest,False,valid,rmse,13.416003659514963,2,0.1,random,,
condition_recombine_pseudolabel__mult_1.5__sim_0.9__teacher_ridge__seed_2,condition_recombine_pseudolabel,1.5,0.9,ridge,2,316,152,1.481012658227848,True,0.85,0.85,0.85,reaction_role_concat,6144,random_forest,False,valid,mae,10.307766689186044,2,0.1,random,,
condition_recombine_pseudolabel__mult_1.5__sim_0.9__teacher_ridge__seed_2,condition_recombine_pseudolabel,1.5,0.9,ridge,2,316,152,1.481012658227848,True,0.85,0.85,0.85,reaction_role_concat,6144,random_forest,False,valid,r2,0.7528802161790353,2,0.1,random,,
condition_recombine_pseudolabel__mult_1.5__sim_0.9__teacher_ridge__seed_2,condition_recombine_pseudolabel,1.5,0.9,ridge,2,316,152,1.481012658227848,True,0.85,0.85,0.85,reaction_role_concat,6144,random_forest,False,valid,spearman,0.8740831565600933,2,0.1,random,,
condition_recombine_pseudolabel__mult_1.5__sim_0.9__teacher_ridge__seed_3,condition_recombine_pseudolabel,1.5,0.9,ridge,3,316,154,1.4873417721518987,True,0.8499999999999999,0.85,0.85,reaction_role_concat,6144,random_forest,False,valid,rmse,13.69224356736756,2,0.1,random,,
condition_recombine_pseudolabel__mult_1.5__sim_0.9__teacher_ridge__seed_3,condition_recombine_pseudolabel,1.5,0.9,ridge,3,316,154,1.4873417721518987,True,0.8499999999999999,0.85,0.85,reaction_role_concat,6144,random_forest,False,valid,mae,10.587933167617532,2,0.1,random,,
condition_recombine_pseudolabel__mult_1.5__sim_0.9__teacher_ridge__seed_3,condition_recombine_pseudolabel,1.5,0.9,ridge,3,316,154,1.4873417721518987,True,0.8499999999999999,0.85,0.85,reaction_role_concat,6144,random_forest,False,valid,r2,0.7425988923687581,2,0.1,random,,
condition_recombine_pseudolabel__mult_1.5__sim_0.9__teacher_ridge__seed_3,condition_recombine_pseudolabel,1.5,0.9,ridge,3,316,154,1.4873417721518987,True,0.8499999999999999,0.85,0.85,reaction_role_concat,6144,random_forest,False,valid,spearman,0.8682343481244571,2,0.1,random,,
condition_recombine_pseudolabel__mult_1.5__sim_0.9__teacher_ridge__seed_4,condition_recombine_pseudolabel,1.5,0.9,ridge,4,316,164,1.518987341772152,True,0.8499999999999996,0.85,0.85,reaction_role_concat,6144,random_forest,False,valid,rmse,13.778970715251534,2,0.1,random,,
condition_recombine_pseudolabel__mult_1.5__sim_0.9__teacher_ridge__seed_4,condition_recombine_pseudolabel,1.5,0.9,ridge,4,316,164,1.518987341772152,True,0.8499999999999996,0.85,0.85,reaction_role_concat,6144,random_forest,False,valid,mae,10.302909968531583,2,0.1,random,,
condition_recombine_pseudolabel__mult_1.5__sim_0.9__teacher_ridge__seed_4,condition_recombine_pseudolabel,1.5,0.9,ridge,4,316,164,1.518987341772152,True,0.8499999999999996,0.85,0.85,reaction_role_concat,6144,random_forest,False,valid,r2,0.7393277902663951,2,0.1,random,,
condition_recombine_pseudolabel__mult_1.5__sim_0.9__teacher_ridge__seed_4,condition_recombine_pseudolabel,1.5,0.9,ridge,4,316,164,1.518987341772152,True,0.8499999999999996,0.85,0.85,reaction_role_concat,6144,random_forest,False,valid,spearman,0.8683837034337569,2,0.1,random,,
condition_recombine_pseudolabel__mult_1.5__sim_0.9__teacher_rf__seed_0,condition_recombine_pseudolabel,1.5,0.9,random_forest,0,316,150,1.4746835443037976,True,0.8499999999999998,0.85,0.85,reaction_role_concat,6144,random_forest,False,valid,rmse,13.51588826779276,2,0.1,random,,
condition_recombine_pseudolabel__mult_1.5__sim_0.9__teacher_rf__seed_0,condition_recombine_pseudolabel,1.5,0.9,random_forest,0,316,150,1.4746835443037976,True,0.8499999999999998,0.85,0.85,reaction_role_concat,6144,random_forest,False,valid,mae,9.806708772866598,2,0.1,random,,
condition_recombine_pseudolabel__mult_1.5__sim_0.9__teacher_rf__seed_0,condition_recombine_pseudolabel,1.5,0.9,random_forest,0,316,150,1.4746835443037976,True,0.8499999999999998,0.85,0.85,reaction_role_concat,6144,random_forest,False,valid,r2,0.7491868138980455,2,0.1,random,,
condition_recombine_pseudolabel__mult_1.5__sim_0.9__teacher_rf__seed_0,condition_recombine_pseudolabel,1.5,0.9,random_forest,0,316,150,1.4746835443037976,True,0.8499999999999998,0.85,0.85,reaction_role_concat,6144,random_forest,False,valid,spearman,0.87095837866135,2,0.1,random,,
condition_recombine_pseudolabel__mult_1.5__sim_0.9__teacher_rf__seed_1,condition_recombine_pseudolabel,1.5,0.9,random_forest,1,316,166,1.5253164556962024,True,0.8499999999999996,0.85,0.85,reaction_role_concat,6144,random_forest,False,valid,rmse,13.825438985161083,2,0.1,random,,
condition_recombine_pseudolabel__mult_1.5__sim_0.9__teacher_rf__seed_1,condition_recombine_pseudolabel,1.5,0.9,random_forest,1,316,166,1.5253164556962024,True,0.8499999999999996,0.85,0.85,reaction_role_concat,6144,random_forest,False,valid,mae,10.109844943341953,2,0.1,random,,
condition_recombine_pseudolabel__mult_1.5__sim_0.9__teacher_rf__seed_1,condition_recombine_pseudolabel,1.5,0.9,random_forest,1,316,166,1.5253164556962024,True,0.8499999999999996,0.85,0.85,reaction_role_concat,6144,random_forest,False,valid,r2,0.7375666410776891,2,0.1,random,,
condition_recombine_pseudolabel__mult_1.5__sim_0.9__teacher_rf__seed_1,condition_recombine_pseudolabel,1.5,0.9,random_forest,1,316,166,1.5253164556962024,True,0.8499999999999996,0.85,0.85,reaction_role_concat,6144,random_forest,False,valid,spearman,0.8635710352859759,2,0.1,random,,
condition_recombine_pseudolabel__mult_1.5__sim_0.9__teacher_rf__seed_2,condition_recombine_pseudolabel,1.5,0.9,random_forest,2,316,152,1.481012658227848,True,0.85,0.85,0.85,reaction_role_concat,6144,random_forest,False,valid,rmse,13.608105810875946,2,0.1,random,,
condition_recombine_pseudolabel__mult_1.5__sim_0.9__teacher_rf__seed_2,condition_recombine_pseudolabel,1.5,0.9,random_forest,2,316,152,1.481012658227848,True,0.85,0.85,0.85,reaction_role_concat,6144,random_forest,False,valid,mae,10.133354851118183,2,0.1,random,,
condition_recombine_pseudolabel__mult_1.5__sim_0.9__teacher_rf__seed_2,condition_recombine_pseudolabel,1.5,0.9,random_forest,2,316,152,1.481012658227848,True,0.85,0.85,0.85,reaction_role_concat,6144,random_forest,False,valid,r2,0.7457525918868806,2,0.1,random,,
condition_recombine_pseudolabel__mult_1.5__sim_0.9__teacher_rf__seed_2,condition_recombine_pseudolabel,1.5,0.9,random_forest,2,316,152,1.481012658227848,True,0.85,0.85,0.85,reaction_role_concat,6144,random_forest,False,valid,spearman,0.8685153386216145,2,0.1,random,,
condition_recombine_pseudolabel__mult_1.5__sim_0.9__teacher_rf__seed_3,condition_recombine_pseudolabel,1.5,0.9,random_forest,3,316,154,1.4873417721518987,True,0.8499999999999999,0.85,0.85,reaction_role_concat,6144,random_forest,False,valid,rmse,13.649069930255786,2,0.1,random,,
condition_recombine_pseudolabel__mult_1.5__sim_0.9__teacher_rf__seed_3,condition_recombine_pseudolabel,1.5,0.9,random_forest,3,316,154,1.4873417721518987,True,0.8499999999999999,0.85,0.85,reaction_role_concat,6144,random_forest,False,valid,mae,10.015180188974437,2,0.1,random,,
condition_recombine_pseudolabel__mult_1.5__sim_0.9__teacher_rf__seed_3,condition_recombine_pseudolabel,1.5,0.9,random_forest,3,316,154,1.4873417721518987,True,0.8499999999999999,0.85,0.85,reaction_role_concat,6144,random_forest,False,valid,r2,0.7442195795259103,2,0.1,random,,
condition_recombine_pseudolabel__mult_1.5__sim_0.9__teacher_rf__seed_3,condition_recombine_pseudolabel,1.5,0.9,random_forest,3,316,154,1.4873417721518987,True,0.8499999999999999,0.85,0.85,reaction_role_concat,6144,random_forest,False,valid,spearman,0.8654894818403736,2,0.1,random,,
condition_recombine_pseudolabel__mult_1.5__sim_0.9__teacher_rf__seed_4,condition_recombine_pseudolabel,1.5,0.9,random_forest,4,316,164,1.518987341772152,True,0.8499999999999996,0.85,0.85,reaction_role_concat,6144,random_forest,False,valid,rmse,13.639643213328185,2,0.1,random,,
condition_recombine_pseudolabel__mult_1.5__sim_0.9__teacher_rf__seed_4,condition_recombine_pseudolabel,1.5,0.9,random_forest,4,316,164,1.518987341772152,True,0.8499999999999996,0.85,0.85,reaction_role_concat,6144,random_forest,False,valid,mae,9.961510771973789,2,0.1,random,,
condition_recombine_pseudolabel__mult_1.5__sim_0.9__teacher_rf__seed_4,condition_recombine_pseudolabel,1.5,0.9,random_forest,4,316,164,1.518987341772152,True,0.8499999999999996,0.85,0.85,reaction_role_concat,6144,random_forest,False,valid,r2,0.7445727665189826,2,0.1,random,,
condition_recombine_pseudolabel__mult_1.5__sim_0.9__teacher_rf__seed_4,condition_recombine_pseudolabel,1.5,0.9,random_forest,4,316,164,1.518987341772152,True,0.8499999999999996,0.85,0.85,reaction_role_concat,6144,random_forest,False,valid,spearman,0.8651335215986523,2,0.1,random,,
condition_recombine_pseudolabel__mult_1.5__sim_0.95__teacher_ridge__seed_0,condition_recombine_pseudolabel,1.5,0.95,ridge,0,316,0,1.0,True,,,,reaction_role_concat,6144,random_forest,False,valid,rmse,13.313134232237564,2,0.1,random,,
condition_recombine_pseudolabel__mult_1.5__sim_0.95__teacher_ridge__seed_0,condition_recombine_pseudolabel,1.5,0.95,ridge,0,316,0,1.0,True,,,,reaction_role_concat,6144,random_forest,False,valid,mae,9.83050099094363,2,0.1,random,,
condition_recombine_pseudolabel__mult_1.5__sim_0.95__teacher_ridge__seed_0,condition_recombine_pseudolabel,1.5,0.95,ridge,0,316,0,1.0,True,,,,reaction_role_concat,6144,random_forest,False,valid,r2,0.7566553508825153,2,0.1,random,,
condition_recombine_pseudolabel__mult_1.5__sim_0.95__teacher_ridge__seed_0,condition_recombine_pseudolabel,1.5,0.95,ridge,0,316,0,1.0,True,,,,reaction_role_concat,6144,random_forest,False,valid,spearman,0.874611644577616,2,0.1,random,,
condition_recombine_pseudolabel__mult_1.5__sim_0.95__teacher_ridge__seed_1,condition_recombine_pseudolabel,1.5,0.95,ridge,1,316,0,1.0,True,,,,reaction_role_concat,6144,random_forest,False,valid,rmse,13.313134232237564,2,0.1,random,,
condition_recombine_pseudolabel__mult_1.5__sim_0.95__teacher_ridge__seed_1,condition_recombine_pseudolabel,1.5,0.95,ridge,1,316,0,1.0,True,,,,reaction_role_concat,6144,random_forest,False,valid,mae,9.83050099094363,2,0.1,random,,
condition_recombine_pseudolabel__mult_1.5__sim_0.95__teacher_ridge__seed_1,condition_recombine_pseudolabel,1.5,0.95,ridge,1,316,0,1.0,True,,,,reaction_role_concat,6144,random_forest,False,valid,r2,0.7566553508825153,2,0.1,random,,
condition_recombine_pseudolabel__mult_1.5__sim_0.95__teacher_ridge__seed_1,condition_recombine_pseudolabel,1.5,0.95,ridge,1,316,0,1.0,True,,,,reaction_role_concat,6144,random_forest,False,valid,spearman,0.874611644577616,2,0.1,random,,
condition_recombine_pseudolabel__mult_1.5__sim_0.95__teacher_ridge__seed_2,condition_recombine_pseudolabel,1.5,0.95,ridge,2,316,0,1.0,True,,,,reaction_role_concat,6144,random_forest,False,valid,rmse,13.313134232237564,2,0.1,random,,
condition_recombine_pseudolabel__mult_1.5__sim_0.95__teacher_ridge__seed_2,condition_recombine_pseudolabel,1.5,0.95,ridge,2,316,0,1.0,True,,,,reaction_role_concat,6144,random_forest,False,valid,mae,9.83050099094363,2,0.1,random,,
condition_recombine_pseudolabel__mult_1.5__sim_0.95__teacher_ridge__seed_2,condition_recombine_pseudolabel,1.5,0.95,ridge,2,316,0,1.0,True,,,,reaction_role_concat,6144,random_forest,False,valid,r2,0.7566553508825153,2,0.1,random,,
condition_recombine_pseudolabel__mult_1.5__sim_0.95__teacher_ridge__seed_2,condition_recombine_pseudolabel,1.5,0.95,ridge,2,316,0,1.0,True,,,,reaction_role_concat,6144,random_forest,False,valid,spearman,0.874611644577616,2,0.1,random,,
condition_recombine_pseudolabel__mult_1.5__sim_0.95__teacher_ridge__seed_3,condition_recombine_pseudolabel,1.5,0.95,ridge,3,316,0,1.0,True,,,,reaction_role_concat,6144,random_forest,False,valid,rmse,13.313134232237564,2,0.1,random,,
condition_recombine_pseudolabel__mult_1.5__sim_0.95__teacher_ridge__seed_3,condition_recombine_pseudolabel,1.5,0.95,ridge,3,316,0,1.0,True,,,,reaction_role_concat,6144,random_forest,False,valid,mae,9.83050099094363,2,0.1,random,,
condition_recombine_pseudolabel__mult_1.5__sim_0.95__teacher_ridge__seed_3,condition_recombine_pseudolabel,1.5,0.95,ridge,3,316,0,1.0,True,,,,reaction_role_concat,6144,random_forest,False,valid,r2,0.7566553508825153,2,0.1,random,,
condition_recombine_pseudolabel__mult_1.5__sim_0.95__teacher_ridge__seed_3,condition_recombine_pseudolabel,1.5,0.95,ridge,3,316,0,1.0,True,,,,reaction_role_concat,6144,random_forest,False,valid,spearman,0.874611644577616,2,0.1,random,,
condition_recombine_pseudolabel__mult_1.5__sim_0.95__teacher_ridge__seed_4,condition_recombine_pseudolabel,1.5,0.95,ridge,4,316,0,1.0,True,,,,reaction_role_concat,6144,random_forest,False,valid,rmse,13.313134232237564,2,0.1,random,,
condition_recombine_pseudolabel__mult_1.5__sim_0.95__teacher_ridge__seed_4,condition_recombine_pseudolabel,1.5,0.95,ridge,4,316,0,1.0,True,,,,reaction_role_concat,6144,random_forest,False,valid,mae,9.83050099094363,2,0.1,random,,
condition_recombine_pseudolabel__mult_1.5__sim_0.95__teacher_ridge__seed_4,condition_recombine_pseudolabel,1.5,0.95,ridge,4,316,0,1.0,True,,,,reaction_role_concat,6144,random_forest,False,valid,r2,0.7566553508825153,2,0.1,random,,
condition_recombine_pseudolabel__mult_1.5__sim_0.95__teacher_ridge__seed_4,condition_recombine_pseudolabel,1.5,0.95,ridge,4,316,0,1.0,True,,,,reaction_role_concat,6144,random_forest,False,valid,spearman,0.874611644577616,2,0.1,random,,
condition_recombine_pseudolabel__mult_1.5__sim_0.95__teacher_rf__seed_0,condition_recombine_pseudolabel,1.5,0.95,random_forest,0,316,0,1.0,True,,,,reaction_role_concat,6144,random_forest,False,valid,rmse,13.313134232237564,2,0.1,random,,
condition_recombine_pseudolabel__mult_1.5__sim_0.95__teacher_rf__seed_0,condition_recombine_pseudolabel,1.5,0.95,random_forest,0,316,0,1.0,True,,,,reaction_role_concat,6144,random_forest,False,valid,mae,9.83050099094363,2,0.1,random,,
condition_recombine_pseudolabel__mult_1.5__sim_0.95__teacher_rf__seed_0,condition_recombine_pseudolabel,1.5,0.95,random_forest,0,316,0,1.0,True,,,,reaction_role_concat,6144,random_forest,False,valid,r2,0.7566553508825153,2,0.1,random,,
condition_recombine_pseudolabel__mult_1.5__sim_0.95__teacher_rf__seed_0,condition_recombine_pseudolabel,1.5,0.95,random_forest,0,316,0,1.0,True,,,,reaction_role_concat,6144,random_forest,False,valid,spearman,0.874611644577616,2,0.1,random,,
condition_recombine_pseudolabel__mult_1.5__sim_0.95__teacher_rf__seed_1,condition_recombine_pseudolabel,1.5,0.95,random_forest,1,316,0,1.0,True,,,,reaction_role_concat,6144,random_forest,False,valid,rmse,13.313134232237564,2,0.1,random,,
condition_recombine_pseudolabel__mult_1.5__sim_0.95__teacher_rf__seed_1,condition_recombine_pseudolabel,1.5,0.95,random_forest,1,316,0,1.0,True,,,,reaction_role_concat,6144,random_forest,False,valid,mae,9.83050099094363,2,0.1,random,,
condition_recombine_pseudolabel__mult_1.5__sim_0.95__teacher_rf__seed_1,condition_recombine_pseudolabel,1.5,0.95,random_forest,1,316,0,1.0,True,,,,reaction_role_concat,6144,random_forest,False,valid,r2,0.7566553508825153,2,0.1,random,,
condition_recombine_pseudolabel__mult_1.5__sim_0.95__teacher_rf__seed_1,condition_recombine_pseudolabel,1.5,0.95,random_forest,1,316,0,1.0,True,,,,reaction_role_concat,6144,random_forest,False,valid,spearman,0.874611644577616,2,0.1,random,,
condition_recombine_pseudolabel__mult_1.5__sim_0.95__teacher_rf__seed_2,condition_recombine_pseudolabel,1.5,0.95,random_forest,2,316,0,1.0,True,,,,reaction_role_concat,6144,random_forest,False,valid,rmse,13.313134232237564,2,0.1,random,,
condition_recombine_pseudolabel__mult_1.5__sim_0.95__teacher_rf__seed_2,condition_recombine_pseudolabel,1.5,0.95,random_forest,2,316,0,1.0,True,,,,reaction_role_concat,6144,random_forest,False,valid,mae,9.83050099094363,2,0.1,random,,
condition_recombine_pseudolabel__mult_1.5__sim_0.95__teacher_rf__seed_2,condition_recombine_pseudolabel,1.5,0.95,random_forest,2,316,0,1.0,True,,,,reaction_role_concat,6144,random_forest,False,valid,r2,0.7566553508825153,2,0.1,random,,
condition_recombine_pseudolabel__mult_1.5__sim_0.95__teacher_rf__seed_2,condition_recombine_pseudolabel,1.5,0.95,random_forest,2,316,0,1.0,True,,,,reaction_role_concat,6144,random_forest,False,valid,spearman,0.874611644577616,2,0.1,random,,
condition_recombine_pseudolabel__mult_1.5__sim_0.95__teacher_rf__seed_3,condition_recombine_pseudolabel,1.5,0.95,random_forest,3,316,0,1.0,True,,,,reaction_role_concat,6144,random_forest,False,valid,rmse,13.313134232237564,2,0.1,random,,
condition_recombine_pseudolabel__mult_1.5__sim_0.95__teacher_rf__seed_3,condition_recombine_pseudolabel,1.5,0.95,random_forest,3,316,0,1.0,True,,,,reaction_role_concat,6144,random_forest,False,valid,mae,9.83050099094363,2,0.1,random,,
condition_recombine_pseudolabel__mult_1.5__sim_0.95__teacher_rf__seed_3,condition_recombine_pseudolabel,1.5,0.95,random_forest,3,316,0,1.0,True,,,,reaction_role_concat,6144,random_forest,False,valid,r2,0.7566553508825153,2,0.1,random,,
condition_recombine_pseudolabel__mult_1.5__sim_0.95__teacher_rf__seed_3,condition_recombine_pseudolabel,1.5,0.95,random_forest,3,316,0,1.0,True,,,,reaction_role_concat,6144,random_forest,False,valid,spearman,0.874611644577616,2,0.1,random,,
condition_recombine_pseudolabel__mult_1.5__sim_0.95__teacher_rf__seed_4,condition_recombine_pseudolabel,1.5,0.95,random_forest,4,316,0,1.0,True,,,,reaction_role_concat,6144,random_forest,False,valid,rmse,13.313134232237564,2,0.1,random,,
condition_recombine_pseudolabel__mult_1.5__sim_0.95__teacher_rf__seed_4,condition_recombine_pseudolabel,1.5,0.95,random_forest,4,316,0,1.0,True,,,,reaction_role_concat,6144,random_forest,False,valid,mae,9.83050099094363,2,0.1,random,,
condition_recombine_pseudolabel__mult_1.5__sim_0.95__teacher_rf__seed_4,condition_recombine_pseudolabel,1.5,0.95,random_forest,4,316,0,1.0,True,,,,reaction_role_concat,6144,random_forest,False,valid,r2,0.7566553508825153,2,0.1,random,,
condition_recombine_pseudolabel__mult_1.5__sim_0.95__teacher_rf__seed_4,condition_recombine_pseudolabel,1.5,0.95,random_forest,4,316,0,1.0,True,,,,reaction_role_concat,6144,random_forest,False,valid,spearman,0.874611644577616,2,0.1,random,,
condition_recombine_pseudolabel__mult_2__sim_0.8__teacher_ridge__seed_0,condition_recombine_pseudolabel,2.0,0.8,ridge,0,316,621,2.9651898734177213,True,0.8444374984013284,0.8013244867324829,0.85,reaction_role_concat,6144,random_forest,False,valid,rmse,13.97258577995102,2,0.1,random,,
condition_recombine_pseudolabel__mult_2__sim_0.8__teacher_ridge__seed_0,condition_recombine_pseudolabel,2.0,0.8,ridge,0,316,621,2.9651898734177213,True,0.8444374984013284,0.8013244867324829,0.85,reaction_role_concat,6144,random_forest,False,valid,mae,10.837143434667889,2,0.1,random,,
condition_recombine_pseudolabel__mult_2__sim_0.8__teacher_ridge__seed_0,condition_recombine_pseudolabel,2.0,0.8,ridge,0,316,621,2.9651898734177213,True,0.8444374984013284,0.8013244867324829,0.85,reaction_role_concat,6144,random_forest,False,valid,r2,0.731950656282426,2,0.1,random,,
condition_recombine_pseudolabel__mult_2__sim_0.8__teacher_ridge__seed_0,condition_recombine_pseudolabel,2.0,0.8,ridge,0,316,621,2.9651898734177213,True,0.8444374984013284,0.8013244867324829,0.85,reaction_role_concat,6144,random_forest,False,valid,spearman,0.8669834243865915,2,0.1,random,,
condition_recombine_pseudolabel__mult_2__sim_0.8__teacher_ridge__seed_1,condition_recombine_pseudolabel,2.0,0.8,ridge,1,316,622,2.9683544303797467,True,0.84495325927949,0.800000011920929,0.85,reaction_role_concat,6144,random_forest,False,valid,rmse,13.762923357136328,2,0.1,random,,
condition_recombine_pseudolabel__mult_2__sim_0.8__teacher_ridge__seed_1,condition_recombine_pseudolabel,2.0,0.8,ridge,1,316,622,2.9683544303797467,True,0.84495325927949,0.800000011920929,0.85,reaction_role_concat,6144,random_forest,False,valid,mae,10.710857462214896,2,0.1,random,,
condition_recombine_pseudolabel__mult_2__sim_0.8__teacher_ridge__seed_1,condition_recombine_pseudolabel,2.0,0.8,ridge,1,316,622,2.9683544303797467,True,0.84495325927949,0.800000011920929,0.85,reaction_role_concat,6144,random_forest,False,valid,r2,0.7399346083678894,2,0.1,random,,
condition_recombine_pseudolabel__mult_2__sim_0.8__teacher_ridge__seed_1,condition_recombine_pseudolabel,2.0,0.8,ridge,1,316,622,2.9683544303797467,True,0.84495325927949,0.800000011920929,0.85,reaction_role_concat,6144,random_forest,False,valid,spearman,0.8717661046365469,2,0.1,random,,
condition_recombine_pseudolabel__mult_2__sim_0.8__teacher_ridge__seed_2,condition_recombine_pseudolabel,2.0,0.8,ridge,2,316,625,2.9778481012658227,True,0.845337620601654,0.800000011920929,0.85,reaction_role_concat,6144,random_forest,False,valid,rmse,13.872901455249162,2,0.1,random,,
condition_recombine_pseudolabel__mult_2__sim_0.8__teacher_ridge__seed_2,condition_recombine_pseudolabel,2.0,0.8,ridge,2,316,625,2.9778481012658227,True,0.845337620601654,0.800000011920929,0.85,reaction_role_concat,6144,random_forest,False,valid,mae,10.818337920984327,2,0.1,random,,
condition_recombine_pseudolabel__mult_2__sim_0.8__teacher_ridge__seed_2,condition_recombine_pseudolabel,2.0,0.8,ridge,2,316,625,2.9778481012658227,True,0.845337620601654,0.800000011920929,0.85,reaction_role_concat,6144,random_forest,False,valid,r2,0.7357616907085538,2,0.1,random,,
condition_recombine_pseudolabel__mult_2__sim_0.8__teacher_ridge__seed_2,condition_recombine_pseudolabel,2.0,0.8,ridge,2,316,625,2.9778481012658227,True,0.845337620601654,0.800000011920929,0.85,reaction_role_concat,6144,random_forest,False,valid,spearman,0.8688847349993745,2,0.1,random,,
condition_recombine_pseudolabel__mult_2__sim_0.8__teacher_ridge__seed_3,condition_recombine_pseudolabel,2.0,0.8,ridge,3,316,625,2.9778481012658227,True,0.845117949962616,0.8024691343307495,0.85,reaction_role_concat,6144,random_forest,False,valid,rmse,13.881895330444461,2,0.1,random,,
condition_recombine_pseudolabel__mult_2__sim_0.8__teacher_ridge__seed_3,condition_recombine_pseudolabel,2.0,0.8,ridge,3,316,625,2.9778481012658227,True,0.845117949962616,0.8024691343307495,0.85,reaction_role_concat,6144,random_forest,False,valid,mae,10.8208456425995,2,0.1,random,,
condition_recombine_pseudolabel__mult_2__sim_0.8__teacher_ridge__seed_3,condition_recombine_pseudolabel,2.0,0.8,ridge,3,316,625,2.9778481012658227,True,0.845117949962616,0.8024691343307495,0.85,reaction_role_concat,6144,random_forest,False,valid,r2,0.7354189654696345,2,0.1,random,,
condition_recombine_pseudolabel__mult_2__sim_0.8__teacher_ridge__seed_3,condition_recombine_pseudolabel,2.0,0.8,ridge,3,316,625,2.9778481012658227,True,0.845117949962616,0.8024691343307495,0.85,reaction_role_concat,6144,random_forest,False,valid,spearman,0.8697409479002766,2,0.1,random,,
condition_recombine_pseudolabel__mult_2__sim_0.8__teacher_ridge__seed_4,condition_recombine_pseudolabel,2.0,0.8,ridge,4,316,622,2.9683544303797467,True,0.8448225980977918,0.8013244867324829,0.85,reaction_role_concat,6144,random_forest,False,valid,rmse,13.545566474358878,2,0.1,random,,
condition_recombine_pseudolabel__mult_2__sim_0.8__teacher_ridge__seed_4,condition_recombine_pseudolabel,2.0,0.8,ridge,4,316,622,2.9683544303797467,True,0.8448225980977918,0.8013244867324829,0.85,reaction_role_concat,6144,random_forest,False,valid,mae,10.414689570156646,2,0.1,random,,
condition_recombine_pseudolabel__mult_2__sim_0.8__teacher_ridge__seed_4,condition_recombine_pseudolabel,2.0,0.8,ridge,4,316,622,2.9683544303797467,True,0.8448225980977918,0.8013244867324829,0.85,reaction_role_concat,6144,random_forest,False,valid,r2,0.7480841326940258,2,0.1,random,,
condition_recombine_pseudolabel__mult_2__sim_0.8__teacher_ridge__seed_4,condition_recombine_pseudolabel,2.0,0.8,ridge,4,316,622,2.9683544303797467,True,0.8448225980977918,0.8013244867324829,0.85,reaction_role_concat,6144,random_forest,False,valid,spearman,0.8754439061055794,2,0.1,random,,
condition_recombine_pseudolabel__mult_2__sim_0.8__teacher_rf__seed_0,condition_recombine_pseudolabel,2.0,0.8,random_forest,0,316,621,2.9651898734177213,True,0.8444374984013284,0.8013244867324829,0.85,reaction_role_concat,6144,random_forest,False,valid,rmse,13.491168393871872,2,0.1,random,,
condition_recombine_pseudolabel__mult_2__sim_0.8__teacher_rf__seed_0,condition_recombine_pseudolabel,2.0,0.8,random_forest,0,316,621,2.9651898734177213,True,0.8444374984013284,0.8013244867324829,0.85,reaction_role_concat,6144,random_forest,False,valid,mae,9.823207363110555,2,0.1,random,,
condition_recombine_pseudolabel__mult_2__sim_0.8__teacher_rf__seed_0,condition_recombine_pseudolabel,2.0,0.8,random_forest,0,316,621,2.9651898734177213,True,0.8444374984013284,0.8013244867324829,0.85,reaction_role_concat,6144,random_forest,False,valid,r2,0.7501034240990714,2,0.1,random,,
condition_recombine_pseudolabel__mult_2__sim_0.8__teacher_rf__seed_0,condition_recombine_pseudolabel,2.0,0.8,random_forest,0,316,621,2.9651898734177213,True,0.8444374984013284,0.8013244867324829,0.85,reaction_role_concat,6144,random_forest,False,valid,spearman,0.8698753092606638,2,0.1,random,,
condition_recombine_pseudolabel__mult_2__sim_0.8__teacher_rf__seed_1,condition_recombine_pseudolabel,2.0,0.8,random_forest,1,316,622,2.9683544303797467,True,0.84495325927949,0.800000011920929,0.85,reaction_role_concat,6144,random_forest,False,valid,rmse,13.921487937232031,2,0.1,random,,
condition_recombine_pseudolabel__mult_2__sim_0.8__teacher_rf__seed_1,condition_recombine_pseudolabel,2.0,0.8,random_forest,1,316,622,2.9683544303797467,True,0.84495325927949,0.800000011920929,0.85,reaction_role_concat,6144,random_forest,False,valid,mae,9.943961160508893,2,0.1,random,,
condition_recombine_pseudolabel__mult_2__sim_0.8__teacher_rf__seed_1,condition_recombine_pseudolabel,2.0,0.8,random_forest,1,316,622,2.9683544303797467,True,0.84495325927949,0.800000011920929,0.85,reaction_role_concat,6144,random_forest,False,valid,r2,0.7339075880743302,2,0.1,random,,
condition_recombine_pseudolabel__mult_2__sim_0.8__teacher_rf__seed_1,condition_recombine_pseudolabel,2.0,0.8,random_forest,1,316,622,2.9683544303797467,True,0.84495325927949,0.800000011920929,0.85,reaction_role_concat,6144,random_forest,False,valid,spearman,0.8590578566632321,2,0.1,random,,
condition_recombine_pseudolabel__mult_2__sim_0.8__teacher_rf__seed_2,condition_recombine_pseudolabel,2.0,0.8,random_forest,2,316,625,2.9778481012658227,True,0.845337620601654,0.800000011920929,0.85,reaction_role_concat,6144,random_forest,False,valid,rmse,13.641175570554338,2,0.1,random,,
condition_recombine_pseudolabel__mult_2__sim_0.8__teacher_rf__seed_2,condition_recombine_pseudolabel,2.0,0.8,random_forest,2,316,625,2.9778481012658227,True,0.845337620601654,0.800000011920929,0.85,reaction_role_concat,6144,random_forest,False,valid,mae,9.913601761718152,2,0.1,random,,
condition_recombine_pseudolabel__mult_2__sim_0.8__teacher_rf__seed_2,condition_recombine_pseudolabel,2.0,0.8,random_forest,2,316,625,2.9778481012658227,True,0.845337620601654,0.800000011920929,0.85,reaction_role_concat,6144,random_forest,False,valid,r2,0.744515370918927,2,0.1,random,,
condition_recombine_pseudolabel__mult_2__sim_0.8__teacher_rf__seed_2,condition_recombine_pseudolabel,2.0,0.8,random_forest,2,316,625,2.9778481012658227,True,0.845337620601654,0.800000011920929,0.85,reaction_role_concat,6144,random_forest,False,valid,spearman,0.8694097179379309,2,0.1,random,,
condition_recombine_pseudolabel__mult_2__sim_0.8__teacher_rf__seed_3,condition_recombine_pseudolabel,2.0,0.8,random_forest,3,316,625,2.9778481012658227,True,0.845117949962616,0.8024691343307495,0.85,reaction_role_concat,6144,random_forest,False,valid,rmse,13.692534805814748,2,0.1,random,,
condition_recombine_pseudolabel__mult_2__sim_0.8__teacher_rf__seed_3,condition_recombine_pseudolabel,2.0,0.8,random_forest,3,316,625,2.9778481012658227,True,0.845117949962616,0.8024691343307495,0.85,reaction_role_concat,6144,random_forest,False,valid,mae,9.986814560635935,2,0.1,random,,
condition_recombine_pseudolabel__mult_2__sim_0.8__teacher_rf__seed_3,condition_recombine_pseudolabel,2.0,0.8,random_forest,3,316,625,2.9778481012658227,True,0.845117949962616,0.8024691343307495,0.85,reaction_role_concat,6144,random_forest,False,valid,r2,0.7425879422427561,2,0.1,random,,
condition_recombine_pseudolabel__mult_2__sim_0.8__teacher_rf__seed_3,condition_recombine_pseudolabel,2.0,0.8,random_forest,3,316,625,2.9778481012658227,True,0.845117949962616,0.8024691343307495,0.85,reaction_role_concat,6144,random_forest,False,valid,spearman,0.867456220593867,2,0.1,random,,
condition_recombine_pseudolabel__mult_2__sim_0.8__teacher_rf__seed_4,condition_recombine_pseudolabel,2.0,0.8,random_forest,4,316,622,2.9683544303797467,True,0.8448225980977918,0.8013244867324829,0.85,reaction_role_concat,6144,random_forest,False,valid,rmse,13.684670039918256,2,0.1,random,,
condition_recombine_pseudolabel__mult_2__sim_0.8__teacher_rf__seed_4,condition_recombine_pseudolabel,2.0,0.8,random_forest,4,316,622,2.9683544303797467,True,0.8448225980977918,0.8013244867324829,0.85,reaction_role_concat,6144,random_forest,False,valid,mae,10.036193949732978,2,0.1,random,,
condition_recombine_pseudolabel__mult_2__sim_0.8__teacher_rf__seed_4,condition_recombine_pseudolabel,2.0,0.8,random_forest,4,316,622,2.9683544303797467,True,0.8448225980977918,0.8013244867324829,0.85,reaction_role_concat,6144,random_forest,False,valid,r2,0.742883563789293,2,0.1,random,,
condition_recombine_pseudolabel__mult_2__sim_0.8__teacher_rf__seed_4,condition_recombine_pseudolabel,2.0,0.8,random_forest,4,316,622,2.9683544303797467,True,0.8448225980977918,0.8013244867324829,0.85,reaction_role_concat,6144,random_forest,False,valid,spearman,0.8642932762797094,2,0.1,random,,
condition_recombine_pseudolabel__mult_2__sim_0.85__teacher_ridge__seed_0,condition_recombine_pseudolabel,2.0,0.85,ridge,0,316,450,2.4240506329113924,True,0.8499999999999998,0.85,0.85,reaction_role_concat,6144,random_forest,False,valid,rmse,13.942599239374287,2,0.1,random,,
condition_recombine_pseudolabel__mult_2__sim_0.85__teacher_ridge__seed_0,condition_recombine_pseudolabel,2.0,0.85,ridge,0,316,450,2.4240506329113924,True,0.8499999999999998,0.85,0.85,reaction_role_concat,6144,random_forest,False,valid,mae,10.762802962670786,2,0.1,random,,
condition_recombine_pseudolabel__mult_2__sim_0.85__teacher_ridge__seed_0,condition_recombine_pseudolabel,2.0,0.85,ridge,0,316,450,2.4240506329113924,True,0.8499999999999998,0.85,0.85,reaction_role_concat,6144,random_forest,False,valid,r2,0.7330999421220987,2,0.1,random,,
condition_recombine_pseudolabel__mult_2__sim_0.85__teacher_ridge__seed_0,condition_recombine_pseudolabel,2.0,0.85,ridge,0,316,450,2.4240506329113924,True,0.8499999999999998,0.85,0.85,reaction_role_concat,6144,random_forest,False,valid,spearman,0.8658491418876709,2,0.1,random,,
condition_recombine_pseudolabel__mult_2__sim_0.85__teacher_ridge__seed_1,condition_recombine_pseudolabel,2.0,0.85,ridge,1,316,450,2.4240506329113924,True,0.8499999999999998,0.85,0.85,reaction_role_concat,6144,random_forest,False,valid,rmse,13.5922764382003,2,0.1,random,,
condition_recombine_pseudolabel__mult_2__sim_0.85__teacher_ridge__seed_1,condition_recombine_pseudolabel,2.0,0.85,ridge,1,316,450,2.4240506329113924,True,0.8499999999999998,0.85,0.85,reaction_role_concat,6144,random_forest,False,valid,mae,10.536898052760508,2,0.1,random,,
condition_recombine_pseudolabel__mult_2__sim_0.85__teacher_ridge__seed_1,condition_recombine_pseudolabel,2.0,0.85,ridge,1,316,450,2.4240506329113924,True,0.8499999999999998,0.85,0.85,reaction_role_concat,6144,random_forest,False,valid,r2,0.7463437448767345,2,0.1,random,,
condition_recombine_pseudolabel__mult_2__sim_0.85__teacher_ridge__seed_1,condition_recombine_pseudolabel,2.0,0.85,ridge,1,316,450,2.4240506329113924,True,0.8499999999999998,0.85,0.85,reaction_role_concat,6144,random_forest,False,valid,spearman,0.8731141969524315,2,0.1,random,,
condition_recombine_pseudolabel__mult_2__sim_0.85__teacher_ridge__seed_2,condition_recombine_pseudolabel,2.0,0.85,ridge,2,316,461,2.4588607594936707,True,0.8499999999999998,0.85,0.85,reaction_role_concat,6144,random_forest,False,valid,rmse,13.659102377405777,2,0.1,random,,
condition_recombine_pseudolabel__mult_2__sim_0.85__teacher_ridge__seed_2,condition_recombine_pseudolabel,2.0,0.85,ridge,2,316,461,2.4588607594936707,True,0.8499999999999998,0.85,0.85,reaction_role_concat,6144,random_forest,False,valid,mae,10.714508298669244,2,0.1,random,,
condition_recombine_pseudolabel__mult_2__sim_0.85__teacher_ridge__seed_2,condition_recombine_pseudolabel,2.0,0.85,ridge,2,316,461,2.4588607594936707,True,0.8499999999999998,0.85,0.85,reaction_role_concat,6144,random_forest,False,valid,r2,0.7438434298479656,2,0.1,random,,
condition_recombine_pseudolabel__mult_2__sim_0.85__teacher_ridge__seed_2,condition_recombine_pseudolabel,2.0,0.85,ridge,2,316,461,2.4588607594936707,True,0.8499999999999998,0.85,0.85,reaction_role_concat,6144,random_forest,False,valid,spearman,0.87140371841672,2,0.1,random,,
condition_recombine_pseudolabel__mult_2__sim_0.85__teacher_ridge__seed_3,condition_recombine_pseudolabel,2.0,0.85,ridge,3,316,455,2.439873417721519,True,0.8499999999999998,0.85,0.85,reaction_role_concat,6144,random_forest,False,valid,rmse,13.681529222822109,2,0.1,random,,
condition_recombine_pseudolabel__mult_2__sim_0.85__teacher_ridge__seed_3,condition_recombine_pseudolabel,2.0,0.85,ridge,3,316,455,2.439873417721519,True,0.8499999999999998,0.85,0.85,reaction_role_concat,6144,random_forest,False,valid,mae,10.739795708485607,2,0.1,random,,
condition_recombine_pseudolabel__mult_2__sim_0.85__teacher_ridge__seed_3,condition_recombine_pseudolabel,2.0,0.85,ridge,3,316,455,2.439873417721519,True,0.8499999999999998,0.85,0.85,reaction_role_concat,6144,random_forest,False,valid,r2,0.7430015736534273,2,0.1,random,,
condition_recombine_pseudolabel__mult_2__sim_0.85__teacher_ridge__seed_3,condition_recombine_pseudolabel,2.0,0.85,ridge,3,316,455,2.439873417721519,True,0.8499999999999998,0.85,0.85,reaction_role_concat,6144,random_forest,False,valid,spearman,0.8721487424237365,2,0.1,random,,
condition_recombine_pseudolabel__mult_2__sim_0.85__teacher_ridge__seed_4,condition_recombine_pseudolabel,2.0,0.85,ridge,4,316,466,2.4746835443037973,True,0.8499999999999996,0.85,0.85,reaction_role_concat,6144,random_forest,False,valid,rmse,13.55101583122955,2,0.1,random,,
condition_recombine_pseudolabel__mult_2__sim_0.85__teacher_ridge__seed_4,condition_recombine_pseudolabel,2.0,0.85,ridge,4,316,466,2.4746835443037973,True,0.8499999999999996,0.85,0.85,reaction_role_concat,6144,random_forest,False,valid,mae,10.394372599746042,2,0.1,random,,
condition_recombine_pseudolabel__mult_2__sim_0.85__teacher_ridge__seed_4,condition_recombine_pseudolabel,2.0,0.85,ridge,4,316,466,2.4746835443037973,True,0.8499999999999996,0.85,0.85,reaction_role_concat,6144,random_forest,False,valid,r2,0.7478814013282642,2,0.1,random,,
condition_recombine_pseudolabel__mult_2__sim_0.85__teacher_ridge__seed_4,condition_recombine_pseudolabel,2.0,0.85,ridge,4,316,466,2.4746835443037973,True,0.8499999999999996,0.85,0.85,reaction_role_concat,6144,random_forest,False,valid,spearman,0.8741234649682094,2,0.1,random,,
condition_recombine_pseudolabel__mult_2__sim_0.85__teacher_rf__seed_0,condition_recombine_pseudolabel,2.0,0.85,random_forest,0,316,450,2.4240506329113924,True,0.8499999999999998,0.85,0.85,reaction_role_concat,6144,random_forest,False,valid,rmse,13.555212860355132,2,0.1,random,,
condition_recombine_pseudolabel__mult_2__sim_0.85__teacher_rf__seed_0,condition_recombine_pseudolabel,2.0,0.85,random_forest,0,316,450,2.4240506329113924,True,0.8499999999999998,0.85,0.85,reaction_role_concat,6144,random_forest,False,valid,mae,9.861376371442894,2,0.1,random,,
condition_recombine_pseudolabel__mult_2__sim_0.85__teacher_rf__seed_0,condition_recombine_pseudolabel,2.0,0.85,random_forest,0,316,450,2.4240506329113924,True,0.8499999999999998,0.85,0.85,reaction_role_concat,6144,random_forest,False,valid,r2,0.7477252044821814,2,0.1,random,,
condition_recombine_pseudolabel__mult_2__sim_0.85__teacher_rf__seed_0,condition_recombine_pseudolabel,2.0,0.85,random_forest,0,316,450,2.4240506329113924,True,0.8499999999999998,0.85,0.85,reaction_role_concat,6144,random_forest,False,valid,spearman,0.8698690780091675,2,0.1,random,,
condition_recombine_pseudolabel__mult_2__sim_0.85__teacher_rf__seed_1,condition_recombine_pseudolabel,2.0,0.85,random_forest,1,316,450,2.4240506329113924,True,0.8499999999999998,0.85,0.85,reaction_role_concat,6144,random_forest,False,valid,rmse,13.805387383747878,2,0.1,random,,
condition_recombine_pseudolabel__mult_2__sim_0.85__teacher_rf__seed_1,condition_recombine_pseudolabel,2.0,0.85,random_forest,1,316,450,2.4240506329113924,True,0.8499999999999998,0.85,0.85,reaction_role_concat,6144,random_forest,False,valid,mae,9.885857561115976,2,0.1,random,,
condition_recombine_pseudolabel__mult_2__sim_0.85__teacher_rf__seed_1,condition_recombine_pseudolabel,2.0,0.85,random_forest,1,316,450,2.4240506329113924,True,0.8499999999999998,0.85,0.85,reaction_role_concat,6144,random_forest,False,valid,r2,0.7383273247879703,2,0.1,random,,
condition_recombine_pseudolabel__mult_2__sim_0.85__teacher_rf__seed_1,condition_recombine_pseudolabel,2.0,0.85,random_forest,1,316,450,2.4240506329113924,True,0.8499999999999998,0.85,0.85,reaction_role_concat,6144,random_forest,False,valid,spearman,0.8625183432363339,2,0.1,random,,
condition_recombine_pseudolabel__mult_2__sim_0.85__teacher_rf__seed_2,condition_recombine_pseudolabel,2.0,0.85,random_forest,2,316,461,2.4588607594936707,True,0.8499999999999998,0.85,0.85,reaction_role_concat,6144,random_forest,False,valid,rmse,13.628629685461279,2,0.1,random,,
condition_recombine_pseudolabel__mult_2__sim_0.85__teacher_rf__seed_2,condition_recombine_pseudolabel,2.0,0.85,random_forest,2,316,461,2.4588607594936707,True,0.8499999999999998,0.85,0.85,reaction_role_concat,6144,random_forest,False,valid,mae,9.979569988173399,2,0.1,random,,
condition_recombine_pseudolabel__mult_2__sim_0.85__teacher_rf__seed_2,condition_recombine_pseudolabel,2.0,0.85,random_forest,2,316,461,2.4588607594936707,True,0.8499999999999998,0.85,0.85,reaction_role_concat,6144,random_forest,False,valid,r2,0.7449850968341576,2,0.1,random,,
condition_recombine_pseudolabel__mult_2__sim_0.85__teacher_rf__seed_2,condition_recombine_pseudolabel,2.0,0.85,random_forest,2,316,461,2.4588607594936707,True,0.8499999999999998,0.85,0.85,reaction_role_concat,6144,random_forest,False,valid,spearman,0.8688409215122918,2,0.1,random,,
condition_recombine_pseudolabel__mult_2__sim_0.85__teacher_rf__seed_3,condition_recombine_pseudolabel,2.0,0.85,random_forest,3,316,455,2.439873417721519,True,0.8499999999999998,0.85,0.85,reaction_role_concat,6144,random_forest,False,valid,rmse,13.821192679656322,2,0.1,random,,
condition_recombine_pseudolabel__mult_2__sim_0.85__teacher_rf__seed_3,condition_recombine_pseudolabel,2.0,0.85,random_forest,3,316,455,2.439873417721519,True,0.8499999999999998,0.85,0.85,reaction_role_concat,6144,random_forest,False,valid,mae,10.077240854619424,2,0.1,random,,
condition_recombine_pseudolabel__mult_2__sim_0.85__teacher_rf__seed_3,condition_recombine_pseudolabel,2.0,0.85,random_forest,3,316,455,2.439873417721519,True,0.8499999999999998,0.85,0.85,reaction_role_concat,6144,random_forest,False,valid,r2,0.7377278223733115,2,0.1,random,,
condition_recombine_pseudolabel__mult_2__sim_0.85__teacher_rf__seed_3,condition_recombine_pseudolabel,2.0,0.85,random_forest,3,316,455,2.439873417721519,True,0.8499999999999998,0.85,0.85,reaction_role_concat,6144,random_forest,False,valid,spearman,0.8634279112281722,2,0.1,random,,
condition_recombine_pseudolabel__mult_2__sim_0.85__teacher_rf__seed_4,condition_recombine_pseudolabel,2.0,0.85,random_forest,4,316,466,2.4746835443037973,True,0.8499999999999996,0.85,0.85,reaction_role_concat,6144,random_forest,False,valid,rmse,13.876155980387038,2,0.1,random,,
condition_recombine_pseudolabel__mult_2__sim_0.85__teacher_rf__seed_4,condition_recombine_pseudolabel,2.0,0.85,random_forest,4,316,466,2.4746835443037973,True,0.8499999999999996,0.85,0.85,reaction_role_concat,6144,random_forest,False,valid,mae,10.154632302178046,2,0.1,random,,
condition_recombine_pseudolabel__mult_2__sim_0.85__teacher_rf__seed_4,condition_recombine_pseudolabel,2.0,0.85,random_forest,4,316,466,2.4746835443037973,True,0.8499999999999996,0.85,0.85,reaction_role_concat,6144,random_forest,False,valid,r2,0.7356376977434951,2,0.1,random,,
condition_recombine_pseudolabel__mult_2__sim_0.85__teacher_rf__seed_4,condition_recombine_pseudolabel,2.0,0.85,random_forest,4,316,466,2.4746835443037973,True,0.8499999999999996,0.85,0.85,reaction_role_concat,6144,random_forest,False,valid,spearman,0.8590985545245666,2,0.1,random,,
condition_recombine_pseudolabel__mult_2__sim_0.9__teacher_ridge__seed_0,condition_recombine_pseudolabel,2.0,0.9,ridge,0,316,192,1.6075949367088607,True,0.8499999999999998,0.85,0.85,reaction_role_concat,6144,random_forest,False,valid,rmse,13.910460873353118,2,0.1,random,,
condition_recombine_pseudolabel__mult_2__sim_0.9__teacher_ridge__seed_0,condition_recombine_pseudolabel,2.0,0.9,ridge,0,316,192,1.6075949367088607,True,0.8499999999999998,0.85,0.85,reaction_role_concat,6144,random_forest,False,valid,mae,10.543731735565993,2,0.1,random,,
condition_recombine_pseudolabel__mult_2__sim_0.9__teacher_ridge__seed_0,condition_recombine_pseudolabel,2.0,0.9,ridge,0,316,192,1.6075949367088607,True,0.8499999999999998,0.85,0.85,reaction_role_concat,6144,random_forest,False,valid,r2,0.7343289591167987,2,0.1,random,,
condition_recombine_pseudolabel__mult_2__sim_0.9__teacher_ridge__seed_0,condition_recombine_pseudolabel,2.0,0.9,ridge,0,316,192,1.6075949367088607,True,0.8499999999999998,0.85,0.85,reaction_role_concat,6144,random_forest,False,valid,spearman,0.8638382001938764,2,0.1,random,,
condition_recombine_pseudolabel__mult_2__sim_0.9__teacher_ridge__seed_1,condition_recombine_pseudolabel,2.0,0.9,ridge,1,316,217,1.6867088607594938,True,0.8499999999999996,0.85,0.85,reaction_role_concat,6144,random_forest,False,valid,rmse,13.835511365335373,2,0.1,random,,
condition_recombine_pseudolabel__mult_2__sim_0.9__teacher_ridge__seed_1,condition_recombine_pseudolabel,2.0,0.9,ridge,1,316,217,1.6867088607594938,True,0.8499999999999996,0.85,0.85,reaction_role_concat,6144,random_forest,False,valid,mae,10.747994920987493,2,0.1,random,,
condition_recombine_pseudolabel__mult_2__sim_0.9__teacher_ridge__seed_1,condition_recombine_pseudolabel,2.0,0.9,ridge,1,316,217,1.6867088607594938,True,0.8499999999999996,0.85,0.85,reaction_role_concat,6144,random_forest,False,valid,r2,0.7371841155826039,2,0.1,random,,
condition_recombine_pseudolabel__mult_2__sim_0.9__teacher_ridge__seed_1,condition_recombine_pseudolabel,2.0,0.9,ridge,1,316,217,1.6867088607594938,True,0.8499999999999996,0.85,0.85,reaction_role_concat,6144,random_forest,False,valid,spearman,0.8637671249814975,2,0.1,random,,
condition_recombine_pseudolabel__mult_2__sim_0.9__teacher_ridge__seed_2,condition_recombine_pseudolabel,2.0,0.9,ridge,2,316,200,1.6329113924050633,True,0.8499999999999998,0.85,0.85,reaction_role_concat,6144,random_forest,False,valid,rmse,13.46148455881239,2,0.1,random,,
condition_recombine_pseudolabel__mult_2__sim_0.9__teacher_ridge__seed_2,condition_recombine_pseudolabel,2.0,0.9,ridge,2,316,200,1.6329113924050633,True,0.8499999999999998,0.85,0.85,reaction_role_concat,6144,random_forest,False,valid,mae,10.389589688185083,2,0.1,random,,
condition_recombine_pseudolabel__mult_2__sim_0.9__teacher_ridge__seed_2,condition_recombine_pseudolabel,2.0,0.9,ridge,2,316,200,1.6329113924050633,True,0.8499999999999998,0.85,0.85,reaction_role_concat,6144,random_forest,False,valid,r2,0.7512018802074737,2,0.1,random,,
condition_recombine_pseudolabel__mult_2__sim_0.9__teacher_ridge__seed_2,condition_recombine_pseudolabel,2.0,0.9,ridge,2,316,200,1.6329113924050633,True,0.8499999999999998,0.85,0.85,reaction_role_concat,6144,random_forest,False,valid,spearman,0.8739232860138932,2,0.1,random,,
condition_recombine_pseudolabel__mult_2__sim_0.9__teacher_ridge__seed_3,condition_recombine_pseudolabel,2.0,0.9,ridge,3,316,206,1.6518987341772151,True,0.8499999999999995,0.85,0.85,reaction_role_concat,6144,random_forest,False,valid,rmse,13.806494993990775,2,0.1,random,,
condition_recombine_pseudolabel__mult_2__sim_0.9__teacher_ridge__seed_3,condition_recombine_pseudolabel,2.0,0.9,ridge,3,316,206,1.6518987341772151,True,0.8499999999999995,0.85,0.85,reaction_role_concat,6144,random_forest,False,valid,mae,10.59045554884476,2,0.1,random,,
condition_recombine_pseudolabel__mult_2__sim_0.9__teacher_ridge__seed_3,condition_recombine_pseudolabel,2.0,0.9,ridge,3,316,206,1.6518987341772151,True,0.8499999999999995,0.85,0.85,reaction_role_concat,6144,random_forest,False,valid,r2,0.7382853349540134,2,0.1,random,,
condition_recombine_pseudolabel__mult_2__sim_0.9__teacher_ridge__seed_3,condition_recombine_pseudolabel,2.0,0.9,ridge,3,316,206,1.6518987341772151,True,0.8499999999999995,0.85,0.85,reaction_role_concat,6144,random_forest,False,valid,spearman,0.8665684619822653,2,0.1,random,,
condition_recombine_pseudolabel__mult_2__sim_0.9__teacher_ridge__seed_4,condition_recombine_pseudolabel,2.0,0.9,ridge,4,316,221,1.6993670886075949,True,0.8499999999999995,0.85,0.85,reaction_role_concat,6144,random_forest,False,valid,rmse,13.835785532636626,2,0.1,random,,
condition_recombine_pseudolabel__mult_2__sim_0.9__teacher_ridge__seed_4,condition_recombine_pseudolabel,2.0,0.9,ridge,4,316,221,1.6993670886075949,True,0.8499999999999995,0.85,0.85,reaction_role_concat,6144,random_forest,False,valid,mae,10.486094882640845,2,0.1,random,,
condition_recombine_pseudolabel__mult_2__sim_0.9__teacher_ridge__seed_4,condition_recombine_pseudolabel,2.0,0.9,ridge,4,316,221,1.6993670886075949,True,0.8499999999999995,0.85,0.85,reaction_role_concat,6144,random_forest,False,valid,r2,0.737173699453588,2,0.1,random,,
condition_recombine_pseudolabel__mult_2__sim_0.9__teacher_ridge__seed_4,condition_recombine_pseudolabel,2.0,0.9,ridge,4,316,221,1.6993670886075949,True,0.8499999999999995,0.85,0.85,reaction_role_concat,6144,random_forest,False,valid,spearman,0.8647557519766942,2,0.1,random,,
condition_recombine_pseudolabel__mult_2__sim_0.9__teacher_rf__seed_0,condition_recombine_pseudolabel,2.0,0.9,random_forest,0,316,192,1.6075949367088607,True,0.8499999999999998,0.85,0.85,reaction_role_concat,6144,random_forest,False,valid,rmse,13.47594269592675,2,0.1,random,,
condition_recombine_pseudolabel__mult_2__sim_0.9__teacher_rf__seed_0,condition_recombine_pseudolabel,2.0,0.9,random_forest,0,316,192,1.6075949367088607,True,0.8499999999999998,0.85,0.85,reaction_role_concat,6144,random_forest,False,valid,mae,9.846252949781434,2,0.1,random,,
condition_recombine_pseudolabel__mult_2__sim_0.9__teacher_rf__seed_0,condition_recombine_pseudolabel,2.0,0.9,random_forest,0,316,192,1.6075949367088607,True,0.8499999999999998,0.85,0.85,reaction_role_concat,6144,random_forest,False,valid,r2,0.7506671562615845,2,0.1,random,,
condition_recombine_pseudolabel__mult_2__sim_0.9__teacher_rf__seed_0,condition_recombine_pseudolabel,2.0,0.9,random_forest,0,316,192,1.6075949367088607,True,0.8499999999999998,0.85,0.85,reaction_role_concat,6144,random_forest,False,valid,spearman,0.8717400112709065,2,0.1,random,,
condition_recombine_pseudolabel__mult_2__sim_0.9__teacher_rf__seed_1,condition_recombine_pseudolabel,2.0,0.9,random_forest,1,316,217,1.6867088607594938,True,0.8499999999999996,0.85,0.85,reaction_role_concat,6144,random_forest,False,valid,rmse,14.006420886708373,2,0.1,random,,
condition_recombine_pseudolabel__mult_2__sim_0.9__teacher_rf__seed_1,condition_recombine_pseudolabel,2.0,0.9,random_forest,1,316,217,1.6867088607594938,True,0.8499999999999996,0.85,0.85,reaction_role_concat,6144,random_forest,False,valid,mae,10.18408565606441,2,0.1,random,,
condition_recombine_pseudolabel__mult_2__sim_0.9__teacher_rf__seed_1,condition_recombine_pseudolabel,2.0,0.9,random_forest,1,316,217,1.6867088607594938,True,0.8499999999999996,0.85,0.85,reaction_role_concat,6144,random_forest,False,valid,r2,0.7306509027029908,2,0.1,random,,
condition_recombine_pseudolabel__mult_2__sim_0.9__teacher_rf__seed_1,condition_recombine_pseudolabel,2.0,0.9,random_forest,1,316,217,1.6867088607594938,True,0.8499999999999996,0.85,0.85,reaction_role_concat,6144,random_forest,False,valid,spearman,0.8572630615057124,2,0.1,random,,
condition_recombine_pseudolabel__mult_2__sim_0.9__teacher_rf__seed_2,condition_recombine_pseudolabel,2.0,0.9,random_forest,2,316,200,1.6329113924050633,True,0.8499999999999998,0.85,0.85,reaction_role_concat,6144,random_forest,False,valid,rmse,13.79186761056343,2,0.1,random,,
condition_recombine_pseudolabel__mult_2__sim_0.9__teacher_rf__seed_2,condition_recombine_pseudolabel,2.0,0.9,random_forest,2,316,200,1.6329113924050633,True,0.8499999999999998,0.85,0.85,reaction_role_concat,6144,random_forest,False,valid,mae,10.178049112643434,2,0.1,random,,
condition_recombine_pseudolabel__mult_2__sim_0.9__teacher_rf__seed_2,condition_recombine_pseudolabel,2.0,0.9,random_forest,2,316,200,1.6329113924050633,True,0.8499999999999998,0.85,0.85,reaction_role_concat,6144,random_forest,False,valid,r2,0.7388395918960411,2,0.1,random,,
condition_recombine_pseudolabel__mult_2__sim_0.9__teacher_rf__seed_2,condition_recombine_pseudolabel,2.0,0.9,random_forest,2,316,200,1.6329113924050633,True,0.8499999999999998,0.85,0.85,reaction_role_concat,6144,random_forest,False,valid,spearman,0.8626293374036104,2,0.1,random,,
condition_recombine_pseudolabel__mult_2__sim_0.9__teacher_rf__seed_3,condition_recombine_pseudolabel,2.0,0.9,random_forest,3,316,206,1.6518987341772151,True,0.8499999999999995,0.85,0.85,reaction_role_concat,6144,random_forest,False,valid,rmse,13.708580261810791,2,0.1,random,,
condition_recombine_pseudolabel__mult_2__sim_0.9__teacher_rf__seed_3,condition_recombine_pseudolabel,2.0,0.9,random_forest,3,316,206,1.6518987341772151,True,0.8499999999999995,0.85,0.85,reaction_role_concat,6144,random_forest,False,valid,mae,10.056775887495354,2,0.1,random,,
condition_recombine_pseudolabel__mult_2__sim_0.9__teacher_rf__seed_3,condition_recombine_pseudolabel,2.0,0.9,random_forest,3,316,206,1.6518987341772151,True,0.8499999999999995,0.85,0.85,reaction_role_concat,6144,random_forest,False,valid,r2,0.7419842974209064,2,0.1,random,,
condition_recombine_pseudolabel__mult_2__sim_0.9__teacher_rf__seed_3,condition_recombine_pseudolabel,2.0,0.9,random_forest,3,316,206,1.6518987341772151,True,0.8499999999999995,0.85,0.85,reaction_role_concat,6144,random_forest,False,valid,spearman,0.8642882133878687,2,0.1,random,,
condition_recombine_pseudolabel__mult_2__sim_0.9__teacher_rf__seed_4,condition_recombine_pseudolabel,2.0,0.9,random_forest,4,316,221,1.6993670886075949,True,0.8499999999999995,0.85,0.85,reaction_role_concat,6144,random_forest,False,valid,rmse,13.652816353184992,2,0.1,random,,
condition_recombine_pseudolabel__mult_2__sim_0.9__teacher_rf__seed_4,condition_recombine_pseudolabel,2.0,0.9,random_forest,4,316,221,1.6993670886075949,True,0.8499999999999995,0.85,0.85,reaction_role_concat,6144,random_forest,False,valid,mae,10.019982237772853,2,0.1,random,,
condition_recombine_pseudolabel__mult_2__sim_0.9__teacher_rf__seed_4,condition_recombine_pseudolabel,2.0,0.9,random_forest,4,316,221,1.6993670886075949,True,0.8499999999999995,0.85,0.85,reaction_role_concat,6144,random_forest,False,valid,r2,0.7440791460531901,2,0.1,random,,
condition_recombine_pseudolabel__mult_2__sim_0.9__teacher_rf__seed_4,condition_recombine_pseudolabel,2.0,0.9,random_forest,4,316,221,1.6993670886075949,True,0.8499999999999995,0.85,0.85,reaction_role_concat,6144,random_forest,False,valid,spearman,0.8633840977410895,2,0.1,random,,
condition_recombine_pseudolabel__mult_2__sim_0.95__teacher_ridge__seed_0,condition_recombine_pseudolabel,2.0,0.95,ridge,0,316,0,1.0,True,,,,reaction_role_concat,6144,random_forest,False,valid,rmse,13.313134232237564,2,0.1,random,,
condition_recombine_pseudolabel__mult_2__sim_0.95__teacher_ridge__seed_0,condition_recombine_pseudolabel,2.0,0.95,ridge,0,316,0,1.0,True,,,,reaction_role_concat,6144,random_forest,False,valid,mae,9.83050099094363,2,0.1,random,,
condition_recombine_pseudolabel__mult_2__sim_0.95__teacher_ridge__seed_0,condition_recombine_pseudolabel,2.0,0.95,ridge,0,316,0,1.0,True,,,,reaction_role_concat,6144,random_forest,False,valid,r2,0.7566553508825153,2,0.1,random,,
condition_recombine_pseudolabel__mult_2__sim_0.95__teacher_ridge__seed_0,condition_recombine_pseudolabel,2.0,0.95,ridge,0,316,0,1.0,True,,,,reaction_role_concat,6144,random_forest,False,valid,spearman,0.874611644577616,2,0.1,random,,
condition_recombine_pseudolabel__mult_2__sim_0.95__teacher_ridge__seed_1,condition_recombine_pseudolabel,2.0,0.95,ridge,1,316,0,1.0,True,,,,reaction_role_concat,6144,random_forest,False,valid,rmse,13.313134232237564,2,0.1,random,,
condition_recombine_pseudolabel__mult_2__sim_0.95__teacher_ridge__seed_1,condition_recombine_pseudolabel,2.0,0.95,ridge,1,316,0,1.0,True,,,,reaction_role_concat,6144,random_forest,False,valid,mae,9.83050099094363,2,0.1,random,,
condition_recombine_pseudolabel__mult_2__sim_0.95__teacher_ridge__seed_1,condition_recombine_pseudolabel,2.0,0.95,ridge,1,316,0,1.0,True,,,,reaction_role_concat,6144,random_forest,False,valid,r2,0.7566553508825153,2,0.1,random,,
condition_recombine_pseudolabel__mult_2__sim_0.95__teacher_ridge__seed_1,condition_recombine_pseudolabel,2.0,0.95,ridge,1,316,0,1.0,True,,,,reaction_role_concat,6144,random_forest,False,valid,spearman,0.874611644577616,2,0.1,random,,
condition_recombine_pseudolabel__mult_2__sim_0.95__teacher_ridge__seed_2,condition_recombine_pseudolabel,2.0,0.95,ridge,2,316,0,1.0,True,,,,reaction_role_concat,6144,random_forest,False,valid,rmse,13.313134232237564,2,0.1,random,,
condition_recombine_pseudolabel__mult_2__sim_0.95__teacher_ridge__seed_2,condition_recombine_pseudolabel,2.0,0.95,ridge,2,316,0,1.0,True,,,,reaction_role_concat,6144,random_forest,False,valid,mae,9.83050099094363,2,0.1,random,,
condition_recombine_pseudolabel__mult_2__sim_0.95__teacher_ridge__seed_2,condition_recombine_pseudolabel,2.0,0.95,ridge,2,316,0,1.0,True,,,,reaction_role_concat,6144,random_forest,False,valid,r2,0.7566553508825153,2,0.1,random,,
condition_recombine_pseudolabel__mult_2__sim_0.95__teacher_ridge__seed_2,condition_recombine_pseudolabel,2.0,0.95,ridge,2,316,0,1.0,True,,,,reaction_role_concat,6144,random_forest,False,valid,spearman,0.874611644577616,2,0.1,random,,
condition_recombine_pseudolabel__mult_2__sim_0.95__teacher_ridge__seed_3,condition_recombine_pseudolabel,2.0,0.95,ridge,3,316,0,1.0,True,,,,reaction_role_concat,6144,random_forest,False,valid,rmse,13.313134232237564,2,0.1,random,,
condition_recombine_pseudolabel__mult_2__sim_0.95__teacher_ridge__seed_3,condition_recombine_pseudolabel,2.0,0.95,ridge,3,316,0,1.0,True,,,,reaction_role_concat,6144,random_forest,False,valid,mae,9.83050099094363,2,0.1,random,,
condition_recombine_pseudolabel__mult_2__sim_0.95__teacher_ridge__seed_3,condition_recombine_pseudolabel,2.0,0.95,ridge,3,316,0,1.0,True,,,,reaction_role_concat,6144,random_forest,False,valid,r2,0.7566553508825153,2,0.1,random,,
condition_recombine_pseudolabel__mult_2__sim_0.95__teacher_ridge__seed_3,condition_recombine_pseudolabel,2.0,0.95,ridge,3,316,0,1.0,True,,,,reaction_role_concat,6144,random_forest,False,valid,spearman,0.874611644577616,2,0.1,random,,
condition_recombine_pseudolabel__mult_2__sim_0.95__teacher_ridge__seed_4,condition_recombine_pseudolabel,2.0,0.95,ridge,4,316,0,1.0,True,,,,reaction_role_concat,6144,random_forest,False,valid,rmse,13.313134232237564,2,0.1,random,,
condition_recombine_pseudolabel__mult_2__sim_0.95__teacher_ridge__seed_4,condition_recombine_pseudolabel,2.0,0.95,ridge,4,316,0,1.0,True,,,,reaction_role_concat,6144,random_forest,False,valid,mae,9.83050099094363,2,0.1,random,,
condition_recombine_pseudolabel__mult_2__sim_0.95__teacher_ridge__seed_4,condition_recombine_pseudolabel,2.0,0.95,ridge,4,316,0,1.0,True,,,,reaction_role_concat,6144,random_forest,False,valid,r2,0.7566553508825153,2,0.1,random,,
condition_recombine_pseudolabel__mult_2__sim_0.95__teacher_ridge__seed_4,condition_recombine_pseudolabel,2.0,0.95,ridge,4,316,0,1.0,True,,,,reaction_role_concat,6144,random_forest,False,valid,spearman,0.874611644577616,2,0.1,random,,
condition_recombine_pseudolabel__mult_2__sim_0.95__teacher_rf__seed_0,condition_recombine_pseudolabel,2.0,0.95,random_forest,0,316,0,1.0,True,,,,reaction_role_concat,6144,random_forest,False,valid,rmse,13.313134232237564,2,0.1,random,,
condition_recombine_pseudolabel__mult_2__sim_0.95__teacher_rf__seed_0,condition_recombine_pseudolabel,2.0,0.95,random_forest,0,316,0,1.0,True,,,,reaction_role_concat,6144,random_forest,False,valid,mae,9.83050099094363,2,0.1,random,,
condition_recombine_pseudolabel__mult_2__sim_0.95__teacher_rf__seed_0,condition_recombine_pseudolabel,2.0,0.95,random_forest,0,316,0,1.0,True,,,,reaction_role_concat,6144,random_forest,False,valid,r2,0.7566553508825153,2,0.1,random,,
condition_recombine_pseudolabel__mult_2__sim_0.95__teacher_rf__seed_0,condition_recombine_pseudolabel,2.0,0.95,random_forest,0,316,0,1.0,True,,,,reaction_role_concat,6144,random_forest,False,valid,spearman,0.874611644577616,2,0.1,random,,
condition_recombine_pseudolabel__mult_2__sim_0.95__teacher_rf__seed_1,condition_recombine_pseudolabel,2.0,0.95,random_forest,1,316,0,1.0,True,,,,reaction_role_concat,6144,random_forest,False,valid,rmse,13.313134232237564,2,0.1,random,,
condition_recombine_pseudolabel__mult_2__sim_0.95__teacher_rf__seed_1,condition_recombine_pseudolabel,2.0,0.95,random_forest,1,316,0,1.0,True,,,,reaction_role_concat,6144,random_forest,False,valid,mae,9.83050099094363,2,0.1,random,,
condition_recombine_pseudolabel__mult_2__sim_0.95__teacher_rf__seed_1,condition_recombine_pseudolabel,2.0,0.95,random_forest,1,316,0,1.0,True,,,,reaction_role_concat,6144,random_forest,False,valid,r2,0.7566553508825153,2,0.1,random,,
condition_recombine_pseudolabel__mult_2__sim_0.95__teacher_rf__seed_1,condition_recombine_pseudolabel,2.0,0.95,random_forest,1,316,0,1.0,True,,,,reaction_role_concat,6144,random_forest,False,valid,spearman,0.874611644577616,2,0.1,random,,
condition_recombine_pseudolabel__mult_2__sim_0.95__teacher_rf__seed_2,condition_recombine_pseudolabel,2.0,0.95,random_forest,2,316,0,1.0,True,,,,reaction_role_concat,6144,random_forest,False,valid,rmse,13.313134232237564,2,0.1,random,,
condition_recombine_pseudolabel__mult_2__sim_0.95__teacher_rf__seed_2,condition_recombine_pseudolabel,2.0,0.95,random_forest,2,316,0,1.0,True,,,,reaction_role_concat,6144,random_forest,False,valid,mae,9.83050099094363,2,0.1,random,,
condition_recombine_pseudolabel__mult_2__sim_0.95__teacher_rf__seed_2,condition_recombine_pseudolabel,2.0,0.95,random_forest,2,316,0,1.0,True,,,,reaction_role_concat,6144,random_forest,False,valid,r2,0.7566553508825153,2,0.1,random,,
condition_recombine_pseudolabel__mult_2__sim_0.95__teacher_rf__seed_2,condition_recombine_pseudolabel,2.0,0.95,random_forest,2,316,0,1.0,True,,,,reaction_role_concat,6144,random_forest,False,valid,spearman,0.874611644577616,2,0.1,random,,
condition_recombine_pseudolabel__mult_2__sim_0.95__teacher_rf__seed_3,condition_recombine_pseudolabel,2.0,0.95,random_forest,3,316,0,1.0,True,,,,reaction_role_concat,6144,random_forest,False,valid,rmse,13.313134232237564,2,0.1,random,,
condition_recombine_pseudolabel__mult_2__sim_0.95__teacher_rf__seed_3,condition_recombine_pseudolabel,2.0,0.95,random_forest,3,316,0,1.0,True,,,,reaction_role_concat,6144,random_forest,False,valid,mae,9.83050099094363,2,0.1,random,,
condition_recombine_pseudolabel__mult_2__sim_0.95__teacher_rf__seed_3,condition_recombine_pseudolabel,2.0,0.95,random_forest,3,316,0,1.0,True,,,,reaction_role_concat,6144,random_forest,False,valid,r2,0.7566553508825153,2,0.1,random,,
condition_recombine_pseudolabel__mult_2__sim_0.95__teacher_rf__seed_3,condition_recombine_pseudolabel,2.0,0.95,random_forest,3,316,0,1.0,True,,,,reaction_role_concat,6144,random_forest,False,valid,spearman,0.874611644577616,2,0.1,random,,
condition_recombine_pseudolabel__mult_2__sim_0.95__teacher_rf__seed_4,condition_recombine_pseudolabel,2.0,0.95,random_forest,4,316,0,1.0,True,,,,reaction_role_concat,6144,random_forest,False,valid,rmse,13.313134232237564,2,0.1,random,,
condition_recombine_pseudolabel__mult_2__sim_0.95__teacher_rf__seed_4,condition_recombine_pseudolabel,2.0,0.95,random_forest,4,316,0,1.0,True,,,,reaction_role_concat,6144,random_forest,False,valid,mae,9.83050099094363,2,0.1,random,,
condition_recombine_pseudolabel__mult_2__sim_0.95__teacher_rf__seed_4,condition_recombine_pseudolabel,2.0,0.95,random_forest,4,316,0,1.0,True,,,,reaction_role_concat,6144,random_forest,False,valid,r2,0.7566553508825153,2,0.1,random,,
condition_recombine_pseudolabel__mult_2__sim_0.95__teacher_rf__seed_4,condition_recombine_pseudolabel,2.0,0.95,random_forest,4,316,0,1.0,True,,,,reaction_role_concat,6144,random_forest,False,valid,spearman,0.874611644577616,2,0.1,random,,
condition_recombine_pseudolabel__mult_3__sim_0.85__teacher_ridge__seed_0,condition_recombine_pseudolabel,3.0,0.85,ridge,0,316,671,3.1234177215189876,True,0.8499999999999999,0.85,0.85,reaction_role_concat,6144,random_forest,False,valid,rmse,13.952251989193424,2,0.1,random,,
condition_recombine_pseudolabel__mult_3__sim_0.85__teacher_ridge__seed_0,condition_recombine_pseudolabel,3.0,0.85,ridge,0,316,671,3.1234177215189876,True,0.8499999999999999,0.85,0.85,reaction_role_concat,6144,random_forest,False,valid,mae,10.837442756563238,2,0.1,random,,
condition_recombine_pseudolabel__mult_3__sim_0.85__teacher_ridge__seed_0,condition_recombine_pseudolabel,3.0,0.85,ridge,0,316,671,3.1234177215189876,True,0.8499999999999999,0.85,0.85,reaction_role_concat,6144,random_forest,False,valid,r2,0.7327302533344067,2,0.1,random,,
condition_recombine_pseudolabel__mult_3__sim_0.85__teacher_ridge__seed_0,condition_recombine_pseudolabel,3.0,0.85,ridge,0,316,671,3.1234177215189876,True,0.8499999999999999,0.85,0.85,reaction_role_concat,6144,random_forest,False,valid,spearman,0.8682997762651672,2,0.1,random,,
condition_recombine_pseudolabel__mult_3__sim_0.85__teacher_ridge__seed_1,condition_recombine_pseudolabel,3.0,0.85,ridge,1,316,682,3.1582278481012658,True,0.8499999999999998,0.85,0.85,reaction_role_concat,6144,random_forest,False,valid,rmse,13.640020180662011,2,0.1,random,,
condition_recombine_pseudolabel__mult_3__sim_0.85__teacher_ridge__seed_1,condition_recombine_pseudolabel,3.0,0.85,ridge,1,316,682,3.1582278481012658,True,0.8499999999999998,0.85,0.85,reaction_role_concat,6144,random_forest,False,valid,mae,10.650047216609687,2,0.1,random,,
condition_recombine_pseudolabel__mult_3__sim_0.85__teacher_ridge__seed_1,condition_recombine_pseudolabel,3.0,0.85,ridge,1,316,682,3.1582278481012658,True,0.8499999999999998,0.85,0.85,reaction_role_concat,6144,random_forest,False,valid,r2,0.744558647520081,2,0.1,random,,
condition_recombine_pseudolabel__mult_3__sim_0.85__teacher_ridge__seed_1,condition_recombine_pseudolabel,3.0,0.85,ridge,1,316,682,3.1582278481012658,True,0.8499999999999998,0.85,0.85,reaction_role_concat,6144,random_forest,False,valid,spearman,0.8771921616034867,2,0.1,random,,
condition_recombine_pseudolabel__mult_3__sim_0.85__teacher_ridge__seed_2,condition_recombine_pseudolabel,3.0,0.85,ridge,2,316,674,3.132911392405063,True,0.8499999999999998,0.85,0.85,reaction_role_concat,6144,random_forest,False,valid,rmse,13.657222164280629,2,0.1,random,,
condition_recombine_pseudolabel__mult_3__sim_0.85__teacher_ridge__seed_2,condition_recombine_pseudolabel,3.0,0.85,ridge,2,316,674,3.132911392405063,True,0.8499999999999998,0.85,0.85,reaction_role_concat,6144,random_forest,False,valid,mae,10.777939088732948,2,0.1,random,,
condition_recombine_pseudolabel__mult_3__sim_0.85__teacher_ridge__seed_2,condition_recombine_pseudolabel,3.0,0.85,ridge,2,316,674,3.132911392405063,True,0.8499999999999998,0.85,0.85,reaction_role_concat,6144,random_forest,False,valid,r2,0.7439139463113772,2,0.1,random,,
condition_recombine_pseudolabel__mult_3__sim_0.85__teacher_ridge__seed_2,condition_recombine_pseudolabel,3.0,0.85,ridge,2,316,674,3.132911392405063,True,0.8499999999999998,0.85,0.85,reaction_role_concat,6144,random_forest,False,valid,spearman,0.8758806778901423,2,0.1,random,,
condition_recombine_pseudolabel__mult_3__sim_0.85__teacher_ridge__seed_3,condition_recombine_pseudolabel,3.0,0.85,ridge,3,316,683,3.161392405063291,True,0.8499999999999998,0.85,0.85,reaction_role_concat,6144,random_forest,False,valid,rmse,13.775137714629983,2,0.1,random,,
condition_recombine_pseudolabel__mult_3__sim_0.85__teacher_ridge__seed_3,condition_recombine_pseudolabel,3.0,0.85,ridge,3,316,683,3.161392405063291,True,0.8499999999999998,0.85,0.85,reaction_role_concat,6144,random_forest,False,valid,mae,10.785450728575828,2,0.1,random,,
condition_recombine_pseudolabel__mult_3__sim_0.85__teacher_ridge__seed_3,condition_recombine_pseudolabel,3.0,0.85,ridge,3,316,683,3.161392405063291,True,0.8499999999999998,0.85,0.85,reaction_role_concat,6144,random_forest,False,valid,r2,0.7394727964197684,2,0.1,random,,
condition_recombine_pseudolabel__mult_3__sim_0.85__teacher_ridge__seed_3,condition_recombine_pseudolabel,3.0,0.85,ridge,3,316,683,3.161392405063291,True,0.8499999999999998,0.85,0.85,reaction_role_concat,6144,random_forest,False,valid,spearman,0.8720946084263631,2,0.1,random,,
condition_recombine_pseudolabel__mult_3__sim_0.85__teacher_ridge__seed_4,condition_recombine_pseudolabel,3.0,0.85,ridge,4,316,688,3.1772151898734178,True,0.8499999999999998,0.85,0.85,reaction_role_concat,6144,random_forest,False,valid,rmse,13.915796506893296,2,0.1,random,,
condition_recombine_pseudolabel__mult_3__sim_0.85__teacher_ridge__seed_4,condition_recombine_pseudolabel,3.0,0.85,ridge,4,316,688,3.1772151898734178,True,0.8499999999999998,0.85,0.85,reaction_role_concat,6144,random_forest,False,valid,mae,10.780157140712008,2,0.1,random,,
condition_recombine_pseudolabel__mult_3__sim_0.85__teacher_ridge__seed_4,condition_recombine_pseudolabel,3.0,0.85,ridge,4,316,688,3.1772151898734178,True,0.8499999999999998,0.85,0.85,reaction_role_concat,6144,random_forest,False,valid,r2,0.7341251132214097,2,0.1,random,,
condition_recombine_pseudolabel__mult_3__sim_0.85__teacher_ridge__seed_4,condition_recombine_pseudolabel,3.0,0.85,ridge,4,316,688,3.1772151898734178,True,0.8499999999999998,0.85,0.85,reaction_role_concat,6144,random_forest,False,valid,spearman,0.8704892822596504,2,0.1,random,,
condition_recombine_pseudolabel__mult_3__sim_0.85__teacher_rf__seed_0,condition_recombine_pseudolabel,3.0,0.85,random_forest,0,316,671,3.1234177215189876,True,0.8499999999999999,0.85,0.85,reaction_role_concat,6144,random_forest,False,valid,rmse,13.532439903851126,2,0.1,random,,
condition_recombine_pseudolabel__mult_3__sim_0.85__teacher_rf__seed_0,condition_recombine_pseudolabel,3.0,0.85,random_forest,0,316,671,3.1234177215189876,True,0.8499999999999999,0.85,0.85,reaction_role_concat,6144,random_forest,False,valid,mae,9.901776636204577,2,0.1,random,,
condition_recombine_pseudolabel__mult_3__sim_0.85__teacher_rf__seed_0,condition_recombine_pseudolabel,3.0,0.85,random_forest,0,316,671,3.1234177215189876,True,0.8499999999999999,0.85,0.85,reaction_role_concat,6144,random_forest,False,valid,r2,0.7485721431656673,2,0.1,random,,
condition_recombine_pseudolabel__mult_3__sim_0.85__teacher_rf__seed_0,condition_recombine_pseudolabel,3.0,0.85,random_forest,0,316,671,3.1234177215189876,True,0.8499999999999999,0.85,0.85,reaction_role_concat,6144,random_forest,False,valid,spearman,0.870094571422687,2,0.1,random,,
condition_recombine_pseudolabel__mult_3__sim_0.85__teacher_rf__seed_1,condition_recombine_pseudolabel,3.0,0.85,random_forest,1,316,682,3.1582278481012658,True,0.8499999999999998,0.85,0.85,reaction_role_concat,6144,random_forest,False,valid,rmse,13.764626570706476,2,0.1,random,,
condition_recombine_pseudolabel__mult_3__sim_0.85__teacher_rf__seed_1,condition_recombine_pseudolabel,3.0,0.85,random_forest,1,316,682,3.1582278481012658,True,0.8499999999999998,0.85,0.85,reaction_role_concat,6144,random_forest,False,valid,mae,9.909528109496906,2,0.1,random,,
condition_recombine_pseudolabel__mult_3__sim_0.85__teacher_rf__seed_1,condition_recombine_pseudolabel,3.0,0.85,random_forest,1,316,682,3.1582278481012658,True,0.8499999999999998,0.85,0.85,reaction_role_concat,6144,random_forest,False,valid,r2,0.7398702362427483,2,0.1,random,,
condition_recombine_pseudolabel__mult_3__sim_0.85__teacher_rf__seed_1,condition_recombine_pseudolabel,3.0,0.85,random_forest,1,316,682,3.1582278481012658,True,0.8499999999999998,0.85,0.85,reaction_role_concat,6144,random_forest,False,valid,spearman,0.8628686564063868,2,0.1,random,,
condition_recombine_pseudolabel__mult_3__sim_0.85__teacher_rf__seed_2,condition_recombine_pseudolabel,3.0,0.85,random_forest,2,316,674,3.132911392405063,True,0.8499999999999998,0.85,0.85,reaction_role_concat,6144,random_forest,False,valid,rmse,13.605519392136419,2,0.1,random,,
condition_recombine_pseudolabel__mult_3__sim_0.85__teacher_rf__seed_2,condition_recombine_pseudolabel,3.0,0.85,random_forest,2,316,674,3.132911392405063,True,0.8499999999999998,0.85,0.85,reaction_role_concat,6144,random_forest,False,valid,mae,9.98055469519145,2,0.1,random,,
condition_recombine_pseudolabel__mult_3__sim_0.85__teacher_rf__seed_2,condition_recombine_pseudolabel,3.0,0.85,random_forest,2,316,674,3.132911392405063,True,0.8499999999999998,0.85,0.85,reaction_role_concat,6144,random_forest,False,valid,r2,0.7458492295494112,2,0.1,random,,
condition_recombine_pseudolabel__mult_3__sim_0.85__teacher_rf__seed_2,condition_recombine_pseudolabel,3.0,0.85,random_forest,2,316,674,3.132911392405063,True,0.8499999999999998,0.85,0.85,reaction_role_concat,6144,random_forest,False,valid,spearman,0.8696667570621498,2,0.1,random,,
condition_recombine_pseudolabel__mult_3__sim_0.85__teacher_rf__seed_3,condition_recombine_pseudolabel,3.0,0.85,random_forest,3,316,683,3.161392405063291,True,0.8499999999999998,0.85,0.85,reaction_role_concat,6144,random_forest,False,valid,rmse,13.62364689702069,2,0.1,random,,
condition_recombine_pseudolabel__mult_3__sim_0.85__teacher_rf__seed_3,condition_recombine_pseudolabel,3.0,0.85,random_forest,3,316,683,3.161392405063291,True,0.8499999999999998,0.85,0.85,reaction_role_concat,6144,random_forest,False,valid,mae,10.020547514638004,2,0.1,random,,
condition_recombine_pseudolabel__mult_3__sim_0.85__teacher_rf__seed_3,condition_recombine_pseudolabel,3.0,0.85,random_forest,3,316,683,3.161392405063291,True,0.8499999999999998,0.85,0.85,reaction_role_concat,6144,random_forest,False,valid,r2,0.7451715356841657,2,0.1,random,,
condition_recombine_pseudolabel__mult_3__sim_0.85__teacher_rf__seed_3,condition_recombine_pseudolabel,3.0,0.85,random_forest,3,316,683,3.161392405063291,True,0.8499999999999998,0.85,0.85,reaction_role_concat,6144,random_forest,False,valid,spearman,0.8653418790705569,2,0.1,random,,
condition_recombine_pseudolabel__mult_3__sim_0.85__teacher_rf__seed_4,condition_recombine_pseudolabel,3.0,0.85,random_forest,4,316,688,3.1772151898734178,True,0.8499999999999998,0.85,0.85,reaction_role_concat,6144,random_forest,False,valid,rmse,13.848427849142578,2,0.1,random,,
condition_recombine_pseudolabel__mult_3__sim_0.85__teacher_rf__seed_4,condition_recombine_pseudolabel,3.0,0.85,random_forest,4,316,688,3.1772151898734178,True,0.8499999999999998,0.85,0.85,reaction_role_concat,6144,random_forest,False,valid,mae,10.160828056103634,2,0.1,random,,
condition_recombine_pseudolabel__mult_3__sim_0.85__teacher_rf__seed_4,condition_recombine_pseudolabel,3.0,0.85,random_forest,4,316,688,3.1772151898734178,True,0.8499999999999998,0.85,0.85,reaction_role_concat,6144,random_forest,False,valid,r2,0.7366931699848986,2,0.1,random,,
condition_recombine_pseudolabel__mult_3__sim_0.85__teacher_rf__seed_4,condition_recombine_pseudolabel,3.0,0.85,random_forest,4,316,688,3.1772151898734178,True,0.8499999999999998,0.85,0.85,reaction_role_concat,6144,random_forest,False,valid,spearman,0.8625683879749129,2,0.1,random,,
condition_recombine_pseudolabel__mult_3__sim_0.9__teacher_ridge__seed_0,condition_recombine_pseudolabel,3.0,0.9,ridge,0,316,284,1.8987341772151898,True,0.8499999999999999,0.85,0.85,reaction_role_concat,6144,random_forest,False,valid,rmse,14.095925505650435,2,0.1,random,,
condition_recombine_pseudolabel__mult_3__sim_0.9__teacher_ridge__seed_0,condition_recombine_pseudolabel,3.0,0.9,ridge,0,316,284,1.8987341772151898,True,0.8499999999999999,0.85,0.85,reaction_role_concat,6144,random_forest,False,valid,mae,10.774699781464813,2,0.1,random,,
condition_recombine_pseudolabel__mult_3__sim_0.9__teacher_ridge__seed_0,condition_recombine_pseudolabel,3.0,0.9,ridge,0,316,284,1.8987341772151898,True,0.8499999999999999,0.85,0.85,reaction_role_concat,6144,random_forest,False,valid,r2,0.7271974842139467,2,0.1,random,,
condition_recombine_pseudolabel__mult_3__sim_0.9__teacher_ridge__seed_0,condition_recombine_pseudolabel,3.0,0.9,ridge,0,316,284,1.8987341772151898,True,0.8499999999999999,0.85,0.85,reaction_role_concat,6144,random_forest,False,valid,spearman,0.8622246955095747,2,0.1,random,,
condition_recombine_pseudolabel__mult_3__sim_0.9__teacher_ridge__seed_1,condition_recombine_pseudolabel,3.0,0.9,ridge,1,316,306,1.9683544303797469,True,0.8499999999999999,0.85,0.85,reaction_role_concat,6144,random_forest,False,valid,rmse,14.052497484921615,2,0.1,random,,
condition_recombine_pseudolabel__mult_3__sim_0.9__teacher_ridge__seed_1,condition_recombine_pseudolabel,3.0,0.9,ridge,1,316,306,1.9683544303797469,True,0.8499999999999999,0.85,0.85,reaction_role_concat,6144,random_forest,False,valid,mae,10.890441538116976,2,0.1,random,,
condition_recombine_pseudolabel__mult_3__sim_0.9__teacher_ridge__seed_1,condition_recombine_pseudolabel,3.0,0.9,ridge,1,316,306,1.9683544303797469,True,0.8499999999999999,0.85,0.85,reaction_role_concat,6144,random_forest,False,valid,r2,0.7288758448469301,2,0.1,random,,
condition_recombine_pseudolabel__mult_3__sim_0.9__teacher_ridge__seed_1,condition_recombine_pseudolabel,3.0,0.9,ridge,1,316,306,1.9683544303797469,True,0.8499999999999999,0.85,0.85,reaction_role_concat,6144,random_forest,False,valid,spearman,0.861546852182752,2,0.1,random,,
condition_recombine_pseudolabel__mult_3__sim_0.9__teacher_ridge__seed_2,condition_recombine_pseudolabel,3.0,0.9,ridge,2,316,302,1.9556962025316456,True,0.8499999999999998,0.85,0.85,reaction_role_concat,6144,random_forest,False,valid,rmse,13.494192600864231,2,0.1,random,,
condition_recombine_pseudolabel__mult_3__sim_0.9__teacher_ridge__seed_2,condition_recombine_pseudolabel,3.0,0.9,ridge,2,316,302,1.9556962025316456,True,0.8499999999999998,0.85,0.85,reaction_role_concat,6144,random_forest,False,valid,mae,10.559729337090367,2,0.1,random,,
condition_recombine_pseudolabel__mult_3__sim_0.9__teacher_ridge__seed_2,condition_recombine_pseudolabel,3.0,0.9,ridge,2,316,302,1.9556962025316456,True,0.8499999999999998,0.85,0.85,reaction_role_concat,6144,random_forest,False,valid,r2,0.7499913769206341,2,0.1,random,,
condition_recombine_pseudolabel__mult_3__sim_0.9__teacher_ridge__seed_2,condition_recombine_pseudolabel,3.0,0.9,ridge,2,316,302,1.9556962025316456,True,0.8499999999999998,0.85,0.85,reaction_role_concat,6144,random_forest,False,valid,spearman,0.8733661731848098,2,0.1,random,,
condition_recombine_pseudolabel__mult_3__sim_0.9__teacher_ridge__seed_3,condition_recombine_pseudolabel,3.0,0.9,ridge,3,316,306,1.9683544303797469,True,0.8499999999999999,0.85,0.85,reaction_role_concat,6144,random_forest,False,valid,rmse,13.84615118695711,2,0.1,random,,
condition_recombine_pseudolabel__mult_3__sim_0.9__teacher_ridge__seed_3,condition_recombine_pseudolabel,3.0,0.9,ridge,3,316,306,1.9683544303797469,True,0.8499999999999999,0.85,0.85,reaction_role_concat,6144,random_forest,False,valid,mae,10.668809244141926,2,0.1,random,,
condition_recombine_pseudolabel__mult_3__sim_0.9__teacher_ridge__seed_3,condition_recombine_pseudolabel,3.0,0.9,ridge,3,316,306,1.9683544303797469,True,0.8499999999999999,0.85,0.85,reaction_role_concat,6144,random_forest,False,valid,r2,0.7367797374183069,2,0.1,random,,
condition_recombine_pseudolabel__mult_3__sim_0.9__teacher_ridge__seed_3,condition_recombine_pseudolabel,3.0,0.9,ridge,3,316,306,1.9683544303797469,True,0.8499999999999999,0.85,0.85,reaction_role_concat,6144,random_forest,False,valid,spearman,0.8662876662117172,2,0.1,random,,
condition_recombine_pseudolabel__mult_3__sim_0.9__teacher_ridge__seed_4,condition_recombine_pseudolabel,3.0,0.9,ridge,4,316,326,2.0316455696202533,True,0.8499999999999998,0.85,0.85,reaction_role_concat,6144,random_forest,False,valid,rmse,14.165847753276196,2,0.1,random,,
condition_recombine_pseudolabel__mult_3__sim_0.9__teacher_ridge__seed_4,condition_recombine_pseudolabel,3.0,0.9,ridge,4,316,326,2.0316455696202533,True,0.8499999999999998,0.85,0.85,reaction_role_concat,6144,random_forest,False,valid,mae,10.828996430424008,2,0.1,random,,
condition_recombine_pseudolabel__mult_3__sim_0.9__teacher_ridge__seed_4,condition_recombine_pseudolabel,3.0,0.9,ridge,4,316,326,2.0316455696202533,True,0.8499999999999998,0.85,0.85,reaction_role_concat,6144,random_forest,False,valid,r2,0.7244843207063247,2,0.1,random,,
condition_recombine_pseudolabel__mult_3__sim_0.9__teacher_ridge__seed_4,condition_recombine_pseudolabel,3.0,0.9,ridge,4,316,326,2.0316455696202533,True,0.8499999999999998,0.85,0.85,reaction_role_concat,6144,random_forest,False,valid,spearman,0.8582292949408444,2,0.1,random,,
condition_recombine_pseudolabel__mult_3__sim_0.9__teacher_rf__seed_0,condition_recombine_pseudolabel,3.0,0.9,random_forest,0,316,284,1.8987341772151898,True,0.8499999999999999,0.85,0.85,reaction_role_concat,6144,random_forest,False,valid,rmse,13.749562543775307,2,0.1,random,,
condition_recombine_pseudolabel__mult_3__sim_0.9__teacher_rf__seed_0,condition_recombine_pseudolabel,3.0,0.9,random_forest,0,316,284,1.8987341772151898,True,0.8499999999999999,0.85,0.85,reaction_role_concat,6144,random_forest,False,valid,mae,9.94551087370213,2,0.1,random,,
condition_recombine_pseudolabel__mult_3__sim_0.9__teacher_rf__seed_0,condition_recombine_pseudolabel,3.0,0.9,random_forest,0,316,284,1.8987341772151898,True,0.8499999999999999,0.85,0.85,reaction_role_concat,6144,random_forest,False,valid,r2,0.7404392974497547,2,0.1,random,,
condition_recombine_pseudolabel__mult_3__sim_0.9__teacher_rf__seed_0,condition_recombine_pseudolabel,3.0,0.9,random_forest,0,316,284,1.8987341772151898,True,0.8499999999999999,0.85,0.85,reaction_role_concat,6144,random_forest,False,valid,spearman,0.8635036598791731,2,0.1,random,,
condition_recombine_pseudolabel__mult_3__sim_0.9__teacher_rf__seed_1,condition_recombine_pseudolabel,3.0,0.9,random_forest,1,316,306,1.9683544303797469,True,0.8499999999999999,0.85,0.85,reaction_role_concat,6144,random_forest,False,valid,rmse,14.121736416094794,2,0.1,random,,
condition_recombine_pseudolabel__mult_3__sim_0.9__teacher_rf__seed_1,condition_recombine_pseudolabel,3.0,0.9,random_forest,1,316,306,1.9683544303797469,True,0.8499999999999999,0.85,0.85,reaction_role_concat,6144,random_forest,False,valid,mae,10.260007108483698,2,0.1,random,,
condition_recombine_pseudolabel__mult_3__sim_0.9__teacher_rf__seed_1,condition_recombine_pseudolabel,3.0,0.9,random_forest,1,316,306,1.9683544303797469,True,0.8499999999999999,0.85,0.85,reaction_role_concat,6144,random_forest,False,valid,r2,0.726197517533991,2,0.1,random,,
condition_recombine_pseudolabel__mult_3__sim_0.9__teacher_rf__seed_1,condition_recombine_pseudolabel,3.0,0.9,random_forest,1,316,306,1.9683544303797469,True,0.8499999999999999,0.85,0.85,reaction_role_concat,6144,random_forest,False,valid,spearman,0.856001622530947,2,0.1,random,,
condition_recombine_pseudolabel__mult_3__sim_0.9__teacher_rf__seed_2,condition_recombine_pseudolabel,3.0,0.9,random_forest,2,316,302,1.9556962025316456,True,0.8499999999999998,0.85,0.85,reaction_role_concat,6144,random_forest,False,valid,rmse,13.812740893107637,2,0.1,random,,
condition_recombine_pseudolabel__mult_3__sim_0.9__teacher_rf__seed_2,condition_recombine_pseudolabel,3.0,0.9,random_forest,2,316,302,1.9556962025316456,True,0.8499999999999998,0.85,0.85,reaction_role_concat,6144,random_forest,False,valid,mae,10.210793443137897,2,0.1,random,,
condition_recombine_pseudolabel__mult_3__sim_0.9__teacher_rf__seed_2,condition_recombine_pseudolabel,3.0,0.9,random_forest,2,316,302,1.9556962025316456,True,0.8499999999999998,0.85,0.85,reaction_role_concat,6144,random_forest,False,valid,r2,0.7380484880000395,2,0.1,random,,
condition_recombine_pseudolabel__mult_3__sim_0.9__teacher_rf__seed_2,condition_recombine_pseudolabel,3.0,0.9,random_forest,2,316,302,1.9556962025316456,True,0.8499999999999998,0.85,0.85,reaction_role_concat,6144,random_forest,False,valid,spearman,0.8623551623377769,2,0.1,random,,
condition_recombine_pseudolabel__mult_3__sim_0.9__teacher_rf__seed_3,condition_recombine_pseudolabel,3.0,0.9,random_forest,3,316,306,1.9683544303797469,True,0.8499999999999999,0.85,0.85,reaction_role_concat,6144,random_forest,False,valid,rmse,13.663276274294262,2,0.1,random,,
condition_recombine_pseudolabel__mult_3__sim_0.9__teacher_rf__seed_3,condition_recombine_pseudolabel,3.0,0.9,random_forest,3,316,306,1.9683544303797469,True,0.8499999999999999,0.85,0.85,reaction_role_concat,6144,random_forest,False,valid,mae,10.041439082724951,2,0.1,random,,
condition_recombine_pseudolabel__mult_3__sim_0.9__teacher_rf__seed_3,condition_recombine_pseudolabel,3.0,0.9,random_forest,3,316,306,1.9683544303797469,True,0.8499999999999999,0.85,0.85,reaction_role_concat,6144,random_forest,False,valid,r2,0.7436868552154297,2,0.1,random,,
condition_recombine_pseudolabel__mult_3__sim_0.9__teacher_rf__seed_3,condition_recombine_pseudolabel,3.0,0.9,random_forest,3,316,306,1.9683544303797469,True,0.8499999999999999,0.85,0.85,reaction_role_concat,6144,random_forest,False,valid,spearman,0.8658127280117399,2,0.1,random,,
condition_recombine_pseudolabel__mult_3__sim_0.9__teacher_rf__seed_4,condition_recombine_pseudolabel,3.0,0.9,random_forest,4,316,326,2.0316455696202533,True,0.8499999999999998,0.85,0.85,reaction_role_concat,6144,random_forest,False,valid,rmse,13.993771235450472,2,0.1,random,,
condition_recombine_pseudolabel__mult_3__sim_0.9__teacher_rf__seed_4,condition_recombine_pseudolabel,3.0,0.9,random_forest,4,316,326,2.0316455696202533,True,0.8499999999999998,0.85,0.85,reaction_role_concat,6144,random_forest,False,valid,mae,10.166113641932984,2,0.1,random,,
condition_recombine_pseudolabel__mult_3__sim_0.9__teacher_rf__seed_4,condition_recombine_pseudolabel,3.0,0.9,random_forest,4,316,326,2.0316455696202533,True,0.8499999999999998,0.85,0.85,reaction_role_concat,6144,random_forest,False,valid,r2,0.7311371987541173,2,0.1,random,,
condition_recombine_pseudolabel__mult_3__sim_0.9__teacher_rf__seed_4,condition_recombine_pseudolabel,3.0,0.9,random_forest,4,316,326,2.0316455696202533,True,0.8499999999999998,0.85,0.85,reaction_role_concat,6144,random_forest,False,valid,spearman,0.8591635932120585,2,0.1,random,,
condition_recombine_pseudolabel__mult_3__sim_0.95__teacher_ridge__seed_0,condition_recombine_pseudolabel,3.0,0.95,ridge,0,316,0,1.0,True,,,,reaction_role_concat,6144,random_forest,False,valid,rmse,13.313134232237564,2,0.1,random,,
condition_recombine_pseudolabel__mult_3__sim_0.95__teacher_ridge__seed_0,condition_recombine_pseudolabel,3.0,0.95,ridge,0,316,0,1.0,True,,,,reaction_role_concat,6144,random_forest,False,valid,mae,9.83050099094363,2,0.1,random,,
condition_recombine_pseudolabel__mult_3__sim_0.95__teacher_ridge__seed_0,condition_recombine_pseudolabel,3.0,0.95,ridge,0,316,0,1.0,True,,,,reaction_role_concat,6144,random_forest,False,valid,r2,0.7566553508825153,2,0.1,random,,
condition_recombine_pseudolabel__mult_3__sim_0.95__teacher_ridge__seed_0,condition_recombine_pseudolabel,3.0,0.95,ridge,0,316,0,1.0,True,,,,reaction_role_concat,6144,random_forest,False,valid,spearman,0.874611644577616,2,0.1,random,,
condition_recombine_pseudolabel__mult_3__sim_0.95__teacher_ridge__seed_1,condition_recombine_pseudolabel,3.0,0.95,ridge,1,316,0,1.0,True,,,,reaction_role_concat,6144,random_forest,False,valid,rmse,13.313134232237564,2,0.1,random,,
condition_recombine_pseudolabel__mult_3__sim_0.95__teacher_ridge__seed_1,condition_recombine_pseudolabel,3.0,0.95,ridge,1,316,0,1.0,True,,,,reaction_role_concat,6144,random_forest,False,valid,mae,9.83050099094363,2,0.1,random,,
condition_recombine_pseudolabel__mult_3__sim_0.95__teacher_ridge__seed_1,condition_recombine_pseudolabel,3.0,0.95,ridge,1,316,0,1.0,True,,,,reaction_role_concat,6144,random_forest,False,valid,r2,0.7566553508825153,2,0.1,random,,
condition_recombine_pseudolabel__mult_3__sim_0.95__teacher_ridge__seed_1,condition_recombine_pseudolabel,3.0,0.95,ridge,1,316,0,1.0,True,,,,reaction_role_concat,6144,random_forest,False,valid,spearman,0.874611644577616,2,0.1,random,,
condition_recombine_pseudolabel__mult_3__sim_0.95__teacher_ridge__seed_2,condition_recombine_pseudolabel,3.0,0.95,ridge,2,316,0,1.0,True,,,,reaction_role_concat,6144,random_forest,False,valid,rmse,13.313134232237564,2,0.1,random,,
condition_recombine_pseudolabel__mult_3__sim_0.95__teacher_ridge__seed_2,condition_recombine_pseudolabel,3.0,0.95,ridge,2,316,0,1.0,True,,,,reaction_role_concat,6144,random_forest,False,valid,mae,9.83050099094363,2,0.1,random,,
condition_recombine_pseudolabel__mult_3__sim_0.95__teacher_ridge__seed_2,condition_recombine_pseudolabel,3.0,0.95,ridge,2,316,0,1.0,True,,,,reaction_role_concat,6144,random_forest,False,valid,r2,0.7566553508825153,2,0.1,random,,
condition_recombine_pseudolabel__mult_3__sim_0.95__teacher_ridge__seed_2,condition_recombine_pseudolabel,3.0,0.95,ridge,2,316,0,1.0,True,,,,reaction_role_concat,6144,random_forest,False,valid,spearman,0.874611644577616,2,0.1,random,,
condition_recombine_pseudolabel__mult_3__sim_0.95__teacher_ridge__seed_3,condition_recombine_pseudolabel,3.0,0.95,ridge,3,316,0,1.0,True,,,,reaction_role_concat,6144,random_forest,False,valid,rmse,13.313134232237564,2,0.1,random,,
condition_recombine_pseudolabel__mult_3__sim_0.95__teacher_ridge__seed_3,condition_recombine_pseudolabel,3.0,0.95,ridge,3,316,0,1.0,True,,,,reaction_role_concat,6144,random_forest,False,valid,mae,9.83050099094363,2,0.1,random,,
condition_recombine_pseudolabel__mult_3__sim_0.95__teacher_ridge__seed_3,condition_recombine_pseudolabel,3.0,0.95,ridge,3,316,0,1.0,True,,,,reaction_role_concat,6144,random_forest,False,valid,r2,0.7566553508825153,2,0.1,random,,
condition_recombine_pseudolabel__mult_3__sim_0.95__teacher_ridge__seed_3,condition_recombine_pseudolabel,3.0,0.95,ridge,3,316,0,1.0,True,,,,reaction_role_concat,6144,random_forest,False,valid,spearman,0.874611644577616,2,0.1,random,,
condition_recombine_pseudolabel__mult_3__sim_0.95__teacher_ridge__seed_4,condition_recombine_pseudolabel,3.0,0.95,ridge,4,316,0,1.0,True,,,,reaction_role_concat,6144,random_forest,False,valid,rmse,13.313134232237564,2,0.1,random,,
condition_recombine_pseudolabel__mult_3__sim_0.95__teacher_ridge__seed_4,condition_recombine_pseudolabel,3.0,0.95,ridge,4,316,0,1.0,True,,,,reaction_role_concat,6144,random_forest,False,valid,mae,9.83050099094363,2,0.1,random,,
condition_recombine_pseudolabel__mult_3__sim_0.95__teacher_ridge__seed_4,condition_recombine_pseudolabel,3.0,0.95,ridge,4,316,0,1.0,True,,,,reaction_role_concat,6144,random_forest,False,valid,r2,0.7566553508825153,2,0.1,random,,
condition_recombine_pseudolabel__mult_3__sim_0.95__teacher_ridge__seed_4,condition_recombine_pseudolabel,3.0,0.95,ridge,4,316,0,1.0,True,,,,reaction_role_concat,6144,random_forest,False,valid,spearman,0.874611644577616,2,0.1,random,,
condition_recombine_pseudolabel__mult_3__sim_0.95__teacher_rf__seed_0,condition_recombine_pseudolabel,3.0,0.95,random_forest,0,316,0,1.0,True,,,,reaction_role_concat,6144,random_forest,False,valid,rmse,13.313134232237564,2,0.1,random,,
condition_recombine_pseudolabel__mult_3__sim_0.95__teacher_rf__seed_0,condition_recombine_pseudolabel,3.0,0.95,random_forest,0,316,0,1.0,True,,,,reaction_role_concat,6144,random_forest,False,valid,mae,9.83050099094363,2,0.1,random,,
condition_recombine_pseudolabel__mult_3__sim_0.95__teacher_rf__seed_0,condition_recombine_pseudolabel,3.0,0.95,random_forest,0,316,0,1.0,True,,,,reaction_role_concat,6144,random_forest,False,valid,r2,0.7566553508825153,2,0.1,random,,
condition_recombine_pseudolabel__mult_3__sim_0.95__teacher_rf__seed_0,condition_recombine_pseudolabel,3.0,0.95,random_forest,0,316,0,1.0,True,,,,reaction_role_concat,6144,random_forest,False,valid,spearman,0.874611644577616,2,0.1,random,,
condition_recombine_pseudolabel__mult_3__sim_0.95__teacher_rf__seed_1,condition_recombine_pseudolabel,3.0,0.95,random_forest,1,316,0,1.0,True,,,,reaction_role_concat,6144,random_forest,False,valid,rmse,13.313134232237564,2,0.1,random,,
condition_recombine_pseudolabel__mult_3__sim_0.95__teacher_rf__seed_1,condition_recombine_pseudolabel,3.0,0.95,random_forest,1,316,0,1.0,True,,,,reaction_role_concat,6144,random_forest,False,valid,mae,9.83050099094363,2,0.1,random,,
condition_recombine_pseudolabel__mult_3__sim_0.95__teacher_rf__seed_1,condition_recombine_pseudolabel,3.0,0.95,random_forest,1,316,0,1.0,True,,,,reaction_role_concat,6144,random_forest,False,valid,r2,0.7566553508825153,2,0.1,random,,
condition_recombine_pseudolabel__mult_3__sim_0.95__teacher_rf__seed_1,condition_recombine_pseudolabel,3.0,0.95,random_forest,1,316,0,1.0,True,,,,reaction_role_concat,6144,random_forest,False,valid,spearman,0.874611644577616,2,0.1,random,,
condition_recombine_pseudolabel__mult_3__sim_0.95__teacher_rf__seed_2,condition_recombine_pseudolabel,3.0,0.95,random_forest,2,316,0,1.0,True,,,,reaction_role_concat,6144,random_forest,False,valid,rmse,13.313134232237564,2,0.1,random,,
condition_recombine_pseudolabel__mult_3__sim_0.95__teacher_rf__seed_2,condition_recombine_pseudolabel,3.0,0.95,random_forest,2,316,0,1.0,True,,,,reaction_role_concat,6144,random_forest,False,valid,mae,9.83050099094363,2,0.1,random,,
condition_recombine_pseudolabel__mult_3__sim_0.95__teacher_rf__seed_2,condition_recombine_pseudolabel,3.0,0.95,random_forest,2,316,0,1.0,True,,,,reaction_role_concat,6144,random_forest,False,valid,r2,0.7566553508825153,2,0.1,random,,
condition_recombine_pseudolabel__mult_3__sim_0.95__teacher_rf__seed_2,condition_recombine_pseudolabel,3.0,0.95,random_forest,2,316,0,1.0,True,,,,reaction_role_concat,6144,random_forest,False,valid,spearman,0.874611644577616,2,0.1,random,,
condition_recombine_pseudolabel__mult_3__sim_0.95__teacher_rf__seed_3,condition_recombine_pseudolabel,3.0,0.95,random_forest,3,316,0,1.0,True,,,,reaction_role_concat,6144,random_forest,False,valid,rmse,13.313134232237564,2,0.1,random,,
condition_recombine_pseudolabel__mult_3__sim_0.95__teacher_rf__seed_3,condition_recombine_pseudolabel,3.0,0.95,random_forest,3,316,0,1.0,True,,,,reaction_role_concat,6144,random_forest,False,valid,mae,9.83050099094363,2,0.1,random,,
condition_recombine_pseudolabel__mult_3__sim_0.95__teacher_rf__seed_3,condition_recombine_pseudolabel,3.0,0.95,random_forest,3,316,0,1.0,True,,,,reaction_role_concat,6144,random_forest,False,valid,r2,0.7566553508825153,2,0.1,random,,
condition_recombine_pseudolabel__mult_3__sim_0.95__teacher_rf__seed_3,condition_recombine_pseudolabel,3.0,0.95,random_forest,3,316,0,1.0,True,,,,reaction_role_concat,6144,random_forest,False,valid,spearman,0.874611644577616,2,0.1,random,,
condition_recombine_pseudolabel__mult_3__sim_0.95__teacher_rf__seed_4,condition_recombine_pseudolabel,3.0,0.95,random_forest,4,316,0,1.0,True,,,,reaction_role_concat,6144,random_forest,False,valid,rmse,13.313134232237564,2,0.1,random,,
condition_recombine_pseudolabel__mult_3__sim_0.95__teacher_rf__seed_4,condition_recombine_pseudolabel,3.0,0.95,random_forest,4,316,0,1.0,True,,,,reaction_role_concat,6144,random_forest,False,valid,mae,9.83050099094363,2,0.1,random,,
condition_recombine_pseudolabel__mult_3__sim_0.95__teacher_rf__seed_4,condition_recombine_pseudolabel,3.0,0.95,random_forest,4,316,0,1.0,True,,,,reaction_role_concat,6144,random_forest,False,valid,r2,0.7566553508825153,2,0.1,random,,
condition_recombine_pseudolabel__mult_3__sim_0.95__teacher_rf__seed_4,condition_recombine_pseudolabel,3.0,0.95,random_forest,4,316,0,1.0,True,,,,reaction_role_concat,6144,random_forest,False,valid,spearman,0.874611644577616,2,0.1,random,,
