policy_id,augmentation_method,synthetic_multiplier,min_neighbor_similarity,teacher_model,augmentation_random_state,n_real_train,n_synthetic_train,augmentation_factor,synthetic_weighting_enabled,mean_synthetic_weight,min_synthetic_weight,max_synthetic_weight,feature_kind,n_features,model,selected_policy,split,metric,value,fold_index,train_fraction,split_method,group_column,heldout_group_value
condition_recombine_pseudolabel__mult_0.25__sim_0.7__teacher_ridge__seed_0,condition_recombine_pseudolabel,0.25,0.7,ridge,0,31,7,1.2258064516129032,True,0.8202022211892264,0.7484662532806396,0.85,reaction_role_concat,6144,random_forest,False,valid,rmse,27.952978619871953,0,0.01,random,,
condition_recombine_pseudolabel__mult_0.25__sim_0.7__teacher_ridge__seed_0,condition_recombine_pseudolabel,0.25,0.7,ridge,0,31,7,1.2258064516129032,True,0.8202022211892264,0.7484662532806396,0.85,reaction_role_concat,6144,random_forest,False,valid,mae,22.464182633013664,0,0.01,random,,
condition_recombine_pseudolabel__mult_0.25__sim_0.7__teacher_ridge__seed_0,condition_recombine_pseudolabel,0.25,0.7,ridge,0,31,7,1.2258064516129032,True,0.8202022211892264,0.7484662532806396,0.85,reaction_role_concat,6144,random_forest,False,valid,r2,-0.0181907418254168,0,0.01,random,,
condition_recombine_pseudolabel__mult_0.25__sim_0.7__teacher_ridge__seed_0,condition_recombine_pseudolabel,0.25,0.7,ridge,0,31,7,1.2258064516129032,True,0.8202022211892264,0.7484662532806396,0.85,reaction_role_concat,6144,random_forest,False,valid,spearman,0.26464826611292436,0,0.01,random,,
condition_recombine_pseudolabel__mult_0.25__sim_0.7__teacher_ridge__seed_1,condition_recombine_pseudolabel,0.25,0.7,ridge,1,31,7,1.2258064516129032,True,0.7840236561638968,0.7484662532806396,0.85,reaction_role_concat,6144,random_forest,False,valid,rmse,28.497465547158505,0,0.01,random,,
condition_recombine_pseudolabel__mult_0.25__sim_0.7__teacher_ridge__seed_1,condition_recombine_pseudolabel,0.25,0.7,ridge,1,31,7,1.2258064516129032,True,0.7840236561638968,0.7484662532806396,0.85,reaction_role_concat,6144,random_forest,False,valid,mae,23.30196849495399,0,0.01,random,,
condition_recombine_pseudolabel__mult_0.25__sim_0.7__teacher_ridge__seed_1,condition_recombine_pseudolabel,0.25,0.7,ridge,1,31,7,1.2258064516129032,True,0.7840236561638968,0.7484662532806396,0.85,reaction_role_concat,6144,random_forest,False,valid,r2,-0.05824307126317052,0,0.01,random,,
condition_recombine_pseudolabel__mult_0.25__sim_0.7__teacher_ridge__seed_1,condition_recombine_pseudolabel,0.25,0.7,ridge,1,31,7,1.2258064516129032,True,0.7840236561638968,0.7484662532806396,0.85,reaction_role_concat,6144,random_forest,False,valid,spearman,0.2229107495431536,0,0.01,random,,
condition_recombine_pseudolabel__mult_0.25__sim_0.7__teacher_ridge__seed_2,condition_recombine_pseudolabel,0.25,0.7,ridge,2,31,7,1.2258064516129032,True,0.8090292658124651,0.7324841022491455,0.85,reaction_role_concat,6144,random_forest,False,valid,rmse,27.92462779169216,0,0.01,random,,
condition_recombine_pseudolabel__mult_0.25__sim_0.7__teacher_ridge__seed_2,condition_recombine_pseudolabel,0.25,0.7,ridge,2,31,7,1.2258064516129032,True,0.8090292658124651,0.7324841022491455,0.85,reaction_role_concat,6144,random_forest,False,valid,mae,22.829457821892785,0,0.01,random,,
condition_recombine_pseudolabel__mult_0.25__sim_0.7__teacher_ridge__seed_2,condition_recombine_pseudolabel,0.25,0.7,ridge,2,31,7,1.2258064516129032,True,0.8090292658124651,0.7324841022491455,0.85,reaction_role_concat,6144,random_forest,False,valid,r2,-0.016126424282260965,0,0.01,random,,
condition_recombine_pseudolabel__mult_0.25__sim_0.7__teacher_ridge__seed_2,condition_recombine_pseudolabel,0.25,0.7,ridge,2,31,7,1.2258064516129032,True,0.8090292658124651,0.7324841022491455,0.85,reaction_role_concat,6144,random_forest,False,valid,spearman,0.23930049554524066,0,0.01,random,,
condition_recombine_pseudolabel__mult_0.25__sim_0.7__teacher_ridge__seed_3,condition_recombine_pseudolabel,0.25,0.7,ridge,3,31,7,1.2258064516129032,True,0.8189814618655612,0.7876712083816528,0.85,reaction_role_concat,6144,random_forest,False,valid,rmse,27.97357110220225,0,0.01,random,,
condition_recombine_pseudolabel__mult_0.25__sim_0.7__teacher_ridge__seed_3,condition_recombine_pseudolabel,0.25,0.7,ridge,3,31,7,1.2258064516129032,True,0.8189814618655612,0.7876712083816528,0.85,reaction_role_concat,6144,random_forest,False,valid,mae,22.97523883388314,0,0.01,random,,
condition_recombine_pseudolabel__mult_0.25__sim_0.7__teacher_ridge__seed_3,condition_recombine_pseudolabel,0.25,0.7,ridge,3,31,7,1.2258064516129032,True,0.8189814618655612,0.7876712083816528,0.85,reaction_role_concat,6144,random_forest,False,valid,r2,-0.01969146188736559,0,0.01,random,,
condition_recombine_pseudolabel__mult_0.25__sim_0.7__teacher_ridge__seed_3,condition_recombine_pseudolabel,0.25,0.7,ridge,3,31,7,1.2258064516129032,True,0.8189814618655612,0.7876712083816528,0.85,reaction_role_concat,6144,random_forest,False,valid,spearman,0.24982260109233537,0,0.01,random,,
condition_recombine_pseudolabel__mult_0.25__sim_0.7__teacher_ridge__seed_4,condition_recombine_pseudolabel,0.25,0.7,ridge,4,31,7,1.2258064516129032,True,0.7994841473443167,0.7631579041481018,0.85,reaction_role_concat,6144,random_forest,False,valid,rmse,26.322235307314575,0,0.01,random,,
condition_recombine_pseudolabel__mult_0.25__sim_0.7__teacher_ridge__seed_4,condition_recombine_pseudolabel,0.25,0.7,ridge,4,31,7,1.2258064516129032,True,0.7994841473443167,0.7631579041481018,0.85,reaction_role_concat,6144,random_forest,False,valid,mae,21.383190110906767,0,0.01,random,,
condition_recombine_pseudolabel__mult_0.25__sim_0.7__teacher_ridge__seed_4,condition_recombine_pseudolabel,0.25,0.7,ridge,4,31,7,1.2258064516129032,True,0.7994841473443167,0.7631579041481018,0.85,reaction_role_concat,6144,random_forest,False,valid,r2,0.09714398975789407,0,0.01,random,,
condition_recombine_pseudolabel__mult_0.25__sim_0.7__teacher_ridge__seed_4,condition_recombine_pseudolabel,0.25,0.7,ridge,4,31,7,1.2258064516129032,True,0.7994841473443167,0.7631579041481018,0.85,reaction_role_concat,6144,random_forest,False,valid,spearman,0.3618746322542645,0,0.01,random,,
condition_recombine_pseudolabel__mult_0.25__sim_0.7__teacher_rf__seed_0,condition_recombine_pseudolabel,0.25,0.7,random_forest,0,31,7,1.2258064516129032,True,0.8202022211892264,0.7484662532806396,0.85,reaction_role_concat,6144,random_forest,False,valid,rmse,26.93806996847941,0,0.01,random,,
condition_recombine_pseudolabel__mult_0.25__sim_0.7__teacher_rf__seed_0,condition_recombine_pseudolabel,0.25,0.7,random_forest,0,31,7,1.2258064516129032,True,0.8202022211892264,0.7484662532806396,0.85,reaction_role_concat,6144,random_forest,False,valid,mae,21.931865354103383,0,0.01,random,,
condition_recombine_pseudolabel__mult_0.25__sim_0.7__teacher_rf__seed_0,condition_recombine_pseudolabel,0.25,0.7,random_forest,0,31,7,1.2258064516129032,True,0.8202022211892264,0.7484662532806396,0.85,reaction_role_concat,6144,random_forest,False,valid,r2,0.05440337748891089,0,0.01,random,,
condition_recombine_pseudolabel__mult_0.25__sim_0.7__teacher_rf__seed_0,condition_recombine_pseudolabel,0.25,0.7,random_forest,0,31,7,1.2258064516129032,True,0.8202022211892264,0.7484662532806396,0.85,reaction_role_concat,6144,random_forest,False,valid,spearman,0.31976751587088775,0,0.01,random,,
condition_recombine_pseudolabel__mult_0.25__sim_0.7__teacher_rf__seed_1,condition_recombine_pseudolabel,0.25,0.7,random_forest,1,31,7,1.2258064516129032,True,0.7840236561638968,0.7484662532806396,0.85,reaction_role_concat,6144,random_forest,False,valid,rmse,26.94636801369247,0,0.01,random,,
condition_recombine_pseudolabel__mult_0.25__sim_0.7__teacher_rf__seed_1,condition_recombine_pseudolabel,0.25,0.7,random_forest,1,31,7,1.2258064516129032,True,0.7840236561638968,0.7484662532806396,0.85,reaction_role_concat,6144,random_forest,False,valid,mae,22.173762267301356,0,0.01,random,,
condition_recombine_pseudolabel__mult_0.25__sim_0.7__teacher_rf__seed_1,condition_recombine_pseudolabel,0.25,0.7,random_forest,1,31,7,1.2258064516129032,True,0.7840236561638968,0.7484662532806396,0.85,reaction_role_concat,6144,random_forest,False,valid,r2,0.05382072163597784,0,0.01,random,,
condition_recombine_pseudolabel__mult_0.25__sim_0.7__teacher_rf__seed_1,condition_recombine_pseudolabel,0.25,0.7,random_forest,1,31,7,1.2258064516129032,True,0.7840236561638968,0.7484662532806396,0.85,reaction_role_concat,6144,random_forest,False,valid,spearman,0.31103284798927744,0,0.01,random,,
condition_recombine_pseudolabel__mult_0.25__sim_0.7__teacher_rf__seed_2,condition_recombine_pseudolabel,0.25,0.7,random_forest,2,31,7,1.2258064516129032,True,0.8090292658124651,0.7324841022491455,0.85,reaction_role_concat,6144,random_forest,False,valid,rmse,26.41627726551089,0,0.01,random,,
condition_recombine_pseudolabel__mult_0.25__sim_0.7__teacher_rf__seed_2,condition_recombine_pseudolabel,0.25,0.7,random_forest,2,31,7,1.2258064516129032,True,0.8090292658124651,0.7324841022491455,0.85,reaction_role_concat,6144,random_forest,False,valid,mae,21.74390845313706,0,0.01,random,,
condition_recombine_pseudolabel__mult_0.25__sim_0.7__teacher_rf__seed_2,condition_recombine_pseudolabel,0.25,0.7,random_forest,2,31,7,1.2258064516129032,True,0.8090292658124651,0.7324841022491455,0.85,reaction_role_concat,6144,random_forest,False,valid,r2,0.0906811632196316,0,0.01,random,,
condition_recombine_pseudolabel__mult_0.25__sim_0.7__teacher_rf__seed_2,condition_recombine_pseudolabel,0.25,0.7,random_forest,2,31,7,1.2258064516129032,True,0.8090292658124651,0.7324841022491455,0.85,reaction_role_concat,6144,random_forest,False,valid,spearman,0.3326805310657455,0,0.01,random,,
condition_recombine_pseudolabel__mult_0.25__sim_0.7__teacher_rf__seed_3,condition_recombine_pseudolabel,0.25,0.7,random_forest,3,31,7,1.2258064516129032,True,0.8189814618655612,0.7876712083816528,0.85,reaction_role_concat,6144,random_forest,False,valid,rmse,27.396403847647452,0,0.01,random,,
condition_recombine_pseudolabel__mult_0.25__sim_0.7__teacher_rf__seed_3,condition_recombine_pseudolabel,0.25,0.7,random_forest,3,31,7,1.2258064516129032,True,0.8189814618655612,0.7876712083816528,0.85,reaction_role_concat,6144,random_forest,False,valid,mae,22.33263317324542,0,0.01,random,,
condition_recombine_pseudolabel__mult_0.25__sim_0.7__teacher_rf__seed_3,condition_recombine_pseudolabel,0.25,0.7,random_forest,3,31,7,1.2258064516129032,True,0.8189814618655612,0.7876712083816528,0.85,reaction_role_concat,6144,random_forest,False,valid,r2,0.021952205557537297,0,0.01,random,,
condition_recombine_pseudolabel__mult_0.25__sim_0.7__teacher_rf__seed_3,condition_recombine_pseudolabel,0.25,0.7,random_forest,3,31,7,1.2258064516129032,True,0.8189814618655612,0.7876712083816528,0.85,reaction_role_concat,6144,random_forest,False,valid,spearman,0.2852553056678379,0,0.01,random,,
condition_recombine_pseudolabel__mult_0.25__sim_0.7__teacher_rf__seed_4,condition_recombine_pseudolabel,0.25,0.7,random_forest,4,31,7,1.2258064516129032,True,0.7994841473443167,0.7631579041481018,0.85,reaction_role_concat,6144,random_forest,False,valid,rmse,27.505848507001822,0,0.01,random,,
condition_recombine_pseudolabel__mult_0.25__sim_0.7__teacher_rf__seed_4,condition_recombine_pseudolabel,0.25,0.7,random_forest,4,31,7,1.2258064516129032,True,0.7994841473443167,0.7631579041481018,0.85,reaction_role_concat,6144,random_forest,False,valid,mae,22.588222317596024,0,0.01,random,,
condition_recombine_pseudolabel__mult_0.25__sim_0.7__teacher_rf__seed_4,condition_recombine_pseudolabel,0.25,0.7,random_forest,4,31,7,1.2258064516129032,True,0.7994841473443167,0.7631579041481018,0.85,reaction_role_concat,6144,random_forest,False,valid,r2,0.01412227888993034,0,0.01,random,,
condition_recombine_pseudolabel__mult_0.25__sim_0.7__teacher_rf__seed_4,condition_recombine_pseudolabel,0.25,0.7,random_forest,4,31,7,1.2258064516129032,True,0.7994841473443167,0.7631579041481018,0.85,reaction_role_concat,6144,random_forest,False,valid,spearman,0.25538178732986094,0,0.01,random,,
condition_recombine_pseudolabel__mult_0.25__sim_0.8__teacher_ridge__seed_0,condition_recombine_pseudolabel,0.25,0.8,ridge,0,31,5,1.1612903225806452,True,0.8400992965698242,0.802395224571228,0.85,reaction_role_concat,6144,random_forest,False,valid,rmse,26.902464493119208,0,0.01,random,,
condition_recombine_pseudolabel__mult_0.25__sim_0.8__teacher_ridge__seed_0,condition_recombine_pseudolabel,0.25,0.8,ridge,0,31,5,1.1612903225806452,True,0.8400992965698242,0.802395224571228,0.85,reaction_role_concat,6144,random_forest,False,valid,mae,22.028625129034246,0,0.01,random,,
condition_recombine_pseudolabel__mult_0.25__sim_0.8__teacher_ridge__seed_0,condition_recombine_pseudolabel,0.25,0.8,ridge,0,31,5,1.1612903225806452,True,0.8400992965698242,0.802395224571228,0.85,reaction_role_concat,6144,random_forest,False,valid,r2,0.05690141588711661,0,0.01,random,,
condition_recombine_pseudolabel__mult_0.25__sim_0.8__teacher_ridge__seed_0,condition_recombine_pseudolabel,0.25,0.8,ridge,0,31,5,1.1612903225806452,True,0.8400992965698242,0.802395224571228,0.85,reaction_role_concat,6144,random_forest,False,valid,spearman,0.31218779872399666,0,0.01,random,,
condition_recombine_pseudolabel__mult_0.25__sim_0.8__teacher_ridge__seed_1,condition_recombine_pseudolabel,0.25,0.8,ridge,1,31,3,1.096774193548387,True,0.823700499534607,0.8029196858406067,0.85,reaction_role_concat,6144,random_forest,False,valid,rmse,27.53102268757775,0,0.01,random,,
condition_recombine_pseudolabel__mult_0.25__sim_0.8__teacher_ridge__seed_1,condition_recombine_pseudolabel,0.25,0.8,ridge,1,31,3,1.096774193548387,True,0.823700499534607,0.8029196858406067,0.85,reaction_role_concat,6144,random_forest,False,valid,mae,22.504969445524335,0,0.01,random,,
condition_recombine_pseudolabel__mult_0.25__sim_0.8__teacher_ridge__seed_1,condition_recombine_pseudolabel,0.25,0.8,ridge,1,31,3,1.096774193548387,True,0.823700499534607,0.8029196858406067,0.85,reaction_role_concat,6144,random_forest,False,valid,r2,0.01231684313580006,0,0.01,random,,
condition_recombine_pseudolabel__mult_0.25__sim_0.8__teacher_ridge__seed_1,condition_recombine_pseudolabel,0.25,0.8,ridge,1,31,3,1.096774193548387,True,0.823700499534607,0.8029196858406067,0.85,reaction_role_concat,6144,random_forest,False,valid,spearman,0.27386177801016015,0,0.01,random,,
condition_recombine_pseudolabel__mult_0.25__sim_0.8__teacher_ridge__seed_2,condition_recombine_pseudolabel,0.25,0.8,ridge,2,31,5,1.1612903225806452,True,0.8316613936424255,0.8029196858406067,0.85,reaction_role_concat,6144,random_forest,False,valid,rmse,27.636617410143696,0,0.01,random,,
condition_recombine_pseudolabel__mult_0.25__sim_0.8__teacher_ridge__seed_2,condition_recombine_pseudolabel,0.25,0.8,ridge,2,31,5,1.1612903225806452,True,0.8316613936424255,0.8029196858406067,0.85,reaction_role_concat,6144,random_forest,False,valid,mae,22.7250186593774,0,0.01,random,,
condition_recombine_pseudolabel__mult_0.25__sim_0.8__teacher_ridge__seed_2,condition_recombine_pseudolabel,0.25,0.8,ridge,2,31,5,1.1612903225806452,True,0.8316613936424255,0.8029196858406067,0.85,reaction_role_concat,6144,random_forest,False,valid,r2,0.004725832862893742,0,0.01,random,,
condition_recombine_pseudolabel__mult_0.25__sim_0.8__teacher_ridge__seed_2,condition_recombine_pseudolabel,0.25,0.8,ridge,2,31,5,1.1612903225806452,True,0.8316613936424255,0.8029196858406067,0.85,reaction_role_concat,6144,random_forest,False,valid,spearman,0.2533511303982049,0,0.01,random,,
condition_recombine_pseudolabel__mult_0.25__sim_0.8__teacher_ridge__seed_3,condition_recombine_pseudolabel,0.25,0.8,ridge,3,31,6,1.1935483870967742,True,0.8241998374462128,0.803680956363678,0.85,reaction_role_concat,6144,random_forest,False,valid,rmse,27.52431215507087,0,0.01,random,,
condition_recombine_pseudolabel__mult_0.25__sim_0.8__teacher_ridge__seed_3,condition_recombine_pseudolabel,0.25,0.8,ridge,3,31,6,1.1935483870967742,True,0.8241998374462128,0.803680956363678,0.85,reaction_role_concat,6144,random_forest,False,valid,mae,22.60373995154266,0,0.01,random,,
condition_recombine_pseudolabel__mult_0.25__sim_0.8__teacher_ridge__seed_3,condition_recombine_pseudolabel,0.25,0.8,ridge,3,31,6,1.1935483870967742,True,0.8241998374462128,0.803680956363678,0.85,reaction_role_concat,6144,random_forest,False,valid,r2,0.012798268926010659,0,0.01,random,,
condition_recombine_pseudolabel__mult_0.25__sim_0.8__teacher_ridge__seed_3,condition_recombine_pseudolabel,0.25,0.8,ridge,3,31,6,1.1935483870967742,True,0.8241998374462128,0.803680956363678,0.85,reaction_role_concat,6144,random_forest,False,valid,spearman,0.28121190707473226,0,0.01,random,,
condition_recombine_pseudolabel__mult_0.25__sim_0.8__teacher_ridge__seed_4,condition_recombine_pseudolabel,0.25,0.8,ridge,4,31,4,1.1290322580645162,True,0.8189261943101883,0.803680956363678,0.85,reaction_role_concat,6144,random_forest,False,valid,rmse,27.218997044051395,0,0.01,random,,
condition_recombine_pseudolabel__mult_0.25__sim_0.8__teacher_ridge__seed_4,condition_recombine_pseudolabel,0.25,0.8,ridge,4,31,4,1.1290322580645162,True,0.8189261943101883,0.803680956363678,0.85,reaction_role_concat,6144,random_forest,False,valid,mae,22.41989307589622,0,0.01,random,,
condition_recombine_pseudolabel__mult_0.25__sim_0.8__teacher_ridge__seed_4,condition_recombine_pseudolabel,0.25,0.8,ridge,4,31,4,1.1290322580645162,True,0.8189261943101883,0.803680956363678,0.85,reaction_role_concat,6144,random_forest,False,valid,r2,0.034577989582234014,0,0.01,random,,
condition_recombine_pseudolabel__mult_0.25__sim_0.8__teacher_ridge__seed_4,condition_recombine_pseudolabel,0.25,0.8,ridge,4,31,4,1.1290322580645162,True,0.8189261943101883,0.803680956363678,0.85,reaction_role_concat,6144,random_forest,False,valid,spearman,0.27795989606987453,0,0.01,random,,
condition_recombine_pseudolabel__mult_0.25__sim_0.8__teacher_rf__seed_0,condition_recombine_pseudolabel,0.25,0.8,random_forest,0,31,5,1.1612903225806452,True,0.8400992965698242,0.802395224571228,0.85,reaction_role_concat,6144,random_forest,False,valid,rmse,27.272537568490655,0,0.01,random,,
condition_recombine_pseudolabel__mult_0.25__sim_0.8__teacher_rf__seed_0,condition_recombine_pseudolabel,0.25,0.8,random_forest,0,31,5,1.1612903225806452,True,0.8400992965698242,0.802395224571228,0.85,reaction_role_concat,6144,random_forest,False,valid,mae,22.365139686003513,0,0.01,random,,
condition_recombine_pseudolabel__mult_0.25__sim_0.8__teacher_rf__seed_0,condition_recombine_pseudolabel,0.25,0.8,random_forest,0,31,5,1.1612903225806452,True,0.8400992965698242,0.802395224571228,0.85,reaction_role_concat,6144,random_forest,False,valid,r2,0.03077623026632792,0,0.01,random,,
condition_recombine_pseudolabel__mult_0.25__sim_0.8__teacher_rf__seed_0,condition_recombine_pseudolabel,0.25,0.8,random_forest,0,31,5,1.1612903225806452,True,0.8400992965698242,0.802395224571228,0.85,reaction_role_concat,6144,random_forest,False,valid,spearman,0.28994462764436363,0,0.01,random,,
condition_recombine_pseudolabel__mult_0.25__sim_0.8__teacher_rf__seed_1,condition_recombine_pseudolabel,0.25,0.8,random_forest,1,31,3,1.096774193548387,True,0.823700499534607,0.8029196858406067,0.85,reaction_role_concat,6144,random_forest,False,valid,rmse,27.478429259815513,0,0.01,random,,
condition_recombine_pseudolabel__mult_0.25__sim_0.8__teacher_rf__seed_1,condition_recombine_pseudolabel,0.25,0.8,random_forest,1,31,3,1.096774193548387,True,0.823700499534607,0.8029196858406067,0.85,reaction_role_concat,6144,random_forest,False,valid,mae,22.512288823720773,0,0.01,random,,
condition_recombine_pseudolabel__mult_0.25__sim_0.8__teacher_rf__seed_1,condition_recombine_pseudolabel,0.25,0.8,random_forest,1,31,3,1.096774193548387,True,0.823700499534607,0.8029196858406067,0.85,reaction_role_concat,6144,random_forest,False,valid,r2,0.016086846641112706,0,0.01,random,,
condition_recombine_pseudolabel__mult_0.25__sim_0.8__teacher_rf__seed_1,condition_recombine_pseudolabel,0.25,0.8,random_forest,1,31,3,1.096774193548387,True,0.823700499534607,0.8029196858406067,0.85,reaction_role_concat,6144,random_forest,False,valid,spearman,0.27282269233818884,0,0.01,random,,
condition_recombine_pseudolabel__mult_0.25__sim_0.8__teacher_rf__seed_2,condition_recombine_pseudolabel,0.25,0.8,random_forest,2,31,5,1.1612903225806452,True,0.8316613936424255,0.8029196858406067,0.85,reaction_role_concat,6144,random_forest,False,valid,rmse,26.664469196451456,0,0.01,random,,
condition_recombine_pseudolabel__mult_0.25__sim_0.8__teacher_rf__seed_2,condition_recombine_pseudolabel,0.25,0.8,random_forest,2,31,5,1.1612903225806452,True,0.8316613936424255,0.8029196858406067,0.85,reaction_role_concat,6144,random_forest,False,valid,mae,21.907667828460287,0,0.01,random,,
condition_recombine_pseudolabel__mult_0.25__sim_0.8__teacher_rf__seed_2,condition_recombine_pseudolabel,0.25,0.8,random_forest,2,31,5,1.1612903225806452,True,0.8316613936424255,0.8029196858406067,0.85,reaction_role_concat,6144,random_forest,False,valid,r2,0.07351403548447999,0,0.01,random,,
condition_recombine_pseudolabel__mult_0.25__sim_0.8__teacher_rf__seed_2,condition_recombine_pseudolabel,0.25,0.8,random_forest,2,31,5,1.1612903225806452,True,0.8316613936424255,0.8029196858406067,0.85,reaction_role_concat,6144,random_forest,False,valid,spearman,0.31705802598336735,0,0.01,random,,
condition_recombine_pseudolabel__mult_0.25__sim_0.8__teacher_rf__seed_3,condition_recombine_pseudolabel,0.25,0.8,random_forest,3,31,6,1.1935483870967742,True,0.8241998374462128,0.803680956363678,0.85,reaction_role_concat,6144,random_forest,False,valid,rmse,27.072695149167675,0,0.01,random,,
condition_recombine_pseudolabel__mult_0.25__sim_0.8__teacher_rf__seed_3,condition_recombine_pseudolabel,0.25,0.8,random_forest,3,31,6,1.1935483870967742,True,0.8241998374462128,0.803680956363678,0.85,reaction_role_concat,6144,random_forest,False,valid,mae,22.08317577805549,0,0.01,random,,
condition_recombine_pseudolabel__mult_0.25__sim_0.8__teacher_rf__seed_3,condition_recombine_pseudolabel,0.25,0.8,random_forest,3,31,6,1.1935483870967742,True,0.8241998374462128,0.803680956363678,0.85,reaction_role_concat,6144,random_forest,False,valid,r2,0.04492836943386325,0,0.01,random,,
condition_recombine_pseudolabel__mult_0.25__sim_0.8__teacher_rf__seed_3,condition_recombine_pseudolabel,0.25,0.8,random_forest,3,31,6,1.1935483870967742,True,0.8241998374462128,0.803680956363678,0.85,reaction_role_concat,6144,random_forest,False,valid,spearman,0.31202842642744,0,0.01,random,,
condition_recombine_pseudolabel__mult_0.25__sim_0.8__teacher_rf__seed_4,condition_recombine_pseudolabel,0.25,0.8,random_forest,4,31,4,1.1290322580645162,True,0.8189261943101883,0.803680956363678,0.85,reaction_role_concat,6144,random_forest,False,valid,rmse,26.9125136438099,0,0.01,random,,
condition_recombine_pseudolabel__mult_0.25__sim_0.8__teacher_rf__seed_4,condition_recombine_pseudolabel,0.25,0.8,random_forest,4,31,4,1.1290322580645162,True,0.8189261943101883,0.803680956363678,0.85,reaction_role_concat,6144,random_forest,False,valid,mae,22.204289223435563,0,0.01,random,,
condition_recombine_pseudolabel__mult_0.25__sim_0.8__teacher_rf__seed_4,condition_recombine_pseudolabel,0.25,0.8,random_forest,4,31,4,1.1290322580645162,True,0.8189261943101883,0.803680956363678,0.85,reaction_role_concat,6144,random_forest,False,valid,r2,0.05619671391649794,0,0.01,random,,
condition_recombine_pseudolabel__mult_0.25__sim_0.8__teacher_rf__seed_4,condition_recombine_pseudolabel,0.25,0.8,random_forest,4,31,4,1.1290322580645162,True,0.8189261943101883,0.803680956363678,0.85,reaction_role_concat,6144,random_forest,False,valid,spearman,0.29901754361671873,0,0.01,random,,
condition_recombine_pseudolabel__mult_0.25__sim_0.85__teacher_ridge__seed_0,condition_recombine_pseudolabel,0.25,0.85,ridge,0,31,3,1.096774193548387,True,0.85,0.85,0.85,reaction_role_concat,6144,random_forest,False,valid,rmse,26.54801685964953,0,0.01,random,,
condition_recombine_pseudolabel__mult_0.25__sim_0.85__teacher_ridge__seed_0,condition_recombine_pseudolabel,0.25,0.85,ridge,0,31,3,1.096774193548387,True,0.85,0.85,0.85,reaction_role_concat,6144,random_forest,False,valid,mae,21.72943117819255,0,0.01,random,,
condition_recombine_pseudolabel__mult_0.25__sim_0.85__teacher_ridge__seed_0,condition_recombine_pseudolabel,0.25,0.85,ridge,0,31,3,1.096774193548387,True,0.85,0.85,0.85,reaction_role_concat,6144,random_forest,False,valid,r2,0.08158889018322013,0,0.01,random,,
condition_recombine_pseudolabel__mult_0.25__sim_0.85__teacher_ridge__seed_0,condition_recombine_pseudolabel,0.25,0.85,ridge,0,31,3,1.096774193548387,True,0.85,0.85,0.85,reaction_role_concat,6144,random_forest,False,valid,spearman,0.3341744277173463,0,0.01,random,,
condition_recombine_pseudolabel__mult_0.25__sim_0.85__teacher_ridge__seed_1,condition_recombine_pseudolabel,0.25,0.85,ridge,1,31,1,1.032258064516129,True,0.85,0.85,0.85,reaction_role_concat,6144,random_forest,False,valid,rmse,26.526863405432433,0,0.01,random,,
condition_recombine_pseudolabel__mult_0.25__sim_0.85__teacher_ridge__seed_1,condition_recombine_pseudolabel,0.25,0.85,ridge,1,31,1,1.032258064516129,True,0.85,0.85,0.85,reaction_role_concat,6144,random_forest,False,valid,mae,21.959615991284576,0,0.01,random,,
condition_recombine_pseudolabel__mult_0.25__sim_0.85__teacher_ridge__seed_1,condition_recombine_pseudolabel,0.25,0.85,ridge,1,31,1,1.032258064516129,True,0.85,0.85,0.85,reaction_role_concat,6144,random_forest,False,valid,r2,0.08305188664927377,0,0.01,random,,
condition_recombine_pseudolabel__mult_0.25__sim_0.85__teacher_ridge__seed_1,condition_recombine_pseudolabel,0.25,0.85,ridge,1,31,1,1.032258064516129,True,0.85,0.85,0.85,reaction_role_concat,6144,random_forest,False,valid,spearman,0.3233478436753975,0,0.01,random,,
condition_recombine_pseudolabel__mult_0.25__sim_0.85__teacher_ridge__seed_2,condition_recombine_pseudolabel,0.25,0.85,ridge,2,31,2,1.064516129032258,True,0.85,0.85,0.85,reaction_role_concat,6144,random_forest,False,valid,rmse,26.926592763147777,0,0.01,random,,
condition_recombine_pseudolabel__mult_0.25__sim_0.85__teacher_ridge__seed_2,condition_recombine_pseudolabel,0.25,0.85,ridge,2,31,2,1.064516129032258,True,0.85,0.85,0.85,reaction_role_concat,6144,random_forest,False,valid,mae,22.235439094178286,0,0.01,random,,
condition_recombine_pseudolabel__mult_0.25__sim_0.85__teacher_ridge__seed_2,condition_recombine_pseudolabel,0.25,0.85,ridge,2,31,2,1.064516129032258,True,0.85,0.85,0.85,reaction_role_concat,6144,random_forest,False,valid,r2,0.0552089656132686,0,0.01,random,,
condition_recombine_pseudolabel__mult_0.25__sim_0.85__teacher_ridge__seed_2,condition_recombine_pseudolabel,0.25,0.85,ridge,2,31,2,1.064516129032258,True,0.85,0.85,0.85,reaction_role_concat,6144,random_forest,False,valid,spearman,0.3001701575770632,0,0.01,random,,
condition_recombine_pseudolabel__mult_0.25__sim_0.85__teacher_ridge__seed_3,condition_recombine_pseudolabel,0.25,0.85,ridge,3,31,2,1.064516129032258,True,0.85,0.85,0.85,reaction_role_concat,6144,random_forest,False,valid,rmse,26.856572762570035,0,0.01,random,,
condition_recombine_pseudolabel__mult_0.25__sim_0.85__teacher_ridge__seed_3,condition_recombine_pseudolabel,0.25,0.85,ridge,3,31,2,1.064516129032258,True,0.85,0.85,0.85,reaction_role_concat,6144,random_forest,False,valid,mae,22.05278683589078,0,0.01,random,,
condition_recombine_pseudolabel__mult_0.25__sim_0.85__teacher_ridge__seed_3,condition_recombine_pseudolabel,0.25,0.85,ridge,3,31,2,1.064516129032258,True,0.85,0.85,0.85,reaction_role_concat,6144,random_forest,False,valid,r2,0.06011625228451345,0,0.01,random,,
condition_recombine_pseudolabel__mult_0.25__sim_0.85__teacher_ridge__seed_3,condition_recombine_pseudolabel,0.25,0.85,ridge,3,31,2,1.064516129032258,True,0.85,0.85,0.85,reaction_role_concat,6144,random_forest,False,valid,spearman,0.3189554867756628,0,0.01,random,,
condition_recombine_pseudolabel__mult_0.25__sim_0.85__teacher_ridge__seed_4,condition_recombine_pseudolabel,0.25,0.85,ridge,4,31,1,1.032258064516129,True,0.85,0.85,0.85,reaction_role_concat,6144,random_forest,False,valid,rmse,26.50457690012993,0,0.01,random,,
condition_recombine_pseudolabel__mult_0.25__sim_0.85__teacher_ridge__seed_4,condition_recombine_pseudolabel,0.25,0.85,ridge,4,31,1,1.032258064516129,True,0.85,0.85,0.85,reaction_role_concat,6144,random_forest,False,valid,mae,22.01704938289938,0,0.01,random,,
condition_recombine_pseudolabel__mult_0.25__sim_0.85__teacher_ridge__seed_4,condition_recombine_pseudolabel,0.25,0.85,ridge,4,31,1,1.032258064516129,True,0.85,0.85,0.85,reaction_role_concat,6144,random_forest,False,valid,r2,0.08459198464137196,0,0.01,random,,
condition_recombine_pseudolabel__mult_0.25__sim_0.85__teacher_ridge__seed_4,condition_recombine_pseudolabel,0.25,0.85,ridge,4,31,1,1.032258064516129,True,0.85,0.85,0.85,reaction_role_concat,6144,random_forest,False,valid,spearman,0.3135651324867127,0,0.01,random,,
condition_recombine_pseudolabel__mult_0.25__sim_0.85__teacher_rf__seed_0,condition_recombine_pseudolabel,0.25,0.85,random_forest,0,31,3,1.096774193548387,True,0.85,0.85,0.85,reaction_role_concat,6144,random_forest,False,valid,rmse,26.63496331716028,0,0.01,random,,
condition_recombine_pseudolabel__mult_0.25__sim_0.85__teacher_rf__seed_0,condition_recombine_pseudolabel,0.25,0.85,random_forest,0,31,3,1.096774193548387,True,0.85,0.85,0.85,reaction_role_concat,6144,random_forest,False,valid,mae,21.83368941353243,0,0.01,random,,
condition_recombine_pseudolabel__mult_0.25__sim_0.85__teacher_rf__seed_0,condition_recombine_pseudolabel,0.25,0.85,random_forest,0,31,3,1.096774193548387,True,0.85,0.85,0.85,reaction_role_concat,6144,random_forest,False,valid,r2,0.07556332871545834,0,0.01,random,,
condition_recombine_pseudolabel__mult_0.25__sim_0.85__teacher_rf__seed_0,condition_recombine_pseudolabel,0.25,0.85,random_forest,0,31,3,1.096774193548387,True,0.85,0.85,0.85,reaction_role_concat,6144,random_forest,False,valid,spearman,0.332254069742354,0,0.01,random,,
condition_recombine_pseudolabel__mult_0.25__sim_0.85__teacher_rf__seed_1,condition_recombine_pseudolabel,0.25,0.85,random_forest,1,31,1,1.032258064516129,True,0.85,0.85,0.85,reaction_role_concat,6144,random_forest,False,valid,rmse,26.5774670486503,0,0.01,random,,
condition_recombine_pseudolabel__mult_0.25__sim_0.85__teacher_rf__seed_1,condition_recombine_pseudolabel,0.25,0.85,random_forest,1,31,1,1.032258064516129,True,0.85,0.85,0.85,reaction_role_concat,6144,random_forest,False,valid,mae,22.037910694341114,0,0.01,random,,
condition_recombine_pseudolabel__mult_0.25__sim_0.85__teacher_rf__seed_1,condition_recombine_pseudolabel,0.25,0.85,random_forest,1,31,1,1.032258064516129,True,0.85,0.85,0.85,reaction_role_concat,6144,random_forest,False,valid,r2,0.07955014032263907,0,0.01,random,,
condition_recombine_pseudolabel__mult_0.25__sim_0.85__teacher_rf__seed_1,condition_recombine_pseudolabel,0.25,0.85,random_forest,1,31,1,1.032258064516129,True,0.85,0.85,0.85,reaction_role_concat,6144,random_forest,False,valid,spearman,0.3133038032191367,0,0.01,random,,
condition_recombine_pseudolabel__mult_0.25__sim_0.85__teacher_rf__seed_2,condition_recombine_pseudolabel,0.25,0.85,random_forest,2,31,2,1.064516129032258,True,0.85,0.85,0.85,reaction_role_concat,6144,random_forest,False,valid,rmse,26.402942041713416,0,0.01,random,,
condition_recombine_pseudolabel__mult_0.25__sim_0.85__teacher_rf__seed_2,condition_recombine_pseudolabel,0.25,0.85,random_forest,2,31,2,1.064516129032258,True,0.85,0.85,0.85,reaction_role_concat,6144,random_forest,False,valid,mae,21.67944043374816,0,0.01,random,,
condition_recombine_pseudolabel__mult_0.25__sim_0.85__teacher_rf__seed_2,condition_recombine_pseudolabel,0.25,0.85,random_forest,2,31,2,1.064516129032258,True,0.85,0.85,0.85,reaction_role_concat,6144,random_forest,False,valid,r2,0.0915989995528228,0,0.01,random,,
condition_recombine_pseudolabel__mult_0.25__sim_0.85__teacher_rf__seed_2,condition_recombine_pseudolabel,0.25,0.85,random_forest,2,31,2,1.064516129032258,True,0.85,0.85,0.85,reaction_role_concat,6144,random_forest,False,valid,spearman,0.3422745477236694,0,0.01,random,,
condition_recombine_pseudolabel__mult_0.25__sim_0.85__teacher_rf__seed_3,condition_recombine_pseudolabel,0.25,0.85,random_forest,3,31,2,1.064516129032258,True,0.85,0.85,0.85,reaction_role_concat,6144,random_forest,False,valid,rmse,26.945417648170032,0,0.01,random,,
condition_recombine_pseudolabel__mult_0.25__sim_0.85__teacher_rf__seed_3,condition_recombine_pseudolabel,0.25,0.85,random_forest,3,31,2,1.064516129032258,True,0.85,0.85,0.85,reaction_role_concat,6144,random_forest,False,valid,mae,22.205566224946253,0,0.01,random,,
condition_recombine_pseudolabel__mult_0.25__sim_0.85__teacher_rf__seed_3,condition_recombine_pseudolabel,0.25,0.85,random_forest,3,31,2,1.064516129032258,True,0.85,0.85,0.85,reaction_role_concat,6144,random_forest,False,valid,r2,0.05388746163645719,0,0.01,random,,
condition_recombine_pseudolabel__mult_0.25__sim_0.85__teacher_rf__seed_3,condition_recombine_pseudolabel,0.25,0.85,random_forest,3,31,2,1.064516129032258,True,0.85,0.85,0.85,reaction_role_concat,6144,random_forest,False,valid,spearman,0.3146106442882146,0,0.01,random,,
condition_recombine_pseudolabel__mult_0.25__sim_0.85__teacher_rf__seed_4,condition_recombine_pseudolabel,0.25,0.85,random_forest,4,31,1,1.032258064516129,True,0.85,0.85,0.85,reaction_role_concat,6144,random_forest,False,valid,rmse,26.435520362170344,0,0.01,random,,
condition_recombine_pseudolabel__mult_0.25__sim_0.85__teacher_rf__seed_4,condition_recombine_pseudolabel,0.25,0.85,random_forest,4,31,1,1.032258064516129,True,0.85,0.85,0.85,reaction_role_concat,6144,random_forest,False,valid,mae,21.897513038437577,0,0.01,random,,
condition_recombine_pseudolabel__mult_0.25__sim_0.85__teacher_rf__seed_4,condition_recombine_pseudolabel,0.25,0.85,random_forest,4,31,1,1.032258064516129,True,0.85,0.85,0.85,reaction_role_concat,6144,random_forest,False,valid,r2,0.08935588309809706,0,0.01,random,,
condition_recombine_pseudolabel__mult_0.25__sim_0.85__teacher_rf__seed_4,condition_recombine_pseudolabel,0.25,0.85,random_forest,4,31,1,1.032258064516129,True,0.85,0.85,0.85,reaction_role_concat,6144,random_forest,False,valid,spearman,0.32130745018384677,0,0.01,random,,
condition_recombine_pseudolabel__mult_0.25__sim_0.9__teacher_ridge__seed_0,condition_recombine_pseudolabel,0.25,0.9,ridge,0,31,1,1.032258064516129,True,0.85,0.85,0.85,reaction_role_concat,6144,random_forest,False,valid,rmse,26.45850785818603,0,0.01,random,,
condition_recombine_pseudolabel__mult_0.25__sim_0.9__teacher_ridge__seed_0,condition_recombine_pseudolabel,0.25,0.9,ridge,0,31,1,1.032258064516129,True,0.85,0.85,0.85,reaction_role_concat,6144,random_forest,False,valid,mae,21.960951978010467,0,0.01,random,,
condition_recombine_pseudolabel__mult_0.25__sim_0.9__teacher_ridge__seed_0,condition_recombine_pseudolabel,0.25,0.9,ridge,0,31,1,1.032258064516129,True,0.85,0.85,0.85,reaction_role_concat,6144,random_forest,False,valid,r2,0.08777145962188315,0,0.01,random,,
condition_recombine_pseudolabel__mult_0.25__sim_0.9__teacher_ridge__seed_0,condition_recombine_pseudolabel,0.25,0.9,ridge,0,31,1,1.032258064516129,True,0.85,0.85,0.85,reaction_role_concat,6144,random_forest,False,valid,spearman,0.31750064999618427,0,0.01,random,,
condition_recombine_pseudolabel__mult_0.25__sim_0.9__teacher_ridge__seed_1,condition_recombine_pseudolabel,0.25,0.9,ridge,1,31,1,1.032258064516129,True,0.85,0.85,0.85,reaction_role_concat,6144,random_forest,False,valid,rmse,26.526863405432433,0,0.01,random,,
condition_recombine_pseudolabel__mult_0.25__sim_0.9__teacher_ridge__seed_1,condition_recombine_pseudolabel,0.25,0.9,ridge,1,31,1,1.032258064516129,True,0.85,0.85,0.85,reaction_role_concat,6144,random_forest,False,valid,mae,21.959615991284576,0,0.01,random,,
condition_recombine_pseudolabel__mult_0.25__sim_0.9__teacher_ridge__seed_1,condition_recombine_pseudolabel,0.25,0.9,ridge,1,31,1,1.032258064516129,True,0.85,0.85,0.85,reaction_role_concat,6144,random_forest,False,valid,r2,0.08305188664927377,0,0.01,random,,
condition_recombine_pseudolabel__mult_0.25__sim_0.9__teacher_ridge__seed_1,condition_recombine_pseudolabel,0.25,0.9,ridge,1,31,1,1.032258064516129,True,0.85,0.85,0.85,reaction_role_concat,6144,random_forest,False,valid,spearman,0.3233478436753975,0,0.01,random,,
condition_recombine_pseudolabel__mult_0.25__sim_0.9__teacher_ridge__seed_2,condition_recombine_pseudolabel,0.25,0.9,ridge,2,31,0,1.0,True,,,,reaction_role_concat,6144,random_forest,False,valid,rmse,26.60717642441269,0,0.01,random,,
condition_recombine_pseudolabel__mult_0.25__sim_0.9__teacher_ridge__seed_2,condition_recombine_pseudolabel,0.25,0.9,ridge,2,31,0,1.0,True,,,,reaction_role_concat,6144,random_forest,False,valid,mae,22.122964368931857,0,0.01,random,,
condition_recombine_pseudolabel__mult_0.25__sim_0.9__teacher_ridge__seed_2,condition_recombine_pseudolabel,0.25,0.9,ridge,2,31,0,1.0,True,,,,reaction_role_concat,6144,random_forest,False,valid,r2,0.07749115743063129,0,0.01,random,,
condition_recombine_pseudolabel__mult_0.25__sim_0.9__teacher_ridge__seed_2,condition_recombine_pseudolabel,0.25,0.9,ridge,2,31,0,1.0,True,,,,reaction_role_concat,6144,random_forest,False,valid,spearman,0.30969971820848363,0,0.01,random,,
condition_recombine_pseudolabel__mult_0.25__sim_0.9__teacher_ridge__seed_3,condition_recombine_pseudolabel,0.25,0.9,ridge,3,31,0,1.0,True,,,,reaction_role_concat,6144,random_forest,False,valid,rmse,26.60717642441269,0,0.01,random,,
condition_recombine_pseudolabel__mult_0.25__sim_0.9__teacher_ridge__seed_3,condition_recombine_pseudolabel,0.25,0.9,ridge,3,31,0,1.0,True,,,,reaction_role_concat,6144,random_forest,False,valid,mae,22.122964368931857,0,0.01,random,,
condition_recombine_pseudolabel__mult_0.25__sim_0.9__teacher_ridge__seed_3,condition_recombine_pseudolabel,0.25,0.9,ridge,3,31,0,1.0,True,,,,reaction_role_concat,6144,random_forest,False,valid,r2,0.07749115743063129,0,0.01,random,,
condition_recombine_pseudolabel__mult_0.25__sim_0.9__teacher_ridge__seed_3,condition_recombine_pseudolabel,0.25,0.9,ridge,3,31,0,1.0,True,,,,reaction_role_concat,6144,random_forest,False,valid,spearman,0.30969971820848363,0,0.01,random,,
condition_recombine_pseudolabel__mult_0.25__sim_0.9__teacher_ridge__seed_4,condition_recombine_pseudolabel,0.25,0.9,ridge,4,31,1,1.032258064516129,True,0.85,0.85,0.85,reaction_role_concat,6144,random_forest,False,valid,rmse,26.50457690012993,0,0.01,random,,
condition_recombine_pseudolabel__mult_0.25__sim_0.9__teacher_ridge__seed_4,condition_recombine_pseudolabel,0.25,0.9,ridge,4,31,1,1.032258064516129,True,0.85,0.85,0.85,reaction_role_concat,6144,random_forest,False,valid,mae,22.01704938289938,0,0.01,random,,
condition_recombine_pseudolabel__mult_0.25__sim_0.9__teacher_ridge__seed_4,condition_recombine_pseudolabel,0.25,0.9,ridge,4,31,1,1.032258064516129,True,0.85,0.85,0.85,reaction_role_concat,6144,random_forest,False,valid,r2,0.08459198464137196,0,0.01,random,,
condition_recombine_pseudolabel__mult_0.25__sim_0.9__teacher_ridge__seed_4,condition_recombine_pseudolabel,0.25,0.9,ridge,4,31,1,1.032258064516129,True,0.85,0.85,0.85,reaction_role_concat,6144,random_forest,False,valid,spearman,0.3135651324867127,0,0.01,random,,
condition_recombine_pseudolabel__mult_0.25__sim_0.9__teacher_rf__seed_0,condition_recombine_pseudolabel,0.25,0.9,random_forest,0,31,1,1.032258064516129,True,0.85,0.85,0.85,reaction_role_concat,6144,random_forest,False,valid,rmse,26.484299506343596,0,0.01,random,,
condition_recombine_pseudolabel__mult_0.25__sim_0.9__teacher_rf__seed_0,condition_recombine_pseudolabel,0.25,0.9,random_forest,0,31,1,1.032258064516129,True,0.85,0.85,0.85,reaction_role_concat,6144,random_forest,False,valid,mae,21.954206813093982,0,0.01,random,,
condition_recombine_pseudolabel__mult_0.25__sim_0.9__teacher_rf__seed_0,condition_recombine_pseudolabel,0.25,0.9,random_forest,0,31,1,1.032258064516129,True,0.85,0.85,0.85,reaction_role_concat,6144,random_forest,False,valid,r2,0.08599211929629935,0,0.01,random,,
condition_recombine_pseudolabel__mult_0.25__sim_0.9__teacher_rf__seed_0,condition_recombine_pseudolabel,0.25,0.9,random_forest,0,31,1,1.032258064516129,True,0.85,0.85,0.85,reaction_role_concat,6144,random_forest,False,valid,spearman,0.31978251017312564,0,0.01,random,,
condition_recombine_pseudolabel__mult_0.25__sim_0.9__teacher_rf__seed_1,condition_recombine_pseudolabel,0.25,0.9,random_forest,1,31,1,1.032258064516129,True,0.85,0.85,0.85,reaction_role_concat,6144,random_forest,False,valid,rmse,26.5774670486503,0,0.01,random,,
condition_recombine_pseudolabel__mult_0.25__sim_0.9__teacher_rf__seed_1,condition_recombine_pseudolabel,0.25,0.9,random_forest,1,31,1,1.032258064516129,True,0.85,0.85,0.85,reaction_role_concat,6144,random_forest,False,valid,mae,22.037910694341114,0,0.01,random,,
condition_recombine_pseudolabel__mult_0.25__sim_0.9__teacher_rf__seed_1,condition_recombine_pseudolabel,0.25,0.9,random_forest,1,31,1,1.032258064516129,True,0.85,0.85,0.85,reaction_role_concat,6144,random_forest,False,valid,r2,0.07955014032263907,0,0.01,random,,
condition_recombine_pseudolabel__mult_0.25__sim_0.9__teacher_rf__seed_1,condition_recombine_pseudolabel,0.25,0.9,random_forest,1,31,1,1.032258064516129,True,0.85,0.85,0.85,reaction_role_concat,6144,random_forest,False,valid,spearman,0.3133038032191367,0,0.01,random,,
condition_recombine_pseudolabel__mult_0.25__sim_0.9__teacher_rf__seed_2,condition_recombine_pseudolabel,0.25,0.9,random_forest,2,31,0,1.0,True,,,,reaction_role_concat,6144,random_forest,False,valid,rmse,26.60717642441269,0,0.01,random,,
condition_recombine_pseudolabel__mult_0.25__sim_0.9__teacher_rf__seed_2,condition_recombine_pseudolabel,0.25,0.9,random_forest,2,31,0,1.0,True,,,,reaction_role_concat,6144,random_forest,False,valid,mae,22.122964368931857,0,0.01,random,,
condition_recombine_pseudolabel__mult_0.25__sim_0.9__teacher_rf__seed_2,condition_recombine_pseudolabel,0.25,0.9,random_forest,2,31,0,1.0,True,,,,reaction_role_concat,6144,random_forest,False,valid,r2,0.07749115743063129,0,0.01,random,,
condition_recombine_pseudolabel__mult_0.25__sim_0.9__teacher_rf__seed_2,condition_recombine_pseudolabel,0.25,0.9,random_forest,2,31,0,1.0,True,,,,reaction_role_concat,6144,random_forest,False,valid,spearman,0.30969971820848363,0,0.01,random,,
condition_recombine_pseudolabel__mult_0.25__sim_0.9__teacher_rf__seed_3,condition_recombine_pseudolabel,0.25,0.9,random_forest,3,31,0,1.0,True,,,,reaction_role_concat,6144,random_forest,False,valid,rmse,26.60717642441269,0,0.01,random,,
condition_recombine_pseudolabel__mult_0.25__sim_0.9__teacher_rf__seed_3,condition_recombine_pseudolabel,0.25,0.9,random_forest,3,31,0,1.0,True,,,,reaction_role_concat,6144,random_forest,False,valid,mae,22.122964368931857,0,0.01,random,,
condition_recombine_pseudolabel__mult_0.25__sim_0.9__teacher_rf__seed_3,condition_recombine_pseudolabel,0.25,0.9,random_forest,3,31,0,1.0,True,,,,reaction_role_concat,6144,random_forest,False,valid,r2,0.07749115743063129,0,0.01,random,,
condition_recombine_pseudolabel__mult_0.25__sim_0.9__teacher_rf__seed_3,condition_recombine_pseudolabel,0.25,0.9,random_forest,3,31,0,1.0,True,,,,reaction_role_concat,6144,random_forest,False,valid,spearman,0.30969971820848363,0,0.01,random,,
condition_recombine_pseudolabel__mult_0.25__sim_0.9__teacher_rf__seed_4,condition_recombine_pseudolabel,0.25,0.9,random_forest,4,31,1,1.032258064516129,True,0.85,0.85,0.85,reaction_role_concat,6144,random_forest,False,valid,rmse,26.435520362170344,0,0.01,random,,
condition_recombine_pseudolabel__mult_0.25__sim_0.9__teacher_rf__seed_4,condition_recombine_pseudolabel,0.25,0.9,random_forest,4,31,1,1.032258064516129,True,0.85,0.85,0.85,reaction_role_concat,6144,random_forest,False,valid,mae,21.897513038437577,0,0.01,random,,
condition_recombine_pseudolabel__mult_0.25__sim_0.9__teacher_rf__seed_4,condition_recombine_pseudolabel,0.25,0.9,random_forest,4,31,1,1.032258064516129,True,0.85,0.85,0.85,reaction_role_concat,6144,random_forest,False,valid,r2,0.08935588309809706,0,0.01,random,,
condition_recombine_pseudolabel__mult_0.25__sim_0.9__teacher_rf__seed_4,condition_recombine_pseudolabel,0.25,0.9,random_forest,4,31,1,1.032258064516129,True,0.85,0.85,0.85,reaction_role_concat,6144,random_forest,False,valid,spearman,0.32130745018384677,0,0.01,random,,
condition_recombine_pseudolabel__mult_0.25__sim_0.95__teacher_ridge__seed_0,condition_recombine_pseudolabel,0.25,0.95,ridge,0,31,0,1.0,True,,,,reaction_role_concat,6144,random_forest,False,valid,rmse,26.60717642441269,0,0.01,random,,
condition_recombine_pseudolabel__mult_0.25__sim_0.95__teacher_ridge__seed_0,condition_recombine_pseudolabel,0.25,0.95,ridge,0,31,0,1.0,True,,,,reaction_role_concat,6144,random_forest,False,valid,mae,22.122964368931857,0,0.01,random,,
condition_recombine_pseudolabel__mult_0.25__sim_0.95__teacher_ridge__seed_0,condition_recombine_pseudolabel,0.25,0.95,ridge,0,31,0,1.0,True,,,,reaction_role_concat,6144,random_forest,False,valid,r2,0.07749115743063129,0,0.01,random,,
condition_recombine_pseudolabel__mult_0.25__sim_0.95__teacher_ridge__seed_0,condition_recombine_pseudolabel,0.25,0.95,ridge,0,31,0,1.0,True,,,,reaction_role_concat,6144,random_forest,False,valid,spearman,0.30969971820848363,0,0.01,random,,
condition_recombine_pseudolabel__mult_0.25__sim_0.95__teacher_ridge__seed_1,condition_recombine_pseudolabel,0.25,0.95,ridge,1,31,0,1.0,True,,,,reaction_role_concat,6144,random_forest,False,valid,rmse,26.60717642441269,0,0.01,random,,
condition_recombine_pseudolabel__mult_0.25__sim_0.95__teacher_ridge__seed_1,condition_recombine_pseudolabel,0.25,0.95,ridge,1,31,0,1.0,True,,,,reaction_role_concat,6144,random_forest,False,valid,mae,22.122964368931857,0,0.01,random,,
condition_recombine_pseudolabel__mult_0.25__sim_0.95__teacher_ridge__seed_1,condition_recombine_pseudolabel,0.25,0.95,ridge,1,31,0,1.0,True,,,,reaction_role_concat,6144,random_forest,False,valid,r2,0.07749115743063129,0,0.01,random,,
condition_recombine_pseudolabel__mult_0.25__sim_0.95__teacher_ridge__seed_1,condition_recombine_pseudolabel,0.25,0.95,ridge,1,31,0,1.0,True,,,,reaction_role_concat,6144,random_forest,False,valid,spearman,0.30969971820848363,0,0.01,random,,
condition_recombine_pseudolabel__mult_0.25__sim_0.95__teacher_ridge__seed_2,condition_recombine_pseudolabel,0.25,0.95,ridge,2,31,0,1.0,True,,,,reaction_role_concat,6144,random_forest,False,valid,rmse,26.60717642441269,0,0.01,random,,
condition_recombine_pseudolabel__mult_0.25__sim_0.95__teacher_ridge__seed_2,condition_recombine_pseudolabel,0.25,0.95,ridge,2,31,0,1.0,True,,,,reaction_role_concat,6144,random_forest,False,valid,mae,22.122964368931857,0,0.01,random,,
condition_recombine_pseudolabel__mult_0.25__sim_0.95__teacher_ridge__seed_2,condition_recombine_pseudolabel,0.25,0.95,ridge,2,31,0,1.0,True,,,,reaction_role_concat,6144,random_forest,False,valid,r2,0.07749115743063129,0,0.01,random,,
condition_recombine_pseudolabel__mult_0.25__sim_0.95__teacher_ridge__seed_2,condition_recombine_pseudolabel,0.25,0.95,ridge,2,31,0,1.0,True,,,,reaction_role_concat,6144,random_forest,False,valid,spearman,0.30969971820848363,0,0.01,random,,
condition_recombine_pseudolabel__mult_0.25__sim_0.95__teacher_ridge__seed_3,condition_recombine_pseudolabel,0.25,0.95,ridge,3,31,0,1.0,True,,,,reaction_role_concat,6144,random_forest,False,valid,rmse,26.60717642441269,0,0.01,random,,
condition_recombine_pseudolabel__mult_0.25__sim_0.95__teacher_ridge__seed_3,condition_recombine_pseudolabel,0.25,0.95,ridge,3,31,0,1.0,True,,,,reaction_role_concat,6144,random_forest,False,valid,mae,22.122964368931857,0,0.01,random,,
condition_recombine_pseudolabel__mult_0.25__sim_0.95__teacher_ridge__seed_3,condition_recombine_pseudolabel,0.25,0.95,ridge,3,31,0,1.0,True,,,,reaction_role_concat,6144,random_forest,False,valid,r2,0.07749115743063129,0,0.01,random,,
condition_recombine_pseudolabel__mult_0.25__sim_0.95__teacher_ridge__seed_3,condition_recombine_pseudolabel,0.25,0.95,ridge,3,31,0,1.0,True,,,,reaction_role_concat,6144,random_forest,False,valid,spearman,0.30969971820848363,0,0.01,random,,
condition_recombine_pseudolabel__mult_0.25__sim_0.95__teacher_ridge__seed_4,condition_recombine_pseudolabel,0.25,0.95,ridge,4,31,0,1.0,True,,,,reaction_role_concat,6144,random_forest,False,valid,rmse,26.60717642441269,0,0.01,random,,
condition_recombine_pseudolabel__mult_0.25__sim_0.95__teacher_ridge__seed_4,condition_recombine_pseudolabel,0.25,0.95,ridge,4,31,0,1.0,True,,,,reaction_role_concat,6144,random_forest,False,valid,mae,22.122964368931857,0,0.01,random,,
condition_recombine_pseudolabel__mult_0.25__sim_0.95__teacher_ridge__seed_4,condition_recombine_pseudolabel,0.25,0.95,ridge,4,31,0,1.0,True,,,,reaction_role_concat,6144,random_forest,False,valid,r2,0.07749115743063129,0,0.01,random,,
condition_recombine_pseudolabel__mult_0.25__sim_0.95__teacher_ridge__seed_4,condition_recombine_pseudolabel,0.25,0.95,ridge,4,31,0,1.0,True,,,,reaction_role_concat,6144,random_forest,False,valid,spearman,0.30969971820848363,0,0.01,random,,
condition_recombine_pseudolabel__mult_0.25__sim_0.95__teacher_rf__seed_0,condition_recombine_pseudolabel,0.25,0.95,random_forest,0,31,0,1.0,True,,,,reaction_role_concat,6144,random_forest,False,valid,rmse,26.60717642441269,0,0.01,random,,
condition_recombine_pseudolabel__mult_0.25__sim_0.95__teacher_rf__seed_0,condition_recombine_pseudolabel,0.25,0.95,random_forest,0,31,0,1.0,True,,,,reaction_role_concat,6144,random_forest,False,valid,mae,22.122964368931857,0,0.01,random,,
condition_recombine_pseudolabel__mult_0.25__sim_0.95__teacher_rf__seed_0,condition_recombine_pseudolabel,0.25,0.95,random_forest,0,31,0,1.0,True,,,,reaction_role_concat,6144,random_forest,False,valid,r2,0.07749115743063129,0,0.01,random,,
condition_recombine_pseudolabel__mult_0.25__sim_0.95__teacher_rf__seed_0,condition_recombine_pseudolabel,0.25,0.95,random_forest,0,31,0,1.0,True,,,,reaction_role_concat,6144,random_forest,False,valid,spearman,0.30969971820848363,0,0.01,random,,
condition_recombine_pseudolabel__mult_0.25__sim_0.95__teacher_rf__seed_1,condition_recombine_pseudolabel,0.25,0.95,random_forest,1,31,0,1.0,True,,,,reaction_role_concat,6144,random_forest,False,valid,rmse,26.60717642441269,0,0.01,random,,
condition_recombine_pseudolabel__mult_0.25__sim_0.95__teacher_rf__seed_1,condition_recombine_pseudolabel,0.25,0.95,random_forest,1,31,0,1.0,True,,,,reaction_role_concat,6144,random_forest,False,valid,mae,22.122964368931857,0,0.01,random,,
condition_recombine_pseudolabel__mult_0.25__sim_0.95__teacher_rf__seed_1,condition_recombine_pseudolabel,0.25,0.95,random_forest,1,31,0,1.0,True,,,,reaction_role_concat,6144,random_forest,False,valid,r2,0.07749115743063129,0,0.01,random,,
condition_recombine_pseudolabel__mult_0.25__sim_0.95__teacher_rf__seed_1,condition_recombine_pseudolabel,0.25,0.95,random_forest,1,31,0,1.0,True,,,,reaction_role_concat,6144,random_forest,False,valid,spearman,0.30969971820848363,0,0.01,random,,
condition_recombine_pseudolabel__mult_0.25__sim_0.95__teacher_rf__seed_2,condition_recombine_pseudolabel,0.25,0.95,random_forest,2,31,0,1.0,True,,,,reaction_role_concat,6144,random_forest,False,valid,rmse,26.60717642441269,0,0.01,random,,
condition_recombine_pseudolabel__mult_0.25__sim_0.95__teacher_rf__seed_2,condition_recombine_pseudolabel,0.25,0.95,random_forest,2,31,0,1.0,True,,,,reaction_role_concat,6144,random_forest,False,valid,mae,22.122964368931857,0,0.01,random,,
condition_recombine_pseudolabel__mult_0.25__sim_0.95__teacher_rf__seed_2,condition_recombine_pseudolabel,0.25,0.95,random_forest,2,31,0,1.0,True,,,,reaction_role_concat,6144,random_forest,False,valid,r2,0.07749115743063129,0,0.01,random,,
condition_recombine_pseudolabel__mult_0.25__sim_0.95__teacher_rf__seed_2,condition_recombine_pseudolabel,0.25,0.95,random_forest,2,31,0,1.0,True,,,,reaction_role_concat,6144,random_forest,False,valid,spearman,0.30969971820848363,0,0.01,random,,
condition_recombine_pseudolabel__mult_0.25__sim_0.95__teacher_rf__seed_3,condition_recombine_pseudolabel,0.25,0.95,random_forest,3,31,0,1.0,True,,,,reaction_role_concat,6144,random_forest,False,valid,rmse,26.60717642441269,0,0.01,random,,
condition_recombine_pseudolabel__mult_0.25__sim_0.95__teacher_rf__seed_3,condition_recombine_pseudolabel,0.25,0.95,random_forest,3,31,0,1.0,True,,,,reaction_role_concat,6144,random_forest,False,valid,mae,22.122964368931857,0,0.01,random,,
condition_recombine_pseudolabel__mult_0.25__sim_0.95__teacher_rf__seed_3,condition_recombine_pseudolabel,0.25,0.95,random_forest,3,31,0,1.0,True,,,,reaction_role_concat,6144,random_forest,False,valid,r2,0.07749115743063129,0,0.01,random,,
condition_recombine_pseudolabel__mult_0.25__sim_0.95__teacher_rf__seed_3,condition_recombine_pseudolabel,0.25,0.95,random_forest,3,31,0,1.0,True,,,,reaction_role_concat,6144,random_forest,False,valid,spearman,0.30969971820848363,0,0.01,random,,
condition_recombine_pseudolabel__mult_0.25__sim_0.95__teacher_rf__seed_4,condition_recombine_pseudolabel,0.25,0.95,random_forest,4,31,0,1.0,True,,,,reaction_role_concat,6144,random_forest,False,valid,rmse,26.60717642441269,0,0.01,random,,
condition_recombine_pseudolabel__mult_0.25__sim_0.95__teacher_rf__seed_4,condition_recombine_pseudolabel,0.25,0.95,random_forest,4,31,0,1.0,True,,,,reaction_role_concat,6144,random_forest,False,valid,mae,22.122964368931857,0,0.01,random,,
condition_recombine_pseudolabel__mult_0.25__sim_0.95__teacher_rf__seed_4,condition_recombine_pseudolabel,0.25,0.95,random_forest,4,31,0,1.0,True,,,,reaction_role_concat,6144,random_forest,False,valid,r2,0.07749115743063129,0,0.01,random,,
condition_recombine_pseudolabel__mult_0.25__sim_0.95__teacher_rf__seed_4,condition_recombine_pseudolabel,0.25,0.95,random_forest,4,31,0,1.0,True,,,,reaction_role_concat,6144,random_forest,False,valid,spearman,0.30969971820848363,0,0.01,random,,
condition_recombine_pseudolabel__mult_0.5__sim_0.7__teacher_ridge__seed_0,condition_recombine_pseudolabel,0.5,0.7,ridge,0,31,15,1.4838709677419355,True,0.8045586069424947,0.7364864945411682,0.85,reaction_role_concat,6144,random_forest,False,valid,rmse,26.669606935095672,0,0.01,random,,
condition_recombine_pseudolabel__mult_0.5__sim_0.7__teacher_ridge__seed_0,condition_recombine_pseudolabel,0.5,0.7,ridge,0,31,15,1.4838709677419355,True,0.8045586069424947,0.7364864945411682,0.85,reaction_role_concat,6144,random_forest,False,valid,mae,21.73119580751582,0,0.01,random,,
condition_recombine_pseudolabel__mult_0.5__sim_0.7__teacher_ridge__seed_0,condition_recombine_pseudolabel,0.5,0.7,ridge,0,31,15,1.4838709677419355,True,0.8045586069424947,0.7364864945411682,0.85,reaction_role_concat,6144,random_forest,False,valid,r2,0.0731569684607023,0,0.01,random,,
condition_recombine_pseudolabel__mult_0.5__sim_0.7__teacher_ridge__seed_0,condition_recombine_pseudolabel,0.5,0.7,ridge,0,31,15,1.4838709677419355,True,0.8045586069424947,0.7364864945411682,0.85,reaction_role_concat,6144,random_forest,False,valid,spearman,0.3239117852245034,0,0.01,random,,
condition_recombine_pseudolabel__mult_0.5__sim_0.7__teacher_ridge__seed_1,condition_recombine_pseudolabel,0.5,0.7,ridge,1,31,15,1.4838709677419355,True,0.7955648454030354,0.7484662532806396,0.85,reaction_role_concat,6144,random_forest,False,valid,rmse,28.43506156591953,0,0.01,random,,
condition_recombine_pseudolabel__mult_0.5__sim_0.7__teacher_ridge__seed_1,condition_recombine_pseudolabel,0.5,0.7,ridge,1,31,15,1.4838709677419355,True,0.7955648454030354,0.7484662532806396,0.85,reaction_role_concat,6144,random_forest,False,valid,mae,23.470953716253934,0,0.01,random,,
condition_recombine_pseudolabel__mult_0.5__sim_0.7__teacher_ridge__seed_1,condition_recombine_pseudolabel,0.5,0.7,ridge,1,31,15,1.4838709677419355,True,0.7955648454030354,0.7484662532806396,0.85,reaction_role_concat,6144,random_forest,False,valid,r2,-0.05361344728862627,0,0.01,random,,
condition_recombine_pseudolabel__mult_0.5__sim_0.7__teacher_ridge__seed_1,condition_recombine_pseudolabel,0.5,0.7,ridge,1,31,15,1.4838709677419355,True,0.7955648454030354,0.7484662532806396,0.85,reaction_role_concat,6144,random_forest,False,valid,spearman,0.2134458396694345,0,0.01,random,,
condition_recombine_pseudolabel__mult_0.5__sim_0.7__teacher_ridge__seed_2,condition_recombine_pseudolabel,0.5,0.7,ridge,2,31,15,1.4838709677419355,True,0.8059811941782633,0.7324841022491455,0.85,reaction_role_concat,6144,random_forest,False,valid,rmse,27.503730443774312,0,0.01,random,,
condition_recombine_pseudolabel__mult_0.5__sim_0.7__teacher_ridge__seed_2,condition_recombine_pseudolabel,0.5,0.7,ridge,2,31,15,1.4838709677419355,True,0.8059811941782633,0.7324841022491455,0.85,reaction_role_concat,6144,random_forest,False,valid,mae,22.64109604602675,0,0.01,random,,
condition_recombine_pseudolabel__mult_0.5__sim_0.7__teacher_ridge__seed_2,condition_recombine_pseudolabel,0.5,0.7,ridge,2,31,15,1.4838709677419355,True,0.8059811941782633,0.7324841022491455,0.85,reaction_role_concat,6144,random_forest,False,valid,r2,0.01427410630578052,0,0.01,random,,
condition_recombine_pseudolabel__mult_0.5__sim_0.7__teacher_ridge__seed_2,condition_recombine_pseudolabel,0.5,0.7,ridge,2,31,15,1.4838709677419355,True,0.8059811941782633,0.7324841022491455,0.85,reaction_role_concat,6144,random_forest,False,valid,spearman,0.2753399825333862,0,0.01,random,,
condition_recombine_pseudolabel__mult_0.5__sim_0.7__teacher_ridge__seed_3,condition_recombine_pseudolabel,0.5,0.7,ridge,3,31,15,1.4838709677419355,True,0.8228845818837484,0.7385621070861816,0.85,reaction_role_concat,6144,random_forest,False,valid,rmse,26.380452699200468,0,0.01,random,,
condition_recombine_pseudolabel__mult_0.5__sim_0.7__teacher_ridge__seed_3,condition_recombine_pseudolabel,0.5,0.7,ridge,3,31,15,1.4838709677419355,True,0.8228845818837484,0.7385621070861816,0.85,reaction_role_concat,6144,random_forest,False,valid,mae,21.533016807566714,0,0.01,random,,
condition_recombine_pseudolabel__mult_0.5__sim_0.7__teacher_ridge__seed_3,condition_recombine_pseudolabel,0.5,0.7,ridge,3,31,15,1.4838709677419355,True,0.8228845818837484,0.7385621070861816,0.85,reaction_role_concat,6144,random_forest,False,valid,r2,0.09314584540158477,0,0.01,random,,
condition_recombine_pseudolabel__mult_0.5__sim_0.7__teacher_ridge__seed_3,condition_recombine_pseudolabel,0.5,0.7,ridge,3,31,15,1.4838709677419355,True,0.8228845818837484,0.7385621070861816,0.85,reaction_role_concat,6144,random_forest,False,valid,spearman,0.35631077246798937,0,0.01,random,,
condition_recombine_pseudolabel__mult_0.5__sim_0.7__teacher_ridge__seed_4,condition_recombine_pseudolabel,0.5,0.7,ridge,4,31,15,1.4838709677419355,True,0.8065337053934732,0.7368420958518982,0.85,reaction_role_concat,6144,random_forest,False,valid,rmse,25.769996657124025,0,0.01,random,,
condition_recombine_pseudolabel__mult_0.5__sim_0.7__teacher_ridge__seed_4,condition_recombine_pseudolabel,0.5,0.7,ridge,4,31,15,1.4838709677419355,True,0.8065337053934732,0.7368420958518982,0.85,reaction_role_concat,6144,random_forest,False,valid,mae,20.89341368705864,0,0.01,random,,
condition_recombine_pseudolabel__mult_0.5__sim_0.7__teacher_ridge__seed_4,condition_recombine_pseudolabel,0.5,0.7,ridge,4,31,15,1.4838709677419355,True,0.8065337053934732,0.7368420958518982,0.85,reaction_role_concat,6144,random_forest,False,valid,r2,0.13463030246839158,0,0.01,random,,
condition_recombine_pseudolabel__mult_0.5__sim_0.7__teacher_ridge__seed_4,condition_recombine_pseudolabel,0.5,0.7,ridge,4,31,15,1.4838709677419355,True,0.8065337053934732,0.7368420958518982,0.85,reaction_role_concat,6144,random_forest,False,valid,spearman,0.40430266565177325,0,0.01,random,,
condition_recombine_pseudolabel__mult_0.5__sim_0.7__teacher_rf__seed_0,condition_recombine_pseudolabel,0.5,0.7,random_forest,0,31,15,1.4838709677419355,True,0.8045586069424947,0.7364864945411682,0.85,reaction_role_concat,6144,random_forest,False,valid,rmse,26.045479620786075,0,0.01,random,,
condition_recombine_pseudolabel__mult_0.5__sim_0.7__teacher_rf__seed_0,condition_recombine_pseudolabel,0.5,0.7,random_forest,0,31,15,1.4838709677419355,True,0.8045586069424947,0.7364864945411682,0.85,reaction_role_concat,6144,random_forest,False,valid,mae,21.512094226117373,0,0.01,random,,
condition_recombine_pseudolabel__mult_0.5__sim_0.7__teacher_rf__seed_0,condition_recombine_pseudolabel,0.5,0.7,random_forest,0,31,15,1.4838709677419355,True,0.8045586069424947,0.7364864945411682,0.85,reaction_role_concat,6144,random_forest,False,valid,r2,0.11602969190771384,0,0.01,random,,
condition_recombine_pseudolabel__mult_0.5__sim_0.7__teacher_rf__seed_0,condition_recombine_pseudolabel,0.5,0.7,random_forest,0,31,15,1.4838709677419355,True,0.8045586069424947,0.7364864945411682,0.85,reaction_role_concat,6144,random_forest,False,valid,spearman,0.3737271413453824,0,0.01,random,,
condition_recombine_pseudolabel__mult_0.5__sim_0.7__teacher_rf__seed_1,condition_recombine_pseudolabel,0.5,0.7,random_forest,1,31,15,1.4838709677419355,True,0.7955648454030354,0.7484662532806396,0.85,reaction_role_concat,6144,random_forest,False,valid,rmse,26.829714022971075,0,0.01,random,,
condition_recombine_pseudolabel__mult_0.5__sim_0.7__teacher_rf__seed_1,condition_recombine_pseudolabel,0.5,0.7,random_forest,1,31,15,1.4838709677419355,True,0.7955648454030354,0.7484662532806396,0.85,reaction_role_concat,6144,random_forest,False,valid,mae,22.25281465856938,0,0.01,random,,
condition_recombine_pseudolabel__mult_0.5__sim_0.7__teacher_rf__seed_1,condition_recombine_pseudolabel,0.5,0.7,random_forest,1,31,15,1.4838709677419355,True,0.7955648454030354,0.7484662532806396,0.85,reaction_role_concat,6144,random_forest,False,valid,r2,0.0619952314075356,0,0.01,random,,
condition_recombine_pseudolabel__mult_0.5__sim_0.7__teacher_rf__seed_1,condition_recombine_pseudolabel,0.5,0.7,random_forest,1,31,15,1.4838709677419355,True,0.7955648454030354,0.7484662532806396,0.85,reaction_role_concat,6144,random_forest,False,valid,spearman,0.30424841305459227,0,0.01,random,,
condition_recombine_pseudolabel__mult_0.5__sim_0.7__teacher_rf__seed_2,condition_recombine_pseudolabel,0.5,0.7,random_forest,2,31,15,1.4838709677419355,True,0.8059811941782633,0.7324841022491455,0.85,reaction_role_concat,6144,random_forest,False,valid,rmse,26.82633153056283,0,0.01,random,,
condition_recombine_pseudolabel__mult_0.5__sim_0.7__teacher_rf__seed_2,condition_recombine_pseudolabel,0.5,0.7,random_forest,2,31,15,1.4838709677419355,True,0.8059811941782633,0.7324841022491455,0.85,reaction_role_concat,6144,random_forest,False,valid,mae,22.1923621552247,0,0.01,random,,
condition_recombine_pseudolabel__mult_0.5__sim_0.7__teacher_rf__seed_2,condition_recombine_pseudolabel,0.5,0.7,random_forest,2,31,15,1.4838709677419355,True,0.8059811941782633,0.7324841022491455,0.85,reaction_role_concat,6144,random_forest,False,valid,r2,0.06223172994081971,0,0.01,random,,
condition_recombine_pseudolabel__mult_0.5__sim_0.7__teacher_rf__seed_2,condition_recombine_pseudolabel,0.5,0.7,random_forest,2,31,15,1.4838709677419355,True,0.8059811941782633,0.7324841022491455,0.85,reaction_role_concat,6144,random_forest,False,valid,spearman,0.3058932250078896,0,0.01,random,,
condition_recombine_pseudolabel__mult_0.5__sim_0.7__teacher_rf__seed_3,condition_recombine_pseudolabel,0.5,0.7,random_forest,3,31,15,1.4838709677419355,True,0.8228845818837484,0.7385621070861816,0.85,reaction_role_concat,6144,random_forest,False,valid,rmse,27.381994735119914,0,0.01,random,,
condition_recombine_pseudolabel__mult_0.5__sim_0.7__teacher_rf__seed_3,condition_recombine_pseudolabel,0.5,0.7,random_forest,3,31,15,1.4838709677419355,True,0.8228845818837484,0.7385621070861816,0.85,reaction_role_concat,6144,random_forest,False,valid,mae,22.640535895842547,0,0.01,random,,
condition_recombine_pseudolabel__mult_0.5__sim_0.7__teacher_rf__seed_3,condition_recombine_pseudolabel,0.5,0.7,random_forest,3,31,15,1.4838709677419355,True,0.8228845818837484,0.7385621070861816,0.85,reaction_role_concat,6144,random_forest,False,valid,r2,0.022980741620753142,0,0.01,random,,
condition_recombine_pseudolabel__mult_0.5__sim_0.7__teacher_rf__seed_3,condition_recombine_pseudolabel,0.5,0.7,random_forest,3,31,15,1.4838709677419355,True,0.8228845818837484,0.7385621070861816,0.85,reaction_role_concat,6144,random_forest,False,valid,spearman,0.2710072133802075,0,0.01,random,,
condition_recombine_pseudolabel__mult_0.5__sim_0.7__teacher_rf__seed_4,condition_recombine_pseudolabel,0.5,0.7,random_forest,4,31,15,1.4838709677419355,True,0.8065337053934732,0.7368420958518982,0.85,reaction_role_concat,6144,random_forest,False,valid,rmse,27.200008545162362,0,0.01,random,,
condition_recombine_pseudolabel__mult_0.5__sim_0.7__teacher_rf__seed_4,condition_recombine_pseudolabel,0.5,0.7,random_forest,4,31,15,1.4838709677419355,True,0.8065337053934732,0.7368420958518982,0.85,reaction_role_concat,6144,random_forest,False,valid,mae,22.158741269360615,0,0.01,random,,
condition_recombine_pseudolabel__mult_0.5__sim_0.7__teacher_rf__seed_4,condition_recombine_pseudolabel,0.5,0.7,random_forest,4,31,15,1.4838709677419355,True,0.8065337053934732,0.7368420958518982,0.85,reaction_role_concat,6144,random_forest,False,valid,r2,0.0359245138787333,0,0.01,random,,
condition_recombine_pseudolabel__mult_0.5__sim_0.7__teacher_rf__seed_4,condition_recombine_pseudolabel,0.5,0.7,random_forest,4,31,15,1.4838709677419355,True,0.8065337053934732,0.7368420958518982,0.85,reaction_role_concat,6144,random_forest,False,valid,spearman,0.3065312468875232,0,0.01,random,,
condition_recombine_pseudolabel__mult_0.5__sim_0.8__teacher_ridge__seed_0,condition_recombine_pseudolabel,0.5,0.8,ridge,0,31,9,1.2903225806451613,True,0.8362023499276903,0.802395224571228,0.85,reaction_role_concat,6144,random_forest,False,valid,rmse,27.130525150196696,0,0.01,random,,
condition_recombine_pseudolabel__mult_0.5__sim_0.8__teacher_ridge__seed_0,condition_recombine_pseudolabel,0.5,0.8,ridge,0,31,9,1.2903225806451613,True,0.8362023499276903,0.802395224571228,0.85,reaction_role_concat,6144,random_forest,False,valid,mae,22.31610046581075,0,0.01,random,,
condition_recombine_pseudolabel__mult_0.5__sim_0.8__teacher_ridge__seed_0,condition_recombine_pseudolabel,0.5,0.8,ridge,0,31,9,1.2903225806451613,True,0.8362023499276903,0.802395224571228,0.85,reaction_role_concat,6144,random_forest,False,valid,r2,0.04084375329882706,0,0.01,random,,
condition_recombine_pseudolabel__mult_0.5__sim_0.8__teacher_ridge__seed_0,condition_recombine_pseudolabel,0.5,0.8,ridge,0,31,9,1.2903225806451613,True,0.8362023499276903,0.802395224571228,0.85,reaction_role_concat,6144,random_forest,False,valid,spearman,0.2845842619598895,0,0.01,random,,
condition_recombine_pseudolabel__mult_0.5__sim_0.8__teacher_ridge__seed_1,condition_recombine_pseudolabel,0.5,0.8,ridge,1,31,8,1.2580645161290323,True,0.8247590571641923,0.802395224571228,0.85,reaction_role_concat,6144,random_forest,False,valid,rmse,27.643459385485937,0,0.01,random,,
condition_recombine_pseudolabel__mult_0.5__sim_0.8__teacher_ridge__seed_1,condition_recombine_pseudolabel,0.5,0.8,ridge,1,31,8,1.2580645161290323,True,0.8247590571641923,0.802395224571228,0.85,reaction_role_concat,6144,random_forest,False,valid,mae,22.708326424251627,0,0.01,random,,
condition_recombine_pseudolabel__mult_0.5__sim_0.8__teacher_ridge__seed_1,condition_recombine_pseudolabel,0.5,0.8,ridge,1,31,8,1.2580645161290323,True,0.8247590571641923,0.802395224571228,0.85,reaction_role_concat,6144,random_forest,False,valid,r2,0.004232973397642503,0,0.01,random,,
condition_recombine_pseudolabel__mult_0.5__sim_0.8__teacher_ridge__seed_1,condition_recombine_pseudolabel,0.5,0.8,ridge,1,31,8,1.2580645161290323,True,0.8247590571641923,0.802395224571228,0.85,reaction_role_concat,6144,random_forest,False,valid,spearman,0.26080466172885963,0,0.01,random,,
condition_recombine_pseudolabel__mult_0.5__sim_0.8__teacher_ridge__seed_2,condition_recombine_pseudolabel,0.5,0.8,ridge,2,31,9,1.2903225806451613,True,0.8298094656732348,0.8029196858406067,0.85,reaction_role_concat,6144,random_forest,False,valid,rmse,27.20219783217582,0,0.01,random,,
condition_recombine_pseudolabel__mult_0.5__sim_0.8__teacher_ridge__seed_2,condition_recombine_pseudolabel,0.5,0.8,ridge,2,31,9,1.2903225806451613,True,0.8298094656732348,0.8029196858406067,0.85,reaction_role_concat,6144,random_forest,False,valid,mae,22.556220617626288,0,0.01,random,,
condition_recombine_pseudolabel__mult_0.5__sim_0.8__teacher_ridge__seed_2,condition_recombine_pseudolabel,0.5,0.8,ridge,2,31,9,1.2903225806451613,True,0.8298094656732348,0.8029196858406067,0.85,reaction_role_concat,6144,random_forest,False,valid,r2,0.03576931371552283,0,0.01,random,,
condition_recombine_pseudolabel__mult_0.5__sim_0.8__teacher_ridge__seed_2,condition_recombine_pseudolabel,0.5,0.8,ridge,2,31,9,1.2903225806451613,True,0.8298094656732348,0.8029196858406067,0.85,reaction_role_concat,6144,random_forest,False,valid,spearman,0.28584456227267024,0,0.01,random,,
condition_recombine_pseudolabel__mult_0.5__sim_0.8__teacher_ridge__seed_3,condition_recombine_pseudolabel,0.5,0.8,ridge,3,31,13,1.4193548387096775,True,0.8320796471375685,0.803680956363678,0.85,reaction_role_concat,6144,random_forest,False,valid,rmse,27.13053489487969,0,0.01,random,,
condition_recombine_pseudolabel__mult_0.5__sim_0.8__teacher_ridge__seed_3,condition_recombine_pseudolabel,0.5,0.8,ridge,3,31,13,1.4193548387096775,True,0.8320796471375685,0.803680956363678,0.85,reaction_role_concat,6144,random_forest,False,valid,mae,22.254095583788953,0,0.01,random,,
condition_recombine_pseudolabel__mult_0.5__sim_0.8__teacher_ridge__seed_3,condition_recombine_pseudolabel,0.5,0.8,ridge,3,31,13,1.4193548387096775,True,0.8320796471375685,0.803680956363678,0.85,reaction_role_concat,6144,random_forest,False,valid,r2,0.04084306428339557,0,0.01,random,,
condition_recombine_pseudolabel__mult_0.5__sim_0.8__teacher_ridge__seed_3,condition_recombine_pseudolabel,0.5,0.8,ridge,3,31,13,1.4193548387096775,True,0.8320796471375685,0.803680956363678,0.85,reaction_role_concat,6144,random_forest,False,valid,spearman,0.3037611955974573,0,0.01,random,,
condition_recombine_pseudolabel__mult_0.5__sim_0.8__teacher_ridge__seed_4,condition_recombine_pseudolabel,0.5,0.8,ridge,4,31,9,1.2903225806451613,True,0.8303925514221192,0.803680956363678,0.85,reaction_role_concat,6144,random_forest,False,valid,rmse,26.72066436855814,0,0.01,random,,
condition_recombine_pseudolabel__mult_0.5__sim_0.8__teacher_ridge__seed_4,condition_recombine_pseudolabel,0.5,0.8,ridge,4,31,9,1.2903225806451613,True,0.8303925514221192,0.803680956363678,0.85,reaction_role_concat,6144,random_forest,False,valid,mae,21.89831769344173,0,0.01,random,,
condition_recombine_pseudolabel__mult_0.5__sim_0.8__teacher_ridge__seed_4,condition_recombine_pseudolabel,0.5,0.8,ridge,4,31,9,1.2903225806451613,True,0.8303925514221192,0.803680956363678,0.85,reaction_role_concat,6144,random_forest,False,valid,r2,0.0696047958041689,0,0.01,random,,
condition_recombine_pseudolabel__mult_0.5__sim_0.8__teacher_ridge__seed_4,condition_recombine_pseudolabel,0.5,0.8,ridge,4,31,9,1.2903225806451613,True,0.8303925514221192,0.803680956363678,0.85,reaction_role_concat,6144,random_forest,False,valid,spearman,0.3178560344323439,0,0.01,random,,
condition_recombine_pseudolabel__mult_0.5__sim_0.8__teacher_rf__seed_0,condition_recombine_pseudolabel,0.5,0.8,random_forest,0,31,9,1.2903225806451613,True,0.8362023499276903,0.802395224571228,0.85,reaction_role_concat,6144,random_forest,False,valid,rmse,26.601644644836853,0,0.01,random,,
condition_recombine_pseudolabel__mult_0.5__sim_0.8__teacher_rf__seed_0,condition_recombine_pseudolabel,0.5,0.8,random_forest,0,31,9,1.2903225806451613,True,0.8362023499276903,0.802395224571228,0.85,reaction_role_concat,6144,random_forest,False,valid,mae,21.932802788547324,0,0.01,random,,
condition_recombine_pseudolabel__mult_0.5__sim_0.8__teacher_rf__seed_0,condition_recombine_pseudolabel,0.5,0.8,random_forest,0,31,9,1.2903225806451613,True,0.8362023499276903,0.802395224571228,0.85,reaction_role_concat,6144,random_forest,False,valid,r2,0.07787470696700027,0,0.01,random,,
condition_recombine_pseudolabel__mult_0.5__sim_0.8__teacher_rf__seed_0,condition_recombine_pseudolabel,0.5,0.8,random_forest,0,31,9,1.2903225806451613,True,0.8362023499276903,0.802395224571228,0.85,reaction_role_concat,6144,random_forest,False,valid,spearman,0.3195809633833037,0,0.01,random,,
condition_recombine_pseudolabel__mult_0.5__sim_0.8__teacher_rf__seed_1,condition_recombine_pseudolabel,0.5,0.8,random_forest,1,31,8,1.2580645161290323,True,0.8247590571641923,0.802395224571228,0.85,reaction_role_concat,6144,random_forest,False,valid,rmse,27.209079602096597,0,0.01,random,,
condition_recombine_pseudolabel__mult_0.5__sim_0.8__teacher_rf__seed_1,condition_recombine_pseudolabel,0.5,0.8,random_forest,1,31,8,1.2580645161290323,True,0.8247590571641923,0.802395224571228,0.85,reaction_role_concat,6144,random_forest,False,valid,mae,22.493117129891736,0,0.01,random,,
condition_recombine_pseudolabel__mult_0.5__sim_0.8__teacher_rf__seed_1,condition_recombine_pseudolabel,0.5,0.8,random_forest,1,31,8,1.2580645161290323,True,0.8247590571641923,0.802395224571228,0.85,reaction_role_concat,6144,random_forest,False,valid,r2,0.0352813786499413,0,0.01,random,,
condition_recombine_pseudolabel__mult_0.5__sim_0.8__teacher_rf__seed_1,condition_recombine_pseudolabel,0.5,0.8,random_forest,1,31,8,1.2580645161290323,True,0.8247590571641923,0.802395224571228,0.85,reaction_role_concat,6144,random_forest,False,valid,spearman,0.2768028032919785,0,0.01,random,,
condition_recombine_pseudolabel__mult_0.5__sim_0.8__teacher_rf__seed_2,condition_recombine_pseudolabel,0.5,0.8,random_forest,2,31,9,1.2903225806451613,True,0.8298094656732348,0.8029196858406067,0.85,reaction_role_concat,6144,random_forest,False,valid,rmse,26.712936695952802,0,0.01,random,,
condition_recombine_pseudolabel__mult_0.5__sim_0.8__teacher_rf__seed_2,condition_recombine_pseudolabel,0.5,0.8,random_forest,2,31,9,1.2903225806451613,True,0.8298094656732348,0.8029196858406067,0.85,reaction_role_concat,6144,random_forest,False,valid,mae,22.14158808670919,0,0.01,random,,
condition_recombine_pseudolabel__mult_0.5__sim_0.8__teacher_rf__seed_2,condition_recombine_pseudolabel,0.5,0.8,random_forest,2,31,9,1.2903225806451613,True,0.8298094656732348,0.8029196858406067,0.85,reaction_role_concat,6144,random_forest,False,valid,r2,0.07014286250649948,0,0.01,random,,
condition_recombine_pseudolabel__mult_0.5__sim_0.8__teacher_rf__seed_2,condition_recombine_pseudolabel,0.5,0.8,random_forest,2,31,9,1.2903225806451613,True,0.8298094656732348,0.8029196858406067,0.85,reaction_role_concat,6144,random_forest,False,valid,spearman,0.30779213139389766,0,0.01,random,,
condition_recombine_pseudolabel__mult_0.5__sim_0.8__teacher_rf__seed_3,condition_recombine_pseudolabel,0.5,0.8,random_forest,3,31,13,1.4193548387096775,True,0.8320796471375685,0.803680956363678,0.85,reaction_role_concat,6144,random_forest,False,valid,rmse,27.29604384312074,0,0.01,random,,
condition_recombine_pseudolabel__mult_0.5__sim_0.8__teacher_rf__seed_3,condition_recombine_pseudolabel,0.5,0.8,random_forest,3,31,13,1.4193548387096775,True,0.8320796471375685,0.803680956363678,0.85,reaction_role_concat,6144,random_forest,False,valid,mae,22.429262006234516,0,0.01,random,,
condition_recombine_pseudolabel__mult_0.5__sim_0.8__teacher_rf__seed_3,condition_recombine_pseudolabel,0.5,0.8,random_forest,3,31,13,1.4193548387096775,True,0.8320796471375685,0.803680956363678,0.85,reaction_role_concat,6144,random_forest,False,valid,r2,0.029104757023459715,0,0.01,random,,
condition_recombine_pseudolabel__mult_0.5__sim_0.8__teacher_rf__seed_3,condition_recombine_pseudolabel,0.5,0.8,random_forest,3,31,13,1.4193548387096775,True,0.8320796471375685,0.803680956363678,0.85,reaction_role_concat,6144,random_forest,False,valid,spearman,0.2820813818733364,0,0.01,random,,
condition_recombine_pseudolabel__mult_0.5__sim_0.8__teacher_rf__seed_4,condition_recombine_pseudolabel,0.5,0.8,random_forest,4,31,9,1.2903225806451613,True,0.8303925514221192,0.803680956363678,0.85,reaction_role_concat,6144,random_forest,False,valid,rmse,27.041473639192162,0,0.01,random,,
condition_recombine_pseudolabel__mult_0.5__sim_0.8__teacher_rf__seed_4,condition_recombine_pseudolabel,0.5,0.8,random_forest,4,31,9,1.2903225806451613,True,0.8303925514221192,0.803680956363678,0.85,reaction_role_concat,6144,random_forest,False,valid,mae,22.13985237829746,0,0.01,random,,
condition_recombine_pseudolabel__mult_0.5__sim_0.8__teacher_rf__seed_4,condition_recombine_pseudolabel,0.5,0.8,random_forest,4,31,9,1.2903225806451613,True,0.8303925514221192,0.803680956363678,0.85,reaction_role_concat,6144,random_forest,False,valid,r2,0.04712996658297752,0,0.01,random,,
condition_recombine_pseudolabel__mult_0.5__sim_0.8__teacher_rf__seed_4,condition_recombine_pseudolabel,0.5,0.8,random_forest,4,31,9,1.2903225806451613,True,0.8303925514221192,0.803680956363678,0.85,reaction_role_concat,6144,random_forest,False,valid,spearman,0.30461002888908445,0,0.01,random,,
condition_recombine_pseudolabel__mult_0.5__sim_0.85__teacher_ridge__seed_0,condition_recombine_pseudolabel,0.5,0.85,ridge,0,31,5,1.1612903225806452,True,0.85,0.85,0.85,reaction_role_concat,6144,random_forest,False,valid,rmse,26.54119730282516,0,0.01,random,,
condition_recombine_pseudolabel__mult_0.5__sim_0.85__teacher_ridge__seed_0,condition_recombine_pseudolabel,0.5,0.85,ridge,0,31,5,1.1612903225806452,True,0.85,0.85,0.85,reaction_role_concat,6144,random_forest,False,valid,mae,21.79028546746924,0,0.01,random,,
condition_recombine_pseudolabel__mult_0.5__sim_0.85__teacher_ridge__seed_0,condition_recombine_pseudolabel,0.5,0.85,ridge,0,31,5,1.1612903225806452,True,0.85,0.85,0.85,reaction_role_concat,6144,random_forest,False,valid,r2,0.08206066571028181,0,0.01,random,,
condition_recombine_pseudolabel__mult_0.5__sim_0.85__teacher_ridge__seed_0,condition_recombine_pseudolabel,0.5,0.85,ridge,0,31,5,1.1612903225806452,True,0.85,0.85,0.85,reaction_role_concat,6144,random_forest,False,valid,spearman,0.3225385408169431,0,0.01,random,,
condition_recombine_pseudolabel__mult_0.5__sim_0.85__teacher_ridge__seed_1,condition_recombine_pseudolabel,0.5,0.85,ridge,1,31,3,1.096774193548387,True,0.85,0.85,0.85,reaction_role_concat,6144,random_forest,False,valid,rmse,27.163243330237403,0,0.01,random,,
condition_recombine_pseudolabel__mult_0.5__sim_0.85__teacher_ridge__seed_1,condition_recombine_pseudolabel,0.5,0.85,ridge,1,31,3,1.096774193548387,True,0.85,0.85,0.85,reaction_role_concat,6144,random_forest,False,valid,mae,22.296355832576754,0,0.01,random,,
condition_recombine_pseudolabel__mult_0.5__sim_0.85__teacher_ridge__seed_1,condition_recombine_pseudolabel,0.5,0.85,ridge,1,31,3,1.096774193548387,True,0.85,0.85,0.85,reaction_role_concat,6144,random_forest,False,valid,r2,0.03852896070758671,0,0.01,random,,
condition_recombine_pseudolabel__mult_0.5__sim_0.85__teacher_ridge__seed_1,condition_recombine_pseudolabel,0.5,0.85,ridge,1,31,3,1.096774193548387,True,0.85,0.85,0.85,reaction_role_concat,6144,random_forest,False,valid,spearman,0.291409006252539,0,0.01,random,,
condition_recombine_pseudolabel__mult_0.5__sim_0.85__teacher_ridge__seed_2,condition_recombine_pseudolabel,0.5,0.85,ridge,2,31,3,1.096774193548387,True,0.85,0.85,0.85,reaction_role_concat,6144,random_forest,False,valid,rmse,26.86139138338122,0,0.01,random,,
condition_recombine_pseudolabel__mult_0.5__sim_0.85__teacher_ridge__seed_2,condition_recombine_pseudolabel,0.5,0.85,ridge,2,31,3,1.096774193548387,True,0.85,0.85,0.85,reaction_role_concat,6144,random_forest,False,valid,mae,22.230161661609817,0,0.01,random,,
condition_recombine_pseudolabel__mult_0.5__sim_0.85__teacher_ridge__seed_2,condition_recombine_pseudolabel,0.5,0.85,ridge,2,31,3,1.096774193548387,True,0.85,0.85,0.85,reaction_role_concat,6144,random_forest,False,valid,r2,0.059778953127274326,0,0.01,random,,
condition_recombine_pseudolabel__mult_0.5__sim_0.85__teacher_ridge__seed_2,condition_recombine_pseudolabel,0.5,0.85,ridge,2,31,3,1.096774193548387,True,0.85,0.85,0.85,reaction_role_concat,6144,random_forest,False,valid,spearman,0.30330279835761087,0,0.01,random,,
condition_recombine_pseudolabel__mult_0.5__sim_0.85__teacher_ridge__seed_3,condition_recombine_pseudolabel,0.5,0.85,ridge,3,31,6,1.1935483870967742,True,0.85,0.85,0.85,reaction_role_concat,6144,random_forest,False,valid,rmse,26.144693935017962,0,0.01,random,,
condition_recombine_pseudolabel__mult_0.5__sim_0.85__teacher_ridge__seed_3,condition_recombine_pseudolabel,0.5,0.85,ridge,3,31,6,1.1935483870967742,True,0.85,0.85,0.85,reaction_role_concat,6144,random_forest,False,valid,mae,21.41341317742535,0,0.01,random,,
condition_recombine_pseudolabel__mult_0.5__sim_0.85__teacher_ridge__seed_3,condition_recombine_pseudolabel,0.5,0.85,ridge,3,31,6,1.1935483870967742,True,0.85,0.85,0.85,reaction_role_concat,6144,random_forest,False,valid,r2,0.10928229845990178,0,0.01,random,,
condition_recombine_pseudolabel__mult_0.5__sim_0.85__teacher_ridge__seed_3,condition_recombine_pseudolabel,0.5,0.85,ridge,3,31,6,1.1935483870967742,True,0.85,0.85,0.85,reaction_role_concat,6144,random_forest,False,valid,spearman,0.3618175760132811,0,0.01,random,,
condition_recombine_pseudolabel__mult_0.5__sim_0.85__teacher_ridge__seed_4,condition_recombine_pseudolabel,0.5,0.85,ridge,4,31,3,1.096774193548387,True,0.85,0.85,0.85,reaction_role_concat,6144,random_forest,False,valid,rmse,26.925813972629193,0,0.01,random,,
condition_recombine_pseudolabel__mult_0.5__sim_0.85__teacher_ridge__seed_4,condition_recombine_pseudolabel,0.5,0.85,ridge,4,31,3,1.096774193548387,True,0.85,0.85,0.85,reaction_role_concat,6144,random_forest,False,valid,mae,22.250345335059528,0,0.01,random,,
condition_recombine_pseudolabel__mult_0.5__sim_0.85__teacher_ridge__seed_4,condition_recombine_pseudolabel,0.5,0.85,ridge,4,31,3,1.096774193548387,True,0.85,0.85,0.85,reaction_role_concat,6144,random_forest,False,valid,r2,0.05526361669114577,0,0.01,random,,
condition_recombine_pseudolabel__mult_0.5__sim_0.85__teacher_ridge__seed_4,condition_recombine_pseudolabel,0.5,0.85,ridge,4,31,3,1.096774193548387,True,0.85,0.85,0.85,reaction_role_concat,6144,random_forest,False,valid,spearman,0.2985203948684911,0,0.01,random,,
condition_recombine_pseudolabel__mult_0.5__sim_0.85__teacher_rf__seed_0,condition_recombine_pseudolabel,0.5,0.85,random_forest,0,31,5,1.1612903225806452,True,0.85,0.85,0.85,reaction_role_concat,6144,random_forest,False,valid,rmse,26.351141969020688,0,0.01,random,,
condition_recombine_pseudolabel__mult_0.5__sim_0.85__teacher_rf__seed_0,condition_recombine_pseudolabel,0.5,0.85,random_forest,0,31,5,1.1612903225806452,True,0.85,0.85,0.85,reaction_role_concat,6144,random_forest,False,valid,mae,21.634629187113124,0,0.01,random,,
condition_recombine_pseudolabel__mult_0.5__sim_0.85__teacher_rf__seed_0,condition_recombine_pseudolabel,0.5,0.85,random_forest,0,31,5,1.1612903225806452,True,0.85,0.85,0.85,reaction_role_concat,6144,random_forest,False,valid,r2,0.09515989657877444,0,0.01,random,,
condition_recombine_pseudolabel__mult_0.5__sim_0.85__teacher_rf__seed_0,condition_recombine_pseudolabel,0.5,0.85,random_forest,0,31,5,1.1612903225806452,True,0.85,0.85,0.85,reaction_role_concat,6144,random_forest,False,valid,spearman,0.34440677374006234,0,0.01,random,,
condition_recombine_pseudolabel__mult_0.5__sim_0.85__teacher_rf__seed_1,condition_recombine_pseudolabel,0.5,0.85,random_forest,1,31,3,1.096774193548387,True,0.85,0.85,0.85,reaction_role_concat,6144,random_forest,False,valid,rmse,27.08976672640968,0,0.01,random,,
condition_recombine_pseudolabel__mult_0.5__sim_0.85__teacher_rf__seed_1,condition_recombine_pseudolabel,0.5,0.85,random_forest,1,31,3,1.096774193548387,True,0.85,0.85,0.85,reaction_role_concat,6144,random_forest,False,valid,mae,22.227608520912217,0,0.01,random,,
condition_recombine_pseudolabel__mult_0.5__sim_0.85__teacher_rf__seed_1,condition_recombine_pseudolabel,0.5,0.85,random_forest,1,31,3,1.096774193548387,True,0.85,0.85,0.85,reaction_role_concat,6144,random_forest,False,valid,r2,0.043723486084276675,0,0.01,random,,
condition_recombine_pseudolabel__mult_0.5__sim_0.85__teacher_rf__seed_1,condition_recombine_pseudolabel,0.5,0.85,random_forest,1,31,3,1.096774193548387,True,0.85,0.85,0.85,reaction_role_concat,6144,random_forest,False,valid,spearman,0.29577449024696423,0,0.01,random,,
condition_recombine_pseudolabel__mult_0.5__sim_0.85__teacher_rf__seed_2,condition_recombine_pseudolabel,0.5,0.85,random_forest,2,31,3,1.096774193548387,True,0.85,0.85,0.85,reaction_role_concat,6144,random_forest,False,valid,rmse,26.532522618364673,0,0.01,random,,
condition_recombine_pseudolabel__mult_0.5__sim_0.85__teacher_rf__seed_2,condition_recombine_pseudolabel,0.5,0.85,random_forest,2,31,3,1.096774193548387,True,0.85,0.85,0.85,reaction_role_concat,6144,random_forest,False,valid,mae,21.93367531119419,0,0.01,random,,
condition_recombine_pseudolabel__mult_0.5__sim_0.85__teacher_rf__seed_2,condition_recombine_pseudolabel,0.5,0.85,random_forest,2,31,3,1.096774193548387,True,0.85,0.85,0.85,reaction_role_concat,6144,random_forest,False,valid,r2,0.08266060343786208,0,0.01,random,,
condition_recombine_pseudolabel__mult_0.5__sim_0.85__teacher_rf__seed_2,condition_recombine_pseudolabel,0.5,0.85,random_forest,2,31,3,1.096774193548387,True,0.85,0.85,0.85,reaction_role_concat,6144,random_forest,False,valid,spearman,0.32178571000587847,0,0.01,random,,
condition_recombine_pseudolabel__mult_0.5__sim_0.85__teacher_rf__seed_3,condition_recombine_pseudolabel,0.5,0.85,random_forest,3,31,6,1.1935483870967742,True,0.85,0.85,0.85,reaction_role_concat,6144,random_forest,False,valid,rmse,27.379230706302227,0,0.01,random,,
condition_recombine_pseudolabel__mult_0.5__sim_0.85__teacher_rf__seed_3,condition_recombine_pseudolabel,0.5,0.85,random_forest,3,31,6,1.1935483870967742,True,0.85,0.85,0.85,reaction_role_concat,6144,random_forest,False,valid,mae,22.476965613590014,0,0.01,random,,
condition_recombine_pseudolabel__mult_0.5__sim_0.85__teacher_rf__seed_3,condition_recombine_pseudolabel,0.5,0.85,random_forest,3,31,6,1.1935483870967742,True,0.85,0.85,0.85,reaction_role_concat,6144,random_forest,False,valid,r2,0.023177978755049566,0,0.01,random,,
condition_recombine_pseudolabel__mult_0.5__sim_0.85__teacher_rf__seed_3,condition_recombine_pseudolabel,0.5,0.85,random_forest,3,31,6,1.1935483870967742,True,0.85,0.85,0.85,reaction_role_concat,6144,random_forest,False,valid,spearman,0.27506365896357227,0,0.01,random,,
condition_recombine_pseudolabel__mult_0.5__sim_0.85__teacher_rf__seed_4,condition_recombine_pseudolabel,0.5,0.85,random_forest,4,31,3,1.096774193548387,True,0.85,0.85,0.85,reaction_role_concat,6144,random_forest,False,valid,rmse,27.326856940690934,0,0.01,random,,
condition_recombine_pseudolabel__mult_0.5__sim_0.85__teacher_rf__seed_4,condition_recombine_pseudolabel,0.5,0.85,random_forest,4,31,3,1.096774193548387,True,0.85,0.85,0.85,reaction_role_concat,6144,random_forest,False,valid,mae,22.58473267796221,0,0.01,random,,
condition_recombine_pseudolabel__mult_0.5__sim_0.85__teacher_rf__seed_4,condition_recombine_pseudolabel,0.5,0.85,random_forest,4,31,3,1.096774193548387,True,0.85,0.85,0.85,reaction_role_concat,6144,random_forest,False,valid,r2,0.02691153257646972,0,0.01,random,,
condition_recombine_pseudolabel__mult_0.5__sim_0.85__teacher_rf__seed_4,condition_recombine_pseudolabel,0.5,0.85,random_forest,4,31,3,1.096774193548387,True,0.85,0.85,0.85,reaction_role_concat,6144,random_forest,False,valid,spearman,0.2751641402616864,0,0.01,random,,
condition_recombine_pseudolabel__mult_0.5__sim_0.9__teacher_ridge__seed_0,condition_recombine_pseudolabel,0.5,0.9,ridge,0,31,2,1.064516129032258,True,0.85,0.85,0.85,reaction_role_concat,6144,random_forest,False,valid,rmse,26.584464985792,0,0.01,random,,
condition_recombine_pseudolabel__mult_0.5__sim_0.9__teacher_ridge__seed_0,condition_recombine_pseudolabel,0.5,0.9,ridge,0,31,2,1.064516129032258,True,0.85,0.85,0.85,reaction_role_concat,6144,random_forest,False,valid,mae,21.95113602718975,0,0.01,random,,
condition_recombine_pseudolabel__mult_0.5__sim_0.9__teacher_ridge__seed_0,condition_recombine_pseudolabel,0.5,0.9,ridge,0,31,2,1.064516129032258,True,0.85,0.85,0.85,reaction_role_concat,6144,random_forest,False,valid,r2,0.07906536137437958,0,0.01,random,,
condition_recombine_pseudolabel__mult_0.5__sim_0.9__teacher_ridge__seed_0,condition_recombine_pseudolabel,0.5,0.9,ridge,0,31,2,1.064516129032258,True,0.85,0.85,0.85,reaction_role_concat,6144,random_forest,False,valid,spearman,0.31870778869193955,0,0.01,random,,
condition_recombine_pseudolabel__mult_0.5__sim_0.9__teacher_ridge__seed_1,condition_recombine_pseudolabel,0.5,0.9,ridge,1,31,2,1.064516129032258,True,0.85,0.85,0.85,reaction_role_concat,6144,random_forest,False,valid,rmse,27.078679214309368,0,0.01,random,,
condition_recombine_pseudolabel__mult_0.5__sim_0.9__teacher_ridge__seed_1,condition_recombine_pseudolabel,0.5,0.9,ridge,1,31,2,1.064516129032258,True,0.85,0.85,0.85,reaction_role_concat,6144,random_forest,False,valid,mae,22.156535927912856,0,0.01,random,,
condition_recombine_pseudolabel__mult_0.5__sim_0.9__teacher_ridge__seed_1,condition_recombine_pseudolabel,0.5,0.9,ridge,1,31,2,1.064516129032258,True,0.85,0.85,0.85,reaction_role_concat,6144,random_forest,False,valid,r2,0.044506110589142,0,0.01,random,,
condition_recombine_pseudolabel__mult_0.5__sim_0.9__teacher_ridge__seed_1,condition_recombine_pseudolabel,0.5,0.9,ridge,1,31,2,1.064516129032258,True,0.85,0.85,0.85,reaction_role_concat,6144,random_forest,False,valid,spearman,0.30789845462794874,0,0.01,random,,
condition_recombine_pseudolabel__mult_0.5__sim_0.9__teacher_ridge__seed_2,condition_recombine_pseudolabel,0.5,0.9,ridge,2,31,1,1.032258064516129,True,0.85,0.85,0.85,reaction_role_concat,6144,random_forest,False,valid,rmse,26.5282503592863,0,0.01,random,,
condition_recombine_pseudolabel__mult_0.5__sim_0.9__teacher_ridge__seed_2,condition_recombine_pseudolabel,0.5,0.9,ridge,2,31,1,1.032258064516129,True,0.85,0.85,0.85,reaction_role_concat,6144,random_forest,False,valid,mae,22.043258086756815,0,0.01,random,,
condition_recombine_pseudolabel__mult_0.5__sim_0.9__teacher_ridge__seed_2,condition_recombine_pseudolabel,0.5,0.9,ridge,2,31,1,1.032258064516129,True,0.85,0.85,0.85,reaction_role_concat,6144,random_forest,False,valid,r2,0.08295599909956963,0,0.01,random,,
condition_recombine_pseudolabel__mult_0.5__sim_0.9__teacher_ridge__seed_2,condition_recombine_pseudolabel,0.5,0.9,ridge,2,31,1,1.032258064516129,True,0.85,0.85,0.85,reaction_role_concat,6144,random_forest,False,valid,spearman,0.31689367285234343,0,0.01,random,,
condition_recombine_pseudolabel__mult_0.5__sim_0.9__teacher_ridge__seed_3,condition_recombine_pseudolabel,0.5,0.9,ridge,3,31,3,1.096774193548387,True,0.85,0.85,0.85,reaction_role_concat,6144,random_forest,False,valid,rmse,26.412334508243866,0,0.01,random,,
condition_recombine_pseudolabel__mult_0.5__sim_0.9__teacher_ridge__seed_3,condition_recombine_pseudolabel,0.5,0.9,ridge,3,31,3,1.096774193548387,True,0.85,0.85,0.85,reaction_role_concat,6144,random_forest,False,valid,mae,21.603970461668847,0,0.01,random,,
condition_recombine_pseudolabel__mult_0.5__sim_0.9__teacher_ridge__seed_3,condition_recombine_pseudolabel,0.5,0.9,ridge,3,31,3,1.096774193548387,True,0.85,0.85,0.85,reaction_role_concat,6144,random_forest,False,valid,r2,0.09095258343980461,0,0.01,random,,
condition_recombine_pseudolabel__mult_0.5__sim_0.9__teacher_ridge__seed_3,condition_recombine_pseudolabel,0.5,0.9,ridge,3,31,3,1.096774193548387,True,0.85,0.85,0.85,reaction_role_concat,6144,random_forest,False,valid,spearman,0.3509435911915889,0,0.01,random,,
condition_recombine_pseudolabel__mult_0.5__sim_0.9__teacher_ridge__seed_4,condition_recombine_pseudolabel,0.5,0.9,ridge,4,31,1,1.032258064516129,True,0.85,0.85,0.85,reaction_role_concat,6144,random_forest,False,valid,rmse,26.50457690012993,0,0.01,random,,
condition_recombine_pseudolabel__mult_0.5__sim_0.9__teacher_ridge__seed_4,condition_recombine_pseudolabel,0.5,0.9,ridge,4,31,1,1.032258064516129,True,0.85,0.85,0.85,reaction_role_concat,6144,random_forest,False,valid,mae,22.01704938289938,0,0.01,random,,
condition_recombine_pseudolabel__mult_0.5__sim_0.9__teacher_ridge__seed_4,condition_recombine_pseudolabel,0.5,0.9,ridge,4,31,1,1.032258064516129,True,0.85,0.85,0.85,reaction_role_concat,6144,random_forest,False,valid,r2,0.08459198464137196,0,0.01,random,,
condition_recombine_pseudolabel__mult_0.5__sim_0.9__teacher_ridge__seed_4,condition_recombine_pseudolabel,0.5,0.9,ridge,4,31,1,1.032258064516129,True,0.85,0.85,0.85,reaction_role_concat,6144,random_forest,False,valid,spearman,0.3135651324867127,0,0.01,random,,
condition_recombine_pseudolabel__mult_0.5__sim_0.9__teacher_rf__seed_0,condition_recombine_pseudolabel,0.5,0.9,random_forest,0,31,2,1.064516129032258,True,0.85,0.85,0.85,reaction_role_concat,6144,random_forest,False,valid,rmse,26.793461555345136,0,0.01,random,,
condition_recombine_pseudolabel__mult_0.5__sim_0.9__teacher_rf__seed_0,condition_recombine_pseudolabel,0.5,0.9,random_forest,0,31,2,1.064516129032258,True,0.85,0.85,0.85,reaction_role_concat,6144,random_forest,False,valid,mae,22.083463403674617,0,0.01,random,,
condition_recombine_pseudolabel__mult_0.5__sim_0.9__teacher_rf__seed_0,condition_recombine_pseudolabel,0.5,0.9,random_forest,0,31,2,1.064516129032258,True,0.85,0.85,0.85,reaction_role_concat,6144,random_forest,False,valid,r2,0.06452839397554289,0,0.01,random,,
condition_recombine_pseudolabel__mult_0.5__sim_0.9__teacher_rf__seed_0,condition_recombine_pseudolabel,0.5,0.9,random_forest,0,31,2,1.064516129032258,True,0.85,0.85,0.85,reaction_role_concat,6144,random_forest,False,valid,spearman,0.30980350993696204,0,0.01,random,,
condition_recombine_pseudolabel__mult_0.5__sim_0.9__teacher_rf__seed_1,condition_recombine_pseudolabel,0.5,0.9,random_forest,1,31,2,1.064516129032258,True,0.85,0.85,0.85,reaction_role_concat,6144,random_forest,False,valid,rmse,26.93570298622026,0,0.01,random,,
condition_recombine_pseudolabel__mult_0.5__sim_0.9__teacher_rf__seed_1,condition_recombine_pseudolabel,0.5,0.9,random_forest,1,31,2,1.064516129032258,True,0.85,0.85,0.85,reaction_role_concat,6144,random_forest,False,valid,mae,22.1105111681902,0,0.01,random,,
condition_recombine_pseudolabel__mult_0.5__sim_0.9__teacher_rf__seed_1,condition_recombine_pseudolabel,0.5,0.9,random_forest,1,31,2,1.064516129032258,True,0.85,0.85,0.85,reaction_role_concat,6144,random_forest,False,valid,r2,0.054569544708714,0,0.01,random,,
condition_recombine_pseudolabel__mult_0.5__sim_0.9__teacher_rf__seed_1,condition_recombine_pseudolabel,0.5,0.9,random_forest,1,31,2,1.064516129032258,True,0.85,0.85,0.85,reaction_role_concat,6144,random_forest,False,valid,spearman,0.308573587691053,0,0.01,random,,
condition_recombine_pseudolabel__mult_0.5__sim_0.9__teacher_rf__seed_2,condition_recombine_pseudolabel,0.5,0.9,random_forest,2,31,1,1.032258064516129,True,0.85,0.85,0.85,reaction_role_concat,6144,random_forest,False,valid,rmse,26.554846408242174,0,0.01,random,,
condition_recombine_pseudolabel__mult_0.5__sim_0.9__teacher_rf__seed_2,condition_recombine_pseudolabel,0.5,0.9,random_forest,2,31,1,1.032258064516129,True,0.85,0.85,0.85,reaction_role_concat,6144,random_forest,False,valid,mae,22.068965348824666,0,0.01,random,,
condition_recombine_pseudolabel__mult_0.5__sim_0.9__teacher_rf__seed_2,condition_recombine_pseudolabel,0.5,0.9,random_forest,2,31,1,1.032258064516129,True,0.85,0.85,0.85,reaction_role_concat,6144,random_forest,False,valid,r2,0.0811163019576685,0,0.01,random,,
condition_recombine_pseudolabel__mult_0.5__sim_0.9__teacher_rf__seed_2,condition_recombine_pseudolabel,0.5,0.9,random_forest,2,31,1,1.032258064516129,True,0.85,0.85,0.85,reaction_role_concat,6144,random_forest,False,valid,spearman,0.3155889738264424,0,0.01,random,,
condition_recombine_pseudolabel__mult_0.5__sim_0.9__teacher_rf__seed_3,condition_recombine_pseudolabel,0.5,0.9,random_forest,3,31,3,1.096774193548387,True,0.85,0.85,0.85,reaction_role_concat,6144,random_forest,False,valid,rmse,27.410885518521408,0,0.01,random,,
condition_recombine_pseudolabel__mult_0.5__sim_0.9__teacher_rf__seed_3,condition_recombine_pseudolabel,0.5,0.9,random_forest,3,31,3,1.096774193548387,True,0.85,0.85,0.85,reaction_role_concat,6144,random_forest,False,valid,mae,22.56883189983609,0,0.01,random,,
condition_recombine_pseudolabel__mult_0.5__sim_0.9__teacher_rf__seed_3,condition_recombine_pseudolabel,0.5,0.9,random_forest,3,31,3,1.096774193548387,True,0.85,0.85,0.85,reaction_role_concat,6144,random_forest,False,valid,r2,0.02091794501716171,0,0.01,random,,
condition_recombine_pseudolabel__mult_0.5__sim_0.9__teacher_rf__seed_3,condition_recombine_pseudolabel,0.5,0.9,random_forest,3,31,3,1.096774193548387,True,0.85,0.85,0.85,reaction_role_concat,6144,random_forest,False,valid,spearman,0.27377161746553447,0,0.01,random,,
condition_recombine_pseudolabel__mult_0.5__sim_0.9__teacher_rf__seed_4,condition_recombine_pseudolabel,0.5,0.9,random_forest,4,31,1,1.032258064516129,True,0.85,0.85,0.85,reaction_role_concat,6144,random_forest,False,valid,rmse,26.435520362170344,0,0.01,random,,
condition_recombine_pseudolabel__mult_0.5__sim_0.9__teacher_rf__seed_4,condition_recombine_pseudolabel,0.5,0.9,random_forest,4,31,1,1.032258064516129,True,0.85,0.85,0.85,reaction_role_concat,6144,random_forest,False,valid,mae,21.897513038437577,0,0.01,random,,
condition_recombine_pseudolabel__mult_0.5__sim_0.9__teacher_rf__seed_4,condition_recombine_pseudolabel,0.5,0.9,random_forest,4,31,1,1.032258064516129,True,0.85,0.85,0.85,reaction_role_concat,6144,random_forest,False,valid,r2,0.08935588309809706,0,0.01,random,,
condition_recombine_pseudolabel__mult_0.5__sim_0.9__teacher_rf__seed_4,condition_recombine_pseudolabel,0.5,0.9,random_forest,4,31,1,1.032258064516129,True,0.85,0.85,0.85,reaction_role_concat,6144,random_forest,False,valid,spearman,0.32130745018384677,0,0.01,random,,
condition_recombine_pseudolabel__mult_0.5__sim_0.95__teacher_ridge__seed_0,condition_recombine_pseudolabel,0.5,0.95,ridge,0,31,0,1.0,True,,,,reaction_role_concat,6144,random_forest,False,valid,rmse,26.60717642441269,0,0.01,random,,
condition_recombine_pseudolabel__mult_0.5__sim_0.95__teacher_ridge__seed_0,condition_recombine_pseudolabel,0.5,0.95,ridge,0,31,0,1.0,True,,,,reaction_role_concat,6144,random_forest,False,valid,mae,22.122964368931857,0,0.01,random,,
condition_recombine_pseudolabel__mult_0.5__sim_0.95__teacher_ridge__seed_0,condition_recombine_pseudolabel,0.5,0.95,ridge,0,31,0,1.0,True,,,,reaction_role_concat,6144,random_forest,False,valid,r2,0.07749115743063129,0,0.01,random,,
condition_recombine_pseudolabel__mult_0.5__sim_0.95__teacher_ridge__seed_0,condition_recombine_pseudolabel,0.5,0.95,ridge,0,31,0,1.0,True,,,,reaction_role_concat,6144,random_forest,False,valid,spearman,0.30969971820848363,0,0.01,random,,
condition_recombine_pseudolabel__mult_0.5__sim_0.95__teacher_ridge__seed_1,condition_recombine_pseudolabel,0.5,0.95,ridge,1,31,0,1.0,True,,,,reaction_role_concat,6144,random_forest,False,valid,rmse,26.60717642441269,0,0.01,random,,
condition_recombine_pseudolabel__mult_0.5__sim_0.95__teacher_ridge__seed_1,condition_recombine_pseudolabel,0.5,0.95,ridge,1,31,0,1.0,True,,,,reaction_role_concat,6144,random_forest,False,valid,mae,22.122964368931857,0,0.01,random,,
condition_recombine_pseudolabel__mult_0.5__sim_0.95__teacher_ridge__seed_1,condition_recombine_pseudolabel,0.5,0.95,ridge,1,31,0,1.0,True,,,,reaction_role_concat,6144,random_forest,False,valid,r2,0.07749115743063129,0,0.01,random,,
condition_recombine_pseudolabel__mult_0.5__sim_0.95__teacher_ridge__seed_1,condition_recombine_pseudolabel,0.5,0.95,ridge,1,31,0,1.0,True,,,,reaction_role_concat,6144,random_forest,False,valid,spearman,0.30969971820848363,0,0.01,random,,
condition_recombine_pseudolabel__mult_0.5__sim_0.95__teacher_ridge__seed_2,condition_recombine_pseudolabel,0.5,0.95,ridge,2,31,0,1.0,True,,,,reaction_role_concat,6144,random_forest,False,valid,rmse,26.60717642441269,0,0.01,random,,
condition_recombine_pseudolabel__mult_0.5__sim_0.95__teacher_ridge__seed_2,condition_recombine_pseudolabel,0.5,0.95,ridge,2,31,0,1.0,True,,,,reaction_role_concat,6144,random_forest,False,valid,mae,22.122964368931857,0,0.01,random,,
condition_recombine_pseudolabel__mult_0.5__sim_0.95__teacher_ridge__seed_2,condition_recombine_pseudolabel,0.5,0.95,ridge,2,31,0,1.0,True,,,,reaction_role_concat,6144,random_forest,False,valid,r2,0.07749115743063129,0,0.01,random,,
condition_recombine_pseudolabel__mult_0.5__sim_0.95__teacher_ridge__seed_2,condition_recombine_pseudolabel,0.5,0.95,ridge,2,31,0,1.0,True,,,,reaction_role_concat,6144,random_forest,False,valid,spearman,0.30969971820848363,0,0.01,random,,
condition_recombine_pseudolabel__mult_0.5__sim_0.95__teacher_ridge__seed_3,condition_recombine_pseudolabel,0.5,0.95,ridge,3,31,0,1.0,True,,,,reaction_role_concat,6144,random_forest,False,valid,rmse,26.60717642441269,0,0.01,random,,
condition_recombine_pseudolabel__mult_0.5__sim_0.95__teacher_ridge__seed_3,condition_recombine_pseudolabel,0.5,0.95,ridge,3,31,0,1.0,True,,,,reaction_role_concat,6144,random_forest,False,valid,mae,22.122964368931857,0,0.01,random,,
condition_recombine_pseudolabel__mult_0.5__sim_0.95__teacher_ridge__seed_3,condition_recombine_pseudolabel,0.5,0.95,ridge,3,31,0,1.0,True,,,,reaction_role_concat,6144,random_forest,False,valid,r2,0.07749115743063129,0,0.01,random,,
condition_recombine_pseudolabel__mult_0.5__sim_0.95__teacher_ridge__seed_3,condition_recombine_pseudolabel,0.5,0.95,ridge,3,31,0,1.0,True,,,,reaction_role_concat,6144,random_forest,False,valid,spearman,0.30969971820848363,0,0.01,random,,
condition_recombine_pseudolabel__mult_0.5__sim_0.95__teacher_ridge__seed_4,condition_recombine_pseudolabel,0.5,0.95,ridge,4,31,0,1.0,True,,,,reaction_role_concat,6144,random_forest,False,valid,rmse,26.60717642441269,0,0.01,random,,
condition_recombine_pseudolabel__mult_0.5__sim_0.95__teacher_ridge__seed_4,condition_recombine_pseudolabel,0.5,0.95,ridge,4,31,0,1.0,True,,,,reaction_role_concat,6144,random_forest,False,valid,mae,22.122964368931857,0,0.01,random,,
condition_recombine_pseudolabel__mult_0.5__sim_0.95__teacher_ridge__seed_4,condition_recombine_pseudolabel,0.5,0.95,ridge,4,31,0,1.0,True,,,,reaction_role_concat,6144,random_forest,False,valid,r2,0.07749115743063129,0,0.01,random,,
condition_recombine_pseudolabel__mult_0.5__sim_0.95__teacher_ridge__seed_4,condition_recombine_pseudolabel,0.5,0.95,ridge,4,31,0,1.0,True,,,,reaction_role_concat,6144,random_forest,False,valid,spearman,0.30969971820848363,0,0.01,random,,
condition_recombine_pseudolabel__mult_0.5__sim_0.95__teacher_rf__seed_0,condition_recombine_pseudolabel,0.5,0.95,random_forest,0,31,0,1.0,True,,,,reaction_role_concat,6144,random_forest,False,valid,rmse,26.60717642441269,0,0.01,random,,
condition_recombine_pseudolabel__mult_0.5__sim_0.95__teacher_rf__seed_0,condition_recombine_pseudolabel,0.5,0.95,random_forest,0,31,0,1.0,True,,,,reaction_role_concat,6144,random_forest,False,valid,mae,22.122964368931857,0,0.01,random,,
condition_recombine_pseudolabel__mult_0.5__sim_0.95__teacher_rf__seed_0,condition_recombine_pseudolabel,0.5,0.95,random_forest,0,31,0,1.0,True,,,,reaction_role_concat,6144,random_forest,False,valid,r2,0.07749115743063129,0,0.01,random,,
condition_recombine_pseudolabel__mult_0.5__sim_0.95__teacher_rf__seed_0,condition_recombine_pseudolabel,0.5,0.95,random_forest,0,31,0,1.0,True,,,,reaction_role_concat,6144,random_forest,False,valid,spearman,0.30969971820848363,0,0.01,random,,
condition_recombine_pseudolabel__mult_0.5__sim_0.95__teacher_rf__seed_1,condition_recombine_pseudolabel,0.5,0.95,random_forest,1,31,0,1.0,True,,,,reaction_role_concat,6144,random_forest,False,valid,rmse,26.60717642441269,0,0.01,random,,
condition_recombine_pseudolabel__mult_0.5__sim_0.95__teacher_rf__seed_1,condition_recombine_pseudolabel,0.5,0.95,random_forest,1,31,0,1.0,True,,,,reaction_role_concat,6144,random_forest,False,valid,mae,22.122964368931857,0,0.01,random,,
condition_recombine_pseudolabel__mult_0.5__sim_0.95__teacher_rf__seed_1,condition_recombine_pseudolabel,0.5,0.95,random_forest,1,31,0,1.0,True,,,,reaction_role_concat,6144,random_forest,False,valid,r2,0.07749115743063129,0,0.01,random,,
condition_recombine_pseudolabel__mult_0.5__sim_0.95__teacher_rf__seed_1,condition_recombine_pseudolabel,0.5,0.95,random_forest,1,31,0,1.0,True,,,,reaction_role_concat,6144,random_forest,False,valid,spearman,0.30969971820848363,0,0.01,random,,
condition_recombine_pseudolabel__mult_0.5__sim_0.95__teacher_rf__seed_2,condition_recombine_pseudolabel,0.5,0.95,random_forest,2,31,0,1.0,True,,,,reaction_role_concat,6144,random_forest,False,valid,rmse,26.60717642441269,0,0.01,random,,
condition_recombine_pseudolabel__mult_0.5__sim_0.95__teacher_rf__seed_2,condition_recombine_pseudolabel,0.5,0.95,random_forest,2,31,0,1.0,True,,,,reaction_role_concat,6144,random_forest,False,valid,mae,22.122964368931857,0,0.01,random,,
condition_recombine_pseudolabel__mult_0.5__sim_0.95__teacher_rf__seed_2,condition_recombine_pseudolabel,0.5,0.95,random_forest,2,31,0,1.0,True,,,,reaction_role_concat,6144,random_forest,False,valid,r2,0.07749115743063129,0,0.01,random,,
condition_recombine_pseudolabel__mult_0.5__sim_0.95__teacher_rf__seed_2,condition_recombine_pseudolabel,0.5,0.95,random_forest,2,31,0,1.0,True,,,,reaction_role_concat,6144,random_forest,False,valid,spearman,0.30969971820848363,0,0.01,random,,
condition_recombine_pseudolabel__mult_0.5__sim_0.95__teacher_rf__seed_3,condition_recombine_pseudolabel,0.5,0.95,random_forest,3,31,0,1.0,True,,,,reaction_role_concat,6144,random_forest,False,valid,rmse,26.60717642441269,0,0.01,random,,
condition_recombine_pseudolabel__mult_0.5__sim_0.95__teacher_rf__seed_3,condition_recombine_pseudolabel,0.5,0.95,random_forest,3,31,0,1.0,True,,,,reaction_role_concat,6144,random_forest,False,valid,mae,22.122964368931857,0,0.01,random,,
condition_recombine_pseudolabel__mult_0.5__sim_0.95__teacher_rf__seed_3,condition_recombine_pseudolabel,0.5,0.95,random_forest,3,31,0,1.0,True,,,,reaction_role_concat,6144,random_forest,False,valid,r2,0.07749115743063129,0,0.01,random,,
condition_recombine_pseudolabel__mult_0.5__sim_0.95__teacher_rf__seed_3,condition_recombine_pseudolabel,0.5,0.95,random_forest,3,31,0,1.0,True,,,,reaction_role_concat,6144,random_forest,False,valid,spearman,0.30969971820848363,0,0.01,random,,
condition_recombine_pseudolabel__mult_0.5__sim_0.95__teacher_rf__seed_4,condition_recombine_pseudolabel,0.5,0.95,random_forest,4,31,0,1.0,True,,,,reaction_role_concat,6144,random_forest,False,valid,rmse,26.60717642441269,0,0.01,random,,
condition_recombine_pseudolabel__mult_0.5__sim_0.95__teacher_rf__seed_4,condition_recombine_pseudolabel,0.5,0.95,random_forest,4,31,0,1.0,True,,,,reaction_role_concat,6144,random_forest,False,valid,mae,22.122964368931857,0,0.01,random,,
condition_recombine_pseudolabel__mult_0.5__sim_0.95__teacher_rf__seed_4,condition_recombine_pseudolabel,0.5,0.95,random_forest,4,31,0,1.0,True,,,,reaction_role_concat,6144,random_forest,False,valid,r2,0.07749115743063129,0,0.01,random,,
condition_recombine_pseudolabel__mult_0.5__sim_0.95__teacher_rf__seed_4,condition_recombine_pseudolabel,0.5,0.95,random_forest,4,31,0,1.0,True,,,,reaction_role_concat,6144,random_forest,False,valid,spearman,0.30969971820848363,0,0.01,random,,
condition_recombine_pseudolabel__mult_1__sim_0.7__teacher_ridge__seed_0,condition_recombine_pseudolabel,1.0,0.7,ridge,0,31,31,2.0,True,0.797725215650374,0.7337662577629089,0.85,reaction_role_concat,6144,random_forest,False,valid,rmse,27.045071682589562,0,0.01,random,,
condition_recombine_pseudolabel__mult_1__sim_0.7__teacher_ridge__seed_0,condition_recombine_pseudolabel,1.0,0.7,ridge,0,31,31,2.0,True,0.797725215650374,0.7337662577629089,0.85,reaction_role_concat,6144,random_forest,False,valid,mae,22.10942333205893,0,0.01,random,,
condition_recombine_pseudolabel__mult_1__sim_0.7__teacher_ridge__seed_0,condition_recombine_pseudolabel,1.0,0.7,ridge,0,31,31,2.0,True,0.797725215650374,0.7337662577629089,0.85,reaction_role_concat,6144,random_forest,False,valid,r2,0.04687637864113725,0,0.01,random,,
condition_recombine_pseudolabel__mult_1__sim_0.7__teacher_ridge__seed_0,condition_recombine_pseudolabel,1.0,0.7,ridge,0,31,31,2.0,True,0.797725215650374,0.7337662577629089,0.85,reaction_role_concat,6144,random_forest,False,valid,spearman,0.30108597840076656,0,0.01,random,,
condition_recombine_pseudolabel__mult_1__sim_0.7__teacher_ridge__seed_1,condition_recombine_pseudolabel,1.0,0.7,ridge,1,31,31,2.0,True,0.7968782355708462,0.7385621070861816,0.85,reaction_role_concat,6144,random_forest,False,valid,rmse,27.179858277725128,0,0.01,random,,
condition_recombine_pseudolabel__mult_1__sim_0.7__teacher_ridge__seed_1,condition_recombine_pseudolabel,1.0,0.7,ridge,1,31,31,2.0,True,0.7968782355708462,0.7385621070861816,0.85,reaction_role_concat,6144,random_forest,False,valid,mae,22.07854250784011,0,0.01,random,,
condition_recombine_pseudolabel__mult_1__sim_0.7__teacher_ridge__seed_1,condition_recombine_pseudolabel,1.0,0.7,ridge,1,31,31,2.0,True,0.7968782355708462,0.7385621070861816,0.85,reaction_role_concat,6144,random_forest,False,valid,r2,0.037352394545248524,0,0.01,random,,
condition_recombine_pseudolabel__mult_1__sim_0.7__teacher_ridge__seed_1,condition_recombine_pseudolabel,1.0,0.7,ridge,1,31,31,2.0,True,0.7968782355708462,0.7385621070861816,0.85,reaction_role_concat,6144,random_forest,False,valid,spearman,0.3137692107821074,0,0.01,random,,
condition_recombine_pseudolabel__mult_1__sim_0.7__teacher_ridge__seed_2,condition_recombine_pseudolabel,1.0,0.7,ridge,2,31,31,2.0,True,0.7983744132903314,0.7142857313156128,0.85,reaction_role_concat,6144,random_forest,False,valid,rmse,25.514292691350423,0,0.01,random,,
condition_recombine_pseudolabel__mult_1__sim_0.7__teacher_ridge__seed_2,condition_recombine_pseudolabel,1.0,0.7,ridge,2,31,31,2.0,True,0.7983744132903314,0.7142857313156128,0.85,reaction_role_concat,6144,random_forest,False,valid,mae,21.15687976444975,0,0.01,random,,
condition_recombine_pseudolabel__mult_1__sim_0.7__teacher_ridge__seed_2,condition_recombine_pseudolabel,1.0,0.7,ridge,2,31,31,2.0,True,0.7983744132903314,0.7142857313156128,0.85,reaction_role_concat,6144,random_forest,False,valid,r2,0.15171844133246848,0,0.01,random,,
condition_recombine_pseudolabel__mult_1__sim_0.7__teacher_ridge__seed_2,condition_recombine_pseudolabel,1.0,0.7,ridge,2,31,31,2.0,True,0.7983744132903314,0.7142857313156128,0.85,reaction_role_concat,6144,random_forest,False,valid,spearman,0.3986030782205649,0,0.01,random,,
condition_recombine_pseudolabel__mult_1__sim_0.7__teacher_ridge__seed_3,condition_recombine_pseudolabel,1.0,0.7,ridge,3,31,31,2.0,True,0.8194623262651505,0.7142857313156128,0.85,reaction_role_concat,6144,random_forest,False,valid,rmse,26.836595582784255,0,0.01,random,,
condition_recombine_pseudolabel__mult_1__sim_0.7__teacher_ridge__seed_3,condition_recombine_pseudolabel,1.0,0.7,ridge,3,31,31,2.0,True,0.8194623262651505,0.7142857313156128,0.85,reaction_role_concat,6144,random_forest,False,valid,mae,21.37121517752997,0,0.01,random,,
condition_recombine_pseudolabel__mult_1__sim_0.7__teacher_ridge__seed_3,condition_recombine_pseudolabel,1.0,0.7,ridge,3,31,31,2.0,True,0.8194623262651505,0.7142857313156128,0.85,reaction_role_concat,6144,random_forest,False,valid,r2,0.061513991560653514,0,0.01,random,,
condition_recombine_pseudolabel__mult_1__sim_0.7__teacher_ridge__seed_3,condition_recombine_pseudolabel,1.0,0.7,ridge,3,31,31,2.0,True,0.8194623262651505,0.7142857313156128,0.85,reaction_role_concat,6144,random_forest,False,valid,spearman,0.38426209915153825,0,0.01,random,,
condition_recombine_pseudolabel__mult_1__sim_0.7__teacher_ridge__seed_4,condition_recombine_pseudolabel,1.0,0.7,ridge,4,31,31,2.0,True,0.799427556222485,0.7310344576835632,0.85,reaction_role_concat,6144,random_forest,False,valid,rmse,25.669610100268695,0,0.01,random,,
condition_recombine_pseudolabel__mult_1__sim_0.7__teacher_ridge__seed_4,condition_recombine_pseudolabel,1.0,0.7,ridge,4,31,31,2.0,True,0.799427556222485,0.7310344576835632,0.85,reaction_role_concat,6144,random_forest,False,valid,mae,20.41830260645589,0,0.01,random,,
condition_recombine_pseudolabel__mult_1__sim_0.7__teacher_ridge__seed_4,condition_recombine_pseudolabel,1.0,0.7,ridge,4,31,31,2.0,True,0.799427556222485,0.7310344576835632,0.85,reaction_role_concat,6144,random_forest,False,valid,r2,0.14135923474929735,0,0.01,random,,
condition_recombine_pseudolabel__mult_1__sim_0.7__teacher_ridge__seed_4,condition_recombine_pseudolabel,1.0,0.7,ridge,4,31,31,2.0,True,0.799427556222485,0.7310344576835632,0.85,reaction_role_concat,6144,random_forest,False,valid,spearman,0.4350616267465819,0,0.01,random,,
condition_recombine_pseudolabel__mult_1__sim_0.7__teacher_rf__seed_0,condition_recombine_pseudolabel,1.0,0.7,random_forest,0,31,31,2.0,True,0.797725215650374,0.7337662577629089,0.85,reaction_role_concat,6144,random_forest,False,valid,rmse,26.111770928692994,0,0.01,random,,
condition_recombine_pseudolabel__mult_1__sim_0.7__teacher_rf__seed_0,condition_recombine_pseudolabel,1.0,0.7,random_forest,0,31,31,2.0,True,0.797725215650374,0.7337662577629089,0.85,reaction_role_concat,6144,random_forest,False,valid,mae,21.533561519397967,0,0.01,random,,
condition_recombine_pseudolabel__mult_1__sim_0.7__teacher_rf__seed_0,condition_recombine_pseudolabel,1.0,0.7,random_forest,0,31,31,2.0,True,0.797725215650374,0.7337662577629089,0.85,reaction_role_concat,6144,random_forest,False,valid,r2,0.11152417901944878,0,0.01,random,,
condition_recombine_pseudolabel__mult_1__sim_0.7__teacher_rf__seed_0,condition_recombine_pseudolabel,1.0,0.7,random_forest,0,31,31,2.0,True,0.797725215650374,0.7337662577629089,0.85,reaction_role_concat,6144,random_forest,False,valid,spearman,0.3642704101819749,0,0.01,random,,
condition_recombine_pseudolabel__mult_1__sim_0.7__teacher_rf__seed_1,condition_recombine_pseudolabel,1.0,0.7,random_forest,1,31,31,2.0,True,0.7968782355708462,0.7385621070861816,0.85,reaction_role_concat,6144,random_forest,False,valid,rmse,26.083863372442774,0,0.01,random,,
condition_recombine_pseudolabel__mult_1__sim_0.7__teacher_rf__seed_1,condition_recombine_pseudolabel,1.0,0.7,random_forest,1,31,31,2.0,True,0.7968782355708462,0.7385621070861816,0.85,reaction_role_concat,6144,random_forest,False,valid,mae,21.397214850359326,0,0.01,random,,
condition_recombine_pseudolabel__mult_1__sim_0.7__teacher_rf__seed_1,condition_recombine_pseudolabel,1.0,0.7,random_forest,1,31,31,2.0,True,0.7968782355708462,0.7385621070861816,0.85,reaction_role_concat,6144,random_forest,False,valid,r2,0.11342232210627134,0,0.01,random,,
condition_recombine_pseudolabel__mult_1__sim_0.7__teacher_rf__seed_1,condition_recombine_pseudolabel,1.0,0.7,random_forest,1,31,31,2.0,True,0.7968782355708462,0.7385621070861816,0.85,reaction_role_concat,6144,random_forest,False,valid,spearman,0.3719161412049527,0,0.01,random,,
condition_recombine_pseudolabel__mult_1__sim_0.7__teacher_rf__seed_2,condition_recombine_pseudolabel,1.0,0.7,random_forest,2,31,31,2.0,True,0.7983744132903314,0.7142857313156128,0.85,reaction_role_concat,6144,random_forest,False,valid,rmse,26.153579795208685,0,0.01,random,,
condition_recombine_pseudolabel__mult_1__sim_0.7__teacher_rf__seed_2,condition_recombine_pseudolabel,1.0,0.7,random_forest,2,31,31,2.0,True,0.7983744132903314,0.7142857313156128,0.85,reaction_role_concat,6144,random_forest,False,valid,mae,21.714763067728356,0,0.01,random,,
condition_recombine_pseudolabel__mult_1__sim_0.7__teacher_rf__seed_2,condition_recombine_pseudolabel,1.0,0.7,random_forest,2,31,31,2.0,True,0.7983744132903314,0.7142857313156128,0.85,reaction_role_concat,6144,random_forest,False,valid,r2,0.1086767348227945,0,0.01,random,,
condition_recombine_pseudolabel__mult_1__sim_0.7__teacher_rf__seed_2,condition_recombine_pseudolabel,1.0,0.7,random_forest,2,31,31,2.0,True,0.7983744132903314,0.7142857313156128,0.85,reaction_role_concat,6144,random_forest,False,valid,spearman,0.3445924331722216,0,0.01,random,,
condition_recombine_pseudolabel__mult_1__sim_0.7__teacher_rf__seed_3,condition_recombine_pseudolabel,1.0,0.7,random_forest,3,31,31,2.0,True,0.8194623262651505,0.7142857313156128,0.85,reaction_role_concat,6144,random_forest,False,valid,rmse,27.557967951677924,0,0.01,random,,
condition_recombine_pseudolabel__mult_1__sim_0.7__teacher_rf__seed_3,condition_recombine_pseudolabel,1.0,0.7,random_forest,3,31,31,2.0,True,0.8194623262651505,0.7142857313156128,0.85,reaction_role_concat,6144,random_forest,False,valid,mae,22.592905242293693,0,0.01,random,,
condition_recombine_pseudolabel__mult_1__sim_0.7__teacher_rf__seed_3,condition_recombine_pseudolabel,1.0,0.7,random_forest,3,31,31,2.0,True,0.8194623262651505,0.7142857313156128,0.85,reaction_role_concat,6144,random_forest,False,valid,r2,0.010382559227381183,0,0.01,random,,
condition_recombine_pseudolabel__mult_1__sim_0.7__teacher_rf__seed_3,condition_recombine_pseudolabel,1.0,0.7,random_forest,3,31,31,2.0,True,0.8194623262651505,0.7142857313156128,0.85,reaction_role_concat,6144,random_forest,False,valid,spearman,0.28537019707459643,0,0.01,random,,
condition_recombine_pseudolabel__mult_1__sim_0.7__teacher_rf__seed_4,condition_recombine_pseudolabel,1.0,0.7,random_forest,4,31,31,2.0,True,0.799427556222485,0.7310344576835632,0.85,reaction_role_concat,6144,random_forest,False,valid,rmse,26.429917540132625,0,0.01,random,,
condition_recombine_pseudolabel__mult_1__sim_0.7__teacher_rf__seed_4,condition_recombine_pseudolabel,1.0,0.7,random_forest,4,31,31,2.0,True,0.799427556222485,0.7310344576835632,0.85,reaction_role_concat,6144,random_forest,False,valid,mae,21.51209126620202,0,0.01,random,,
condition_recombine_pseudolabel__mult_1__sim_0.7__teacher_rf__seed_4,condition_recombine_pseudolabel,1.0,0.7,random_forest,4,31,31,2.0,True,0.799427556222485,0.7310344576835632,0.85,reaction_role_concat,6144,random_forest,False,valid,r2,0.08974185138406998,0,0.01,random,,
condition_recombine_pseudolabel__mult_1__sim_0.7__teacher_rf__seed_4,condition_recombine_pseudolabel,1.0,0.7,random_forest,4,31,31,2.0,True,0.799427556222485,0.7310344576835632,0.85,reaction_role_concat,6144,random_forest,False,valid,spearman,0.3533709155733584,0,0.01,random,,
condition_recombine_pseudolabel__mult_1__sim_0.8__teacher_ridge__seed_0,condition_recombine_pseudolabel,1.0,0.8,ridge,0,31,14,1.4516129032258065,True,0.8404388419219425,0.802395224571228,0.85,reaction_role_concat,6144,random_forest,False,valid,rmse,26.086175368798678,0,0.01,random,,
condition_recombine_pseudolabel__mult_1__sim_0.8__teacher_ridge__seed_0,condition_recombine_pseudolabel,1.0,0.8,ridge,0,31,14,1.4516129032258065,True,0.8404388419219425,0.802395224571228,0.85,reaction_role_concat,6144,random_forest,False,valid,mae,21.336731936453265,0,0.01,random,,
condition_recombine_pseudolabel__mult_1__sim_0.8__teacher_ridge__seed_0,condition_recombine_pseudolabel,1.0,0.8,ridge,0,31,14,1.4516129032258065,True,0.8404388419219425,0.802395224571228,0.85,reaction_role_concat,6144,random_forest,False,valid,r2,0.11326514790444675,0,0.01,random,,
condition_recombine_pseudolabel__mult_1__sim_0.8__teacher_ridge__seed_0,condition_recombine_pseudolabel,1.0,0.8,ridge,0,31,14,1.4516129032258065,True,0.8404388419219425,0.802395224571228,0.85,reaction_role_concat,6144,random_forest,False,valid,spearman,0.3597814666080839,0,0.01,random,,
condition_recombine_pseudolabel__mult_1__sim_0.8__teacher_ridge__seed_1,condition_recombine_pseudolabel,1.0,0.8,ridge,1,31,15,1.4838709677419355,True,0.8336803030967712,0.802395224571228,0.85,reaction_role_concat,6144,random_forest,False,valid,rmse,26.391535184901798,0,0.01,random,,
condition_recombine_pseudolabel__mult_1__sim_0.8__teacher_ridge__seed_1,condition_recombine_pseudolabel,1.0,0.8,ridge,1,31,15,1.4838709677419355,True,0.8336803030967712,0.802395224571228,0.85,reaction_role_concat,6144,random_forest,False,valid,mae,21.383406286877925,0,0.01,random,,
condition_recombine_pseudolabel__mult_1__sim_0.8__teacher_ridge__seed_1,condition_recombine_pseudolabel,1.0,0.8,ridge,1,31,15,1.4838709677419355,True,0.8336803030967712,0.802395224571228,0.85,reaction_role_concat,6144,random_forest,False,valid,r2,0.09238374253919357,0,0.01,random,,
condition_recombine_pseudolabel__mult_1__sim_0.8__teacher_ridge__seed_1,condition_recombine_pseudolabel,1.0,0.8,ridge,1,31,15,1.4838709677419355,True,0.8336803030967712,0.802395224571228,0.85,reaction_role_concat,6144,random_forest,False,valid,spearman,0.3692341084163355,0,0.01,random,,
condition_recombine_pseudolabel__mult_1__sim_0.8__teacher_ridge__seed_2,condition_recombine_pseudolabel,1.0,0.8,ridge,2,31,15,1.4838709677419355,True,0.8306295887629191,0.8029196858406067,0.85,reaction_role_concat,6144,random_forest,False,valid,rmse,27.165823665613676,0,0.01,random,,
condition_recombine_pseudolabel__mult_1__sim_0.8__teacher_ridge__seed_2,condition_recombine_pseudolabel,1.0,0.8,ridge,2,31,15,1.4838709677419355,True,0.8306295887629191,0.8029196858406067,0.85,reaction_role_concat,6144,random_forest,False,valid,mae,22.342234060764316,0,0.01,random,,
condition_recombine_pseudolabel__mult_1__sim_0.8__teacher_ridge__seed_2,condition_recombine_pseudolabel,1.0,0.8,ridge,2,31,15,1.4838709677419355,True,0.8306295887629191,0.8029196858406067,0.85,reaction_role_concat,6144,random_forest,False,valid,r2,0.03834628476263513,0,0.01,random,,
condition_recombine_pseudolabel__mult_1__sim_0.8__teacher_ridge__seed_2,condition_recombine_pseudolabel,1.0,0.8,ridge,2,31,15,1.4838709677419355,True,0.8306295887629191,0.8029196858406067,0.85,reaction_role_concat,6144,random_forest,False,valid,spearman,0.2971612829379964,0,0.01,random,,
condition_recombine_pseudolabel__mult_1__sim_0.8__teacher_ridge__seed_3,condition_recombine_pseudolabel,1.0,0.8,ridge,3,31,24,1.7741935483870968,True,0.8336723893880844,0.800000011920929,0.85,reaction_role_concat,6144,random_forest,False,valid,rmse,26.65432388228403,0,0.01,random,,
condition_recombine_pseudolabel__mult_1__sim_0.8__teacher_ridge__seed_3,condition_recombine_pseudolabel,1.0,0.8,ridge,3,31,24,1.7741935483870968,True,0.8336723893880844,0.800000011920929,0.85,reaction_role_concat,6144,random_forest,False,valid,mae,21.483453999318655,0,0.01,random,,
condition_recombine_pseudolabel__mult_1__sim_0.8__teacher_ridge__seed_3,condition_recombine_pseudolabel,1.0,0.8,ridge,3,31,24,1.7741935483870968,True,0.8336723893880844,0.800000011920929,0.85,reaction_role_concat,6144,random_forest,False,valid,r2,0.07421892129715446,0,0.01,random,,
condition_recombine_pseudolabel__mult_1__sim_0.8__teacher_ridge__seed_3,condition_recombine_pseudolabel,1.0,0.8,ridge,3,31,24,1.7741935483870968,True,0.8336723893880844,0.800000011920929,0.85,reaction_role_concat,6144,random_forest,False,valid,spearman,0.3674273923622596,0,0.01,random,,
condition_recombine_pseudolabel__mult_1__sim_0.8__teacher_ridge__seed_4,condition_recombine_pseudolabel,1.0,0.8,ridge,4,31,17,1.5483870967741935,True,0.8249230679343729,0.800000011920929,0.85,reaction_role_concat,6144,random_forest,False,valid,rmse,26.01999048367154,0,0.01,random,,
condition_recombine_pseudolabel__mult_1__sim_0.8__teacher_ridge__seed_4,condition_recombine_pseudolabel,1.0,0.8,ridge,4,31,17,1.5483870967741935,True,0.8249230679343729,0.800000011920929,0.85,reaction_role_concat,6144,random_forest,False,valid,mae,21.232465861009644,0,0.01,random,,
condition_recombine_pseudolabel__mult_1__sim_0.8__teacher_ridge__seed_4,condition_recombine_pseudolabel,1.0,0.8,ridge,4,31,17,1.5483870967741935,True,0.8249230679343729,0.800000011920929,0.85,reaction_role_concat,6144,random_forest,False,valid,r2,0.11775902195181731,0,0.01,random,,
condition_recombine_pseudolabel__mult_1__sim_0.8__teacher_ridge__seed_4,condition_recombine_pseudolabel,1.0,0.8,ridge,4,31,17,1.5483870967741935,True,0.8249230679343729,0.800000011920929,0.85,reaction_role_concat,6144,random_forest,False,valid,spearman,0.37589839420191906,0,0.01,random,,
condition_recombine_pseudolabel__mult_1__sim_0.8__teacher_rf__seed_0,condition_recombine_pseudolabel,1.0,0.8,random_forest,0,31,14,1.4516129032258065,True,0.8404388419219425,0.802395224571228,0.85,reaction_role_concat,6144,random_forest,False,valid,rmse,26.810031608625607,0,0.01,random,,
condition_recombine_pseudolabel__mult_1__sim_0.8__teacher_rf__seed_0,condition_recombine_pseudolabel,1.0,0.8,random_forest,0,31,14,1.4516129032258065,True,0.8404388419219425,0.802395224571228,0.85,reaction_role_concat,6144,random_forest,False,valid,mae,21.97127772317808,0,0.01,random,,
condition_recombine_pseudolabel__mult_1__sim_0.8__teacher_rf__seed_0,condition_recombine_pseudolabel,1.0,0.8,random_forest,0,31,14,1.4516129032258065,True,0.8404388419219425,0.802395224571228,0.85,reaction_role_concat,6144,random_forest,False,valid,r2,0.06337097671114977,0,0.01,random,,
condition_recombine_pseudolabel__mult_1__sim_0.8__teacher_rf__seed_0,condition_recombine_pseudolabel,1.0,0.8,random_forest,0,31,14,1.4516129032258065,True,0.8404388419219425,0.802395224571228,0.85,reaction_role_concat,6144,random_forest,False,valid,spearman,0.3159725942862969,0,0.01,random,,
condition_recombine_pseudolabel__mult_1__sim_0.8__teacher_rf__seed_1,condition_recombine_pseudolabel,1.0,0.8,random_forest,1,31,15,1.4838709677419355,True,0.8336803030967712,0.802395224571228,0.85,reaction_role_concat,6144,random_forest,False,valid,rmse,26.528424863872523,0,0.01,random,,
condition_recombine_pseudolabel__mult_1__sim_0.8__teacher_rf__seed_1,condition_recombine_pseudolabel,1.0,0.8,random_forest,1,31,15,1.4838709677419355,True,0.8336803030967712,0.802395224571228,0.85,reaction_role_concat,6144,random_forest,False,valid,mae,21.532220864175237,0,0.01,random,,
condition_recombine_pseudolabel__mult_1__sim_0.8__teacher_rf__seed_1,condition_recombine_pseudolabel,1.0,0.8,random_forest,1,31,15,1.4838709677419355,True,0.8336803030967712,0.802395224571228,0.85,reaction_role_concat,6144,random_forest,False,valid,r2,0.0829439343076519,0,0.01,random,,
condition_recombine_pseudolabel__mult_1__sim_0.8__teacher_rf__seed_1,condition_recombine_pseudolabel,1.0,0.8,random_forest,1,31,15,1.4838709677419355,True,0.8336803030967712,0.802395224571228,0.85,reaction_role_concat,6144,random_forest,False,valid,spearman,0.34888800866660213,0,0.01,random,,
condition_recombine_pseudolabel__mult_1__sim_0.8__teacher_rf__seed_2,condition_recombine_pseudolabel,1.0,0.8,random_forest,2,31,15,1.4838709677419355,True,0.8306295887629191,0.8029196858406067,0.85,reaction_role_concat,6144,random_forest,False,valid,rmse,27.004568073598904,0,0.01,random,,
condition_recombine_pseudolabel__mult_1__sim_0.8__teacher_rf__seed_2,condition_recombine_pseudolabel,1.0,0.8,random_forest,2,31,15,1.4838709677419355,True,0.8306295887629191,0.8029196858406067,0.85,reaction_role_concat,6144,random_forest,False,valid,mae,22.314895976099788,0,0.01,random,,
condition_recombine_pseudolabel__mult_1__sim_0.8__teacher_rf__seed_2,condition_recombine_pseudolabel,1.0,0.8,random_forest,2,31,15,1.4838709677419355,True,0.8306295887629191,0.8029196858406067,0.85,reaction_role_concat,6144,random_forest,False,valid,r2,0.049729100859726594,0,0.01,random,,
condition_recombine_pseudolabel__mult_1__sim_0.8__teacher_rf__seed_2,condition_recombine_pseudolabel,1.0,0.8,random_forest,2,31,15,1.4838709677419355,True,0.8306295887629191,0.8029196858406067,0.85,reaction_role_concat,6144,random_forest,False,valid,spearman,0.2903076065972412,0,0.01,random,,
condition_recombine_pseudolabel__mult_1__sim_0.8__teacher_rf__seed_3,condition_recombine_pseudolabel,1.0,0.8,random_forest,3,31,24,1.7741935483870968,True,0.8336723893880844,0.800000011920929,0.85,reaction_role_concat,6144,random_forest,False,valid,rmse,27.278523235675276,0,0.01,random,,
condition_recombine_pseudolabel__mult_1__sim_0.8__teacher_rf__seed_3,condition_recombine_pseudolabel,1.0,0.8,random_forest,3,31,24,1.7741935483870968,True,0.8336723893880844,0.800000011920929,0.85,reaction_role_concat,6144,random_forest,False,valid,mae,22.251991242011893,0,0.01,random,,
condition_recombine_pseudolabel__mult_1__sim_0.8__teacher_rf__seed_3,condition_recombine_pseudolabel,1.0,0.8,random_forest,3,31,24,1.7741935483870968,True,0.8336723893880844,0.800000011920929,0.85,reaction_role_concat,6144,random_forest,False,valid,r2,0.030350740886172733,0,0.01,random,,
condition_recombine_pseudolabel__mult_1__sim_0.8__teacher_rf__seed_3,condition_recombine_pseudolabel,1.0,0.8,random_forest,3,31,24,1.7741935483870968,True,0.8336723893880844,0.800000011920929,0.85,reaction_role_concat,6144,random_forest,False,valid,spearman,0.29926407331325466,0,0.01,random,,
condition_recombine_pseudolabel__mult_1__sim_0.8__teacher_rf__seed_4,condition_recombine_pseudolabel,1.0,0.8,random_forest,4,31,17,1.5483870967741935,True,0.8249230679343729,0.800000011920929,0.85,reaction_role_concat,6144,random_forest,False,valid,rmse,26.433855545180766,0,0.01,random,,
condition_recombine_pseudolabel__mult_1__sim_0.8__teacher_rf__seed_4,condition_recombine_pseudolabel,1.0,0.8,random_forest,4,31,17,1.5483870967741935,True,0.8249230679343729,0.800000011920929,0.85,reaction_role_concat,6144,random_forest,False,valid,mae,21.5284393696453,0,0.01,random,,
condition_recombine_pseudolabel__mult_1__sim_0.8__teacher_rf__seed_4,condition_recombine_pseudolabel,1.0,0.8,random_forest,4,31,17,1.5483870967741935,True,0.8249230679343729,0.800000011920929,0.85,reaction_role_concat,6144,random_forest,False,valid,r2,0.08947057787531731,0,0.01,random,,
condition_recombine_pseudolabel__mult_1__sim_0.8__teacher_rf__seed_4,condition_recombine_pseudolabel,1.0,0.8,random_forest,4,31,17,1.5483870967741935,True,0.8249230679343729,0.800000011920929,0.85,reaction_role_concat,6144,random_forest,False,valid,spearman,0.34892325501342125,0,0.01,random,,
condition_recombine_pseudolabel__mult_1__sim_0.85__teacher_ridge__seed_0,condition_recombine_pseudolabel,1.0,0.85,ridge,0,31,8,1.2580645161290323,True,0.85,0.85,0.85,reaction_role_concat,6144,random_forest,False,valid,rmse,26.620560494094896,0,0.01,random,,
condition_recombine_pseudolabel__mult_1__sim_0.85__teacher_ridge__seed_0,condition_recombine_pseudolabel,1.0,0.85,ridge,0,31,8,1.2580645161290323,True,0.85,0.85,0.85,reaction_role_concat,6144,random_forest,False,valid,mae,21.716362283460697,0,0.01,random,,
condition_recombine_pseudolabel__mult_1__sim_0.85__teacher_ridge__seed_0,condition_recombine_pseudolabel,1.0,0.85,ridge,0,31,8,1.2580645161290323,True,0.85,0.85,0.85,reaction_role_concat,6144,random_forest,False,valid,r2,0.07656283434677114,0,0.01,random,,
condition_recombine_pseudolabel__mult_1__sim_0.85__teacher_ridge__seed_0,condition_recombine_pseudolabel,1.0,0.85,ridge,0,31,8,1.2580645161290323,True,0.85,0.85,0.85,reaction_role_concat,6144,random_forest,False,valid,spearman,0.33640632307508334,0,0.01,random,,
condition_recombine_pseudolabel__mult_1__sim_0.85__teacher_ridge__seed_1,condition_recombine_pseudolabel,1.0,0.85,ridge,1,31,8,1.2580645161290323,True,0.85,0.85,0.85,reaction_role_concat,6144,random_forest,False,valid,rmse,26.527092249843214,0,0.01,random,,
condition_recombine_pseudolabel__mult_1__sim_0.85__teacher_ridge__seed_1,condition_recombine_pseudolabel,1.0,0.85,ridge,1,31,8,1.2580645161290323,True,0.85,0.85,0.85,reaction_role_concat,6144,random_forest,False,valid,mae,21.33237075094935,0,0.01,random,,
condition_recombine_pseudolabel__mult_1__sim_0.85__teacher_ridge__seed_1,condition_recombine_pseudolabel,1.0,0.85,ridge,1,31,8,1.2580645161290323,True,0.85,0.85,0.85,reaction_role_concat,6144,random_forest,False,valid,r2,0.08303606575461009,0,0.01,random,,
condition_recombine_pseudolabel__mult_1__sim_0.85__teacher_ridge__seed_1,condition_recombine_pseudolabel,1.0,0.85,ridge,1,31,8,1.2580645161290323,True,0.85,0.85,0.85,reaction_role_concat,6144,random_forest,False,valid,spearman,0.36621051710660946,0,0.01,random,,
condition_recombine_pseudolabel__mult_1__sim_0.85__teacher_ridge__seed_2,condition_recombine_pseudolabel,1.0,0.85,ridge,2,31,4,1.1290322580645162,True,0.85,0.85,0.85,reaction_role_concat,6144,random_forest,False,valid,rmse,26.881619862404165,0,0.01,random,,
condition_recombine_pseudolabel__mult_1__sim_0.85__teacher_ridge__seed_2,condition_recombine_pseudolabel,1.0,0.85,ridge,2,31,4,1.1290322580645162,True,0.85,0.85,0.85,reaction_role_concat,6144,random_forest,False,valid,mae,22.192828750974016,0,0.01,random,,
condition_recombine_pseudolabel__mult_1__sim_0.85__teacher_ridge__seed_2,condition_recombine_pseudolabel,1.0,0.85,ridge,2,31,4,1.1290322580645162,True,0.85,0.85,0.85,reaction_role_concat,6144,random_forest,False,valid,r2,0.05836231741753306,0,0.01,random,,
condition_recombine_pseudolabel__mult_1__sim_0.85__teacher_ridge__seed_2,condition_recombine_pseudolabel,1.0,0.85,ridge,2,31,4,1.1290322580645162,True,0.85,0.85,0.85,reaction_role_concat,6144,random_forest,False,valid,spearman,0.29920078567393854,0,0.01,random,,
condition_recombine_pseudolabel__mult_1__sim_0.85__teacher_ridge__seed_3,condition_recombine_pseudolabel,1.0,0.85,ridge,3,31,10,1.3225806451612903,True,0.85,0.85,0.85,reaction_role_concat,6144,random_forest,False,valid,rmse,26.161892781392964,0,0.01,random,,
condition_recombine_pseudolabel__mult_1__sim_0.85__teacher_ridge__seed_3,condition_recombine_pseudolabel,1.0,0.85,ridge,3,31,10,1.3225806451612903,True,0.85,0.85,0.85,reaction_role_concat,6144,random_forest,False,valid,mae,21.05340596879283,0,0.01,random,,
condition_recombine_pseudolabel__mult_1__sim_0.85__teacher_ridge__seed_3,condition_recombine_pseudolabel,1.0,0.85,ridge,3,31,10,1.3225806451612903,True,0.85,0.85,0.85,reaction_role_concat,6144,random_forest,False,valid,r2,0.10811002574348583,0,0.01,random,,
condition_recombine_pseudolabel__mult_1__sim_0.85__teacher_ridge__seed_3,condition_recombine_pseudolabel,1.0,0.85,ridge,3,31,10,1.3225806451612903,True,0.85,0.85,0.85,reaction_role_concat,6144,random_forest,False,valid,spearman,0.388088761921386,0,0.01,random,,
condition_recombine_pseudolabel__mult_1__sim_0.85__teacher_ridge__seed_4,condition_recombine_pseudolabel,1.0,0.85,ridge,4,31,4,1.1290322580645162,True,0.85,0.85,0.85,reaction_role_concat,6144,random_forest,False,valid,rmse,26.8017652508133,0,0.01,random,,
condition_recombine_pseudolabel__mult_1__sim_0.85__teacher_ridge__seed_4,condition_recombine_pseudolabel,1.0,0.85,ridge,4,31,4,1.1290322580645162,True,0.85,0.85,0.85,reaction_role_concat,6144,random_forest,False,valid,mae,22.134641238426862,0,0.01,random,,
condition_recombine_pseudolabel__mult_1__sim_0.85__teacher_ridge__seed_4,condition_recombine_pseudolabel,1.0,0.85,ridge,4,31,4,1.1290322580645162,True,0.85,0.85,0.85,reaction_role_concat,6144,random_forest,False,valid,r2,0.0639484707723097,0,0.01,random,,
condition_recombine_pseudolabel__mult_1__sim_0.85__teacher_ridge__seed_4,condition_recombine_pseudolabel,1.0,0.85,ridge,4,31,4,1.1290322580645162,True,0.85,0.85,0.85,reaction_role_concat,6144,random_forest,False,valid,spearman,0.3123331807669816,0,0.01,random,,
condition_recombine_pseudolabel__mult_1__sim_0.85__teacher_rf__seed_0,condition_recombine_pseudolabel,1.0,0.85,random_forest,0,31,8,1.2580645161290323,True,0.85,0.85,0.85,reaction_role_concat,6144,random_forest,False,valid,rmse,26.48854832087393,0,0.01,random,,
condition_recombine_pseudolabel__mult_1__sim_0.85__teacher_rf__seed_0,condition_recombine_pseudolabel,1.0,0.85,random_forest,0,31,8,1.2580645161290323,True,0.85,0.85,0.85,reaction_role_concat,6144,random_forest,False,valid,mae,21.638566828152804,0,0.01,random,,
condition_recombine_pseudolabel__mult_1__sim_0.85__teacher_rf__seed_0,condition_recombine_pseudolabel,1.0,0.85,random_forest,0,31,8,1.2580645161290323,True,0.85,0.85,0.85,reaction_role_concat,6144,random_forest,False,valid,r2,0.08569883145835877,0,0.01,random,,
condition_recombine_pseudolabel__mult_1__sim_0.85__teacher_rf__seed_0,condition_recombine_pseudolabel,1.0,0.85,random_forest,0,31,8,1.2580645161290323,True,0.85,0.85,0.85,reaction_role_concat,6144,random_forest,False,valid,spearman,0.3477328632006851,0,0.01,random,,
condition_recombine_pseudolabel__mult_1__sim_0.85__teacher_rf__seed_1,condition_recombine_pseudolabel,1.0,0.85,random_forest,1,31,8,1.2580645161290323,True,0.85,0.85,0.85,reaction_role_concat,6144,random_forest,False,valid,rmse,26.93637784576351,0,0.01,random,,
condition_recombine_pseudolabel__mult_1__sim_0.85__teacher_rf__seed_1,condition_recombine_pseudolabel,1.0,0.85,random_forest,1,31,8,1.2580645161290323,True,0.85,0.85,0.85,reaction_role_concat,6144,random_forest,False,valid,mae,21.78810381898699,0,0.01,random,,
condition_recombine_pseudolabel__mult_1__sim_0.85__teacher_rf__seed_1,condition_recombine_pseudolabel,1.0,0.85,random_forest,1,31,8,1.2580645161290323,True,0.85,0.85,0.85,reaction_role_concat,6144,random_forest,False,valid,r2,0.0545221696126682,0,0.01,random,,
condition_recombine_pseudolabel__mult_1__sim_0.85__teacher_rf__seed_1,condition_recombine_pseudolabel,1.0,0.85,random_forest,1,31,8,1.2580645161290323,True,0.85,0.85,0.85,reaction_role_concat,6144,random_forest,False,valid,spearman,0.32571238310087436,0,0.01,random,,
condition_recombine_pseudolabel__mult_1__sim_0.85__teacher_rf__seed_2,condition_recombine_pseudolabel,1.0,0.85,random_forest,2,31,4,1.1290322580645162,True,0.85,0.85,0.85,reaction_role_concat,6144,random_forest,False,valid,rmse,26.805201176549133,0,0.01,random,,
condition_recombine_pseudolabel__mult_1__sim_0.85__teacher_rf__seed_2,condition_recombine_pseudolabel,1.0,0.85,random_forest,2,31,4,1.1290322580645162,True,0.85,0.85,0.85,reaction_role_concat,6144,random_forest,False,valid,mae,22.103722166989424,0,0.01,random,,
condition_recombine_pseudolabel__mult_1__sim_0.85__teacher_rf__seed_2,condition_recombine_pseudolabel,1.0,0.85,random_forest,2,31,4,1.1290322580645162,True,0.85,0.85,0.85,reaction_role_concat,6144,random_forest,False,valid,r2,0.06370845600729313,0,0.01,random,,
condition_recombine_pseudolabel__mult_1__sim_0.85__teacher_rf__seed_2,condition_recombine_pseudolabel,1.0,0.85,random_forest,2,31,4,1.1290322580645162,True,0.85,0.85,0.85,reaction_role_concat,6144,random_forest,False,valid,spearman,0.30463857183877374,0,0.01,random,,
condition_recombine_pseudolabel__mult_1__sim_0.85__teacher_rf__seed_3,condition_recombine_pseudolabel,1.0,0.85,random_forest,3,31,10,1.3225806451612903,True,0.85,0.85,0.85,reaction_role_concat,6144,random_forest,False,valid,rmse,27.42846782501568,0,0.01,random,,
condition_recombine_pseudolabel__mult_1__sim_0.85__teacher_rf__seed_3,condition_recombine_pseudolabel,1.0,0.85,random_forest,3,31,10,1.3225806451612903,True,0.85,0.85,0.85,reaction_role_concat,6144,random_forest,False,valid,mae,22.48495445763009,0,0.01,random,,
condition_recombine_pseudolabel__mult_1__sim_0.85__teacher_rf__seed_3,condition_recombine_pseudolabel,1.0,0.85,random_forest,3,31,10,1.3225806451612903,True,0.85,0.85,0.85,reaction_role_concat,6144,random_forest,False,valid,r2,0.019661506821336605,0,0.01,random,,
condition_recombine_pseudolabel__mult_1__sim_0.85__teacher_rf__seed_3,condition_recombine_pseudolabel,1.0,0.85,random_forest,3,31,10,1.3225806451612903,True,0.85,0.85,0.85,reaction_role_concat,6144,random_forest,False,valid,spearman,0.27918787100380466,0,0.01,random,,
condition_recombine_pseudolabel__mult_1__sim_0.85__teacher_rf__seed_4,condition_recombine_pseudolabel,1.0,0.85,random_forest,4,31,4,1.1290322580645162,True,0.85,0.85,0.85,reaction_role_concat,6144,random_forest,False,valid,rmse,26.908969149299363,0,0.01,random,,
condition_recombine_pseudolabel__mult_1__sim_0.85__teacher_rf__seed_4,condition_recombine_pseudolabel,1.0,0.85,random_forest,4,31,4,1.1290322580645162,True,0.85,0.85,0.85,reaction_role_concat,6144,random_forest,False,valid,mae,22.092155600697183,0,0.01,random,,
condition_recombine_pseudolabel__mult_1__sim_0.85__teacher_rf__seed_4,condition_recombine_pseudolabel,1.0,0.85,random_forest,4,31,4,1.1290322580645162,True,0.85,0.85,0.85,reaction_role_concat,6144,random_forest,False,valid,r2,0.05644530349941146,0,0.01,random,,
condition_recombine_pseudolabel__mult_1__sim_0.85__teacher_rf__seed_4,condition_recombine_pseudolabel,1.0,0.85,random_forest,4,31,4,1.1290322580645162,True,0.85,0.85,0.85,reaction_role_concat,6144,random_forest,False,valid,spearman,0.3187026438290039,0,0.01,random,,
condition_recombine_pseudolabel__mult_1__sim_0.9__teacher_ridge__seed_0,condition_recombine_pseudolabel,1.0,0.9,ridge,0,31,3,1.096774193548387,True,0.85,0.85,0.85,reaction_role_concat,6144,random_forest,False,valid,rmse,26.64437800426307,0,0.01,random,,
condition_recombine_pseudolabel__mult_1__sim_0.9__teacher_ridge__seed_0,condition_recombine_pseudolabel,1.0,0.9,ridge,0,31,3,1.096774193548387,True,0.85,0.85,0.85,reaction_role_concat,6144,random_forest,False,valid,mae,21.94539865026293,0,0.01,random,,
condition_recombine_pseudolabel__mult_1__sim_0.9__teacher_ridge__seed_0,condition_recombine_pseudolabel,1.0,0.9,ridge,0,31,3,1.096774193548387,True,0.85,0.85,0.85,reaction_role_concat,6144,random_forest,False,valid,r2,0.07490969010655713,0,0.01,random,,
condition_recombine_pseudolabel__mult_1__sim_0.9__teacher_ridge__seed_0,condition_recombine_pseudolabel,1.0,0.9,ridge,0,31,3,1.096774193548387,True,0.85,0.85,0.85,reaction_role_concat,6144,random_forest,False,valid,spearman,0.32497404390902435,0,0.01,random,,
condition_recombine_pseudolabel__mult_1__sim_0.9__teacher_ridge__seed_1,condition_recombine_pseudolabel,1.0,0.9,ridge,1,31,5,1.1612903225806452,True,0.85,0.85,0.85,reaction_role_concat,6144,random_forest,False,valid,rmse,26.272113225029628,0,0.01,random,,
condition_recombine_pseudolabel__mult_1__sim_0.9__teacher_ridge__seed_1,condition_recombine_pseudolabel,1.0,0.9,ridge,1,31,5,1.1612903225806452,True,0.85,0.85,0.85,reaction_role_concat,6144,random_forest,False,valid,mae,21.252928732025474,0,0.01,random,,
condition_recombine_pseudolabel__mult_1__sim_0.9__teacher_ridge__seed_1,condition_recombine_pseudolabel,1.0,0.9,ridge,1,31,5,1.1612903225806452,True,0.85,0.85,0.85,reaction_role_concat,6144,random_forest,False,valid,r2,0.10057910367758283,0,0.01,random,,
condition_recombine_pseudolabel__mult_1__sim_0.9__teacher_ridge__seed_1,condition_recombine_pseudolabel,1.0,0.9,ridge,1,31,5,1.1612903225806452,True,0.85,0.85,0.85,reaction_role_concat,6144,random_forest,False,valid,spearman,0.37056762765952517,0,0.01,random,,
condition_recombine_pseudolabel__mult_1__sim_0.9__teacher_ridge__seed_2,condition_recombine_pseudolabel,1.0,0.9,ridge,2,31,2,1.064516129032258,True,0.85,0.85,0.85,reaction_role_concat,6144,random_forest,False,valid,rmse,27.040385903244488,0,0.01,random,,
condition_recombine_pseudolabel__mult_1__sim_0.9__teacher_ridge__seed_2,condition_recombine_pseudolabel,1.0,0.9,ridge,2,31,2,1.064516129032258,True,0.85,0.85,0.85,reaction_role_concat,6144,random_forest,False,valid,mae,22.36333361838287,0,0.01,random,,
condition_recombine_pseudolabel__mult_1__sim_0.9__teacher_ridge__seed_2,condition_recombine_pseudolabel,1.0,0.9,ridge,2,31,2,1.064516129032258,True,0.85,0.85,0.85,reaction_role_concat,6144,random_forest,False,valid,r2,0.047206622918853136,0,0.01,random,,
condition_recombine_pseudolabel__mult_1__sim_0.9__teacher_ridge__seed_2,condition_recombine_pseudolabel,1.0,0.9,ridge,2,31,2,1.064516129032258,True,0.85,0.85,0.85,reaction_role_concat,6144,random_forest,False,valid,spearman,0.2931308195043326,0,0.01,random,,
condition_recombine_pseudolabel__mult_1__sim_0.9__teacher_ridge__seed_3,condition_recombine_pseudolabel,1.0,0.9,ridge,3,31,7,1.2258064516129032,True,0.8499999999999999,0.85,0.85,reaction_role_concat,6144,random_forest,False,valid,rmse,26.228368419163033,0,0.01,random,,
condition_recombine_pseudolabel__mult_1__sim_0.9__teacher_ridge__seed_3,condition_recombine_pseudolabel,1.0,0.9,ridge,3,31,7,1.2258064516129032,True,0.8499999999999999,0.85,0.85,reaction_role_concat,6144,random_forest,False,valid,mae,21.07793726847745,0,0.01,random,,
condition_recombine_pseudolabel__mult_1__sim_0.9__teacher_ridge__seed_3,condition_recombine_pseudolabel,1.0,0.9,ridge,3,31,7,1.2258064516129032,True,0.8499999999999999,0.85,0.85,reaction_role_concat,6144,random_forest,False,valid,r2,0.10357180062267302,0,0.01,random,,
condition_recombine_pseudolabel__mult_1__sim_0.9__teacher_ridge__seed_3,condition_recombine_pseudolabel,1.0,0.9,ridge,3,31,7,1.2258064516129032,True,0.8499999999999999,0.85,0.85,reaction_role_concat,6144,random_forest,False,valid,spearman,0.39290574932399996,0,0.01,random,,
condition_recombine_pseudolabel__mult_1__sim_0.9__teacher_ridge__seed_4,condition_recombine_pseudolabel,1.0,0.9,ridge,4,31,2,1.064516129032258,True,0.85,0.85,0.85,reaction_role_concat,6144,random_forest,False,valid,rmse,27.034055265794247,0,0.01,random,,
condition_recombine_pseudolabel__mult_1__sim_0.9__teacher_ridge__seed_4,condition_recombine_pseudolabel,1.0,0.9,ridge,4,31,2,1.064516129032258,True,0.85,0.85,0.85,reaction_role_concat,6144,random_forest,False,valid,mae,22.262544877444647,0,0.01,random,,
condition_recombine_pseudolabel__mult_1__sim_0.9__teacher_ridge__seed_4,condition_recombine_pseudolabel,1.0,0.9,ridge,4,31,2,1.064516129032258,True,0.85,0.85,0.85,reaction_role_concat,6144,random_forest,False,valid,r2,0.04765270259996668,0,0.01,random,,
condition_recombine_pseudolabel__mult_1__sim_0.9__teacher_ridge__seed_4,condition_recombine_pseudolabel,1.0,0.9,ridge,4,31,2,1.064516129032258,True,0.85,0.85,0.85,reaction_role_concat,6144,random_forest,False,valid,spearman,0.3060960226602264,0,0.01,random,,
condition_recombine_pseudolabel__mult_1__sim_0.9__teacher_rf__seed_0,condition_recombine_pseudolabel,1.0,0.9,random_forest,0,31,3,1.096774193548387,True,0.85,0.85,0.85,reaction_role_concat,6144,random_forest,False,valid,rmse,26.521403634866207,0,0.01,random,,
condition_recombine_pseudolabel__mult_1__sim_0.9__teacher_rf__seed_0,condition_recombine_pseudolabel,1.0,0.9,random_forest,0,31,3,1.096774193548387,True,0.85,0.85,0.85,reaction_role_concat,6144,random_forest,False,valid,mae,21.860924721299845,0,0.01,random,,
condition_recombine_pseudolabel__mult_1__sim_0.9__teacher_rf__seed_0,condition_recombine_pseudolabel,1.0,0.9,random_forest,0,31,3,1.096774193548387,True,0.85,0.85,0.85,reaction_role_concat,6144,random_forest,False,valid,r2,0.08342930112465963,0,0.01,random,,
condition_recombine_pseudolabel__mult_1__sim_0.9__teacher_rf__seed_0,condition_recombine_pseudolabel,1.0,0.9,random_forest,0,31,3,1.096774193548387,True,0.85,0.85,0.85,reaction_role_concat,6144,random_forest,False,valid,spearman,0.3320100715513906,0,0.01,random,,
condition_recombine_pseudolabel__mult_1__sim_0.9__teacher_rf__seed_1,condition_recombine_pseudolabel,1.0,0.9,random_forest,1,31,5,1.1612903225806452,True,0.85,0.85,0.85,reaction_role_concat,6144,random_forest,False,valid,rmse,26.24956545045552,0,0.01,random,,
condition_recombine_pseudolabel__mult_1__sim_0.9__teacher_rf__seed_1,condition_recombine_pseudolabel,1.0,0.9,random_forest,1,31,5,1.1612903225806452,True,0.85,0.85,0.85,reaction_role_concat,6144,random_forest,False,valid,mae,21.26698622628405,0,0.01,random,,
condition_recombine_pseudolabel__mult_1__sim_0.9__teacher_rf__seed_1,condition_recombine_pseudolabel,1.0,0.9,random_forest,1,31,5,1.1612903225806452,True,0.85,0.85,0.85,reaction_role_concat,6144,random_forest,False,valid,r2,0.1021222789005044,0,0.01,random,,
condition_recombine_pseudolabel__mult_1__sim_0.9__teacher_rf__seed_1,condition_recombine_pseudolabel,1.0,0.9,random_forest,1,31,5,1.1612903225806452,True,0.85,0.85,0.85,reaction_role_concat,6144,random_forest,False,valid,spearman,0.3647083606460423,0,0.01,random,,
condition_recombine_pseudolabel__mult_1__sim_0.9__teacher_rf__seed_2,condition_recombine_pseudolabel,1.0,0.9,random_forest,2,31,2,1.064516129032258,True,0.85,0.85,0.85,reaction_role_concat,6144,random_forest,False,valid,rmse,27.258104339357818,0,0.01,random,,
condition_recombine_pseudolabel__mult_1__sim_0.9__teacher_rf__seed_2,condition_recombine_pseudolabel,1.0,0.9,random_forest,2,31,2,1.064516129032258,True,0.85,0.85,0.85,reaction_role_concat,6144,random_forest,False,valid,mae,22.560194389190855,0,0.01,random,,
condition_recombine_pseudolabel__mult_1__sim_0.9__teacher_rf__seed_2,condition_recombine_pseudolabel,1.0,0.9,random_forest,2,31,2,1.064516129032258,True,0.85,0.85,0.85,reaction_role_concat,6144,random_forest,False,valid,r2,0.03180182805406395,0,0.01,random,,
condition_recombine_pseudolabel__mult_1__sim_0.9__teacher_rf__seed_2,condition_recombine_pseudolabel,1.0,0.9,random_forest,2,31,2,1.064516129032258,True,0.85,0.85,0.85,reaction_role_concat,6144,random_forest,False,valid,spearman,0.27424247750204617,0,0.01,random,,
condition_recombine_pseudolabel__mult_1__sim_0.9__teacher_rf__seed_3,condition_recombine_pseudolabel,1.0,0.9,random_forest,3,31,7,1.2258064516129032,True,0.8499999999999999,0.85,0.85,reaction_role_concat,6144,random_forest,False,valid,rmse,27.202561190017192,0,0.01,random,,
condition_recombine_pseudolabel__mult_1__sim_0.9__teacher_rf__seed_3,condition_recombine_pseudolabel,1.0,0.9,random_forest,3,31,7,1.2258064516129032,True,0.8499999999999999,0.85,0.85,reaction_role_concat,6144,random_forest,False,valid,mae,22.308278822989404,0,0.01,random,,
condition_recombine_pseudolabel__mult_1__sim_0.9__teacher_rf__seed_3,condition_recombine_pseudolabel,1.0,0.9,random_forest,3,31,7,1.2258064516129032,True,0.8499999999999999,0.85,0.85,reaction_role_concat,6144,random_forest,False,valid,r2,0.03574355380281913,0,0.01,random,,
condition_recombine_pseudolabel__mult_1__sim_0.9__teacher_rf__seed_3,condition_recombine_pseudolabel,1.0,0.9,random_forest,3,31,7,1.2258064516129032,True,0.8499999999999999,0.85,0.85,reaction_role_concat,6144,random_forest,False,valid,spearman,0.2961711576970777,0,0.01,random,,
condition_recombine_pseudolabel__mult_1__sim_0.9__teacher_rf__seed_4,condition_recombine_pseudolabel,1.0,0.9,random_forest,4,31,2,1.064516129032258,True,0.85,0.85,0.85,reaction_role_concat,6144,random_forest,False,valid,rmse,26.89793936297065,0,0.01,random,,
condition_recombine_pseudolabel__mult_1__sim_0.9__teacher_rf__seed_4,condition_recombine_pseudolabel,1.0,0.9,random_forest,4,31,2,1.064516129032258,True,0.85,0.85,0.85,reaction_role_concat,6144,random_forest,False,valid,mae,22.128433555097516,0,0.01,random,,
condition_recombine_pseudolabel__mult_1__sim_0.9__teacher_rf__seed_4,condition_recombine_pseudolabel,1.0,0.9,random_forest,4,31,2,1.064516129032258,True,0.85,0.85,0.85,reaction_role_concat,6144,random_forest,False,valid,r2,0.05721865707648932,0,0.01,random,,
condition_recombine_pseudolabel__mult_1__sim_0.9__teacher_rf__seed_4,condition_recombine_pseudolabel,1.0,0.9,random_forest,4,31,2,1.064516129032258,True,0.85,0.85,0.85,reaction_role_concat,6144,random_forest,False,valid,spearman,0.3154327994057301,0,0.01,random,,
condition_recombine_pseudolabel__mult_1__sim_0.95__teacher_ridge__seed_0,condition_recombine_pseudolabel,1.0,0.95,ridge,0,31,0,1.0,True,,,,reaction_role_concat,6144,random_forest,False,valid,rmse,26.60717642441269,0,0.01,random,,
condition_recombine_pseudolabel__mult_1__sim_0.95__teacher_ridge__seed_0,condition_recombine_pseudolabel,1.0,0.95,ridge,0,31,0,1.0,True,,,,reaction_role_concat,6144,random_forest,False,valid,mae,22.122964368931857,0,0.01,random,,
condition_recombine_pseudolabel__mult_1__sim_0.95__teacher_ridge__seed_0,condition_recombine_pseudolabel,1.0,0.95,ridge,0,31,0,1.0,True,,,,reaction_role_concat,6144,random_forest,False,valid,r2,0.07749115743063129,0,0.01,random,,
condition_recombine_pseudolabel__mult_1__sim_0.95__teacher_ridge__seed_0,condition_recombine_pseudolabel,1.0,0.95,ridge,0,31,0,1.0,True,,,,reaction_role_concat,6144,random_forest,False,valid,spearman,0.30969971820848363,0,0.01,random,,
condition_recombine_pseudolabel__mult_1__sim_0.95__teacher_ridge__seed_1,condition_recombine_pseudolabel,1.0,0.95,ridge,1,31,0,1.0,True,,,,reaction_role_concat,6144,random_forest,False,valid,rmse,26.60717642441269,0,0.01,random,,
condition_recombine_pseudolabel__mult_1__sim_0.95__teacher_ridge__seed_1,condition_recombine_pseudolabel,1.0,0.95,ridge,1,31,0,1.0,True,,,,reaction_role_concat,6144,random_forest,False,valid,mae,22.122964368931857,0,0.01,random,,
condition_recombine_pseudolabel__mult_1__sim_0.95__teacher_ridge__seed_1,condition_recombine_pseudolabel,1.0,0.95,ridge,1,31,0,1.0,True,,,,reaction_role_concat,6144,random_forest,False,valid,r2,0.07749115743063129,0,0.01,random,,
condition_recombine_pseudolabel__mult_1__sim_0.95__teacher_ridge__seed_1,condition_recombine_pseudolabel,1.0,0.95,ridge,1,31,0,1.0,True,,,,reaction_role_concat,6144,random_forest,False,valid,spearman,0.30969971820848363,0,0.01,random,,
condition_recombine_pseudolabel__mult_1__sim_0.95__teacher_ridge__seed_2,condition_recombine_pseudolabel,1.0,0.95,ridge,2,31,0,1.0,True,,,,reaction_role_concat,6144,random_forest,False,valid,rmse,26.60717642441269,0,0.01,random,,
condition_recombine_pseudolabel__mult_1__sim_0.95__teacher_ridge__seed_2,condition_recombine_pseudolabel,1.0,0.95,ridge,2,31,0,1.0,True,,,,reaction_role_concat,6144,random_forest,False,valid,mae,22.122964368931857,0,0.01,random,,
condition_recombine_pseudolabel__mult_1__sim_0.95__teacher_ridge__seed_2,condition_recombine_pseudolabel,1.0,0.95,ridge,2,31,0,1.0,True,,,,reaction_role_concat,6144,random_forest,False,valid,r2,0.07749115743063129,0,0.01,random,,
condition_recombine_pseudolabel__mult_1__sim_0.95__teacher_ridge__seed_2,condition_recombine_pseudolabel,1.0,0.95,ridge,2,31,0,1.0,True,,,,reaction_role_concat,6144,random_forest,False,valid,spearman,0.30969971820848363,0,0.01,random,,
condition_recombine_pseudolabel__mult_1__sim_0.95__teacher_ridge__seed_3,condition_recombine_pseudolabel,1.0,0.95,ridge,3,31,0,1.0,True,,,,reaction_role_concat,6144,random_forest,False,valid,rmse,26.60717642441269,0,0.01,random,,
condition_recombine_pseudolabel__mult_1__sim_0.95__teacher_ridge__seed_3,condition_recombine_pseudolabel,1.0,0.95,ridge,3,31,0,1.0,True,,,,reaction_role_concat,6144,random_forest,False,valid,mae,22.122964368931857,0,0.01,random,,
condition_recombine_pseudolabel__mult_1__sim_0.95__teacher_ridge__seed_3,condition_recombine_pseudolabel,1.0,0.95,ridge,3,31,0,1.0,True,,,,reaction_role_concat,6144,random_forest,False,valid,r2,0.07749115743063129,0,0.01,random,,
condition_recombine_pseudolabel__mult_1__sim_0.95__teacher_ridge__seed_3,condition_recombine_pseudolabel,1.0,0.95,ridge,3,31,0,1.0,True,,,,reaction_role_concat,6144,random_forest,False,valid,spearman,0.30969971820848363,0,0.01,random,,
condition_recombine_pseudolabel__mult_1__sim_0.95__teacher_ridge__seed_4,condition_recombine_pseudolabel,1.0,0.95,ridge,4,31,0,1.0,True,,,,reaction_role_concat,6144,random_forest,False,valid,rmse,26.60717642441269,0,0.01,random,,
condition_recombine_pseudolabel__mult_1__sim_0.95__teacher_ridge__seed_4,condition_recombine_pseudolabel,1.0,0.95,ridge,4,31,0,1.0,True,,,,reaction_role_concat,6144,random_forest,False,valid,mae,22.122964368931857,0,0.01,random,,
condition_recombine_pseudolabel__mult_1__sim_0.95__teacher_ridge__seed_4,condition_recombine_pseudolabel,1.0,0.95,ridge,4,31,0,1.0,True,,,,reaction_role_concat,6144,random_forest,False,valid,r2,0.07749115743063129,0,0.01,random,,
condition_recombine_pseudolabel__mult_1__sim_0.95__teacher_ridge__seed_4,condition_recombine_pseudolabel,1.0,0.95,ridge,4,31,0,1.0,True,,,,reaction_role_concat,6144,random_forest,False,valid,spearman,0.30969971820848363,0,0.01,random,,
condition_recombine_pseudolabel__mult_1__sim_0.95__teacher_rf__seed_0,condition_recombine_pseudolabel,1.0,0.95,random_forest,0,31,0,1.0,True,,,,reaction_role_concat,6144,random_forest,False,valid,rmse,26.60717642441269,0,0.01,random,,
condition_recombine_pseudolabel__mult_1__sim_0.95__teacher_rf__seed_0,condition_recombine_pseudolabel,1.0,0.95,random_forest,0,31,0,1.0,True,,,,reaction_role_concat,6144,random_forest,False,valid,mae,22.122964368931857,0,0.01,random,,
condition_recombine_pseudolabel__mult_1__sim_0.95__teacher_rf__seed_0,condition_recombine_pseudolabel,1.0,0.95,random_forest,0,31,0,1.0,True,,,,reaction_role_concat,6144,random_forest,False,valid,r2,0.07749115743063129,0,0.01,random,,
condition_recombine_pseudolabel__mult_1__sim_0.95__teacher_rf__seed_0,condition_recombine_pseudolabel,1.0,0.95,random_forest,0,31,0,1.0,True,,,,reaction_role_concat,6144,random_forest,False,valid,spearman,0.30969971820848363,0,0.01,random,,
condition_recombine_pseudolabel__mult_1__sim_0.95__teacher_rf__seed_1,condition_recombine_pseudolabel,1.0,0.95,random_forest,1,31,0,1.0,True,,,,reaction_role_concat,6144,random_forest,False,valid,rmse,26.60717642441269,0,0.01,random,,
condition_recombine_pseudolabel__mult_1__sim_0.95__teacher_rf__seed_1,condition_recombine_pseudolabel,1.0,0.95,random_forest,1,31,0,1.0,True,,,,reaction_role_concat,6144,random_forest,False,valid,mae,22.122964368931857,0,0.01,random,,
condition_recombine_pseudolabel__mult_1__sim_0.95__teacher_rf__seed_1,condition_recombine_pseudolabel,1.0,0.95,random_forest,1,31,0,1.0,True,,,,reaction_role_concat,6144,random_forest,False,valid,r2,0.07749115743063129,0,0.01,random,,
condition_recombine_pseudolabel__mult_1__sim_0.95__teacher_rf__seed_1,condition_recombine_pseudolabel,1.0,0.95,random_forest,1,31,0,1.0,True,,,,reaction_role_concat,6144,random_forest,False,valid,spearman,0.30969971820848363,0,0.01,random,,
condition_recombine_pseudolabel__mult_1__sim_0.95__teacher_rf__seed_2,condition_recombine_pseudolabel,1.0,0.95,random_forest,2,31,0,1.0,True,,,,reaction_role_concat,6144,random_forest,False,valid,rmse,26.60717642441269,0,0.01,random,,
condition_recombine_pseudolabel__mult_1__sim_0.95__teacher_rf__seed_2,condition_recombine_pseudolabel,1.0,0.95,random_forest,2,31,0,1.0,True,,,,reaction_role_concat,6144,random_forest,False,valid,mae,22.122964368931857,0,0.01,random,,
condition_recombine_pseudolabel__mult_1__sim_0.95__teacher_rf__seed_2,condition_recombine_pseudolabel,1.0,0.95,random_forest,2,31,0,1.0,True,,,,reaction_role_concat,6144,random_forest,False,valid,r2,0.07749115743063129,0,0.01,random,,
condition_recombine_pseudolabel__mult_1__sim_0.95__teacher_rf__seed_2,condition_recombine_pseudolabel,1.0,0.95,random_forest,2,31,0,1.0,True,,,,reaction_role_concat,6144,random_forest,False,valid,spearman,0.30969971820848363,0,0.01,random,,
condition_recombine_pseudolabel__mult_1__sim_0.95__teacher_rf__seed_3,condition_recombine_pseudolabel,1.0,0.95,random_forest,3,31,0,1.0,True,,,,reaction_role_concat,6144,random_forest,False,valid,rmse,26.60717642441269,0,0.01,random,,
condition_recombine_pseudolabel__mult_1__sim_0.95__teacher_rf__seed_3,condition_recombine_pseudolabel,1.0,0.95,random_forest,3,31,0,1.0,True,,,,reaction_role_concat,6144,random_forest,False,valid,mae,22.122964368931857,0,0.01,random,,
condition_recombine_pseudolabel__mult_1__sim_0.95__teacher_rf__seed_3,condition_recombine_pseudolabel,1.0,0.95,random_forest,3,31,0,1.0,True,,,,reaction_role_concat,6144,random_forest,False,valid,r2,0.07749115743063129,0,0.01,random,,
condition_recombine_pseudolabel__mult_1__sim_0.95__teacher_rf__seed_3,condition_recombine_pseudolabel,1.0,0.95,random_forest,3,31,0,1.0,True,,,,reaction_role_concat,6144,random_forest,False,valid,spearman,0.30969971820848363,0,0.01,random,,
condition_recombine_pseudolabel__mult_1__sim_0.95__teacher_rf__seed_4,condition_recombine_pseudolabel,1.0,0.95,random_forest,4,31,0,1.0,True,,,,reaction_role_concat,6144,random_forest,False,valid,rmse,26.60717642441269,0,0.01,random,,
condition_recombine_pseudolabel__mult_1__sim_0.95__teacher_rf__seed_4,condition_recombine_pseudolabel,1.0,0.95,random_forest,4,31,0,1.0,True,,,,reaction_role_concat,6144,random_forest,False,valid,mae,22.122964368931857,0,0.01,random,,
condition_recombine_pseudolabel__mult_1__sim_0.95__teacher_rf__seed_4,condition_recombine_pseudolabel,1.0,0.95,random_forest,4,31,0,1.0,True,,,,reaction_role_concat,6144,random_forest,False,valid,r2,0.07749115743063129,0,0.01,random,,
condition_recombine_pseudolabel__mult_1__sim_0.95__teacher_rf__seed_4,condition_recombine_pseudolabel,1.0,0.95,random_forest,4,31,0,1.0,True,,,,reaction_role_concat,6144,random_forest,False,valid,spearman,0.30969971820848363,0,0.01,random,,
condition_recombine_pseudolabel__mult_1.5__sim_0.7__teacher_ridge__seed_0,condition_recombine_pseudolabel,1.5,0.7,ridge,0,31,46,2.4838709677419355,True,0.8008872809617416,0.7337662577629089,0.85,reaction_role_concat,6144,random_forest,False,valid,rmse,26.22410317971808,0,0.01,random,,
condition_recombine_pseudolabel__mult_1.5__sim_0.7__teacher_ridge__seed_0,condition_recombine_pseudolabel,1.5,0.7,ridge,0,31,46,2.4838709677419355,True,0.8008872809617416,0.7337662577629089,0.85,reaction_role_concat,6144,random_forest,False,valid,mae,21.28971472706372,0,0.01,random,,
condition_recombine_pseudolabel__mult_1.5__sim_0.7__teacher_ridge__seed_0,condition_recombine_pseudolabel,1.5,0.7,ridge,0,31,46,2.4838709677419355,True,0.8008872809617416,0.7337662577629089,0.85,reaction_role_concat,6144,random_forest,False,valid,r2,0.10386333000555481,0,0.01,random,,
condition_recombine_pseudolabel__mult_1.5__sim_0.7__teacher_ridge__seed_0,condition_recombine_pseudolabel,1.5,0.7,ridge,0,31,46,2.4838709677419355,True,0.8008872809617416,0.7337662577629089,0.85,reaction_role_concat,6144,random_forest,False,valid,spearman,0.3792279082235393,0,0.01,random,,
condition_recombine_pseudolabel__mult_1.5__sim_0.7__teacher_ridge__seed_1,condition_recombine_pseudolabel,1.5,0.7,ridge,1,31,46,2.4838709677419355,True,0.8017601142758908,0.7385621070861816,0.85,reaction_role_concat,6144,random_forest,False,valid,rmse,26.584385946244957,0,0.01,random,,
condition_recombine_pseudolabel__mult_1.5__sim_0.7__teacher_ridge__seed_1,condition_recombine_pseudolabel,1.5,0.7,ridge,1,31,46,2.4838709677419355,True,0.8017601142758908,0.7385621070861816,0.85,reaction_role_concat,6144,random_forest,False,valid,mae,21.59542082502872,0,0.01,random,,
condition_recombine_pseudolabel__mult_1.5__sim_0.7__teacher_ridge__seed_1,condition_recombine_pseudolabel,1.5,0.7,ridge,1,31,46,2.4838709677419355,True,0.8017601142758908,0.7385621070861816,0.85,reaction_role_concat,6144,random_forest,False,valid,r2,0.07907083751606792,0,0.01,random,,
condition_recombine_pseudolabel__mult_1.5__sim_0.7__teacher_ridge__seed_1,condition_recombine_pseudolabel,1.5,0.7,ridge,1,31,46,2.4838709677419355,True,0.8017601142758908,0.7385621070861816,0.85,reaction_role_concat,6144,random_forest,False,valid,spearman,0.3491594639564688,0,0.01,random,,
condition_recombine_pseudolabel__mult_1.5__sim_0.7__teacher_ridge__seed_2,condition_recombine_pseudolabel,1.5,0.7,ridge,2,31,46,2.4838709677419355,True,0.8017815849055416,0.7142857313156128,0.85,reaction_role_concat,6144,random_forest,False,valid,rmse,27.171375227215655,0,0.01,random,,
condition_recombine_pseudolabel__mult_1.5__sim_0.7__teacher_ridge__seed_2,condition_recombine_pseudolabel,1.5,0.7,ridge,2,31,46,2.4838709677419355,True,0.8017815849055416,0.7142857313156128,0.85,reaction_role_concat,6144,random_forest,False,valid,mae,22.452962366549276,0,0.01,random,,
condition_recombine_pseudolabel__mult_1.5__sim_0.7__teacher_ridge__seed_2,condition_recombine_pseudolabel,1.5,0.7,ridge,2,31,46,2.4838709677419355,True,0.8017815849055416,0.7142857313156128,0.85,reaction_role_concat,6144,random_forest,False,valid,r2,0.037953200760662,0,0.01,random,,
condition_recombine_pseudolabel__mult_1.5__sim_0.7__teacher_ridge__seed_2,condition_recombine_pseudolabel,1.5,0.7,ridge,2,31,46,2.4838709677419355,True,0.8017815849055416,0.7142857313156128,0.85,reaction_role_concat,6144,random_forest,False,valid,spearman,0.3175637429043024,0,0.01,random,,
condition_recombine_pseudolabel__mult_1.5__sim_0.7__teacher_ridge__seed_3,condition_recombine_pseudolabel,1.5,0.7,ridge,3,31,46,2.4838709677419355,True,0.8156357658945997,0.7142857313156128,0.85,reaction_role_concat,6144,random_forest,False,valid,rmse,25.476883656760783,0,0.01,random,,
condition_recombine_pseudolabel__mult_1.5__sim_0.7__teacher_ridge__seed_3,condition_recombine_pseudolabel,1.5,0.7,ridge,3,31,46,2.4838709677419355,True,0.8156357658945997,0.7142857313156128,0.85,reaction_role_concat,6144,random_forest,False,valid,mae,20.54468968440913,0,0.01,random,,
condition_recombine_pseudolabel__mult_1.5__sim_0.7__teacher_ridge__seed_3,condition_recombine_pseudolabel,1.5,0.7,ridge,3,31,46,2.4838709677419355,True,0.8156357658945997,0.7142857313156128,0.85,reaction_role_concat,6144,random_forest,False,valid,r2,0.15420411717036553,0,0.01,random,,
condition_recombine_pseudolabel__mult_1.5__sim_0.7__teacher_ridge__seed_3,condition_recombine_pseudolabel,1.5,0.7,ridge,3,31,46,2.4838709677419355,True,0.8156357658945997,0.7142857313156128,0.85,reaction_role_concat,6144,random_forest,False,valid,spearman,0.43201953597305576,0,0.01,random,,
condition_recombine_pseudolabel__mult_1.5__sim_0.7__teacher_ridge__seed_4,condition_recombine_pseudolabel,1.5,0.7,ridge,4,31,46,2.4838709677419355,True,0.7978135290353194,0.7310344576835632,0.85,reaction_role_concat,6144,random_forest,True,valid,rmse,25.088164028005767,0,0.01,random,,
condition_recombine_pseudolabel__mult_1.5__sim_0.7__teacher_ridge__seed_4,condition_recombine_pseudolabel,1.5,0.7,ridge,4,31,46,2.4838709677419355,True,0.7978135290353194,0.7310344576835632,0.85,reaction_role_concat,6144,random_forest,True,valid,mae,19.9843322661934,0,0.01,random,,
condition_recombine_pseudolabel__mult_1.5__sim_0.7__teacher_ridge__seed_4,condition_recombine_pseudolabel,1.5,0.7,ridge,4,31,46,2.4838709677419355,True,0.7978135290353194,0.7310344576835632,0.85,reaction_role_concat,6144,random_forest,True,valid,r2,0.179817081903747,0,0.01,random,,
condition_recombine_pseudolabel__mult_1.5__sim_0.7__teacher_ridge__seed_4,condition_recombine_pseudolabel,1.5,0.7,ridge,4,31,46,2.4838709677419355,True,0.7978135290353194,0.7310344576835632,0.85,reaction_role_concat,6144,random_forest,True,valid,spearman,0.4698088775054918,0,0.01,random,,
condition_recombine_pseudolabel__mult_1.5__sim_0.7__teacher_rf__seed_0,condition_recombine_pseudolabel,1.5,0.7,random_forest,0,31,46,2.4838709677419355,True,0.8008872809617416,0.7337662577629089,0.85,reaction_role_concat,6144,random_forest,False,valid,rmse,26.74182202254131,0,0.01,random,,
condition_recombine_pseudolabel__mult_1.5__sim_0.7__teacher_rf__seed_0,condition_recombine_pseudolabel,1.5,0.7,random_forest,0,31,46,2.4838709677419355,True,0.8008872809617416,0.7337662577629089,0.85,reaction_role_concat,6144,random_forest,False,valid,mae,21.909920639145223,0,0.01,random,,
condition_recombine_pseudolabel__mult_1.5__sim_0.7__teacher_rf__seed_0,condition_recombine_pseudolabel,1.5,0.7,random_forest,0,31,46,2.4838709677419355,True,0.8008872809617416,0.7337662577629089,0.85,reaction_role_concat,6144,random_forest,False,valid,r2,0.06813082248559488,0,0.01,random,,
condition_recombine_pseudolabel__mult_1.5__sim_0.7__teacher_rf__seed_0,condition_recombine_pseudolabel,1.5,0.7,random_forest,0,31,46,2.4838709677419355,True,0.8008872809617416,0.7337662577629089,0.85,reaction_role_concat,6144,random_forest,False,valid,spearman,0.34413793055633307,0,0.01,random,,
condition_recombine_pseudolabel__mult_1.5__sim_0.7__teacher_rf__seed_1,condition_recombine_pseudolabel,1.5,0.7,random_forest,1,31,46,2.4838709677419355,True,0.8017601142758908,0.7385621070861816,0.85,reaction_role_concat,6144,random_forest,False,valid,rmse,26.04836528600039,0,0.01,random,,
condition_recombine_pseudolabel__mult_1.5__sim_0.7__teacher_rf__seed_1,condition_recombine_pseudolabel,1.5,0.7,random_forest,1,31,46,2.4838709677419355,True,0.8017601142758908,0.7385621070861816,0.85,reaction_role_concat,6144,random_forest,False,valid,mae,21.244890558079824,0,0.01,random,,
condition_recombine_pseudolabel__mult_1.5__sim_0.7__teacher_rf__seed_1,condition_recombine_pseudolabel,1.5,0.7,random_forest,1,31,46,2.4838709677419355,True,0.8017601142758908,0.7385621070861816,0.85,reaction_role_concat,6144,random_forest,False,valid,r2,0.11583380504259644,0,0.01,random,,
condition_recombine_pseudolabel__mult_1.5__sim_0.7__teacher_rf__seed_1,condition_recombine_pseudolabel,1.5,0.7,random_forest,1,31,46,2.4838709677419355,True,0.8017601142758908,0.7385621070861816,0.85,reaction_role_concat,6144,random_forest,False,valid,spearman,0.37165948548612615,0,0.01,random,,
condition_recombine_pseudolabel__mult_1.5__sim_0.7__teacher_rf__seed_2,condition_recombine_pseudolabel,1.5,0.7,random_forest,2,31,46,2.4838709677419355,True,0.8017815849055416,0.7142857313156128,0.85,reaction_role_concat,6144,random_forest,False,valid,rmse,26.51121721711781,0,0.01,random,,
condition_recombine_pseudolabel__mult_1.5__sim_0.7__teacher_rf__seed_2,condition_recombine_pseudolabel,1.5,0.7,random_forest,2,31,46,2.4838709677419355,True,0.8017815849055416,0.7142857313156128,0.85,reaction_role_concat,6144,random_forest,False,valid,mae,21.834449476474447,0,0.01,random,,
condition_recombine_pseudolabel__mult_1.5__sim_0.7__teacher_rf__seed_2,condition_recombine_pseudolabel,1.5,0.7,random_forest,2,31,46,2.4838709677419355,True,0.8017815849055416,0.7142857313156128,0.85,reaction_role_concat,6144,random_forest,False,valid,r2,0.08413324418546797,0,0.01,random,,
condition_recombine_pseudolabel__mult_1.5__sim_0.7__teacher_rf__seed_2,condition_recombine_pseudolabel,1.5,0.7,random_forest,2,31,46,2.4838709677419355,True,0.8017815849055416,0.7142857313156128,0.85,reaction_role_concat,6144,random_forest,False,valid,spearman,0.3302370439945506,0,0.01,random,,
condition_recombine_pseudolabel__mult_1.5__sim_0.7__teacher_rf__seed_3,condition_recombine_pseudolabel,1.5,0.7,random_forest,3,31,46,2.4838709677419355,True,0.8156357658945997,0.7142857313156128,0.85,reaction_role_concat,6144,random_forest,False,valid,rmse,26.337944642792156,0,0.01,random,,
condition_recombine_pseudolabel__mult_1.5__sim_0.7__teacher_rf__seed_3,condition_recombine_pseudolabel,1.5,0.7,random_forest,3,31,46,2.4838709677419355,True,0.8156357658945997,0.7142857313156128,0.85,reaction_role_concat,6144,random_forest,False,valid,mae,21.627815321600895,0,0.01,random,,
condition_recombine_pseudolabel__mult_1.5__sim_0.7__teacher_rf__seed_3,condition_recombine_pseudolabel,1.5,0.7,random_forest,3,31,46,2.4838709677419355,True,0.8156357658945997,0.7142857313156128,0.85,reaction_role_concat,6144,random_forest,False,valid,r2,0.09606600377873242,0,0.01,random,,
condition_recombine_pseudolabel__mult_1.5__sim_0.7__teacher_rf__seed_3,condition_recombine_pseudolabel,1.5,0.7,random_forest,3,31,46,2.4838709677419355,True,0.8156357658945997,0.7142857313156128,0.85,reaction_role_concat,6144,random_forest,False,valid,spearman,0.34905275126002194,0,0.01,random,,
condition_recombine_pseudolabel__mult_1.5__sim_0.7__teacher_rf__seed_4,condition_recombine_pseudolabel,1.5,0.7,random_forest,4,31,46,2.4838709677419355,True,0.7978135290353194,0.7310344576835632,0.85,reaction_role_concat,6144,random_forest,False,valid,rmse,25.644106989416596,0,0.01,random,,
condition_recombine_pseudolabel__mult_1.5__sim_0.7__teacher_rf__seed_4,condition_recombine_pseudolabel,1.5,0.7,random_forest,4,31,46,2.4838709677419355,True,0.7978135290353194,0.7310344576835632,0.85,reaction_role_concat,6144,random_forest,False,valid,mae,20.878551321553275,0,0.01,random,,
condition_recombine_pseudolabel__mult_1.5__sim_0.7__teacher_rf__seed_4,condition_recombine_pseudolabel,1.5,0.7,random_forest,4,31,46,2.4838709677419355,True,0.7978135290353194,0.7310344576835632,0.85,reaction_role_concat,6144,random_forest,False,valid,r2,0.14306453004169895,0,0.01,random,,
condition_recombine_pseudolabel__mult_1.5__sim_0.7__teacher_rf__seed_4,condition_recombine_pseudolabel,1.5,0.7,random_forest,4,31,46,2.4838709677419355,True,0.7978135290353194,0.7310344576835632,0.85,reaction_role_concat,6144,random_forest,False,valid,spearman,0.39104614462382753,0,0.01,random,,
condition_recombine_pseudolabel__mult_1.5__sim_0.8__teacher_ridge__seed_0,condition_recombine_pseudolabel,1.5,0.8,ridge,0,31,23,1.7419354838709677,True,0.8384623258010201,0.800000011920929,0.85,reaction_role_concat,6144,random_forest,False,valid,rmse,26.727391071785057,0,0.01,random,,
condition_recombine_pseudolabel__mult_1.5__sim_0.8__teacher_ridge__seed_0,condition_recombine_pseudolabel,1.5,0.8,ridge,0,31,23,1.7419354838709677,True,0.8384623258010201,0.800000011920929,0.85,reaction_role_concat,6144,random_forest,False,valid,mae,21.649166324577752,0,0.01,random,,
condition_recombine_pseudolabel__mult_1.5__sim_0.8__teacher_ridge__seed_0,condition_recombine_pseudolabel,1.5,0.8,ridge,0,31,23,1.7419354838709677,True,0.8384623258010201,0.800000011920929,0.85,reaction_role_concat,6144,random_forest,False,valid,r2,0.06913629845713143,0,0.01,random,,
condition_recombine_pseudolabel__mult_1.5__sim_0.8__teacher_ridge__seed_0,condition_recombine_pseudolabel,1.5,0.8,ridge,0,31,23,1.7419354838709677,True,0.8384623258010201,0.800000011920929,0.85,reaction_role_concat,6144,random_forest,False,valid,spearman,0.3611031072482019,0,0.01,random,,
condition_recombine_pseudolabel__mult_1.5__sim_0.8__teacher_ridge__seed_1,condition_recombine_pseudolabel,1.5,0.8,ridge,1,31,24,1.7741935483870968,True,0.8345894053578378,0.802395224571228,0.85,reaction_role_concat,6144,random_forest,False,valid,rmse,26.550975082010794,0,0.01,random,,
condition_recombine_pseudolabel__mult_1.5__sim_0.8__teacher_ridge__seed_1,condition_recombine_pseudolabel,1.5,0.8,ridge,1,31,24,1.7741935483870968,True,0.8345894053578378,0.802395224571228,0.85,reaction_role_concat,6144,random_forest,False,valid,mae,21.35410403275641,0,0.01,random,,
condition_recombine_pseudolabel__mult_1.5__sim_0.8__teacher_ridge__seed_1,condition_recombine_pseudolabel,1.5,0.8,ridge,1,31,24,1.7741935483870968,True,0.8345894053578378,0.802395224571228,0.85,reaction_role_concat,6144,random_forest,False,valid,r2,0.08138420328211049,0,0.01,random,,
condition_recombine_pseudolabel__mult_1.5__sim_0.8__teacher_ridge__seed_1,condition_recombine_pseudolabel,1.5,0.8,ridge,1,31,24,1.7741935483870968,True,0.8345894053578378,0.802395224571228,0.85,reaction_role_concat,6144,random_forest,False,valid,spearman,0.35614544568097595,0,0.01,random,,
condition_recombine_pseudolabel__mult_1.5__sim_0.8__teacher_ridge__seed_2,condition_recombine_pseudolabel,1.5,0.8,ridge,2,31,22,1.7096774193548387,True,0.8355981637131085,0.8029196858406067,0.85,reaction_role_concat,6144,random_forest,False,valid,rmse,27.102104875035256,0,0.01,random,,
condition_recombine_pseudolabel__mult_1.5__sim_0.8__teacher_ridge__seed_2,condition_recombine_pseudolabel,1.5,0.8,ridge,2,31,22,1.7096774193548387,True,0.8355981637131085,0.8029196858406067,0.85,reaction_role_concat,6144,random_forest,False,valid,mae,22.331871435951584,0,0.01,random,,
condition_recombine_pseudolabel__mult_1.5__sim_0.8__teacher_ridge__seed_2,condition_recombine_pseudolabel,1.5,0.8,ridge,2,31,22,1.7096774193548387,True,0.8355981637131085,0.8029196858406067,0.85,reaction_role_concat,6144,random_forest,False,valid,r2,0.04285220736454931,0,0.01,random,,
condition_recombine_pseudolabel__mult_1.5__sim_0.8__teacher_ridge__seed_2,condition_recombine_pseudolabel,1.5,0.8,ridge,2,31,22,1.7096774193548387,True,0.8355981637131085,0.8029196858406067,0.85,reaction_role_concat,6144,random_forest,False,valid,spearman,0.32151405998481397,0,0.01,random,,
condition_recombine_pseudolabel__mult_1.5__sim_0.8__teacher_ridge__seed_3,condition_recombine_pseudolabel,1.5,0.8,ridge,3,31,33,2.064516129032258,True,0.8343070102460457,0.800000011920929,0.85,reaction_role_concat,6144,random_forest,False,valid,rmse,26.15754284795469,0,0.01,random,,
condition_recombine_pseudolabel__mult_1.5__sim_0.8__teacher_ridge__seed_3,condition_recombine_pseudolabel,1.5,0.8,ridge,3,31,33,2.064516129032258,True,0.8343070102460457,0.800000011920929,0.85,reaction_role_concat,6144,random_forest,False,valid,mae,21.06008524327942,0,0.01,random,,
condition_recombine_pseudolabel__mult_1.5__sim_0.8__teacher_ridge__seed_3,condition_recombine_pseudolabel,1.5,0.8,ridge,3,31,33,2.064516129032258,True,0.8343070102460457,0.800000011920929,0.85,reaction_role_concat,6144,random_forest,False,valid,r2,0.10840658987356044,0,0.01,random,,
condition_recombine_pseudolabel__mult_1.5__sim_0.8__teacher_ridge__seed_3,condition_recombine_pseudolabel,1.5,0.8,ridge,3,31,33,2.064516129032258,True,0.8343070102460457,0.800000011920929,0.85,reaction_role_concat,6144,random_forest,False,valid,spearman,0.3990698489019208,0,0.01,random,,
condition_recombine_pseudolabel__mult_1.5__sim_0.8__teacher_ridge__seed_4,condition_recombine_pseudolabel,1.5,0.8,ridge,4,31,24,1.7741935483870968,True,0.8270929644505184,0.800000011920929,0.85,reaction_role_concat,6144,random_forest,False,valid,rmse,25.95970498332691,0,0.01,random,,
condition_recombine_pseudolabel__mult_1.5__sim_0.8__teacher_ridge__seed_4,condition_recombine_pseudolabel,1.5,0.8,ridge,4,31,24,1.7741935483870968,True,0.8270929644505184,0.800000011920929,0.85,reaction_role_concat,6144,random_forest,False,valid,mae,21.03060696012159,0,0.01,random,,
condition_recombine_pseudolabel__mult_1.5__sim_0.8__teacher_ridge__seed_4,condition_recombine_pseudolabel,1.5,0.8,ridge,4,31,24,1.7741935483870968,True,0.8270929644505184,0.800000011920929,0.85,reaction_role_concat,6144,random_forest,False,valid,r2,0.12184239971674748,0,0.01,random,,
condition_recombine_pseudolabel__mult_1.5__sim_0.8__teacher_ridge__seed_4,condition_recombine_pseudolabel,1.5,0.8,ridge,4,31,24,1.7741935483870968,True,0.8270929644505184,0.800000011920929,0.85,reaction_role_concat,6144,random_forest,False,valid,spearman,0.39168388929693587,0,0.01,random,,
condition_recombine_pseudolabel__mult_1.5__sim_0.8__teacher_rf__seed_0,condition_recombine_pseudolabel,1.5,0.8,random_forest,0,31,23,1.7419354838709677,True,0.8384623258010201,0.800000011920929,0.85,reaction_role_concat,6144,random_forest,False,valid,rmse,26.70783834390826,0,0.01,random,,
condition_recombine_pseudolabel__mult_1.5__sim_0.8__teacher_rf__seed_0,condition_recombine_pseudolabel,1.5,0.8,random_forest,0,31,23,1.7419354838709677,True,0.8384623258010201,0.800000011920929,0.85,reaction_role_concat,6144,random_forest,False,valid,mae,21.853763387426543,0,0.01,random,,
condition_recombine_pseudolabel__mult_1.5__sim_0.8__teacher_rf__seed_0,condition_recombine_pseudolabel,1.5,0.8,random_forest,0,31,23,1.7419354838709677,True,0.8384623258010201,0.800000011920929,0.85,reaction_role_concat,6144,random_forest,False,valid,r2,0.07049776819809861,0,0.01,random,,
condition_recombine_pseudolabel__mult_1.5__sim_0.8__teacher_rf__seed_0,condition_recombine_pseudolabel,1.5,0.8,random_forest,0,31,23,1.7419354838709677,True,0.8384623258010201,0.800000011920929,0.85,reaction_role_concat,6144,random_forest,False,valid,spearman,0.34238507434509724,0,0.01,random,,
condition_recombine_pseudolabel__mult_1.5__sim_0.8__teacher_rf__seed_1,condition_recombine_pseudolabel,1.5,0.8,random_forest,1,31,24,1.7741935483870968,True,0.8345894053578378,0.802395224571228,0.85,reaction_role_concat,6144,random_forest,False,valid,rmse,25.411829982633105,0,0.01,random,,
condition_recombine_pseudolabel__mult_1.5__sim_0.8__teacher_rf__seed_1,condition_recombine_pseudolabel,1.5,0.8,random_forest,1,31,24,1.7741935483870968,True,0.8345894053578378,0.802395224571228,0.85,reaction_role_concat,6144,random_forest,False,valid,mae,20.79179302881488,0,0.01,random,,
condition_recombine_pseudolabel__mult_1.5__sim_0.8__teacher_rf__seed_1,condition_recombine_pseudolabel,1.5,0.8,random_forest,1,31,24,1.7741935483870968,True,0.8345894053578378,0.802395224571228,0.85,reaction_role_concat,6144,random_forest,False,valid,r2,0.15851797930894107,0,0.01,random,,
condition_recombine_pseudolabel__mult_1.5__sim_0.8__teacher_rf__seed_1,condition_recombine_pseudolabel,1.5,0.8,random_forest,1,31,24,1.7741935483870968,True,0.8345894053578378,0.802395224571228,0.85,reaction_role_concat,6144,random_forest,False,valid,spearman,0.4187955350551586,0,0.01,random,,
condition_recombine_pseudolabel__mult_1.5__sim_0.8__teacher_rf__seed_2,condition_recombine_pseudolabel,1.5,0.8,random_forest,2,31,22,1.7096774193548387,True,0.8355981637131085,0.8029196858406067,0.85,reaction_role_concat,6144,random_forest,False,valid,rmse,26.751710425859766,0,0.01,random,,
condition_recombine_pseudolabel__mult_1.5__sim_0.8__teacher_rf__seed_2,condition_recombine_pseudolabel,1.5,0.8,random_forest,2,31,22,1.7096774193548387,True,0.8355981637131085,0.8029196858406067,0.85,reaction_role_concat,6144,random_forest,False,valid,mae,22.139457528867297,0,0.01,random,,
condition_recombine_pseudolabel__mult_1.5__sim_0.8__teacher_rf__seed_2,condition_recombine_pseudolabel,1.5,0.8,random_forest,2,31,22,1.7096774193548387,True,0.8355981637131085,0.8029196858406067,0.85,reaction_role_concat,6144,random_forest,False,valid,r2,0.06744153497685523,0,0.01,random,,
condition_recombine_pseudolabel__mult_1.5__sim_0.8__teacher_rf__seed_2,condition_recombine_pseudolabel,1.5,0.8,random_forest,2,31,22,1.7096774193548387,True,0.8355981637131085,0.8029196858406067,0.85,reaction_role_concat,6144,random_forest,False,valid,spearman,0.312584660905308,0,0.01,random,,
condition_recombine_pseudolabel__mult_1.5__sim_0.8__teacher_rf__seed_3,condition_recombine_pseudolabel,1.5,0.8,random_forest,3,31,33,2.064516129032258,True,0.8343070102460457,0.800000011920929,0.85,reaction_role_concat,6144,random_forest,False,valid,rmse,26.395512118377884,0,0.01,random,,
condition_recombine_pseudolabel__mult_1.5__sim_0.8__teacher_rf__seed_3,condition_recombine_pseudolabel,1.5,0.8,random_forest,3,31,33,2.064516129032258,True,0.8343070102460457,0.800000011920929,0.85,reaction_role_concat,6144,random_forest,False,valid,mae,21.70887544435187,0,0.01,random,,
condition_recombine_pseudolabel__mult_1.5__sim_0.8__teacher_rf__seed_3,condition_recombine_pseudolabel,1.5,0.8,random_forest,3,31,33,2.064516129032258,True,0.8343070102460457,0.800000011920929,0.85,reaction_role_concat,6144,random_forest,False,valid,r2,0.09211018502069634,0,0.01,random,,
condition_recombine_pseudolabel__mult_1.5__sim_0.8__teacher_rf__seed_3,condition_recombine_pseudolabel,1.5,0.8,random_forest,3,31,33,2.064516129032258,True,0.8343070102460457,0.800000011920929,0.85,reaction_role_concat,6144,random_forest,False,valid,spearman,0.34507906643576286,0,0.01,random,,
condition_recombine_pseudolabel__mult_1.5__sim_0.8__teacher_rf__seed_4,condition_recombine_pseudolabel,1.5,0.8,random_forest,4,31,24,1.7741935483870968,True,0.8270929644505184,0.800000011920929,0.85,reaction_role_concat,6144,random_forest,False,valid,rmse,26.303401683763965,0,0.01,random,,
condition_recombine_pseudolabel__mult_1.5__sim_0.8__teacher_rf__seed_4,condition_recombine_pseudolabel,1.5,0.8,random_forest,4,31,24,1.7741935483870968,True,0.8270929644505184,0.800000011920929,0.85,reaction_role_concat,6144,random_forest,False,valid,mae,21.61285990574541,0,0.01,random,,
condition_recombine_pseudolabel__mult_1.5__sim_0.8__teacher_rf__seed_4,condition_recombine_pseudolabel,1.5,0.8,random_forest,4,31,24,1.7741935483870968,True,0.8270929644505184,0.800000011920929,0.85,reaction_role_concat,6144,random_forest,False,valid,r2,0.09843551890039692,0,0.01,random,,
condition_recombine_pseudolabel__mult_1.5__sim_0.8__teacher_rf__seed_4,condition_recombine_pseudolabel,1.5,0.8,random_forest,4,31,24,1.7741935483870968,True,0.8270929644505184,0.800000011920929,0.85,reaction_role_concat,6144,random_forest,False,valid,spearman,0.3444510583225493,0,0.01,random,,
condition_recombine_pseudolabel__mult_1.5__sim_0.85__teacher_ridge__seed_0,condition_recombine_pseudolabel,1.5,0.85,ridge,0,31,11,1.3548387096774193,True,0.85,0.85,0.85,reaction_role_concat,6144,random_forest,False,valid,rmse,26.422653467790575,0,0.01,random,,
condition_recombine_pseudolabel__mult_1.5__sim_0.85__teacher_ridge__seed_0,condition_recombine_pseudolabel,1.5,0.85,ridge,0,31,11,1.3548387096774193,True,0.85,0.85,0.85,reaction_role_concat,6144,random_forest,False,valid,mae,21.498305551372,0,0.01,random,,
condition_recombine_pseudolabel__mult_1.5__sim_0.85__teacher_ridge__seed_0,condition_recombine_pseudolabel,1.5,0.85,ridge,0,31,11,1.3548387096774193,True,0.85,0.85,0.85,reaction_role_concat,6144,random_forest,False,valid,r2,0.09024213840738737,0,0.01,random,,
condition_recombine_pseudolabel__mult_1.5__sim_0.85__teacher_ridge__seed_0,condition_recombine_pseudolabel,1.5,0.85,ridge,0,31,11,1.3548387096774193,True,0.85,0.85,0.85,reaction_role_concat,6144,random_forest,False,valid,spearman,0.3571062494113932,0,0.01,random,,
condition_recombine_pseudolabel__mult_1.5__sim_0.85__teacher_ridge__seed_1,condition_recombine_pseudolabel,1.5,0.85,ridge,1,31,14,1.4516129032258065,True,0.8499999999999999,0.85,0.85,reaction_role_concat,6144,random_forest,False,valid,rmse,25.993196658925704,0,0.01,random,,
condition_recombine_pseudolabel__mult_1.5__sim_0.85__teacher_ridge__seed_1,condition_recombine_pseudolabel,1.5,0.85,ridge,1,31,14,1.4516129032258065,True,0.8499999999999999,0.85,0.85,reaction_role_concat,6144,random_forest,False,valid,mae,20.867408979429474,0,0.01,random,,
condition_recombine_pseudolabel__mult_1.5__sim_0.85__teacher_ridge__seed_1,condition_recombine_pseudolabel,1.5,0.85,ridge,1,31,14,1.4516129032258065,True,0.8499999999999999,0.85,0.85,reaction_role_concat,6144,random_forest,False,valid,r2,0.11957504408704067,0,0.01,random,,
condition_recombine_pseudolabel__mult_1.5__sim_0.85__teacher_ridge__seed_1,condition_recombine_pseudolabel,1.5,0.85,ridge,1,31,14,1.4516129032258065,True,0.8499999999999999,0.85,0.85,reaction_role_concat,6144,random_forest,False,valid,spearman,0.4008374239852198,0,0.01,random,,
condition_recombine_pseudolabel__mult_1.5__sim_0.85__teacher_ridge__seed_2,condition_recombine_pseudolabel,1.5,0.85,ridge,2,31,9,1.2903225806451613,True,0.85,0.85,0.85,reaction_role_concat,6144,random_forest,False,valid,rmse,27.053978359078968,0,0.01,random,,
condition_recombine_pseudolabel__mult_1.5__sim_0.85__teacher_ridge__seed_2,condition_recombine_pseudolabel,1.5,0.85,ridge,2,31,9,1.2903225806451613,True,0.85,0.85,0.85,reaction_role_concat,6144,random_forest,False,valid,mae,22.465131521505644,0,0.01,random,,
condition_recombine_pseudolabel__mult_1.5__sim_0.85__teacher_ridge__seed_2,condition_recombine_pseudolabel,1.5,0.85,ridge,2,31,9,1.2903225806451613,True,0.85,0.85,0.85,reaction_role_concat,6144,random_forest,False,valid,r2,0.04624849628936745,0,0.01,random,,
condition_recombine_pseudolabel__mult_1.5__sim_0.85__teacher_ridge__seed_2,condition_recombine_pseudolabel,1.5,0.85,ridge,2,31,9,1.2903225806451613,True,0.85,0.85,0.85,reaction_role_concat,6144,random_forest,False,valid,spearman,0.2896554518154886,0,0.01,random,,
condition_recombine_pseudolabel__mult_1.5__sim_0.85__teacher_ridge__seed_3,condition_recombine_pseudolabel,1.5,0.85,ridge,3,31,14,1.4516129032258065,True,0.8499999999999999,0.85,0.85,reaction_role_concat,6144,random_forest,False,valid,rmse,25.116871256202316,0,0.01,random,,
condition_recombine_pseudolabel__mult_1.5__sim_0.85__teacher_ridge__seed_3,condition_recombine_pseudolabel,1.5,0.85,ridge,3,31,14,1.4516129032258065,True,0.8499999999999999,0.85,0.85,reaction_role_concat,6144,random_forest,False,valid,mae,20.423733605937116,0,0.01,random,,
condition_recombine_pseudolabel__mult_1.5__sim_0.85__teacher_ridge__seed_3,condition_recombine_pseudolabel,1.5,0.85,ridge,3,31,14,1.4516129032258065,True,0.8499999999999999,0.85,0.85,reaction_role_concat,6144,random_forest,False,valid,r2,0.17793901310630433,0,0.01,random,,
condition_recombine_pseudolabel__mult_1.5__sim_0.85__teacher_ridge__seed_3,condition_recombine_pseudolabel,1.5,0.85,ridge,3,31,14,1.4516129032258065,True,0.8499999999999999,0.85,0.85,reaction_role_concat,6144,random_forest,False,valid,spearman,0.43326211574682805,0,0.01,random,,
condition_recombine_pseudolabel__mult_1.5__sim_0.85__teacher_ridge__seed_4,condition_recombine_pseudolabel,1.5,0.85,ridge,4,31,6,1.1935483870967742,True,0.85,0.85,0.85,reaction_role_concat,6144,random_forest,False,valid,rmse,27.05785445278807,0,0.01,random,,
condition_recombine_pseudolabel__mult_1.5__sim_0.85__teacher_ridge__seed_4,condition_recombine_pseudolabel,1.5,0.85,ridge,4,31,6,1.1935483870967742,True,0.85,0.85,0.85,reaction_role_concat,6144,random_forest,False,valid,mae,22.276470112041583,0,0.01,random,,
condition_recombine_pseudolabel__mult_1.5__sim_0.85__teacher_ridge__seed_4,condition_recombine_pseudolabel,1.5,0.85,ridge,4,31,6,1.1935483870967742,True,0.85,0.85,0.85,reaction_role_concat,6144,random_forest,False,valid,r2,0.04597518380410248,0,0.01,random,,
condition_recombine_pseudolabel__mult_1.5__sim_0.85__teacher_ridge__seed_4,condition_recombine_pseudolabel,1.5,0.85,ridge,4,31,6,1.1935483870967742,True,0.85,0.85,0.85,reaction_role_concat,6144,random_forest,False,valid,spearman,0.3046929843793881,0,0.01,random,,
condition_recombine_pseudolabel__mult_1.5__sim_0.85__teacher_rf__seed_0,condition_recombine_pseudolabel,1.5,0.85,random_forest,0,31,11,1.3548387096774193,True,0.85,0.85,0.85,reaction_role_concat,6144,random_forest,False,valid,rmse,27.017483589224806,0,0.01,random,,
condition_recombine_pseudolabel__mult_1.5__sim_0.85__teacher_rf__seed_0,condition_recombine_pseudolabel,1.5,0.85,random_forest,0,31,11,1.3548387096774193,True,0.85,0.85,0.85,reaction_role_concat,6144,random_forest,False,valid,mae,22.034008448994612,0,0.01,random,,
condition_recombine_pseudolabel__mult_1.5__sim_0.85__teacher_rf__seed_0,condition_recombine_pseudolabel,1.5,0.85,random_forest,0,31,11,1.3548387096774193,True,0.85,0.85,0.85,reaction_role_concat,6144,random_forest,False,valid,r2,0.04881990849024043,0,0.01,random,,
condition_recombine_pseudolabel__mult_1.5__sim_0.85__teacher_rf__seed_0,condition_recombine_pseudolabel,1.5,0.85,random_forest,0,31,11,1.3548387096774193,True,0.85,0.85,0.85,reaction_role_concat,6144,random_forest,False,valid,spearman,0.3097337961681154,0,0.01,random,,
condition_recombine_pseudolabel__mult_1.5__sim_0.85__teacher_rf__seed_1,condition_recombine_pseudolabel,1.5,0.85,random_forest,1,31,14,1.4516129032258065,True,0.8499999999999999,0.85,0.85,reaction_role_concat,6144,random_forest,False,valid,rmse,26.0443241572636,0,0.01,random,,
condition_recombine_pseudolabel__mult_1.5__sim_0.85__teacher_rf__seed_1,condition_recombine_pseudolabel,1.5,0.85,random_forest,1,31,14,1.4516129032258065,True,0.8499999999999999,0.85,0.85,reaction_role_concat,6144,random_forest,False,valid,mae,21.24205641177636,0,0.01,random,,
condition_recombine_pseudolabel__mult_1.5__sim_0.85__teacher_rf__seed_1,condition_recombine_pseudolabel,1.5,0.85,random_forest,1,31,14,1.4516129032258065,True,0.8499999999999999,0.85,0.85,reaction_role_concat,6144,random_forest,False,valid,r2,0.11610812185445218,0,0.01,random,,
condition_recombine_pseudolabel__mult_1.5__sim_0.85__teacher_rf__seed_1,condition_recombine_pseudolabel,1.5,0.85,random_forest,1,31,14,1.4516129032258065,True,0.8499999999999999,0.85,0.85,reaction_role_concat,6144,random_forest,False,valid,spearman,0.3874290126229155,0,0.01,random,,
condition_recombine_pseudolabel__mult_1.5__sim_0.85__teacher_rf__seed_2,condition_recombine_pseudolabel,1.5,0.85,random_forest,2,31,9,1.2903225806451613,True,0.85,0.85,0.85,reaction_role_concat,6144,random_forest,False,valid,rmse,26.622946550164016,0,0.01,random,,
condition_recombine_pseudolabel__mult_1.5__sim_0.85__teacher_rf__seed_2,condition_recombine_pseudolabel,1.5,0.85,random_forest,2,31,9,1.2903225806451613,True,0.85,0.85,0.85,reaction_role_concat,6144,random_forest,False,valid,mae,21.96550217701212,0,0.01,random,,
condition_recombine_pseudolabel__mult_1.5__sim_0.85__teacher_rf__seed_2,condition_recombine_pseudolabel,1.5,0.85,random_forest,2,31,9,1.2903225806451613,True,0.85,0.85,0.85,reaction_role_concat,6144,random_forest,False,valid,r2,0.07639728774977228,0,0.01,random,,
condition_recombine_pseudolabel__mult_1.5__sim_0.85__teacher_rf__seed_2,condition_recombine_pseudolabel,1.5,0.85,random_forest,2,31,9,1.2903225806451613,True,0.85,0.85,0.85,reaction_role_concat,6144,random_forest,False,valid,spearman,0.32299946956236214,0,0.01,random,,
condition_recombine_pseudolabel__mult_1.5__sim_0.85__teacher_rf__seed_3,condition_recombine_pseudolabel,1.5,0.85,random_forest,3,31,14,1.4516129032258065,True,0.8499999999999999,0.85,0.85,reaction_role_concat,6144,random_forest,False,valid,rmse,26.186376450149893,0,0.01,random,,
condition_recombine_pseudolabel__mult_1.5__sim_0.85__teacher_rf__seed_3,condition_recombine_pseudolabel,1.5,0.85,random_forest,3,31,14,1.4516129032258065,True,0.8499999999999999,0.85,0.85,reaction_role_concat,6144,random_forest,False,valid,mae,21.58970467733582,0,0.01,random,,
condition_recombine_pseudolabel__mult_1.5__sim_0.85__teacher_rf__seed_3,condition_recombine_pseudolabel,1.5,0.85,random_forest,3,31,14,1.4516129032258065,True,0.8499999999999999,0.85,0.85,reaction_role_concat,6144,random_forest,False,valid,r2,0.10643988995771114,0,0.01,random,,
condition_recombine_pseudolabel__mult_1.5__sim_0.85__teacher_rf__seed_3,condition_recombine_pseudolabel,1.5,0.85,random_forest,3,31,14,1.4516129032258065,True,0.8499999999999999,0.85,0.85,reaction_role_concat,6144,random_forest,False,valid,spearman,0.3451694217115864,0,0.01,random,,
condition_recombine_pseudolabel__mult_1.5__sim_0.85__teacher_rf__seed_4,condition_recombine_pseudolabel,1.5,0.85,random_forest,4,31,6,1.1935483870967742,True,0.85,0.85,0.85,reaction_role_concat,6144,random_forest,False,valid,rmse,26.625815564674117,0,0.01,random,,
condition_recombine_pseudolabel__mult_1.5__sim_0.85__teacher_rf__seed_4,condition_recombine_pseudolabel,1.5,0.85,random_forest,4,31,6,1.1935483870967742,True,0.85,0.85,0.85,reaction_role_concat,6144,random_forest,False,valid,mae,21.92175032352496,0,0.01,random,,
condition_recombine_pseudolabel__mult_1.5__sim_0.85__teacher_rf__seed_4,condition_recombine_pseudolabel,1.5,0.85,random_forest,4,31,6,1.1935483870967742,True,0.85,0.85,0.85,reaction_role_concat,6144,random_forest,False,valid,r2,0.07619821343941391,0,0.01,random,,
condition_recombine_pseudolabel__mult_1.5__sim_0.85__teacher_rf__seed_4,condition_recombine_pseudolabel,1.5,0.85,random_forest,4,31,6,1.1935483870967742,True,0.85,0.85,0.85,reaction_role_concat,6144,random_forest,False,valid,spearman,0.3331375651872066,0,0.01,random,,
condition_recombine_pseudolabel__mult_1.5__sim_0.9__teacher_ridge__seed_0,condition_recombine_pseudolabel,1.5,0.9,ridge,0,31,4,1.1290322580645162,True,0.85,0.85,0.85,reaction_role_concat,6144,random_forest,False,valid,rmse,27.36409505668176,0,0.01,random,,
condition_recombine_pseudolabel__mult_1.5__sim_0.9__teacher_ridge__seed_0,condition_recombine_pseudolabel,1.5,0.9,ridge,0,31,4,1.1290322580645162,True,0.85,0.85,0.85,reaction_role_concat,6144,random_forest,False,valid,mae,22.416920967289165,0,0.01,random,,
condition_recombine_pseudolabel__mult_1.5__sim_0.9__teacher_ridge__seed_0,condition_recombine_pseudolabel,1.5,0.9,ridge,0,31,4,1.1290322580645162,True,0.85,0.85,0.85,reaction_role_concat,6144,random_forest,False,valid,r2,0.024257683979356792,0,0.01,random,,
condition_recombine_pseudolabel__mult_1.5__sim_0.9__teacher_ridge__seed_0,condition_recombine_pseudolabel,1.5,0.9,ridge,0,31,4,1.1290322580645162,True,0.85,0.85,0.85,reaction_role_concat,6144,random_forest,False,valid,spearman,0.28752178208014567,0,0.01,random,,
condition_recombine_pseudolabel__mult_1.5__sim_0.9__teacher_ridge__seed_1,condition_recombine_pseudolabel,1.5,0.9,ridge,1,31,7,1.2258064516129032,True,0.8499999999999999,0.85,0.85,reaction_role_concat,6144,random_forest,False,valid,rmse,26.952035006495016,0,0.01,random,,
condition_recombine_pseudolabel__mult_1.5__sim_0.9__teacher_ridge__seed_1,condition_recombine_pseudolabel,1.5,0.9,ridge,1,31,7,1.2258064516129032,True,0.8499999999999999,0.85,0.85,reaction_role_concat,6144,random_forest,False,valid,mae,21.65399532174159,0,0.01,random,,
condition_recombine_pseudolabel__mult_1.5__sim_0.9__teacher_ridge__seed_1,condition_recombine_pseudolabel,1.5,0.9,ridge,1,31,7,1.2258064516129032,True,0.8499999999999999,0.85,0.85,reaction_role_concat,6144,random_forest,False,valid,r2,0.05342270473157529,0,0.01,random,,
condition_recombine_pseudolabel__mult_1.5__sim_0.9__teacher_ridge__seed_1,condition_recombine_pseudolabel,1.5,0.9,ridge,1,31,7,1.2258064516129032,True,0.8499999999999999,0.85,0.85,reaction_role_concat,6144,random_forest,False,valid,spearman,0.3447957325428246,0,0.01,random,,
condition_recombine_pseudolabel__mult_1.5__sim_0.9__teacher_ridge__seed_2,condition_recombine_pseudolabel,1.5,0.9,ridge,2,31,6,1.1935483870967742,True,0.85,0.85,0.85,reaction_role_concat,6144,random_forest,False,valid,rmse,27.508479653413634,0,0.01,random,,
condition_recombine_pseudolabel__mult_1.5__sim_0.9__teacher_ridge__seed_2,condition_recombine_pseudolabel,1.5,0.9,ridge,2,31,6,1.1935483870967742,True,0.85,0.85,0.85,reaction_role_concat,6144,random_forest,False,valid,mae,22.610434976447987,0,0.01,random,,
condition_recombine_pseudolabel__mult_1.5__sim_0.9__teacher_ridge__seed_2,condition_recombine_pseudolabel,1.5,0.9,ridge,2,31,6,1.1935483870967742,True,0.85,0.85,0.85,reaction_role_concat,6144,random_forest,False,valid,r2,0.013933656263347749,0,0.01,random,,
condition_recombine_pseudolabel__mult_1.5__sim_0.9__teacher_ridge__seed_2,condition_recombine_pseudolabel,1.5,0.9,ridge,2,31,6,1.1935483870967742,True,0.85,0.85,0.85,reaction_role_concat,6144,random_forest,False,valid,spearman,0.28424348236357205,0,0.01,random,,
condition_recombine_pseudolabel__mult_1.5__sim_0.9__teacher_ridge__seed_3,condition_recombine_pseudolabel,1.5,0.9,ridge,3,31,9,1.2903225806451613,True,0.85,0.85,0.85,reaction_role_concat,6144,random_forest,False,valid,rmse,25.31697534168592,0,0.01,random,,
condition_recombine_pseudolabel__mult_1.5__sim_0.9__teacher_ridge__seed_3,condition_recombine_pseudolabel,1.5,0.9,ridge,3,31,9,1.2903225806451613,True,0.85,0.85,0.85,reaction_role_concat,6144,random_forest,False,valid,mae,20.689689760796632,0,0.01,random,,
condition_recombine_pseudolabel__mult_1.5__sim_0.9__teacher_ridge__seed_3,condition_recombine_pseudolabel,1.5,0.9,ridge,3,31,9,1.2903225806451613,True,0.85,0.85,0.85,reaction_role_concat,6144,random_forest,False,valid,r2,0.16478824838692419,0,0.01,random,,
condition_recombine_pseudolabel__mult_1.5__sim_0.9__teacher_ridge__seed_3,condition_recombine_pseudolabel,1.5,0.9,ridge,3,31,9,1.2903225806451613,True,0.85,0.85,0.85,reaction_role_concat,6144,random_forest,False,valid,spearman,0.4214403741849776,0,0.01,random,,
condition_recombine_pseudolabel__mult_1.5__sim_0.9__teacher_ridge__seed_4,condition_recombine_pseudolabel,1.5,0.9,ridge,4,31,2,1.064516129032258,True,0.85,0.85,0.85,reaction_role_concat,6144,random_forest,False,valid,rmse,27.034055265794247,0,0.01,random,,
condition_recombine_pseudolabel__mult_1.5__sim_0.9__teacher_ridge__seed_4,condition_recombine_pseudolabel,1.5,0.9,ridge,4,31,2,1.064516129032258,True,0.85,0.85,0.85,reaction_role_concat,6144,random_forest,False,valid,mae,22.262544877444647,0,0.01,random,,
condition_recombine_pseudolabel__mult_1.5__sim_0.9__teacher_ridge__seed_4,condition_recombine_pseudolabel,1.5,0.9,ridge,4,31,2,1.064516129032258,True,0.85,0.85,0.85,reaction_role_concat,6144,random_forest,False,valid,r2,0.04765270259996668,0,0.01,random,,
condition_recombine_pseudolabel__mult_1.5__sim_0.9__teacher_ridge__seed_4,condition_recombine_pseudolabel,1.5,0.9,ridge,4,31,2,1.064516129032258,True,0.85,0.85,0.85,reaction_role_concat,6144,random_forest,False,valid,spearman,0.3060960226602264,0,0.01,random,,
condition_recombine_pseudolabel__mult_1.5__sim_0.9__teacher_rf__seed_0,condition_recombine_pseudolabel,1.5,0.9,random_forest,0,31,4,1.1290322580645162,True,0.85,0.85,0.85,reaction_role_concat,6144,random_forest,False,valid,rmse,27.185162953321072,0,0.01,random,,
condition_recombine_pseudolabel__mult_1.5__sim_0.9__teacher_rf__seed_0,condition_recombine_pseudolabel,1.5,0.9,random_forest,0,31,4,1.1290322580645162,True,0.85,0.85,0.85,reaction_role_concat,6144,random_forest,False,valid,mae,22.352839176790624,0,0.01,random,,
condition_recombine_pseudolabel__mult_1.5__sim_0.9__teacher_rf__seed_0,condition_recombine_pseudolabel,1.5,0.9,random_forest,0,31,4,1.1290322580645162,True,0.85,0.85,0.85,reaction_role_concat,6144,random_forest,False,valid,r2,0.03697659923922558,0,0.01,random,,
condition_recombine_pseudolabel__mult_1.5__sim_0.9__teacher_rf__seed_0,condition_recombine_pseudolabel,1.5,0.9,random_forest,0,31,4,1.1290322580645162,True,0.85,0.85,0.85,reaction_role_concat,6144,random_forest,False,valid,spearman,0.29560293206161814,0,0.01,random,,
condition_recombine_pseudolabel__mult_1.5__sim_0.9__teacher_rf__seed_1,condition_recombine_pseudolabel,1.5,0.9,random_forest,1,31,7,1.2258064516129032,True,0.8499999999999999,0.85,0.85,reaction_role_concat,6144,random_forest,False,valid,rmse,26.124236857056385,0,0.01,random,,
condition_recombine_pseudolabel__mult_1.5__sim_0.9__teacher_rf__seed_1,condition_recombine_pseudolabel,1.5,0.9,random_forest,1,31,7,1.2258064516129032,True,0.8499999999999999,0.85,0.85,reaction_role_concat,6144,random_forest,False,valid,mae,21.148981746641894,0,0.01,random,,
condition_recombine_pseudolabel__mult_1.5__sim_0.9__teacher_rf__seed_1,condition_recombine_pseudolabel,1.5,0.9,random_forest,1,31,7,1.2258064516129032,True,0.8499999999999999,0.85,0.85,reaction_role_concat,6144,random_forest,False,valid,r2,0.1106756483114496,0,0.01,random,,
condition_recombine_pseudolabel__mult_1.5__sim_0.9__teacher_rf__seed_1,condition_recombine_pseudolabel,1.5,0.9,random_forest,1,31,7,1.2258064516129032,True,0.8499999999999999,0.85,0.85,reaction_role_concat,6144,random_forest,False,valid,spearman,0.3811168008431273,0,0.01,random,,
condition_recombine_pseudolabel__mult_1.5__sim_0.9__teacher_rf__seed_2,condition_recombine_pseudolabel,1.5,0.9,random_forest,2,31,6,1.1935483870967742,True,0.85,0.85,0.85,reaction_role_concat,6144,random_forest,False,valid,rmse,27.695726083199386,0,0.01,random,,
condition_recombine_pseudolabel__mult_1.5__sim_0.9__teacher_rf__seed_2,condition_recombine_pseudolabel,1.5,0.9,random_forest,2,31,6,1.1935483870967742,True,0.85,0.85,0.85,reaction_role_concat,6144,random_forest,False,valid,mae,22.80121414623985,0,0.01,random,,
condition_recombine_pseudolabel__mult_1.5__sim_0.9__teacher_rf__seed_2,condition_recombine_pseudolabel,1.5,0.9,random_forest,2,31,6,1.1935483870967742,True,0.85,0.85,0.85,reaction_role_concat,6144,random_forest,False,valid,r2,0.00046393307933390027,0,0.01,random,,
condition_recombine_pseudolabel__mult_1.5__sim_0.9__teacher_rf__seed_2,condition_recombine_pseudolabel,1.5,0.9,random_forest,2,31,6,1.1935483870967742,True,0.85,0.85,0.85,reaction_role_concat,6144,random_forest,False,valid,spearman,0.2559063082684013,0,0.01,random,,
condition_recombine_pseudolabel__mult_1.5__sim_0.9__teacher_rf__seed_3,condition_recombine_pseudolabel,1.5,0.9,random_forest,3,31,9,1.2903225806451613,True,0.85,0.85,0.85,reaction_role_concat,6144,random_forest,False,valid,rmse,26.22122467343316,0,0.01,random,,
condition_recombine_pseudolabel__mult_1.5__sim_0.9__teacher_rf__seed_3,condition_recombine_pseudolabel,1.5,0.9,random_forest,3,31,9,1.2903225806451613,True,0.85,0.85,0.85,reaction_role_concat,6144,random_forest,False,valid,mae,21.68780044233346,0,0.01,random,,
condition_recombine_pseudolabel__mult_1.5__sim_0.9__teacher_rf__seed_3,condition_recombine_pseudolabel,1.5,0.9,random_forest,3,31,9,1.2903225806451613,True,0.85,0.85,0.85,reaction_role_concat,6144,random_forest,False,valid,r2,0.10406004929443591,0,0.01,random,,
condition_recombine_pseudolabel__mult_1.5__sim_0.9__teacher_rf__seed_3,condition_recombine_pseudolabel,1.5,0.9,random_forest,3,31,9,1.2903225806451613,True,0.85,0.85,0.85,reaction_role_concat,6144,random_forest,False,valid,spearman,0.3496474603383953,0,0.01,random,,
condition_recombine_pseudolabel__mult_1.5__sim_0.9__teacher_rf__seed_4,condition_recombine_pseudolabel,1.5,0.9,random_forest,4,31,2,1.064516129032258,True,0.85,0.85,0.85,reaction_role_concat,6144,random_forest,False,valid,rmse,26.89793936297065,0,0.01,random,,
condition_recombine_pseudolabel__mult_1.5__sim_0.9__teacher_rf__seed_4,condition_recombine_pseudolabel,1.5,0.9,random_forest,4,31,2,1.064516129032258,True,0.85,0.85,0.85,reaction_role_concat,6144,random_forest,False,valid,mae,22.128433555097516,0,0.01,random,,
condition_recombine_pseudolabel__mult_1.5__sim_0.9__teacher_rf__seed_4,condition_recombine_pseudolabel,1.5,0.9,random_forest,4,31,2,1.064516129032258,True,0.85,0.85,0.85,reaction_role_concat,6144,random_forest,False,valid,r2,0.05721865707648932,0,0.01,random,,
condition_recombine_pseudolabel__mult_1.5__sim_0.9__teacher_rf__seed_4,condition_recombine_pseudolabel,1.5,0.9,random_forest,4,31,2,1.064516129032258,True,0.85,0.85,0.85,reaction_role_concat,6144,random_forest,False,valid,spearman,0.3154327994057301,0,0.01,random,,
condition_recombine_pseudolabel__mult_1.5__sim_0.95__teacher_ridge__seed_0,condition_recombine_pseudolabel,1.5,0.95,ridge,0,31,0,1.0,True,,,,reaction_role_concat,6144,random_forest,False,valid,rmse,26.60717642441269,0,0.01,random,,
condition_recombine_pseudolabel__mult_1.5__sim_0.95__teacher_ridge__seed_0,condition_recombine_pseudolabel,1.5,0.95,ridge,0,31,0,1.0,True,,,,reaction_role_concat,6144,random_forest,False,valid,mae,22.122964368931857,0,0.01,random,,
condition_recombine_pseudolabel__mult_1.5__sim_0.95__teacher_ridge__seed_0,condition_recombine_pseudolabel,1.5,0.95,ridge,0,31,0,1.0,True,,,,reaction_role_concat,6144,random_forest,False,valid,r2,0.07749115743063129,0,0.01,random,,
condition_recombine_pseudolabel__mult_1.5__sim_0.95__teacher_ridge__seed_0,condition_recombine_pseudolabel,1.5,0.95,ridge,0,31,0,1.0,True,,,,reaction_role_concat,6144,random_forest,False,valid,spearman,0.30969971820848363,0,0.01,random,,
condition_recombine_pseudolabel__mult_1.5__sim_0.95__teacher_ridge__seed_1,condition_recombine_pseudolabel,1.5,0.95,ridge,1,31,0,1.0,True,,,,reaction_role_concat,6144,random_forest,False,valid,rmse,26.60717642441269,0,0.01,random,,
condition_recombine_pseudolabel__mult_1.5__sim_0.95__teacher_ridge__seed_1,condition_recombine_pseudolabel,1.5,0.95,ridge,1,31,0,1.0,True,,,,reaction_role_concat,6144,random_forest,False,valid,mae,22.122964368931857,0,0.01,random,,
condition_recombine_pseudolabel__mult_1.5__sim_0.95__teacher_ridge__seed_1,condition_recombine_pseudolabel,1.5,0.95,ridge,1,31,0,1.0,True,,,,reaction_role_concat,6144,random_forest,False,valid,r2,0.07749115743063129,0,0.01,random,,
condition_recombine_pseudolabel__mult_1.5__sim_0.95__teacher_ridge__seed_1,condition_recombine_pseudolabel,1.5,0.95,ridge,1,31,0,1.0,True,,,,reaction_role_concat,6144,random_forest,False,valid,spearman,0.30969971820848363,0,0.01,random,,
condition_recombine_pseudolabel__mult_1.5__sim_0.95__teacher_ridge__seed_2,condition_recombine_pseudolabel,1.5,0.95,ridge,2,31,0,1.0,True,,,,reaction_role_concat,6144,random_forest,False,valid,rmse,26.60717642441269,0,0.01,random,,
condition_recombine_pseudolabel__mult_1.5__sim_0.95__teacher_ridge__seed_2,condition_recombine_pseudolabel,1.5,0.95,ridge,2,31,0,1.0,True,,,,reaction_role_concat,6144,random_forest,False,valid,mae,22.122964368931857,0,0.01,random,,
condition_recombine_pseudolabel__mult_1.5__sim_0.95__teacher_ridge__seed_2,condition_recombine_pseudolabel,1.5,0.95,ridge,2,31,0,1.0,True,,,,reaction_role_concat,6144,random_forest,False,valid,r2,0.07749115743063129,0,0.01,random,,
condition_recombine_pseudolabel__mult_1.5__sim_0.95__teacher_ridge__seed_2,condition_recombine_pseudolabel,1.5,0.95,ridge,2,31,0,1.0,True,,,,reaction_role_concat,6144,random_forest,False,valid,spearman,0.30969971820848363,0,0.01,random,,
condition_recombine_pseudolabel__mult_1.5__sim_0.95__teacher_ridge__seed_3,condition_recombine_pseudolabel,1.5,0.95,ridge,3,31,0,1.0,True,,,,reaction_role_concat,6144,random_forest,False,valid,rmse,26.60717642441269,0,0.01,random,,
condition_recombine_pseudolabel__mult_1.5__sim_0.95__teacher_ridge__seed_3,condition_recombine_pseudolabel,1.5,0.95,ridge,3,31,0,1.0,True,,,,reaction_role_concat,6144,random_forest,False,valid,mae,22.122964368931857,0,0.01,random,,
condition_recombine_pseudolabel__mult_1.5__sim_0.95__teacher_ridge__seed_3,condition_recombine_pseudolabel,1.5,0.95,ridge,3,31,0,1.0,True,,,,reaction_role_concat,6144,random_forest,False,valid,r2,0.07749115743063129,0,0.01,random,,
condition_recombine_pseudolabel__mult_1.5__sim_0.95__teacher_ridge__seed_3,condition_recombine_pseudolabel,1.5,0.95,ridge,3,31,0,1.0,True,,,,reaction_role_concat,6144,random_forest,False,valid,spearman,0.30969971820848363,0,0.01,random,,
condition_recombine_pseudolabel__mult_1.5__sim_0.95__teacher_ridge__seed_4,condition_recombine_pseudolabel,1.5,0.95,ridge,4,31,0,1.0,True,,,,reaction_role_concat,6144,random_forest,False,valid,rmse,26.60717642441269,0,0.01,random,,
condition_recombine_pseudolabel__mult_1.5__sim_0.95__teacher_ridge__seed_4,condition_recombine_pseudolabel,1.5,0.95,ridge,4,31,0,1.0,True,,,,reaction_role_concat,6144,random_forest,False,valid,mae,22.122964368931857,0,0.01,random,,
condition_recombine_pseudolabel__mult_1.5__sim_0.95__teacher_ridge__seed_4,condition_recombine_pseudolabel,1.5,0.95,ridge,4,31,0,1.0,True,,,,reaction_role_concat,6144,random_forest,False,valid,r2,0.07749115743063129,0,0.01,random,,
condition_recombine_pseudolabel__mult_1.5__sim_0.95__teacher_ridge__seed_4,condition_recombine_pseudolabel,1.5,0.95,ridge,4,31,0,1.0,True,,,,reaction_role_concat,6144,random_forest,False,valid,spearman,0.30969971820848363,0,0.01,random,,
condition_recombine_pseudolabel__mult_1.5__sim_0.95__teacher_rf__seed_0,condition_recombine_pseudolabel,1.5,0.95,random_forest,0,31,0,1.0,True,,,,reaction_role_concat,6144,random_forest,False,valid,rmse,26.60717642441269,0,0.01,random,,
condition_recombine_pseudolabel__mult_1.5__sim_0.95__teacher_rf__seed_0,condition_recombine_pseudolabel,1.5,0.95,random_forest,0,31,0,1.0,True,,,,reaction_role_concat,6144,random_forest,False,valid,mae,22.122964368931857,0,0.01,random,,
condition_recombine_pseudolabel__mult_1.5__sim_0.95__teacher_rf__seed_0,condition_recombine_pseudolabel,1.5,0.95,random_forest,0,31,0,1.0,True,,,,reaction_role_concat,6144,random_forest,False,valid,r2,0.07749115743063129,0,0.01,random,,
condition_recombine_pseudolabel__mult_1.5__sim_0.95__teacher_rf__seed_0,condition_recombine_pseudolabel,1.5,0.95,random_forest,0,31,0,1.0,True,,,,reaction_role_concat,6144,random_forest,False,valid,spearman,0.30969971820848363,0,0.01,random,,
condition_recombine_pseudolabel__mult_1.5__sim_0.95__teacher_rf__seed_1,condition_recombine_pseudolabel,1.5,0.95,random_forest,1,31,0,1.0,True,,,,reaction_role_concat,6144,random_forest,False,valid,rmse,26.60717642441269,0,0.01,random,,
condition_recombine_pseudolabel__mult_1.5__sim_0.95__teacher_rf__seed_1,condition_recombine_pseudolabel,1.5,0.95,random_forest,1,31,0,1.0,True,,,,reaction_role_concat,6144,random_forest,False,valid,mae,22.122964368931857,0,0.01,random,,
condition_recombine_pseudolabel__mult_1.5__sim_0.95__teacher_rf__seed_1,condition_recombine_pseudolabel,1.5,0.95,random_forest,1,31,0,1.0,True,,,,reaction_role_concat,6144,random_forest,False,valid,r2,0.07749115743063129,0,0.01,random,,
condition_recombine_pseudolabel__mult_1.5__sim_0.95__teacher_rf__seed_1,condition_recombine_pseudolabel,1.5,0.95,random_forest,1,31,0,1.0,True,,,,reaction_role_concat,6144,random_forest,False,valid,spearman,0.30969971820848363,0,0.01,random,,
condition_recombine_pseudolabel__mult_1.5__sim_0.95__teacher_rf__seed_2,condition_recombine_pseudolabel,1.5,0.95,random_forest,2,31,0,1.0,True,,,,reaction_role_concat,6144,random_forest,False,valid,rmse,26.60717642441269,0,0.01,random,,
condition_recombine_pseudolabel__mult_1.5__sim_0.95__teacher_rf__seed_2,condition_recombine_pseudolabel,1.5,0.95,random_forest,2,31,0,1.0,True,,,,reaction_role_concat,6144,random_forest,False,valid,mae,22.122964368931857,0,0.01,random,,
condition_recombine_pseudolabel__mult_1.5__sim_0.95__teacher_rf__seed_2,condition_recombine_pseudolabel,1.5,0.95,random_forest,2,31,0,1.0,True,,,,reaction_role_concat,6144,random_forest,False,valid,r2,0.07749115743063129,0,0.01,random,,
condition_recombine_pseudolabel__mult_1.5__sim_0.95__teacher_rf__seed_2,condition_recombine_pseudolabel,1.5,0.95,random_forest,2,31,0,1.0,True,,,,reaction_role_concat,6144,random_forest,False,valid,spearman,0.30969971820848363,0,0.01,random,,
condition_recombine_pseudolabel__mult_1.5__sim_0.95__teacher_rf__seed_3,condition_recombine_pseudolabel,1.5,0.95,random_forest,3,31,0,1.0,True,,,,reaction_role_concat,6144,random_forest,False,valid,rmse,26.60717642441269,0,0.01,random,,
condition_recombine_pseudolabel__mult_1.5__sim_0.95__teacher_rf__seed_3,condition_recombine_pseudolabel,1.5,0.95,random_forest,3,31,0,1.0,True,,,,reaction_role_concat,6144,random_forest,False,valid,mae,22.122964368931857,0,0.01,random,,
condition_recombine_pseudolabel__mult_1.5__sim_0.95__teacher_rf__seed_3,condition_recombine_pseudolabel,1.5,0.95,random_forest,3,31,0,1.0,True,,,,reaction_role_concat,6144,random_forest,False,valid,r2,0.07749115743063129,0,0.01,random,,
condition_recombine_pseudolabel__mult_1.5__sim_0.95__teacher_rf__seed_3,condition_recombine_pseudolabel,1.5,0.95,random_forest,3,31,0,1.0,True,,,,reaction_role_concat,6144,random_forest,False,valid,spearman,0.30969971820848363,0,0.01,random,,
condition_recombine_pseudolabel__mult_1.5__sim_0.95__teacher_rf__seed_4,condition_recombine_pseudolabel,1.5,0.95,random_forest,4,31,0,1.0,True,,,,reaction_role_concat,6144,random_forest,False,valid,rmse,26.60717642441269,0,0.01,random,,
condition_recombine_pseudolabel__mult_1.5__sim_0.95__teacher_rf__seed_4,condition_recombine_pseudolabel,1.5,0.95,random_forest,4,31,0,1.0,True,,,,reaction_role_concat,6144,random_forest,False,valid,mae,22.122964368931857,0,0.01,random,,
condition_recombine_pseudolabel__mult_1.5__sim_0.95__teacher_rf__seed_4,condition_recombine_pseudolabel,1.5,0.95,random_forest,4,31,0,1.0,True,,,,reaction_role_concat,6144,random_forest,False,valid,r2,0.07749115743063129,0,0.01,random,,
condition_recombine_pseudolabel__mult_1.5__sim_0.95__teacher_rf__seed_4,condition_recombine_pseudolabel,1.5,0.95,random_forest,4,31,0,1.0,True,,,,reaction_role_concat,6144,random_forest,False,valid,spearman,0.30969971820848363,0,0.01,random,,
condition_recombine_pseudolabel__mult_2__sim_0.8__teacher_ridge__seed_0,condition_recombine_pseudolabel,2.0,0.8,ridge,0,31,31,2.0,True,0.8366823819375809,0.800000011920929,0.85,reaction_role_concat,6144,random_forest,False,valid,rmse,25.884140321318963,0,0.01,random,,
condition_recombine_pseudolabel__mult_2__sim_0.8__teacher_ridge__seed_0,condition_recombine_pseudolabel,2.0,0.8,ridge,0,31,31,2.0,True,0.8366823819375809,0.800000011920929,0.85,reaction_role_concat,6144,random_forest,False,valid,mae,20.954391056759444,0,0.01,random,,
condition_recombine_pseudolabel__mult_2__sim_0.8__teacher_ridge__seed_0,condition_recombine_pseudolabel,2.0,0.8,ridge,0,31,31,2.0,True,0.8366823819375809,0.800000011920929,0.85,reaction_role_concat,6144,random_forest,False,valid,r2,0.12694731934920145,0,0.01,random,,
condition_recombine_pseudolabel__mult_2__sim_0.8__teacher_ridge__seed_0,condition_recombine_pseudolabel,2.0,0.8,ridge,0,31,31,2.0,True,0.8366823819375809,0.800000011920929,0.85,reaction_role_concat,6144,random_forest,False,valid,spearman,0.4136721572385236,0,0.01,random,,
condition_recombine_pseudolabel__mult_2__sim_0.8__teacher_ridge__seed_1,condition_recombine_pseudolabel,2.0,0.8,ridge,1,31,36,2.161290322580645,True,0.8356624643007914,0.802395224571228,0.85,reaction_role_concat,6144,random_forest,False,valid,rmse,27.185938782849032,0,0.01,random,,
condition_recombine_pseudolabel__mult_2__sim_0.8__teacher_ridge__seed_1,condition_recombine_pseudolabel,2.0,0.8,ridge,1,31,36,2.161290322580645,True,0.8356624643007914,0.802395224571228,0.85,reaction_role_concat,6144,random_forest,False,valid,mae,22.015315306455275,0,0.01,random,,
condition_recombine_pseudolabel__mult_2__sim_0.8__teacher_ridge__seed_1,condition_recombine_pseudolabel,2.0,0.8,ridge,1,31,36,2.161290322580645,True,0.8356624643007914,0.802395224571228,0.85,reaction_role_concat,6144,random_forest,False,valid,r2,0.03692163156049977,0,0.01,random,,
condition_recombine_pseudolabel__mult_2__sim_0.8__teacher_ridge__seed_1,condition_recombine_pseudolabel,2.0,0.8,ridge,1,31,36,2.161290322580645,True,0.8356624643007914,0.802395224571228,0.85,reaction_role_concat,6144,random_forest,False,valid,spearman,0.32288613600518695,0,0.01,random,,
condition_recombine_pseudolabel__mult_2__sim_0.8__teacher_ridge__seed_2,condition_recombine_pseudolabel,2.0,0.8,ridge,2,31,31,2.0,True,0.8363229755432376,0.8013244867324829,0.85,reaction_role_concat,6144,random_forest,False,valid,rmse,27.826278393151533,0,0.01,random,,
condition_recombine_pseudolabel__mult_2__sim_0.8__teacher_ridge__seed_2,condition_recombine_pseudolabel,2.0,0.8,ridge,2,31,31,2.0,True,0.8363229755432376,0.8013244867324829,0.85,reaction_role_concat,6144,random_forest,False,valid,mae,22.799099989079227,0,0.01,random,,
condition_recombine_pseudolabel__mult_2__sim_0.8__teacher_ridge__seed_2,condition_recombine_pseudolabel,2.0,0.8,ridge,2,31,31,2.0,True,0.8363229755432376,0.8013244867324829,0.85,reaction_role_concat,6144,random_forest,False,valid,r2,-0.008981516985726357,0,0.01,random,,
condition_recombine_pseudolabel__mult_2__sim_0.8__teacher_ridge__seed_2,condition_recombine_pseudolabel,2.0,0.8,ridge,2,31,31,2.0,True,0.8363229755432376,0.8013244867324829,0.85,reaction_role_concat,6144,random_forest,False,valid,spearman,0.28603423045942067,0,0.01,random,,
condition_recombine_pseudolabel__mult_2__sim_0.8__teacher_ridge__seed_3,condition_recombine_pseudolabel,2.0,0.8,ridge,3,31,40,2.2903225806451615,True,0.834960720539093,0.800000011920929,0.85,reaction_role_concat,6144,random_forest,False,valid,rmse,25.870745618507737,0,0.01,random,,
condition_recombine_pseudolabel__mult_2__sim_0.8__teacher_ridge__seed_3,condition_recombine_pseudolabel,2.0,0.8,ridge,3,31,40,2.2903225806451615,True,0.834960720539093,0.800000011920929,0.85,reaction_role_concat,6144,random_forest,False,valid,mae,20.95523954363865,0,0.01,random,,
condition_recombine_pseudolabel__mult_2__sim_0.8__teacher_ridge__seed_3,condition_recombine_pseudolabel,2.0,0.8,ridge,3,31,40,2.2903225806451615,True,0.834960720539093,0.800000011920929,0.85,reaction_role_concat,6144,random_forest,False,valid,r2,0.1278506721538324,0,0.01,random,,
condition_recombine_pseudolabel__mult_2__sim_0.8__teacher_ridge__seed_3,condition_recombine_pseudolabel,2.0,0.8,ridge,3,31,40,2.2903225806451615,True,0.834960720539093,0.800000011920929,0.85,reaction_role_concat,6144,random_forest,False,valid,spearman,0.398166101412487,0,0.01,random,,
condition_recombine_pseudolabel__mult_2__sim_0.8__teacher_ridge__seed_4,condition_recombine_pseudolabel,2.0,0.8,ridge,4,31,36,2.161290322580645,True,0.8322181135416032,0.800000011920929,0.85,reaction_role_concat,6144,random_forest,False,valid,rmse,26.165883845136488,0,0.01,random,,
condition_recombine_pseudolabel__mult_2__sim_0.8__teacher_ridge__seed_4,condition_recombine_pseudolabel,2.0,0.8,ridge,4,31,36,2.161290322580645,True,0.8322181135416032,0.800000011920929,0.85,reaction_role_concat,6144,random_forest,False,valid,mae,21.38765415043318,0,0.01,random,,
condition_recombine_pseudolabel__mult_2__sim_0.8__teacher_ridge__seed_4,condition_recombine_pseudolabel,2.0,0.8,ridge,4,31,36,2.161290322580645,True,0.8322181135416032,0.800000011920929,0.85,reaction_role_concat,6144,random_forest,False,valid,r2,0.1078378847878233,0,0.01,random,,
condition_recombine_pseudolabel__mult_2__sim_0.8__teacher_ridge__seed_4,condition_recombine_pseudolabel,2.0,0.8,ridge,4,31,36,2.161290322580645,True,0.8322181135416032,0.800000011920929,0.85,reaction_role_concat,6144,random_forest,False,valid,spearman,0.3701339612818115,0,0.01,random,,
condition_recombine_pseudolabel__mult_2__sim_0.8__teacher_rf__seed_0,condition_recombine_pseudolabel,2.0,0.8,random_forest,0,31,31,2.0,True,0.8366823819375809,0.800000011920929,0.85,reaction_role_concat,6144,random_forest,False,valid,rmse,26.91209442374217,0,0.01,random,,
condition_recombine_pseudolabel__mult_2__sim_0.8__teacher_rf__seed_0,condition_recombine_pseudolabel,2.0,0.8,random_forest,0,31,31,2.0,True,0.8366823819375809,0.800000011920929,0.85,reaction_role_concat,6144,random_forest,False,valid,mae,21.90837651169602,0,0.01,random,,
condition_recombine_pseudolabel__mult_2__sim_0.8__teacher_rf__seed_0,condition_recombine_pseudolabel,2.0,0.8,random_forest,0,31,31,2.0,True,0.8366823819375809,0.800000011920929,0.85,reaction_role_concat,6144,random_forest,False,valid,r2,0.05622611720458237,0,0.01,random,,
condition_recombine_pseudolabel__mult_2__sim_0.8__teacher_rf__seed_0,condition_recombine_pseudolabel,2.0,0.8,random_forest,0,31,31,2.0,True,0.8366823819375809,0.800000011920929,0.85,reaction_role_concat,6144,random_forest,False,valid,spearman,0.33289531957702445,0,0.01,random,,
condition_recombine_pseudolabel__mult_2__sim_0.8__teacher_rf__seed_1,condition_recombine_pseudolabel,2.0,0.8,random_forest,1,31,36,2.161290322580645,True,0.8356624643007914,0.802395224571228,0.85,reaction_role_concat,6144,random_forest,False,valid,rmse,25.98274961046155,0,0.01,random,,
condition_recombine_pseudolabel__mult_2__sim_0.8__teacher_rf__seed_1,condition_recombine_pseudolabel,2.0,0.8,random_forest,1,31,36,2.161290322580645,True,0.8356624643007914,0.802395224571228,0.85,reaction_role_concat,6144,random_forest,False,valid,mae,21.38579498200326,0,0.01,random,,
condition_recombine_pseudolabel__mult_2__sim_0.8__teacher_rf__seed_1,condition_recombine_pseudolabel,2.0,0.8,random_forest,1,31,36,2.161290322580645,True,0.8356624643007914,0.802395224571228,0.85,reaction_role_concat,6144,random_forest,False,valid,r2,0.12028261337373036,0,0.01,random,,
condition_recombine_pseudolabel__mult_2__sim_0.8__teacher_rf__seed_1,condition_recombine_pseudolabel,2.0,0.8,random_forest,1,31,36,2.161290322580645,True,0.8356624643007914,0.802395224571228,0.85,reaction_role_concat,6144,random_forest,False,valid,spearman,0.3829574001256372,0,0.01,random,,
condition_recombine_pseudolabel__mult_2__sim_0.8__teacher_rf__seed_2,condition_recombine_pseudolabel,2.0,0.8,random_forest,2,31,31,2.0,True,0.8363229755432376,0.8013244867324829,0.85,reaction_role_concat,6144,random_forest,False,valid,rmse,27.583186768483596,0,0.01,random,,
condition_recombine_pseudolabel__mult_2__sim_0.8__teacher_rf__seed_2,condition_recombine_pseudolabel,2.0,0.8,random_forest,2,31,31,2.0,True,0.8363229755432376,0.8013244867324829,0.85,reaction_role_concat,6144,random_forest,False,valid,mae,22.776619807103014,0,0.01,random,,
condition_recombine_pseudolabel__mult_2__sim_0.8__teacher_rf__seed_2,condition_recombine_pseudolabel,2.0,0.8,random_forest,2,31,31,2.0,True,0.8363229755432376,0.8013244867324829,0.85,reaction_role_concat,6144,random_forest,False,valid,r2,0.008570495268778289,0,0.01,random,,
condition_recombine_pseudolabel__mult_2__sim_0.8__teacher_rf__seed_2,condition_recombine_pseudolabel,2.0,0.8,random_forest,2,31,31,2.0,True,0.8363229755432376,0.8013244867324829,0.85,reaction_role_concat,6144,random_forest,False,valid,spearman,0.25551770970599214,0,0.01,random,,
condition_recombine_pseudolabel__mult_2__sim_0.8__teacher_rf__seed_3,condition_recombine_pseudolabel,2.0,0.8,random_forest,3,31,40,2.2903225806451615,True,0.834960720539093,0.800000011920929,0.85,reaction_role_concat,6144,random_forest,False,valid,rmse,27.001464473103546,0,0.01,random,,
condition_recombine_pseudolabel__mult_2__sim_0.8__teacher_rf__seed_3,condition_recombine_pseudolabel,2.0,0.8,random_forest,3,31,40,2.2903225806451615,True,0.834960720539093,0.800000011920929,0.85,reaction_role_concat,6144,random_forest,False,valid,mae,22.248004022515275,0,0.01,random,,
condition_recombine_pseudolabel__mult_2__sim_0.8__teacher_rf__seed_3,condition_recombine_pseudolabel,2.0,0.8,random_forest,3,31,40,2.2903225806451615,True,0.834960720539093,0.800000011920929,0.85,reaction_role_concat,6144,random_forest,False,valid,r2,0.04994751514784612,0,0.01,random,,
condition_recombine_pseudolabel__mult_2__sim_0.8__teacher_rf__seed_3,condition_recombine_pseudolabel,2.0,0.8,random_forest,3,31,40,2.2903225806451615,True,0.834960720539093,0.800000011920929,0.85,reaction_role_concat,6144,random_forest,False,valid,spearman,0.2986635222989444,0,0.01,random,,
condition_recombine_pseudolabel__mult_2__sim_0.8__teacher_rf__seed_4,condition_recombine_pseudolabel,2.0,0.8,random_forest,4,31,36,2.161290322580645,True,0.8322181135416032,0.800000011920929,0.85,reaction_role_concat,6144,random_forest,False,valid,rmse,26.938487945517945,0,0.01,random,,
condition_recombine_pseudolabel__mult_2__sim_0.8__teacher_rf__seed_4,condition_recombine_pseudolabel,2.0,0.8,random_forest,4,31,36,2.161290322580645,True,0.8322181135416032,0.800000011920929,0.85,reaction_role_concat,6144,random_forest,False,valid,mae,22.150436301555814,0,0.01,random,,
condition_recombine_pseudolabel__mult_2__sim_0.8__teacher_rf__seed_4,condition_recombine_pseudolabel,2.0,0.8,random_forest,4,31,36,2.161290322580645,True,0.8322181135416032,0.800000011920929,0.85,reaction_role_concat,6144,random_forest,False,valid,r2,0.054374033089502505,0,0.01,random,,
condition_recombine_pseudolabel__mult_2__sim_0.8__teacher_rf__seed_4,condition_recombine_pseudolabel,2.0,0.8,random_forest,4,31,36,2.161290322580645,True,0.8322181135416032,0.800000011920929,0.85,reaction_role_concat,6144,random_forest,False,valid,spearman,0.30304789521956543,0,0.01,random,,
condition_recombine_pseudolabel__mult_2__sim_0.85__teacher_ridge__seed_0,condition_recombine_pseudolabel,2.0,0.85,ridge,0,31,14,1.4516129032258065,True,0.8499999999999999,0.85,0.85,reaction_role_concat,6144,random_forest,False,valid,rmse,26.840992763492096,0,0.01,random,,
condition_recombine_pseudolabel__mult_2__sim_0.85__teacher_ridge__seed_0,condition_recombine_pseudolabel,2.0,0.85,ridge,0,31,14,1.4516129032258065,True,0.8499999999999999,0.85,0.85,reaction_role_concat,6144,random_forest,False,valid,mae,21.92964430299439,0,0.01,random,,
condition_recombine_pseudolabel__mult_2__sim_0.85__teacher_ridge__seed_0,condition_recombine_pseudolabel,2.0,0.85,ridge,0,31,14,1.4516129032258065,True,0.8499999999999999,0.85,0.85,reaction_role_concat,6144,random_forest,False,valid,r2,0.061206424184024555,0,0.01,random,,
condition_recombine_pseudolabel__mult_2__sim_0.85__teacher_ridge__seed_0,condition_recombine_pseudolabel,2.0,0.85,ridge,0,31,14,1.4516129032258065,True,0.8499999999999999,0.85,0.85,reaction_role_concat,6144,random_forest,False,valid,spearman,0.3290180266957237,0,0.01,random,,
condition_recombine_pseudolabel__mult_2__sim_0.85__teacher_ridge__seed_1,condition_recombine_pseudolabel,2.0,0.85,ridge,1,31,20,1.6451612903225807,True,0.85,0.85,0.85,reaction_role_concat,6144,random_forest,False,valid,rmse,25.775259055158013,0,0.01,random,,
condition_recombine_pseudolabel__mult_2__sim_0.85__teacher_ridge__seed_1,condition_recombine_pseudolabel,2.0,0.85,ridge,1,31,20,1.6451612903225807,True,0.85,0.85,0.85,reaction_role_concat,6144,random_forest,False,valid,mae,20.64275851023348,0,0.01,random,,
condition_recombine_pseudolabel__mult_2__sim_0.85__teacher_ridge__seed_1,condition_recombine_pseudolabel,2.0,0.85,ridge,1,31,20,1.6451612903225807,True,0.85,0.85,0.85,reaction_role_concat,6144,random_forest,False,valid,r2,0.1342768383352505,0,0.01,random,,
condition_recombine_pseudolabel__mult_2__sim_0.85__teacher_ridge__seed_1,condition_recombine_pseudolabel,2.0,0.85,ridge,1,31,20,1.6451612903225807,True,0.85,0.85,0.85,reaction_role_concat,6144,random_forest,False,valid,spearman,0.41261827199551215,0,0.01,random,,
condition_recombine_pseudolabel__mult_2__sim_0.85__teacher_ridge__seed_2,condition_recombine_pseudolabel,2.0,0.85,ridge,2,31,14,1.4516129032258065,True,0.8499999999999999,0.85,0.85,reaction_role_concat,6144,random_forest,False,valid,rmse,26.866319566853495,0,0.01,random,,
condition_recombine_pseudolabel__mult_2__sim_0.85__teacher_ridge__seed_2,condition_recombine_pseudolabel,2.0,0.85,ridge,2,31,14,1.4516129032258065,True,0.8499999999999999,0.85,0.85,reaction_role_concat,6144,random_forest,False,valid,mae,21.974545240018944,0,0.01,random,,
condition_recombine_pseudolabel__mult_2__sim_0.85__teacher_ridge__seed_2,condition_recombine_pseudolabel,2.0,0.85,ridge,2,31,14,1.4516129032258065,True,0.8499999999999999,0.85,0.85,reaction_role_concat,6144,random_forest,False,valid,r2,0.05943392208905174,0,0.01,random,,
condition_recombine_pseudolabel__mult_2__sim_0.85__teacher_ridge__seed_2,condition_recombine_pseudolabel,2.0,0.85,ridge,2,31,14,1.4516129032258065,True,0.8499999999999999,0.85,0.85,reaction_role_concat,6144,random_forest,False,valid,spearman,0.328735666458775,0,0.01,random,,
condition_recombine_pseudolabel__mult_2__sim_0.85__teacher_ridge__seed_3,condition_recombine_pseudolabel,2.0,0.85,ridge,3,31,19,1.6129032258064515,True,0.85,0.85,0.85,reaction_role_concat,6144,random_forest,False,valid,rmse,25.786276951671077,0,0.01,random,,
condition_recombine_pseudolabel__mult_2__sim_0.85__teacher_ridge__seed_3,condition_recombine_pseudolabel,2.0,0.85,ridge,3,31,19,1.6129032258064515,True,0.85,0.85,0.85,reaction_role_concat,6144,random_forest,False,valid,mae,21.0284591030818,0,0.01,random,,
condition_recombine_pseudolabel__mult_2__sim_0.85__teacher_ridge__seed_3,condition_recombine_pseudolabel,2.0,0.85,ridge,3,31,19,1.6129032258064515,True,0.85,0.85,0.85,reaction_role_concat,6144,random_forest,False,valid,r2,0.13353655581571533,0,0.01,random,,
condition_recombine_pseudolabel__mult_2__sim_0.85__teacher_ridge__seed_3,condition_recombine_pseudolabel,2.0,0.85,ridge,3,31,19,1.6129032258064515,True,0.85,0.85,0.85,reaction_role_concat,6144,random_forest,False,valid,spearman,0.3808178884543575,0,0.01,random,,
condition_recombine_pseudolabel__mult_2__sim_0.85__teacher_ridge__seed_4,condition_recombine_pseudolabel,2.0,0.85,ridge,4,31,13,1.4193548387096775,True,0.8499999999999999,0.85,0.85,reaction_role_concat,6144,random_forest,False,valid,rmse,27.48656800612817,0,0.01,random,,
condition_recombine_pseudolabel__mult_2__sim_0.85__teacher_ridge__seed_4,condition_recombine_pseudolabel,2.0,0.85,ridge,4,31,13,1.4193548387096775,True,0.8499999999999999,0.85,0.85,reaction_role_concat,6144,random_forest,False,valid,mae,22.467140291185316,0,0.01,random,,
condition_recombine_pseudolabel__mult_2__sim_0.85__teacher_ridge__seed_4,condition_recombine_pseudolabel,2.0,0.85,ridge,4,31,13,1.4193548387096775,True,0.8499999999999999,0.85,0.85,reaction_role_concat,6144,random_forest,False,valid,r2,0.015503916272122442,0,0.01,random,,
condition_recombine_pseudolabel__mult_2__sim_0.85__teacher_ridge__seed_4,condition_recombine_pseudolabel,2.0,0.85,ridge,4,31,13,1.4193548387096775,True,0.8499999999999999,0.85,0.85,reaction_role_concat,6144,random_forest,False,valid,spearman,0.2770357018046617,0,0.01,random,,
condition_recombine_pseudolabel__mult_2__sim_0.85__teacher_rf__seed_0,condition_recombine_pseudolabel,2.0,0.85,random_forest,0,31,14,1.4516129032258065,True,0.8499999999999999,0.85,0.85,reaction_role_concat,6144,random_forest,False,valid,rmse,27.147925476370222,0,0.01,random,,
condition_recombine_pseudolabel__mult_2__sim_0.85__teacher_rf__seed_0,condition_recombine_pseudolabel,2.0,0.85,random_forest,0,31,14,1.4516129032258065,True,0.8499999999999999,0.85,0.85,reaction_role_concat,6144,random_forest,False,valid,mae,22.091111692181116,0,0.01,random,,
condition_recombine_pseudolabel__mult_2__sim_0.85__teacher_rf__seed_0,condition_recombine_pseudolabel,2.0,0.85,random_forest,0,31,14,1.4516129032258065,True,0.8499999999999999,0.85,0.85,reaction_role_concat,6144,random_forest,False,valid,r2,0.03961303745757061,0,0.01,random,,
condition_recombine_pseudolabel__mult_2__sim_0.85__teacher_rf__seed_0,condition_recombine_pseudolabel,2.0,0.85,random_forest,0,31,14,1.4516129032258065,True,0.8499999999999999,0.85,0.85,reaction_role_concat,6144,random_forest,False,valid,spearman,0.30347571966134224,0,0.01,random,,
condition_recombine_pseudolabel__mult_2__sim_0.85__teacher_rf__seed_1,condition_recombine_pseudolabel,2.0,0.85,random_forest,1,31,20,1.6451612903225807,True,0.85,0.85,0.85,reaction_role_concat,6144,random_forest,False,valid,rmse,25.80287106295515,0,0.01,random,,
condition_recombine_pseudolabel__mult_2__sim_0.85__teacher_rf__seed_1,condition_recombine_pseudolabel,2.0,0.85,random_forest,1,31,20,1.6451612903225807,True,0.85,0.85,0.85,reaction_role_concat,6144,random_forest,False,valid,mae,20.76712518201146,0,0.01,random,,
condition_recombine_pseudolabel__mult_2__sim_0.85__teacher_rf__seed_1,condition_recombine_pseudolabel,2.0,0.85,random_forest,1,31,20,1.6451612903225807,True,0.85,0.85,0.85,reaction_role_concat,6144,random_forest,False,valid,r2,0.13242101539045503,0,0.01,random,,
condition_recombine_pseudolabel__mult_2__sim_0.85__teacher_rf__seed_1,condition_recombine_pseudolabel,2.0,0.85,random_forest,1,31,20,1.6451612903225807,True,0.85,0.85,0.85,reaction_role_concat,6144,random_forest,False,valid,spearman,0.43583743583899826,0,0.01,random,,
condition_recombine_pseudolabel__mult_2__sim_0.85__teacher_rf__seed_2,condition_recombine_pseudolabel,2.0,0.85,random_forest,2,31,14,1.4516129032258065,True,0.8499999999999999,0.85,0.85,reaction_role_concat,6144,random_forest,False,valid,rmse,26.57934312686931,0,0.01,random,,
condition_recombine_pseudolabel__mult_2__sim_0.85__teacher_rf__seed_2,condition_recombine_pseudolabel,2.0,0.85,random_forest,2,31,14,1.4516129032258065,True,0.8499999999999999,0.85,0.85,reaction_role_concat,6144,random_forest,False,valid,mae,21.749199367535265,0,0.01,random,,
condition_recombine_pseudolabel__mult_2__sim_0.85__teacher_rf__seed_2,condition_recombine_pseudolabel,2.0,0.85,random_forest,2,31,14,1.4516129032258065,True,0.8499999999999999,0.85,0.85,reaction_role_concat,6144,random_forest,False,valid,r2,0.07942018836911913,0,0.01,random,,
condition_recombine_pseudolabel__mult_2__sim_0.85__teacher_rf__seed_2,condition_recombine_pseudolabel,2.0,0.85,random_forest,2,31,14,1.4516129032258065,True,0.8499999999999999,0.85,0.85,reaction_role_concat,6144,random_forest,False,valid,spearman,0.33521865749911767,0,0.01,random,,
condition_recombine_pseudolabel__mult_2__sim_0.85__teacher_rf__seed_3,condition_recombine_pseudolabel,2.0,0.85,random_forest,3,31,19,1.6129032258064515,True,0.85,0.85,0.85,reaction_role_concat,6144,random_forest,False,valid,rmse,26.979281667146605,0,0.01,random,,
condition_recombine_pseudolabel__mult_2__sim_0.85__teacher_rf__seed_3,condition_recombine_pseudolabel,2.0,0.85,random_forest,3,31,19,1.6129032258064515,True,0.85,0.85,0.85,reaction_role_concat,6144,random_forest,False,valid,mae,22.335581154271015,0,0.01,random,,
condition_recombine_pseudolabel__mult_2__sim_0.85__teacher_rf__seed_3,condition_recombine_pseudolabel,2.0,0.85,random_forest,3,31,19,1.6129032258064515,True,0.85,0.85,0.85,reaction_role_concat,6144,random_forest,False,valid,r2,0.0515078877731584,0,0.01,random,,
condition_recombine_pseudolabel__mult_2__sim_0.85__teacher_rf__seed_3,condition_recombine_pseudolabel,2.0,0.85,random_forest,3,31,19,1.6129032258064515,True,0.85,0.85,0.85,reaction_role_concat,6144,random_forest,False,valid,spearman,0.2912078489251128,0,0.01,random,,
condition_recombine_pseudolabel__mult_2__sim_0.85__teacher_rf__seed_4,condition_recombine_pseudolabel,2.0,0.85,random_forest,4,31,13,1.4193548387096775,True,0.8499999999999999,0.85,0.85,reaction_role_concat,6144,random_forest,False,valid,rmse,26.57620630730829,0,0.01,random,,
condition_recombine_pseudolabel__mult_2__sim_0.85__teacher_rf__seed_4,condition_recombine_pseudolabel,2.0,0.85,random_forest,4,31,13,1.4193548387096775,True,0.8499999999999999,0.85,0.85,reaction_role_concat,6144,random_forest,False,valid,mae,21.7536307368022,0,0.01,random,,
condition_recombine_pseudolabel__mult_2__sim_0.85__teacher_rf__seed_4,condition_recombine_pseudolabel,2.0,0.85,random_forest,4,31,13,1.4193548387096775,True,0.8499999999999999,0.85,0.85,reaction_role_concat,6144,random_forest,False,valid,r2,0.07963746404430205,0,0.01,random,,
condition_recombine_pseudolabel__mult_2__sim_0.85__teacher_rf__seed_4,condition_recombine_pseudolabel,2.0,0.85,random_forest,4,31,13,1.4193548387096775,True,0.8499999999999999,0.85,0.85,reaction_role_concat,6144,random_forest,False,valid,spearman,0.3341967081725612,0,0.01,random,,
condition_recombine_pseudolabel__mult_2__sim_0.9__teacher_ridge__seed_0,condition_recombine_pseudolabel,2.0,0.9,ridge,0,31,7,1.2258064516129032,True,0.8499999999999999,0.85,0.85,reaction_role_concat,6144,random_forest,False,valid,rmse,27.242526525966355,0,0.01,random,,
condition_recombine_pseudolabel__mult_2__sim_0.9__teacher_ridge__seed_0,condition_recombine_pseudolabel,2.0,0.9,ridge,0,31,7,1.2258064516129032,True,0.8499999999999999,0.85,0.85,reaction_role_concat,6144,random_forest,False,valid,mae,22.29264728740801,0,0.01,random,,
condition_recombine_pseudolabel__mult_2__sim_0.9__teacher_ridge__seed_0,condition_recombine_pseudolabel,2.0,0.9,ridge,0,31,7,1.2258064516129032,True,0.8499999999999999,0.85,0.85,reaction_role_concat,6144,random_forest,False,valid,r2,0.032908148619535615,0,0.01,random,,
condition_recombine_pseudolabel__mult_2__sim_0.9__teacher_ridge__seed_0,condition_recombine_pseudolabel,2.0,0.9,ridge,0,31,7,1.2258064516129032,True,0.8499999999999999,0.85,0.85,reaction_role_concat,6144,random_forest,False,valid,spearman,0.28499533951864725,0,0.01,random,,
condition_recombine_pseudolabel__mult_2__sim_0.9__teacher_ridge__seed_1,condition_recombine_pseudolabel,2.0,0.9,ridge,1,31,10,1.3225806451612903,True,0.85,0.85,0.85,reaction_role_concat,6144,random_forest,False,valid,rmse,26.60173843689529,0,0.01,random,,
condition_recombine_pseudolabel__mult_2__sim_0.9__teacher_ridge__seed_1,condition_recombine_pseudolabel,2.0,0.9,ridge,1,31,10,1.3225806451612903,True,0.85,0.85,0.85,reaction_role_concat,6144,random_forest,False,valid,mae,21.303405669324007,0,0.01,random,,
condition_recombine_pseudolabel__mult_2__sim_0.9__teacher_ridge__seed_1,condition_recombine_pseudolabel,2.0,0.9,ridge,1,31,10,1.3225806451612903,True,0.85,0.85,0.85,reaction_role_concat,6144,random_forest,False,valid,r2,0.07786820449822496,0,0.01,random,,
condition_recombine_pseudolabel__mult_2__sim_0.9__teacher_ridge__seed_1,condition_recombine_pseudolabel,2.0,0.9,ridge,1,31,10,1.3225806451612903,True,0.85,0.85,0.85,reaction_role_concat,6144,random_forest,False,valid,spearman,0.35821835928257534,0,0.01,random,,
condition_recombine_pseudolabel__mult_2__sim_0.9__teacher_ridge__seed_2,condition_recombine_pseudolabel,2.0,0.9,ridge,2,31,10,1.3225806451612903,True,0.85,0.85,0.85,reaction_role_concat,6144,random_forest,False,valid,rmse,26.733196689031036,0,0.01,random,,
condition_recombine_pseudolabel__mult_2__sim_0.9__teacher_ridge__seed_2,condition_recombine_pseudolabel,2.0,0.9,ridge,2,31,10,1.3225806451612903,True,0.85,0.85,0.85,reaction_role_concat,6144,random_forest,False,valid,mae,21.874733380040038,0,0.01,random,,
condition_recombine_pseudolabel__mult_2__sim_0.9__teacher_ridge__seed_2,condition_recombine_pseudolabel,2.0,0.9,ridge,2,31,10,1.3225806451612903,True,0.85,0.85,0.85,reaction_role_concat,6144,random_forest,False,valid,r2,0.06873185753819855,0,0.01,random,,
condition_recombine_pseudolabel__mult_2__sim_0.9__teacher_ridge__seed_2,condition_recombine_pseudolabel,2.0,0.9,ridge,2,31,10,1.3225806451612903,True,0.85,0.85,0.85,reaction_role_concat,6144,random_forest,False,valid,spearman,0.3328959037706181,0,0.01,random,,
condition_recombine_pseudolabel__mult_2__sim_0.9__teacher_ridge__seed_3,condition_recombine_pseudolabel,2.0,0.9,ridge,3,31,14,1.4516129032258065,True,0.8499999999999999,0.85,0.85,reaction_role_concat,6144,random_forest,False,valid,rmse,26.53709589935729,0,0.01,random,,
condition_recombine_pseudolabel__mult_2__sim_0.9__teacher_ridge__seed_3,condition_recombine_pseudolabel,2.0,0.9,ridge,3,31,14,1.4516129032258065,True,0.8499999999999999,0.85,0.85,reaction_role_concat,6144,random_forest,False,valid,mae,21.5720291365204,0,0.01,random,,
condition_recombine_pseudolabel__mult_2__sim_0.9__teacher_ridge__seed_3,condition_recombine_pseudolabel,2.0,0.9,ridge,3,31,14,1.4516129032258065,True,0.8499999999999999,0.85,0.85,reaction_role_concat,6144,random_forest,False,valid,r2,0.08234434158490189,0,0.01,random,,
condition_recombine_pseudolabel__mult_2__sim_0.9__teacher_ridge__seed_3,condition_recombine_pseudolabel,2.0,0.9,ridge,3,31,14,1.4516129032258065,True,0.8499999999999999,0.85,0.85,reaction_role_concat,6144,random_forest,False,valid,spearman,0.3465469502055004,0,0.01,random,,
condition_recombine_pseudolabel__mult_2__sim_0.9__teacher_ridge__seed_4,condition_recombine_pseudolabel,2.0,0.9,ridge,4,31,7,1.2258064516129032,True,0.8499999999999999,0.85,0.85,reaction_role_concat,6144,random_forest,False,valid,rmse,27.01073519599715,0,0.01,random,,
condition_recombine_pseudolabel__mult_2__sim_0.9__teacher_ridge__seed_4,condition_recombine_pseudolabel,2.0,0.9,ridge,4,31,7,1.2258064516129032,True,0.8499999999999999,0.85,0.85,reaction_role_concat,6144,random_forest,False,valid,mae,22.023868065179148,0,0.01,random,,
condition_recombine_pseudolabel__mult_2__sim_0.9__teacher_ridge__seed_4,condition_recombine_pseudolabel,2.0,0.9,ridge,4,31,7,1.2258064516129032,True,0.8499999999999999,0.85,0.85,reaction_role_concat,6144,random_forest,False,valid,r2,0.049295018291607984,0,0.01,random,,
condition_recombine_pseudolabel__mult_2__sim_0.9__teacher_ridge__seed_4,condition_recombine_pseudolabel,2.0,0.9,ridge,4,31,7,1.2258064516129032,True,0.8499999999999999,0.85,0.85,reaction_role_concat,6144,random_forest,False,valid,spearman,0.3235682793914154,0,0.01,random,,
condition_recombine_pseudolabel__mult_2__sim_0.9__teacher_rf__seed_0,condition_recombine_pseudolabel,2.0,0.9,random_forest,0,31,7,1.2258064516129032,True,0.8499999999999999,0.85,0.85,reaction_role_concat,6144,random_forest,False,valid,rmse,26.993788610868265,0,0.01,random,,
condition_recombine_pseudolabel__mult_2__sim_0.9__teacher_rf__seed_0,condition_recombine_pseudolabel,2.0,0.9,random_forest,0,31,7,1.2258064516129032,True,0.8499999999999999,0.85,0.85,reaction_role_concat,6144,random_forest,False,valid,mae,22.03448348274412,0,0.01,random,,
condition_recombine_pseudolabel__mult_2__sim_0.9__teacher_rf__seed_0,condition_recombine_pseudolabel,2.0,0.9,random_forest,0,31,7,1.2258064516129032,True,0.8499999999999999,0.85,0.85,reaction_role_concat,6144,random_forest,False,valid,r2,0.05048759218409071,0,0.01,random,,
condition_recombine_pseudolabel__mult_2__sim_0.9__teacher_rf__seed_0,condition_recombine_pseudolabel,2.0,0.9,random_forest,0,31,7,1.2258064516129032,True,0.8499999999999999,0.85,0.85,reaction_role_concat,6144,random_forest,False,valid,spearman,0.3067020261480777,0,0.01,random,,
condition_recombine_pseudolabel__mult_2__sim_0.9__teacher_rf__seed_1,condition_recombine_pseudolabel,2.0,0.9,random_forest,1,31,10,1.3225806451612903,True,0.85,0.85,0.85,reaction_role_concat,6144,random_forest,False,valid,rmse,25.94099390139416,0,0.01,random,,
condition_recombine_pseudolabel__mult_2__sim_0.9__teacher_rf__seed_1,condition_recombine_pseudolabel,2.0,0.9,random_forest,1,31,10,1.3225806451612903,True,0.85,0.85,0.85,reaction_role_concat,6144,random_forest,False,valid,mae,20.9406219228491,0,0.01,random,,
condition_recombine_pseudolabel__mult_2__sim_0.9__teacher_rf__seed_1,condition_recombine_pseudolabel,2.0,0.9,random_forest,1,31,10,1.3225806451612903,True,0.85,0.85,0.85,reaction_role_concat,6144,random_forest,False,valid,r2,0.12310784993658253,0,0.01,random,,
condition_recombine_pseudolabel__mult_2__sim_0.9__teacher_rf__seed_1,condition_recombine_pseudolabel,2.0,0.9,random_forest,1,31,10,1.3225806451612903,True,0.85,0.85,0.85,reaction_role_concat,6144,random_forest,False,valid,spearman,0.4111622668288462,0,0.01,random,,
condition_recombine_pseudolabel__mult_2__sim_0.9__teacher_rf__seed_2,condition_recombine_pseudolabel,2.0,0.9,random_forest,2,31,10,1.3225806451612903,True,0.85,0.85,0.85,reaction_role_concat,6144,random_forest,False,valid,rmse,27.05064822254572,0,0.01,random,,
condition_recombine_pseudolabel__mult_2__sim_0.9__teacher_rf__seed_2,condition_recombine_pseudolabel,2.0,0.9,random_forest,2,31,10,1.3225806451612903,True,0.85,0.85,0.85,reaction_role_concat,6144,random_forest,False,valid,mae,22.28574751990807,0,0.01,random,,
condition_recombine_pseudolabel__mult_2__sim_0.9__teacher_rf__seed_2,condition_recombine_pseudolabel,2.0,0.9,random_forest,2,31,10,1.3225806451612903,True,0.85,0.85,0.85,reaction_role_concat,6144,random_forest,False,valid,r2,0.046483280778795266,0,0.01,random,,
condition_recombine_pseudolabel__mult_2__sim_0.9__teacher_rf__seed_2,condition_recombine_pseudolabel,2.0,0.9,random_forest,2,31,10,1.3225806451612903,True,0.85,0.85,0.85,reaction_role_concat,6144,random_forest,False,valid,spearman,0.29228997019181907,0,0.01,random,,
condition_recombine_pseudolabel__mult_2__sim_0.9__teacher_rf__seed_3,condition_recombine_pseudolabel,2.0,0.9,random_forest,3,31,14,1.4516129032258065,True,0.8499999999999999,0.85,0.85,reaction_role_concat,6144,random_forest,False,valid,rmse,26.730157809968322,0,0.01,random,,
condition_recombine_pseudolabel__mult_2__sim_0.9__teacher_rf__seed_3,condition_recombine_pseudolabel,2.0,0.9,random_forest,3,31,14,1.4516129032258065,True,0.8499999999999999,0.85,0.85,reaction_role_concat,6144,random_forest,False,valid,mae,21.995701118025597,0,0.01,random,,
condition_recombine_pseudolabel__mult_2__sim_0.9__teacher_rf__seed_3,condition_recombine_pseudolabel,2.0,0.9,random_forest,3,31,14,1.4516129032258065,True,0.8499999999999999,0.85,0.85,reaction_role_concat,6144,random_forest,False,valid,r2,0.06894356812731772,0,0.01,random,,
condition_recombine_pseudolabel__mult_2__sim_0.9__teacher_rf__seed_3,condition_recombine_pseudolabel,2.0,0.9,random_forest,3,31,14,1.4516129032258065,True,0.8499999999999999,0.85,0.85,reaction_role_concat,6144,random_forest,False,valid,spearman,0.3181119112263787,0,0.01,random,,
condition_recombine_pseudolabel__mult_2__sim_0.9__teacher_rf__seed_4,condition_recombine_pseudolabel,2.0,0.9,random_forest,4,31,7,1.2258064516129032,True,0.8499999999999999,0.85,0.85,reaction_role_concat,6144,random_forest,False,valid,rmse,26.855368138268133,0,0.01,random,,
condition_recombine_pseudolabel__mult_2__sim_0.9__teacher_rf__seed_4,condition_recombine_pseudolabel,2.0,0.9,random_forest,4,31,7,1.2258064516129032,True,0.8499999999999999,0.85,0.85,reaction_role_concat,6144,random_forest,False,valid,mae,21.664907174875463,0,0.01,random,,
condition_recombine_pseudolabel__mult_2__sim_0.9__teacher_rf__seed_4,condition_recombine_pseudolabel,2.0,0.9,random_forest,4,31,7,1.2258064516129032,True,0.8499999999999999,0.85,0.85,reaction_role_concat,6144,random_forest,False,valid,r2,0.06020056545592778,0,0.01,random,,
condition_recombine_pseudolabel__mult_2__sim_0.9__teacher_rf__seed_4,condition_recombine_pseudolabel,2.0,0.9,random_forest,4,31,7,1.2258064516129032,True,0.8499999999999999,0.85,0.85,reaction_role_concat,6144,random_forest,False,valid,spearman,0.33866169980911104,0,0.01,random,,
condition_recombine_pseudolabel__mult_2__sim_0.95__teacher_ridge__seed_0,condition_recombine_pseudolabel,2.0,0.95,ridge,0,31,0,1.0,True,,,,reaction_role_concat,6144,random_forest,False,valid,rmse,26.60717642441269,0,0.01,random,,
condition_recombine_pseudolabel__mult_2__sim_0.95__teacher_ridge__seed_0,condition_recombine_pseudolabel,2.0,0.95,ridge,0,31,0,1.0,True,,,,reaction_role_concat,6144,random_forest,False,valid,mae,22.122964368931857,0,0.01,random,,
condition_recombine_pseudolabel__mult_2__sim_0.95__teacher_ridge__seed_0,condition_recombine_pseudolabel,2.0,0.95,ridge,0,31,0,1.0,True,,,,reaction_role_concat,6144,random_forest,False,valid,r2,0.07749115743063129,0,0.01,random,,
condition_recombine_pseudolabel__mult_2__sim_0.95__teacher_ridge__seed_0,condition_recombine_pseudolabel,2.0,0.95,ridge,0,31,0,1.0,True,,,,reaction_role_concat,6144,random_forest,False,valid,spearman,0.30969971820848363,0,0.01,random,,
condition_recombine_pseudolabel__mult_2__sim_0.95__teacher_ridge__seed_1,condition_recombine_pseudolabel,2.0,0.95,ridge,1,31,0,1.0,True,,,,reaction_role_concat,6144,random_forest,False,valid,rmse,26.60717642441269,0,0.01,random,,
condition_recombine_pseudolabel__mult_2__sim_0.95__teacher_ridge__seed_1,condition_recombine_pseudolabel,2.0,0.95,ridge,1,31,0,1.0,True,,,,reaction_role_concat,6144,random_forest,False,valid,mae,22.122964368931857,0,0.01,random,,
condition_recombine_pseudolabel__mult_2__sim_0.95__teacher_ridge__seed_1,condition_recombine_pseudolabel,2.0,0.95,ridge,1,31,0,1.0,True,,,,reaction_role_concat,6144,random_forest,False,valid,r2,0.07749115743063129,0,0.01,random,,
condition_recombine_pseudolabel__mult_2__sim_0.95__teacher_ridge__seed_1,condition_recombine_pseudolabel,2.0,0.95,ridge,1,31,0,1.0,True,,,,reaction_role_concat,6144,random_forest,False,valid,spearman,0.30969971820848363,0,0.01,random,,
condition_recombine_pseudolabel__mult_2__sim_0.95__teacher_ridge__seed_2,condition_recombine_pseudolabel,2.0,0.95,ridge,2,31,0,1.0,True,,,,reaction_role_concat,6144,random_forest,False,valid,rmse,26.60717642441269,0,0.01,random,,
condition_recombine_pseudolabel__mult_2__sim_0.95__teacher_ridge__seed_2,condition_recombine_pseudolabel,2.0,0.95,ridge,2,31,0,1.0,True,,,,reaction_role_concat,6144,random_forest,False,valid,mae,22.122964368931857,0,0.01,random,,
condition_recombine_pseudolabel__mult_2__sim_0.95__teacher_ridge__seed_2,condition_recombine_pseudolabel,2.0,0.95,ridge,2,31,0,1.0,True,,,,reaction_role_concat,6144,random_forest,False,valid,r2,0.07749115743063129,0,0.01,random,,
condition_recombine_pseudolabel__mult_2__sim_0.95__teacher_ridge__seed_2,condition_recombine_pseudolabel,2.0,0.95,ridge,2,31,0,1.0,True,,,,reaction_role_concat,6144,random_forest,False,valid,spearman,0.30969971820848363,0,0.01,random,,
condition_recombine_pseudolabel__mult_2__sim_0.95__teacher_ridge__seed_3,condition_recombine_pseudolabel,2.0,0.95,ridge,3,31,0,1.0,True,,,,reaction_role_concat,6144,random_forest,False,valid,rmse,26.60717642441269,0,0.01,random,,
condition_recombine_pseudolabel__mult_2__sim_0.95__teacher_ridge__seed_3,condition_recombine_pseudolabel,2.0,0.95,ridge,3,31,0,1.0,True,,,,reaction_role_concat,6144,random_forest,False,valid,mae,22.122964368931857,0,0.01,random,,
condition_recombine_pseudolabel__mult_2__sim_0.95__teacher_ridge__seed_3,condition_recombine_pseudolabel,2.0,0.95,ridge,3,31,0,1.0,True,,,,reaction_role_concat,6144,random_forest,False,valid,r2,0.07749115743063129,0,0.01,random,,
condition_recombine_pseudolabel__mult_2__sim_0.95__teacher_ridge__seed_3,condition_recombine_pseudolabel,2.0,0.95,ridge,3,31,0,1.0,True,,,,reaction_role_concat,6144,random_forest,False,valid,spearman,0.30969971820848363,0,0.01,random,,
condition_recombine_pseudolabel__mult_2__sim_0.95__teacher_ridge__seed_4,condition_recombine_pseudolabel,2.0,0.95,ridge,4,31,0,1.0,True,,,,reaction_role_concat,6144,random_forest,False,valid,rmse,26.60717642441269,0,0.01,random,,
condition_recombine_pseudolabel__mult_2__sim_0.95__teacher_ridge__seed_4,condition_recombine_pseudolabel,2.0,0.95,ridge,4,31,0,1.0,True,,,,reaction_role_concat,6144,random_forest,False,valid,mae,22.122964368931857,0,0.01,random,,
condition_recombine_pseudolabel__mult_2__sim_0.95__teacher_ridge__seed_4,condition_recombine_pseudolabel,2.0,0.95,ridge,4,31,0,1.0,True,,,,reaction_role_concat,6144,random_forest,False,valid,r2,0.07749115743063129,0,0.01,random,,
condition_recombine_pseudolabel__mult_2__sim_0.95__teacher_ridge__seed_4,condition_recombine_pseudolabel,2.0,0.95,ridge,4,31,0,1.0,True,,,,reaction_role_concat,6144,random_forest,False,valid,spearman,0.30969971820848363,0,0.01,random,,
condition_recombine_pseudolabel__mult_2__sim_0.95__teacher_rf__seed_0,condition_recombine_pseudolabel,2.0,0.95,random_forest,0,31,0,1.0,True,,,,reaction_role_concat,6144,random_forest,False,valid,rmse,26.60717642441269,0,0.01,random,,
condition_recombine_pseudolabel__mult_2__sim_0.95__teacher_rf__seed_0,condition_recombine_pseudolabel,2.0,0.95,random_forest,0,31,0,1.0,True,,,,reaction_role_concat,6144,random_forest,False,valid,mae,22.122964368931857,0,0.01,random,,
condition_recombine_pseudolabel__mult_2__sim_0.95__teacher_rf__seed_0,condition_recombine_pseudolabel,2.0,0.95,random_forest,0,31,0,1.0,True,,,,reaction_role_concat,6144,random_forest,False,valid,r2,0.07749115743063129,0,0.01,random,,
condition_recombine_pseudolabel__mult_2__sim_0.95__teacher_rf__seed_0,condition_recombine_pseudolabel,2.0,0.95,random_forest,0,31,0,1.0,True,,,,reaction_role_concat,6144,random_forest,False,valid,spearman,0.30969971820848363,0,0.01,random,,
condition_recombine_pseudolabel__mult_2__sim_0.95__teacher_rf__seed_1,condition_recombine_pseudolabel,2.0,0.95,random_forest,1,31,0,1.0,True,,,,reaction_role_concat,6144,random_forest,False,valid,rmse,26.60717642441269,0,0.01,random,,
condition_recombine_pseudolabel__mult_2__sim_0.95__teacher_rf__seed_1,condition_recombine_pseudolabel,2.0,0.95,random_forest,1,31,0,1.0,True,,,,reaction_role_concat,6144,random_forest,False,valid,mae,22.122964368931857,0,0.01,random,,
condition_recombine_pseudolabel__mult_2__sim_0.95__teacher_rf__seed_1,condition_recombine_pseudolabel,2.0,0.95,random_forest,1,31,0,1.0,True,,,,reaction_role_concat,6144,random_forest,False,valid,r2,0.07749115743063129,0,0.01,random,,
condition_recombine_pseudolabel__mult_2__sim_0.95__teacher_rf__seed_1,condition_recombine_pseudolabel,2.0,0.95,random_forest,1,31,0,1.0,True,,,,reaction_role_concat,6144,random_forest,False,valid,spearman,0.30969971820848363,0,0.01,random,,
condition_recombine_pseudolabel__mult_2__sim_0.95__teacher_rf__seed_2,condition_recombine_pseudolabel,2.0,0.95,random_forest,2,31,0,1.0,True,,,,reaction_role_concat,6144,random_forest,False,valid,rmse,26.60717642441269,0,0.01,random,,
condition_recombine_pseudolabel__mult_2__sim_0.95__teacher_rf__seed_2,condition_recombine_pseudolabel,2.0,0.95,random_forest,2,31,0,1.0,True,,,,reaction_role_concat,6144,random_forest,False,valid,mae,22.122964368931857,0,0.01,random,,
condition_recombine_pseudolabel__mult_2__sim_0.95__teacher_rf__seed_2,condition_recombine_pseudolabel,2.0,0.95,random_forest,2,31,0,1.0,True,,,,reaction_role_concat,6144,random_forest,False,valid,r2,0.07749115743063129,0,0.01,random,,
condition_recombine_pseudolabel__mult_2__sim_0.95__teacher_rf__seed_2,condition_recombine_pseudolabel,2.0,0.95,random_forest,2,31,0,1.0,True,,,,reaction_role_concat,6144,random_forest,False,valid,spearman,0.30969971820848363,0,0.01,random,,
condition_recombine_pseudolabel__mult_2__sim_0.95__teacher_rf__seed_3,condition_recombine_pseudolabel,2.0,0.95,random_forest,3,31,0,1.0,True,,,,reaction_role_concat,6144,random_forest,False,valid,rmse,26.60717642441269,0,0.01,random,,
condition_recombine_pseudolabel__mult_2__sim_0.95__teacher_rf__seed_3,condition_recombine_pseudolabel,2.0,0.95,random_forest,3,31,0,1.0,True,,,,reaction_role_concat,6144,random_forest,False,valid,mae,22.122964368931857,0,0.01,random,,
condition_recombine_pseudolabel__mult_2__sim_0.95__teacher_rf__seed_3,condition_recombine_pseudolabel,2.0,0.95,random_forest,3,31,0,1.0,True,,,,reaction_role_concat,6144,random_forest,False,valid,r2,0.07749115743063129,0,0.01,random,,
condition_recombine_pseudolabel__mult_2__sim_0.95__teacher_rf__seed_3,condition_recombine_pseudolabel,2.0,0.95,random_forest,3,31,0,1.0,True,,,,reaction_role_concat,6144,random_forest,False,valid,spearman,0.30969971820848363,0,0.01,random,,
condition_recombine_pseudolabel__mult_2__sim_0.95__teacher_rf__seed_4,condition_recombine_pseudolabel,2.0,0.95,random_forest,4,31,0,1.0,True,,,,reaction_role_concat,6144,random_forest,False,valid,rmse,26.60717642441269,0,0.01,random,,
condition_recombine_pseudolabel__mult_2__sim_0.95__teacher_rf__seed_4,condition_recombine_pseudolabel,2.0,0.95,random_forest,4,31,0,1.0,True,,,,reaction_role_concat,6144,random_forest,False,valid,mae,22.122964368931857,0,0.01,random,,
condition_recombine_pseudolabel__mult_2__sim_0.95__teacher_rf__seed_4,condition_recombine_pseudolabel,2.0,0.95,random_forest,4,31,0,1.0,True,,,,reaction_role_concat,6144,random_forest,False,valid,r2,0.07749115743063129,0,0.01,random,,
condition_recombine_pseudolabel__mult_2__sim_0.95__teacher_rf__seed_4,condition_recombine_pseudolabel,2.0,0.95,random_forest,4,31,0,1.0,True,,,,reaction_role_concat,6144,random_forest,False,valid,spearman,0.30969971820848363,0,0.01,random,,
condition_recombine_pseudolabel__mult_3__sim_0.85__teacher_ridge__seed_0,condition_recombine_pseudolabel,3.0,0.85,ridge,0,31,26,1.8387096774193548,True,0.8500000000000001,0.85,0.85,reaction_role_concat,6144,random_forest,False,valid,rmse,27.307220982870763,0,0.01,random,,
condition_recombine_pseudolabel__mult_3__sim_0.85__teacher_ridge__seed_0,condition_recombine_pseudolabel,3.0,0.85,ridge,0,31,26,1.8387096774193548,True,0.8500000000000001,0.85,0.85,reaction_role_concat,6144,random_forest,False,valid,mae,22.377434888744656,0,0.01,random,,
condition_recombine_pseudolabel__mult_3__sim_0.85__teacher_ridge__seed_0,condition_recombine_pseudolabel,3.0,0.85,ridge,0,31,26,1.8387096774193548,True,0.8500000000000001,0.85,0.85,reaction_role_concat,6144,random_forest,False,valid,r2,0.028309473012999575,0,0.01,random,,
condition_recombine_pseudolabel__mult_3__sim_0.85__teacher_ridge__seed_0,condition_recombine_pseudolabel,3.0,0.85,ridge,0,31,26,1.8387096774193548,True,0.8500000000000001,0.85,0.85,reaction_role_concat,6144,random_forest,False,valid,spearman,0.30112200367237724,0,0.01,random,,
condition_recombine_pseudolabel__mult_3__sim_0.85__teacher_ridge__seed_1,condition_recombine_pseudolabel,3.0,0.85,ridge,1,31,28,1.903225806451613,True,0.8500000000000002,0.85,0.85,reaction_role_concat,6144,random_forest,False,valid,rmse,26.323912988669527,0,0.01,random,,
condition_recombine_pseudolabel__mult_3__sim_0.85__teacher_ridge__seed_1,condition_recombine_pseudolabel,3.0,0.85,ridge,1,31,28,1.903225806451613,True,0.8500000000000002,0.85,0.85,reaction_role_concat,6144,random_forest,False,valid,mae,21.13197690802888,0,0.01,random,,
condition_recombine_pseudolabel__mult_3__sim_0.85__teacher_ridge__seed_1,condition_recombine_pseudolabel,3.0,0.85,ridge,1,31,28,1.903225806451613,True,0.8500000000000002,0.85,0.85,reaction_role_concat,6144,random_forest,False,valid,r2,0.09702889672360371,0,0.01,random,,
condition_recombine_pseudolabel__mult_3__sim_0.85__teacher_ridge__seed_1,condition_recombine_pseudolabel,3.0,0.85,ridge,1,31,28,1.903225806451613,True,0.8500000000000002,0.85,0.85,reaction_role_concat,6144,random_forest,False,valid,spearman,0.3713116955666846,0,0.01,random,,
condition_recombine_pseudolabel__mult_3__sim_0.85__teacher_ridge__seed_2,condition_recombine_pseudolabel,3.0,0.85,ridge,2,31,24,1.7741935483870968,True,0.85,0.85,0.85,reaction_role_concat,6144,random_forest,False,valid,rmse,27.417797831013115,0,0.01,random,,
condition_recombine_pseudolabel__mult_3__sim_0.85__teacher_ridge__seed_2,condition_recombine_pseudolabel,3.0,0.85,ridge,2,31,24,1.7741935483870968,True,0.85,0.85,0.85,reaction_role_concat,6144,random_forest,False,valid,mae,22.329177267255663,0,0.01,random,,
condition_recombine_pseudolabel__mult_3__sim_0.85__teacher_ridge__seed_2,condition_recombine_pseudolabel,3.0,0.85,ridge,2,31,24,1.7741935483870968,True,0.85,0.85,0.85,reaction_role_concat,6144,random_forest,False,valid,r2,0.020424084690312982,0,0.01,random,,
condition_recombine_pseudolabel__mult_3__sim_0.85__teacher_ridge__seed_2,condition_recombine_pseudolabel,3.0,0.85,ridge,2,31,24,1.7741935483870968,True,0.85,0.85,0.85,reaction_role_concat,6144,random_forest,False,valid,spearman,0.29768051921196703,0,0.01,random,,
condition_recombine_pseudolabel__mult_3__sim_0.85__teacher_ridge__seed_3,condition_recombine_pseudolabel,3.0,0.85,ridge,3,31,29,1.935483870967742,True,0.8500000000000002,0.85,0.85,reaction_role_concat,6144,random_forest,False,valid,rmse,26.792907426866474,0,0.01,random,,
condition_recombine_pseudolabel__mult_3__sim_0.85__teacher_ridge__seed_3,condition_recombine_pseudolabel,3.0,0.85,ridge,3,31,29,1.935483870967742,True,0.8500000000000002,0.85,0.85,reaction_role_concat,6144,random_forest,False,valid,mae,21.71414370430572,0,0.01,random,,
condition_recombine_pseudolabel__mult_3__sim_0.85__teacher_ridge__seed_3,condition_recombine_pseudolabel,3.0,0.85,ridge,3,31,29,1.935483870967742,True,0.8500000000000002,0.85,0.85,reaction_role_concat,6144,random_forest,False,valid,r2,0.06456708745278983,0,0.01,random,,
condition_recombine_pseudolabel__mult_3__sim_0.85__teacher_ridge__seed_3,condition_recombine_pseudolabel,3.0,0.85,ridge,3,31,29,1.935483870967742,True,0.8500000000000002,0.85,0.85,reaction_role_concat,6144,random_forest,False,valid,spearman,0.32418440890155736,0,0.01,random,,
condition_recombine_pseudolabel__mult_3__sim_0.85__teacher_ridge__seed_4,condition_recombine_pseudolabel,3.0,0.85,ridge,4,31,19,1.6129032258064515,True,0.85,0.85,0.85,reaction_role_concat,6144,random_forest,False,valid,rmse,27.825038472654754,0,0.01,random,,
condition_recombine_pseudolabel__mult_3__sim_0.85__teacher_ridge__seed_4,condition_recombine_pseudolabel,3.0,0.85,ridge,4,31,19,1.6129032258064515,True,0.85,0.85,0.85,reaction_role_concat,6144,random_forest,False,valid,mae,22.69839146579368,0,0.01,random,,
condition_recombine_pseudolabel__mult_3__sim_0.85__teacher_ridge__seed_4,condition_recombine_pseudolabel,3.0,0.85,ridge,4,31,19,1.6129032258064515,True,0.85,0.85,0.85,reaction_role_concat,6144,random_forest,False,valid,r2,-0.00889159989563093,0,0.01,random,,
condition_recombine_pseudolabel__mult_3__sim_0.85__teacher_ridge__seed_4,condition_recombine_pseudolabel,3.0,0.85,ridge,4,31,19,1.6129032258064515,True,0.85,0.85,0.85,reaction_role_concat,6144,random_forest,False,valid,spearman,0.263212817900311,0,0.01,random,,
condition_recombine_pseudolabel__mult_3__sim_0.85__teacher_rf__seed_0,condition_recombine_pseudolabel,3.0,0.85,random_forest,0,31,26,1.8387096774193548,True,0.8500000000000001,0.85,0.85,reaction_role_concat,6144,random_forest,False,valid,rmse,27.105441007225135,0,0.01,random,,
condition_recombine_pseudolabel__mult_3__sim_0.85__teacher_rf__seed_0,condition_recombine_pseudolabel,3.0,0.85,random_forest,0,31,26,1.8387096774193548,True,0.8500000000000001,0.85,0.85,reaction_role_concat,6144,random_forest,False,valid,mae,22.02879379819013,0,0.01,random,,
condition_recombine_pseudolabel__mult_3__sim_0.85__teacher_rf__seed_0,condition_recombine_pseudolabel,3.0,0.85,random_forest,0,31,26,1.8387096774193548,True,0.8500000000000001,0.85,0.85,reaction_role_concat,6144,random_forest,False,valid,r2,0.042616552745998626,0,0.01,random,,
condition_recombine_pseudolabel__mult_3__sim_0.85__teacher_rf__seed_0,condition_recombine_pseudolabel,3.0,0.85,random_forest,0,31,26,1.8387096774193548,True,0.8500000000000001,0.85,0.85,reaction_role_concat,6144,random_forest,False,valid,spearman,0.32307572255301964,0,0.01,random,,
condition_recombine_pseudolabel__mult_3__sim_0.85__teacher_rf__seed_1,condition_recombine_pseudolabel,3.0,0.85,random_forest,1,31,28,1.903225806451613,True,0.8500000000000002,0.85,0.85,reaction_role_concat,6144,random_forest,False,valid,rmse,25.989762914603027,0,0.01,random,,
condition_recombine_pseudolabel__mult_3__sim_0.85__teacher_rf__seed_1,condition_recombine_pseudolabel,3.0,0.85,random_forest,1,31,28,1.903225806451613,True,0.8500000000000002,0.85,0.85,reaction_role_concat,6144,random_forest,False,valid,mae,21.07370331261279,0,0.01,random,,
condition_recombine_pseudolabel__mult_3__sim_0.85__teacher_rf__seed_1,condition_recombine_pseudolabel,3.0,0.85,random_forest,1,31,28,1.903225806451613,True,0.8500000000000002,0.85,0.85,reaction_role_concat,6144,random_forest,False,valid,r2,0.11980763991215126,0,0.01,random,,
condition_recombine_pseudolabel__mult_3__sim_0.85__teacher_rf__seed_1,condition_recombine_pseudolabel,3.0,0.85,random_forest,1,31,28,1.903225806451613,True,0.8500000000000002,0.85,0.85,reaction_role_concat,6144,random_forest,False,valid,spearman,0.40660107798053585,0,0.01,random,,
condition_recombine_pseudolabel__mult_3__sim_0.85__teacher_rf__seed_2,condition_recombine_pseudolabel,3.0,0.85,random_forest,2,31,24,1.7741935483870968,True,0.85,0.85,0.85,reaction_role_concat,6144,random_forest,False,valid,rmse,27.433301785551052,0,0.01,random,,
condition_recombine_pseudolabel__mult_3__sim_0.85__teacher_rf__seed_2,condition_recombine_pseudolabel,3.0,0.85,random_forest,2,31,24,1.7741935483870968,True,0.85,0.85,0.85,reaction_role_concat,6144,random_forest,False,valid,mae,22.398514385728898,0,0.01,random,,
condition_recombine_pseudolabel__mult_3__sim_0.85__teacher_rf__seed_2,condition_recombine_pseudolabel,3.0,0.85,random_forest,2,31,24,1.7741935483870968,True,0.85,0.85,0.85,reaction_role_concat,6144,random_forest,False,valid,r2,0.019315928992624687,0,0.01,random,,
condition_recombine_pseudolabel__mult_3__sim_0.85__teacher_rf__seed_2,condition_recombine_pseudolabel,3.0,0.85,random_forest,2,31,24,1.7741935483870968,True,0.85,0.85,0.85,reaction_role_concat,6144,random_forest,False,valid,spearman,0.2851132631377176,0,0.01,random,,
condition_recombine_pseudolabel__mult_3__sim_0.85__teacher_rf__seed_3,condition_recombine_pseudolabel,3.0,0.85,random_forest,3,31,29,1.935483870967742,True,0.8500000000000002,0.85,0.85,reaction_role_concat,6144,random_forest,False,valid,rmse,26.064763003524586,0,0.01,random,,
condition_recombine_pseudolabel__mult_3__sim_0.85__teacher_rf__seed_3,condition_recombine_pseudolabel,3.0,0.85,random_forest,3,31,29,1.935483870967742,True,0.8500000000000002,0.85,0.85,reaction_role_concat,6144,random_forest,False,valid,mae,21.597051717008213,0,0.01,random,,
condition_recombine_pseudolabel__mult_3__sim_0.85__teacher_rf__seed_3,condition_recombine_pseudolabel,3.0,0.85,random_forest,3,31,29,1.935483870967742,True,0.8500000000000002,0.85,0.85,reaction_role_concat,6144,random_forest,False,valid,r2,0.11472027098639082,0,0.01,random,,
condition_recombine_pseudolabel__mult_3__sim_0.85__teacher_rf__seed_3,condition_recombine_pseudolabel,3.0,0.85,random_forest,3,31,29,1.935483870967742,True,0.8500000000000002,0.85,0.85,reaction_role_concat,6144,random_forest,False,valid,spearman,0.3508396047319126,0,0.01,random,,
condition_recombine_pseudolabel__mult_3__sim_0.85__teacher_rf__seed_4,condition_recombine_pseudolabel,3.0,0.85,random_forest,4,31,19,1.6129032258064515,True,0.85,0.85,0.85,reaction_role_concat,6144,random_forest,False,valid,rmse,26.890811496778365,0,0.01,random,,
condition_recombine_pseudolabel__mult_3__sim_0.85__teacher_rf__seed_4,condition_recombine_pseudolabel,3.0,0.85,random_forest,4,31,19,1.6129032258064515,True,0.85,0.85,0.85,reaction_role_concat,6144,random_forest,False,valid,mae,22.003158835518207,0,0.01,random,,
condition_recombine_pseudolabel__mult_3__sim_0.85__teacher_rf__seed_4,condition_recombine_pseudolabel,3.0,0.85,random_forest,4,31,19,1.6129032258064515,True,0.85,0.85,0.85,reaction_role_concat,6144,random_forest,False,valid,r2,0.05771825883249593,0,0.01,random,,
condition_recombine_pseudolabel__mult_3__sim_0.85__teacher_rf__seed_4,condition_recombine_pseudolabel,3.0,0.85,random_forest,4,31,19,1.6129032258064515,True,0.85,0.85,0.85,reaction_role_concat,6144,random_forest,False,valid,spearman,0.3100757441516202,0,0.01,random,,
condition_recombine_pseudolabel__mult_3__sim_0.9__teacher_ridge__seed_0,condition_recombine_pseudolabel,3.0,0.9,ridge,0,31,16,1.5161290322580645,True,0.85,0.85,0.85,reaction_role_concat,6144,random_forest,False,valid,rmse,28.003093557405503,0,0.01,random,,
condition_recombine_pseudolabel__mult_3__sim_0.9__teacher_ridge__seed_0,condition_recombine_pseudolabel,3.0,0.9,ridge,0,31,16,1.5161290322580645,True,0.85,0.85,0.85,reaction_role_concat,6144,random_forest,False,valid,mae,22.90012564635126,0,0.01,random,,
condition_recombine_pseudolabel__mult_3__sim_0.9__teacher_ridge__seed_0,condition_recombine_pseudolabel,3.0,0.9,ridge,0,31,16,1.5161290322580645,True,0.85,0.85,0.85,reaction_role_concat,6144,random_forest,False,valid,r2,-0.021844900267417477,0,0.01,random,,
condition_recombine_pseudolabel__mult_3__sim_0.9__teacher_ridge__seed_0,condition_recombine_pseudolabel,3.0,0.9,ridge,0,31,16,1.5161290322580645,True,0.85,0.85,0.85,reaction_role_concat,6144,random_forest,False,valid,spearman,0.25596695457953744,0,0.01,random,,
condition_recombine_pseudolabel__mult_3__sim_0.9__teacher_ridge__seed_1,condition_recombine_pseudolabel,3.0,0.9,ridge,1,31,15,1.4838709677419355,True,0.8499999999999999,0.85,0.85,reaction_role_concat,6144,random_forest,False,valid,rmse,27.101992076574863,0,0.01,random,,
condition_recombine_pseudolabel__mult_3__sim_0.9__teacher_ridge__seed_1,condition_recombine_pseudolabel,3.0,0.9,ridge,1,31,15,1.4838709677419355,True,0.8499999999999999,0.85,0.85,reaction_role_concat,6144,random_forest,False,valid,mae,21.65340537789049,0,0.01,random,,
condition_recombine_pseudolabel__mult_3__sim_0.9__teacher_ridge__seed_1,condition_recombine_pseudolabel,3.0,0.9,ridge,1,31,15,1.4838709677419355,True,0.8499999999999999,0.85,0.85,reaction_role_concat,6144,random_forest,False,valid,r2,0.042860174610872215,0,0.01,random,,
condition_recombine_pseudolabel__mult_3__sim_0.9__teacher_ridge__seed_1,condition_recombine_pseudolabel,3.0,0.9,ridge,1,31,15,1.4838709677419355,True,0.8499999999999999,0.85,0.85,reaction_role_concat,6144,random_forest,False,valid,spearman,0.33713247571203636,0,0.01,random,,
condition_recombine_pseudolabel__mult_3__sim_0.9__teacher_ridge__seed_2,condition_recombine_pseudolabel,3.0,0.9,ridge,2,31,17,1.5483870967741935,True,0.85,0.85,0.85,reaction_role_concat,6144,random_forest,False,valid,rmse,26.821108227797367,0,0.01,random,,
condition_recombine_pseudolabel__mult_3__sim_0.9__teacher_ridge__seed_2,condition_recombine_pseudolabel,3.0,0.9,ridge,2,31,17,1.5483870967741935,True,0.85,0.85,0.85,reaction_role_concat,6144,random_forest,False,valid,mae,21.97464437047439,0,0.01,random,,
condition_recombine_pseudolabel__mult_3__sim_0.9__teacher_ridge__seed_2,condition_recombine_pseudolabel,3.0,0.9,ridge,2,31,17,1.5483870967741935,True,0.85,0.85,0.85,reaction_role_concat,6144,random_forest,False,valid,r2,0.06259687645581435,0,0.01,random,,
condition_recombine_pseudolabel__mult_3__sim_0.9__teacher_ridge__seed_2,condition_recombine_pseudolabel,3.0,0.9,ridge,2,31,17,1.5483870967741935,True,0.85,0.85,0.85,reaction_role_concat,6144,random_forest,False,valid,spearman,0.3220410026063197,0,0.01,random,,
condition_recombine_pseudolabel__mult_3__sim_0.9__teacher_ridge__seed_3,condition_recombine_pseudolabel,3.0,0.9,ridge,3,31,21,1.6774193548387097,True,0.8500000000000001,0.85,0.85,reaction_role_concat,6144,random_forest,False,valid,rmse,26.713026887665674,0,0.01,random,,
condition_recombine_pseudolabel__mult_3__sim_0.9__teacher_ridge__seed_3,condition_recombine_pseudolabel,3.0,0.9,ridge,3,31,21,1.6774193548387097,True,0.8500000000000001,0.85,0.85,reaction_role_concat,6144,random_forest,False,valid,mae,21.88028521815282,0,0.01,random,,
condition_recombine_pseudolabel__mult_3__sim_0.9__teacher_ridge__seed_3,condition_recombine_pseudolabel,3.0,0.9,ridge,3,31,21,1.6774193548387097,True,0.8500000000000001,0.85,0.85,reaction_role_concat,6144,random_forest,False,valid,r2,0.07013658348517804,0,0.01,random,,
condition_recombine_pseudolabel__mult_3__sim_0.9__teacher_ridge__seed_3,condition_recombine_pseudolabel,3.0,0.9,ridge,3,31,21,1.6774193548387097,True,0.8500000000000001,0.85,0.85,reaction_role_concat,6144,random_forest,False,valid,spearman,0.3271587332182158,0,0.01,random,,
condition_recombine_pseudolabel__mult_3__sim_0.9__teacher_ridge__seed_4,condition_recombine_pseudolabel,3.0,0.9,ridge,4,31,11,1.3548387096774193,True,0.85,0.85,0.85,reaction_role_concat,6144,random_forest,False,valid,rmse,27.10548874345604,0,0.01,random,,
condition_recombine_pseudolabel__mult_3__sim_0.9__teacher_ridge__seed_4,condition_recombine_pseudolabel,3.0,0.9,ridge,4,31,11,1.3548387096774193,True,0.85,0.85,0.85,reaction_role_concat,6144,random_forest,False,valid,mae,21.939716601370254,0,0.01,random,,
condition_recombine_pseudolabel__mult_3__sim_0.9__teacher_ridge__seed_4,condition_recombine_pseudolabel,3.0,0.9,ridge,4,31,11,1.3548387096774193,True,0.85,0.85,0.85,reaction_role_concat,6144,random_forest,False,valid,r2,0.04261318058780106,0,0.01,random,,
condition_recombine_pseudolabel__mult_3__sim_0.9__teacher_ridge__seed_4,condition_recombine_pseudolabel,3.0,0.9,ridge,4,31,11,1.3548387096774193,True,0.85,0.85,0.85,reaction_role_concat,6144,random_forest,False,valid,spearman,0.3208054331556717,0,0.01,random,,
condition_recombine_pseudolabel__mult_3__sim_0.9__teacher_rf__seed_0,condition_recombine_pseudolabel,3.0,0.9,random_forest,0,31,16,1.5161290322580645,True,0.85,0.85,0.85,reaction_role_concat,6144,random_forest,False,valid,rmse,27.45200889515564,0,0.01,random,,
condition_recombine_pseudolabel__mult_3__sim_0.9__teacher_rf__seed_0,condition_recombine_pseudolabel,3.0,0.9,random_forest,0,31,16,1.5161290322580645,True,0.85,0.85,0.85,reaction_role_concat,6144,random_forest,False,valid,mae,22.366819953583462,0,0.01,random,,
condition_recombine_pseudolabel__mult_3__sim_0.9__teacher_rf__seed_0,condition_recombine_pseudolabel,3.0,0.9,random_forest,0,31,16,1.5161290322580645,True,0.85,0.85,0.85,reaction_role_concat,6144,random_forest,False,valid,r2,0.01797799164554925,0,0.01,random,,
condition_recombine_pseudolabel__mult_3__sim_0.9__teacher_rf__seed_0,condition_recombine_pseudolabel,3.0,0.9,random_forest,0,31,16,1.5161290322580645,True,0.85,0.85,0.85,reaction_role_concat,6144,random_forest,False,valid,spearman,0.29556534894042424,0,0.01,random,,
condition_recombine_pseudolabel__mult_3__sim_0.9__teacher_rf__seed_1,condition_recombine_pseudolabel,3.0,0.9,random_forest,1,31,15,1.4838709677419355,True,0.8499999999999999,0.85,0.85,reaction_role_concat,6144,random_forest,False,valid,rmse,26.15807758734154,0,0.01,random,,
condition_recombine_pseudolabel__mult_3__sim_0.9__teacher_rf__seed_1,condition_recombine_pseudolabel,3.0,0.9,random_forest,1,31,15,1.4838709677419355,True,0.8499999999999999,0.85,0.85,reaction_role_concat,6144,random_forest,False,valid,mae,21.205887327932107,0,0.01,random,,
condition_recombine_pseudolabel__mult_3__sim_0.9__teacher_rf__seed_1,condition_recombine_pseudolabel,3.0,0.9,random_forest,1,31,15,1.4838709677419355,True,0.8499999999999999,0.85,0.85,reaction_role_concat,6144,random_forest,False,valid,r2,0.10837013576244336,0,0.01,random,,
condition_recombine_pseudolabel__mult_3__sim_0.9__teacher_rf__seed_1,condition_recombine_pseudolabel,3.0,0.9,random_forest,1,31,15,1.4838709677419355,True,0.8499999999999999,0.85,0.85,reaction_role_concat,6144,random_forest,False,valid,spearman,0.3903229129548431,0,0.01,random,,
condition_recombine_pseudolabel__mult_3__sim_0.9__teacher_rf__seed_2,condition_recombine_pseudolabel,3.0,0.9,random_forest,2,31,17,1.5483870967741935,True,0.85,0.85,0.85,reaction_role_concat,6144,random_forest,False,valid,rmse,27.46839239317464,0,0.01,random,,
condition_recombine_pseudolabel__mult_3__sim_0.9__teacher_rf__seed_2,condition_recombine_pseudolabel,3.0,0.9,random_forest,2,31,17,1.5483870967741935,True,0.85,0.85,0.85,reaction_role_concat,6144,random_forest,False,valid,mae,22.6066217788654,0,0.01,random,,
condition_recombine_pseudolabel__mult_3__sim_0.9__teacher_rf__seed_2,condition_recombine_pseudolabel,3.0,0.9,random_forest,2,31,17,1.5483870967741935,True,0.85,0.85,0.85,reaction_role_concat,6144,random_forest,False,valid,r2,0.016805490450822358,0,0.01,random,,
condition_recombine_pseudolabel__mult_3__sim_0.9__teacher_rf__seed_2,condition_recombine_pseudolabel,3.0,0.9,random_forest,2,31,17,1.5483870967741935,True,0.85,0.85,0.85,reaction_role_concat,6144,random_forest,False,valid,spearman,0.26973698177633404,0,0.01,random,,
condition_recombine_pseudolabel__mult_3__sim_0.9__teacher_rf__seed_3,condition_recombine_pseudolabel,3.0,0.9,random_forest,3,31,21,1.6774193548387097,True,0.8500000000000001,0.85,0.85,reaction_role_concat,6144,random_forest,False,valid,rmse,26.41959519063819,0,0.01,random,,
condition_recombine_pseudolabel__mult_3__sim_0.9__teacher_rf__seed_3,condition_recombine_pseudolabel,3.0,0.9,random_forest,3,31,21,1.6774193548387097,True,0.8500000000000001,0.85,0.85,reaction_role_concat,6144,random_forest,False,valid,mae,21.869290421270122,0,0.01,random,,
condition_recombine_pseudolabel__mult_3__sim_0.9__teacher_rf__seed_3,condition_recombine_pseudolabel,3.0,0.9,random_forest,3,31,21,1.6774193548387097,True,0.8500000000000001,0.85,0.85,reaction_role_concat,6144,random_forest,False,valid,r2,0.09045272518045333,0,0.01,random,,
condition_recombine_pseudolabel__mult_3__sim_0.9__teacher_rf__seed_3,condition_recombine_pseudolabel,3.0,0.9,random_forest,3,31,21,1.6774193548387097,True,0.8500000000000001,0.85,0.85,reaction_role_concat,6144,random_forest,False,valid,spearman,0.33293835517175935,0,0.01,random,,
condition_recombine_pseudolabel__mult_3__sim_0.9__teacher_rf__seed_4,condition_recombine_pseudolabel,3.0,0.9,random_forest,4,31,11,1.3548387096774193,True,0.85,0.85,0.85,reaction_role_concat,6144,random_forest,False,valid,rmse,26.66144290736211,0,0.01,random,,
condition_recombine_pseudolabel__mult_3__sim_0.9__teacher_rf__seed_4,condition_recombine_pseudolabel,3.0,0.9,random_forest,4,31,11,1.3548387096774193,True,0.85,0.85,0.85,reaction_role_concat,6144,random_forest,False,valid,mae,21.60412317717679,0,0.01,random,,
condition_recombine_pseudolabel__mult_3__sim_0.9__teacher_rf__seed_4,condition_recombine_pseudolabel,3.0,0.9,random_forest,4,31,11,1.3548387096774193,True,0.85,0.85,0.85,reaction_role_concat,6144,random_forest,False,valid,r2,0.07372432695778575,0,0.01,random,,
condition_recombine_pseudolabel__mult_3__sim_0.9__teacher_rf__seed_4,condition_recombine_pseudolabel,3.0,0.9,random_forest,4,31,11,1.3548387096774193,True,0.85,0.85,0.85,reaction_role_concat,6144,random_forest,False,valid,spearman,0.3513971201514879,0,0.01,random,,
condition_recombine_pseudolabel__mult_3__sim_0.95__teacher_ridge__seed_0,condition_recombine_pseudolabel,3.0,0.95,ridge,0,31,0,1.0,True,,,,reaction_role_concat,6144,random_forest,False,valid,rmse,26.60717642441269,0,0.01,random,,
condition_recombine_pseudolabel__mult_3__sim_0.95__teacher_ridge__seed_0,condition_recombine_pseudolabel,3.0,0.95,ridge,0,31,0,1.0,True,,,,reaction_role_concat,6144,random_forest,False,valid,mae,22.122964368931857,0,0.01,random,,
condition_recombine_pseudolabel__mult_3__sim_0.95__teacher_ridge__seed_0,condition_recombine_pseudolabel,3.0,0.95,ridge,0,31,0,1.0,True,,,,reaction_role_concat,6144,random_forest,False,valid,r2,0.07749115743063129,0,0.01,random,,
condition_recombine_pseudolabel__mult_3__sim_0.95__teacher_ridge__seed_0,condition_recombine_pseudolabel,3.0,0.95,ridge,0,31,0,1.0,True,,,,reaction_role_concat,6144,random_forest,False,valid,spearman,0.30969971820848363,0,0.01,random,,
condition_recombine_pseudolabel__mult_3__sim_0.95__teacher_ridge__seed_1,condition_recombine_pseudolabel,3.0,0.95,ridge,1,31,0,1.0,True,,,,reaction_role_concat,6144,random_forest,False,valid,rmse,26.60717642441269,0,0.01,random,,
condition_recombine_pseudolabel__mult_3__sim_0.95__teacher_ridge__seed_1,condition_recombine_pseudolabel,3.0,0.95,ridge,1,31,0,1.0,True,,,,reaction_role_concat,6144,random_forest,False,valid,mae,22.122964368931857,0,0.01,random,,
condition_recombine_pseudolabel__mult_3__sim_0.95__teacher_ridge__seed_1,condition_recombine_pseudolabel,3.0,0.95,ridge,1,31,0,1.0,True,,,,reaction_role_concat,6144,random_forest,False,valid,r2,0.07749115743063129,0,0.01,random,,
condition_recombine_pseudolabel__mult_3__sim_0.95__teacher_ridge__seed_1,condition_recombine_pseudolabel,3.0,0.95,ridge,1,31,0,1.0,True,,,,reaction_role_concat,6144,random_forest,False,valid,spearman,0.30969971820848363,0,0.01,random,,
condition_recombine_pseudolabel__mult_3__sim_0.95__teacher_ridge__seed_2,condition_recombine_pseudolabel,3.0,0.95,ridge,2,31,0,1.0,True,,,,reaction_role_concat,6144,random_forest,False,valid,rmse,26.60717642441269,0,0.01,random,,
condition_recombine_pseudolabel__mult_3__sim_0.95__teacher_ridge__seed_2,condition_recombine_pseudolabel,3.0,0.95,ridge,2,31,0,1.0,True,,,,reaction_role_concat,6144,random_forest,False,valid,mae,22.122964368931857,0,0.01,random,,
condition_recombine_pseudolabel__mult_3__sim_0.95__teacher_ridge__seed_2,condition_recombine_pseudolabel,3.0,0.95,ridge,2,31,0,1.0,True,,,,reaction_role_concat,6144,random_forest,False,valid,r2,0.07749115743063129,0,0.01,random,,
condition_recombine_pseudolabel__mult_3__sim_0.95__teacher_ridge__seed_2,condition_recombine_pseudolabel,3.0,0.95,ridge,2,31,0,1.0,True,,,,reaction_role_concat,6144,random_forest,False,valid,spearman,0.30969971820848363,0,0.01,random,,
condition_recombine_pseudolabel__mult_3__sim_0.95__teacher_ridge__seed_3,condition_recombine_pseudolabel,3.0,0.95,ridge,3,31,0,1.0,True,,,,reaction_role_concat,6144,random_forest,False,valid,rmse,26.60717642441269,0,0.01,random,,
condition_recombine_pseudolabel__mult_3__sim_0.95__teacher_ridge__seed_3,condition_recombine_pseudolabel,3.0,0.95,ridge,3,31,0,1.0,True,,,,reaction_role_concat,6144,random_forest,False,valid,mae,22.122964368931857,0,0.01,random,,
condition_recombine_pseudolabel__mult_3__sim_0.95__teacher_ridge__seed_3,condition_recombine_pseudolabel,3.0,0.95,ridge,3,31,0,1.0,True,,,,reaction_role_concat,6144,random_forest,False,valid,r2,0.07749115743063129,0,0.01,random,,
condition_recombine_pseudolabel__mult_3__sim_0.95__teacher_ridge__seed_3,condition_recombine_pseudolabel,3.0,0.95,ridge,3,31,0,1.0,True,,,,reaction_role_concat,6144,random_forest,False,valid,spearman,0.30969971820848363,0,0.01,random,,
condition_recombine_pseudolabel__mult_3__sim_0.95__teacher_ridge__seed_4,condition_recombine_pseudolabel,3.0,0.95,ridge,4,31,0,1.0,True,,,,reaction_role_concat,6144,random_forest,False,valid,rmse,26.60717642441269,0,0.01,random,,
condition_recombine_pseudolabel__mult_3__sim_0.95__teacher_ridge__seed_4,condition_recombine_pseudolabel,3.0,0.95,ridge,4,31,0,1.0,True,,,,reaction_role_concat,6144,random_forest,False,valid,mae,22.122964368931857,0,0.01,random,,
condition_recombine_pseudolabel__mult_3__sim_0.95__teacher_ridge__seed_4,condition_recombine_pseudolabel,3.0,0.95,ridge,4,31,0,1.0,True,,,,reaction_role_concat,6144,random_forest,False,valid,r2,0.07749115743063129,0,0.01,random,,
condition_recombine_pseudolabel__mult_3__sim_0.95__teacher_ridge__seed_4,condition_recombine_pseudolabel,3.0,0.95,ridge,4,31,0,1.0,True,,,,reaction_role_concat,6144,random_forest,False,valid,spearman,0.30969971820848363,0,0.01,random,,
condition_recombine_pseudolabel__mult_3__sim_0.95__teacher_rf__seed_0,condition_recombine_pseudolabel,3.0,0.95,random_forest,0,31,0,1.0,True,,,,reaction_role_concat,6144,random_forest,False,valid,rmse,26.60717642441269,0,0.01,random,,
condition_recombine_pseudolabel__mult_3__sim_0.95__teacher_rf__seed_0,condition_recombine_pseudolabel,3.0,0.95,random_forest,0,31,0,1.0,True,,,,reaction_role_concat,6144,random_forest,False,valid,mae,22.122964368931857,0,0.01,random,,
condition_recombine_pseudolabel__mult_3__sim_0.95__teacher_rf__seed_0,condition_recombine_pseudolabel,3.0,0.95,random_forest,0,31,0,1.0,True,,,,reaction_role_concat,6144,random_forest,False,valid,r2,0.07749115743063129,0,0.01,random,,
condition_recombine_pseudolabel__mult_3__sim_0.95__teacher_rf__seed_0,condition_recombine_pseudolabel,3.0,0.95,random_forest,0,31,0,1.0,True,,,,reaction_role_concat,6144,random_forest,False,valid,spearman,0.30969971820848363,0,0.01,random,,
condition_recombine_pseudolabel__mult_3__sim_0.95__teacher_rf__seed_1,condition_recombine_pseudolabel,3.0,0.95,random_forest,1,31,0,1.0,True,,,,reaction_role_concat,6144,random_forest,False,valid,rmse,26.60717642441269,0,0.01,random,,
condition_recombine_pseudolabel__mult_3__sim_0.95__teacher_rf__seed_1,condition_recombine_pseudolabel,3.0,0.95,random_forest,1,31,0,1.0,True,,,,reaction_role_concat,6144,random_forest,False,valid,mae,22.122964368931857,0,0.01,random,,
condition_recombine_pseudolabel__mult_3__sim_0.95__teacher_rf__seed_1,condition_recombine_pseudolabel,3.0,0.95,random_forest,1,31,0,1.0,True,,,,reaction_role_concat,6144,random_forest,False,valid,r2,0.07749115743063129,0,0.01,random,,
condition_recombine_pseudolabel__mult_3__sim_0.95__teacher_rf__seed_1,condition_recombine_pseudolabel,3.0,0.95,random_forest,1,31,0,1.0,True,,,,reaction_role_concat,6144,random_forest,False,valid,spearman,0.30969971820848363,0,0.01,random,,
condition_recombine_pseudolabel__mult_3__sim_0.95__teacher_rf__seed_2,condition_recombine_pseudolabel,3.0,0.95,random_forest,2,31,0,1.0,True,,,,reaction_role_concat,6144,random_forest,False,valid,rmse,26.60717642441269,0,0.01,random,,
condition_recombine_pseudolabel__mult_3__sim_0.95__teacher_rf__seed_2,condition_recombine_pseudolabel,3.0,0.95,random_forest,2,31,0,1.0,True,,,,reaction_role_concat,6144,random_forest,False,valid,mae,22.122964368931857,0,0.01,random,,
condition_recombine_pseudolabel__mult_3__sim_0.95__teacher_rf__seed_2,condition_recombine_pseudolabel,3.0,0.95,random_forest,2,31,0,1.0,True,,,,reaction_role_concat,6144,random_forest,False,valid,r2,0.07749115743063129,0,0.01,random,,
condition_recombine_pseudolabel__mult_3__sim_0.95__teacher_rf__seed_2,condition_recombine_pseudolabel,3.0,0.95,random_forest,2,31,0,1.0,True,,,,reaction_role_concat,6144,random_forest,False,valid,spearman,0.30969971820848363,0,0.01,random,,
condition_recombine_pseudolabel__mult_3__sim_0.95__teacher_rf__seed_3,condition_recombine_pseudolabel,3.0,0.95,random_forest,3,31,0,1.0,True,,,,reaction_role_concat,6144,random_forest,False,valid,rmse,26.60717642441269,0,0.01,random,,
condition_recombine_pseudolabel__mult_3__sim_0.95__teacher_rf__seed_3,condition_recombine_pseudolabel,3.0,0.95,random_forest,3,31,0,1.0,True,,,,reaction_role_concat,6144,random_forest,False,valid,mae,22.122964368931857,0,0.01,random,,
condition_recombine_pseudolabel__mult_3__sim_0.95__teacher_rf__seed_3,condition_recombine_pseudolabel,3.0,0.95,random_forest,3,31,0,1.0,True,,,,reaction_role_concat,6144,random_forest,False,valid,r2,0.07749115743063129,0,0.01,random,,
condition_recombine_pseudolabel__mult_3__sim_0.95__teacher_rf__seed_3,condition_recombine_pseudolabel,3.0,0.95,random_forest,3,31,0,1.0,True,,,,reaction_role_concat,6144,random_forest,False,valid,spearman,0.30969971820848363,0,0.01,random,,
condition_recombine_pseudolabel__mult_3__sim_0.95__teacher_rf__seed_4,condition_recombine_pseudolabel,3.0,0.95,random_forest,4,31,0,1.0,True,,,,reaction_role_concat,6144,random_forest,False,valid,rmse,26.60717642441269,0,0.01,random,,
condition_recombine_pseudolabel__mult_3__sim_0.95__teacher_rf__seed_4,condition_recombine_pseudolabel,3.0,0.95,random_forest,4,31,0,1.0,True,,,,reaction_role_concat,6144,random_forest,False,valid,mae,22.122964368931857,0,0.01,random,,
condition_recombine_pseudolabel__mult_3__sim_0.95__teacher_rf__seed_4,condition_recombine_pseudolabel,3.0,0.95,random_forest,4,31,0,1.0,True,,,,reaction_role_concat,6144,random_forest,False,valid,r2,0.07749115743063129,0,0.01,random,,
condition_recombine_pseudolabel__mult_3__sim_0.95__teacher_rf__seed_4,condition_recombine_pseudolabel,3.0,0.95,random_forest,4,31,0,1.0,True,,,,reaction_role_concat,6144,random_forest,False,valid,spearman,0.30969971820848363,0,0.01,random,,
condition_recombine_pseudolabel__mult_0.25__sim_0.7__teacher_ridge__seed_0,condition_recombine_pseudolabel,0.25,0.7,ridge,0,158,39,1.2468354430379747,True,0.8317092715165557,0.7692307829856873,0.85,reaction_role_concat,6144,random_forest,False,valid,rmse,16.237590179083885,1,0.05,random,,
condition_recombine_pseudolabel__mult_0.25__sim_0.7__teacher_ridge__seed_0,condition_recombine_pseudolabel,0.25,0.7,ridge,0,158,39,1.2468354430379747,True,0.8317092715165557,0.7692307829856873,0.85,reaction_role_concat,6144,random_forest,False,valid,mae,11.851839682825759,1,0.05,random,,
condition_recombine_pseudolabel__mult_0.25__sim_0.7__teacher_ridge__seed_0,condition_recombine_pseudolabel,0.25,0.7,ridge,0,158,39,1.2468354430379747,True,0.8317092715165557,0.7692307829856873,0.85,reaction_role_concat,6144,random_forest,False,valid,r2,0.6564293067696609,1,0.05,random,,
condition_recombine_pseudolabel__mult_0.25__sim_0.7__teacher_ridge__seed_0,condition_recombine_pseudolabel,0.25,0.7,ridge,0,158,39,1.2468354430379747,True,0.8317092715165557,0.7692307829856873,0.85,reaction_role_concat,6144,random_forest,False,valid,spearman,0.815075664816026,1,0.05,random,,
condition_recombine_pseudolabel__mult_0.25__sim_0.7__teacher_ridge__seed_1,condition_recombine_pseudolabel,0.25,0.7,ridge,1,158,39,1.2468354430379747,True,0.8340724459061258,0.7602739930152893,0.85,reaction_role_concat,6144,random_forest,False,valid,rmse,15.26170439815583,1,0.05,random,,
condition_recombine_pseudolabel__mult_0.25__sim_0.7__teacher_ridge__seed_1,condition_recombine_pseudolabel,0.25,0.7,ridge,1,158,39,1.2468354430379747,True,0.8340724459061258,0.7602739930152893,0.85,reaction_role_concat,6144,random_forest,False,valid,mae,11.130311002101324,1,0.05,random,,
condition_recombine_pseudolabel__mult_0.25__sim_0.7__teacher_ridge__seed_1,condition_recombine_pseudolabel,0.25,0.7,ridge,1,158,39,1.2468354430379747,True,0.8340724459061258,0.7602739930152893,0.85,reaction_role_concat,6144,random_forest,False,valid,r2,0.6964857862729015,1,0.05,random,,
condition_recombine_pseudolabel__mult_0.25__sim_0.7__teacher_ridge__seed_1,condition_recombine_pseudolabel,0.25,0.7,ridge,1,158,39,1.2468354430379747,True,0.8340724459061258,0.7602739930152893,0.85,reaction_role_concat,6144,random_forest,False,valid,spearman,0.8354348115560185,1,0.05,random,,
condition_recombine_pseudolabel__mult_0.25__sim_0.7__teacher_ridge__seed_2,condition_recombine_pseudolabel,0.25,0.7,ridge,2,158,39,1.2468354430379747,True,0.8325927526522907,0.7724137902259827,0.85,reaction_role_concat,6144,random_forest,False,valid,rmse,15.456267510229951,1,0.05,random,,
condition_recombine_pseudolabel__mult_0.25__sim_0.7__teacher_ridge__seed_2,condition_recombine_pseudolabel,0.25,0.7,ridge,2,158,39,1.2468354430379747,True,0.8325927526522907,0.7724137902259827,0.85,reaction_role_concat,6144,random_forest,False,valid,mae,11.263448609201216,1,0.05,random,,
condition_recombine_pseudolabel__mult_0.25__sim_0.7__teacher_ridge__seed_2,condition_recombine_pseudolabel,0.25,0.7,ridge,2,158,39,1.2468354430379747,True,0.8325927526522907,0.7724137902259827,0.85,reaction_role_concat,6144,random_forest,False,valid,r2,0.6886977852073255,1,0.05,random,,
condition_recombine_pseudolabel__mult_0.25__sim_0.7__teacher_ridge__seed_2,condition_recombine_pseudolabel,0.25,0.7,ridge,2,158,39,1.2468354430379747,True,0.8325927526522907,0.7724137902259827,0.85,reaction_role_concat,6144,random_forest,False,valid,spearman,0.8337751175563536,1,0.05,random,,
condition_recombine_pseudolabel__mult_0.25__sim_0.7__teacher_ridge__seed_3,condition_recombine_pseudolabel,0.25,0.7,ridge,3,158,39,1.2468354430379747,True,0.8354437491832638,0.7583892345428467,0.85,reaction_role_concat,6144,random_forest,False,valid,rmse,15.129228050042421,1,0.05,random,,
condition_recombine_pseudolabel__mult_0.25__sim_0.7__teacher_ridge__seed_3,condition_recombine_pseudolabel,0.25,0.7,ridge,3,158,39,1.2468354430379747,True,0.8354437491832638,0.7583892345428467,0.85,reaction_role_concat,6144,random_forest,False,valid,mae,11.076963498335852,1,0.05,random,,
condition_recombine_pseudolabel__mult_0.25__sim_0.7__teacher_ridge__seed_3,condition_recombine_pseudolabel,0.25,0.7,ridge,3,158,39,1.2468354430379747,True,0.8354437491832638,0.7583892345428467,0.85,reaction_role_concat,6144,random_forest,False,valid,r2,0.7017321129786451,1,0.05,random,,
condition_recombine_pseudolabel__mult_0.25__sim_0.7__teacher_ridge__seed_3,condition_recombine_pseudolabel,0.25,0.7,ridge,3,158,39,1.2468354430379747,True,0.8354437491832638,0.7583892345428467,0.85,reaction_role_concat,6144,random_forest,False,valid,spearman,0.841531845362132,1,0.05,random,,
condition_recombine_pseudolabel__mult_0.25__sim_0.7__teacher_ridge__seed_4,condition_recombine_pseudolabel,0.25,0.7,ridge,4,158,39,1.2468354430379747,True,0.8350766123869482,0.7515923380851746,0.85,reaction_role_concat,6144,random_forest,False,valid,rmse,14.999518527824106,1,0.05,random,,
condition_recombine_pseudolabel__mult_0.25__sim_0.7__teacher_ridge__seed_4,condition_recombine_pseudolabel,0.25,0.7,ridge,4,158,39,1.2468354430379747,True,0.8350766123869482,0.7515923380851746,0.85,reaction_role_concat,6144,random_forest,False,valid,mae,10.980069869635226,1,0.05,random,,
condition_recombine_pseudolabel__mult_0.25__sim_0.7__teacher_ridge__seed_4,condition_recombine_pseudolabel,0.25,0.7,ridge,4,158,39,1.2468354430379747,True,0.8350766123869482,0.7515923380851746,0.85,reaction_role_concat,6144,random_forest,False,valid,r2,0.7068245525377372,1,0.05,random,,
condition_recombine_pseudolabel__mult_0.25__sim_0.7__teacher_ridge__seed_4,condition_recombine_pseudolabel,0.25,0.7,ridge,4,158,39,1.2468354430379747,True,0.8350766123869482,0.7515923380851746,0.85,reaction_role_concat,6144,random_forest,False,valid,spearman,0.8447258264700167,1,0.05,random,,
condition_recombine_pseudolabel__mult_0.25__sim_0.7__teacher_rf__seed_0,condition_recombine_pseudolabel,0.25,0.7,random_forest,0,158,39,1.2468354430379747,True,0.8317092715165557,0.7692307829856873,0.85,reaction_role_concat,6144,random_forest,False,valid,rmse,15.831455895476674,1,0.05,random,,
condition_recombine_pseudolabel__mult_0.25__sim_0.7__teacher_rf__seed_0,condition_recombine_pseudolabel,0.25,0.7,random_forest,0,158,39,1.2468354430379747,True,0.8317092715165557,0.7692307829856873,0.85,reaction_role_concat,6144,random_forest,False,valid,mae,11.405660998382146,1,0.05,random,,
condition_recombine_pseudolabel__mult_0.25__sim_0.7__teacher_rf__seed_0,condition_recombine_pseudolabel,0.25,0.7,random_forest,0,158,39,1.2468354430379747,True,0.8317092715165557,0.7692307829856873,0.85,reaction_role_concat,6144,random_forest,False,valid,r2,0.673401135969081,1,0.05,random,,
condition_recombine_pseudolabel__mult_0.25__sim_0.7__teacher_rf__seed_0,condition_recombine_pseudolabel,0.25,0.7,random_forest,0,158,39,1.2468354430379747,True,0.8317092715165557,0.7692307829856873,0.85,reaction_role_concat,6144,random_forest,False,valid,spearman,0.82467708125947,1,0.05,random,,
condition_recombine_pseudolabel__mult_0.25__sim_0.7__teacher_rf__seed_1,condition_recombine_pseudolabel,0.25,0.7,random_forest,1,158,39,1.2468354430379747,True,0.8340724459061258,0.7602739930152893,0.85,reaction_role_concat,6144,random_forest,False,valid,rmse,15.544584069985895,1,0.05,random,,
condition_recombine_pseudolabel__mult_0.25__sim_0.7__teacher_rf__seed_1,condition_recombine_pseudolabel,0.25,0.7,random_forest,1,158,39,1.2468354430379747,True,0.8340724459061258,0.7602739930152893,0.85,reaction_role_concat,6144,random_forest,False,valid,mae,11.113848839667025,1,0.05,random,,
condition_recombine_pseudolabel__mult_0.25__sim_0.7__teacher_rf__seed_1,condition_recombine_pseudolabel,0.25,0.7,random_forest,1,158,39,1.2468354430379747,True,0.8340724459061258,0.7602739930152893,0.85,reaction_role_concat,6144,random_forest,False,valid,r2,0.6851300819377169,1,0.05,random,,
condition_recombine_pseudolabel__mult_0.25__sim_0.7__teacher_rf__seed_1,condition_recombine_pseudolabel,0.25,0.7,random_forest,1,158,39,1.2468354430379747,True,0.8340724459061258,0.7602739930152893,0.85,reaction_role_concat,6144,random_forest,False,valid,spearman,0.830442682566765,1,0.05,random,,
condition_recombine_pseudolabel__mult_0.25__sim_0.7__teacher_rf__seed_2,condition_recombine_pseudolabel,0.25,0.7,random_forest,2,158,39,1.2468354430379747,True,0.8325927526522907,0.7724137902259827,0.85,reaction_role_concat,6144,random_forest,False,valid,rmse,15.215874667395013,1,0.05,random,,
condition_recombine_pseudolabel__mult_0.25__sim_0.7__teacher_rf__seed_2,condition_recombine_pseudolabel,0.25,0.7,random_forest,2,158,39,1.2468354430379747,True,0.8325927526522907,0.7724137902259827,0.85,reaction_role_concat,6144,random_forest,False,valid,mae,10.838900146908399,1,0.05,random,,
condition_recombine_pseudolabel__mult_0.25__sim_0.7__teacher_rf__seed_2,condition_recombine_pseudolabel,0.25,0.7,random_forest,2,158,39,1.2468354430379747,True,0.8325927526522907,0.7724137902259827,0.85,reaction_role_concat,6144,random_forest,False,valid,r2,0.698305909247362,1,0.05,random,,
condition_recombine_pseudolabel__mult_0.25__sim_0.7__teacher_rf__seed_2,condition_recombine_pseudolabel,0.25,0.7,random_forest,2,158,39,1.2468354430379747,True,0.8325927526522907,0.7724137902259827,0.85,reaction_role_concat,6144,random_forest,False,valid,spearman,0.8384944281373552,1,0.05,random,,
condition_recombine_pseudolabel__mult_0.25__sim_0.7__teacher_rf__seed_3,condition_recombine_pseudolabel,0.25,0.7,random_forest,3,158,39,1.2468354430379747,True,0.8354437491832638,0.7583892345428467,0.85,reaction_role_concat,6144,random_forest,False,valid,rmse,15.335813504006081,1,0.05,random,,
condition_recombine_pseudolabel__mult_0.25__sim_0.7__teacher_rf__seed_3,condition_recombine_pseudolabel,0.25,0.7,random_forest,3,158,39,1.2468354430379747,True,0.8354437491832638,0.7583892345428467,0.85,reaction_role_concat,6144,random_forest,False,valid,mae,10.962057682336885,1,0.05,random,,
condition_recombine_pseudolabel__mult_0.25__sim_0.7__teacher_rf__seed_3,condition_recombine_pseudolabel,0.25,0.7,random_forest,3,158,39,1.2468354430379747,True,0.8354437491832638,0.7583892345428467,0.85,reaction_role_concat,6144,random_forest,False,valid,r2,0.6935309683131258,1,0.05,random,,
condition_recombine_pseudolabel__mult_0.25__sim_0.7__teacher_rf__seed_3,condition_recombine_pseudolabel,0.25,0.7,random_forest,3,158,39,1.2468354430379747,True,0.8354437491832638,0.7583892345428467,0.85,reaction_role_concat,6144,random_forest,False,valid,spearman,0.8351286941129265,1,0.05,random,,
condition_recombine_pseudolabel__mult_0.25__sim_0.7__teacher_rf__seed_4,condition_recombine_pseudolabel,0.25,0.7,random_forest,4,158,39,1.2468354430379747,True,0.8350766123869482,0.7515923380851746,0.85,reaction_role_concat,6144,random_forest,False,valid,rmse,15.294541877353037,1,0.05,random,,
condition_recombine_pseudolabel__mult_0.25__sim_0.7__teacher_rf__seed_4,condition_recombine_pseudolabel,0.25,0.7,random_forest,4,158,39,1.2468354430379747,True,0.8350766123869482,0.7515923380851746,0.85,reaction_role_concat,6144,random_forest,False,valid,mae,11.051772180847731,1,0.05,random,,
condition_recombine_pseudolabel__mult_0.25__sim_0.7__teacher_rf__seed_4,condition_recombine_pseudolabel,0.25,0.7,random_forest,4,158,39,1.2468354430379747,True,0.8350766123869482,0.7515923380851746,0.85,reaction_role_concat,6144,random_forest,False,valid,r2,0.6951782830397826,1,0.05,random,,
condition_recombine_pseudolabel__mult_0.25__sim_0.7__teacher_rf__seed_4,condition_recombine_pseudolabel,0.25,0.7,random_forest,4,158,39,1.2468354430379747,True,0.8350766123869482,0.7515923380851746,0.85,reaction_role_concat,6144,random_forest,False,valid,spearman,0.835564307802619,1,0.05,random,,
condition_recombine_pseudolabel__mult_0.25__sim_0.8__teacher_ridge__seed_0,condition_recombine_pseudolabel,0.25,0.8,ridge,0,158,34,1.2151898734177216,True,0.839254580525791,0.8014184236526489,0.85,reaction_role_concat,6144,random_forest,False,valid,rmse,15.99874285336659,1,0.05,random,,
condition_recombine_pseudolabel__mult_0.25__sim_0.8__teacher_ridge__seed_0,condition_recombine_pseudolabel,0.25,0.8,ridge,0,158,34,1.2151898734177216,True,0.839254580525791,0.8014184236526489,0.85,reaction_role_concat,6144,random_forest,False,valid,mae,11.840842514783521,1,0.05,random,,
condition_recombine_pseudolabel__mult_0.25__sim_0.8__teacher_ridge__seed_0,condition_recombine_pseudolabel,0.25,0.8,ridge,0,158,34,1.2151898734177216,True,0.839254580525791,0.8014184236526489,0.85,reaction_role_concat,6144,random_forest,False,valid,r2,0.6664624953673517,1,0.05,random,,
condition_recombine_pseudolabel__mult_0.25__sim_0.8__teacher_ridge__seed_0,condition_recombine_pseudolabel,0.25,0.8,ridge,0,158,34,1.2151898734177216,True,0.839254580525791,0.8014184236526489,0.85,reaction_role_concat,6144,random_forest,False,valid,spearman,0.8238504473244029,1,0.05,random,,
condition_recombine_pseudolabel__mult_0.25__sim_0.8__teacher_ridge__seed_1,condition_recombine_pseudolabel,0.25,0.8,ridge,1,158,36,1.2278481012658229,True,0.8386200497547788,0.8092105388641357,0.85,reaction_role_concat,6144,random_forest,False,valid,rmse,15.23265399831838,1,0.05,random,,
condition_recombine_pseudolabel__mult_0.25__sim_0.8__teacher_ridge__seed_1,condition_recombine_pseudolabel,0.25,0.8,ridge,1,158,36,1.2278481012658229,True,0.8386200497547788,0.8092105388641357,0.85,reaction_role_concat,6144,random_forest,False,valid,mae,11.07963368557903,1,0.05,random,,
condition_recombine_pseudolabel__mult_0.25__sim_0.8__teacher_ridge__seed_1,condition_recombine_pseudolabel,0.25,0.8,ridge,1,158,36,1.2278481012658229,True,0.8386200497547788,0.8092105388641357,0.85,reaction_role_concat,6144,random_forest,False,valid,r2,0.6976401550550383,1,0.05,random,,
condition_recombine_pseudolabel__mult_0.25__sim_0.8__teacher_ridge__seed_1,condition_recombine_pseudolabel,0.25,0.8,ridge,1,158,36,1.2278481012658229,True,0.8386200497547788,0.8092105388641357,0.85,reaction_role_concat,6144,random_forest,False,valid,spearman,0.8369537148996047,1,0.05,random,,
condition_recombine_pseudolabel__mult_0.25__sim_0.8__teacher_ridge__seed_2,condition_recombine_pseudolabel,0.25,0.8,ridge,2,158,34,1.2151898734177216,True,0.8400877952575684,0.803680956363678,0.85,reaction_role_concat,6144,random_forest,False,valid,rmse,15.521996412215572,1,0.05,random,,
condition_recombine_pseudolabel__mult_0.25__sim_0.8__teacher_ridge__seed_2,condition_recombine_pseudolabel,0.25,0.8,ridge,2,158,34,1.2151898734177216,True,0.8400877952575684,0.803680956363678,0.85,reaction_role_concat,6144,random_forest,False,valid,mae,11.254153488918199,1,0.05,random,,
condition_recombine_pseudolabel__mult_0.25__sim_0.8__teacher_ridge__seed_2,condition_recombine_pseudolabel,0.25,0.8,ridge,2,158,34,1.2151898734177216,True,0.8400877952575684,0.803680956363678,0.85,reaction_role_concat,6144,random_forest,False,valid,r2,0.6860444848718769,1,0.05,random,,
condition_recombine_pseudolabel__mult_0.25__sim_0.8__teacher_ridge__seed_2,condition_recombine_pseudolabel,0.25,0.8,ridge,2,158,34,1.2151898734177216,True,0.8400877952575684,0.803680956363678,0.85,reaction_role_concat,6144,random_forest,False,valid,spearman,0.833044680833047,1,0.05,random,,
condition_recombine_pseudolabel__mult_0.25__sim_0.8__teacher_ridge__seed_3,condition_recombine_pseudolabel,0.25,0.8,ridge,3,158,35,1.2215189873417722,True,0.8421102118492128,0.8012820482254028,0.85,reaction_role_concat,6144,random_forest,False,valid,rmse,15.017251303578824,1,0.05,random,,
condition_recombine_pseudolabel__mult_0.25__sim_0.8__teacher_ridge__seed_3,condition_recombine_pseudolabel,0.25,0.8,ridge,3,158,35,1.2215189873417722,True,0.8421102118492128,0.8012820482254028,0.85,reaction_role_concat,6144,random_forest,False,valid,mae,11.079394395319722,1,0.05,random,,
condition_recombine_pseudolabel__mult_0.25__sim_0.8__teacher_ridge__seed_3,condition_recombine_pseudolabel,0.25,0.8,ridge,3,158,35,1.2215189873417722,True,0.8421102118492128,0.8012820482254028,0.85,reaction_role_concat,6144,random_forest,False,valid,r2,0.706130945268144,1,0.05,random,,
condition_recombine_pseudolabel__mult_0.25__sim_0.8__teacher_ridge__seed_3,condition_recombine_pseudolabel,0.25,0.8,ridge,3,158,35,1.2215189873417722,True,0.8421102118492128,0.8012820482254028,0.85,reaction_role_concat,6144,random_forest,False,valid,spearman,0.843842331025164,1,0.05,random,,
condition_recombine_pseudolabel__mult_0.25__sim_0.8__teacher_ridge__seed_4,condition_recombine_pseudolabel,0.25,0.8,ridge,4,158,35,1.2215189873417722,True,0.8419253492355349,0.8024691343307495,0.85,reaction_role_concat,6144,random_forest,False,valid,rmse,15.21854571023598,1,0.05,random,,
condition_recombine_pseudolabel__mult_0.25__sim_0.8__teacher_ridge__seed_4,condition_recombine_pseudolabel,0.25,0.8,ridge,4,158,35,1.2215189873417722,True,0.8419253492355349,0.8024691343307495,0.85,reaction_role_concat,6144,random_forest,False,valid,mae,11.187634912318067,1,0.05,random,,
condition_recombine_pseudolabel__mult_0.25__sim_0.8__teacher_ridge__seed_4,condition_recombine_pseudolabel,0.25,0.8,ridge,4,158,35,1.2215189873417722,True,0.8419253492355349,0.8024691343307495,0.85,reaction_role_concat,6144,random_forest,False,valid,r2,0.6981999792777025,1,0.05,random,,
condition_recombine_pseudolabel__mult_0.25__sim_0.8__teacher_ridge__seed_4,condition_recombine_pseudolabel,0.25,0.8,ridge,4,158,35,1.2215189873417722,True,0.8419253492355349,0.8024691343307495,0.85,reaction_role_concat,6144,random_forest,False,valid,spearman,0.8429177472975554,1,0.05,random,,
condition_recombine_pseudolabel__mult_0.25__sim_0.8__teacher_rf__seed_0,condition_recombine_pseudolabel,0.25,0.8,random_forest,0,158,34,1.2151898734177216,True,0.839254580525791,0.8014184236526489,0.85,reaction_role_concat,6144,random_forest,False,valid,rmse,15.8430823850913,1,0.05,random,,
condition_recombine_pseudolabel__mult_0.25__sim_0.8__teacher_rf__seed_0,condition_recombine_pseudolabel,0.25,0.8,random_forest,0,158,34,1.2151898734177216,True,0.839254580525791,0.8014184236526489,0.85,reaction_role_concat,6144,random_forest,False,valid,mae,11.310193593877027,1,0.05,random,,
condition_recombine_pseudolabel__mult_0.25__sim_0.8__teacher_rf__seed_0,condition_recombine_pseudolabel,0.25,0.8,random_forest,0,158,34,1.2151898734177216,True,0.839254580525791,0.8014184236526489,0.85,reaction_role_concat,6144,random_forest,False,valid,r2,0.6729212568421937,1,0.05,random,,
condition_recombine_pseudolabel__mult_0.25__sim_0.8__teacher_rf__seed_0,condition_recombine_pseudolabel,0.25,0.8,random_forest,0,158,34,1.2151898734177216,True,0.839254580525791,0.8014184236526489,0.85,reaction_role_concat,6144,random_forest,False,valid,spearman,0.8245532322176083,1,0.05,random,,
condition_recombine_pseudolabel__mult_0.25__sim_0.8__teacher_rf__seed_1,condition_recombine_pseudolabel,0.25,0.8,random_forest,1,158,36,1.2278481012658229,True,0.8386200497547788,0.8092105388641357,0.85,reaction_role_concat,6144,random_forest,False,valid,rmse,15.644740406176194,1,0.05,random,,
condition_recombine_pseudolabel__mult_0.25__sim_0.8__teacher_rf__seed_1,condition_recombine_pseudolabel,0.25,0.8,random_forest,1,158,36,1.2278481012658229,True,0.8386200497547788,0.8092105388641357,0.85,reaction_role_concat,6144,random_forest,False,valid,mae,11.197494156197655,1,0.05,random,,
condition_recombine_pseudolabel__mult_0.25__sim_0.8__teacher_rf__seed_1,condition_recombine_pseudolabel,0.25,0.8,random_forest,1,158,36,1.2278481012658229,True,0.8386200497547788,0.8092105388641357,0.85,reaction_role_concat,6144,random_forest,False,valid,r2,0.6810594919792319,1,0.05,random,,
condition_recombine_pseudolabel__mult_0.25__sim_0.8__teacher_rf__seed_1,condition_recombine_pseudolabel,0.25,0.8,random_forest,1,158,36,1.2278481012658229,True,0.8386200497547788,0.8092105388641357,0.85,reaction_role_concat,6144,random_forest,False,valid,spearman,0.8280613147476988,1,0.05,random,,
condition_recombine_pseudolabel__mult_0.25__sim_0.8__teacher_rf__seed_2,condition_recombine_pseudolabel,0.25,0.8,random_forest,2,158,34,1.2151898734177216,True,0.8400877952575684,0.803680956363678,0.85,reaction_role_concat,6144,random_forest,False,valid,rmse,15.349000875030635,1,0.05,random,,
condition_recombine_pseudolabel__mult_0.25__sim_0.8__teacher_rf__seed_2,condition_recombine_pseudolabel,0.25,0.8,random_forest,2,158,34,1.2151898734177216,True,0.8400877952575684,0.803680956363678,0.85,reaction_role_concat,6144,random_forest,False,valid,mae,10.908345783471306,1,0.05,random,,
condition_recombine_pseudolabel__mult_0.25__sim_0.8__teacher_rf__seed_2,condition_recombine_pseudolabel,0.25,0.8,random_forest,2,158,34,1.2151898734177216,True,0.8400877952575684,0.803680956363678,0.85,reaction_role_concat,6144,random_forest,False,valid,r2,0.693003672060723,1,0.05,random,,
condition_recombine_pseudolabel__mult_0.25__sim_0.8__teacher_rf__seed_2,condition_recombine_pseudolabel,0.25,0.8,random_forest,2,158,34,1.2151898734177216,True,0.8400877952575684,0.803680956363678,0.85,reaction_role_concat,6144,random_forest,False,valid,spearman,0.8364779865831455,1,0.05,random,,
condition_recombine_pseudolabel__mult_0.25__sim_0.8__teacher_rf__seed_3,condition_recombine_pseudolabel,0.25,0.8,random_forest,3,158,35,1.2215189873417722,True,0.8421102118492128,0.8012820482254028,0.85,reaction_role_concat,6144,random_forest,False,valid,rmse,15.207741412395016,1,0.05,random,,
condition_recombine_pseudolabel__mult_0.25__sim_0.8__teacher_rf__seed_3,condition_recombine_pseudolabel,0.25,0.8,random_forest,3,158,35,1.2215189873417722,True,0.8421102118492128,0.8012820482254028,0.85,reaction_role_concat,6144,random_forest,False,valid,mae,10.938655516515803,1,0.05,random,,
condition_recombine_pseudolabel__mult_0.25__sim_0.8__teacher_rf__seed_3,condition_recombine_pseudolabel,0.25,0.8,random_forest,3,158,35,1.2215189873417722,True,0.8421102118492128,0.8012820482254028,0.85,reaction_role_concat,6144,random_forest,False,valid,r2,0.6986283487035033,1,0.05,random,,
condition_recombine_pseudolabel__mult_0.25__sim_0.8__teacher_rf__seed_3,condition_recombine_pseudolabel,0.25,0.8,random_forest,3,158,35,1.2215189873417722,True,0.8421102118492128,0.8012820482254028,0.85,reaction_role_concat,6144,random_forest,False,valid,spearman,0.8385565473894838,1,0.05,random,,
condition_recombine_pseudolabel__mult_0.25__sim_0.8__teacher_rf__seed_4,condition_recombine_pseudolabel,0.25,0.8,random_forest,4,158,35,1.2215189873417722,True,0.8419253492355349,0.8024691343307495,0.85,reaction_role_concat,6144,random_forest,False,valid,rmse,15.211879744842328,1,0.05,random,,
condition_recombine_pseudolabel__mult_0.25__sim_0.8__teacher_rf__seed_4,condition_recombine_pseudolabel,0.25,0.8,random_forest,4,158,35,1.2215189873417722,True,0.8419253492355349,0.8024691343307495,0.85,reaction_role_concat,6144,random_forest,False,valid,mae,11.024524278231814,1,0.05,random,,
condition_recombine_pseudolabel__mult_0.25__sim_0.8__teacher_rf__seed_4,condition_recombine_pseudolabel,0.25,0.8,random_forest,4,158,35,1.2215189873417722,True,0.8419253492355349,0.8024691343307495,0.85,reaction_role_concat,6144,random_forest,False,valid,r2,0.6984643078061354,1,0.05,random,,
condition_recombine_pseudolabel__mult_0.25__sim_0.8__teacher_rf__seed_4,condition_recombine_pseudolabel,0.25,0.8,random_forest,4,158,35,1.2215189873417722,True,0.8419253492355349,0.8024691343307495,0.85,reaction_role_concat,6144,random_forest,False,valid,spearman,0.8384739813615762,1,0.05,random,,
condition_recombine_pseudolabel__mult_0.25__sim_0.85__teacher_ridge__seed_0,condition_recombine_pseudolabel,0.25,0.85,ridge,0,158,18,1.1139240506329113,True,0.85,0.85,0.85,reaction_role_concat,6144,random_forest,False,valid,rmse,15.416573896550057,1,0.05,random,,
condition_recombine_pseudolabel__mult_0.25__sim_0.85__teacher_ridge__seed_0,condition_recombine_pseudolabel,0.25,0.85,ridge,0,158,18,1.1139240506329113,True,0.85,0.85,0.85,reaction_role_concat,6144,random_forest,False,valid,mae,11.33122258364098,1,0.05,random,,
condition_recombine_pseudolabel__mult_0.25__sim_0.85__teacher_ridge__seed_0,condition_recombine_pseudolabel,0.25,0.85,ridge,0,158,18,1.1139240506329113,True,0.85,0.85,0.85,reaction_role_concat,6144,random_forest,False,valid,r2,0.69029465755197,1,0.05,random,,
condition_recombine_pseudolabel__mult_0.25__sim_0.85__teacher_ridge__seed_0,condition_recombine_pseudolabel,0.25,0.85,ridge,0,158,18,1.1139240506329113,True,0.85,0.85,0.85,reaction_role_concat,6144,random_forest,False,valid,spearman,0.8360108264393938,1,0.05,random,,
condition_recombine_pseudolabel__mult_0.25__sim_0.85__teacher_ridge__seed_1,condition_recombine_pseudolabel,0.25,0.85,ridge,1,158,18,1.1139240506329113,True,0.85,0.85,0.85,reaction_role_concat,6144,random_forest,False,valid,rmse,15.166425387010788,1,0.05,random,,
condition_recombine_pseudolabel__mult_0.25__sim_0.85__teacher_ridge__seed_1,condition_recombine_pseudolabel,0.25,0.85,ridge,1,158,18,1.1139240506329113,True,0.85,0.85,0.85,reaction_role_concat,6144,random_forest,False,valid,mae,10.879778788581678,1,0.05,random,,
condition_recombine_pseudolabel__mult_0.25__sim_0.85__teacher_ridge__seed_1,condition_recombine_pseudolabel,0.25,0.85,ridge,1,158,18,1.1139240506329113,True,0.85,0.85,0.85,reaction_role_concat,6144,random_forest,False,valid,r2,0.7002636427973593,1,0.05,random,,
condition_recombine_pseudolabel__mult_0.25__sim_0.85__teacher_ridge__seed_1,condition_recombine_pseudolabel,0.25,0.85,ridge,1,158,18,1.1139240506329113,True,0.85,0.85,0.85,reaction_role_concat,6144,random_forest,False,valid,spearman,0.8393202831476309,1,0.05,random,,
condition_recombine_pseudolabel__mult_0.25__sim_0.85__teacher_ridge__seed_2,condition_recombine_pseudolabel,0.25,0.85,ridge,2,158,21,1.1329113924050633,True,0.8500000000000001,0.85,0.85,reaction_role_concat,6144,random_forest,False,valid,rmse,15.975863331688451,1,0.05,random,,
condition_recombine_pseudolabel__mult_0.25__sim_0.85__teacher_ridge__seed_2,condition_recombine_pseudolabel,0.25,0.85,ridge,2,158,21,1.1329113924050633,True,0.8500000000000001,0.85,0.85,reaction_role_concat,6144,random_forest,False,valid,mae,11.657876232795324,1,0.05,random,,
condition_recombine_pseudolabel__mult_0.25__sim_0.85__teacher_ridge__seed_2,condition_recombine_pseudolabel,0.25,0.85,ridge,2,158,21,1.1329113924050633,True,0.8500000000000001,0.85,0.85,reaction_role_concat,6144,random_forest,False,valid,r2,0.6674157855139918,1,0.05,random,,
condition_recombine_pseudolabel__mult_0.25__sim_0.85__teacher_ridge__seed_2,condition_recombine_pseudolabel,0.25,0.85,ridge,2,158,21,1.1329113924050633,True,0.8500000000000001,0.85,0.85,reaction_role_concat,6144,random_forest,False,valid,spearman,0.8201248500462629,1,0.05,random,,
condition_recombine_pseudolabel__mult_0.25__sim_0.85__teacher_ridge__seed_3,condition_recombine_pseudolabel,0.25,0.85,ridge,3,158,22,1.139240506329114,True,0.8500000000000001,0.85,0.85,reaction_role_concat,6144,random_forest,False,valid,rmse,15.592831631774894,1,0.05,random,,
condition_recombine_pseudolabel__mult_0.25__sim_0.85__teacher_ridge__seed_3,condition_recombine_pseudolabel,0.25,0.85,ridge,3,158,22,1.139240506329114,True,0.8500000000000001,0.85,0.85,reaction_role_concat,6144,random_forest,False,valid,mae,11.558824397008634,1,0.05,random,,
condition_recombine_pseudolabel__mult_0.25__sim_0.85__teacher_ridge__seed_3,condition_recombine_pseudolabel,0.25,0.85,ridge,3,158,22,1.139240506329114,True,0.8500000000000001,0.85,0.85,reaction_role_concat,6144,random_forest,False,valid,r2,0.6831724506618133,1,0.05,random,,
condition_recombine_pseudolabel__mult_0.25__sim_0.85__teacher_ridge__seed_3,condition_recombine_pseudolabel,0.25,0.85,ridge,3,158,22,1.139240506329114,True,0.8500000000000001,0.85,0.85,reaction_role_concat,6144,random_forest,False,valid,spearman,0.831696751481213,1,0.05,random,,
condition_recombine_pseudolabel__mult_0.25__sim_0.85__teacher_ridge__seed_4,condition_recombine_pseudolabel,0.25,0.85,ridge,4,158,19,1.120253164556962,True,0.85,0.85,0.85,reaction_role_concat,6144,random_forest,False,valid,rmse,15.020322738451938,1,0.05,random,,
condition_recombine_pseudolabel__mult_0.25__sim_0.85__teacher_ridge__seed_4,condition_recombine_pseudolabel,0.25,0.85,ridge,4,158,19,1.120253164556962,True,0.85,0.85,0.85,reaction_role_concat,6144,random_forest,False,valid,mae,10.876379283139977,1,0.05,random,,
condition_recombine_pseudolabel__mult_0.25__sim_0.85__teacher_ridge__seed_4,condition_recombine_pseudolabel,0.25,0.85,ridge,4,158,19,1.120253164556962,True,0.85,0.85,0.85,reaction_role_concat,6144,random_forest,False,valid,r2,0.7060107246035723,1,0.05,random,,
condition_recombine_pseudolabel__mult_0.25__sim_0.85__teacher_ridge__seed_4,condition_recombine_pseudolabel,0.25,0.85,ridge,4,158,19,1.120253164556962,True,0.85,0.85,0.85,reaction_role_concat,6144,random_forest,False,valid,spearman,0.843842525756362,1,0.05,random,,
condition_recombine_pseudolabel__mult_0.25__sim_0.85__teacher_rf__seed_0,condition_recombine_pseudolabel,0.25,0.85,random_forest,0,158,18,1.1139240506329113,True,0.85,0.85,0.85,reaction_role_concat,6144,random_forest,False,valid,rmse,15.443849825401387,1,0.05,random,,
condition_recombine_pseudolabel__mult_0.25__sim_0.85__teacher_rf__seed_0,condition_recombine_pseudolabel,0.25,0.85,random_forest,0,158,18,1.1139240506329113,True,0.85,0.85,0.85,reaction_role_concat,6144,random_forest,False,valid,mae,11.104271604398384,1,0.05,random,,
condition_recombine_pseudolabel__mult_0.25__sim_0.85__teacher_rf__seed_0,condition_recombine_pseudolabel,0.25,0.85,random_forest,0,158,18,1.1139240506329113,True,0.85,0.85,0.85,reaction_role_concat,6144,random_forest,False,valid,r2,0.6891977894857841,1,0.05,random,,
condition_recombine_pseudolabel__mult_0.25__sim_0.85__teacher_rf__seed_0,condition_recombine_pseudolabel,0.25,0.85,random_forest,0,158,18,1.1139240506329113,True,0.85,0.85,0.85,reaction_role_concat,6144,random_forest,False,valid,spearman,0.8337202033585471,1,0.05,random,,
condition_recombine_pseudolabel__mult_0.25__sim_0.85__teacher_rf__seed_1,condition_recombine_pseudolabel,0.25,0.85,random_forest,1,158,18,1.1139240506329113,True,0.85,0.85,0.85,reaction_role_concat,6144,random_forest,False,valid,rmse,15.496768564201751,1,0.05,random,,
condition_recombine_pseudolabel__mult_0.25__sim_0.85__teacher_rf__seed_1,condition_recombine_pseudolabel,0.25,0.85,random_forest,1,158,18,1.1139240506329113,True,0.85,0.85,0.85,reaction_role_concat,6144,random_forest,False,valid,mae,11.076440296278724,1,0.05,random,,
condition_recombine_pseudolabel__mult_0.25__sim_0.85__teacher_rf__seed_1,condition_recombine_pseudolabel,0.25,0.85,random_forest,1,158,18,1.1139240506329113,True,0.85,0.85,0.85,reaction_role_concat,6144,random_forest,False,valid,r2,0.6870641971938087,1,0.05,random,,
condition_recombine_pseudolabel__mult_0.25__sim_0.85__teacher_rf__seed_1,condition_recombine_pseudolabel,0.25,0.85,random_forest,1,158,18,1.1139240506329113,True,0.85,0.85,0.85,reaction_role_concat,6144,random_forest,False,valid,spearman,0.8327755623175552,1,0.05,random,,
condition_recombine_pseudolabel__mult_0.25__sim_0.85__teacher_rf__seed_2,condition_recombine_pseudolabel,0.25,0.85,random_forest,2,158,21,1.1329113924050633,True,0.8500000000000001,0.85,0.85,reaction_role_concat,6144,random_forest,False,valid,rmse,15.453462606640873,1,0.05,random,,
condition_recombine_pseudolabel__mult_0.25__sim_0.85__teacher_rf__seed_2,condition_recombine_pseudolabel,0.25,0.85,random_forest,2,158,21,1.1329113924050633,True,0.8500000000000001,0.85,0.85,reaction_role_concat,6144,random_forest,False,valid,mae,11.06566931347002,1,0.05,random,,
condition_recombine_pseudolabel__mult_0.25__sim_0.85__teacher_rf__seed_2,condition_recombine_pseudolabel,0.25,0.85,random_forest,2,158,21,1.1329113924050633,True,0.8500000000000001,0.85,0.85,reaction_role_concat,6144,random_forest,False,valid,r2,0.6888107611855312,1,0.05,random,,
condition_recombine_pseudolabel__mult_0.25__sim_0.85__teacher_rf__seed_2,condition_recombine_pseudolabel,0.25,0.85,random_forest,2,158,21,1.1329113924050633,True,0.8500000000000001,0.85,0.85,reaction_role_concat,6144,random_forest,False,valid,spearman,0.8306056725794038,1,0.05,random,,
condition_recombine_pseudolabel__mult_0.25__sim_0.85__teacher_rf__seed_3,condition_recombine_pseudolabel,0.25,0.85,random_forest,3,158,22,1.139240506329114,True,0.8500000000000001,0.85,0.85,reaction_role_concat,6144,random_forest,False,valid,rmse,15.584834603109833,1,0.05,random,,
condition_recombine_pseudolabel__mult_0.25__sim_0.85__teacher_rf__seed_3,condition_recombine_pseudolabel,0.25,0.85,random_forest,3,158,22,1.139240506329114,True,0.8500000000000001,0.85,0.85,reaction_role_concat,6144,random_forest,False,valid,mae,11.177844441536863,1,0.05,random,,
condition_recombine_pseudolabel__mult_0.25__sim_0.85__teacher_rf__seed_3,condition_recombine_pseudolabel,0.25,0.85,random_forest,3,158,22,1.139240506329114,True,0.8500000000000001,0.85,0.85,reaction_role_concat,6144,random_forest,False,valid,r2,0.6834973472983215,1,0.05,random,,
condition_recombine_pseudolabel__mult_0.25__sim_0.85__teacher_rf__seed_3,condition_recombine_pseudolabel,0.25,0.85,random_forest,3,158,22,1.139240506329114,True,0.8500000000000001,0.85,0.85,reaction_role_concat,6144,random_forest,False,valid,spearman,0.8312632798346974,1,0.05,random,,
condition_recombine_pseudolabel__mult_0.25__sim_0.85__teacher_rf__seed_4,condition_recombine_pseudolabel,0.25,0.85,random_forest,4,158,19,1.120253164556962,True,0.85,0.85,0.85,reaction_role_concat,6144,random_forest,False,valid,rmse,15.380558862676377,1,0.05,random,,
condition_recombine_pseudolabel__mult_0.25__sim_0.85__teacher_rf__seed_4,condition_recombine_pseudolabel,0.25,0.85,random_forest,4,158,19,1.120253164556962,True,0.85,0.85,0.85,reaction_role_concat,6144,random_forest,False,valid,mae,11.085576411034488,1,0.05,random,,
condition_recombine_pseudolabel__mult_0.25__sim_0.85__teacher_rf__seed_4,condition_recombine_pseudolabel,0.25,0.85,random_forest,4,158,19,1.120253164556962,True,0.85,0.85,0.85,reaction_role_concat,6144,random_forest,False,valid,r2,0.691739987733861,1,0.05,random,,
condition_recombine_pseudolabel__mult_0.25__sim_0.85__teacher_rf__seed_4,condition_recombine_pseudolabel,0.25,0.85,random_forest,4,158,19,1.120253164556962,True,0.85,0.85,0.85,reaction_role_concat,6144,random_forest,False,valid,spearman,0.8362807238796772,1,0.05,random,,
condition_recombine_pseudolabel__mult_0.25__sim_0.9__teacher_ridge__seed_0,condition_recombine_pseudolabel,0.25,0.9,ridge,0,158,10,1.0632911392405062,True,0.85,0.85,0.85,reaction_role_concat,6144,random_forest,False,valid,rmse,15.441129758385145,1,0.05,random,,
condition_recombine_pseudolabel__mult_0.25__sim_0.9__teacher_ridge__seed_0,condition_recombine_pseudolabel,0.25,0.9,ridge,0,158,10,1.0632911392405062,True,0.85,0.85,0.85,reaction_role_concat,6144,random_forest,False,valid,mae,11.38425671828925,1,0.05,random,,
condition_recombine_pseudolabel__mult_0.25__sim_0.9__teacher_ridge__seed_0,condition_recombine_pseudolabel,0.25,0.9,ridge,0,158,10,1.0632911392405062,True,0.85,0.85,0.85,reaction_role_concat,6144,random_forest,False,valid,r2,0.6893072606865722,1,0.05,random,,
condition_recombine_pseudolabel__mult_0.25__sim_0.9__teacher_ridge__seed_0,condition_recombine_pseudolabel,0.25,0.9,ridge,0,158,10,1.0632911392405062,True,0.85,0.85,0.85,reaction_role_concat,6144,random_forest,False,valid,spearman,0.835443184997528,1,0.05,random,,
condition_recombine_pseudolabel__mult_0.25__sim_0.9__teacher_ridge__seed_1,condition_recombine_pseudolabel,0.25,0.9,ridge,1,158,10,1.0632911392405062,True,0.85,0.85,0.85,reaction_role_concat,6144,random_forest,False,valid,rmse,15.128992104809823,1,0.05,random,,
condition_recombine_pseudolabel__mult_0.25__sim_0.9__teacher_ridge__seed_1,condition_recombine_pseudolabel,0.25,0.9,ridge,1,158,10,1.0632911392405062,True,0.85,0.85,0.85,reaction_role_concat,6144,random_forest,False,valid,mae,10.940215027062198,1,0.05,random,,
condition_recombine_pseudolabel__mult_0.25__sim_0.9__teacher_ridge__seed_1,condition_recombine_pseudolabel,0.25,0.9,ridge,1,158,10,1.0632911392405062,True,0.85,0.85,0.85,reaction_role_concat,6144,random_forest,False,valid,r2,0.7017414160755365,1,0.05,random,,
condition_recombine_pseudolabel__mult_0.25__sim_0.9__teacher_ridge__seed_1,condition_recombine_pseudolabel,0.25,0.9,ridge,1,158,10,1.0632911392405062,True,0.85,0.85,0.85,reaction_role_concat,6144,random_forest,False,valid,spearman,0.8401126443918683,1,0.05,random,,
condition_recombine_pseudolabel__mult_0.25__sim_0.9__teacher_ridge__seed_2,condition_recombine_pseudolabel,0.25,0.9,ridge,2,158,11,1.0696202531645569,True,0.85,0.85,0.85,reaction_role_concat,6144,random_forest,False,valid,rmse,15.936556698705843,1,0.05,random,,
condition_recombine_pseudolabel__mult_0.25__sim_0.9__teacher_ridge__seed_2,condition_recombine_pseudolabel,0.25,0.9,ridge,2,158,11,1.0696202531645569,True,0.85,0.85,0.85,reaction_role_concat,6144,random_forest,False,valid,mae,11.547592795322213,1,0.05,random,,
condition_recombine_pseudolabel__mult_0.25__sim_0.9__teacher_ridge__seed_2,condition_recombine_pseudolabel,0.25,0.9,ridge,2,158,11,1.0696202531645569,True,0.85,0.85,0.85,reaction_role_concat,6144,random_forest,False,valid,r2,0.669050336764609,1,0.05,random,,
condition_recombine_pseudolabel__mult_0.25__sim_0.9__teacher_ridge__seed_2,condition_recombine_pseudolabel,0.25,0.9,ridge,2,158,11,1.0696202531645569,True,0.85,0.85,0.85,reaction_role_concat,6144,random_forest,False,valid,spearman,0.8235873654760457,1,0.05,random,,
condition_recombine_pseudolabel__mult_0.25__sim_0.9__teacher_ridge__seed_3,condition_recombine_pseudolabel,0.25,0.9,ridge,3,158,14,1.0886075949367089,True,0.8499999999999999,0.85,0.85,reaction_role_concat,6144,random_forest,False,valid,rmse,15.535371430134127,1,0.05,random,,
condition_recombine_pseudolabel__mult_0.25__sim_0.9__teacher_ridge__seed_3,condition_recombine_pseudolabel,0.25,0.9,ridge,3,158,14,1.0886075949367089,True,0.8499999999999999,0.85,0.85,reaction_role_concat,6144,random_forest,False,valid,mae,11.399462412043464,1,0.05,random,,
condition_recombine_pseudolabel__mult_0.25__sim_0.9__teacher_ridge__seed_3,condition_recombine_pseudolabel,0.25,0.9,ridge,3,158,14,1.0886075949367089,True,0.8499999999999999,0.85,0.85,reaction_role_concat,6144,random_forest,False,valid,r2,0.6855031924119991,1,0.05,random,,
condition_recombine_pseudolabel__mult_0.25__sim_0.9__teacher_ridge__seed_3,condition_recombine_pseudolabel,0.25,0.9,ridge,3,158,14,1.0886075949367089,True,0.8499999999999999,0.85,0.85,reaction_role_concat,6144,random_forest,False,valid,spearman,0.8313016418806829,1,0.05,random,,
condition_recombine_pseudolabel__mult_0.25__sim_0.9__teacher_ridge__seed_4,condition_recombine_pseudolabel,0.25,0.9,ridge,4,158,10,1.0632911392405062,True,0.85,0.85,0.85,reaction_role_concat,6144,random_forest,False,valid,rmse,15.198864354598575,1,0.05,random,,
condition_recombine_pseudolabel__mult_0.25__sim_0.9__teacher_ridge__seed_4,condition_recombine_pseudolabel,0.25,0.9,ridge,4,158,10,1.0632911392405062,True,0.85,0.85,0.85,reaction_role_concat,6144,random_forest,False,valid,mae,11.041663401330576,1,0.05,random,,
condition_recombine_pseudolabel__mult_0.25__sim_0.9__teacher_ridge__seed_4,condition_recombine_pseudolabel,0.25,0.9,ridge,4,158,10,1.0632911392405062,True,0.85,0.85,0.85,reaction_role_concat,6144,random_forest,False,valid,r2,0.6989800791391418,1,0.05,random,,
condition_recombine_pseudolabel__mult_0.25__sim_0.9__teacher_ridge__seed_4,condition_recombine_pseudolabel,0.25,0.9,ridge,4,158,10,1.0632911392405062,True,0.85,0.85,0.85,reaction_role_concat,6144,random_forest,False,valid,spearman,0.8393278776643488,1,0.05,random,,
condition_recombine_pseudolabel__mult_0.25__sim_0.9__teacher_rf__seed_0,condition_recombine_pseudolabel,0.25,0.9,random_forest,0,158,10,1.0632911392405062,True,0.85,0.85,0.85,reaction_role_concat,6144,random_forest,False,valid,rmse,15.44613294192369,1,0.05,random,,
condition_recombine_pseudolabel__mult_0.25__sim_0.9__teacher_rf__seed_0,condition_recombine_pseudolabel,0.25,0.9,random_forest,0,158,10,1.0632911392405062,True,0.85,0.85,0.85,reaction_role_concat,6144,random_forest,False,valid,mae,11.096086506881292,1,0.05,random,,
condition_recombine_pseudolabel__mult_0.25__sim_0.9__teacher_rf__seed_0,condition_recombine_pseudolabel,0.25,0.9,random_forest,0,158,10,1.0632911392405062,True,0.85,0.85,0.85,reaction_role_concat,6144,random_forest,False,valid,r2,0.6891058888106123,1,0.05,random,,
condition_recombine_pseudolabel__mult_0.25__sim_0.9__teacher_rf__seed_0,condition_recombine_pseudolabel,0.25,0.9,random_forest,0,158,10,1.0632911392405062,True,0.85,0.85,0.85,reaction_role_concat,6144,random_forest,False,valid,spearman,0.8337614863725009,1,0.05,random,,
condition_recombine_pseudolabel__mult_0.25__sim_0.9__teacher_rf__seed_1,condition_recombine_pseudolabel,0.25,0.9,random_forest,1,158,10,1.0632911392405062,True,0.85,0.85,0.85,reaction_role_concat,6144,random_forest,False,valid,rmse,15.493729755539032,1,0.05,random,,
condition_recombine_pseudolabel__mult_0.25__sim_0.9__teacher_rf__seed_1,condition_recombine_pseudolabel,0.25,0.9,random_forest,1,158,10,1.0632911392405062,True,0.85,0.85,0.85,reaction_role_concat,6144,random_forest,False,valid,mae,11.09656821177202,1,0.05,random,,
condition_recombine_pseudolabel__mult_0.25__sim_0.9__teacher_rf__seed_1,condition_recombine_pseudolabel,0.25,0.9,random_forest,1,158,10,1.0632911392405062,True,0.85,0.85,0.85,reaction_role_concat,6144,random_forest,False,valid,r2,0.6871869142347143,1,0.05,random,,
condition_recombine_pseudolabel__mult_0.25__sim_0.9__teacher_rf__seed_1,condition_recombine_pseudolabel,0.25,0.9,random_forest,1,158,10,1.0632911392405062,True,0.85,0.85,0.85,reaction_role_concat,6144,random_forest,False,valid,spearman,0.8315588817931031,1,0.05,random,,
condition_recombine_pseudolabel__mult_0.25__sim_0.9__teacher_rf__seed_2,condition_recombine_pseudolabel,0.25,0.9,random_forest,2,158,11,1.0696202531645569,True,0.85,0.85,0.85,reaction_role_concat,6144,random_forest,False,valid,rmse,15.512434864886506,1,0.05,random,,
condition_recombine_pseudolabel__mult_0.25__sim_0.9__teacher_rf__seed_2,condition_recombine_pseudolabel,0.25,0.9,random_forest,2,158,11,1.0696202531645569,True,0.85,0.85,0.85,reaction_role_concat,6144,random_forest,False,valid,mae,11.08104861025946,1,0.05,random,,
condition_recombine_pseudolabel__mult_0.25__sim_0.9__teacher_rf__seed_2,condition_recombine_pseudolabel,0.25,0.9,random_forest,2,158,11,1.0696202531645569,True,0.85,0.85,0.85,reaction_role_concat,6144,random_forest,False,valid,r2,0.6864311588347229,1,0.05,random,,
condition_recombine_pseudolabel__mult_0.25__sim_0.9__teacher_rf__seed_2,condition_recombine_pseudolabel,0.25,0.9,random_forest,2,158,11,1.0696202531645569,True,0.85,0.85,0.85,reaction_role_concat,6144,random_forest,False,valid,spearman,0.8331087473971547,1,0.05,random,,
condition_recombine_pseudolabel__mult_0.25__sim_0.9__teacher_rf__seed_3,condition_recombine_pseudolabel,0.25,0.9,random_forest,3,158,14,1.0886075949367089,True,0.8499999999999999,0.85,0.85,reaction_role_concat,6144,random_forest,False,valid,rmse,15.393755852192031,1,0.05,random,,
condition_recombine_pseudolabel__mult_0.25__sim_0.9__teacher_rf__seed_3,condition_recombine_pseudolabel,0.25,0.9,random_forest,3,158,14,1.0886075949367089,True,0.8499999999999999,0.85,0.85,reaction_role_concat,6144,random_forest,False,valid,mae,11.126350761106497,1,0.05,random,,
condition_recombine_pseudolabel__mult_0.25__sim_0.9__teacher_rf__seed_3,condition_recombine_pseudolabel,0.25,0.9,random_forest,3,158,14,1.0886075949367089,True,0.8499999999999999,0.85,0.85,reaction_role_concat,6144,random_forest,False,valid,r2,0.6912107677666093,1,0.05,random,,
condition_recombine_pseudolabel__mult_0.25__sim_0.9__teacher_rf__seed_3,condition_recombine_pseudolabel,0.25,0.9,random_forest,3,158,14,1.0886075949367089,True,0.8499999999999999,0.85,0.85,reaction_role_concat,6144,random_forest,False,valid,spearman,0.8346453712797495,1,0.05,random,,
condition_recombine_pseudolabel__mult_0.25__sim_0.9__teacher_rf__seed_4,condition_recombine_pseudolabel,0.25,0.9,random_forest,4,158,10,1.0632911392405062,True,0.85,0.85,0.85,reaction_role_concat,6144,random_forest,False,valid,rmse,15.551339562169982,1,0.05,random,,
condition_recombine_pseudolabel__mult_0.25__sim_0.9__teacher_rf__seed_4,condition_recombine_pseudolabel,0.25,0.9,random_forest,4,158,10,1.0632911392405062,True,0.85,0.85,0.85,reaction_role_concat,6144,random_forest,False,valid,mae,11.21751831388247,1,0.05,random,,
condition_recombine_pseudolabel__mult_0.25__sim_0.9__teacher_rf__seed_4,condition_recombine_pseudolabel,0.25,0.9,random_forest,4,158,10,1.0632911392405062,True,0.85,0.85,0.85,reaction_role_concat,6144,random_forest,False,valid,r2,0.684856344992758,1,0.05,random,,
condition_recombine_pseudolabel__mult_0.25__sim_0.9__teacher_rf__seed_4,condition_recombine_pseudolabel,0.25,0.9,random_forest,4,158,10,1.0632911392405062,True,0.85,0.85,0.85,reaction_role_concat,6144,random_forest,False,valid,spearman,0.831919329240408,1,0.05,random,,
condition_recombine_pseudolabel__mult_0.25__sim_0.95__teacher_ridge__seed_0,condition_recombine_pseudolabel,0.25,0.95,ridge,0,158,0,1.0,True,,,,reaction_role_concat,6144,random_forest,False,valid,rmse,15.347443997609096,1,0.05,random,,
condition_recombine_pseudolabel__mult_0.25__sim_0.95__teacher_ridge__seed_0,condition_recombine_pseudolabel,0.25,0.95,ridge,0,158,0,1.0,True,,,,reaction_role_concat,6144,random_forest,False,valid,mae,11.017895912626877,1,0.05,random,,
condition_recombine_pseudolabel__mult_0.25__sim_0.95__teacher_ridge__seed_0,condition_recombine_pseudolabel,0.25,0.95,ridge,0,158,0,1.0,True,,,,reaction_role_concat,6144,random_forest,False,valid,r2,0.6930659473078735,1,0.05,random,,
condition_recombine_pseudolabel__mult_0.25__sim_0.95__teacher_ridge__seed_0,condition_recombine_pseudolabel,0.25,0.95,ridge,0,158,0,1.0,True,,,,reaction_role_concat,6144,random_forest,False,valid,spearman,0.8373159149276908,1,0.05,random,,
condition_recombine_pseudolabel__mult_0.25__sim_0.95__teacher_ridge__seed_1,condition_recombine_pseudolabel,0.25,0.95,ridge,1,158,0,1.0,True,,,,reaction_role_concat,6144,random_forest,False,valid,rmse,15.347443997609096,1,0.05,random,,
condition_recombine_pseudolabel__mult_0.25__sim_0.95__teacher_ridge__seed_1,condition_recombine_pseudolabel,0.25,0.95,ridge,1,158,0,1.0,True,,,,reaction_role_concat,6144,random_forest,False,valid,mae,11.017895912626877,1,0.05,random,,
condition_recombine_pseudolabel__mult_0.25__sim_0.95__teacher_ridge__seed_1,condition_recombine_pseudolabel,0.25,0.95,ridge,1,158,0,1.0,True,,,,reaction_role_concat,6144,random_forest,False,valid,r2,0.6930659473078735,1,0.05,random,,
condition_recombine_pseudolabel__mult_0.25__sim_0.95__teacher_ridge__seed_1,condition_recombine_pseudolabel,0.25,0.95,ridge,1,158,0,1.0,True,,,,reaction_role_concat,6144,random_forest,False,valid,spearman,0.8373159149276908,1,0.05,random,,
condition_recombine_pseudolabel__mult_0.25__sim_0.95__teacher_ridge__seed_2,condition_recombine_pseudolabel,0.25,0.95,ridge,2,158,0,1.0,True,,,,reaction_role_concat,6144,random_forest,False,valid,rmse,15.347443997609096,1,0.05,random,,
condition_recombine_pseudolabel__mult_0.25__sim_0.95__teacher_ridge__seed_2,condition_recombine_pseudolabel,0.25,0.95,ridge,2,158,0,1.0,True,,,,reaction_role_concat,6144,random_forest,False,valid,mae,11.017895912626877,1,0.05,random,,
condition_recombine_pseudolabel__mult_0.25__sim_0.95__teacher_ridge__seed_2,condition_recombine_pseudolabel,0.25,0.95,ridge,2,158,0,1.0,True,,,,reaction_role_concat,6144,random_forest,False,valid,r2,0.6930659473078735,1,0.05,random,,
condition_recombine_pseudolabel__mult_0.25__sim_0.95__teacher_ridge__seed_2,condition_recombine_pseudolabel,0.25,0.95,ridge,2,158,0,1.0,True,,,,reaction_role_concat,6144,random_forest,False,valid,spearman,0.8373159149276908,1,0.05,random,,
condition_recombine_pseudolabel__mult_0.25__sim_0.95__teacher_ridge__seed_3,condition_recombine_pseudolabel,0.25,0.95,ridge,3,158,0,1.0,True,,,,reaction_role_concat,6144,random_forest,False,valid,rmse,15.347443997609096,1,0.05,random,,
condition_recombine_pseudolabel__mult_0.25__sim_0.95__teacher_ridge__seed_3,condition_recombine_pseudolabel,0.25,0.95,ridge,3,158,0,1.0,True,,,,reaction_role_concat,6144,random_forest,False,valid,mae,11.017895912626877,1,0.05,random,,
condition_recombine_pseudolabel__mult_0.25__sim_0.95__teacher_ridge__seed_3,condition_recombine_pseudolabel,0.25,0.95,ridge,3,158,0,1.0,True,,,,reaction_role_concat,6144,random_forest,False,valid,r2,0.6930659473078735,1,0.05,random,,
condition_recombine_pseudolabel__mult_0.25__sim_0.95__teacher_ridge__seed_3,condition_recombine_pseudolabel,0.25,0.95,ridge,3,158,0,1.0,True,,,,reaction_role_concat,6144,random_forest,False,valid,spearman,0.8373159149276908,1,0.05,random,,
condition_recombine_pseudolabel__mult_0.25__sim_0.95__teacher_ridge__seed_4,condition_recombine_pseudolabel,0.25,0.95,ridge,4,158,0,1.0,True,,,,reaction_role_concat,6144,random_forest,False,valid,rmse,15.347443997609096,1,0.05,random,,
condition_recombine_pseudolabel__mult_0.25__sim_0.95__teacher_ridge__seed_4,condition_recombine_pseudolabel,0.25,0.95,ridge,4,158,0,1.0,True,,,,reaction_role_concat,6144,random_forest,False,valid,mae,11.017895912626877,1,0.05,random,,
condition_recombine_pseudolabel__mult_0.25__sim_0.95__teacher_ridge__seed_4,condition_recombine_pseudolabel,0.25,0.95,ridge,4,158,0,1.0,True,,,,reaction_role_concat,6144,random_forest,False,valid,r2,0.6930659473078735,1,0.05,random,,
condition_recombine_pseudolabel__mult_0.25__sim_0.95__teacher_ridge__seed_4,condition_recombine_pseudolabel,0.25,0.95,ridge,4,158,0,1.0,True,,,,reaction_role_concat,6144,random_forest,False,valid,spearman,0.8373159149276908,1,0.05,random,,
condition_recombine_pseudolabel__mult_0.25__sim_0.95__teacher_rf__seed_0,condition_recombine_pseudolabel,0.25,0.95,random_forest,0,158,0,1.0,True,,,,reaction_role_concat,6144,random_forest,False,valid,rmse,15.347443997609096,1,0.05,random,,
condition_recombine_pseudolabel__mult_0.25__sim_0.95__teacher_rf__seed_0,condition_recombine_pseudolabel,0.25,0.95,random_forest,0,158,0,1.0,True,,,,reaction_role_concat,6144,random_forest,False,valid,mae,11.017895912626877,1,0.05,random,,
condition_recombine_pseudolabel__mult_0.25__sim_0.95__teacher_rf__seed_0,condition_recombine_pseudolabel,0.25,0.95,random_forest,0,158,0,1.0,True,,,,reaction_role_concat,6144,random_forest,False,valid,r2,0.6930659473078735,1,0.05,random,,
condition_recombine_pseudolabel__mult_0.25__sim_0.95__teacher_rf__seed_0,condition_recombine_pseudolabel,0.25,0.95,random_forest,0,158,0,1.0,True,,,,reaction_role_concat,6144,random_forest,False,valid,spearman,0.8373159149276908,1,0.05,random,,
condition_recombine_pseudolabel__mult_0.25__sim_0.95__teacher_rf__seed_1,condition_recombine_pseudolabel,0.25,0.95,random_forest,1,158,0,1.0,True,,,,reaction_role_concat,6144,random_forest,False,valid,rmse,15.347443997609096,1,0.05,random,,
condition_recombine_pseudolabel__mult_0.25__sim_0.95__teacher_rf__seed_1,condition_recombine_pseudolabel,0.25,0.95,random_forest,1,158,0,1.0,True,,,,reaction_role_concat,6144,random_forest,False,valid,mae,11.017895912626877,1,0.05,random,,
condition_recombine_pseudolabel__mult_0.25__sim_0.95__teacher_rf__seed_1,condition_recombine_pseudolabel,0.25,0.95,random_forest,1,158,0,1.0,True,,,,reaction_role_concat,6144,random_forest,False,valid,r2,0.6930659473078735,1,0.05,random,,
condition_recombine_pseudolabel__mult_0.25__sim_0.95__teacher_rf__seed_1,condition_recombine_pseudolabel,0.25,0.95,random_forest,1,158,0,1.0,True,,,,reaction_role_concat,6144,random_forest,False,valid,spearman,0.8373159149276908,1,0.05,random,,
condition_recombine_pseudolabel__mult_0.25__sim_0.95__teacher_rf__seed_2,condition_recombine_pseudolabel,0.25,0.95,random_forest,2,158,0,1.0,True,,,,reaction_role_concat,6144,random_forest,False,valid,rmse,15.347443997609096,1,0.05,random,,
condition_recombine_pseudolabel__mult_0.25__sim_0.95__teacher_rf__seed_2,condition_recombine_pseudolabel,0.25,0.95,random_forest,2,158,0,1.0,True,,,,reaction_role_concat,6144,random_forest,False,valid,mae,11.017895912626877,1,0.05,random,,
condition_recombine_pseudolabel__mult_0.25__sim_0.95__teacher_rf__seed_2,condition_recombine_pseudolabel,0.25,0.95,random_forest,2,158,0,1.0,True,,,,reaction_role_concat,6144,random_forest,False,valid,r2,0.6930659473078735,1,0.05,random,,
condition_recombine_pseudolabel__mult_0.25__sim_0.95__teacher_rf__seed_2,condition_recombine_pseudolabel,0.25,0.95,random_forest,2,158,0,1.0,True,,,,reaction_role_concat,6144,random_forest,False,valid,spearman,0.8373159149276908,1,0.05,random,,
condition_recombine_pseudolabel__mult_0.25__sim_0.95__teacher_rf__seed_3,condition_recombine_pseudolabel,0.25,0.95,random_forest,3,158,0,1.0,True,,,,reaction_role_concat,6144,random_forest,False,valid,rmse,15.347443997609096,1,0.05,random,,
condition_recombine_pseudolabel__mult_0.25__sim_0.95__teacher_rf__seed_3,condition_recombine_pseudolabel,0.25,0.95,random_forest,3,158,0,1.0,True,,,,reaction_role_concat,6144,random_forest,False,valid,mae,11.017895912626877,1,0.05,random,,
condition_recombine_pseudolabel__mult_0.25__sim_0.95__teacher_rf__seed_3,condition_recombine_pseudolabel,0.25,0.95,random_forest,3,158,0,1.0,True,,,,reaction_role_concat,6144,random_forest,False,valid,r2,0.6930659473078735,1,0.05,random,,
condition_recombine_pseudolabel__mult_0.25__sim_0.95__teacher_rf__seed_3,condition_recombine_pseudolabel,0.25,0.95,random_forest,3,158,0,1.0,True,,,,reaction_role_concat,6144,random_forest,False,valid,spearman,0.8373159149276908,1,0.05,random,,
condition_recombine_pseudolabel__mult_0.25__sim_0.95__teacher_rf__seed_4,condition_recombine_pseudolabel,0.25,0.95,random_forest,4,158,0,1.0,True,,,,reaction_role_concat,6144,random_forest,False,valid,rmse,15.347443997609096,1,0.05,random,,
condition_recombine_pseudolabel__mult_0.25__sim_0.95__teacher_rf__seed_4,condition_recombine_pseudolabel,0.25,0.95,random_forest,4,158,0,1.0,True,,,,reaction_role_concat,6144,random_forest,False,valid,mae,11.017895912626877,1,0.05,random,,
condition_recombine_pseudolabel__mult_0.25__sim_0.95__teacher_rf__seed_4,condition_recombine_pseudolabel,0.25,0.95,random_forest,4,158,0,1.0,True,,,,reaction_role_concat,6144,random_forest,False,valid,r2,0.6930659473078735,1,0.05,random,,
condition_recombine_pseudolabel__mult_0.25__sim_0.95__teacher_rf__seed_4,condition_recombine_pseudolabel,0.25,0.95,random_forest,4,158,0,1.0,True,,,,reaction_role_concat,6144,random_forest,False,valid,spearman,0.8373159149276908,1,0.05,random,,
condition_recombine_pseudolabel__mult_0.5__sim_0.7__teacher_ridge__seed_0,condition_recombine_pseudolabel,0.5,0.7,ridge,0,158,79,1.5,True,0.8286479604395129,0.7583892345428467,0.85,reaction_role_concat,6144,random_forest,False,valid,rmse,15.542375364384537,1,0.05,random,,
condition_recombine_pseudolabel__mult_0.5__sim_0.7__teacher_ridge__seed_0,condition_recombine_pseudolabel,0.5,0.7,ridge,0,158,79,1.5,True,0.8286479604395129,0.7583892345428467,0.85,reaction_role_concat,6144,random_forest,False,valid,mae,11.636020939995971,1,0.05,random,,
condition_recombine_pseudolabel__mult_0.5__sim_0.7__teacher_ridge__seed_0,condition_recombine_pseudolabel,0.5,0.7,ridge,0,158,79,1.5,True,0.8286479604395129,0.7583892345428467,0.85,reaction_role_concat,6144,random_forest,False,valid,r2,0.6852195543276554,1,0.05,random,,
condition_recombine_pseudolabel__mult_0.5__sim_0.7__teacher_ridge__seed_0,condition_recombine_pseudolabel,0.5,0.7,ridge,0,158,79,1.5,True,0.8286479604395129,0.7583892345428467,0.85,reaction_role_concat,6144,random_forest,False,valid,spearman,0.8349623936699235,1,0.05,random,,
condition_recombine_pseudolabel__mult_0.5__sim_0.7__teacher_ridge__seed_1,condition_recombine_pseudolabel,0.5,0.7,ridge,1,158,79,1.5,True,0.8340592328506179,0.7602739930152893,0.85,reaction_role_concat,6144,random_forest,False,valid,rmse,15.461001062799472,1,0.05,random,,
condition_recombine_pseudolabel__mult_0.5__sim_0.7__teacher_ridge__seed_1,condition_recombine_pseudolabel,0.5,0.7,ridge,1,158,79,1.5,True,0.8340592328506179,0.7602739930152893,0.85,reaction_role_concat,6144,random_forest,False,valid,mae,11.241286409840555,1,0.05,random,,
condition_recombine_pseudolabel__mult_0.5__sim_0.7__teacher_ridge__seed_1,condition_recombine_pseudolabel,0.5,0.7,ridge,1,158,79,1.5,True,0.8340592328506179,0.7602739930152893,0.85,reaction_role_concat,6144,random_forest,False,valid,r2,0.6885070805574709,1,0.05,random,,
condition_recombine_pseudolabel__mult_0.5__sim_0.7__teacher_ridge__seed_1,condition_recombine_pseudolabel,0.5,0.7,ridge,1,158,79,1.5,True,0.8340592328506179,0.7602739930152893,0.85,reaction_role_concat,6144,random_forest,False,valid,spearman,0.8263161337521578,1,0.05,random,,
condition_recombine_pseudolabel__mult_0.5__sim_0.7__teacher_ridge__seed_2,condition_recombine_pseudolabel,0.5,0.7,ridge,2,158,79,1.5,True,0.8335342387609843,0.7724137902259827,0.85,reaction_role_concat,6144,random_forest,False,valid,rmse,16.010002092544806,1,0.05,random,,
condition_recombine_pseudolabel__mult_0.5__sim_0.7__teacher_ridge__seed_2,condition_recombine_pseudolabel,0.5,0.7,ridge,2,158,79,1.5,True,0.8335342387609843,0.7724137902259827,0.85,reaction_role_concat,6144,random_forest,False,valid,mae,11.758542416995086,1,0.05,random,,
condition_recombine_pseudolabel__mult_0.5__sim_0.7__teacher_ridge__seed_2,condition_recombine_pseudolabel,0.5,0.7,ridge,2,158,79,1.5,True,0.8335342387609843,0.7724137902259827,0.85,reaction_role_concat,6144,random_forest,False,valid,r2,0.66599287097094,1,0.05,random,,
condition_recombine_pseudolabel__mult_0.5__sim_0.7__teacher_ridge__seed_2,condition_recombine_pseudolabel,0.5,0.7,ridge,2,158,79,1.5,True,0.8335342387609843,0.7724137902259827,0.85,reaction_role_concat,6144,random_forest,False,valid,spearman,0.8220038113747583,1,0.05,random,,
condition_recombine_pseudolabel__mult_0.5__sim_0.7__teacher_ridge__seed_3,condition_recombine_pseudolabel,0.5,0.7,ridge,3,158,79,1.5,True,0.8352579249611383,0.7583892345428467,0.85,reaction_role_concat,6144,random_forest,False,valid,rmse,14.776420936308238,1,0.05,random,,
condition_recombine_pseudolabel__mult_0.5__sim_0.7__teacher_ridge__seed_3,condition_recombine_pseudolabel,0.5,0.7,ridge,3,158,79,1.5,True,0.8352579249611383,0.7583892345428467,0.85,reaction_role_concat,6144,random_forest,False,valid,mae,10.977665089551406,1,0.05,random,,
condition_recombine_pseudolabel__mult_0.5__sim_0.7__teacher_ridge__seed_3,condition_recombine_pseudolabel,0.5,0.7,ridge,3,158,79,1.5,True,0.8352579249611383,0.7583892345428467,0.85,reaction_role_concat,6144,random_forest,False,valid,r2,0.7154808727579991,1,0.05,random,,
condition_recombine_pseudolabel__mult_0.5__sim_0.7__teacher_ridge__seed_3,condition_recombine_pseudolabel,0.5,0.7,ridge,3,158,79,1.5,True,0.8352579249611383,0.7583892345428467,0.85,reaction_role_concat,6144,random_forest,False,valid,spearman,0.8461276963636676,1,0.05,random,,
condition_recombine_pseudolabel__mult_0.5__sim_0.7__teacher_ridge__seed_4,condition_recombine_pseudolabel,0.5,0.7,ridge,4,158,79,1.5,True,0.8358248099496092,0.7515923380851746,0.85,reaction_role_concat,6144,random_forest,False,valid,rmse,14.80882638399688,1,0.05,random,,
condition_recombine_pseudolabel__mult_0.5__sim_0.7__teacher_ridge__seed_4,condition_recombine_pseudolabel,0.5,0.7,ridge,4,158,79,1.5,True,0.8358248099496092,0.7515923380851746,0.85,reaction_role_concat,6144,random_forest,False,valid,mae,10.802028528731833,1,0.05,random,,
condition_recombine_pseudolabel__mult_0.5__sim_0.7__teacher_ridge__seed_4,condition_recombine_pseudolabel,0.5,0.7,ridge,4,158,79,1.5,True,0.8358248099496092,0.7515923380851746,0.85,reaction_role_concat,6144,random_forest,False,valid,r2,0.7142315743430646,1,0.05,random,,
condition_recombine_pseudolabel__mult_0.5__sim_0.7__teacher_ridge__seed_4,condition_recombine_pseudolabel,0.5,0.7,ridge,4,158,79,1.5,True,0.8358248099496092,0.7515923380851746,0.85,reaction_role_concat,6144,random_forest,False,valid,spearman,0.8451487826318461,1,0.05,random,,
condition_recombine_pseudolabel__mult_0.5__sim_0.7__teacher_rf__seed_0,condition_recombine_pseudolabel,0.5,0.7,random_forest,0,158,79,1.5,True,0.8286479604395129,0.7583892345428467,0.85,reaction_role_concat,6144,random_forest,False,valid,rmse,15.532953116133175,1,0.05,random,,
condition_recombine_pseudolabel__mult_0.5__sim_0.7__teacher_rf__seed_0,condition_recombine_pseudolabel,0.5,0.7,random_forest,0,158,79,1.5,True,0.8286479604395129,0.7583892345428467,0.85,reaction_role_concat,6144,random_forest,False,valid,mae,11.267218022948578,1,0.05,random,,
condition_recombine_pseudolabel__mult_0.5__sim_0.7__teacher_rf__seed_0,condition_recombine_pseudolabel,0.5,0.7,random_forest,0,158,79,1.5,True,0.8286479604395129,0.7583892345428467,0.85,reaction_role_concat,6144,random_forest,False,valid,r2,0.6856010970988344,1,0.05,random,,
condition_recombine_pseudolabel__mult_0.5__sim_0.7__teacher_rf__seed_0,condition_recombine_pseudolabel,0.5,0.7,random_forest,0,158,79,1.5,True,0.8286479604395129,0.7583892345428467,0.85,reaction_role_concat,6144,random_forest,False,valid,spearman,0.8342029419981305,1,0.05,random,,
condition_recombine_pseudolabel__mult_0.5__sim_0.7__teacher_rf__seed_1,condition_recombine_pseudolabel,0.5,0.7,random_forest,1,158,79,1.5,True,0.8340592328506179,0.7602739930152893,0.85,reaction_role_concat,6144,random_forest,False,valid,rmse,15.546100142642109,1,0.05,random,,
condition_recombine_pseudolabel__mult_0.5__sim_0.7__teacher_rf__seed_1,condition_recombine_pseudolabel,0.5,0.7,random_forest,1,158,79,1.5,True,0.8340592328506179,0.7602739930152893,0.85,reaction_role_concat,6144,random_forest,False,valid,mae,11.079659471149686,1,0.05,random,,
condition_recombine_pseudolabel__mult_0.5__sim_0.7__teacher_rf__seed_1,condition_recombine_pseudolabel,0.5,0.7,random_forest,1,158,79,1.5,True,0.8340592328506179,0.7602739930152893,0.85,reaction_role_concat,6144,random_forest,False,valid,r2,0.6850686600367164,1,0.05,random,,
condition_recombine_pseudolabel__mult_0.5__sim_0.7__teacher_rf__seed_1,condition_recombine_pseudolabel,0.5,0.7,random_forest,1,158,79,1.5,True,0.8340592328506179,0.7602739930152893,0.85,reaction_role_concat,6144,random_forest,False,valid,spearman,0.8295089464728553,1,0.05,random,,
condition_recombine_pseudolabel__mult_0.5__sim_0.7__teacher_rf__seed_2,condition_recombine_pseudolabel,0.5,0.7,random_forest,2,158,79,1.5,True,0.8335342387609843,0.7724137902259827,0.85,reaction_role_concat,6144,random_forest,False,valid,rmse,15.382820728786777,1,0.05,random,,
condition_recombine_pseudolabel__mult_0.5__sim_0.7__teacher_rf__seed_2,condition_recombine_pseudolabel,0.5,0.7,random_forest,2,158,79,1.5,True,0.8335342387609843,0.7724137902259827,0.85,reaction_role_concat,6144,random_forest,False,valid,mae,11.064351058293747,1,0.05,random,,
condition_recombine_pseudolabel__mult_0.5__sim_0.7__teacher_rf__seed_2,condition_recombine_pseudolabel,0.5,0.7,random_forest,2,158,79,1.5,True,0.8335342387609843,0.7724137902259827,0.85,reaction_role_concat,6144,random_forest,False,valid,r2,0.6916493155873602,1,0.05,random,,
condition_recombine_pseudolabel__mult_0.5__sim_0.7__teacher_rf__seed_2,condition_recombine_pseudolabel,0.5,0.7,random_forest,2,158,79,1.5,True,0.8335342387609843,0.7724137902259827,0.85,reaction_role_concat,6144,random_forest,False,valid,spearman,0.836113255049487,1,0.05,random,,
condition_recombine_pseudolabel__mult_0.5__sim_0.7__teacher_rf__seed_3,condition_recombine_pseudolabel,0.5,0.7,random_forest,3,158,79,1.5,True,0.8352579249611383,0.7583892345428467,0.85,reaction_role_concat,6144,random_forest,False,valid,rmse,15.22275443097728,1,0.05,random,,
condition_recombine_pseudolabel__mult_0.5__sim_0.7__teacher_rf__seed_3,condition_recombine_pseudolabel,0.5,0.7,random_forest,3,158,79,1.5,True,0.8352579249611383,0.7583892345428467,0.85,reaction_role_concat,6144,random_forest,False,valid,mae,10.90796466100065,1,0.05,random,,
condition_recombine_pseudolabel__mult_0.5__sim_0.7__teacher_rf__seed_3,condition_recombine_pseudolabel,0.5,0.7,random_forest,3,158,79,1.5,True,0.8352579249611383,0.7583892345428467,0.85,reaction_role_concat,6144,random_forest,False,valid,r2,0.6980330293380356,1,0.05,random,,
condition_recombine_pseudolabel__mult_0.5__sim_0.7__teacher_rf__seed_3,condition_recombine_pseudolabel,0.5,0.7,random_forest,3,158,79,1.5,True,0.8352579249611383,0.7583892345428467,0.85,reaction_role_concat,6144,random_forest,False,valid,spearman,0.8365046647572574,1,0.05,random,,
condition_recombine_pseudolabel__mult_0.5__sim_0.7__teacher_rf__seed_4,condition_recombine_pseudolabel,0.5,0.7,random_forest,4,158,79,1.5,True,0.8358248099496092,0.7515923380851746,0.85,reaction_role_concat,6144,random_forest,False,valid,rmse,15.34487888794221,1,0.05,random,,
condition_recombine_pseudolabel__mult_0.5__sim_0.7__teacher_rf__seed_4,condition_recombine_pseudolabel,0.5,0.7,random_forest,4,158,79,1.5,True,0.8358248099496092,0.7515923380851746,0.85,reaction_role_concat,6144,random_forest,False,valid,mae,10.957400838510898,1,0.05,random,,
condition_recombine_pseudolabel__mult_0.5__sim_0.7__teacher_rf__seed_4,condition_recombine_pseudolabel,0.5,0.7,random_forest,4,158,79,1.5,True,0.8358248099496092,0.7515923380851746,0.85,reaction_role_concat,6144,random_forest,False,valid,r2,0.6931685381641858,1,0.05,random,,
condition_recombine_pseudolabel__mult_0.5__sim_0.7__teacher_rf__seed_4,condition_recombine_pseudolabel,0.5,0.7,random_forest,4,158,79,1.5,True,0.8358248099496092,0.7515923380851746,0.85,reaction_role_concat,6144,random_forest,False,valid,spearman,0.834360674268426,1,0.05,random,,
condition_recombine_pseudolabel__mult_0.5__sim_0.8__teacher_ridge__seed_0,condition_recombine_pseudolabel,0.5,0.8,ridge,0,158,64,1.4050632911392404,True,0.8397825060412287,0.8014184236526489,0.85,reaction_role_concat,6144,random_forest,False,valid,rmse,15.636271429137198,1,0.05,random,,
condition_recombine_pseudolabel__mult_0.5__sim_0.8__teacher_ridge__seed_0,condition_recombine_pseudolabel,0.5,0.8,ridge,0,158,64,1.4050632911392404,True,0.8397825060412287,0.8014184236526489,0.85,reaction_role_concat,6144,random_forest,False,valid,mae,11.723748435558397,1,0.05,random,,
condition_recombine_pseudolabel__mult_0.5__sim_0.8__teacher_ridge__seed_0,condition_recombine_pseudolabel,0.5,0.8,ridge,0,158,64,1.4050632911392404,True,0.8397825060412287,0.8014184236526489,0.85,reaction_role_concat,6144,random_forest,False,valid,r2,0.681404703043794,1,0.05,random,,
condition_recombine_pseudolabel__mult_0.5__sim_0.8__teacher_ridge__seed_0,condition_recombine_pseudolabel,0.5,0.8,ridge,0,158,64,1.4050632911392404,True,0.8397825060412287,0.8014184236526489,0.85,reaction_role_concat,6144,random_forest,False,valid,spearman,0.8340047056386726,1,0.05,random,,
condition_recombine_pseudolabel__mult_0.5__sim_0.8__teacher_ridge__seed_1,condition_recombine_pseudolabel,0.5,0.8,ridge,1,158,73,1.4620253164556962,True,0.838014349218917,0.8012422323226929,0.85,reaction_role_concat,6144,random_forest,False,valid,rmse,15.341670670422063,1,0.05,random,,
condition_recombine_pseudolabel__mult_0.5__sim_0.8__teacher_ridge__seed_1,condition_recombine_pseudolabel,0.5,0.8,ridge,1,158,73,1.4620253164556962,True,0.838014349218917,0.8012422323226929,0.85,reaction_role_concat,6144,random_forest,False,valid,mae,11.058321447467502,1,0.05,random,,
condition_recombine_pseudolabel__mult_0.5__sim_0.8__teacher_ridge__seed_1,condition_recombine_pseudolabel,0.5,0.8,ridge,1,158,73,1.4620253164556962,True,0.838014349218917,0.8012422323226929,0.85,reaction_role_concat,6144,random_forest,False,valid,r2,0.6932968258065138,1,0.05,random,,
condition_recombine_pseudolabel__mult_0.5__sim_0.8__teacher_ridge__seed_1,condition_recombine_pseudolabel,0.5,0.8,ridge,1,158,73,1.4620253164556962,True,0.838014349218917,0.8012422323226929,0.85,reaction_role_concat,6144,random_forest,False,valid,spearman,0.8290859903110259,1,0.05,random,,
condition_recombine_pseudolabel__mult_0.5__sim_0.8__teacher_ridge__seed_2,condition_recombine_pseudolabel,0.5,0.8,ridge,2,158,71,1.4493670886075949,True,0.8390244903698774,0.8025477528572083,0.85,reaction_role_concat,6144,random_forest,False,valid,rmse,15.88288580468054,1,0.05,random,,
condition_recombine_pseudolabel__mult_0.5__sim_0.8__teacher_ridge__seed_2,condition_recombine_pseudolabel,0.5,0.8,ridge,2,158,71,1.4493670886075949,True,0.8390244903698774,0.8025477528572083,0.85,reaction_role_concat,6144,random_forest,False,valid,mae,11.562426921320869,1,0.05,random,,
condition_recombine_pseudolabel__mult_0.5__sim_0.8__teacher_ridge__seed_2,condition_recombine_pseudolabel,0.5,0.8,ridge,2,158,71,1.4493670886075949,True,0.8390244903698774,0.8025477528572083,0.85,reaction_role_concat,6144,random_forest,False,valid,r2,0.6712757176580938,1,0.05,random,,
condition_recombine_pseudolabel__mult_0.5__sim_0.8__teacher_ridge__seed_2,condition_recombine_pseudolabel,0.5,0.8,ridge,2,158,71,1.4493670886075949,True,0.8390244903698774,0.8025477528572083,0.85,reaction_role_concat,6144,random_forest,False,valid,spearman,0.8254396486304295,1,0.05,random,,
condition_recombine_pseudolabel__mult_0.5__sim_0.8__teacher_ridge__seed_3,condition_recombine_pseudolabel,0.5,0.8,ridge,3,158,74,1.4683544303797469,True,0.8388955345024932,0.8012820482254028,0.85,reaction_role_concat,6144,random_forest,False,valid,rmse,14.884401003884138,1,0.05,random,,
condition_recombine_pseudolabel__mult_0.5__sim_0.8__teacher_ridge__seed_3,condition_recombine_pseudolabel,0.5,0.8,ridge,3,158,74,1.4683544303797469,True,0.8388955345024932,0.8012820482254028,0.85,reaction_role_concat,6144,random_forest,False,valid,mae,11.035603910557077,1,0.05,random,,
condition_recombine_pseudolabel__mult_0.5__sim_0.8__teacher_ridge__seed_3,condition_recombine_pseudolabel,0.5,0.8,ridge,3,158,74,1.4683544303797469,True,0.8388955345024932,0.8012820482254028,0.85,reaction_role_concat,6144,random_forest,False,valid,r2,0.7113073793127027,1,0.05,random,,
condition_recombine_pseudolabel__mult_0.5__sim_0.8__teacher_ridge__seed_3,condition_recombine_pseudolabel,0.5,0.8,ridge,3,158,74,1.4683544303797469,True,0.8388955345024932,0.8012820482254028,0.85,reaction_role_concat,6144,random_forest,False,valid,spearman,0.8448216342193814,1,0.05,random,,
condition_recombine_pseudolabel__mult_0.5__sim_0.8__teacher_ridge__seed_4,condition_recombine_pseudolabel,0.5,0.8,ridge,4,158,74,1.4683544303797469,True,0.839869440085179,0.8024691343307495,0.85,reaction_role_concat,6144,random_forest,True,valid,rmse,14.52346215916776,1,0.05,random,,
condition_recombine_pseudolabel__mult_0.5__sim_0.8__teacher_ridge__seed_4,condition_recombine_pseudolabel,0.5,0.8,ridge,4,158,74,1.4683544303797469,True,0.839869440085179,0.8024691343307495,0.85,reaction_role_concat,6144,random_forest,True,valid,mae,10.534329197061213,1,0.05,random,,
condition_recombine_pseudolabel__mult_0.5__sim_0.8__teacher_ridge__seed_4,condition_recombine_pseudolabel,0.5,0.8,ridge,4,158,74,1.4683544303797469,True,0.839869440085179,0.8024691343307495,0.85,reaction_role_concat,6144,random_forest,True,valid,r2,0.7251389038629878,1,0.05,random,,
condition_recombine_pseudolabel__mult_0.5__sim_0.8__teacher_ridge__seed_4,condition_recombine_pseudolabel,0.5,0.8,ridge,4,158,74,1.4683544303797469,True,0.839869440085179,0.8024691343307495,0.85,reaction_role_concat,6144,random_forest,True,valid,spearman,0.8515562179674053,1,0.05,random,,
condition_recombine_pseudolabel__mult_0.5__sim_0.8__teacher_rf__seed_0,condition_recombine_pseudolabel,0.5,0.8,random_forest,0,158,64,1.4050632911392404,True,0.8397825060412287,0.8014184236526489,0.85,reaction_role_concat,6144,random_forest,False,valid,rmse,15.612716627360332,1,0.05,random,,
condition_recombine_pseudolabel__mult_0.5__sim_0.8__teacher_rf__seed_0,condition_recombine_pseudolabel,0.5,0.8,random_forest,0,158,64,1.4050632911392404,True,0.8397825060412287,0.8014184236526489,0.85,reaction_role_concat,6144,random_forest,False,valid,mae,11.2676718079493,1,0.05,random,,
condition_recombine_pseudolabel__mult_0.5__sim_0.8__teacher_rf__seed_0,condition_recombine_pseudolabel,0.5,0.8,random_forest,0,158,64,1.4050632911392404,True,0.8397825060412287,0.8014184236526489,0.85,reaction_role_concat,6144,random_forest,False,valid,r2,0.68236385710714,1,0.05,random,,
condition_recombine_pseudolabel__mult_0.5__sim_0.8__teacher_rf__seed_0,condition_recombine_pseudolabel,0.5,0.8,random_forest,0,158,64,1.4050632911392404,True,0.8397825060412287,0.8014184236526489,0.85,reaction_role_concat,6144,random_forest,False,valid,spearman,0.8322013000149608,1,0.05,random,,
condition_recombine_pseudolabel__mult_0.5__sim_0.8__teacher_rf__seed_1,condition_recombine_pseudolabel,0.5,0.8,random_forest,1,158,73,1.4620253164556962,True,0.838014349218917,0.8012422323226929,0.85,reaction_role_concat,6144,random_forest,False,valid,rmse,15.252527462344826,1,0.05,random,,
condition_recombine_pseudolabel__mult_0.5__sim_0.8__teacher_rf__seed_1,condition_recombine_pseudolabel,0.5,0.8,random_forest,1,158,73,1.4620253164556962,True,0.838014349218917,0.8012422323226929,0.85,reaction_role_concat,6144,random_forest,False,valid,mae,10.829451688510707,1,0.05,random,,
condition_recombine_pseudolabel__mult_0.5__sim_0.8__teacher_rf__seed_1,condition_recombine_pseudolabel,0.5,0.8,random_forest,1,158,73,1.4620253164556962,True,0.838014349218917,0.8012422323226929,0.85,reaction_role_concat,6144,random_forest,False,valid,r2,0.6968506856272854,1,0.05,random,,
condition_recombine_pseudolabel__mult_0.5__sim_0.8__teacher_rf__seed_1,condition_recombine_pseudolabel,0.5,0.8,random_forest,1,158,73,1.4620253164556962,True,0.838014349218917,0.8012422323226929,0.85,reaction_role_concat,6144,random_forest,False,valid,spearman,0.8373085151421705,1,0.05,random,,
condition_recombine_pseudolabel__mult_0.5__sim_0.8__teacher_rf__seed_2,condition_recombine_pseudolabel,0.5,0.8,random_forest,2,158,71,1.4493670886075949,True,0.8390244903698774,0.8025477528572083,0.85,reaction_role_concat,6144,random_forest,False,valid,rmse,15.47672889602066,1,0.05,random,,
condition_recombine_pseudolabel__mult_0.5__sim_0.8__teacher_rf__seed_2,condition_recombine_pseudolabel,0.5,0.8,random_forest,2,158,71,1.4493670886075949,True,0.8390244903698774,0.8025477528572083,0.85,reaction_role_concat,6144,random_forest,False,valid,mae,11.038519741320911,1,0.05,random,,
condition_recombine_pseudolabel__mult_0.5__sim_0.8__teacher_rf__seed_2,condition_recombine_pseudolabel,0.5,0.8,random_forest,2,158,71,1.4493670886075949,True,0.8390244903698774,0.8025477528572083,0.85,reaction_role_concat,6144,random_forest,False,valid,r2,0.6878730206416351,1,0.05,random,,
condition_recombine_pseudolabel__mult_0.5__sim_0.8__teacher_rf__seed_2,condition_recombine_pseudolabel,0.5,0.8,random_forest,2,158,71,1.4493670886075949,True,0.8390244903698774,0.8025477528572083,0.85,reaction_role_concat,6144,random_forest,False,valid,spearman,0.832296134108336,1,0.05,random,,
condition_recombine_pseudolabel__mult_0.5__sim_0.8__teacher_rf__seed_3,condition_recombine_pseudolabel,0.5,0.8,random_forest,3,158,74,1.4683544303797469,True,0.8388955345024932,0.8012820482254028,0.85,reaction_role_concat,6144,random_forest,False,valid,rmse,15.203329762830384,1,0.05,random,,
condition_recombine_pseudolabel__mult_0.5__sim_0.8__teacher_rf__seed_3,condition_recombine_pseudolabel,0.5,0.8,random_forest,3,158,74,1.4683544303797469,True,0.8388955345024932,0.8012820482254028,0.85,reaction_role_concat,6144,random_forest,False,valid,mae,10.928216139947313,1,0.05,random,,
condition_recombine_pseudolabel__mult_0.5__sim_0.8__teacher_rf__seed_3,condition_recombine_pseudolabel,0.5,0.8,random_forest,3,158,74,1.4683544303797469,True,0.8388955345024932,0.8012820482254028,0.85,reaction_role_concat,6144,random_forest,False,valid,r2,0.6988031745678579,1,0.05,random,,
condition_recombine_pseudolabel__mult_0.5__sim_0.8__teacher_rf__seed_3,condition_recombine_pseudolabel,0.5,0.8,random_forest,3,158,74,1.4683544303797469,True,0.8388955345024932,0.8012820482254028,0.85,reaction_role_concat,6144,random_forest,False,valid,spearman,0.8375801651632351,1,0.05,random,,
condition_recombine_pseudolabel__mult_0.5__sim_0.8__teacher_rf__seed_4,condition_recombine_pseudolabel,0.5,0.8,random_forest,4,158,74,1.4683544303797469,True,0.839869440085179,0.8024691343307495,0.85,reaction_role_concat,6144,random_forest,False,valid,rmse,15.245718586936981,1,0.05,random,,
condition_recombine_pseudolabel__mult_0.5__sim_0.8__teacher_rf__seed_4,condition_recombine_pseudolabel,0.5,0.8,random_forest,4,158,74,1.4683544303797469,True,0.839869440085179,0.8024691343307495,0.85,reaction_role_concat,6144,random_forest,False,valid,mae,10.859886632342883,1,0.05,random,,
condition_recombine_pseudolabel__mult_0.5__sim_0.8__teacher_rf__seed_4,condition_recombine_pseudolabel,0.5,0.8,random_forest,4,158,74,1.4683544303797469,True,0.839869440085179,0.8024691343307495,0.85,reaction_role_concat,6144,random_forest,False,valid,r2,0.6971212827723468,1,0.05,random,,
condition_recombine_pseudolabel__mult_0.5__sim_0.8__teacher_rf__seed_4,condition_recombine_pseudolabel,0.5,0.8,random_forest,4,158,74,1.4683544303797469,True,0.839869440085179,0.8024691343307495,0.85,reaction_role_concat,6144,random_forest,False,valid,spearman,0.8358472522331615,1,0.05,random,,
condition_recombine_pseudolabel__mult_0.5__sim_0.85__teacher_ridge__seed_0,condition_recombine_pseudolabel,0.5,0.85,ridge,0,158,33,1.2088607594936709,True,0.85,0.85,0.85,reaction_role_concat,6144,random_forest,False,valid,rmse,15.587905884826093,1,0.05,random,,
condition_recombine_pseudolabel__mult_0.5__sim_0.85__teacher_ridge__seed_0,condition_recombine_pseudolabel,0.5,0.85,ridge,0,158,33,1.2088607594936709,True,0.85,0.85,0.85,reaction_role_concat,6144,random_forest,False,valid,mae,11.475198901329614,1,0.05,random,,
condition_recombine_pseudolabel__mult_0.5__sim_0.85__teacher_ridge__seed_0,condition_recombine_pseudolabel,0.5,0.85,ridge,0,158,33,1.2088607594936709,True,0.85,0.85,0.85,reaction_role_concat,6144,random_forest,False,valid,r2,0.6833725895299815,1,0.05,random,,
condition_recombine_pseudolabel__mult_0.5__sim_0.85__teacher_ridge__seed_0,condition_recombine_pseudolabel,0.5,0.85,ridge,0,158,33,1.2088607594936709,True,0.85,0.85,0.85,reaction_role_concat,6144,random_forest,False,valid,spearman,0.8330698011575756,1,0.05,random,,
condition_recombine_pseudolabel__mult_0.5__sim_0.85__teacher_ridge__seed_1,condition_recombine_pseudolabel,0.5,0.85,ridge,1,158,41,1.259493670886076,True,0.8500000000000001,0.85,0.85,reaction_role_concat,6144,random_forest,False,valid,rmse,15.844082162262824,1,0.05,random,,
condition_recombine_pseudolabel__mult_0.5__sim_0.85__teacher_ridge__seed_1,condition_recombine_pseudolabel,0.5,0.85,ridge,1,158,41,1.259493670886076,True,0.8500000000000001,0.85,0.85,reaction_role_concat,6144,random_forest,False,valid,mae,11.154615623609175,1,0.05,random,,
condition_recombine_pseudolabel__mult_0.5__sim_0.85__teacher_ridge__seed_1,condition_recombine_pseudolabel,0.5,0.85,ridge,1,158,41,1.259493670886076,True,0.8500000000000001,0.85,0.85,reaction_role_concat,6144,random_forest,False,valid,r2,0.6728799749539098,1,0.05,random,,
condition_recombine_pseudolabel__mult_0.5__sim_0.85__teacher_ridge__seed_1,condition_recombine_pseudolabel,0.5,0.85,ridge,1,158,41,1.259493670886076,True,0.8500000000000001,0.85,0.85,reaction_role_concat,6144,random_forest,False,valid,spearman,0.81808095139315,1,0.05,random,,
condition_recombine_pseudolabel__mult_0.5__sim_0.85__teacher_ridge__seed_2,condition_recombine_pseudolabel,0.5,0.85,ridge,2,158,39,1.2468354430379747,True,0.8500000000000002,0.85,0.85,reaction_role_concat,6144,random_forest,False,valid,rmse,16.299598852680468,1,0.05,random,,
condition_recombine_pseudolabel__mult_0.5__sim_0.85__teacher_ridge__seed_2,condition_recombine_pseudolabel,0.5,0.85,ridge,2,158,39,1.2468354430379747,True,0.8500000000000002,0.85,0.85,reaction_role_concat,6144,random_forest,False,valid,mae,11.88015268237606,1,0.05,random,,
condition_recombine_pseudolabel__mult_0.5__sim_0.85__teacher_ridge__seed_2,condition_recombine_pseudolabel,0.5,0.85,ridge,2,158,39,1.2468354430379747,True,0.8500000000000002,0.85,0.85,reaction_role_concat,6144,random_forest,False,valid,r2,0.6538002169035835,1,0.05,random,,
condition_recombine_pseudolabel__mult_0.5__sim_0.85__teacher_ridge__seed_2,condition_recombine_pseudolabel,0.5,0.85,ridge,2,158,39,1.2468354430379747,True,0.8500000000000002,0.85,0.85,reaction_role_concat,6144,random_forest,False,valid,spearman,0.8154559748455164,1,0.05,random,,
condition_recombine_pseudolabel__mult_0.5__sim_0.85__teacher_ridge__seed_3,condition_recombine_pseudolabel,0.5,0.85,ridge,3,158,42,1.2658227848101267,True,0.8500000000000001,0.85,0.85,reaction_role_concat,6144,random_forest,False,valid,rmse,15.018745258428018,1,0.05,random,,
condition_recombine_pseudolabel__mult_0.5__sim_0.85__teacher_ridge__seed_3,condition_recombine_pseudolabel,0.5,0.85,ridge,3,158,42,1.2658227848101267,True,0.8500000000000001,0.85,0.85,reaction_role_concat,6144,random_forest,False,valid,mae,11.110029118200645,1,0.05,random,,
condition_recombine_pseudolabel__mult_0.5__sim_0.85__teacher_ridge__seed_3,condition_recombine_pseudolabel,0.5,0.85,ridge,3,158,42,1.2658227848101267,True,0.8500000000000001,0.85,0.85,reaction_role_concat,6144,random_forest,False,valid,r2,0.7060724726584444,1,0.05,random,,
condition_recombine_pseudolabel__mult_0.5__sim_0.85__teacher_ridge__seed_3,condition_recombine_pseudolabel,0.5,0.85,ridge,3,158,42,1.2658227848101267,True,0.8500000000000001,0.85,0.85,reaction_role_concat,6144,random_forest,False,valid,spearman,0.8424383190883362,1,0.05,random,,
condition_recombine_pseudolabel__mult_0.5__sim_0.85__teacher_ridge__seed_4,condition_recombine_pseudolabel,0.5,0.85,ridge,4,158,41,1.259493670886076,True,0.8500000000000001,0.85,0.85,reaction_role_concat,6144,random_forest,False,valid,rmse,14.993085249993513,1,0.05,random,,
condition_recombine_pseudolabel__mult_0.5__sim_0.85__teacher_ridge__seed_4,condition_recombine_pseudolabel,0.5,0.85,ridge,4,158,41,1.259493670886076,True,0.8500000000000001,0.85,0.85,reaction_role_concat,6144,random_forest,False,valid,mae,10.804563726168645,1,0.05,random,,
condition_recombine_pseudolabel__mult_0.5__sim_0.85__teacher_ridge__seed_4,condition_recombine_pseudolabel,0.5,0.85,ridge,4,158,41,1.259493670886076,True,0.8500000000000001,0.85,0.85,reaction_role_concat,6144,random_forest,False,valid,r2,0.7070759838932779,1,0.05,random,,
condition_recombine_pseudolabel__mult_0.5__sim_0.85__teacher_ridge__seed_4,condition_recombine_pseudolabel,0.5,0.85,ridge,4,158,41,1.259493670886076,True,0.8500000000000001,0.85,0.85,reaction_role_concat,6144,random_forest,False,valid,spearman,0.8439506015711941,1,0.05,random,,
condition_recombine_pseudolabel__mult_0.5__sim_0.85__teacher_rf__seed_0,condition_recombine_pseudolabel,0.5,0.85,random_forest,0,158,33,1.2088607594936709,True,0.85,0.85,0.85,reaction_role_concat,6144,random_forest,False,valid,rmse,15.405264441016786,1,0.05,random,,
condition_recombine_pseudolabel__mult_0.5__sim_0.85__teacher_rf__seed_0,condition_recombine_pseudolabel,0.5,0.85,random_forest,0,158,33,1.2088607594936709,True,0.85,0.85,0.85,reaction_role_concat,6144,random_forest,False,valid,mae,11.190970508652395,1,0.05,random,,
condition_recombine_pseudolabel__mult_0.5__sim_0.85__teacher_rf__seed_0,condition_recombine_pseudolabel,0.5,0.85,random_forest,0,158,33,1.2088607594936709,True,0.85,0.85,0.85,reaction_role_concat,6144,random_forest,False,valid,r2,0.6907488848122342,1,0.05,random,,
condition_recombine_pseudolabel__mult_0.5__sim_0.85__teacher_rf__seed_0,condition_recombine_pseudolabel,0.5,0.85,random_forest,0,158,33,1.2088607594936709,True,0.85,0.85,0.85,reaction_role_concat,6144,random_forest,False,valid,spearman,0.8356385003890174,1,0.05,random,,
condition_recombine_pseudolabel__mult_0.5__sim_0.85__teacher_rf__seed_1,condition_recombine_pseudolabel,0.5,0.85,random_forest,1,158,41,1.259493670886076,True,0.8500000000000001,0.85,0.85,reaction_role_concat,6144,random_forest,False,valid,rmse,15.478316828830046,1,0.05,random,,
condition_recombine_pseudolabel__mult_0.5__sim_0.85__teacher_rf__seed_1,condition_recombine_pseudolabel,0.5,0.85,random_forest,1,158,41,1.259493670886076,True,0.8500000000000001,0.85,0.85,reaction_role_concat,6144,random_forest,False,valid,mae,10.853529953630664,1,0.05,random,,
condition_recombine_pseudolabel__mult_0.5__sim_0.85__teacher_rf__seed_1,condition_recombine_pseudolabel,0.5,0.85,random_forest,1,158,41,1.259493670886076,True,0.8500000000000001,0.85,0.85,reaction_role_concat,6144,random_forest,False,valid,r2,0.6878089680758719,1,0.05,random,,
condition_recombine_pseudolabel__mult_0.5__sim_0.85__teacher_rf__seed_1,condition_recombine_pseudolabel,0.5,0.85,random_forest,1,158,41,1.259493670886076,True,0.8500000000000001,0.85,0.85,reaction_role_concat,6144,random_forest,False,valid,spearman,0.8317773701971419,1,0.05,random,,
condition_recombine_pseudolabel__mult_0.5__sim_0.85__teacher_rf__seed_2,condition_recombine_pseudolabel,0.5,0.85,random_forest,2,158,39,1.2468354430379747,True,0.8500000000000002,0.85,0.85,reaction_role_concat,6144,random_forest,False,valid,rmse,15.395535332737698,1,0.05,random,,
condition_recombine_pseudolabel__mult_0.5__sim_0.85__teacher_rf__seed_2,condition_recombine_pseudolabel,0.5,0.85,random_forest,2,158,39,1.2468354430379747,True,0.8500000000000002,0.85,0.85,reaction_role_concat,6144,random_forest,False,valid,mae,10.947785809783996,1,0.05,random,,
condition_recombine_pseudolabel__mult_0.5__sim_0.85__teacher_rf__seed_2,condition_recombine_pseudolabel,0.5,0.85,random_forest,2,158,39,1.2468354430379747,True,0.8500000000000002,0.85,0.85,reaction_role_concat,6144,random_forest,False,valid,r2,0.6911393730795328,1,0.05,random,,
condition_recombine_pseudolabel__mult_0.5__sim_0.85__teacher_rf__seed_2,condition_recombine_pseudolabel,0.5,0.85,random_forest,2,158,39,1.2468354430379747,True,0.8500000000000002,0.85,0.85,reaction_role_concat,6144,random_forest,False,valid,spearman,0.8345180170763257,1,0.05,random,,
condition_recombine_pseudolabel__mult_0.5__sim_0.85__teacher_rf__seed_3,condition_recombine_pseudolabel,0.5,0.85,random_forest,3,158,42,1.2658227848101267,True,0.8500000000000001,0.85,0.85,reaction_role_concat,6144,random_forest,False,valid,rmse,15.49651708468976,1,0.05,random,,
condition_recombine_pseudolabel__mult_0.5__sim_0.85__teacher_rf__seed_3,condition_recombine_pseudolabel,0.5,0.85,random_forest,3,158,42,1.2658227848101267,True,0.8500000000000001,0.85,0.85,reaction_role_concat,6144,random_forest,False,valid,mae,11.048059145446064,1,0.05,random,,
condition_recombine_pseudolabel__mult_0.5__sim_0.85__teacher_rf__seed_3,condition_recombine_pseudolabel,0.5,0.85,random_forest,3,158,42,1.2658227848101267,True,0.8500000000000001,0.85,0.85,reaction_role_concat,6144,random_forest,False,valid,r2,0.687074353673091,1,0.05,random,,
condition_recombine_pseudolabel__mult_0.5__sim_0.85__teacher_rf__seed_3,condition_recombine_pseudolabel,0.5,0.85,random_forest,3,158,42,1.2658227848101267,True,0.8500000000000001,0.85,0.85,reaction_role_concat,6144,random_forest,False,valid,spearman,0.8331973500921972,1,0.05,random,,
condition_recombine_pseudolabel__mult_0.5__sim_0.85__teacher_rf__seed_4,condition_recombine_pseudolabel,0.5,0.85,random_forest,4,158,41,1.259493670886076,True,0.8500000000000001,0.85,0.85,reaction_role_concat,6144,random_forest,False,valid,rmse,15.590129251730268,1,0.05,random,,
condition_recombine_pseudolabel__mult_0.5__sim_0.85__teacher_rf__seed_4,condition_recombine_pseudolabel,0.5,0.85,random_forest,4,158,41,1.259493670886076,True,0.8500000000000001,0.85,0.85,reaction_role_concat,6144,random_forest,False,valid,mae,11.142191065807133,1,0.05,random,,
condition_recombine_pseudolabel__mult_0.5__sim_0.85__teacher_rf__seed_4,condition_recombine_pseudolabel,0.5,0.85,random_forest,4,158,41,1.259493670886076,True,0.8500000000000001,0.85,0.85,reaction_role_concat,6144,random_forest,False,valid,r2,0.6832822593578218,1,0.05,random,,
condition_recombine_pseudolabel__mult_0.5__sim_0.85__teacher_rf__seed_4,condition_recombine_pseudolabel,0.5,0.85,random_forest,4,158,41,1.259493670886076,True,0.8500000000000001,0.85,0.85,reaction_role_concat,6144,random_forest,False,valid,spearman,0.8293089575326165,1,0.05,random,,
condition_recombine_pseudolabel__mult_0.5__sim_0.9__teacher_ridge__seed_0,condition_recombine_pseudolabel,0.5,0.9,ridge,0,158,17,1.1075949367088607,True,0.85,0.85,0.85,reaction_role_concat,6144,random_forest,False,valid,rmse,15.55422107727142,1,0.05,random,,
condition_recombine_pseudolabel__mult_0.5__sim_0.9__teacher_ridge__seed_0,condition_recombine_pseudolabel,0.5,0.9,ridge,0,158,17,1.1075949367088607,True,0.85,0.85,0.85,reaction_role_concat,6144,random_forest,False,valid,mae,11.507162104295022,1,0.05,random,,
condition_recombine_pseudolabel__mult_0.5__sim_0.9__teacher_ridge__seed_0,condition_recombine_pseudolabel,0.5,0.9,ridge,0,158,17,1.1075949367088607,True,0.85,0.85,0.85,reaction_role_concat,6144,random_forest,False,valid,r2,0.6847395479377236,1,0.05,random,,
condition_recombine_pseudolabel__mult_0.5__sim_0.9__teacher_ridge__seed_0,condition_recombine_pseudolabel,0.5,0.9,ridge,0,158,17,1.1075949367088607,True,0.85,0.85,0.85,reaction_role_concat,6144,random_forest,False,valid,spearman,0.8337172823905786,1,0.05,random,,
condition_recombine_pseudolabel__mult_0.5__sim_0.9__teacher_ridge__seed_1,condition_recombine_pseudolabel,0.5,0.9,ridge,1,158,18,1.1139240506329113,True,0.85,0.85,0.85,reaction_role_concat,6144,random_forest,False,valid,rmse,15.243955311304314,1,0.05,random,,
condition_recombine_pseudolabel__mult_0.5__sim_0.9__teacher_ridge__seed_1,condition_recombine_pseudolabel,0.5,0.9,ridge,1,158,18,1.1139240506329113,True,0.85,0.85,0.85,reaction_role_concat,6144,random_forest,False,valid,mae,10.890015956056269,1,0.05,random,,
condition_recombine_pseudolabel__mult_0.5__sim_0.9__teacher_ridge__seed_1,condition_recombine_pseudolabel,0.5,0.9,ridge,1,158,18,1.1139240506329113,True,0.85,0.85,0.85,reaction_role_concat,6144,random_forest,False,valid,r2,0.6971913388703729,1,0.05,random,,
condition_recombine_pseudolabel__mult_0.5__sim_0.9__teacher_ridge__seed_1,condition_recombine_pseudolabel,0.5,0.9,ridge,1,158,18,1.1139240506329113,True,0.85,0.85,0.85,reaction_role_concat,6144,random_forest,False,valid,spearman,0.8371908974986416,1,0.05,random,,
condition_recombine_pseudolabel__mult_0.5__sim_0.9__teacher_ridge__seed_2,condition_recombine_pseudolabel,0.5,0.9,ridge,2,158,16,1.1012658227848102,True,0.85,0.85,0.85,reaction_role_concat,6144,random_forest,False,valid,rmse,15.820373230221366,1,0.05,random,,
condition_recombine_pseudolabel__mult_0.5__sim_0.9__teacher_ridge__seed_2,condition_recombine_pseudolabel,0.5,0.9,ridge,2,158,16,1.1012658227848102,True,0.85,0.85,0.85,reaction_role_concat,6144,random_forest,False,valid,mae,11.489242278463477,1,0.05,random,,
condition_recombine_pseudolabel__mult_0.5__sim_0.9__teacher_ridge__seed_2,condition_recombine_pseudolabel,0.5,0.9,ridge,2,158,16,1.1012658227848102,True,0.85,0.85,0.85,reaction_role_concat,6144,random_forest,False,valid,r2,0.6738582409855478,1,0.05,random,,
condition_recombine_pseudolabel__mult_0.5__sim_0.9__teacher_ridge__seed_2,condition_recombine_pseudolabel,0.5,0.9,ridge,2,158,16,1.1012658227848102,True,0.85,0.85,0.85,reaction_role_concat,6144,random_forest,False,valid,spearman,0.8263087339666378,1,0.05,random,,
condition_recombine_pseudolabel__mult_0.5__sim_0.9__teacher_ridge__seed_3,condition_recombine_pseudolabel,0.5,0.9,ridge,3,158,23,1.1455696202531647,True,0.8500000000000002,0.85,0.85,reaction_role_concat,6144,random_forest,False,valid,rmse,15.28854517626443,1,0.05,random,,
condition_recombine_pseudolabel__mult_0.5__sim_0.9__teacher_ridge__seed_3,condition_recombine_pseudolabel,0.5,0.9,ridge,3,158,23,1.1455696202531647,True,0.8500000000000002,0.85,0.85,reaction_role_concat,6144,random_forest,False,valid,mae,11.224754689621774,1,0.05,random,,
condition_recombine_pseudolabel__mult_0.5__sim_0.9__teacher_ridge__seed_3,condition_recombine_pseudolabel,0.5,0.9,ridge,3,158,23,1.1455696202531647,True,0.8500000000000002,0.85,0.85,reaction_role_concat,6144,random_forest,False,valid,r2,0.6954172658598234,1,0.05,random,,
condition_recombine_pseudolabel__mult_0.5__sim_0.9__teacher_ridge__seed_3,condition_recombine_pseudolabel,0.5,0.9,ridge,3,158,23,1.1455696202531647,True,0.8500000000000002,0.85,0.85,reaction_role_concat,6144,random_forest,False,valid,spearman,0.8365636683102197,1,0.05,random,,
condition_recombine_pseudolabel__mult_0.5__sim_0.9__teacher_ridge__seed_4,condition_recombine_pseudolabel,0.5,0.9,ridge,4,158,19,1.120253164556962,True,0.85,0.85,0.85,reaction_role_concat,6144,random_forest,False,valid,rmse,15.2959262927196,1,0.05,random,,
condition_recombine_pseudolabel__mult_0.5__sim_0.9__teacher_ridge__seed_4,condition_recombine_pseudolabel,0.5,0.9,ridge,4,158,19,1.120253164556962,True,0.85,0.85,0.85,reaction_role_concat,6144,random_forest,False,valid,mae,11.02134196349337,1,0.05,random,,
condition_recombine_pseudolabel__mult_0.5__sim_0.9__teacher_ridge__seed_4,condition_recombine_pseudolabel,0.5,0.9,ridge,4,158,19,1.120253164556962,True,0.85,0.85,0.85,reaction_role_concat,6144,random_forest,False,valid,r2,0.6951230974746996,1,0.05,random,,
condition_recombine_pseudolabel__mult_0.5__sim_0.9__teacher_ridge__seed_4,condition_recombine_pseudolabel,0.5,0.9,ridge,4,158,19,1.120253164556962,True,0.85,0.85,0.85,reaction_role_concat,6144,random_forest,False,valid,spearman,0.838461323833713,1,0.05,random,,
condition_recombine_pseudolabel__mult_0.5__sim_0.9__teacher_rf__seed_0,condition_recombine_pseudolabel,0.5,0.9,random_forest,0,158,17,1.1075949367088607,True,0.85,0.85,0.85,reaction_role_concat,6144,random_forest,False,valid,rmse,15.67318981886383,1,0.05,random,,
condition_recombine_pseudolabel__mult_0.5__sim_0.9__teacher_rf__seed_0,condition_recombine_pseudolabel,0.5,0.9,random_forest,0,158,17,1.1075949367088607,True,0.85,0.85,0.85,reaction_role_concat,6144,random_forest,False,valid,mae,11.25940642654745,1,0.05,random,,
condition_recombine_pseudolabel__mult_0.5__sim_0.9__teacher_rf__seed_0,condition_recombine_pseudolabel,0.5,0.9,random_forest,0,158,17,1.1075949367088607,True,0.85,0.85,0.85,reaction_role_concat,6144,random_forest,False,valid,r2,0.6798984730073052,1,0.05,random,,
condition_recombine_pseudolabel__mult_0.5__sim_0.9__teacher_rf__seed_0,condition_recombine_pseudolabel,0.5,0.9,random_forest,0,158,17,1.1075949367088607,True,0.85,0.85,0.85,reaction_role_concat,6144,random_forest,False,valid,spearman,0.8281417387324299,1,0.05,random,,
condition_recombine_pseudolabel__mult_0.5__sim_0.9__teacher_rf__seed_1,condition_recombine_pseudolabel,0.5,0.9,random_forest,1,158,18,1.1139240506329113,True,0.85,0.85,0.85,reaction_role_concat,6144,random_forest,False,valid,rmse,15.575657021345336,1,0.05,random,,
condition_recombine_pseudolabel__mult_0.5__sim_0.9__teacher_rf__seed_1,condition_recombine_pseudolabel,0.5,0.9,random_forest,1,158,18,1.1139240506329113,True,0.85,0.85,0.85,reaction_role_concat,6144,random_forest,False,valid,mae,11.175313259867172,1,0.05,random,,
condition_recombine_pseudolabel__mult_0.5__sim_0.9__teacher_rf__seed_1,condition_recombine_pseudolabel,0.5,0.9,random_forest,1,158,18,1.1139240506329113,True,0.85,0.85,0.85,reaction_role_concat,6144,random_forest,False,valid,r2,0.6838700010711537,1,0.05,random,,
condition_recombine_pseudolabel__mult_0.5__sim_0.9__teacher_rf__seed_1,condition_recombine_pseudolabel,0.5,0.9,random_forest,1,158,18,1.1139240506329113,True,0.85,0.85,0.85,reaction_role_concat,6144,random_forest,False,valid,spearman,0.8310802325086755,1,0.05,random,,
condition_recombine_pseudolabel__mult_0.5__sim_0.9__teacher_rf__seed_2,condition_recombine_pseudolabel,0.5,0.9,random_forest,2,158,16,1.1012658227848102,True,0.85,0.85,0.85,reaction_role_concat,6144,random_forest,False,valid,rmse,15.407038040940714,1,0.05,random,,
condition_recombine_pseudolabel__mult_0.5__sim_0.9__teacher_rf__seed_2,condition_recombine_pseudolabel,0.5,0.9,random_forest,2,158,16,1.1012658227848102,True,0.85,0.85,0.85,reaction_role_concat,6144,random_forest,False,valid,mae,11.073336429930189,1,0.05,random,,
condition_recombine_pseudolabel__mult_0.5__sim_0.9__teacher_rf__seed_2,condition_recombine_pseudolabel,0.5,0.9,random_forest,2,158,16,1.1012658227848102,True,0.85,0.85,0.85,reaction_role_concat,6144,random_forest,False,valid,r2,0.6906776728794533,1,0.05,random,,
condition_recombine_pseudolabel__mult_0.5__sim_0.9__teacher_rf__seed_2,condition_recombine_pseudolabel,0.5,0.9,random_forest,2,158,16,1.1012658227848102,True,0.85,0.85,0.85,reaction_role_concat,6144,random_forest,False,valid,spearman,0.8353968389724289,1,0.05,random,,
condition_recombine_pseudolabel__mult_0.5__sim_0.9__teacher_rf__seed_3,condition_recombine_pseudolabel,0.5,0.9,random_forest,3,158,23,1.1455696202531647,True,0.8500000000000002,0.85,0.85,reaction_role_concat,6144,random_forest,False,valid,rmse,15.271820256813934,1,0.05,random,,
condition_recombine_pseudolabel__mult_0.5__sim_0.9__teacher_rf__seed_3,condition_recombine_pseudolabel,0.5,0.9,random_forest,3,158,23,1.1455696202531647,True,0.8500000000000002,0.85,0.85,reaction_role_concat,6144,random_forest,False,valid,mae,11.034374707819541,1,0.05,random,,
condition_recombine_pseudolabel__mult_0.5__sim_0.9__teacher_rf__seed_3,condition_recombine_pseudolabel,0.5,0.9,random_forest,3,158,23,1.1455696202531647,True,0.8500000000000002,0.85,0.85,reaction_role_concat,6144,random_forest,False,valid,r2,0.6960832985367091,1,0.05,random,,
condition_recombine_pseudolabel__mult_0.5__sim_0.9__teacher_rf__seed_3,condition_recombine_pseudolabel,0.5,0.9,random_forest,3,158,23,1.1455696202531647,True,0.8500000000000002,0.85,0.85,reaction_role_concat,6144,random_forest,False,valid,spearman,0.8378249422789898,1,0.05,random,,
condition_recombine_pseudolabel__mult_0.5__sim_0.9__teacher_rf__seed_4,condition_recombine_pseudolabel,0.5,0.9,random_forest,4,158,19,1.120253164556962,True,0.85,0.85,0.85,reaction_role_concat,6144,random_forest,False,valid,rmse,15.330850103661879,1,0.05,random,,
condition_recombine_pseudolabel__mult_0.5__sim_0.9__teacher_rf__seed_4,condition_recombine_pseudolabel,0.5,0.9,random_forest,4,158,19,1.120253164556962,True,0.85,0.85,0.85,reaction_role_concat,6144,random_forest,False,valid,mae,10.95083007382064,1,0.05,random,,
condition_recombine_pseudolabel__mult_0.5__sim_0.9__teacher_rf__seed_4,condition_recombine_pseudolabel,0.5,0.9,random_forest,4,158,19,1.120253164556962,True,0.85,0.85,0.85,reaction_role_concat,6144,random_forest,False,valid,r2,0.6937293121886712,1,0.05,random,,
condition_recombine_pseudolabel__mult_0.5__sim_0.9__teacher_rf__seed_4,condition_recombine_pseudolabel,0.5,0.9,random_forest,4,158,19,1.120253164556962,True,0.85,0.85,0.85,reaction_role_concat,6144,random_forest,False,valid,spearman,0.8358456943835783,1,0.05,random,,
condition_recombine_pseudolabel__mult_0.5__sim_0.95__teacher_ridge__seed_0,condition_recombine_pseudolabel,0.5,0.95,ridge,0,158,0,1.0,True,,,,reaction_role_concat,6144,random_forest,False,valid,rmse,15.347443997609096,1,0.05,random,,
condition_recombine_pseudolabel__mult_0.5__sim_0.95__teacher_ridge__seed_0,condition_recombine_pseudolabel,0.5,0.95,ridge,0,158,0,1.0,True,,,,reaction_role_concat,6144,random_forest,False,valid,mae,11.017895912626877,1,0.05,random,,
condition_recombine_pseudolabel__mult_0.5__sim_0.95__teacher_ridge__seed_0,condition_recombine_pseudolabel,0.5,0.95,ridge,0,158,0,1.0,True,,,,reaction_role_concat,6144,random_forest,False,valid,r2,0.6930659473078735,1,0.05,random,,
condition_recombine_pseudolabel__mult_0.5__sim_0.95__teacher_ridge__seed_0,condition_recombine_pseudolabel,0.5,0.95,ridge,0,158,0,1.0,True,,,,reaction_role_concat,6144,random_forest,False,valid,spearman,0.8373159149276908,1,0.05,random,,
condition_recombine_pseudolabel__mult_0.5__sim_0.95__teacher_ridge__seed_1,condition_recombine_pseudolabel,0.5,0.95,ridge,1,158,0,1.0,True,,,,reaction_role_concat,6144,random_forest,False,valid,rmse,15.347443997609096,1,0.05,random,,
condition_recombine_pseudolabel__mult_0.5__sim_0.95__teacher_ridge__seed_1,condition_recombine_pseudolabel,0.5,0.95,ridge,1,158,0,1.0,True,,,,reaction_role_concat,6144,random_forest,False,valid,mae,11.017895912626877,1,0.05,random,,
condition_recombine_pseudolabel__mult_0.5__sim_0.95__teacher_ridge__seed_1,condition_recombine_pseudolabel,0.5,0.95,ridge,1,158,0,1.0,True,,,,reaction_role_concat,6144,random_forest,False,valid,r2,0.6930659473078735,1,0.05,random,,
condition_recombine_pseudolabel__mult_0.5__sim_0.95__teacher_ridge__seed_1,condition_recombine_pseudolabel,0.5,0.95,ridge,1,158,0,1.0,True,,,,reaction_role_concat,6144,random_forest,False,valid,spearman,0.8373159149276908,1,0.05,random,,
condition_recombine_pseudolabel__mult_0.5__sim_0.95__teacher_ridge__seed_2,condition_recombine_pseudolabel,0.5,0.95,ridge,2,158,0,1.0,True,,,,reaction_role_concat,6144,random_forest,False,valid,rmse,15.347443997609096,1,0.05,random,,
condition_recombine_pseudolabel__mult_0.5__sim_0.95__teacher_ridge__seed_2,condition_recombine_pseudolabel,0.5,0.95,ridge,2,158,0,1.0,True,,,,reaction_role_concat,6144,random_forest,False,valid,mae,11.017895912626877,1,0.05,random,,
condition_recombine_pseudolabel__mult_0.5__sim_0.95__teacher_ridge__seed_2,condition_recombine_pseudolabel,0.5,0.95,ridge,2,158,0,1.0,True,,,,reaction_role_concat,6144,random_forest,False,valid,r2,0.6930659473078735,1,0.05,random,,
condition_recombine_pseudolabel__mult_0.5__sim_0.95__teacher_ridge__seed_2,condition_recombine_pseudolabel,0.5,0.95,ridge,2,158,0,1.0,True,,,,reaction_role_concat,6144,random_forest,False,valid,spearman,0.8373159149276908,1,0.05,random,,
condition_recombine_pseudolabel__mult_0.5__sim_0.95__teacher_ridge__seed_3,condition_recombine_pseudolabel,0.5,0.95,ridge,3,158,0,1.0,True,,,,reaction_role_concat,6144,random_forest,False,valid,rmse,15.347443997609096,1,0.05,random,,
condition_recombine_pseudolabel__mult_0.5__sim_0.95__teacher_ridge__seed_3,condition_recombine_pseudolabel,0.5,0.95,ridge,3,158,0,1.0,True,,,,reaction_role_concat,6144,random_forest,False,valid,mae,11.017895912626877,1,0.05,random,,
condition_recombine_pseudolabel__mult_0.5__sim_0.95__teacher_ridge__seed_3,condition_recombine_pseudolabel,0.5,0.95,ridge,3,158,0,1.0,True,,,,reaction_role_concat,6144,random_forest,False,valid,r2,0.6930659473078735,1,0.05,random,,
condition_recombine_pseudolabel__mult_0.5__sim_0.95__teacher_ridge__seed_3,condition_recombine_pseudolabel,0.5,0.95,ridge,3,158,0,1.0,True,,,,reaction_role_concat,6144,random_forest,False,valid,spearman,0.8373159149276908,1,0.05,random,,
condition_recombine_pseudolabel__mult_0.5__sim_0.95__teacher_ridge__seed_4,condition_recombine_pseudolabel,0.5,0.95,ridge,4,158,0,1.0,True,,,,reaction_role_concat,6144,random_forest,False,valid,rmse,15.347443997609096,1,0.05,random,,
condition_recombine_pseudolabel__mult_0.5__sim_0.95__teacher_ridge__seed_4,condition_recombine_pseudolabel,0.5,0.95,ridge,4,158,0,1.0,True,,,,reaction_role_concat,6144,random_forest,False,valid,mae,11.017895912626877,1,0.05,random,,
condition_recombine_pseudolabel__mult_0.5__sim_0.95__teacher_ridge__seed_4,condition_recombine_pseudolabel,0.5,0.95,ridge,4,158,0,1.0,True,,,,reaction_role_concat,6144,random_forest,False,valid,r2,0.6930659473078735,1,0.05,random,,
condition_recombine_pseudolabel__mult_0.5__sim_0.95__teacher_ridge__seed_4,condition_recombine_pseudolabel,0.5,0.95,ridge,4,158,0,1.0,True,,,,reaction_role_concat,6144,random_forest,False,valid,spearman,0.8373159149276908,1,0.05,random,,
condition_recombine_pseudolabel__mult_0.5__sim_0.95__teacher_rf__seed_0,condition_recombine_pseudolabel,0.5,0.95,random_forest,0,158,0,1.0,True,,,,reaction_role_concat,6144,random_forest,False,valid,rmse,15.347443997609096,1,0.05,random,,
condition_recombine_pseudolabel__mult_0.5__sim_0.95__teacher_rf__seed_0,condition_recombine_pseudolabel,0.5,0.95,random_forest,0,158,0,1.0,True,,,,reaction_role_concat,6144,random_forest,False,valid,mae,11.017895912626877,1,0.05,random,,
condition_recombine_pseudolabel__mult_0.5__sim_0.95__teacher_rf__seed_0,condition_recombine_pseudolabel,0.5,0.95,random_forest,0,158,0,1.0,True,,,,reaction_role_concat,6144,random_forest,False,valid,r2,0.6930659473078735,1,0.05,random,,
condition_recombine_pseudolabel__mult_0.5__sim_0.95__teacher_rf__seed_0,condition_recombine_pseudolabel,0.5,0.95,random_forest,0,158,0,1.0,True,,,,reaction_role_concat,6144,random_forest,False,valid,spearman,0.8373159149276908,1,0.05,random,,
condition_recombine_pseudolabel__mult_0.5__sim_0.95__teacher_rf__seed_1,condition_recombine_pseudolabel,0.5,0.95,random_forest,1,158,0,1.0,True,,,,reaction_role_concat,6144,random_forest,False,valid,rmse,15.347443997609096,1,0.05,random,,
condition_recombine_pseudolabel__mult_0.5__sim_0.95__teacher_rf__seed_1,condition_recombine_pseudolabel,0.5,0.95,random_forest,1,158,0,1.0,True,,,,reaction_role_concat,6144,random_forest,False,valid,mae,11.017895912626877,1,0.05,random,,
condition_recombine_pseudolabel__mult_0.5__sim_0.95__teacher_rf__seed_1,condition_recombine_pseudolabel,0.5,0.95,random_forest,1,158,0,1.0,True,,,,reaction_role_concat,6144,random_forest,False,valid,r2,0.6930659473078735,1,0.05,random,,
condition_recombine_pseudolabel__mult_0.5__sim_0.95__teacher_rf__seed_1,condition_recombine_pseudolabel,0.5,0.95,random_forest,1,158,0,1.0,True,,,,reaction_role_concat,6144,random_forest,False,valid,spearman,0.8373159149276908,1,0.05,random,,
condition_recombine_pseudolabel__mult_0.5__sim_0.95__teacher_rf__seed_2,condition_recombine_pseudolabel,0.5,0.95,random_forest,2,158,0,1.0,True,,,,reaction_role_concat,6144,random_forest,False,valid,rmse,15.347443997609096,1,0.05,random,,
condition_recombine_pseudolabel__mult_0.5__sim_0.95__teacher_rf__seed_2,condition_recombine_pseudolabel,0.5,0.95,random_forest,2,158,0,1.0,True,,,,reaction_role_concat,6144,random_forest,False,valid,mae,11.017895912626877,1,0.05,random,,
condition_recombine_pseudolabel__mult_0.5__sim_0.95__teacher_rf__seed_2,condition_recombine_pseudolabel,0.5,0.95,random_forest,2,158,0,1.0,True,,,,reaction_role_concat,6144,random_forest,False,valid,r2,0.6930659473078735,1,0.05,random,,
condition_recombine_pseudolabel__mult_0.5__sim_0.95__teacher_rf__seed_2,condition_recombine_pseudolabel,0.5,0.95,random_forest,2,158,0,1.0,True,,,,reaction_role_concat,6144,random_forest,False,valid,spearman,0.8373159149276908,1,0.05,random,,
condition_recombine_pseudolabel__mult_0.5__sim_0.95__teacher_rf__seed_3,condition_recombine_pseudolabel,0.5,0.95,random_forest,3,158,0,1.0,True,,,,reaction_role_concat,6144,random_forest,False,valid,rmse,15.347443997609096,1,0.05,random,,
condition_recombine_pseudolabel__mult_0.5__sim_0.95__teacher_rf__seed_3,condition_recombine_pseudolabel,0.5,0.95,random_forest,3,158,0,1.0,True,,,,reaction_role_concat,6144,random_forest,False,valid,mae,11.017895912626877,1,0.05,random,,
condition_recombine_pseudolabel__mult_0.5__sim_0.95__teacher_rf__seed_3,condition_recombine_pseudolabel,0.5,0.95,random_forest,3,158,0,1.0,True,,,,reaction_role_concat,6144,random_forest,False,valid,r2,0.6930659473078735,1,0.05,random,,
condition_recombine_pseudolabel__mult_0.5__sim_0.95__teacher_rf__seed_3,condition_recombine_pseudolabel,0.5,0.95,random_forest,3,158,0,1.0,True,,,,reaction_role_concat,6144,random_forest,False,valid,spearman,0.8373159149276908,1,0.05,random,,
condition_recombine_pseudolabel__mult_0.5__sim_0.95__teacher_rf__seed_4,condition_recombine_pseudolabel,0.5,0.95,random_forest,4,158,0,1.0,True,,,,reaction_role_concat,6144,random_forest,False,valid,rmse,15.347443997609096,1,0.05,random,,
condition_recombine_pseudolabel__mult_0.5__sim_0.95__teacher_rf__seed_4,condition_recombine_pseudolabel,0.5,0.95,random_forest,4,158,0,1.0,True,,,,reaction_role_concat,6144,random_forest,False,valid,mae,11.017895912626877,1,0.05,random,,
condition_recombine_pseudolabel__mult_0.5__sim_0.95__teacher_rf__seed_4,condition_recombine_pseudolabel,0.5,0.95,random_forest,4,158,0,1.0,True,,,,reaction_role_concat,6144,random_forest,False,valid,r2,0.6930659473078735,1,0.05,random,,
condition_recombine_pseudolabel__mult_0.5__sim_0.95__teacher_rf__seed_4,condition_recombine_pseudolabel,0.5,0.95,random_forest,4,158,0,1.0,True,,,,reaction_role_concat,6144,random_forest,False,valid,spearman,0.8373159149276908,1,0.05,random,,
condition_recombine_pseudolabel__mult_1__sim_0.7__teacher_ridge__seed_0,condition_recombine_pseudolabel,1.0,0.7,ridge,0,158,158,2.0,True,0.8323126897781707,0.7583892345428467,0.85,reaction_role_concat,6144,random_forest,False,valid,rmse,15.211079240106933,1,0.05,random,,
condition_recombine_pseudolabel__mult_1__sim_0.7__teacher_ridge__seed_0,condition_recombine_pseudolabel,1.0,0.7,ridge,0,158,158,2.0,True,0.8323126897781707,0.7583892345428467,0.85,reaction_role_concat,6144,random_forest,False,valid,mae,11.388869015194194,1,0.05,random,,
condition_recombine_pseudolabel__mult_1__sim_0.7__teacher_ridge__seed_0,condition_recombine_pseudolabel,1.0,0.7,ridge,0,158,158,2.0,True,0.8323126897781707,0.7583892345428467,0.85,reaction_role_concat,6144,random_forest,False,valid,r2,0.698496042792524,1,0.05,random,,
condition_recombine_pseudolabel__mult_1__sim_0.7__teacher_ridge__seed_0,condition_recombine_pseudolabel,1.0,0.7,ridge,0,158,158,2.0,True,0.8323126897781707,0.7583892345428467,0.85,reaction_role_concat,6144,random_forest,False,valid,spearman,0.8428673119173004,1,0.05,random,,
condition_recombine_pseudolabel__mult_1__sim_0.7__teacher_ridge__seed_1,condition_recombine_pseudolabel,1.0,0.7,ridge,1,158,158,2.0,True,0.8345899691310108,0.75,0.85,reaction_role_concat,6144,random_forest,False,valid,rmse,15.661029069518541,1,0.05,random,,
condition_recombine_pseudolabel__mult_1__sim_0.7__teacher_ridge__seed_1,condition_recombine_pseudolabel,1.0,0.7,ridge,1,158,158,2.0,True,0.8345899691310108,0.75,0.85,reaction_role_concat,6144,random_forest,False,valid,mae,11.555702754168573,1,0.05,random,,
condition_recombine_pseudolabel__mult_1__sim_0.7__teacher_ridge__seed_1,condition_recombine_pseudolabel,1.0,0.7,ridge,1,158,158,2.0,True,0.8345899691310108,0.75,0.85,reaction_role_concat,6144,random_forest,False,valid,r2,0.6803950106395922,1,0.05,random,,
condition_recombine_pseudolabel__mult_1__sim_0.7__teacher_ridge__seed_1,condition_recombine_pseudolabel,1.0,0.7,ridge,1,158,158,2.0,True,0.8345899691310108,0.75,0.85,reaction_role_concat,6144,random_forest,False,valid,spearman,0.8241775957368676,1,0.05,random,,
condition_recombine_pseudolabel__mult_1__sim_0.7__teacher_ridge__seed_2,condition_recombine_pseudolabel,1.0,0.7,ridge,2,158,158,2.0,True,0.8366056348704083,0.7724137902259827,0.85,reaction_role_concat,6144,random_forest,False,valid,rmse,15.95878997595787,1,0.05,random,,
condition_recombine_pseudolabel__mult_1__sim_0.7__teacher_ridge__seed_2,condition_recombine_pseudolabel,1.0,0.7,ridge,2,158,158,2.0,True,0.8366056348704083,0.7724137902259827,0.85,reaction_role_concat,6144,random_forest,False,valid,mae,11.813414319505423,1,0.05,random,,
condition_recombine_pseudolabel__mult_1__sim_0.7__teacher_ridge__seed_2,condition_recombine_pseudolabel,1.0,0.7,ridge,2,158,158,2.0,True,0.8366056348704083,0.7724137902259827,0.85,reaction_role_concat,6144,random_forest,False,valid,r2,0.6681262691079431,1,0.05,random,,
condition_recombine_pseudolabel__mult_1__sim_0.7__teacher_ridge__seed_2,condition_recombine_pseudolabel,1.0,0.7,ridge,2,158,158,2.0,True,0.8366056348704083,0.7724137902259827,0.85,reaction_role_concat,6144,random_forest,False,valid,spearman,0.816432746534161,1,0.05,random,,
condition_recombine_pseudolabel__mult_1__sim_0.7__teacher_ridge__seed_3,condition_recombine_pseudolabel,1.0,0.7,ridge,3,158,158,2.0,True,0.8315984910047506,0.7532467246055603,0.85,reaction_role_concat,6144,random_forest,False,valid,rmse,15.395389778679855,1,0.05,random,,
condition_recombine_pseudolabel__mult_1__sim_0.7__teacher_ridge__seed_3,condition_recombine_pseudolabel,1.0,0.7,ridge,3,158,158,2.0,True,0.8315984910047506,0.7532467246055603,0.85,reaction_role_concat,6144,random_forest,False,valid,mae,11.464621401683438,1,0.05,random,,
condition_recombine_pseudolabel__mult_1__sim_0.7__teacher_ridge__seed_3,condition_recombine_pseudolabel,1.0,0.7,ridge,3,158,158,2.0,True,0.8315984910047506,0.7532467246055603,0.85,reaction_role_concat,6144,random_forest,False,valid,r2,0.6911452131759077,1,0.05,random,,
condition_recombine_pseudolabel__mult_1__sim_0.7__teacher_ridge__seed_3,condition_recombine_pseudolabel,1.0,0.7,ridge,3,158,158,2.0,True,0.8315984910047506,0.7532467246055603,0.85,reaction_role_concat,6144,random_forest,False,valid,spearman,0.833705598518705,1,0.05,random,,
condition_recombine_pseudolabel__mult_1__sim_0.7__teacher_ridge__seed_4,condition_recombine_pseudolabel,1.0,0.7,ridge,4,158,158,2.0,True,0.8333195415478717,0.7439024448394775,0.85,reaction_role_concat,6144,random_forest,False,valid,rmse,15.017603441410742,1,0.05,random,,
condition_recombine_pseudolabel__mult_1__sim_0.7__teacher_ridge__seed_4,condition_recombine_pseudolabel,1.0,0.7,ridge,4,158,158,2.0,True,0.8333195415478717,0.7439024448394775,0.85,reaction_role_concat,6144,random_forest,False,valid,mae,10.872706930897658,1,0.05,random,,
condition_recombine_pseudolabel__mult_1__sim_0.7__teacher_ridge__seed_4,condition_recombine_pseudolabel,1.0,0.7,ridge,4,158,158,2.0,True,0.8333195415478717,0.7439024448394775,0.85,reaction_role_concat,6144,random_forest,False,valid,r2,0.7061171633019263,1,0.05,random,,
condition_recombine_pseudolabel__mult_1__sim_0.7__teacher_ridge__seed_4,condition_recombine_pseudolabel,1.0,0.7,ridge,4,158,158,2.0,True,0.8333195415478717,0.7439024448394775,0.85,reaction_role_concat,6144,random_forest,False,valid,spearman,0.8352441697132785,1,0.05,random,,
condition_recombine_pseudolabel__mult_1__sim_0.7__teacher_rf__seed_0,condition_recombine_pseudolabel,1.0,0.7,random_forest,0,158,158,2.0,True,0.8323126897781707,0.7583892345428467,0.85,reaction_role_concat,6144,random_forest,False,valid,rmse,15.422295275973138,1,0.05,random,,
condition_recombine_pseudolabel__mult_1__sim_0.7__teacher_rf__seed_0,condition_recombine_pseudolabel,1.0,0.7,random_forest,0,158,158,2.0,True,0.8323126897781707,0.7583892345428467,0.85,reaction_role_concat,6144,random_forest,False,valid,mae,11.014768930623047,1,0.05,random,,
condition_recombine_pseudolabel__mult_1__sim_0.7__teacher_rf__seed_0,condition_recombine_pseudolabel,1.0,0.7,random_forest,0,158,158,2.0,True,0.8323126897781707,0.7583892345428467,0.85,reaction_role_concat,6144,random_forest,False,valid,r2,0.6900647399858766,1,0.05,random,,
condition_recombine_pseudolabel__mult_1__sim_0.7__teacher_rf__seed_0,condition_recombine_pseudolabel,1.0,0.7,random_forest,0,158,158,2.0,True,0.8323126897781707,0.7583892345428467,0.85,reaction_role_concat,6144,random_forest,False,valid,spearman,0.8305910677395615,1,0.05,random,,
condition_recombine_pseudolabel__mult_1__sim_0.7__teacher_rf__seed_1,condition_recombine_pseudolabel,1.0,0.7,random_forest,1,158,158,2.0,True,0.8345899691310108,0.75,0.85,reaction_role_concat,6144,random_forest,False,valid,rmse,15.485831567841469,1,0.05,random,,
condition_recombine_pseudolabel__mult_1__sim_0.7__teacher_rf__seed_1,condition_recombine_pseudolabel,1.0,0.7,random_forest,1,158,158,2.0,True,0.8345899691310108,0.75,0.85,reaction_role_concat,6144,random_forest,False,valid,mae,11.065629631432552,1,0.05,random,,
condition_recombine_pseudolabel__mult_1__sim_0.7__teacher_rf__seed_1,condition_recombine_pseudolabel,1.0,0.7,random_forest,1,158,158,2.0,True,0.8345899691310108,0.75,0.85,reaction_role_concat,6144,random_forest,False,valid,r2,0.6875057563437981,1,0.05,random,,
condition_recombine_pseudolabel__mult_1__sim_0.7__teacher_rf__seed_1,condition_recombine_pseudolabel,1.0,0.7,random_forest,1,158,158,2.0,True,0.8345899691310108,0.75,0.85,reaction_role_concat,6144,random_forest,False,valid,spearman,0.8313086522038071,1,0.05,random,,
condition_recombine_pseudolabel__mult_1__sim_0.7__teacher_rf__seed_2,condition_recombine_pseudolabel,1.0,0.7,random_forest,2,158,158,2.0,True,0.8366056348704083,0.7724137902259827,0.85,reaction_role_concat,6144,random_forest,False,valid,rmse,15.466458719633955,1,0.05,random,,
condition_recombine_pseudolabel__mult_1__sim_0.7__teacher_rf__seed_2,condition_recombine_pseudolabel,1.0,0.7,random_forest,2,158,158,2.0,True,0.8366056348704083,0.7724137902259827,0.85,reaction_role_concat,6144,random_forest,False,valid,mae,11.034373127721533,1,0.05,random,,
condition_recombine_pseudolabel__mult_1__sim_0.7__teacher_rf__seed_2,condition_recombine_pseudolabel,1.0,0.7,random_forest,2,158,158,2.0,True,0.8366056348704083,0.7724137902259827,0.85,reaction_role_concat,6144,random_forest,False,valid,r2,0.6882871308267435,1,0.05,random,,
condition_recombine_pseudolabel__mult_1__sim_0.7__teacher_rf__seed_2,condition_recombine_pseudolabel,1.0,0.7,random_forest,2,158,158,2.0,True,0.8366056348704083,0.7724137902259827,0.85,reaction_role_concat,6144,random_forest,False,valid,spearman,0.8342993339410888,1,0.05,random,,
condition_recombine_pseudolabel__mult_1__sim_0.7__teacher_rf__seed_3,condition_recombine_pseudolabel,1.0,0.7,random_forest,3,158,158,2.0,True,0.8315984910047506,0.7532467246055603,0.85,reaction_role_concat,6144,random_forest,False,valid,rmse,15.467759308942425,1,0.05,random,,
condition_recombine_pseudolabel__mult_1__sim_0.7__teacher_rf__seed_3,condition_recombine_pseudolabel,1.0,0.7,random_forest,3,158,158,2.0,True,0.8315984910047506,0.7532467246055603,0.85,reaction_role_concat,6144,random_forest,False,valid,mae,11.087591418518294,1,0.05,random,,
condition_recombine_pseudolabel__mult_1__sim_0.7__teacher_rf__seed_3,condition_recombine_pseudolabel,1.0,0.7,random_forest,3,158,158,2.0,True,0.8315984910047506,0.7532467246055603,0.85,reaction_role_concat,6144,random_forest,False,valid,r2,0.6882347041558445,1,0.05,random,,
condition_recombine_pseudolabel__mult_1__sim_0.7__teacher_rf__seed_3,condition_recombine_pseudolabel,1.0,0.7,random_forest,3,158,158,2.0,True,0.8315984910047506,0.7532467246055603,0.85,reaction_role_concat,6144,random_forest,False,valid,spearman,0.8304946757966032,1,0.05,random,,
condition_recombine_pseudolabel__mult_1__sim_0.7__teacher_rf__seed_4,condition_recombine_pseudolabel,1.0,0.7,random_forest,4,158,158,2.0,True,0.8333195415478717,0.7439024448394775,0.85,reaction_role_concat,6144,random_forest,False,valid,rmse,15.179930351925677,1,0.05,random,,
condition_recombine_pseudolabel__mult_1__sim_0.7__teacher_rf__seed_4,condition_recombine_pseudolabel,1.0,0.7,random_forest,4,158,158,2.0,True,0.8333195415478717,0.7439024448394775,0.85,reaction_role_concat,6144,random_forest,False,valid,mae,10.858670305612723,1,0.05,random,,
condition_recombine_pseudolabel__mult_1__sim_0.7__teacher_rf__seed_4,condition_recombine_pseudolabel,1.0,0.7,random_forest,4,158,158,2.0,True,0.8333195415478717,0.7439024448394775,0.85,reaction_role_concat,6144,random_forest,False,valid,r2,0.6997296038097347,1,0.05,random,,
condition_recombine_pseudolabel__mult_1__sim_0.7__teacher_rf__seed_4,condition_recombine_pseudolabel,1.0,0.7,random_forest,4,158,158,2.0,True,0.8333195415478717,0.7439024448394775,0.85,reaction_role_concat,6144,random_forest,False,valid,spearman,0.8358094743807698,1,0.05,random,,
condition_recombine_pseudolabel__mult_1__sim_0.8__teacher_ridge__seed_0,condition_recombine_pseudolabel,1.0,0.8,ridge,0,158,134,1.8481012658227849,True,0.8414401966244427,0.8012820482254028,0.85,reaction_role_concat,6144,random_forest,False,valid,rmse,15.565284494298956,1,0.05,random,,
condition_recombine_pseudolabel__mult_1__sim_0.8__teacher_ridge__seed_0,condition_recombine_pseudolabel,1.0,0.8,ridge,0,158,134,1.8481012658227849,True,0.8414401966244427,0.8012820482254028,0.85,reaction_role_concat,6144,random_forest,False,valid,mae,11.556895432180998,1,0.05,random,,
condition_recombine_pseudolabel__mult_1__sim_0.8__teacher_ridge__seed_0,condition_recombine_pseudolabel,1.0,0.8,ridge,0,158,134,1.8481012658227849,True,0.8414401966244427,0.8012820482254028,0.85,reaction_role_concat,6144,random_forest,False,valid,r2,0.684290911100291,1,0.05,random,,
condition_recombine_pseudolabel__mult_1__sim_0.8__teacher_ridge__seed_0,condition_recombine_pseudolabel,1.0,0.8,ridge,0,158,134,1.8481012658227849,True,0.8414401966244427,0.8012820482254028,0.85,reaction_role_concat,6144,random_forest,False,valid,spearman,0.8375199932230853,1,0.05,random,,
condition_recombine_pseudolabel__mult_1__sim_0.8__teacher_ridge__seed_1,condition_recombine_pseudolabel,1.0,0.8,ridge,1,158,143,1.9050632911392404,True,0.8398784090588977,0.8012422323226929,0.85,reaction_role_concat,6144,random_forest,False,valid,rmse,15.486860606387324,1,0.05,random,,
condition_recombine_pseudolabel__mult_1__sim_0.8__teacher_ridge__seed_1,condition_recombine_pseudolabel,1.0,0.8,ridge,1,158,143,1.9050632911392404,True,0.8398784090588977,0.8012422323226929,0.85,reaction_role_concat,6144,random_forest,False,valid,mae,11.297259671815588,1,0.05,random,,
condition_recombine_pseudolabel__mult_1__sim_0.8__teacher_ridge__seed_1,condition_recombine_pseudolabel,1.0,0.8,ridge,1,158,143,1.9050632911392404,True,0.8398784090588977,0.8012422323226929,0.85,reaction_role_concat,6144,random_forest,False,valid,r2,0.6874642242756182,1,0.05,random,,
condition_recombine_pseudolabel__mult_1__sim_0.8__teacher_ridge__seed_1,condition_recombine_pseudolabel,1.0,0.8,ridge,1,158,143,1.9050632911392404,True,0.8398784090588977,0.8012422323226929,0.85,reaction_role_concat,6144,random_forest,False,valid,spearman,0.8262592722423724,1,0.05,random,,
condition_recombine_pseudolabel__mult_1__sim_0.8__teacher_ridge__seed_2,condition_recombine_pseudolabel,1.0,0.8,ridge,2,158,145,1.9177215189873418,True,0.8411879995773579,0.8012820482254028,0.85,reaction_role_concat,6144,random_forest,False,valid,rmse,16.22603294277619,1,0.05,random,,
condition_recombine_pseudolabel__mult_1__sim_0.8__teacher_ridge__seed_2,condition_recombine_pseudolabel,1.0,0.8,ridge,2,158,145,1.9177215189873418,True,0.8411879995773579,0.8012820482254028,0.85,reaction_role_concat,6144,random_forest,False,valid,mae,12.202371213940127,1,0.05,random,,
condition_recombine_pseudolabel__mult_1__sim_0.8__teacher_ridge__seed_2,condition_recombine_pseudolabel,1.0,0.8,ridge,2,158,145,1.9177215189873418,True,0.8411879995773579,0.8012820482254028,0.85,reaction_role_concat,6144,random_forest,False,valid,r2,0.6569182111634151,1,0.05,random,,
condition_recombine_pseudolabel__mult_1__sim_0.8__teacher_ridge__seed_2,condition_recombine_pseudolabel,1.0,0.8,ridge,2,158,145,1.9177215189873418,True,0.8411879995773579,0.8012820482254028,0.85,reaction_role_concat,6144,random_forest,False,valid,spearman,0.810452356715587,1,0.05,random,,
condition_recombine_pseudolabel__mult_1__sim_0.8__teacher_ridge__seed_3,condition_recombine_pseudolabel,1.0,0.8,ridge,3,158,139,1.879746835443038,True,0.8381173633843017,0.8012820482254028,0.85,reaction_role_concat,6144,random_forest,False,valid,rmse,14.960142561040866,1,0.05,random,,
condition_recombine_pseudolabel__mult_1__sim_0.8__teacher_ridge__seed_3,condition_recombine_pseudolabel,1.0,0.8,ridge,3,158,139,1.879746835443038,True,0.8381173633843017,0.8012820482254028,0.85,reaction_role_concat,6144,random_forest,False,valid,mae,11.22248453408857,1,0.05,random,,
condition_recombine_pseudolabel__mult_1__sim_0.8__teacher_ridge__seed_3,condition_recombine_pseudolabel,1.0,0.8,ridge,3,158,139,1.879746835443038,True,0.8381173633843017,0.8012820482254028,0.85,reaction_role_concat,6144,random_forest,False,valid,r2,0.7083617904448933,1,0.05,random,,
condition_recombine_pseudolabel__mult_1__sim_0.8__teacher_ridge__seed_3,condition_recombine_pseudolabel,1.0,0.8,ridge,3,158,139,1.879746835443038,True,0.8381173633843017,0.8012820482254028,0.85,reaction_role_concat,6144,random_forest,False,valid,spearman,0.8429268996638565,1,0.05,random,,
condition_recombine_pseudolabel__mult_1__sim_0.8__teacher_ridge__seed_4,condition_recombine_pseudolabel,1.0,0.8,ridge,4,158,139,1.879746835443038,True,0.8407996585900833,0.8024691343307495,0.85,reaction_role_concat,6144,random_forest,False,valid,rmse,14.681074143421027,1,0.05,random,,
condition_recombine_pseudolabel__mult_1__sim_0.8__teacher_ridge__seed_4,condition_recombine_pseudolabel,1.0,0.8,ridge,4,158,139,1.879746835443038,True,0.8407996585900833,0.8024691343307495,0.85,reaction_role_concat,6144,random_forest,False,valid,mae,10.559899694700029,1,0.05,random,,
condition_recombine_pseudolabel__mult_1__sim_0.8__teacher_ridge__seed_4,condition_recombine_pseudolabel,1.0,0.8,ridge,4,158,139,1.879746835443038,True,0.8407996585900833,0.8024691343307495,0.85,reaction_role_concat,6144,random_forest,False,valid,r2,0.7191408203150531,1,0.05,random,,
condition_recombine_pseudolabel__mult_1__sim_0.8__teacher_ridge__seed_4,condition_recombine_pseudolabel,1.0,0.8,ridge,4,158,139,1.879746835443038,True,0.8407996585900833,0.8024691343307495,0.85,reaction_role_concat,6144,random_forest,False,valid,spearman,0.8410545591960897,1,0.05,random,,
condition_recombine_pseudolabel__mult_1__sim_0.8__teacher_rf__seed_0,condition_recombine_pseudolabel,1.0,0.8,random_forest,0,158,134,1.8481012658227849,True,0.8414401966244427,0.8012820482254028,0.85,reaction_role_concat,6144,random_forest,False,valid,rmse,15.402109247020103,1,0.05,random,,
condition_recombine_pseudolabel__mult_1__sim_0.8__teacher_rf__seed_0,condition_recombine_pseudolabel,1.0,0.8,random_forest,0,158,134,1.8481012658227849,True,0.8414401966244427,0.8012820482254028,0.85,reaction_role_concat,6144,random_forest,False,valid,mae,10.991099091550971,1,0.05,random,,
condition_recombine_pseudolabel__mult_1__sim_0.8__teacher_rf__seed_0,condition_recombine_pseudolabel,1.0,0.8,random_forest,0,158,134,1.8481012658227849,True,0.8414401966244427,0.8012820482254028,0.85,reaction_role_concat,6144,random_forest,False,valid,r2,0.690875548959172,1,0.05,random,,
condition_recombine_pseudolabel__mult_1__sim_0.8__teacher_rf__seed_0,condition_recombine_pseudolabel,1.0,0.8,random_forest,0,158,134,1.8481012658227849,True,0.8414401966244427,0.8012820482254028,0.85,reaction_role_concat,6144,random_forest,False,valid,spearman,0.8316953883628279,1,0.05,random,,
condition_recombine_pseudolabel__mult_1__sim_0.8__teacher_rf__seed_1,condition_recombine_pseudolabel,1.0,0.8,random_forest,1,158,143,1.9050632911392404,True,0.8398784090588977,0.8012422323226929,0.85,reaction_role_concat,6144,random_forest,False,valid,rmse,15.298776117646058,1,0.05,random,,
condition_recombine_pseudolabel__mult_1__sim_0.8__teacher_rf__seed_1,condition_recombine_pseudolabel,1.0,0.8,random_forest,1,158,143,1.9050632911392404,True,0.8398784090588977,0.8012422323226929,0.85,reaction_role_concat,6144,random_forest,False,valid,mae,10.851107526142387,1,0.05,random,,
condition_recombine_pseudolabel__mult_1__sim_0.8__teacher_rf__seed_1,condition_recombine_pseudolabel,1.0,0.8,random_forest,1,158,143,1.9050632911392404,True,0.8398784090588977,0.8012422323226929,0.85,reaction_role_concat,6144,random_forest,False,valid,r2,0.6950094820298836,1,0.05,random,,
condition_recombine_pseudolabel__mult_1__sim_0.8__teacher_rf__seed_1,condition_recombine_pseudolabel,1.0,0.8,random_forest,1,158,143,1.9050632911392404,True,0.8398784090588977,0.8012422323226929,0.85,reaction_role_concat,6144,random_forest,False,valid,spearman,0.833725850563286,1,0.05,random,,
condition_recombine_pseudolabel__mult_1__sim_0.8__teacher_rf__seed_2,condition_recombine_pseudolabel,1.0,0.8,random_forest,2,158,145,1.9177215189873418,True,0.8411879995773579,0.8012820482254028,0.85,reaction_role_concat,6144,random_forest,False,valid,rmse,15.518077479658832,1,0.05,random,,
condition_recombine_pseudolabel__mult_1__sim_0.8__teacher_rf__seed_2,condition_recombine_pseudolabel,1.0,0.8,random_forest,2,158,145,1.9177215189873418,True,0.8411879995773579,0.8012820482254028,0.85,reaction_role_concat,6144,random_forest,False,valid,mae,11.13596543598854,1,0.05,random,,
condition_recombine_pseudolabel__mult_1__sim_0.8__teacher_rf__seed_2,condition_recombine_pseudolabel,1.0,0.8,random_forest,2,158,145,1.9177215189873418,True,0.8411879995773579,0.8012820482254028,0.85,reaction_role_concat,6144,random_forest,False,valid,r2,0.6862029973643919,1,0.05,random,,
condition_recombine_pseudolabel__mult_1__sim_0.8__teacher_rf__seed_2,condition_recombine_pseudolabel,1.0,0.8,random_forest,2,158,145,1.9177215189873418,True,0.8411879995773579,0.8012820482254028,0.85,reaction_role_concat,6144,random_forest,False,valid,spearman,0.8313633716704157,1,0.05,random,,
condition_recombine_pseudolabel__mult_1__sim_0.8__teacher_rf__seed_3,condition_recombine_pseudolabel,1.0,0.8,random_forest,3,158,139,1.879746835443038,True,0.8381173633843017,0.8012820482254028,0.85,reaction_role_concat,6144,random_forest,False,valid,rmse,15.201385328183783,1,0.05,random,,
condition_recombine_pseudolabel__mult_1__sim_0.8__teacher_rf__seed_3,condition_recombine_pseudolabel,1.0,0.8,random_forest,3,158,139,1.879746835443038,True,0.8381173633843017,0.8012820482254028,0.85,reaction_role_concat,6144,random_forest,False,valid,mae,10.915403745719148,1,0.05,random,,
condition_recombine_pseudolabel__mult_1__sim_0.8__teacher_rf__seed_3,condition_recombine_pseudolabel,1.0,0.8,random_forest,3,158,139,1.879746835443038,True,0.8381173633843017,0.8012820482254028,0.85,reaction_role_concat,6144,random_forest,False,valid,r2,0.6988802129667513,1,0.05,random,,
condition_recombine_pseudolabel__mult_1__sim_0.8__teacher_rf__seed_3,condition_recombine_pseudolabel,1.0,0.8,random_forest,3,158,139,1.879746835443038,True,0.8381173633843017,0.8012820482254028,0.85,reaction_role_concat,6144,random_forest,False,valid,spearman,0.8370904162005274,1,0.05,random,,
condition_recombine_pseudolabel__mult_1__sim_0.8__teacher_rf__seed_4,condition_recombine_pseudolabel,1.0,0.8,random_forest,4,158,139,1.879746835443038,True,0.8407996585900833,0.8024691343307495,0.85,reaction_role_concat,6144,random_forest,False,valid,rmse,15.03459447183902,1,0.05,random,,
condition_recombine_pseudolabel__mult_1__sim_0.8__teacher_rf__seed_4,condition_recombine_pseudolabel,1.0,0.8,random_forest,4,158,139,1.879746835443038,True,0.8407996585900833,0.8024691343307495,0.85,reaction_role_concat,6144,random_forest,False,valid,mae,10.659632339172726,1,0.05,random,,
condition_recombine_pseudolabel__mult_1__sim_0.8__teacher_rf__seed_4,condition_recombine_pseudolabel,1.0,0.8,random_forest,4,158,139,1.879746835443038,True,0.8407996585900833,0.8024691343307495,0.85,reaction_role_concat,6144,random_forest,False,valid,r2,0.7054517845669267,1,0.05,random,,
condition_recombine_pseudolabel__mult_1__sim_0.8__teacher_rf__seed_4,condition_recombine_pseudolabel,1.0,0.8,random_forest,4,158,139,1.879746835443038,True,0.8407996585900833,0.8024691343307495,0.85,reaction_role_concat,6144,random_forest,False,valid,spearman,0.8384582081345466,1,0.05,random,,
condition_recombine_pseudolabel__mult_1__sim_0.85__teacher_ridge__seed_0,condition_recombine_pseudolabel,1.0,0.85,ridge,0,158,81,1.5126582278481013,True,0.8499999999999998,0.85,0.85,reaction_role_concat,6144,random_forest,False,valid,rmse,15.444644037577383,1,0.05,random,,
condition_recombine_pseudolabel__mult_1__sim_0.85__teacher_ridge__seed_0,condition_recombine_pseudolabel,1.0,0.85,ridge,0,158,81,1.5126582278481013,True,0.8499999999999998,0.85,0.85,reaction_role_concat,6144,random_forest,False,valid,mae,11.374264614962323,1,0.05,random,,
condition_recombine_pseudolabel__mult_1__sim_0.85__teacher_ridge__seed_0,condition_recombine_pseudolabel,1.0,0.85,ridge,0,158,81,1.5126582278481013,True,0.8499999999999998,0.85,0.85,reaction_role_concat,6144,random_forest,False,valid,r2,0.6891658221654913,1,0.05,random,,
condition_recombine_pseudolabel__mult_1__sim_0.85__teacher_ridge__seed_0,condition_recombine_pseudolabel,1.0,0.85,ridge,0,158,81,1.5126582278481013,True,0.8499999999999998,0.85,0.85,reaction_role_concat,6144,random_forest,False,valid,spearman,0.8389035583841341,1,0.05,random,,
condition_recombine_pseudolabel__mult_1__sim_0.85__teacher_ridge__seed_1,condition_recombine_pseudolabel,1.0,0.85,ridge,1,158,80,1.5063291139240507,True,0.8499999999999999,0.85,0.85,reaction_role_concat,6144,random_forest,False,valid,rmse,15.603336765746333,1,0.05,random,,
condition_recombine_pseudolabel__mult_1__sim_0.85__teacher_ridge__seed_1,condition_recombine_pseudolabel,1.0,0.85,ridge,1,158,80,1.5063291139240507,True,0.8499999999999999,0.85,0.85,reaction_role_concat,6144,random_forest,False,valid,mae,11.117154893297938,1,0.05,random,,
condition_recombine_pseudolabel__mult_1__sim_0.85__teacher_ridge__seed_1,condition_recombine_pseudolabel,1.0,0.85,ridge,1,158,80,1.5063291139240507,True,0.8499999999999999,0.85,0.85,reaction_role_concat,6144,random_forest,False,valid,r2,0.6827454035289479,1,0.05,random,,
condition_recombine_pseudolabel__mult_1__sim_0.85__teacher_ridge__seed_1,condition_recombine_pseudolabel,1.0,0.85,ridge,1,158,80,1.5063291139240507,True,0.8499999999999999,0.85,0.85,reaction_role_concat,6144,random_forest,False,valid,spearman,0.8260421469567187,1,0.05,random,,
condition_recombine_pseudolabel__mult_1__sim_0.85__teacher_ridge__seed_2,condition_recombine_pseudolabel,1.0,0.85,ridge,2,158,85,1.5379746835443038,True,0.8499999999999995,0.85,0.85,reaction_role_concat,6144,random_forest,False,valid,rmse,16.349493723700476,1,0.05,random,,
condition_recombine_pseudolabel__mult_1__sim_0.85__teacher_ridge__seed_2,condition_recombine_pseudolabel,1.0,0.85,ridge,2,158,85,1.5379746835443038,True,0.8499999999999995,0.85,0.85,reaction_role_concat,6144,random_forest,False,valid,mae,11.991495111624651,1,0.05,random,,
condition_recombine_pseudolabel__mult_1__sim_0.85__teacher_ridge__seed_2,condition_recombine_pseudolabel,1.0,0.85,ridge,2,158,85,1.5379746835443038,True,0.8499999999999995,0.85,0.85,reaction_role_concat,6144,random_forest,False,valid,r2,0.6516774613843568,1,0.05,random,,
condition_recombine_pseudolabel__mult_1__sim_0.85__teacher_ridge__seed_2,condition_recombine_pseudolabel,1.0,0.85,ridge,2,158,85,1.5379746835443038,True,0.8499999999999995,0.85,0.85,reaction_role_concat,6144,random_forest,False,valid,spearman,0.810560627261617,1,0.05,random,,
condition_recombine_pseudolabel__mult_1__sim_0.85__teacher_ridge__seed_3,condition_recombine_pseudolabel,1.0,0.85,ridge,3,158,74,1.4683544303797469,True,0.8499999999999999,0.85,0.85,reaction_role_concat,6144,random_forest,False,valid,rmse,15.083653841714554,1,0.05,random,,
condition_recombine_pseudolabel__mult_1__sim_0.85__teacher_ridge__seed_3,condition_recombine_pseudolabel,1.0,0.85,ridge,3,158,74,1.4683544303797469,True,0.8499999999999999,0.85,0.85,reaction_role_concat,6144,random_forest,False,valid,mae,11.10387223284833,1,0.05,random,,
condition_recombine_pseudolabel__mult_1__sim_0.85__teacher_ridge__seed_3,condition_recombine_pseudolabel,1.0,0.85,ridge,3,158,74,1.4683544303797469,True,0.8499999999999999,0.85,0.85,reaction_role_concat,6144,random_forest,False,valid,r2,0.7035263683097553,1,0.05,random,,
condition_recombine_pseudolabel__mult_1__sim_0.85__teacher_ridge__seed_3,condition_recombine_pseudolabel,1.0,0.85,ridge,3,158,74,1.4683544303797469,True,0.8499999999999999,0.85,0.85,reaction_role_concat,6144,random_forest,False,valid,spearman,0.8403017283850249,1,0.05,random,,
condition_recombine_pseudolabel__mult_1__sim_0.85__teacher_ridge__seed_4,condition_recombine_pseudolabel,1.0,0.85,ridge,4,158,79,1.5,True,0.8499999999999998,0.85,0.85,reaction_role_concat,6144,random_forest,False,valid,rmse,14.99566408150793,1,0.05,random,,
condition_recombine_pseudolabel__mult_1__sim_0.85__teacher_ridge__seed_4,condition_recombine_pseudolabel,1.0,0.85,ridge,4,158,79,1.5,True,0.8499999999999998,0.85,0.85,reaction_role_concat,6144,random_forest,False,valid,mae,10.815749130487442,1,0.05,random,,
condition_recombine_pseudolabel__mult_1__sim_0.85__teacher_ridge__seed_4,condition_recombine_pseudolabel,1.0,0.85,ridge,4,158,79,1.5,True,0.8499999999999998,0.85,0.85,reaction_role_concat,6144,random_forest,False,valid,r2,0.7069752085509732,1,0.05,random,,
condition_recombine_pseudolabel__mult_1__sim_0.85__teacher_ridge__seed_4,condition_recombine_pseudolabel,1.0,0.85,ridge,4,158,79,1.5,True,0.8499999999999998,0.85,0.85,reaction_role_concat,6144,random_forest,False,valid,spearman,0.8402968601050776,1,0.05,random,,
condition_recombine_pseudolabel__mult_1__sim_0.85__teacher_rf__seed_0,condition_recombine_pseudolabel,1.0,0.85,random_forest,0,158,81,1.5126582278481013,True,0.8499999999999998,0.85,0.85,reaction_role_concat,6144,random_forest,False,valid,rmse,15.229152046340552,1,0.05,random,,
condition_recombine_pseudolabel__mult_1__sim_0.85__teacher_rf__seed_0,condition_recombine_pseudolabel,1.0,0.85,random_forest,0,158,81,1.5126582278481013,True,0.8499999999999998,0.85,0.85,reaction_role_concat,6144,random_forest,False,valid,mae,10.990693715260754,1,0.05,random,,
condition_recombine_pseudolabel__mult_1__sim_0.85__teacher_rf__seed_0,condition_recombine_pseudolabel,1.0,0.85,random_forest,0,158,81,1.5126582278481013,True,0.8499999999999998,0.85,0.85,reaction_role_concat,6144,random_forest,False,valid,r2,0.6977791627346708,1,0.05,random,,
condition_recombine_pseudolabel__mult_1__sim_0.85__teacher_rf__seed_0,condition_recombine_pseudolabel,1.0,0.85,random_forest,0,158,81,1.5126582278481013,True,0.8499999999999998,0.85,0.85,reaction_role_concat,6144,random_forest,False,valid,spearman,0.8388677278437212,1,0.05,random,,
condition_recombine_pseudolabel__mult_1__sim_0.85__teacher_rf__seed_1,condition_recombine_pseudolabel,1.0,0.85,random_forest,1,158,80,1.5063291139240507,True,0.8499999999999999,0.85,0.85,reaction_role_concat,6144,random_forest,False,valid,rmse,15.360969255169381,1,0.05,random,,
condition_recombine_pseudolabel__mult_1__sim_0.85__teacher_rf__seed_1,condition_recombine_pseudolabel,1.0,0.85,random_forest,1,158,80,1.5063291139240507,True,0.8499999999999999,0.85,0.85,reaction_role_concat,6144,random_forest,False,valid,mae,10.737589127865775,1,0.05,random,,
condition_recombine_pseudolabel__mult_1__sim_0.85__teacher_rf__seed_1,condition_recombine_pseudolabel,1.0,0.85,random_forest,1,158,80,1.5063291139240507,True,0.8499999999999999,0.85,0.85,reaction_role_concat,6144,random_forest,False,valid,r2,0.6925247247622972,1,0.05,random,,
condition_recombine_pseudolabel__mult_1__sim_0.85__teacher_rf__seed_1,condition_recombine_pseudolabel,1.0,0.85,random_forest,1,158,80,1.5063291139240507,True,0.8499999999999999,0.85,0.85,reaction_role_concat,6144,random_forest,False,valid,spearman,0.8327761465111488,1,0.05,random,,
condition_recombine_pseudolabel__mult_1__sim_0.85__teacher_rf__seed_2,condition_recombine_pseudolabel,1.0,0.85,random_forest,2,158,85,1.5379746835443038,True,0.8499999999999995,0.85,0.85,reaction_role_concat,6144,random_forest,False,valid,rmse,15.5006772806453,1,0.05,random,,
condition_recombine_pseudolabel__mult_1__sim_0.85__teacher_rf__seed_2,condition_recombine_pseudolabel,1.0,0.85,random_forest,2,158,85,1.5379746835443038,True,0.8499999999999995,0.85,0.85,reaction_role_concat,6144,random_forest,False,valid,mae,11.06376793940535,1,0.05,random,,
condition_recombine_pseudolabel__mult_1__sim_0.85__teacher_rf__seed_2,condition_recombine_pseudolabel,1.0,0.85,random_forest,2,158,85,1.5379746835443038,True,0.8499999999999995,0.85,0.85,reaction_role_concat,6144,random_forest,False,valid,r2,0.6869063150427239,1,0.05,random,,
condition_recombine_pseudolabel__mult_1__sim_0.85__teacher_rf__seed_2,condition_recombine_pseudolabel,1.0,0.85,random_forest,2,158,85,1.5379746835443038,True,0.8499999999999995,0.85,0.85,reaction_role_concat,6144,random_forest,False,valid,spearman,0.8310506333665953,1,0.05,random,,
condition_recombine_pseudolabel__mult_1__sim_0.85__teacher_rf__seed_3,condition_recombine_pseudolabel,1.0,0.85,random_forest,3,158,74,1.4683544303797469,True,0.8499999999999999,0.85,0.85,reaction_role_concat,6144,random_forest,False,valid,rmse,15.431898150137378,1,0.05,random,,
condition_recombine_pseudolabel__mult_1__sim_0.85__teacher_rf__seed_3,condition_recombine_pseudolabel,1.0,0.85,random_forest,3,158,74,1.4683544303797469,True,0.8499999999999999,0.85,0.85,reaction_role_concat,6144,random_forest,False,valid,mae,11.00588879652793,1,0.05,random,,
condition_recombine_pseudolabel__mult_1__sim_0.85__teacher_rf__seed_3,condition_recombine_pseudolabel,1.0,0.85,random_forest,3,158,74,1.4683544303797469,True,0.8499999999999999,0.85,0.85,reaction_role_concat,6144,random_forest,False,valid,r2,0.6896786501267078,1,0.05,random,,
condition_recombine_pseudolabel__mult_1__sim_0.85__teacher_rf__seed_3,condition_recombine_pseudolabel,1.0,0.85,random_forest,3,158,74,1.4683544303797469,True,0.8499999999999999,0.85,0.85,reaction_role_concat,6144,random_forest,False,valid,spearman,0.8328230767298417,1,0.05,random,,
condition_recombine_pseudolabel__mult_1__sim_0.85__teacher_rf__seed_4,condition_recombine_pseudolabel,1.0,0.85,random_forest,4,158,79,1.5,True,0.8499999999999998,0.85,0.85,reaction_role_concat,6144,random_forest,False,valid,rmse,15.244361135206383,1,0.05,random,,
condition_recombine_pseudolabel__mult_1__sim_0.85__teacher_rf__seed_4,condition_recombine_pseudolabel,1.0,0.85,random_forest,4,158,79,1.5,True,0.8499999999999998,0.85,0.85,reaction_role_concat,6144,random_forest,False,valid,mae,10.954995581464676,1,0.05,random,,
condition_recombine_pseudolabel__mult_1__sim_0.85__teacher_rf__seed_4,condition_recombine_pseudolabel,1.0,0.85,random_forest,4,158,79,1.5,True,0.8499999999999998,0.85,0.85,reaction_role_concat,6144,random_forest,False,valid,r2,0.697175215938276,1,0.05,random,,
condition_recombine_pseudolabel__mult_1__sim_0.85__teacher_rf__seed_4,condition_recombine_pseudolabel,1.0,0.85,random_forest,4,158,79,1.5,True,0.8499999999999998,0.85,0.85,reaction_role_concat,6144,random_forest,False,valid,spearman,0.8380130526161571,1,0.05,random,,
condition_recombine_pseudolabel__mult_1__sim_0.9__teacher_ridge__seed_0,condition_recombine_pseudolabel,1.0,0.9,ridge,0,158,46,1.2911392405063291,True,0.8500000000000002,0.85,0.85,reaction_role_concat,6144,random_forest,False,valid,rmse,15.530251180010774,1,0.05,random,,
condition_recombine_pseudolabel__mult_1__sim_0.9__teacher_ridge__seed_0,condition_recombine_pseudolabel,1.0,0.9,ridge,0,158,46,1.2911392405063291,True,0.8500000000000002,0.85,0.85,reaction_role_concat,6144,random_forest,False,valid,mae,11.405788290886184,1,0.05,random,,
condition_recombine_pseudolabel__mult_1__sim_0.9__teacher_ridge__seed_0,condition_recombine_pseudolabel,1.0,0.9,ridge,0,158,46,1.2911392405063291,True,0.8500000000000002,0.85,0.85,reaction_role_concat,6144,random_forest,False,valid,r2,0.6857104661109976,1,0.05,random,,
condition_recombine_pseudolabel__mult_1__sim_0.9__teacher_ridge__seed_0,condition_recombine_pseudolabel,1.0,0.9,ridge,0,158,46,1.2911392405063291,True,0.8500000000000002,0.85,0.85,reaction_role_concat,6144,random_forest,False,valid,spearman,0.8345201591195025,1,0.05,random,,
condition_recombine_pseudolabel__mult_1__sim_0.9__teacher_ridge__seed_1,condition_recombine_pseudolabel,1.0,0.9,ridge,1,158,38,1.240506329113924,True,0.8500000000000001,0.85,0.85,reaction_role_concat,6144,random_forest,False,valid,rmse,15.496852946923939,1,0.05,random,,
condition_recombine_pseudolabel__mult_1__sim_0.9__teacher_ridge__seed_1,condition_recombine_pseudolabel,1.0,0.9,ridge,1,158,38,1.240506329113924,True,0.8500000000000001,0.85,0.85,reaction_role_concat,6144,random_forest,False,valid,mae,11.16137265696631,1,0.05,random,,
condition_recombine_pseudolabel__mult_1__sim_0.9__teacher_ridge__seed_1,condition_recombine_pseudolabel,1.0,0.9,ridge,1,158,38,1.240506329113924,True,0.8500000000000001,0.85,0.85,reaction_role_concat,6144,random_forest,False,valid,r2,0.6870607891998524,1,0.05,random,,
condition_recombine_pseudolabel__mult_1__sim_0.9__teacher_ridge__seed_1,condition_recombine_pseudolabel,1.0,0.9,ridge,1,158,38,1.240506329113924,True,0.8500000000000001,0.85,0.85,reaction_role_concat,6144,random_forest,False,valid,spearman,0.8309322367982748,1,0.05,random,,
condition_recombine_pseudolabel__mult_1__sim_0.9__teacher_ridge__seed_2,condition_recombine_pseudolabel,1.0,0.9,ridge,2,158,36,1.2278481012658229,True,0.8500000000000001,0.85,0.85,reaction_role_concat,6144,random_forest,False,valid,rmse,15.982364881819787,1,0.05,random,,
condition_recombine_pseudolabel__mult_1__sim_0.9__teacher_ridge__seed_2,condition_recombine_pseudolabel,1.0,0.9,ridge,2,158,36,1.2278481012658229,True,0.8500000000000001,0.85,0.85,reaction_role_concat,6144,random_forest,False,valid,mae,11.73758906282956,1,0.05,random,,
condition_recombine_pseudolabel__mult_1__sim_0.9__teacher_ridge__seed_2,condition_recombine_pseudolabel,1.0,0.9,ridge,2,158,36,1.2278481012658229,True,0.8500000000000001,0.85,0.85,reaction_role_concat,6144,random_forest,False,valid,r2,0.6671450329559894,1,0.05,random,,
condition_recombine_pseudolabel__mult_1__sim_0.9__teacher_ridge__seed_2,condition_recombine_pseudolabel,1.0,0.9,ridge,2,158,36,1.2278481012658229,True,0.8500000000000001,0.85,0.85,reaction_role_concat,6144,random_forest,False,valid,spearman,0.820202937256619,1,0.05,random,,
condition_recombine_pseudolabel__mult_1__sim_0.9__teacher_ridge__seed_3,condition_recombine_pseudolabel,1.0,0.9,ridge,3,158,42,1.2658227848101267,True,0.8500000000000001,0.85,0.85,reaction_role_concat,6144,random_forest,False,valid,rmse,15.62058913287464,1,0.05,random,,
condition_recombine_pseudolabel__mult_1__sim_0.9__teacher_ridge__seed_3,condition_recombine_pseudolabel,1.0,0.9,ridge,3,158,42,1.2658227848101267,True,0.8500000000000001,0.85,0.85,reaction_role_concat,6144,random_forest,False,valid,mae,11.403843799234192,1,0.05,random,,
condition_recombine_pseudolabel__mult_1__sim_0.9__teacher_ridge__seed_3,condition_recombine_pseudolabel,1.0,0.9,ridge,3,158,42,1.2658227848101267,True,0.8500000000000001,0.85,0.85,reaction_role_concat,6144,random_forest,False,valid,r2,0.6820434487129531,1,0.05,random,,
condition_recombine_pseudolabel__mult_1__sim_0.9__teacher_ridge__seed_3,condition_recombine_pseudolabel,1.0,0.9,ridge,3,158,42,1.2658227848101267,True,0.8500000000000001,0.85,0.85,reaction_role_concat,6144,random_forest,False,valid,spearman,0.8249635308515745,1,0.05,random,,
condition_recombine_pseudolabel__mult_1__sim_0.9__teacher_ridge__seed_4,condition_recombine_pseudolabel,1.0,0.9,ridge,4,158,33,1.2088607594936709,True,0.85,0.85,0.85,reaction_role_concat,6144,random_forest,False,valid,rmse,15.181879989493192,1,0.05,random,,
condition_recombine_pseudolabel__mult_1__sim_0.9__teacher_ridge__seed_4,condition_recombine_pseudolabel,1.0,0.9,ridge,4,158,33,1.2088607594936709,True,0.85,0.85,0.85,reaction_role_concat,6144,random_forest,False,valid,mae,10.976707347690304,1,0.05,random,,
condition_recombine_pseudolabel__mult_1__sim_0.9__teacher_ridge__seed_4,condition_recombine_pseudolabel,1.0,0.9,ridge,4,158,33,1.2088607594936709,True,0.85,0.85,0.85,reaction_role_concat,6144,random_forest,False,valid,r2,0.6996524682728221,1,0.05,random,,
condition_recombine_pseudolabel__mult_1__sim_0.9__teacher_ridge__seed_4,condition_recombine_pseudolabel,1.0,0.9,ridge,4,158,33,1.2088607594936709,True,0.85,0.85,0.85,reaction_role_concat,6144,random_forest,False,valid,spearman,0.8404341455995941,1,0.05,random,,
condition_recombine_pseudolabel__mult_1__sim_0.9__teacher_rf__seed_0,condition_recombine_pseudolabel,1.0,0.9,random_forest,0,158,46,1.2911392405063291,True,0.8500000000000002,0.85,0.85,reaction_role_concat,6144,random_forest,False,valid,rmse,15.540756878731594,1,0.05,random,,
condition_recombine_pseudolabel__mult_1__sim_0.9__teacher_rf__seed_0,condition_recombine_pseudolabel,1.0,0.9,random_forest,0,158,46,1.2911392405063291,True,0.8500000000000002,0.85,0.85,reaction_role_concat,6144,random_forest,False,valid,mae,11.205308110607577,1,0.05,random,,
condition_recombine_pseudolabel__mult_1__sim_0.9__teacher_rf__seed_0,condition_recombine_pseudolabel,1.0,0.9,random_forest,0,158,46,1.2911392405063291,True,0.8500000000000002,0.85,0.85,reaction_role_concat,6144,random_forest,False,valid,r2,0.6852851094435009,1,0.05,random,,
condition_recombine_pseudolabel__mult_1__sim_0.9__teacher_rf__seed_0,condition_recombine_pseudolabel,1.0,0.9,random_forest,0,158,46,1.2911392405063291,True,0.8500000000000002,0.85,0.85,reaction_role_concat,6144,random_forest,False,valid,spearman,0.8324727553048274,1,0.05,random,,
condition_recombine_pseudolabel__mult_1__sim_0.9__teacher_rf__seed_1,condition_recombine_pseudolabel,1.0,0.9,random_forest,1,158,38,1.240506329113924,True,0.8500000000000001,0.85,0.85,reaction_role_concat,6144,random_forest,False,valid,rmse,15.187186661431369,1,0.05,random,,
condition_recombine_pseudolabel__mult_1__sim_0.9__teacher_rf__seed_1,condition_recombine_pseudolabel,1.0,0.9,random_forest,1,158,38,1.240506329113924,True,0.8500000000000001,0.85,0.85,reaction_role_concat,6144,random_forest,False,valid,mae,10.760163925951796,1,0.05,random,,
condition_recombine_pseudolabel__mult_1__sim_0.9__teacher_rf__seed_1,condition_recombine_pseudolabel,1.0,0.9,random_forest,1,158,38,1.240506329113924,True,0.8500000000000001,0.85,0.85,reaction_role_concat,6144,random_forest,False,valid,r2,0.6994424647191477,1,0.05,random,,
condition_recombine_pseudolabel__mult_1__sim_0.9__teacher_rf__seed_1,condition_recombine_pseudolabel,1.0,0.9,random_forest,1,158,38,1.240506329113924,True,0.8500000000000001,0.85,0.85,reaction_role_concat,6144,random_forest,False,valid,spearman,0.8380632932652143,1,0.05,random,,
condition_recombine_pseudolabel__mult_1__sim_0.9__teacher_rf__seed_2,condition_recombine_pseudolabel,1.0,0.9,random_forest,2,158,36,1.2278481012658229,True,0.8500000000000001,0.85,0.85,reaction_role_concat,6144,random_forest,False,valid,rmse,15.54805109097966,1,0.05,random,,
condition_recombine_pseudolabel__mult_1__sim_0.9__teacher_rf__seed_2,condition_recombine_pseudolabel,1.0,0.9,random_forest,2,158,36,1.2278481012658229,True,0.8500000000000001,0.85,0.85,reaction_role_concat,6144,random_forest,False,valid,mae,11.202844156257713,1,0.05,random,,
condition_recombine_pseudolabel__mult_1__sim_0.9__teacher_rf__seed_2,condition_recombine_pseudolabel,1.0,0.9,random_forest,2,158,36,1.2278481012658229,True,0.8500000000000001,0.85,0.85,reaction_role_concat,6144,random_forest,False,valid,r2,0.6849896108447893,1,0.05,random,,
condition_recombine_pseudolabel__mult_1__sim_0.9__teacher_rf__seed_2,condition_recombine_pseudolabel,1.0,0.9,random_forest,2,158,36,1.2278481012658229,True,0.8500000000000001,0.85,0.85,reaction_role_concat,6144,random_forest,False,valid,spearman,0.8329954138399793,1,0.05,random,,
condition_recombine_pseudolabel__mult_1__sim_0.9__teacher_rf__seed_3,condition_recombine_pseudolabel,1.0,0.9,random_forest,3,158,42,1.2658227848101267,True,0.8500000000000001,0.85,0.85,reaction_role_concat,6144,random_forest,False,valid,rmse,15.41389097476677,1,0.05,random,,
condition_recombine_pseudolabel__mult_1__sim_0.9__teacher_rf__seed_3,condition_recombine_pseudolabel,1.0,0.9,random_forest,3,158,42,1.2658227848101267,True,0.8500000000000001,0.85,0.85,reaction_role_concat,6144,random_forest,False,valid,mae,11.071885235172282,1,0.05,random,,
condition_recombine_pseudolabel__mult_1__sim_0.9__teacher_rf__seed_3,condition_recombine_pseudolabel,1.0,0.9,random_forest,3,158,42,1.2658227848101267,True,0.8500000000000001,0.85,0.85,reaction_role_concat,6144,random_forest,False,valid,r2,0.690402443226505,1,0.05,random,,
condition_recombine_pseudolabel__mult_1__sim_0.9__teacher_rf__seed_3,condition_recombine_pseudolabel,1.0,0.9,random_forest,3,158,42,1.2658227848101267,True,0.8500000000000001,0.85,0.85,reaction_role_concat,6144,random_forest,False,valid,spearman,0.834132838766888,1,0.05,random,,
condition_recombine_pseudolabel__mult_1__sim_0.9__teacher_rf__seed_4,condition_recombine_pseudolabel,1.0,0.9,random_forest,4,158,33,1.2088607594936709,True,0.85,0.85,0.85,reaction_role_concat,6144,random_forest,False,valid,rmse,15.366791058647488,1,0.05,random,,
condition_recombine_pseudolabel__mult_1__sim_0.9__teacher_rf__seed_4,condition_recombine_pseudolabel,1.0,0.9,random_forest,4,158,33,1.2088607594936709,True,0.85,0.85,0.85,reaction_role_concat,6144,random_forest,False,valid,mae,10.912363112351564,1,0.05,random,,
condition_recombine_pseudolabel__mult_1__sim_0.9__teacher_rf__seed_4,condition_recombine_pseudolabel,1.0,0.9,random_forest,4,158,33,1.2088607594936709,True,0.85,0.85,0.85,reaction_role_concat,6144,random_forest,False,valid,r2,0.6922916144925827,1,0.05,random,,
condition_recombine_pseudolabel__mult_1__sim_0.9__teacher_rf__seed_4,condition_recombine_pseudolabel,1.0,0.9,random_forest,4,158,33,1.2088607594936709,True,0.85,0.85,0.85,reaction_role_concat,6144,random_forest,False,valid,spearman,0.8363506323797218,1,0.05,random,,
condition_recombine_pseudolabel__mult_1__sim_0.95__teacher_ridge__seed_0,condition_recombine_pseudolabel,1.0,0.95,ridge,0,158,0,1.0,True,,,,reaction_role_concat,6144,random_forest,False,valid,rmse,15.347443997609096,1,0.05,random,,
condition_recombine_pseudolabel__mult_1__sim_0.95__teacher_ridge__seed_0,condition_recombine_pseudolabel,1.0,0.95,ridge,0,158,0,1.0,True,,,,reaction_role_concat,6144,random_forest,False,valid,mae,11.017895912626877,1,0.05,random,,
condition_recombine_pseudolabel__mult_1__sim_0.95__teacher_ridge__seed_0,condition_recombine_pseudolabel,1.0,0.95,ridge,0,158,0,1.0,True,,,,reaction_role_concat,6144,random_forest,False,valid,r2,0.6930659473078735,1,0.05,random,,
condition_recombine_pseudolabel__mult_1__sim_0.95__teacher_ridge__seed_0,condition_recombine_pseudolabel,1.0,0.95,ridge,0,158,0,1.0,True,,,,reaction_role_concat,6144,random_forest,False,valid,spearman,0.8373159149276908,1,0.05,random,,
condition_recombine_pseudolabel__mult_1__sim_0.95__teacher_ridge__seed_1,condition_recombine_pseudolabel,1.0,0.95,ridge,1,158,0,1.0,True,,,,reaction_role_concat,6144,random_forest,False,valid,rmse,15.347443997609096,1,0.05,random,,
condition_recombine_pseudolabel__mult_1__sim_0.95__teacher_ridge__seed_1,condition_recombine_pseudolabel,1.0,0.95,ridge,1,158,0,1.0,True,,,,reaction_role_concat,6144,random_forest,False,valid,mae,11.017895912626877,1,0.05,random,,
condition_recombine_pseudolabel__mult_1__sim_0.95__teacher_ridge__seed_1,condition_recombine_pseudolabel,1.0,0.95,ridge,1,158,0,1.0,True,,,,reaction_role_concat,6144,random_forest,False,valid,r2,0.6930659473078735,1,0.05,random,,
condition_recombine_pseudolabel__mult_1__sim_0.95__teacher_ridge__seed_1,condition_recombine_pseudolabel,1.0,0.95,ridge,1,158,0,1.0,True,,,,reaction_role_concat,6144,random_forest,False,valid,spearman,0.8373159149276908,1,0.05,random,,
condition_recombine_pseudolabel__mult_1__sim_0.95__teacher_ridge__seed_2,condition_recombine_pseudolabel,1.0,0.95,ridge,2,158,0,1.0,True,,,,reaction_role_concat,6144,random_forest,False,valid,rmse,15.347443997609096,1,0.05,random,,
condition_recombine_pseudolabel__mult_1__sim_0.95__teacher_ridge__seed_2,condition_recombine_pseudolabel,1.0,0.95,ridge,2,158,0,1.0,True,,,,reaction_role_concat,6144,random_forest,False,valid,mae,11.017895912626877,1,0.05,random,,
condition_recombine_pseudolabel__mult_1__sim_0.95__teacher_ridge__seed_2,condition_recombine_pseudolabel,1.0,0.95,ridge,2,158,0,1.0,True,,,,reaction_role_concat,6144,random_forest,False,valid,r2,0.6930659473078735,1,0.05,random,,
condition_recombine_pseudolabel__mult_1__sim_0.95__teacher_ridge__seed_2,condition_recombine_pseudolabel,1.0,0.95,ridge,2,158,0,1.0,True,,,,reaction_role_concat,6144,random_forest,False,valid,spearman,0.8373159149276908,1,0.05,random,,
condition_recombine_pseudolabel__mult_1__sim_0.95__teacher_ridge__seed_3,condition_recombine_pseudolabel,1.0,0.95,ridge,3,158,0,1.0,True,,,,reaction_role_concat,6144,random_forest,False,valid,rmse,15.347443997609096,1,0.05,random,,
condition_recombine_pseudolabel__mult_1__sim_0.95__teacher_ridge__seed_3,condition_recombine_pseudolabel,1.0,0.95,ridge,3,158,0,1.0,True,,,,reaction_role_concat,6144,random_forest,False,valid,mae,11.017895912626877,1,0.05,random,,
condition_recombine_pseudolabel__mult_1__sim_0.95__teacher_ridge__seed_3,condition_recombine_pseudolabel,1.0,0.95,ridge,3,158,0,1.0,True,,,,reaction_role_concat,6144,random_forest,False,valid,r2,0.6930659473078735,1,0.05,random,,
condition_recombine_pseudolabel__mult_1__sim_0.95__teacher_ridge__seed_3,condition_recombine_pseudolabel,1.0,0.95,ridge,3,158,0,1.0,True,,,,reaction_role_concat,6144,random_forest,False,valid,spearman,0.8373159149276908,1,0.05,random,,
condition_recombine_pseudolabel__mult_1__sim_0.95__teacher_ridge__seed_4,condition_recombine_pseudolabel,1.0,0.95,ridge,4,158,0,1.0,True,,,,reaction_role_concat,6144,random_forest,False,valid,rmse,15.347443997609096,1,0.05,random,,
condition_recombine_pseudolabel__mult_1__sim_0.95__teacher_ridge__seed_4,condition_recombine_pseudolabel,1.0,0.95,ridge,4,158,0,1.0,True,,,,reaction_role_concat,6144,random_forest,False,valid,mae,11.017895912626877,1,0.05,random,,
condition_recombine_pseudolabel__mult_1__sim_0.95__teacher_ridge__seed_4,condition_recombine_pseudolabel,1.0,0.95,ridge,4,158,0,1.0,True,,,,reaction_role_concat,6144,random_forest,False,valid,r2,0.6930659473078735,1,0.05,random,,
condition_recombine_pseudolabel__mult_1__sim_0.95__teacher_ridge__seed_4,condition_recombine_pseudolabel,1.0,0.95,ridge,4,158,0,1.0,True,,,,reaction_role_concat,6144,random_forest,False,valid,spearman,0.8373159149276908,1,0.05,random,,
condition_recombine_pseudolabel__mult_1__sim_0.95__teacher_rf__seed_0,condition_recombine_pseudolabel,1.0,0.95,random_forest,0,158,0,1.0,True,,,,reaction_role_concat,6144,random_forest,False,valid,rmse,15.347443997609096,1,0.05,random,,
condition_recombine_pseudolabel__mult_1__sim_0.95__teacher_rf__seed_0,condition_recombine_pseudolabel,1.0,0.95,random_forest,0,158,0,1.0,True,,,,reaction_role_concat,6144,random_forest,False,valid,mae,11.017895912626877,1,0.05,random,,
condition_recombine_pseudolabel__mult_1__sim_0.95__teacher_rf__seed_0,condition_recombine_pseudolabel,1.0,0.95,random_forest,0,158,0,1.0,True,,,,reaction_role_concat,6144,random_forest,False,valid,r2,0.6930659473078735,1,0.05,random,,
condition_recombine_pseudolabel__mult_1__sim_0.95__teacher_rf__seed_0,condition_recombine_pseudolabel,1.0,0.95,random_forest,0,158,0,1.0,True,,,,reaction_role_concat,6144,random_forest,False,valid,spearman,0.8373159149276908,1,0.05,random,,
condition_recombine_pseudolabel__mult_1__sim_0.95__teacher_rf__seed_1,condition_recombine_pseudolabel,1.0,0.95,random_forest,1,158,0,1.0,True,,,,reaction_role_concat,6144,random_forest,False,valid,rmse,15.347443997609096,1,0.05,random,,
condition_recombine_pseudolabel__mult_1__sim_0.95__teacher_rf__seed_1,condition_recombine_pseudolabel,1.0,0.95,random_forest,1,158,0,1.0,True,,,,reaction_role_concat,6144,random_forest,False,valid,mae,11.017895912626877,1,0.05,random,,
condition_recombine_pseudolabel__mult_1__sim_0.95__teacher_rf__seed_1,condition_recombine_pseudolabel,1.0,0.95,random_forest,1,158,0,1.0,True,,,,reaction_role_concat,6144,random_forest,False,valid,r2,0.6930659473078735,1,0.05,random,,
condition_recombine_pseudolabel__mult_1__sim_0.95__teacher_rf__seed_1,condition_recombine_pseudolabel,1.0,0.95,random_forest,1,158,0,1.0,True,,,,reaction_role_concat,6144,random_forest,False,valid,spearman,0.8373159149276908,1,0.05,random,,
condition_recombine_pseudolabel__mult_1__sim_0.95__teacher_rf__seed_2,condition_recombine_pseudolabel,1.0,0.95,random_forest,2,158,0,1.0,True,,,,reaction_role_concat,6144,random_forest,False,valid,rmse,15.347443997609096,1,0.05,random,,
condition_recombine_pseudolabel__mult_1__sim_0.95__teacher_rf__seed_2,condition_recombine_pseudolabel,1.0,0.95,random_forest,2,158,0,1.0,True,,,,reaction_role_concat,6144,random_forest,False,valid,mae,11.017895912626877,1,0.05,random,,
condition_recombine_pseudolabel__mult_1__sim_0.95__teacher_rf__seed_2,condition_recombine_pseudolabel,1.0,0.95,random_forest,2,158,0,1.0,True,,,,reaction_role_concat,6144,random_forest,False,valid,r2,0.6930659473078735,1,0.05,random,,
condition_recombine_pseudolabel__mult_1__sim_0.95__teacher_rf__seed_2,condition_recombine_pseudolabel,1.0,0.95,random_forest,2,158,0,1.0,True,,,,reaction_role_concat,6144,random_forest,False,valid,spearman,0.8373159149276908,1,0.05,random,,
condition_recombine_pseudolabel__mult_1__sim_0.95__teacher_rf__seed_3,condition_recombine_pseudolabel,1.0,0.95,random_forest,3,158,0,1.0,True,,,,reaction_role_concat,6144,random_forest,False,valid,rmse,15.347443997609096,1,0.05,random,,
condition_recombine_pseudolabel__mult_1__sim_0.95__teacher_rf__seed_3,condition_recombine_pseudolabel,1.0,0.95,random_forest,3,158,0,1.0,True,,,,reaction_role_concat,6144,random_forest,False,valid,mae,11.017895912626877,1,0.05,random,,
condition_recombine_pseudolabel__mult_1__sim_0.95__teacher_rf__seed_3,condition_recombine_pseudolabel,1.0,0.95,random_forest,3,158,0,1.0,True,,,,reaction_role_concat,6144,random_forest,False,valid,r2,0.6930659473078735,1,0.05,random,,
condition_recombine_pseudolabel__mult_1__sim_0.95__teacher_rf__seed_3,condition_recombine_pseudolabel,1.0,0.95,random_forest,3,158,0,1.0,True,,,,reaction_role_concat,6144,random_forest,False,valid,spearman,0.8373159149276908,1,0.05,random,,
condition_recombine_pseudolabel__mult_1__sim_0.95__teacher_rf__seed_4,condition_recombine_pseudolabel,1.0,0.95,random_forest,4,158,0,1.0,True,,,,reaction_role_concat,6144,random_forest,False,valid,rmse,15.347443997609096,1,0.05,random,,
condition_recombine_pseudolabel__mult_1__sim_0.95__teacher_rf__seed_4,condition_recombine_pseudolabel,1.0,0.95,random_forest,4,158,0,1.0,True,,,,reaction_role_concat,6144,random_forest,False,valid,mae,11.017895912626877,1,0.05,random,,
condition_recombine_pseudolabel__mult_1__sim_0.95__teacher_rf__seed_4,condition_recombine_pseudolabel,1.0,0.95,random_forest,4,158,0,1.0,True,,,,reaction_role_concat,6144,random_forest,False,valid,r2,0.6930659473078735,1,0.05,random,,
condition_recombine_pseudolabel__mult_1__sim_0.95__teacher_rf__seed_4,condition_recombine_pseudolabel,1.0,0.95,random_forest,4,158,0,1.0,True,,,,reaction_role_concat,6144,random_forest,False,valid,spearman,0.8373159149276908,1,0.05,random,,
condition_recombine_pseudolabel__mult_1.5__sim_0.7__teacher_ridge__seed_0,condition_recombine_pseudolabel,1.5,0.7,ridge,0,158,237,2.5,True,0.8314473881500178,0.7583892345428467,0.85,reaction_role_concat,6144,random_forest,False,valid,rmse,15.38835065817318,1,0.05,random,,
condition_recombine_pseudolabel__mult_1.5__sim_0.7__teacher_ridge__seed_0,condition_recombine_pseudolabel,1.5,0.7,ridge,0,158,237,2.5,True,0.8314473881500178,0.7583892345428467,0.85,reaction_role_concat,6144,random_forest,False,valid,mae,11.426236494104318,1,0.05,random,,
condition_recombine_pseudolabel__mult_1.5__sim_0.7__teacher_ridge__seed_0,condition_recombine_pseudolabel,1.5,0.7,ridge,0,158,237,2.5,True,0.8314473881500178,0.7583892345428467,0.85,reaction_role_concat,6144,random_forest,False,valid,r2,0.691427579400949,1,0.05,random,,
condition_recombine_pseudolabel__mult_1.5__sim_0.7__teacher_ridge__seed_0,condition_recombine_pseudolabel,1.5,0.7,ridge,0,158,237,2.5,True,0.8314473881500178,0.7583892345428467,0.85,reaction_role_concat,6144,random_forest,False,valid,spearman,0.8341854161903198,1,0.05,random,,
condition_recombine_pseudolabel__mult_1.5__sim_0.7__teacher_ridge__seed_1,condition_recombine_pseudolabel,1.5,0.7,ridge,1,158,237,2.5,True,0.8336847877703637,0.75,0.85,reaction_role_concat,6144,random_forest,False,valid,rmse,16.486182990978335,1,0.05,random,,
condition_recombine_pseudolabel__mult_1.5__sim_0.7__teacher_ridge__seed_1,condition_recombine_pseudolabel,1.5,0.7,ridge,1,158,237,2.5,True,0.8336847877703637,0.75,0.85,reaction_role_concat,6144,random_forest,False,valid,mae,12.300138715893407,1,0.05,random,,
condition_recombine_pseudolabel__mult_1.5__sim_0.7__teacher_ridge__seed_1,condition_recombine_pseudolabel,1.5,0.7,ridge,1,158,237,2.5,True,0.8336847877703637,0.75,0.85,reaction_role_concat,6144,random_forest,False,valid,r2,0.6458288421830961,1,0.05,random,,
condition_recombine_pseudolabel__mult_1.5__sim_0.7__teacher_ridge__seed_1,condition_recombine_pseudolabel,1.5,0.7,ridge,1,158,237,2.5,True,0.8336847877703637,0.75,0.85,reaction_role_concat,6144,random_forest,False,valid,spearman,0.8089003490683585,1,0.05,random,,
condition_recombine_pseudolabel__mult_1.5__sim_0.7__teacher_ridge__seed_2,condition_recombine_pseudolabel,1.5,0.7,ridge,2,158,237,2.5,True,0.8330786260371469,0.7544910311698914,0.85,reaction_role_concat,6144,random_forest,False,valid,rmse,16.21712418842204,1,0.05,random,,
condition_recombine_pseudolabel__mult_1.5__sim_0.7__teacher_ridge__seed_2,condition_recombine_pseudolabel,1.5,0.7,ridge,2,158,237,2.5,True,0.8330786260371469,0.7544910311698914,0.85,reaction_role_concat,6144,random_forest,False,valid,mae,12.103940546168557,1,0.05,random,,
condition_recombine_pseudolabel__mult_1.5__sim_0.7__teacher_ridge__seed_2,condition_recombine_pseudolabel,1.5,0.7,ridge,2,158,237,2.5,True,0.8330786260371469,0.7544910311698914,0.85,reaction_role_concat,6144,random_forest,False,valid,r2,0.6572948395528821,1,0.05,random,,
condition_recombine_pseudolabel__mult_1.5__sim_0.7__teacher_ridge__seed_2,condition_recombine_pseudolabel,1.5,0.7,ridge,2,158,237,2.5,True,0.8330786260371469,0.7544910311698914,0.85,reaction_role_concat,6144,random_forest,False,valid,spearman,0.810545632959379,1,0.05,random,,
condition_recombine_pseudolabel__mult_1.5__sim_0.7__teacher_ridge__seed_3,condition_recombine_pseudolabel,1.5,0.7,ridge,3,158,237,2.5,True,0.8321559288833714,0.7532467246055603,0.85,reaction_role_concat,6144,random_forest,False,valid,rmse,15.411595804528533,1,0.05,random,,
condition_recombine_pseudolabel__mult_1.5__sim_0.7__teacher_ridge__seed_3,condition_recombine_pseudolabel,1.5,0.7,ridge,3,158,237,2.5,True,0.8321559288833714,0.7532467246055603,0.85,reaction_role_concat,6144,random_forest,False,valid,mae,11.439041142415396,1,0.05,random,,
condition_recombine_pseudolabel__mult_1.5__sim_0.7__teacher_ridge__seed_3,condition_recombine_pseudolabel,1.5,0.7,ridge,3,158,237,2.5,True,0.8321559288833714,0.7532467246055603,0.85,reaction_role_concat,6144,random_forest,False,valid,r2,0.6904946361965631,1,0.05,random,,
condition_recombine_pseudolabel__mult_1.5__sim_0.7__teacher_ridge__seed_3,condition_recombine_pseudolabel,1.5,0.7,ridge,3,158,237,2.5,True,0.8321559288833714,0.7532467246055603,0.85,reaction_role_concat,6144,random_forest,False,valid,spearman,0.8287269059821063,1,0.05,random,,
condition_recombine_pseudolabel__mult_1.5__sim_0.7__teacher_ridge__seed_4,condition_recombine_pseudolabel,1.5,0.7,ridge,4,158,237,2.5,True,0.8331394531555818,0.7439024448394775,0.85,reaction_role_concat,6144,random_forest,False,valid,rmse,14.997396266820761,1,0.05,random,,
condition_recombine_pseudolabel__mult_1.5__sim_0.7__teacher_ridge__seed_4,condition_recombine_pseudolabel,1.5,0.7,ridge,4,158,237,2.5,True,0.8331394531555818,0.7439024448394775,0.85,reaction_role_concat,6144,random_forest,False,valid,mae,10.966390811760213,1,0.05,random,,
condition_recombine_pseudolabel__mult_1.5__sim_0.7__teacher_ridge__seed_4,condition_recombine_pseudolabel,1.5,0.7,ridge,4,158,237,2.5,True,0.8331394531555818,0.7439024448394775,0.85,reaction_role_concat,6144,random_forest,False,valid,r2,0.706907508640814,1,0.05,random,,
condition_recombine_pseudolabel__mult_1.5__sim_0.7__teacher_ridge__seed_4,condition_recombine_pseudolabel,1.5,0.7,ridge,4,158,237,2.5,True,0.8331394531555818,0.7439024448394775,0.85,reaction_role_concat,6144,random_forest,False,valid,spearman,0.8320811508658592,1,0.05,random,,
condition_recombine_pseudolabel__mult_1.5__sim_0.7__teacher_rf__seed_0,condition_recombine_pseudolabel,1.5,0.7,random_forest,0,158,237,2.5,True,0.8314473881500178,0.7583892345428467,0.85,reaction_role_concat,6144,random_forest,False,valid,rmse,15.412578988916557,1,0.05,random,,
condition_recombine_pseudolabel__mult_1.5__sim_0.7__teacher_rf__seed_0,condition_recombine_pseudolabel,1.5,0.7,random_forest,0,158,237,2.5,True,0.8314473881500178,0.7583892345428467,0.85,reaction_role_concat,6144,random_forest,False,valid,mae,11.037248215824743,1,0.05,random,,
condition_recombine_pseudolabel__mult_1.5__sim_0.7__teacher_rf__seed_0,condition_recombine_pseudolabel,1.5,0.7,random_forest,0,158,237,2.5,True,0.8314473881500178,0.7583892345428467,0.85,reaction_role_concat,6144,random_forest,False,valid,r2,0.6904551450819487,1,0.05,random,,
condition_recombine_pseudolabel__mult_1.5__sim_0.7__teacher_rf__seed_0,condition_recombine_pseudolabel,1.5,0.7,random_forest,0,158,237,2.5,True,0.8314473881500178,0.7583892345428467,0.85,reaction_role_concat,6144,random_forest,False,valid,spearman,0.831732582021626,1,0.05,random,,
condition_recombine_pseudolabel__mult_1.5__sim_0.7__teacher_rf__seed_1,condition_recombine_pseudolabel,1.5,0.7,random_forest,1,158,237,2.5,True,0.8336847877703637,0.75,0.85,reaction_role_concat,6144,random_forest,False,valid,rmse,15.62356109504127,1,0.05,random,,
condition_recombine_pseudolabel__mult_1.5__sim_0.7__teacher_rf__seed_1,condition_recombine_pseudolabel,1.5,0.7,random_forest,1,158,237,2.5,True,0.8336847877703637,0.75,0.85,reaction_role_concat,6144,random_forest,False,valid,mae,11.265402537928352,1,0.05,random,,
condition_recombine_pseudolabel__mult_1.5__sim_0.7__teacher_rf__seed_1,condition_recombine_pseudolabel,1.5,0.7,random_forest,1,158,237,2.5,True,0.8336847877703637,0.75,0.85,reaction_role_concat,6144,random_forest,False,valid,r2,0.6819224488292437,1,0.05,random,,
condition_recombine_pseudolabel__mult_1.5__sim_0.7__teacher_rf__seed_1,condition_recombine_pseudolabel,1.5,0.7,random_forest,1,158,237,2.5,True,0.8336847877703637,0.75,0.85,reaction_role_concat,6144,random_forest,False,valid,spearman,0.8301194287782583,1,0.05,random,,
condition_recombine_pseudolabel__mult_1.5__sim_0.7__teacher_rf__seed_2,condition_recombine_pseudolabel,1.5,0.7,random_forest,2,158,237,2.5,True,0.8330786260371469,0.7544910311698914,0.85,reaction_role_concat,6144,random_forest,False,valid,rmse,15.368807027275285,1,0.05,random,,
condition_recombine_pseudolabel__mult_1.5__sim_0.7__teacher_rf__seed_2,condition_recombine_pseudolabel,1.5,0.7,random_forest,2,158,237,2.5,True,0.8330786260371469,0.7544910311698914,0.85,reaction_role_concat,6144,random_forest,False,valid,mae,10.957844356573835,1,0.05,random,,
condition_recombine_pseudolabel__mult_1.5__sim_0.7__teacher_rf__seed_2,condition_recombine_pseudolabel,1.5,0.7,random_forest,2,158,237,2.5,True,0.8330786260371469,0.7544910311698914,0.85,reaction_role_concat,6144,random_forest,False,valid,r2,0.6922108726981655,1,0.05,random,,
condition_recombine_pseudolabel__mult_1.5__sim_0.7__teacher_rf__seed_2,condition_recombine_pseudolabel,1.5,0.7,random_forest,2,158,237,2.5,True,0.8330786260371469,0.7544910311698914,0.85,reaction_role_concat,6144,random_forest,False,valid,spearman,0.8330522753497649,1,0.05,random,,
condition_recombine_pseudolabel__mult_1.5__sim_0.7__teacher_rf__seed_3,condition_recombine_pseudolabel,1.5,0.7,random_forest,3,158,237,2.5,True,0.8321559288833714,0.7532467246055603,0.85,reaction_role_concat,6144,random_forest,False,valid,rmse,15.48302933072292,1,0.05,random,,
condition_recombine_pseudolabel__mult_1.5__sim_0.7__teacher_rf__seed_3,condition_recombine_pseudolabel,1.5,0.7,random_forest,3,158,237,2.5,True,0.8321559288833714,0.7532467246055603,0.85,reaction_role_concat,6144,random_forest,False,valid,mae,11.078973478994039,1,0.05,random,,
condition_recombine_pseudolabel__mult_1.5__sim_0.7__teacher_rf__seed_3,condition_recombine_pseudolabel,1.5,0.7,random_forest,3,158,237,2.5,True,0.8321559288833714,0.7532467246055603,0.85,reaction_role_concat,6144,random_forest,False,valid,r2,0.6876188408411347,1,0.05,random,,
condition_recombine_pseudolabel__mult_1.5__sim_0.7__teacher_rf__seed_3,condition_recombine_pseudolabel,1.5,0.7,random_forest,3,158,237,2.5,True,0.8321559288833714,0.7532467246055603,0.85,reaction_role_concat,6144,random_forest,False,valid,spearman,0.8320959504368994,1,0.05,random,,
condition_recombine_pseudolabel__mult_1.5__sim_0.7__teacher_rf__seed_4,condition_recombine_pseudolabel,1.5,0.7,random_forest,4,158,237,2.5,True,0.8331394531555818,0.7439024448394775,0.85,reaction_role_concat,6144,random_forest,False,valid,rmse,15.155846084269795,1,0.05,random,,
condition_recombine_pseudolabel__mult_1.5__sim_0.7__teacher_rf__seed_4,condition_recombine_pseudolabel,1.5,0.7,random_forest,4,158,237,2.5,True,0.8331394531555818,0.7439024448394775,0.85,reaction_role_concat,6144,random_forest,False,valid,mae,10.802183274736889,1,0.05,random,,
condition_recombine_pseudolabel__mult_1.5__sim_0.7__teacher_rf__seed_4,condition_recombine_pseudolabel,1.5,0.7,random_forest,4,158,237,2.5,True,0.8331394531555818,0.7439024448394775,0.85,reaction_role_concat,6144,random_forest,False,valid,r2,0.7006816576719568,1,0.05,random,,
condition_recombine_pseudolabel__mult_1.5__sim_0.7__teacher_rf__seed_4,condition_recombine_pseudolabel,1.5,0.7,random_forest,4,158,237,2.5,True,0.8331394531555818,0.7439024448394775,0.85,reaction_role_concat,6144,random_forest,False,valid,spearman,0.8380654353083911,1,0.05,random,,
condition_recombine_pseudolabel__mult_1.5__sim_0.8__teacher_ridge__seed_0,condition_recombine_pseudolabel,1.5,0.8,ridge,0,158,200,2.2658227848101267,True,0.8408746935129164,0.800000011920929,0.85,reaction_role_concat,6144,random_forest,False,valid,rmse,15.738170372814723,1,0.05,random,,
condition_recombine_pseudolabel__mult_1.5__sim_0.8__teacher_ridge__seed_0,condition_recombine_pseudolabel,1.5,0.8,ridge,0,158,200,2.2658227848101267,True,0.8408746935129164,0.800000011920929,0.85,reaction_role_concat,6144,random_forest,False,valid,mae,11.701132807404935,1,0.05,random,,
condition_recombine_pseudolabel__mult_1.5__sim_0.8__teacher_ridge__seed_0,condition_recombine_pseudolabel,1.5,0.8,ridge,0,158,200,2.2658227848101267,True,0.8408746935129164,0.800000011920929,0.85,reaction_role_concat,6144,random_forest,False,valid,r2,0.6772387089597826,1,0.05,random,,
condition_recombine_pseudolabel__mult_1.5__sim_0.8__teacher_ridge__seed_0,condition_recombine_pseudolabel,1.5,0.8,ridge,0,158,200,2.2658227848101267,True,0.8408746935129164,0.800000011920929,0.85,reaction_role_concat,6144,random_forest,False,valid,spearman,0.8273115996358007,1,0.05,random,,
condition_recombine_pseudolabel__mult_1.5__sim_0.8__teacher_ridge__seed_1,condition_recombine_pseudolabel,1.5,0.8,ridge,1,158,214,2.3544303797468356,True,0.8390703433027891,0.8012422323226929,0.85,reaction_role_concat,6144,random_forest,False,valid,rmse,16.154401753653083,1,0.05,random,,
condition_recombine_pseudolabel__mult_1.5__sim_0.8__teacher_ridge__seed_1,condition_recombine_pseudolabel,1.5,0.8,ridge,1,158,214,2.3544303797468356,True,0.8390703433027891,0.8012422323226929,0.85,reaction_role_concat,6144,random_forest,False,valid,mae,11.853708006809029,1,0.05,random,,
condition_recombine_pseudolabel__mult_1.5__sim_0.8__teacher_ridge__seed_1,condition_recombine_pseudolabel,1.5,0.8,ridge,1,158,214,2.3544303797468356,True,0.8390703433027891,0.8012422323226929,0.85,reaction_role_concat,6144,random_forest,False,valid,r2,0.6599406519037629,1,0.05,random,,
condition_recombine_pseudolabel__mult_1.5__sim_0.8__teacher_ridge__seed_1,condition_recombine_pseudolabel,1.5,0.8,ridge,1,158,214,2.3544303797468356,True,0.8390703433027891,0.8012422323226929,0.85,reaction_role_concat,6144,random_forest,False,valid,spearman,0.8132056611226339,1,0.05,random,,
condition_recombine_pseudolabel__mult_1.5__sim_0.8__teacher_ridge__seed_2,condition_recombine_pseudolabel,1.5,0.8,ridge,2,158,211,2.3354430379746836,True,0.8391934338904105,0.8012820482254028,0.85,reaction_role_concat,6144,random_forest,False,valid,rmse,16.10590332959143,1,0.05,random,,
condition_recombine_pseudolabel__mult_1.5__sim_0.8__teacher_ridge__seed_2,condition_recombine_pseudolabel,1.5,0.8,ridge,2,158,211,2.3354430379746836,True,0.8391934338904105,0.8012820482254028,0.85,reaction_role_concat,6144,random_forest,False,valid,mae,12.125037939172001,1,0.05,random,,
condition_recombine_pseudolabel__mult_1.5__sim_0.8__teacher_ridge__seed_2,condition_recombine_pseudolabel,1.5,0.8,ridge,2,158,211,2.3354430379746836,True,0.8391934338904105,0.8012820482254028,0.85,reaction_role_concat,6144,random_forest,False,valid,r2,0.6619794257599216,1,0.05,random,,
condition_recombine_pseudolabel__mult_1.5__sim_0.8__teacher_ridge__seed_2,condition_recombine_pseudolabel,1.5,0.8,ridge,2,158,211,2.3354430379746836,True,0.8391934338904105,0.8012820482254028,0.85,reaction_role_concat,6144,random_forest,False,valid,spearman,0.8137308511633585,1,0.05,random,,
condition_recombine_pseudolabel__mult_1.5__sim_0.8__teacher_ridge__seed_3,condition_recombine_pseudolabel,1.5,0.8,ridge,3,158,208,2.3164556962025316,True,0.8390632341114374,0.800000011920929,0.85,reaction_role_concat,6144,random_forest,False,valid,rmse,15.114773822474925,1,0.05,random,,
condition_recombine_pseudolabel__mult_1.5__sim_0.8__teacher_ridge__seed_3,condition_recombine_pseudolabel,1.5,0.8,ridge,3,158,208,2.3164556962025316,True,0.8390632341114374,0.800000011920929,0.85,reaction_role_concat,6144,random_forest,False,valid,mae,11.263646986553187,1,0.05,random,,
condition_recombine_pseudolabel__mult_1.5__sim_0.8__teacher_ridge__seed_3,condition_recombine_pseudolabel,1.5,0.8,ridge,3,158,208,2.3164556962025316,True,0.8390632341114374,0.800000011920929,0.85,reaction_role_concat,6144,random_forest,False,valid,r2,0.7023017616691268,1,0.05,random,,
condition_recombine_pseudolabel__mult_1.5__sim_0.8__teacher_ridge__seed_3,condition_recombine_pseudolabel,1.5,0.8,ridge,3,158,208,2.3164556962025316,True,0.8390632341114374,0.800000011920929,0.85,reaction_role_concat,6144,random_forest,False,valid,spearman,0.8380794559546396,1,0.05,random,,
condition_recombine_pseudolabel__mult_1.5__sim_0.8__teacher_ridge__seed_4,condition_recombine_pseudolabel,1.5,0.8,ridge,4,158,205,2.2974683544303796,True,0.8412730282690465,0.8024691343307495,0.85,reaction_role_concat,6144,random_forest,False,valid,rmse,15.068146397173821,1,0.05,random,,
condition_recombine_pseudolabel__mult_1.5__sim_0.8__teacher_ridge__seed_4,condition_recombine_pseudolabel,1.5,0.8,ridge,4,158,205,2.2974683544303796,True,0.8412730282690465,0.8024691343307495,0.85,reaction_role_concat,6144,random_forest,False,valid,mae,11.018942420742937,1,0.05,random,,
condition_recombine_pseudolabel__mult_1.5__sim_0.8__teacher_ridge__seed_4,condition_recombine_pseudolabel,1.5,0.8,ridge,4,158,205,2.2974683544303796,True,0.8412730282690465,0.8024691343307495,0.85,reaction_role_concat,6144,random_forest,False,valid,r2,0.7041356616665019,1,0.05,random,,
condition_recombine_pseudolabel__mult_1.5__sim_0.8__teacher_ridge__seed_4,condition_recombine_pseudolabel,1.5,0.8,ridge,4,158,205,2.2974683544303796,True,0.8412730282690465,0.8024691343307495,0.85,reaction_role_concat,6144,random_forest,False,valid,spearman,0.8326121828425208,1,0.05,random,,
condition_recombine_pseudolabel__mult_1.5__sim_0.8__teacher_rf__seed_0,condition_recombine_pseudolabel,1.5,0.8,random_forest,0,158,200,2.2658227848101267,True,0.8408746935129164,0.800000011920929,0.85,reaction_role_concat,6144,random_forest,False,valid,rmse,15.317255661561832,1,0.05,random,,
condition_recombine_pseudolabel__mult_1.5__sim_0.8__teacher_rf__seed_0,condition_recombine_pseudolabel,1.5,0.8,random_forest,0,158,200,2.2658227848101267,True,0.8408746935129164,0.800000011920929,0.85,reaction_role_concat,6144,random_forest,False,valid,mae,10.864954633211033,1,0.05,random,,
condition_recombine_pseudolabel__mult_1.5__sim_0.8__teacher_rf__seed_0,condition_recombine_pseudolabel,1.5,0.8,random_forest,0,158,200,2.2658227848101267,True,0.8408746935129164,0.800000011920929,0.85,reaction_role_concat,6144,random_forest,False,valid,r2,0.6942722348711121,1,0.05,random,,
condition_recombine_pseudolabel__mult_1.5__sim_0.8__teacher_rf__seed_0,condition_recombine_pseudolabel,1.5,0.8,random_forest,0,158,200,2.2658227848101267,True,0.8408746935129164,0.800000011920929,0.85,reaction_role_concat,6144,random_forest,False,valid,spearman,0.8325187118675308,1,0.05,random,,
condition_recombine_pseudolabel__mult_1.5__sim_0.8__teacher_rf__seed_1,condition_recombine_pseudolabel,1.5,0.8,random_forest,1,158,214,2.3544303797468356,True,0.8390703433027891,0.8012422323226929,0.85,reaction_role_concat,6144,random_forest,False,valid,rmse,15.32242852431118,1,0.05,random,,
condition_recombine_pseudolabel__mult_1.5__sim_0.8__teacher_rf__seed_1,condition_recombine_pseudolabel,1.5,0.8,random_forest,1,158,214,2.3544303797468356,True,0.8390703433027891,0.8012422323226929,0.85,reaction_role_concat,6144,random_forest,False,valid,mae,10.965486824614338,1,0.05,random,,
condition_recombine_pseudolabel__mult_1.5__sim_0.8__teacher_rf__seed_1,condition_recombine_pseudolabel,1.5,0.8,random_forest,1,158,214,2.3544303797468356,True,0.8390703433027891,0.8012422323226929,0.85,reaction_role_concat,6144,random_forest,False,valid,r2,0.6940657024675958,1,0.05,random,,
condition_recombine_pseudolabel__mult_1.5__sim_0.8__teacher_rf__seed_1,condition_recombine_pseudolabel,1.5,0.8,random_forest,1,158,214,2.3544303797468356,True,0.8390703433027891,0.8012422323226929,0.85,reaction_role_concat,6144,random_forest,False,valid,spearman,0.8359144344964355,1,0.05,random,,
condition_recombine_pseudolabel__mult_1.5__sim_0.8__teacher_rf__seed_2,condition_recombine_pseudolabel,1.5,0.8,random_forest,2,158,211,2.3354430379746836,True,0.8391934338904105,0.8012820482254028,0.85,reaction_role_concat,6144,random_forest,False,valid,rmse,15.371809419856085,1,0.05,random,,
condition_recombine_pseudolabel__mult_1.5__sim_0.8__teacher_rf__seed_2,condition_recombine_pseudolabel,1.5,0.8,random_forest,2,158,211,2.3354430379746836,True,0.8391934338904105,0.8012820482254028,0.85,reaction_role_concat,6144,random_forest,False,valid,mae,11.043725477349154,1,0.05,random,,
condition_recombine_pseudolabel__mult_1.5__sim_0.8__teacher_rf__seed_2,condition_recombine_pseudolabel,1.5,0.8,random_forest,2,158,211,2.3354430379746836,True,0.8391934338904105,0.8012820482254028,0.85,reaction_role_concat,6144,random_forest,False,valid,r2,0.692090603889357,1,0.05,random,,
condition_recombine_pseudolabel__mult_1.5__sim_0.8__teacher_rf__seed_2,condition_recombine_pseudolabel,1.5,0.8,random_forest,2,158,211,2.3354430379746836,True,0.8391934338904105,0.8012820482254028,0.85,reaction_role_concat,6144,random_forest,False,valid,spearman,0.8337133877666206,1,0.05,random,,
condition_recombine_pseudolabel__mult_1.5__sim_0.8__teacher_rf__seed_3,condition_recombine_pseudolabel,1.5,0.8,random_forest,3,158,208,2.3164556962025316,True,0.8390632341114374,0.800000011920929,0.85,reaction_role_concat,6144,random_forest,False,valid,rmse,15.49431649256944,1,0.05,random,,
condition_recombine_pseudolabel__mult_1.5__sim_0.8__teacher_rf__seed_3,condition_recombine_pseudolabel,1.5,0.8,random_forest,3,158,208,2.3164556962025316,True,0.8390632341114374,0.800000011920929,0.85,reaction_role_concat,6144,random_forest,False,valid,mae,11.038446531635296,1,0.05,random,,
condition_recombine_pseudolabel__mult_1.5__sim_0.8__teacher_rf__seed_3,condition_recombine_pseudolabel,1.5,0.8,random_forest,3,158,208,2.3164556962025316,True,0.8390632341114374,0.800000011920929,0.85,reaction_role_concat,6144,random_forest,False,valid,r2,0.6871632217476038,1,0.05,random,,
condition_recombine_pseudolabel__mult_1.5__sim_0.8__teacher_rf__seed_3,condition_recombine_pseudolabel,1.5,0.8,random_forest,3,158,208,2.3164556962025316,True,0.8390632341114374,0.800000011920929,0.85,reaction_role_concat,6144,random_forest,False,valid,spearman,0.8318702569785382,1,0.05,random,,
condition_recombine_pseudolabel__mult_1.5__sim_0.8__teacher_rf__seed_4,condition_recombine_pseudolabel,1.5,0.8,random_forest,4,158,205,2.2974683544303796,True,0.8412730282690465,0.8024691343307495,0.85,reaction_role_concat,6144,random_forest,False,valid,rmse,15.068236873305008,1,0.05,random,,
condition_recombine_pseudolabel__mult_1.5__sim_0.8__teacher_rf__seed_4,condition_recombine_pseudolabel,1.5,0.8,random_forest,4,158,205,2.2974683544303796,True,0.8412730282690465,0.8024691343307495,0.85,reaction_role_concat,6144,random_forest,False,valid,mae,10.731602830415284,1,0.05,random,,
condition_recombine_pseudolabel__mult_1.5__sim_0.8__teacher_rf__seed_4,condition_recombine_pseudolabel,1.5,0.8,random_forest,4,158,205,2.2974683544303796,True,0.8412730282690465,0.8024691343307495,0.85,reaction_role_concat,6144,random_forest,False,valid,r2,0.7041321086427459,1,0.05,random,,
condition_recombine_pseudolabel__mult_1.5__sim_0.8__teacher_rf__seed_4,condition_recombine_pseudolabel,1.5,0.8,random_forest,4,158,205,2.2974683544303796,True,0.8412730282690465,0.8024691343307495,0.85,reaction_role_concat,6144,random_forest,False,valid,spearman,0.8396133536004637,1,0.05,random,,
condition_recombine_pseudolabel__mult_1.5__sim_0.85__teacher_ridge__seed_0,condition_recombine_pseudolabel,1.5,0.85,ridge,0,158,114,1.7215189873417722,True,0.8499999999999996,0.85,0.85,reaction_role_concat,6144,random_forest,False,valid,rmse,15.674844366808507,1,0.05,random,,
condition_recombine_pseudolabel__mult_1.5__sim_0.85__teacher_ridge__seed_0,condition_recombine_pseudolabel,1.5,0.85,ridge,0,158,114,1.7215189873417722,True,0.8499999999999996,0.85,0.85,reaction_role_concat,6144,random_forest,False,valid,mae,11.567802752084368,1,0.05,random,,
condition_recombine_pseudolabel__mult_1.5__sim_0.85__teacher_ridge__seed_0,condition_recombine_pseudolabel,1.5,0.85,ridge,0,158,114,1.7215189873417722,True,0.8499999999999996,0.85,0.85,reaction_role_concat,6144,random_forest,False,valid,r2,0.6798308860917294,1,0.05,random,,
condition_recombine_pseudolabel__mult_1.5__sim_0.85__teacher_ridge__seed_0,condition_recombine_pseudolabel,1.5,0.85,ridge,0,158,114,1.7215189873417722,True,0.8499999999999996,0.85,0.85,reaction_role_concat,6144,random_forest,False,valid,spearman,0.8332325964390165,1,0.05,random,,
condition_recombine_pseudolabel__mult_1.5__sim_0.85__teacher_ridge__seed_1,condition_recombine_pseudolabel,1.5,0.85,ridge,1,158,117,1.740506329113924,True,0.8499999999999995,0.85,0.85,reaction_role_concat,6144,random_forest,False,valid,rmse,15.713551444030008,1,0.05,random,,
condition_recombine_pseudolabel__mult_1.5__sim_0.85__teacher_ridge__seed_1,condition_recombine_pseudolabel,1.5,0.85,ridge,1,158,117,1.740506329113924,True,0.8499999999999995,0.85,0.85,reaction_role_concat,6144,random_forest,False,valid,mae,11.356601045616822,1,0.05,random,,
condition_recombine_pseudolabel__mult_1.5__sim_0.85__teacher_ridge__seed_1,condition_recombine_pseudolabel,1.5,0.85,ridge,1,158,117,1.740506329113924,True,0.8499999999999995,0.85,0.85,reaction_role_concat,6144,random_forest,False,valid,r2,0.6782476982045254,1,0.05,random,,
condition_recombine_pseudolabel__mult_1.5__sim_0.85__teacher_ridge__seed_1,condition_recombine_pseudolabel,1.5,0.85,ridge,1,158,117,1.740506329113924,True,0.8499999999999995,0.85,0.85,reaction_role_concat,6144,random_forest,False,valid,spearman,0.8243851791938245,1,0.05,random,,
condition_recombine_pseudolabel__mult_1.5__sim_0.85__teacher_ridge__seed_2,condition_recombine_pseudolabel,1.5,0.85,ridge,2,158,108,1.6835443037974684,True,0.8499999999999995,0.85,0.85,reaction_role_concat,6144,random_forest,False,valid,rmse,16.14765583005072,1,0.05,random,,
condition_recombine_pseudolabel__mult_1.5__sim_0.85__teacher_ridge__seed_2,condition_recombine_pseudolabel,1.5,0.85,ridge,2,158,108,1.6835443037974684,True,0.8499999999999995,0.85,0.85,reaction_role_concat,6144,random_forest,False,valid,mae,11.728587005502813,1,0.05,random,,
condition_recombine_pseudolabel__mult_1.5__sim_0.85__teacher_ridge__seed_2,condition_recombine_pseudolabel,1.5,0.85,ridge,2,158,108,1.6835443037974684,True,0.8499999999999995,0.85,0.85,reaction_role_concat,6144,random_forest,False,valid,r2,0.6602246036635709,1,0.05,random,,
condition_recombine_pseudolabel__mult_1.5__sim_0.85__teacher_ridge__seed_2,condition_recombine_pseudolabel,1.5,0.85,ridge,2,158,108,1.6835443037974684,True,0.8499999999999995,0.85,0.85,reaction_role_concat,6144,random_forest,False,valid,spearman,0.8110790017104152,1,0.05,random,,
condition_recombine_pseudolabel__mult_1.5__sim_0.85__teacher_ridge__seed_3,condition_recombine_pseudolabel,1.5,0.85,ridge,3,158,117,1.740506329113924,True,0.8499999999999995,0.85,0.85,reaction_role_concat,6144,random_forest,False,valid,rmse,15.383075229151999,1,0.05,random,,
condition_recombine_pseudolabel__mult_1.5__sim_0.85__teacher_ridge__seed_3,condition_recombine_pseudolabel,1.5,0.85,ridge,3,158,117,1.740506329113924,True,0.8499999999999995,0.85,0.85,reaction_role_concat,6144,random_forest,False,valid,mae,11.248056483550917,1,0.05,random,,
condition_recombine_pseudolabel__mult_1.5__sim_0.85__teacher_ridge__seed_3,condition_recombine_pseudolabel,1.5,0.85,ridge,3,158,117,1.740506329113924,True,0.8499999999999995,0.85,0.85,reaction_role_concat,6144,random_forest,False,valid,r2,0.6916391125157197,1,0.05,random,,
condition_recombine_pseudolabel__mult_1.5__sim_0.85__teacher_ridge__seed_3,condition_recombine_pseudolabel,1.5,0.85,ridge,3,158,117,1.740506329113924,True,0.8499999999999995,0.85,0.85,reaction_role_concat,6144,random_forest,False,valid,spearman,0.832787440920627,1,0.05,random,,
condition_recombine_pseudolabel__mult_1.5__sim_0.85__teacher_ridge__seed_4,condition_recombine_pseudolabel,1.5,0.85,ridge,4,158,116,1.7341772151898733,True,0.8499999999999995,0.85,0.85,reaction_role_concat,6144,random_forest,False,valid,rmse,15.211794466299647,1,0.05,random,,
condition_recombine_pseudolabel__mult_1.5__sim_0.85__teacher_ridge__seed_4,condition_recombine_pseudolabel,1.5,0.85,ridge,4,158,116,1.7341772151898733,True,0.8499999999999995,0.85,0.85,reaction_role_concat,6144,random_forest,False,valid,mae,11.261140392842174,1,0.05,random,,
condition_recombine_pseudolabel__mult_1.5__sim_0.85__teacher_ridge__seed_4,condition_recombine_pseudolabel,1.5,0.85,ridge,4,158,116,1.7341772151898733,True,0.8499999999999995,0.85,0.85,reaction_role_concat,6144,random_forest,False,valid,r2,0.6984676886443684,1,0.05,random,,
condition_recombine_pseudolabel__mult_1.5__sim_0.85__teacher_ridge__seed_4,condition_recombine_pseudolabel,1.5,0.85,ridge,4,158,116,1.7341772151898733,True,0.8499999999999995,0.85,0.85,reaction_role_concat,6144,random_forest,False,valid,spearman,0.8385947147042716,1,0.05,random,,
condition_recombine_pseudolabel__mult_1.5__sim_0.85__teacher_rf__seed_0,condition_recombine_pseudolabel,1.5,0.85,random_forest,0,158,114,1.7215189873417722,True,0.8499999999999996,0.85,0.85,reaction_role_concat,6144,random_forest,False,valid,rmse,15.297296972725153,1,0.05,random,,
condition_recombine_pseudolabel__mult_1.5__sim_0.85__teacher_rf__seed_0,condition_recombine_pseudolabel,1.5,0.85,random_forest,0,158,114,1.7215189873417722,True,0.8499999999999996,0.85,0.85,reaction_role_concat,6144,random_forest,False,valid,mae,10.893620170882985,1,0.05,random,,
condition_recombine_pseudolabel__mult_1.5__sim_0.85__teacher_rf__seed_0,condition_recombine_pseudolabel,1.5,0.85,random_forest,0,158,114,1.7215189873417722,True,0.8499999999999996,0.85,0.85,reaction_role_concat,6144,random_forest,False,valid,r2,0.6950684545076617,1,0.05,random,,
condition_recombine_pseudolabel__mult_1.5__sim_0.85__teacher_rf__seed_0,condition_recombine_pseudolabel,1.5,0.85,random_forest,0,158,114,1.7215189873417722,True,0.8499999999999996,0.85,0.85,reaction_role_concat,6144,random_forest,False,valid,spearman,0.8353697713359213,1,0.05,random,,
condition_recombine_pseudolabel__mult_1.5__sim_0.85__teacher_rf__seed_1,condition_recombine_pseudolabel,1.5,0.85,random_forest,1,158,117,1.740506329113924,True,0.8499999999999995,0.85,0.85,reaction_role_concat,6144,random_forest,False,valid,rmse,15.174008267649434,1,0.05,random,,
condition_recombine_pseudolabel__mult_1.5__sim_0.85__teacher_rf__seed_1,condition_recombine_pseudolabel,1.5,0.85,random_forest,1,158,117,1.740506329113924,True,0.8499999999999995,0.85,0.85,reaction_role_concat,6144,random_forest,False,valid,mae,10.614252104470246,1,0.05,random,,
condition_recombine_pseudolabel__mult_1.5__sim_0.85__teacher_rf__seed_1,condition_recombine_pseudolabel,1.5,0.85,random_forest,1,158,117,1.740506329113924,True,0.8499999999999995,0.85,0.85,reaction_role_concat,6144,random_forest,False,valid,r2,0.6999638446375305,1,0.05,random,,
condition_recombine_pseudolabel__mult_1.5__sim_0.85__teacher_rf__seed_1,condition_recombine_pseudolabel,1.5,0.85,random_forest,1,158,117,1.740506329113924,True,0.8499999999999995,0.85,0.85,reaction_role_concat,6144,random_forest,False,valid,spearman,0.8368140926307134,1,0.05,random,,
condition_recombine_pseudolabel__mult_1.5__sim_0.85__teacher_rf__seed_2,condition_recombine_pseudolabel,1.5,0.85,random_forest,2,158,108,1.6835443037974684,True,0.8499999999999995,0.85,0.85,reaction_role_concat,6144,random_forest,False,valid,rmse,15.635650979278926,1,0.05,random,,
condition_recombine_pseudolabel__mult_1.5__sim_0.85__teacher_rf__seed_2,condition_recombine_pseudolabel,1.5,0.85,random_forest,2,158,108,1.6835443037974684,True,0.8499999999999995,0.85,0.85,reaction_role_concat,6144,random_forest,False,valid,mae,11.196811111831213,1,0.05,random,,
condition_recombine_pseudolabel__mult_1.5__sim_0.85__teacher_rf__seed_2,condition_recombine_pseudolabel,1.5,0.85,random_forest,2,158,108,1.6835443037974684,True,0.8499999999999995,0.85,0.85,reaction_role_concat,6144,random_forest,False,valid,r2,0.6814299863712037,1,0.05,random,,
condition_recombine_pseudolabel__mult_1.5__sim_0.85__teacher_rf__seed_2,condition_recombine_pseudolabel,1.5,0.85,random_forest,2,158,108,1.6835443037974684,True,0.8499999999999995,0.85,0.85,reaction_role_concat,6144,random_forest,False,valid,spearman,0.8282579932575735,1,0.05,random,,
condition_recombine_pseudolabel__mult_1.5__sim_0.85__teacher_rf__seed_3,condition_recombine_pseudolabel,1.5,0.85,random_forest,3,158,117,1.740506329113924,True,0.8499999999999995,0.85,0.85,reaction_role_concat,6144,random_forest,False,valid,rmse,15.38813498951822,1,0.05,random,,
condition_recombine_pseudolabel__mult_1.5__sim_0.85__teacher_rf__seed_3,condition_recombine_pseudolabel,1.5,0.85,random_forest,3,158,117,1.740506329113924,True,0.8499999999999995,0.85,0.85,reaction_role_concat,6144,random_forest,False,valid,mae,10.984994277536869,1,0.05,random,,
condition_recombine_pseudolabel__mult_1.5__sim_0.85__teacher_rf__seed_3,condition_recombine_pseudolabel,1.5,0.85,random_forest,3,158,117,1.740506329113924,True,0.8499999999999995,0.85,0.85,reaction_role_concat,6144,random_forest,False,valid,r2,0.6914362286622038,1,0.05,random,,
condition_recombine_pseudolabel__mult_1.5__sim_0.85__teacher_rf__seed_3,condition_recombine_pseudolabel,1.5,0.85,random_forest,3,158,117,1.740506329113924,True,0.8499999999999995,0.85,0.85,reaction_role_concat,6144,random_forest,False,valid,spearman,0.8315783549128924,1,0.05,random,,
condition_recombine_pseudolabel__mult_1.5__sim_0.85__teacher_rf__seed_4,condition_recombine_pseudolabel,1.5,0.85,random_forest,4,158,116,1.7341772151898733,True,0.8499999999999995,0.85,0.85,reaction_role_concat,6144,random_forest,False,valid,rmse,15.388790320456357,1,0.05,random,,
condition_recombine_pseudolabel__mult_1.5__sim_0.85__teacher_rf__seed_4,condition_recombine_pseudolabel,1.5,0.85,random_forest,4,158,116,1.7341772151898733,True,0.8499999999999995,0.85,0.85,reaction_role_concat,6144,random_forest,False,valid,mae,11.007577756853042,1,0.05,random,,
condition_recombine_pseudolabel__mult_1.5__sim_0.85__teacher_rf__seed_4,condition_recombine_pseudolabel,1.5,0.85,random_forest,4,158,116,1.7341772151898733,True,0.8499999999999995,0.85,0.85,reaction_role_concat,6144,random_forest,False,valid,r2,0.6914099466349604,1,0.05,random,,
condition_recombine_pseudolabel__mult_1.5__sim_0.85__teacher_rf__seed_4,condition_recombine_pseudolabel,1.5,0.85,random_forest,4,158,116,1.7341772151898733,True,0.8499999999999995,0.85,0.85,reaction_role_concat,6144,random_forest,False,valid,spearman,0.8340418992974707,1,0.05,random,,
condition_recombine_pseudolabel__mult_1.5__sim_0.9__teacher_ridge__seed_0,condition_recombine_pseudolabel,1.5,0.9,ridge,0,158,62,1.3924050632911393,True,0.8500000000000001,0.85,0.85,reaction_role_concat,6144,random_forest,False,valid,rmse,15.484779781609312,1,0.05,random,,
condition_recombine_pseudolabel__mult_1.5__sim_0.9__teacher_ridge__seed_0,condition_recombine_pseudolabel,1.5,0.9,ridge,0,158,62,1.3924050632911393,True,0.8500000000000001,0.85,0.85,reaction_role_concat,6144,random_forest,False,valid,mae,11.381905227895025,1,0.05,random,,
condition_recombine_pseudolabel__mult_1.5__sim_0.9__teacher_ridge__seed_0,condition_recombine_pseudolabel,1.5,0.9,ridge,0,158,62,1.3924050632911393,True,0.8500000000000001,0.85,0.85,reaction_role_concat,6144,random_forest,False,valid,r2,0.6875482036582883,1,0.05,random,,
condition_recombine_pseudolabel__mult_1.5__sim_0.9__teacher_ridge__seed_0,condition_recombine_pseudolabel,1.5,0.9,ridge,0,158,62,1.3924050632911393,True,0.8500000000000001,0.85,0.85,reaction_role_concat,6144,random_forest,False,valid,spearman,0.8347855777422344,1,0.05,random,,
condition_recombine_pseudolabel__mult_1.5__sim_0.9__teacher_ridge__seed_1,condition_recombine_pseudolabel,1.5,0.9,ridge,1,158,57,1.360759493670886,True,0.85,0.85,0.85,reaction_role_concat,6144,random_forest,False,valid,rmse,15.46208977653545,1,0.05,random,,
condition_recombine_pseudolabel__mult_1.5__sim_0.9__teacher_ridge__seed_1,condition_recombine_pseudolabel,1.5,0.9,ridge,1,158,57,1.360759493670886,True,0.85,0.85,0.85,reaction_role_concat,6144,random_forest,False,valid,mae,11.277248614905002,1,0.05,random,,
condition_recombine_pseudolabel__mult_1.5__sim_0.9__teacher_ridge__seed_1,condition_recombine_pseudolabel,1.5,0.9,ridge,1,158,57,1.360759493670886,True,0.85,0.85,0.85,reaction_role_concat,6144,random_forest,False,valid,r2,0.6884632103631956,1,0.05,random,,
condition_recombine_pseudolabel__mult_1.5__sim_0.9__teacher_ridge__seed_1,condition_recombine_pseudolabel,1.5,0.9,ridge,1,158,57,1.360759493670886,True,0.85,0.85,0.85,reaction_role_concat,6144,random_forest,False,valid,spearman,0.8304794867631673,1,0.05,random,,
condition_recombine_pseudolabel__mult_1.5__sim_0.9__teacher_ridge__seed_2,condition_recombine_pseudolabel,1.5,0.9,ridge,2,158,44,1.2784810126582278,True,0.8500000000000001,0.85,0.85,reaction_role_concat,6144,random_forest,False,valid,rmse,15.957036439628318,1,0.05,random,,
condition_recombine_pseudolabel__mult_1.5__sim_0.9__teacher_ridge__seed_2,condition_recombine_pseudolabel,1.5,0.9,ridge,2,158,44,1.2784810126582278,True,0.8500000000000001,0.85,0.85,reaction_role_concat,6144,random_forest,False,valid,mae,11.708118735829487,1,0.05,random,,
condition_recombine_pseudolabel__mult_1.5__sim_0.9__teacher_ridge__seed_2,condition_recombine_pseudolabel,1.5,0.9,ridge,2,158,44,1.2784810126582278,True,0.8500000000000001,0.85,0.85,reaction_role_concat,6144,random_forest,False,valid,r2,0.6681991970269927,1,0.05,random,,
condition_recombine_pseudolabel__mult_1.5__sim_0.9__teacher_ridge__seed_2,condition_recombine_pseudolabel,1.5,0.9,ridge,2,158,44,1.2784810126582278,True,0.8500000000000001,0.85,0.85,reaction_role_concat,6144,random_forest,False,valid,spearman,0.8198884463720175,1,0.05,random,,
condition_recombine_pseudolabel__mult_1.5__sim_0.9__teacher_ridge__seed_3,condition_recombine_pseudolabel,1.5,0.9,ridge,3,158,59,1.3734177215189873,True,0.85,0.85,0.85,reaction_role_concat,6144,random_forest,False,valid,rmse,15.526027021349256,1,0.05,random,,
condition_recombine_pseudolabel__mult_1.5__sim_0.9__teacher_ridge__seed_3,condition_recombine_pseudolabel,1.5,0.9,ridge,3,158,59,1.3734177215189873,True,0.85,0.85,0.85,reaction_role_concat,6144,random_forest,False,valid,mae,11.205087698341925,1,0.05,random,,
condition_recombine_pseudolabel__mult_1.5__sim_0.9__teacher_ridge__seed_3,condition_recombine_pseudolabel,1.5,0.9,ridge,3,158,59,1.3734177215189873,True,0.85,0.85,0.85,reaction_role_concat,6144,random_forest,False,valid,r2,0.6858814135463724,1,0.05,random,,
condition_recombine_pseudolabel__mult_1.5__sim_0.9__teacher_ridge__seed_3,condition_recombine_pseudolabel,1.5,0.9,ridge,3,158,59,1.3734177215189873,True,0.85,0.85,0.85,reaction_role_concat,6144,random_forest,False,valid,spearman,0.8291648564461738,1,0.05,random,,
condition_recombine_pseudolabel__mult_1.5__sim_0.9__teacher_ridge__seed_4,condition_recombine_pseudolabel,1.5,0.9,ridge,4,158,49,1.3101265822784811,True,0.85,0.85,0.85,reaction_role_concat,6144,random_forest,False,valid,rmse,15.555659491932378,1,0.05,random,,
condition_recombine_pseudolabel__mult_1.5__sim_0.9__teacher_ridge__seed_4,condition_recombine_pseudolabel,1.5,0.9,ridge,4,158,49,1.3101265822784811,True,0.85,0.85,0.85,reaction_role_concat,6144,random_forest,False,valid,mae,11.313798022362247,1,0.05,random,,
condition_recombine_pseudolabel__mult_1.5__sim_0.9__teacher_ridge__seed_4,condition_recombine_pseudolabel,1.5,0.9,ridge,4,158,49,1.3101265822784811,True,0.85,0.85,0.85,reaction_role_concat,6144,random_forest,False,valid,r2,0.6846812362778685,1,0.05,random,,
condition_recombine_pseudolabel__mult_1.5__sim_0.9__teacher_ridge__seed_4,condition_recombine_pseudolabel,1.5,0.9,ridge,4,158,49,1.3101265822784811,True,0.85,0.85,0.85,reaction_role_concat,6144,random_forest,False,valid,spearman,0.8332468118164628,1,0.05,random,,
condition_recombine_pseudolabel__mult_1.5__sim_0.9__teacher_rf__seed_0,condition_recombine_pseudolabel,1.5,0.9,random_forest,0,158,62,1.3924050632911393,True,0.8500000000000001,0.85,0.85,reaction_role_concat,6144,random_forest,False,valid,rmse,15.389294511209679,1,0.05,random,,
condition_recombine_pseudolabel__mult_1.5__sim_0.9__teacher_rf__seed_0,condition_recombine_pseudolabel,1.5,0.9,random_forest,0,158,62,1.3924050632911393,True,0.8500000000000001,0.85,0.85,reaction_role_concat,6144,random_forest,False,valid,mae,11.059515020937107,1,0.05,random,,
condition_recombine_pseudolabel__mult_1.5__sim_0.9__teacher_rf__seed_0,condition_recombine_pseudolabel,1.5,0.9,random_forest,0,158,62,1.3924050632911393,True,0.8500000000000001,0.85,0.85,reaction_role_concat,6144,random_forest,False,valid,r2,0.6913897253183992,1,0.05,random,,
condition_recombine_pseudolabel__mult_1.5__sim_0.9__teacher_rf__seed_0,condition_recombine_pseudolabel,1.5,0.9,random_forest,0,158,62,1.3924050632911393,True,0.8500000000000001,0.85,0.85,reaction_role_concat,6144,random_forest,False,valid,spearman,0.8366016408938093,1,0.05,random,,
condition_recombine_pseudolabel__mult_1.5__sim_0.9__teacher_rf__seed_1,condition_recombine_pseudolabel,1.5,0.9,random_forest,1,158,57,1.360759493670886,True,0.85,0.85,0.85,reaction_role_concat,6144,random_forest,False,valid,rmse,15.185221126789363,1,0.05,random,,
condition_recombine_pseudolabel__mult_1.5__sim_0.9__teacher_rf__seed_1,condition_recombine_pseudolabel,1.5,0.9,random_forest,1,158,57,1.360759493670886,True,0.85,0.85,0.85,reaction_role_concat,6144,random_forest,False,valid,mae,10.841199080270302,1,0.05,random,,
condition_recombine_pseudolabel__mult_1.5__sim_0.9__teacher_rf__seed_1,condition_recombine_pseudolabel,1.5,0.9,random_forest,1,158,57,1.360759493670886,True,0.85,0.85,0.85,reaction_role_concat,6144,random_forest,False,valid,r2,0.6995202563513531,1,0.05,random,,
condition_recombine_pseudolabel__mult_1.5__sim_0.9__teacher_rf__seed_1,condition_recombine_pseudolabel,1.5,0.9,random_forest,1,158,57,1.360759493670886,True,0.85,0.85,0.85,reaction_role_concat,6144,random_forest,False,valid,spearman,0.8373585610600298,1,0.05,random,,
condition_recombine_pseudolabel__mult_1.5__sim_0.9__teacher_rf__seed_2,condition_recombine_pseudolabel,1.5,0.9,random_forest,2,158,44,1.2784810126582278,True,0.8500000000000001,0.85,0.85,reaction_role_concat,6144,random_forest,False,valid,rmse,15.620691654748345,1,0.05,random,,
condition_recombine_pseudolabel__mult_1.5__sim_0.9__teacher_rf__seed_2,condition_recombine_pseudolabel,1.5,0.9,random_forest,2,158,44,1.2784810126582278,True,0.8500000000000001,0.85,0.85,reaction_role_concat,6144,random_forest,False,valid,mae,11.259255675966227,1,0.05,random,,
condition_recombine_pseudolabel__mult_1.5__sim_0.9__teacher_rf__seed_2,condition_recombine_pseudolabel,1.5,0.9,random_forest,2,158,44,1.2784810126582278,True,0.8500000000000001,0.85,0.85,reaction_role_concat,6144,random_forest,False,valid,r2,0.6820392750408731,1,0.05,random,,
condition_recombine_pseudolabel__mult_1.5__sim_0.9__teacher_rf__seed_2,condition_recombine_pseudolabel,1.5,0.9,random_forest,2,158,44,1.2784810126582278,True,0.8500000000000001,0.85,0.85,reaction_role_concat,6144,random_forest,False,valid,spearman,0.8314029021035886,1,0.05,random,,
condition_recombine_pseudolabel__mult_1.5__sim_0.9__teacher_rf__seed_3,condition_recombine_pseudolabel,1.5,0.9,random_forest,3,158,59,1.3734177215189873,True,0.85,0.85,0.85,reaction_role_concat,6144,random_forest,False,valid,rmse,15.58499242309522,1,0.05,random,,
condition_recombine_pseudolabel__mult_1.5__sim_0.9__teacher_rf__seed_3,condition_recombine_pseudolabel,1.5,0.9,random_forest,3,158,59,1.3734177215189873,True,0.85,0.85,0.85,reaction_role_concat,6144,random_forest,False,valid,mae,11.187301672718192,1,0.05,random,,
condition_recombine_pseudolabel__mult_1.5__sim_0.9__teacher_rf__seed_3,condition_recombine_pseudolabel,1.5,0.9,random_forest,3,158,59,1.3734177215189873,True,0.85,0.85,0.85,reaction_role_concat,6144,random_forest,False,valid,r2,0.6834909371312317,1,0.05,random,,
condition_recombine_pseudolabel__mult_1.5__sim_0.9__teacher_rf__seed_3,condition_recombine_pseudolabel,1.5,0.9,random_forest,3,158,59,1.3734177215189873,True,0.85,0.85,0.85,reaction_role_concat,6144,random_forest,False,valid,spearman,0.8325076121892507,1,0.05,random,,
condition_recombine_pseudolabel__mult_1.5__sim_0.9__teacher_rf__seed_4,condition_recombine_pseudolabel,1.5,0.9,random_forest,4,158,49,1.3101265822784811,True,0.85,0.85,0.85,reaction_role_concat,6144,random_forest,False,valid,rmse,15.46130301736413,1,0.05,random,,
condition_recombine_pseudolabel__mult_1.5__sim_0.9__teacher_rf__seed_4,condition_recombine_pseudolabel,1.5,0.9,random_forest,4,158,49,1.3101265822784811,True,0.85,0.85,0.85,reaction_role_concat,6144,random_forest,False,valid,mae,11.048140269100665,1,0.05,random,,
condition_recombine_pseudolabel__mult_1.5__sim_0.9__teacher_rf__seed_4,condition_recombine_pseudolabel,1.5,0.9,random_forest,4,158,49,1.3101265822784811,True,0.85,0.85,0.85,reaction_role_concat,6144,random_forest,False,valid,r2,0.6884949134763136,1,0.05,random,,
condition_recombine_pseudolabel__mult_1.5__sim_0.9__teacher_rf__seed_4,condition_recombine_pseudolabel,1.5,0.9,random_forest,4,158,49,1.3101265822784811,True,0.85,0.85,0.85,reaction_role_concat,6144,random_forest,False,valid,spearman,0.8332298702022457,1,0.05,random,,
condition_recombine_pseudolabel__mult_1.5__sim_0.95__teacher_ridge__seed_0,condition_recombine_pseudolabel,1.5,0.95,ridge,0,158,0,1.0,True,,,,reaction_role_concat,6144,random_forest,False,valid,rmse,15.347443997609096,1,0.05,random,,
condition_recombine_pseudolabel__mult_1.5__sim_0.95__teacher_ridge__seed_0,condition_recombine_pseudolabel,1.5,0.95,ridge,0,158,0,1.0,True,,,,reaction_role_concat,6144,random_forest,False,valid,mae,11.017895912626877,1,0.05,random,,
condition_recombine_pseudolabel__mult_1.5__sim_0.95__teacher_ridge__seed_0,condition_recombine_pseudolabel,1.5,0.95,ridge,0,158,0,1.0,True,,,,reaction_role_concat,6144,random_forest,False,valid,r2,0.6930659473078735,1,0.05,random,,
condition_recombine_pseudolabel__mult_1.5__sim_0.95__teacher_ridge__seed_0,condition_recombine_pseudolabel,1.5,0.95,ridge,0,158,0,1.0,True,,,,reaction_role_concat,6144,random_forest,False,valid,spearman,0.8373159149276908,1,0.05,random,,
condition_recombine_pseudolabel__mult_1.5__sim_0.95__teacher_ridge__seed_1,condition_recombine_pseudolabel,1.5,0.95,ridge,1,158,0,1.0,True,,,,reaction_role_concat,6144,random_forest,False,valid,rmse,15.347443997609096,1,0.05,random,,
condition_recombine_pseudolabel__mult_1.5__sim_0.95__teacher_ridge__seed_1,condition_recombine_pseudolabel,1.5,0.95,ridge,1,158,0,1.0,True,,,,reaction_role_concat,6144,random_forest,False,valid,mae,11.017895912626877,1,0.05,random,,
condition_recombine_pseudolabel__mult_1.5__sim_0.95__teacher_ridge__seed_1,condition_recombine_pseudolabel,1.5,0.95,ridge,1,158,0,1.0,True,,,,reaction_role_concat,6144,random_forest,False,valid,r2,0.6930659473078735,1,0.05,random,,
condition_recombine_pseudolabel__mult_1.5__sim_0.95__teacher_ridge__seed_1,condition_recombine_pseudolabel,1.5,0.95,ridge,1,158,0,1.0,True,,,,reaction_role_concat,6144,random_forest,False,valid,spearman,0.8373159149276908,1,0.05,random,,
condition_recombine_pseudolabel__mult_1.5__sim_0.95__teacher_ridge__seed_2,condition_recombine_pseudolabel,1.5,0.95,ridge,2,158,0,1.0,True,,,,reaction_role_concat,6144,random_forest,False,valid,rmse,15.347443997609096,1,0.05,random,,
condition_recombine_pseudolabel__mult_1.5__sim_0.95__teacher_ridge__seed_2,condition_recombine_pseudolabel,1.5,0.95,ridge,2,158,0,1.0,True,,,,reaction_role_concat,6144,random_forest,False,valid,mae,11.017895912626877,1,0.05,random,,
condition_recombine_pseudolabel__mult_1.5__sim_0.95__teacher_ridge__seed_2,condition_recombine_pseudolabel,1.5,0.95,ridge,2,158,0,1.0,True,,,,reaction_role_concat,6144,random_forest,False,valid,r2,0.6930659473078735,1,0.05,random,,
condition_recombine_pseudolabel__mult_1.5__sim_0.95__teacher_ridge__seed_2,condition_recombine_pseudolabel,1.5,0.95,ridge,2,158,0,1.0,True,,,,reaction_role_concat,6144,random_forest,False,valid,spearman,0.8373159149276908,1,0.05,random,,
condition_recombine_pseudolabel__mult_1.5__sim_0.95__teacher_ridge__seed_3,condition_recombine_pseudolabel,1.5,0.95,ridge,3,158,0,1.0,True,,,,reaction_role_concat,6144,random_forest,False,valid,rmse,15.347443997609096,1,0.05,random,,
condition_recombine_pseudolabel__mult_1.5__sim_0.95__teacher_ridge__seed_3,condition_recombine_pseudolabel,1.5,0.95,ridge,3,158,0,1.0,True,,,,reaction_role_concat,6144,random_forest,False,valid,mae,11.017895912626877,1,0.05,random,,
condition_recombine_pseudolabel__mult_1.5__sim_0.95__teacher_ridge__seed_3,condition_recombine_pseudolabel,1.5,0.95,ridge,3,158,0,1.0,True,,,,reaction_role_concat,6144,random_forest,False,valid,r2,0.6930659473078735,1,0.05,random,,
condition_recombine_pseudolabel__mult_1.5__sim_0.95__teacher_ridge__seed_3,condition_recombine_pseudolabel,1.5,0.95,ridge,3,158,0,1.0,True,,,,reaction_role_concat,6144,random_forest,False,valid,spearman,0.8373159149276908,1,0.05,random,,
condition_recombine_pseudolabel__mult_1.5__sim_0.95__teacher_ridge__seed_4,condition_recombine_pseudolabel,1.5,0.95,ridge,4,158,0,1.0,True,,,,reaction_role_concat,6144,random_forest,False,valid,rmse,15.347443997609096,1,0.05,random,,
condition_recombine_pseudolabel__mult_1.5__sim_0.95__teacher_ridge__seed_4,condition_recombine_pseudolabel,1.5,0.95,ridge,4,158,0,1.0,True,,,,reaction_role_concat,6144,random_forest,False,valid,mae,11.017895912626877,1,0.05,random,,
condition_recombine_pseudolabel__mult_1.5__sim_0.95__teacher_ridge__seed_4,condition_recombine_pseudolabel,1.5,0.95,ridge,4,158,0,1.0,True,,,,reaction_role_concat,6144,random_forest,False,valid,r2,0.6930659473078735,1,0.05,random,,
condition_recombine_pseudolabel__mult_1.5__sim_0.95__teacher_ridge__seed_4,condition_recombine_pseudolabel,1.5,0.95,ridge,4,158,0,1.0,True,,,,reaction_role_concat,6144,random_forest,False,valid,spearman,0.8373159149276908,1,0.05,random,,
condition_recombine_pseudolabel__mult_1.5__sim_0.95__teacher_rf__seed_0,condition_recombine_pseudolabel,1.5,0.95,random_forest,0,158,0,1.0,True,,,,reaction_role_concat,6144,random_forest,False,valid,rmse,15.347443997609096,1,0.05,random,,
condition_recombine_pseudolabel__mult_1.5__sim_0.95__teacher_rf__seed_0,condition_recombine_pseudolabel,1.5,0.95,random_forest,0,158,0,1.0,True,,,,reaction_role_concat,6144,random_forest,False,valid,mae,11.017895912626877,1,0.05,random,,
condition_recombine_pseudolabel__mult_1.5__sim_0.95__teacher_rf__seed_0,condition_recombine_pseudolabel,1.5,0.95,random_forest,0,158,0,1.0,True,,,,reaction_role_concat,6144,random_forest,False,valid,r2,0.6930659473078735,1,0.05,random,,
condition_recombine_pseudolabel__mult_1.5__sim_0.95__teacher_rf__seed_0,condition_recombine_pseudolabel,1.5,0.95,random_forest,0,158,0,1.0,True,,,,reaction_role_concat,6144,random_forest,False,valid,spearman,0.8373159149276908,1,0.05,random,,
condition_recombine_pseudolabel__mult_1.5__sim_0.95__teacher_rf__seed_1,condition_recombine_pseudolabel,1.5,0.95,random_forest,1,158,0,1.0,True,,,,reaction_role_concat,6144,random_forest,False,valid,rmse,15.347443997609096,1,0.05,random,,
condition_recombine_pseudolabel__mult_1.5__sim_0.95__teacher_rf__seed_1,condition_recombine_pseudolabel,1.5,0.95,random_forest,1,158,0,1.0,True,,,,reaction_role_concat,6144,random_forest,False,valid,mae,11.017895912626877,1,0.05,random,,
condition_recombine_pseudolabel__mult_1.5__sim_0.95__teacher_rf__seed_1,condition_recombine_pseudolabel,1.5,0.95,random_forest,1,158,0,1.0,True,,,,reaction_role_concat,6144,random_forest,False,valid,r2,0.6930659473078735,1,0.05,random,,
condition_recombine_pseudolabel__mult_1.5__sim_0.95__teacher_rf__seed_1,condition_recombine_pseudolabel,1.5,0.95,random_forest,1,158,0,1.0,True,,,,reaction_role_concat,6144,random_forest,False,valid,spearman,0.8373159149276908,1,0.05,random,,
condition_recombine_pseudolabel__mult_1.5__sim_0.95__teacher_rf__seed_2,condition_recombine_pseudolabel,1.5,0.95,random_forest,2,158,0,1.0,True,,,,reaction_role_concat,6144,random_forest,False,valid,rmse,15.347443997609096,1,0.05,random,,
condition_recombine_pseudolabel__mult_1.5__sim_0.95__teacher_rf__seed_2,condition_recombine_pseudolabel,1.5,0.95,random_forest,2,158,0,1.0,True,,,,reaction_role_concat,6144,random_forest,False,valid,mae,11.017895912626877,1,0.05,random,,
condition_recombine_pseudolabel__mult_1.5__sim_0.95__teacher_rf__seed_2,condition_recombine_pseudolabel,1.5,0.95,random_forest,2,158,0,1.0,True,,,,reaction_role_concat,6144,random_forest,False,valid,r2,0.6930659473078735,1,0.05,random,,
condition_recombine_pseudolabel__mult_1.5__sim_0.95__teacher_rf__seed_2,condition_recombine_pseudolabel,1.5,0.95,random_forest,2,158,0,1.0,True,,,,reaction_role_concat,6144,random_forest,False,valid,spearman,0.8373159149276908,1,0.05,random,,
condition_recombine_pseudolabel__mult_1.5__sim_0.95__teacher_rf__seed_3,condition_recombine_pseudolabel,1.5,0.95,random_forest,3,158,0,1.0,True,,,,reaction_role_concat,6144,random_forest,False,valid,rmse,15.347443997609096,1,0.05,random,,
condition_recombine_pseudolabel__mult_1.5__sim_0.95__teacher_rf__seed_3,condition_recombine_pseudolabel,1.5,0.95,random_forest,3,158,0,1.0,True,,,,reaction_role_concat,6144,random_forest,False,valid,mae,11.017895912626877,1,0.05,random,,
condition_recombine_pseudolabel__mult_1.5__sim_0.95__teacher_rf__seed_3,condition_recombine_pseudolabel,1.5,0.95,random_forest,3,158,0,1.0,True,,,,reaction_role_concat,6144,random_forest,False,valid,r2,0.6930659473078735,1,0.05,random,,
condition_recombine_pseudolabel__mult_1.5__sim_0.95__teacher_rf__seed_3,condition_recombine_pseudolabel,1.5,0.95,random_forest,3,158,0,1.0,True,,,,reaction_role_concat,6144,random_forest,False,valid,spearman,0.8373159149276908,1,0.05,random,,
condition_recombine_pseudolabel__mult_1.5__sim_0.95__teacher_rf__seed_4,condition_recombine_pseudolabel,1.5,0.95,random_forest,4,158,0,1.0,True,,,,reaction_role_concat,6144,random_forest,False,valid,rmse,15.347443997609096,1,0.05,random,,
condition_recombine_pseudolabel__mult_1.5__sim_0.95__teacher_rf__seed_4,condition_recombine_pseudolabel,1.5,0.95,random_forest,4,158,0,1.0,True,,,,reaction_role_concat,6144,random_forest,False,valid,mae,11.017895912626877,1,0.05,random,,
condition_recombine_pseudolabel__mult_1.5__sim_0.95__teacher_rf__seed_4,condition_recombine_pseudolabel,1.5,0.95,random_forest,4,158,0,1.0,True,,,,reaction_role_concat,6144,random_forest,False,valid,r2,0.6930659473078735,1,0.05,random,,
condition_recombine_pseudolabel__mult_1.5__sim_0.95__teacher_rf__seed_4,condition_recombine_pseudolabel,1.5,0.95,random_forest,4,158,0,1.0,True,,,,reaction_role_concat,6144,random_forest,False,valid,spearman,0.8373159149276908,1,0.05,random,,
condition_recombine_pseudolabel__mult_2__sim_0.8__teacher_ridge__seed_0,condition_recombine_pseudolabel,2.0,0.8,ridge,0,158,275,2.740506329113924,True,0.8409979325641285,0.800000011920929,0.85,reaction_role_concat,6144,random_forest,False,valid,rmse,15.575248768361716,1,0.05,random,,
condition_recombine_pseudolabel__mult_2__sim_0.8__teacher_ridge__seed_0,condition_recombine_pseudolabel,2.0,0.8,ridge,0,158,275,2.740506329113924,True,0.8409979325641285,0.800000011920929,0.85,reaction_role_concat,6144,random_forest,False,valid,mae,11.40665830241955,1,0.05,random,,
condition_recombine_pseudolabel__mult_2__sim_0.8__teacher_ridge__seed_0,condition_recombine_pseudolabel,2.0,0.8,ridge,0,158,275,2.740506329113924,True,0.8409979325641285,0.800000011920929,0.85,reaction_role_concat,6144,random_forest,False,valid,r2,0.6838865729979354,1,0.05,random,,
condition_recombine_pseudolabel__mult_2__sim_0.8__teacher_ridge__seed_0,condition_recombine_pseudolabel,2.0,0.8,ridge,0,158,275,2.740506329113924,True,0.8409979325641285,0.800000011920929,0.85,reaction_role_concat,6144,random_forest,False,valid,spearman,0.8299093138157289,1,0.05,random,,
condition_recombine_pseudolabel__mult_2__sim_0.8__teacher_ridge__seed_1,condition_recombine_pseudolabel,2.0,0.8,ridge,1,158,279,2.7658227848101267,True,0.8389484464054039,0.800000011920929,0.85,reaction_role_concat,6144,random_forest,False,valid,rmse,16.198471312709742,1,0.05,random,,
condition_recombine_pseudolabel__mult_2__sim_0.8__teacher_ridge__seed_1,condition_recombine_pseudolabel,2.0,0.8,ridge,1,158,279,2.7658227848101267,True,0.8389484464054039,0.800000011920929,0.85,reaction_role_concat,6144,random_forest,False,valid,mae,12.20465490468016,1,0.05,random,,
condition_recombine_pseudolabel__mult_2__sim_0.8__teacher_ridge__seed_1,condition_recombine_pseudolabel,2.0,0.8,ridge,1,158,279,2.7658227848101267,True,0.8389484464054039,0.800000011920929,0.85,reaction_role_concat,6144,random_forest,False,valid,r2,0.6580827425634408,1,0.05,random,,
condition_recombine_pseudolabel__mult_2__sim_0.8__teacher_ridge__seed_1,condition_recombine_pseudolabel,2.0,0.8,ridge,1,158,279,2.7658227848101267,True,0.8389484464054039,0.800000011920929,0.85,reaction_role_concat,6144,random_forest,False,valid,spearman,0.8148990436195347,1,0.05,random,,
condition_recombine_pseudolabel__mult_2__sim_0.8__teacher_ridge__seed_2,condition_recombine_pseudolabel,2.0,0.8,ridge,2,158,277,2.7531645569620253,True,0.8390731780967986,0.8012820482254028,0.85,reaction_role_concat,6144,random_forest,False,valid,rmse,16.163465567222183,1,0.05,random,,
condition_recombine_pseudolabel__mult_2__sim_0.8__teacher_ridge__seed_2,condition_recombine_pseudolabel,2.0,0.8,ridge,2,158,277,2.7531645569620253,True,0.8390731780967986,0.8012820482254028,0.85,reaction_role_concat,6144,random_forest,False,valid,mae,12.0668317927439,1,0.05,random,,
condition_recombine_pseudolabel__mult_2__sim_0.8__teacher_ridge__seed_2,condition_recombine_pseudolabel,2.0,0.8,ridge,2,158,277,2.7531645569620253,True,0.8390731780967986,0.8012820482254028,0.85,reaction_role_concat,6144,random_forest,False,valid,r2,0.6595589479866139,1,0.05,random,,
condition_recombine_pseudolabel__mult_2__sim_0.8__teacher_ridge__seed_2,condition_recombine_pseudolabel,2.0,0.8,ridge,2,158,277,2.7531645569620253,True,0.8390731780967986,0.8012820482254028,0.85,reaction_role_concat,6144,random_forest,False,valid,spearman,0.809343557274769,1,0.05,random,,
condition_recombine_pseudolabel__mult_2__sim_0.8__teacher_ridge__seed_3,condition_recombine_pseudolabel,2.0,0.8,ridge,3,158,271,2.7151898734177213,True,0.8398276088862401,0.800000011920929,0.85,reaction_role_concat,6144,random_forest,False,valid,rmse,15.523789368047751,1,0.05,random,,
condition_recombine_pseudolabel__mult_2__sim_0.8__teacher_ridge__seed_3,condition_recombine_pseudolabel,2.0,0.8,ridge,3,158,271,2.7151898734177213,True,0.8398276088862401,0.800000011920929,0.85,reaction_role_concat,6144,random_forest,False,valid,mae,11.545346377055857,1,0.05,random,,
condition_recombine_pseudolabel__mult_2__sim_0.8__teacher_ridge__seed_3,condition_recombine_pseudolabel,2.0,0.8,ridge,3,158,271,2.7151898734177213,True,0.8398276088862401,0.800000011920929,0.85,reaction_role_concat,6144,random_forest,False,valid,r2,0.6859719502741488,1,0.05,random,,
condition_recombine_pseudolabel__mult_2__sim_0.8__teacher_ridge__seed_3,condition_recombine_pseudolabel,2.0,0.8,ridge,3,158,271,2.7151898734177213,True,0.8398276088862401,0.800000011920929,0.85,reaction_role_concat,6144,random_forest,False,valid,spearman,0.8259221925388148,1,0.05,random,,
condition_recombine_pseudolabel__mult_2__sim_0.8__teacher_ridge__seed_4,condition_recombine_pseudolabel,2.0,0.8,ridge,4,158,273,2.7278481012658227,True,0.8413335030332153,0.8012422323226929,0.85,reaction_role_concat,6144,random_forest,False,valid,rmse,14.855174438749652,1,0.05,random,,
condition_recombine_pseudolabel__mult_2__sim_0.8__teacher_ridge__seed_4,condition_recombine_pseudolabel,2.0,0.8,ridge,4,158,273,2.7278481012658227,True,0.8413335030332153,0.8012422323226929,0.85,reaction_role_concat,6144,random_forest,False,valid,mae,10.89493654500684,1,0.05,random,,
condition_recombine_pseudolabel__mult_2__sim_0.8__teacher_ridge__seed_4,condition_recombine_pseudolabel,2.0,0.8,ridge,4,158,273,2.7278481012658227,True,0.8413335030332153,0.8012422323226929,0.85,reaction_role_concat,6144,random_forest,False,valid,r2,0.7124400026376054,1,0.05,random,,
condition_recombine_pseudolabel__mult_2__sim_0.8__teacher_ridge__seed_4,condition_recombine_pseudolabel,2.0,0.8,ridge,4,158,273,2.7278481012658227,True,0.8413335030332153,0.8012422323226929,0.85,reaction_role_concat,6144,random_forest,False,valid,spearman,0.8374545635405923,1,0.05,random,,
condition_recombine_pseudolabel__mult_2__sim_0.8__teacher_rf__seed_0,condition_recombine_pseudolabel,2.0,0.8,random_forest,0,158,275,2.740506329113924,True,0.8409979325641285,0.800000011920929,0.85,reaction_role_concat,6144,random_forest,False,valid,rmse,15.372581020838211,1,0.05,random,,
condition_recombine_pseudolabel__mult_2__sim_0.8__teacher_rf__seed_0,condition_recombine_pseudolabel,2.0,0.8,random_forest,0,158,275,2.740506329113924,True,0.8409979325641285,0.800000011920929,0.85,reaction_role_concat,6144,random_forest,False,valid,mae,10.855626215431508,1,0.05,random,,
condition_recombine_pseudolabel__mult_2__sim_0.8__teacher_rf__seed_0,condition_recombine_pseudolabel,2.0,0.8,random_forest,0,158,275,2.740506329113924,True,0.8409979325641285,0.800000011920929,0.85,reaction_role_concat,6144,random_forest,False,valid,r2,0.692059691568133,1,0.05,random,,
condition_recombine_pseudolabel__mult_2__sim_0.8__teacher_rf__seed_0,condition_recombine_pseudolabel,2.0,0.8,random_forest,0,158,275,2.740506329113924,True,0.8409979325641285,0.800000011920929,0.85,reaction_role_concat,6144,random_forest,False,valid,spearman,0.8333983126884256,1,0.05,random,,
condition_recombine_pseudolabel__mult_2__sim_0.8__teacher_rf__seed_1,condition_recombine_pseudolabel,2.0,0.8,random_forest,1,158,279,2.7658227848101267,True,0.8389484464054039,0.800000011920929,0.85,reaction_role_concat,6144,random_forest,False,valid,rmse,15.283858671475416,1,0.05,random,,
condition_recombine_pseudolabel__mult_2__sim_0.8__teacher_rf__seed_1,condition_recombine_pseudolabel,2.0,0.8,random_forest,1,158,279,2.7658227848101267,True,0.8389484464054039,0.800000011920929,0.85,reaction_role_concat,6144,random_forest,False,valid,mae,10.900529605554627,1,0.05,random,,
condition_recombine_pseudolabel__mult_2__sim_0.8__teacher_rf__seed_1,condition_recombine_pseudolabel,2.0,0.8,random_forest,1,158,279,2.7658227848101267,True,0.8389484464054039,0.800000011920929,0.85,reaction_role_concat,6144,random_forest,False,valid,r2,0.6956039689955277,1,0.05,random,,
condition_recombine_pseudolabel__mult_2__sim_0.8__teacher_rf__seed_1,condition_recombine_pseudolabel,2.0,0.8,random_forest,1,158,279,2.7658227848101267,True,0.8389484464054039,0.800000011920929,0.85,reaction_role_concat,6144,random_forest,False,valid,spearman,0.8348761277492557,1,0.05,random,,
condition_recombine_pseudolabel__mult_2__sim_0.8__teacher_rf__seed_2,condition_recombine_pseudolabel,2.0,0.8,random_forest,2,158,277,2.7531645569620253,True,0.8390731780967986,0.8012820482254028,0.85,reaction_role_concat,6144,random_forest,False,valid,rmse,15.365961395318081,1,0.05,random,,
condition_recombine_pseudolabel__mult_2__sim_0.8__teacher_rf__seed_2,condition_recombine_pseudolabel,2.0,0.8,random_forest,2,158,277,2.7531645569620253,True,0.8390731780967986,0.8012820482254028,0.85,reaction_role_concat,6144,random_forest,False,valid,mae,11.013913122957268,1,0.05,random,,
condition_recombine_pseudolabel__mult_2__sim_0.8__teacher_rf__seed_2,condition_recombine_pseudolabel,2.0,0.8,random_forest,2,158,277,2.7531645569620253,True,0.8390731780967986,0.8012820482254028,0.85,reaction_role_concat,6144,random_forest,False,valid,r2,0.6923248403587867,1,0.05,random,,
condition_recombine_pseudolabel__mult_2__sim_0.8__teacher_rf__seed_2,condition_recombine_pseudolabel,2.0,0.8,random_forest,2,158,277,2.7531645569620253,True,0.8390731780967986,0.8012820482254028,0.85,reaction_role_concat,6144,random_forest,False,valid,spearman,0.8331743718108456,1,0.05,random,,
condition_recombine_pseudolabel__mult_2__sim_0.8__teacher_rf__seed_3,condition_recombine_pseudolabel,2.0,0.8,random_forest,3,158,271,2.7151898734177213,True,0.8398276088862401,0.800000011920929,0.85,reaction_role_concat,6144,random_forest,False,valid,rmse,15.57882395078428,1,0.05,random,,
condition_recombine_pseudolabel__mult_2__sim_0.8__teacher_rf__seed_3,condition_recombine_pseudolabel,2.0,0.8,random_forest,3,158,271,2.7151898734177213,True,0.8398276088862401,0.800000011920929,0.85,reaction_role_concat,6144,random_forest,False,valid,mae,11.148787383822699,1,0.05,random,,
condition_recombine_pseudolabel__mult_2__sim_0.8__teacher_rf__seed_3,condition_recombine_pseudolabel,2.0,0.8,random_forest,3,158,271,2.7151898734177213,True,0.8398276088862401,0.800000011920929,0.85,reaction_role_concat,6144,random_forest,False,valid,r2,0.6837414333735434,1,0.05,random,,
condition_recombine_pseudolabel__mult_2__sim_0.8__teacher_rf__seed_3,condition_recombine_pseudolabel,2.0,0.8,random_forest,3,158,271,2.7151898734177213,True,0.8398276088862401,0.800000011920929,0.85,reaction_role_concat,6144,random_forest,False,valid,spearman,0.8307378950627748,1,0.05,random,,
condition_recombine_pseudolabel__mult_2__sim_0.8__teacher_rf__seed_4,condition_recombine_pseudolabel,2.0,0.8,random_forest,4,158,273,2.7278481012658227,True,0.8413335030332153,0.8012422323226929,0.85,reaction_role_concat,6144,random_forest,False,valid,rmse,14.879237884205905,1,0.05,random,,
condition_recombine_pseudolabel__mult_2__sim_0.8__teacher_rf__seed_4,condition_recombine_pseudolabel,2.0,0.8,random_forest,4,158,273,2.7278481012658227,True,0.8413335030332153,0.8012422323226929,0.85,reaction_role_concat,6144,random_forest,False,valid,mae,10.590782147034814,1,0.05,random,,
condition_recombine_pseudolabel__mult_2__sim_0.8__teacher_rf__seed_4,condition_recombine_pseudolabel,2.0,0.8,random_forest,4,158,273,2.7278481012658227,True,0.8413335030332153,0.8012422323226929,0.85,reaction_role_concat,6144,random_forest,False,valid,r2,0.7115076286915963,1,0.05,random,,
condition_recombine_pseudolabel__mult_2__sim_0.8__teacher_rf__seed_4,condition_recombine_pseudolabel,2.0,0.8,random_forest,4,158,273,2.7278481012658227,True,0.8413335030332153,0.8012422323226929,0.85,reaction_role_concat,6144,random_forest,False,valid,spearman,0.8430608747280088,1,0.05,random,,
condition_recombine_pseudolabel__mult_2__sim_0.85__teacher_ridge__seed_0,condition_recombine_pseudolabel,2.0,0.85,ridge,0,158,158,2.0,True,0.8499999999999998,0.85,0.85,reaction_role_concat,6144,random_forest,False,valid,rmse,15.305412265595864,1,0.05,random,,
condition_recombine_pseudolabel__mult_2__sim_0.85__teacher_ridge__seed_0,condition_recombine_pseudolabel,2.0,0.85,ridge,0,158,158,2.0,True,0.8499999999999998,0.85,0.85,reaction_role_concat,6144,random_forest,False,valid,mae,11.361770037798943,1,0.05,random,,
condition_recombine_pseudolabel__mult_2__sim_0.85__teacher_ridge__seed_0,condition_recombine_pseudolabel,2.0,0.85,ridge,0,158,158,2.0,True,0.8499999999999998,0.85,0.85,reaction_role_concat,6144,random_forest,False,valid,r2,0.6947448332564303,1,0.05,random,,
condition_recombine_pseudolabel__mult_2__sim_0.85__teacher_ridge__seed_0,condition_recombine_pseudolabel,2.0,0.85,ridge,0,158,158,2.0,True,0.8499999999999998,0.85,0.85,reaction_role_concat,6144,random_forest,False,valid,spearman,0.8401120601982747,1,0.05,random,,
condition_recombine_pseudolabel__mult_2__sim_0.85__teacher_ridge__seed_1,condition_recombine_pseudolabel,2.0,0.85,ridge,1,158,152,1.9620253164556962,True,0.85,0.85,0.85,reaction_role_concat,6144,random_forest,False,valid,rmse,16.029353989273577,1,0.05,random,,
condition_recombine_pseudolabel__mult_2__sim_0.85__teacher_ridge__seed_1,condition_recombine_pseudolabel,2.0,0.85,ridge,1,158,152,1.9620253164556962,True,0.85,0.85,0.85,reaction_role_concat,6144,random_forest,False,valid,mae,11.930489625115182,1,0.05,random,,
condition_recombine_pseudolabel__mult_2__sim_0.85__teacher_ridge__seed_1,condition_recombine_pseudolabel,2.0,0.85,ridge,1,158,152,1.9620253164556962,True,0.85,0.85,0.85,reaction_role_concat,6144,random_forest,False,valid,r2,0.6651849288017033,1,0.05,random,,
condition_recombine_pseudolabel__mult_2__sim_0.85__teacher_ridge__seed_1,condition_recombine_pseudolabel,2.0,0.85,ridge,1,158,152,1.9620253164556962,True,0.85,0.85,0.85,reaction_role_concat,6144,random_forest,False,valid,spearman,0.8216131805917796,1,0.05,random,,
condition_recombine_pseudolabel__mult_2__sim_0.85__teacher_ridge__seed_2,condition_recombine_pseudolabel,2.0,0.85,ridge,2,158,143,1.9050632911392404,True,0.8499999999999998,0.85,0.85,reaction_role_concat,6144,random_forest,False,valid,rmse,16.109675080778974,1,0.05,random,,
condition_recombine_pseudolabel__mult_2__sim_0.85__teacher_ridge__seed_2,condition_recombine_pseudolabel,2.0,0.85,ridge,2,158,143,1.9050632911392404,True,0.8499999999999998,0.85,0.85,reaction_role_concat,6144,random_forest,False,valid,mae,11.881177124081535,1,0.05,random,,
condition_recombine_pseudolabel__mult_2__sim_0.85__teacher_ridge__seed_2,condition_recombine_pseudolabel,2.0,0.85,ridge,2,158,143,1.9050632911392404,True,0.8499999999999998,0.85,0.85,reaction_role_concat,6144,random_forest,False,valid,r2,0.6618210889363971,1,0.05,random,,
condition_recombine_pseudolabel__mult_2__sim_0.85__teacher_ridge__seed_2,condition_recombine_pseudolabel,2.0,0.85,ridge,2,158,143,1.9050632911392404,True,0.8499999999999998,0.85,0.85,reaction_role_concat,6144,random_forest,False,valid,spearman,0.8154579221574952,1,0.05,random,,
condition_recombine_pseudolabel__mult_2__sim_0.85__teacher_ridge__seed_3,condition_recombine_pseudolabel,2.0,0.85,ridge,3,158,159,2.0063291139240507,True,0.8499999999999995,0.85,0.85,reaction_role_concat,6144,random_forest,False,valid,rmse,15.325503845667296,1,0.05,random,,
condition_recombine_pseudolabel__mult_2__sim_0.85__teacher_ridge__seed_3,condition_recombine_pseudolabel,2.0,0.85,ridge,3,158,159,2.0063291139240507,True,0.8499999999999995,0.85,0.85,reaction_role_concat,6144,random_forest,False,valid,mae,11.285403546162799,1,0.05,random,,
condition_recombine_pseudolabel__mult_2__sim_0.85__teacher_ridge__seed_3,condition_recombine_pseudolabel,2.0,0.85,ridge,3,158,159,2.0063291139240507,True,0.8499999999999995,0.85,0.85,reaction_role_concat,6144,random_forest,False,valid,r2,0.6939428837258309,1,0.05,random,,
condition_recombine_pseudolabel__mult_2__sim_0.85__teacher_ridge__seed_3,condition_recombine_pseudolabel,2.0,0.85,ridge,3,158,159,2.0063291139240507,True,0.8499999999999995,0.85,0.85,reaction_role_concat,6144,random_forest,False,valid,spearman,0.833311657305362,1,0.05,random,,
condition_recombine_pseudolabel__mult_2__sim_0.85__teacher_ridge__seed_4,condition_recombine_pseudolabel,2.0,0.85,ridge,4,158,160,2.0126582278481013,True,0.8499999999999999,0.85,0.85,reaction_role_concat,6144,random_forest,False,valid,rmse,15.027527371646668,1,0.05,random,,
condition_recombine_pseudolabel__mult_2__sim_0.85__teacher_ridge__seed_4,condition_recombine_pseudolabel,2.0,0.85,ridge,4,158,160,2.0126582278481013,True,0.8499999999999999,0.85,0.85,reaction_role_concat,6144,random_forest,False,valid,mae,11.07417530619117,1,0.05,random,,
condition_recombine_pseudolabel__mult_2__sim_0.85__teacher_ridge__seed_4,condition_recombine_pseudolabel,2.0,0.85,ridge,4,158,160,2.0126582278481013,True,0.8499999999999999,0.85,0.85,reaction_role_concat,6144,random_forest,False,valid,r2,0.7057286277527173,1,0.05,random,,
condition_recombine_pseudolabel__mult_2__sim_0.85__teacher_ridge__seed_4,condition_recombine_pseudolabel,2.0,0.85,ridge,4,158,160,2.0126582278481013,True,0.8499999999999999,0.85,0.85,reaction_role_concat,6144,random_forest,False,valid,spearman,0.8390404544162547,1,0.05,random,,
condition_recombine_pseudolabel__mult_2__sim_0.85__teacher_rf__seed_0,condition_recombine_pseudolabel,2.0,0.85,random_forest,0,158,158,2.0,True,0.8499999999999998,0.85,0.85,reaction_role_concat,6144,random_forest,False,valid,rmse,15.540748260283545,1,0.05,random,,
condition_recombine_pseudolabel__mult_2__sim_0.85__teacher_rf__seed_0,condition_recombine_pseudolabel,2.0,0.85,random_forest,0,158,158,2.0,True,0.8499999999999998,0.85,0.85,reaction_role_concat,6144,random_forest,False,valid,mae,10.921388530804384,1,0.05,random,,
condition_recombine_pseudolabel__mult_2__sim_0.85__teacher_rf__seed_0,condition_recombine_pseudolabel,2.0,0.85,random_forest,0,158,158,2.0,True,0.8499999999999998,0.85,0.85,reaction_role_concat,6144,random_forest,False,valid,r2,0.6852854585067033,1,0.05,random,,
condition_recombine_pseudolabel__mult_2__sim_0.85__teacher_rf__seed_0,condition_recombine_pseudolabel,2.0,0.85,random_forest,0,158,158,2.0,True,0.8499999999999998,0.85,0.85,reaction_role_concat,6144,random_forest,False,valid,spearman,0.8288906749195365,1,0.05,random,,
condition_recombine_pseudolabel__mult_2__sim_0.85__teacher_rf__seed_1,condition_recombine_pseudolabel,2.0,0.85,random_forest,1,158,152,1.9620253164556962,True,0.85,0.85,0.85,reaction_role_concat,6144,random_forest,False,valid,rmse,15.175458706745781,1,0.05,random,,
condition_recombine_pseudolabel__mult_2__sim_0.85__teacher_rf__seed_1,condition_recombine_pseudolabel,2.0,0.85,random_forest,1,158,152,1.9620253164556962,True,0.85,0.85,0.85,reaction_role_concat,6144,random_forest,False,valid,mae,10.625240402449535,1,0.05,random,,
condition_recombine_pseudolabel__mult_2__sim_0.85__teacher_rf__seed_1,condition_recombine_pseudolabel,2.0,0.85,random_forest,1,158,152,1.9620253164556962,True,0.85,0.85,0.85,reaction_role_concat,6144,random_forest,False,valid,r2,0.6999064827379755,1,0.05,random,,
condition_recombine_pseudolabel__mult_2__sim_0.85__teacher_rf__seed_1,condition_recombine_pseudolabel,2.0,0.85,random_forest,1,158,152,1.9620253164556962,True,0.85,0.85,0.85,reaction_role_concat,6144,random_forest,False,valid,spearman,0.8367909196181639,1,0.05,random,,
condition_recombine_pseudolabel__mult_2__sim_0.85__teacher_rf__seed_2,condition_recombine_pseudolabel,2.0,0.85,random_forest,2,158,143,1.9050632911392404,True,0.8499999999999998,0.85,0.85,reaction_role_concat,6144,random_forest,False,valid,rmse,15.434463360151614,1,0.05,random,,
condition_recombine_pseudolabel__mult_2__sim_0.85__teacher_rf__seed_2,condition_recombine_pseudolabel,2.0,0.85,random_forest,2,158,143,1.9050632911392404,True,0.8499999999999998,0.85,0.85,reaction_role_concat,6144,random_forest,False,valid,mae,11.057508399120614,1,0.05,random,,
condition_recombine_pseudolabel__mult_2__sim_0.85__teacher_rf__seed_2,condition_recombine_pseudolabel,2.0,0.85,random_forest,2,158,143,1.9050632911392404,True,0.8499999999999998,0.85,0.85,reaction_role_concat,6144,random_forest,False,valid,r2,0.6895754735001502,1,0.05,random,,
condition_recombine_pseudolabel__mult_2__sim_0.85__teacher_rf__seed_2,condition_recombine_pseudolabel,2.0,0.85,random_forest,2,158,143,1.9050632911392404,True,0.8499999999999998,0.85,0.85,reaction_role_concat,6144,random_forest,False,valid,spearman,0.8328713700669198,1,0.05,random,,
condition_recombine_pseudolabel__mult_2__sim_0.85__teacher_rf__seed_3,condition_recombine_pseudolabel,2.0,0.85,random_forest,3,158,159,2.0063291139240507,True,0.8499999999999995,0.85,0.85,reaction_role_concat,6144,random_forest,False,valid,rmse,15.302140988073523,1,0.05,random,,
condition_recombine_pseudolabel__mult_2__sim_0.85__teacher_rf__seed_3,condition_recombine_pseudolabel,2.0,0.85,random_forest,3,158,159,2.0063291139240507,True,0.8499999999999995,0.85,0.85,reaction_role_concat,6144,random_forest,False,valid,mae,10.902726110283332,1,0.05,random,,
condition_recombine_pseudolabel__mult_2__sim_0.85__teacher_rf__seed_3,condition_recombine_pseudolabel,2.0,0.85,random_forest,3,158,159,2.0063291139240507,True,0.8499999999999995,0.85,0.85,reaction_role_concat,6144,random_forest,False,valid,r2,0.6948753057499355,1,0.05,random,,
condition_recombine_pseudolabel__mult_2__sim_0.85__teacher_rf__seed_3,condition_recombine_pseudolabel,2.0,0.85,random_forest,3,158,159,2.0063291139240507,True,0.8499999999999995,0.85,0.85,reaction_role_concat,6144,random_forest,False,valid,spearman,0.8359518228864314,1,0.05,random,,
condition_recombine_pseudolabel__mult_2__sim_0.85__teacher_rf__seed_4,condition_recombine_pseudolabel,2.0,0.85,random_forest,4,158,160,2.0126582278481013,True,0.8499999999999999,0.85,0.85,reaction_role_concat,6144,random_forest,False,valid,rmse,15.324872474944208,1,0.05,random,,
condition_recombine_pseudolabel__mult_2__sim_0.85__teacher_rf__seed_4,condition_recombine_pseudolabel,2.0,0.85,random_forest,4,158,160,2.0126582278481013,True,0.8499999999999999,0.85,0.85,reaction_role_concat,6144,random_forest,False,valid,mae,10.936615583680855,1,0.05,random,,
condition_recombine_pseudolabel__mult_2__sim_0.85__teacher_rf__seed_4,condition_recombine_pseudolabel,2.0,0.85,random_forest,4,158,160,2.0126582278481013,True,0.8499999999999999,0.85,0.85,reaction_role_concat,6144,random_forest,False,valid,r2,0.6939681007137166,1,0.05,random,,
condition_recombine_pseudolabel__mult_2__sim_0.85__teacher_rf__seed_4,condition_recombine_pseudolabel,2.0,0.85,random_forest,4,158,160,2.0126582278481013,True,0.8499999999999999,0.85,0.85,reaction_role_concat,6144,random_forest,False,valid,spearman,0.8348288080681671,1,0.05,random,,
condition_recombine_pseudolabel__mult_2__sim_0.9__teacher_ridge__seed_0,condition_recombine_pseudolabel,2.0,0.9,ridge,0,158,81,1.5126582278481013,True,0.8499999999999998,0.85,0.85,reaction_role_concat,6144,random_forest,False,valid,rmse,15.59492215840607,1,0.05,random,,
condition_recombine_pseudolabel__mult_2__sim_0.9__teacher_ridge__seed_0,condition_recombine_pseudolabel,2.0,0.9,ridge,0,158,81,1.5126582278481013,True,0.8499999999999998,0.85,0.85,reaction_role_concat,6144,random_forest,False,valid,mae,11.418107760666292,1,0.05,random,,
condition_recombine_pseudolabel__mult_2__sim_0.9__teacher_ridge__seed_0,condition_recombine_pseudolabel,2.0,0.9,ridge,0,158,81,1.5126582278481013,True,0.8499999999999998,0.85,0.85,reaction_role_concat,6144,random_forest,False,valid,r2,0.6830874910028296,1,0.05,random,,
condition_recombine_pseudolabel__mult_2__sim_0.9__teacher_ridge__seed_0,condition_recombine_pseudolabel,2.0,0.9,ridge,0,158,81,1.5126582278481013,True,0.8499999999999998,0.85,0.85,reaction_role_concat,6144,random_forest,False,valid,spearman,0.8314696949044668,1,0.05,random,,
condition_recombine_pseudolabel__mult_2__sim_0.9__teacher_ridge__seed_1,condition_recombine_pseudolabel,2.0,0.9,ridge,1,158,72,1.4556962025316456,True,0.8499999999999999,0.85,0.85,reaction_role_concat,6144,random_forest,False,valid,rmse,15.654735994585463,1,0.05,random,,
condition_recombine_pseudolabel__mult_2__sim_0.9__teacher_ridge__seed_1,condition_recombine_pseudolabel,2.0,0.9,ridge,1,158,72,1.4556962025316456,True,0.8499999999999999,0.85,0.85,reaction_role_concat,6144,random_forest,False,valid,mae,11.51644526283273,1,0.05,random,,
condition_recombine_pseudolabel__mult_2__sim_0.9__teacher_ridge__seed_1,condition_recombine_pseudolabel,2.0,0.9,ridge,1,158,72,1.4556962025316456,True,0.8499999999999999,0.85,0.85,reaction_role_concat,6144,random_forest,False,valid,r2,0.6806518129273479,1,0.05,random,,
condition_recombine_pseudolabel__mult_2__sim_0.9__teacher_ridge__seed_1,condition_recombine_pseudolabel,2.0,0.9,ridge,1,158,72,1.4556962025316456,True,0.8499999999999999,0.85,0.85,reaction_role_concat,6144,random_forest,False,valid,spearman,0.8302802767477201,1,0.05,random,,
condition_recombine_pseudolabel__mult_2__sim_0.9__teacher_ridge__seed_2,condition_recombine_pseudolabel,2.0,0.9,ridge,2,158,64,1.4050632911392404,True,0.8499999999999999,0.85,0.85,reaction_role_concat,6144,random_forest,False,valid,rmse,16.24444530200406,1,0.05,random,,
condition_recombine_pseudolabel__mult_2__sim_0.9__teacher_ridge__seed_2,condition_recombine_pseudolabel,2.0,0.9,ridge,2,158,64,1.4050632911392404,True,0.8499999999999999,0.85,0.85,reaction_role_concat,6144,random_forest,False,valid,mae,11.908850029843517,1,0.05,random,,
condition_recombine_pseudolabel__mult_2__sim_0.9__teacher_ridge__seed_2,condition_recombine_pseudolabel,2.0,0.9,ridge,2,158,64,1.4050632911392404,True,0.8499999999999999,0.85,0.85,reaction_role_concat,6144,random_forest,False,valid,r2,0.6561391508454665,1,0.05,random,,
condition_recombine_pseudolabel__mult_2__sim_0.9__teacher_ridge__seed_2,condition_recombine_pseudolabel,2.0,0.9,ridge,2,158,64,1.4050632911392404,True,0.8499999999999999,0.85,0.85,reaction_role_concat,6144,random_forest,False,valid,spearman,0.8144184470231282,1,0.05,random,,
condition_recombine_pseudolabel__mult_2__sim_0.9__teacher_ridge__seed_3,condition_recombine_pseudolabel,2.0,0.9,ridge,3,158,76,1.481012658227848,True,0.85,0.85,0.85,reaction_role_concat,6144,random_forest,False,valid,rmse,16.041978739777463,1,0.05,random,,
condition_recombine_pseudolabel__mult_2__sim_0.9__teacher_ridge__seed_3,condition_recombine_pseudolabel,2.0,0.9,ridge,3,158,76,1.481012658227848,True,0.85,0.85,0.85,reaction_role_concat,6144,random_forest,False,valid,mae,11.688785886787915,1,0.05,random,,
condition_recombine_pseudolabel__mult_2__sim_0.9__teacher_ridge__seed_3,condition_recombine_pseudolabel,2.0,0.9,ridge,3,158,76,1.481012658227848,True,0.85,0.85,0.85,reaction_role_concat,6144,random_forest,False,valid,r2,0.6646573191024803,1,0.05,random,,
condition_recombine_pseudolabel__mult_2__sim_0.9__teacher_ridge__seed_3,condition_recombine_pseudolabel,2.0,0.9,ridge,3,158,76,1.481012658227848,True,0.85,0.85,0.85,reaction_role_concat,6144,random_forest,False,valid,spearman,0.8164896080439465,1,0.05,random,,
condition_recombine_pseudolabel__mult_2__sim_0.9__teacher_ridge__seed_4,condition_recombine_pseudolabel,2.0,0.9,ridge,4,158,73,1.4620253164556962,True,0.8499999999999999,0.85,0.85,reaction_role_concat,6144,random_forest,False,valid,rmse,15.556317512249024,1,0.05,random,,
condition_recombine_pseudolabel__mult_2__sim_0.9__teacher_ridge__seed_4,condition_recombine_pseudolabel,2.0,0.9,ridge,4,158,73,1.4620253164556962,True,0.8499999999999999,0.85,0.85,reaction_role_concat,6144,random_forest,False,valid,mae,11.290637963554529,1,0.05,random,,
condition_recombine_pseudolabel__mult_2__sim_0.9__teacher_ridge__seed_4,condition_recombine_pseudolabel,2.0,0.9,ridge,4,158,73,1.4620253164556962,True,0.8499999999999999,0.85,0.85,reaction_role_concat,6144,random_forest,False,valid,r2,0.68465455910082,1,0.05,random,,
condition_recombine_pseudolabel__mult_2__sim_0.9__teacher_ridge__seed_4,condition_recombine_pseudolabel,2.0,0.9,ridge,4,158,73,1.4620253164556962,True,0.8499999999999999,0.85,0.85,reaction_role_concat,6144,random_forest,False,valid,spearman,0.832880327702023,1,0.05,random,,
condition_recombine_pseudolabel__mult_2__sim_0.9__teacher_rf__seed_0,condition_recombine_pseudolabel,2.0,0.9,random_forest,0,158,81,1.5126582278481013,True,0.8499999999999998,0.85,0.85,reaction_role_concat,6144,random_forest,False,valid,rmse,15.204625344338512,1,0.05,random,,
condition_recombine_pseudolabel__mult_2__sim_0.9__teacher_rf__seed_0,condition_recombine_pseudolabel,2.0,0.9,random_forest,0,158,81,1.5126582278481013,True,0.8499999999999998,0.85,0.85,reaction_role_concat,6144,random_forest,False,valid,mae,10.795144557971742,1,0.05,random,,
condition_recombine_pseudolabel__mult_2__sim_0.9__teacher_rf__seed_0,condition_recombine_pseudolabel,2.0,0.9,random_forest,0,158,81,1.5126582278481013,True,0.8499999999999998,0.85,0.85,reaction_role_concat,6144,random_forest,False,valid,r2,0.6987518382263695,1,0.05,random,,
condition_recombine_pseudolabel__mult_2__sim_0.9__teacher_rf__seed_0,condition_recombine_pseudolabel,2.0,0.9,random_forest,0,158,81,1.5126582278481013,True,0.8499999999999998,0.85,0.85,reaction_role_concat,6144,random_forest,False,valid,spearman,0.840648544648477,1,0.05,random,,
condition_recombine_pseudolabel__mult_2__sim_0.9__teacher_rf__seed_1,condition_recombine_pseudolabel,2.0,0.9,random_forest,1,158,72,1.4556962025316456,True,0.8499999999999999,0.85,0.85,reaction_role_concat,6144,random_forest,False,valid,rmse,15.160283123360767,1,0.05,random,,
condition_recombine_pseudolabel__mult_2__sim_0.9__teacher_rf__seed_1,condition_recombine_pseudolabel,2.0,0.9,random_forest,1,158,72,1.4556962025316456,True,0.8499999999999999,0.85,0.85,reaction_role_concat,6144,random_forest,False,valid,mae,10.790262396582321,1,0.05,random,,
condition_recombine_pseudolabel__mult_2__sim_0.9__teacher_rf__seed_1,condition_recombine_pseudolabel,2.0,0.9,random_forest,1,158,72,1.4556962025316456,True,0.8499999999999999,0.85,0.85,reaction_role_concat,6144,random_forest,False,valid,r2,0.7005063746050575,1,0.05,random,,
condition_recombine_pseudolabel__mult_2__sim_0.9__teacher_rf__seed_1,condition_recombine_pseudolabel,2.0,0.9,random_forest,1,158,72,1.4556962025316456,True,0.8499999999999999,0.85,0.85,reaction_role_concat,6144,random_forest,False,valid,spearman,0.8387343369731628,1,0.05,random,,
condition_recombine_pseudolabel__mult_2__sim_0.9__teacher_rf__seed_2,condition_recombine_pseudolabel,2.0,0.9,random_forest,2,158,64,1.4050632911392404,True,0.8499999999999999,0.85,0.85,reaction_role_concat,6144,random_forest,False,valid,rmse,15.318055785025582,1,0.05,random,,
condition_recombine_pseudolabel__mult_2__sim_0.9__teacher_rf__seed_2,condition_recombine_pseudolabel,2.0,0.9,random_forest,2,158,64,1.4050632911392404,True,0.8499999999999999,0.85,0.85,reaction_role_concat,6144,random_forest,False,valid,mae,10.937812447301193,1,0.05,random,,
condition_recombine_pseudolabel__mult_2__sim_0.9__teacher_rf__seed_2,condition_recombine_pseudolabel,2.0,0.9,random_forest,2,158,64,1.4050632911392404,True,0.8499999999999999,0.85,0.85,reaction_role_concat,6144,random_forest,False,valid,r2,0.6942402935948315,1,0.05,random,,
condition_recombine_pseudolabel__mult_2__sim_0.9__teacher_rf__seed_2,condition_recombine_pseudolabel,2.0,0.9,random_forest,2,158,64,1.4050632911392404,True,0.8499999999999999,0.85,0.85,reaction_role_concat,6144,random_forest,False,valid,spearman,0.8372592481491029,1,0.05,random,,
condition_recombine_pseudolabel__mult_2__sim_0.9__teacher_rf__seed_3,condition_recombine_pseudolabel,2.0,0.9,random_forest,3,158,76,1.481012658227848,True,0.85,0.85,0.85,reaction_role_concat,6144,random_forest,False,valid,rmse,15.496158855202466,1,0.05,random,,
condition_recombine_pseudolabel__mult_2__sim_0.9__teacher_rf__seed_3,condition_recombine_pseudolabel,2.0,0.9,random_forest,3,158,76,1.481012658227848,True,0.85,0.85,0.85,reaction_role_concat,6144,random_forest,False,valid,mae,11.225456179385699,1,0.05,random,,
condition_recombine_pseudolabel__mult_2__sim_0.9__teacher_rf__seed_3,condition_recombine_pseudolabel,2.0,0.9,random_forest,3,158,76,1.481012658227848,True,0.85,0.85,0.85,reaction_role_concat,6144,random_forest,False,valid,r2,0.687088821168922,1,0.05,random,,
condition_recombine_pseudolabel__mult_2__sim_0.9__teacher_rf__seed_3,condition_recombine_pseudolabel,2.0,0.9,random_forest,3,158,76,1.481012658227848,True,0.85,0.85,0.85,reaction_role_concat,6144,random_forest,False,valid,spearman,0.8334937309753945,1,0.05,random,,
condition_recombine_pseudolabel__mult_2__sim_0.9__teacher_rf__seed_4,condition_recombine_pseudolabel,2.0,0.9,random_forest,4,158,73,1.4620253164556962,True,0.8499999999999999,0.85,0.85,reaction_role_concat,6144,random_forest,False,valid,rmse,15.352636987313124,1,0.05,random,,
condition_recombine_pseudolabel__mult_2__sim_0.9__teacher_rf__seed_4,condition_recombine_pseudolabel,2.0,0.9,random_forest,4,158,73,1.4620253164556962,True,0.8499999999999999,0.85,0.85,reaction_role_concat,6144,random_forest,False,valid,mae,10.852384278469447,1,0.05,random,,
condition_recombine_pseudolabel__mult_2__sim_0.9__teacher_rf__seed_4,condition_recombine_pseudolabel,2.0,0.9,random_forest,4,158,73,1.4620253164556962,True,0.8499999999999999,0.85,0.85,reaction_role_concat,6144,random_forest,False,valid,r2,0.6928582026131753,1,0.05,random,,
condition_recombine_pseudolabel__mult_2__sim_0.9__teacher_rf__seed_4,condition_recombine_pseudolabel,2.0,0.9,random_forest,4,158,73,1.4620253164556962,True,0.8499999999999999,0.85,0.85,reaction_role_concat,6144,random_forest,False,valid,spearman,0.8343088757697857,1,0.05,random,,
condition_recombine_pseudolabel__mult_2__sim_0.95__teacher_ridge__seed_0,condition_recombine_pseudolabel,2.0,0.95,ridge,0,158,0,1.0,True,,,,reaction_role_concat,6144,random_forest,False,valid,rmse,15.347443997609096,1,0.05,random,,
condition_recombine_pseudolabel__mult_2__sim_0.95__teacher_ridge__seed_0,condition_recombine_pseudolabel,2.0,0.95,ridge,0,158,0,1.0,True,,,,reaction_role_concat,6144,random_forest,False,valid,mae,11.017895912626877,1,0.05,random,,
condition_recombine_pseudolabel__mult_2__sim_0.95__teacher_ridge__seed_0,condition_recombine_pseudolabel,2.0,0.95,ridge,0,158,0,1.0,True,,,,reaction_role_concat,6144,random_forest,False,valid,r2,0.6930659473078735,1,0.05,random,,
condition_recombine_pseudolabel__mult_2__sim_0.95__teacher_ridge__seed_0,condition_recombine_pseudolabel,2.0,0.95,ridge,0,158,0,1.0,True,,,,reaction_role_concat,6144,random_forest,False,valid,spearman,0.8373159149276908,1,0.05,random,,
condition_recombine_pseudolabel__mult_2__sim_0.95__teacher_ridge__seed_1,condition_recombine_pseudolabel,2.0,0.95,ridge,1,158,0,1.0,True,,,,reaction_role_concat,6144,random_forest,False,valid,rmse,15.347443997609096,1,0.05,random,,
condition_recombine_pseudolabel__mult_2__sim_0.95__teacher_ridge__seed_1,condition_recombine_pseudolabel,2.0,0.95,ridge,1,158,0,1.0,True,,,,reaction_role_concat,6144,random_forest,False,valid,mae,11.017895912626877,1,0.05,random,,
condition_recombine_pseudolabel__mult_2__sim_0.95__teacher_ridge__seed_1,condition_recombine_pseudolabel,2.0,0.95,ridge,1,158,0,1.0,True,,,,reaction_role_concat,6144,random_forest,False,valid,r2,0.6930659473078735,1,0.05,random,,
condition_recombine_pseudolabel__mult_2__sim_0.95__teacher_ridge__seed_1,condition_recombine_pseudolabel,2.0,0.95,ridge,1,158,0,1.0,True,,,,reaction_role_concat,6144,random_forest,False,valid,spearman,0.8373159149276908,1,0.05,random,,
condition_recombine_pseudolabel__mult_2__sim_0.95__teacher_ridge__seed_2,condition_recombine_pseudolabel,2.0,0.95,ridge,2,158,0,1.0,True,,,,reaction_role_concat,6144,random_forest,False,valid,rmse,15.347443997609096,1,0.05,random,,
condition_recombine_pseudolabel__mult_2__sim_0.95__teacher_ridge__seed_2,condition_recombine_pseudolabel,2.0,0.95,ridge,2,158,0,1.0,True,,,,reaction_role_concat,6144,random_forest,False,valid,mae,11.017895912626877,1,0.05,random,,
condition_recombine_pseudolabel__mult_2__sim_0.95__teacher_ridge__seed_2,condition_recombine_pseudolabel,2.0,0.95,ridge,2,158,0,1.0,True,,,,reaction_role_concat,6144,random_forest,False,valid,r2,0.6930659473078735,1,0.05,random,,
condition_recombine_pseudolabel__mult_2__sim_0.95__teacher_ridge__seed_2,condition_recombine_pseudolabel,2.0,0.95,ridge,2,158,0,1.0,True,,,,reaction_role_concat,6144,random_forest,False,valid,spearman,0.8373159149276908,1,0.05,random,,
condition_recombine_pseudolabel__mult_2__sim_0.95__teacher_ridge__seed_3,condition_recombine_pseudolabel,2.0,0.95,ridge,3,158,0,1.0,True,,,,reaction_role_concat,6144,random_forest,False,valid,rmse,15.347443997609096,1,0.05,random,,
condition_recombine_pseudolabel__mult_2__sim_0.95__teacher_ridge__seed_3,condition_recombine_pseudolabel,2.0,0.95,ridge,3,158,0,1.0,True,,,,reaction_role_concat,6144,random_forest,False,valid,mae,11.017895912626877,1,0.05,random,,
condition_recombine_pseudolabel__mult_2__sim_0.95__teacher_ridge__seed_3,condition_recombine_pseudolabel,2.0,0.95,ridge,3,158,0,1.0,True,,,,reaction_role_concat,6144,random_forest,False,valid,r2,0.6930659473078735,1,0.05,random,,
condition_recombine_pseudolabel__mult_2__sim_0.95__teacher_ridge__seed_3,condition_recombine_pseudolabel,2.0,0.95,ridge,3,158,0,1.0,True,,,,reaction_role_concat,6144,random_forest,False,valid,spearman,0.8373159149276908,1,0.05,random,,
condition_recombine_pseudolabel__mult_2__sim_0.95__teacher_ridge__seed_4,condition_recombine_pseudolabel,2.0,0.95,ridge,4,158,0,1.0,True,,,,reaction_role_concat,6144,random_forest,False,valid,rmse,15.347443997609096,1,0.05,random,,
condition_recombine_pseudolabel__mult_2__sim_0.95__teacher_ridge__seed_4,condition_recombine_pseudolabel,2.0,0.95,ridge,4,158,0,1.0,True,,,,reaction_role_concat,6144,random_forest,False,valid,mae,11.017895912626877,1,0.05,random,,
condition_recombine_pseudolabel__mult_2__sim_0.95__teacher_ridge__seed_4,condition_recombine_pseudolabel,2.0,0.95,ridge,4,158,0,1.0,True,,,,reaction_role_concat,6144,random_forest,False,valid,r2,0.6930659473078735,1,0.05,random,,
condition_recombine_pseudolabel__mult_2__sim_0.95__teacher_ridge__seed_4,condition_recombine_pseudolabel,2.0,0.95,ridge,4,158,0,1.0,True,,,,reaction_role_concat,6144,random_forest,False,valid,spearman,0.8373159149276908,1,0.05,random,,
condition_recombine_pseudolabel__mult_2__sim_0.95__teacher_rf__seed_0,condition_recombine_pseudolabel,2.0,0.95,random_forest,0,158,0,1.0,True,,,,reaction_role_concat,6144,random_forest,False,valid,rmse,15.347443997609096,1,0.05,random,,
condition_recombine_pseudolabel__mult_2__sim_0.95__teacher_rf__seed_0,condition_recombine_pseudolabel,2.0,0.95,random_forest,0,158,0,1.0,True,,,,reaction_role_concat,6144,random_forest,False,valid,mae,11.017895912626877,1,0.05,random,,
condition_recombine_pseudolabel__mult_2__sim_0.95__teacher_rf__seed_0,condition_recombine_pseudolabel,2.0,0.95,random_forest,0,158,0,1.0,True,,,,reaction_role_concat,6144,random_forest,False,valid,r2,0.6930659473078735,1,0.05,random,,
condition_recombine_pseudolabel__mult_2__sim_0.95__teacher_rf__seed_0,condition_recombine_pseudolabel,2.0,0.95,random_forest,0,158,0,1.0,True,,,,reaction_role_concat,6144,random_forest,False,valid,spearman,0.8373159149276908,1,0.05,random,,
condition_recombine_pseudolabel__mult_2__sim_0.95__teacher_rf__seed_1,condition_recombine_pseudolabel,2.0,0.95,random_forest,1,158,0,1.0,True,,,,reaction_role_concat,6144,random_forest,False,valid,rmse,15.347443997609096,1,0.05,random,,
condition_recombine_pseudolabel__mult_2__sim_0.95__teacher_rf__seed_1,condition_recombine_pseudolabel,2.0,0.95,random_forest,1,158,0,1.0,True,,,,reaction_role_concat,6144,random_forest,False,valid,mae,11.017895912626877,1,0.05,random,,
condition_recombine_pseudolabel__mult_2__sim_0.95__teacher_rf__seed_1,condition_recombine_pseudolabel,2.0,0.95,random_forest,1,158,0,1.0,True,,,,reaction_role_concat,6144,random_forest,False,valid,r2,0.6930659473078735,1,0.05,random,,
condition_recombine_pseudolabel__mult_2__sim_0.95__teacher_rf__seed_1,condition_recombine_pseudolabel,2.0,0.95,random_forest,1,158,0,1.0,True,,,,reaction_role_concat,6144,random_forest,False,valid,spearman,0.8373159149276908,1,0.05,random,,
condition_recombine_pseudolabel__mult_2__sim_0.95__teacher_rf__seed_2,condition_recombine_pseudolabel,2.0,0.95,random_forest,2,158,0,1.0,True,,,,reaction_role_concat,6144,random_forest,False,valid,rmse,15.347443997609096,1,0.05,random,,
condition_recombine_pseudolabel__mult_2__sim_0.95__teacher_rf__seed_2,condition_recombine_pseudolabel,2.0,0.95,random_forest,2,158,0,1.0,True,,,,reaction_role_concat,6144,random_forest,False,valid,mae,11.017895912626877,1,0.05,random,,
condition_recombine_pseudolabel__mult_2__sim_0.95__teacher_rf__seed_2,condition_recombine_pseudolabel,2.0,0.95,random_forest,2,158,0,1.0,True,,,,reaction_role_concat,6144,random_forest,False,valid,r2,0.6930659473078735,1,0.05,random,,
condition_recombine_pseudolabel__mult_2__sim_0.95__teacher_rf__seed_2,condition_recombine_pseudolabel,2.0,0.95,random_forest,2,158,0,1.0,True,,,,reaction_role_concat,6144,random_forest,False,valid,spearman,0.8373159149276908,1,0.05,random,,
condition_recombine_pseudolabel__mult_2__sim_0.95__teacher_rf__seed_3,condition_recombine_pseudolabel,2.0,0.95,random_forest,3,158,0,1.0,True,,,,reaction_role_concat,6144,random_forest,False,valid,rmse,15.347443997609096,1,0.05,random,,
condition_recombine_pseudolabel__mult_2__sim_0.95__teacher_rf__seed_3,condition_recombine_pseudolabel,2.0,0.95,random_forest,3,158,0,1.0,True,,,,reaction_role_concat,6144,random_forest,False,valid,mae,11.017895912626877,1,0.05,random,,
condition_recombine_pseudolabel__mult_2__sim_0.95__teacher_rf__seed_3,condition_recombine_pseudolabel,2.0,0.95,random_forest,3,158,0,1.0,True,,,,reaction_role_concat,6144,random_forest,False,valid,r2,0.6930659473078735,1,0.05,random,,
condition_recombine_pseudolabel__mult_2__sim_0.95__teacher_rf__seed_3,condition_recombine_pseudolabel,2.0,0.95,random_forest,3,158,0,1.0,True,,,,reaction_role_concat,6144,random_forest,False,valid,spearman,0.8373159149276908,1,0.05,random,,
condition_recombine_pseudolabel__mult_2__sim_0.95__teacher_rf__seed_4,condition_recombine_pseudolabel,2.0,0.95,random_forest,4,158,0,1.0,True,,,,reaction_role_concat,6144,random_forest,False,valid,rmse,15.347443997609096,1,0.05,random,,
condition_recombine_pseudolabel__mult_2__sim_0.95__teacher_rf__seed_4,condition_recombine_pseudolabel,2.0,0.95,random_forest,4,158,0,1.0,True,,,,reaction_role_concat,6144,random_forest,False,valid,mae,11.017895912626877,1,0.05,random,,
condition_recombine_pseudolabel__mult_2__sim_0.95__teacher_rf__seed_4,condition_recombine_pseudolabel,2.0,0.95,random_forest,4,158,0,1.0,True,,,,reaction_role_concat,6144,random_forest,False,valid,r2,0.6930659473078735,1,0.05,random,,
condition_recombine_pseudolabel__mult_2__sim_0.95__teacher_rf__seed_4,condition_recombine_pseudolabel,2.0,0.95,random_forest,4,158,0,1.0,True,,,,reaction_role_concat,6144,random_forest,False,valid,spearman,0.8373159149276908,1,0.05,random,,
condition_recombine_pseudolabel__mult_3__sim_0.85__teacher_ridge__seed_0,condition_recombine_pseudolabel,3.0,0.85,ridge,0,158,241,2.5253164556962027,True,0.8499999999999998,0.85,0.85,reaction_role_concat,6144,random_forest,False,valid,rmse,15.471841317575574,1,0.05,random,,
condition_recombine_pseudolabel__mult_3__sim_0.85__teacher_ridge__seed_0,condition_recombine_pseudolabel,3.0,0.85,ridge,0,158,241,2.5253164556962027,True,0.8499999999999998,0.85,0.85,reaction_role_concat,6144,random_forest,False,valid,mae,11.647981462491465,1,0.05,random,,
condition_recombine_pseudolabel__mult_3__sim_0.85__teacher_ridge__seed_0,condition_recombine_pseudolabel,3.0,0.85,ridge,0,158,241,2.5253164556962027,True,0.8499999999999998,0.85,0.85,reaction_role_concat,6144,random_forest,False,valid,r2,0.6880701300207248,1,0.05,random,,
condition_recombine_pseudolabel__mult_3__sim_0.85__teacher_ridge__seed_0,condition_recombine_pseudolabel,3.0,0.85,ridge,0,158,241,2.5253164556962027,True,0.8499999999999998,0.85,0.85,reaction_role_concat,6144,random_forest,False,valid,spearman,0.8367543101529596,1,0.05,random,,
condition_recombine_pseudolabel__mult_3__sim_0.85__teacher_ridge__seed_1,condition_recombine_pseudolabel,3.0,0.85,ridge,1,158,235,2.4873417721518987,True,0.8499999999999998,0.85,0.85,reaction_role_concat,6144,random_forest,False,valid,rmse,15.746600483586379,1,0.05,random,,
condition_recombine_pseudolabel__mult_3__sim_0.85__teacher_ridge__seed_1,condition_recombine_pseudolabel,3.0,0.85,ridge,1,158,235,2.4873417721518987,True,0.8499999999999998,0.85,0.85,reaction_role_concat,6144,random_forest,False,valid,mae,11.730206627888014,1,0.05,random,,
condition_recombine_pseudolabel__mult_3__sim_0.85__teacher_ridge__seed_1,condition_recombine_pseudolabel,3.0,0.85,ridge,1,158,235,2.4873417721518987,True,0.8499999999999998,0.85,0.85,reaction_role_concat,6144,random_forest,False,valid,r2,0.6768928438309948,1,0.05,random,,
condition_recombine_pseudolabel__mult_3__sim_0.85__teacher_ridge__seed_1,condition_recombine_pseudolabel,3.0,0.85,ridge,1,158,235,2.4873417721518987,True,0.8499999999999998,0.85,0.85,reaction_role_concat,6144,random_forest,False,valid,spearman,0.8253165785133594,1,0.05,random,,
condition_recombine_pseudolabel__mult_3__sim_0.85__teacher_ridge__seed_2,condition_recombine_pseudolabel,3.0,0.85,ridge,2,158,228,2.4430379746835444,True,0.8499999999999996,0.85,0.85,reaction_role_concat,6144,random_forest,False,valid,rmse,15.726314209077238,1,0.05,random,,
condition_recombine_pseudolabel__mult_3__sim_0.85__teacher_ridge__seed_2,condition_recombine_pseudolabel,3.0,0.85,ridge,2,158,228,2.4430379746835444,True,0.8499999999999996,0.85,0.85,reaction_role_concat,6144,random_forest,False,valid,mae,11.651834587755085,1,0.05,random,,
condition_recombine_pseudolabel__mult_3__sim_0.85__teacher_ridge__seed_2,condition_recombine_pseudolabel,3.0,0.85,ridge,2,158,228,2.4430379746835444,True,0.8499999999999996,0.85,0.85,reaction_role_concat,6144,random_forest,False,valid,r2,0.6777248225575573,1,0.05,random,,
condition_recombine_pseudolabel__mult_3__sim_0.85__teacher_ridge__seed_2,condition_recombine_pseudolabel,3.0,0.85,ridge,2,158,228,2.4430379746835444,True,0.8499999999999996,0.85,0.85,reaction_role_concat,6144,random_forest,False,valid,spearman,0.8274113020091232,1,0.05,random,,
condition_recombine_pseudolabel__mult_3__sim_0.85__teacher_ridge__seed_3,condition_recombine_pseudolabel,3.0,0.85,ridge,3,158,227,2.4367088607594938,True,0.8499999999999996,0.85,0.85,reaction_role_concat,6144,random_forest,False,valid,rmse,15.00281319273196,1,0.05,random,,
condition_recombine_pseudolabel__mult_3__sim_0.85__teacher_ridge__seed_3,condition_recombine_pseudolabel,3.0,0.85,ridge,3,158,227,2.4367088607594938,True,0.8499999999999996,0.85,0.85,reaction_role_concat,6144,random_forest,False,valid,mae,11.119576835277714,1,0.05,random,,
condition_recombine_pseudolabel__mult_3__sim_0.85__teacher_ridge__seed_3,condition_recombine_pseudolabel,3.0,0.85,ridge,3,158,227,2.4367088607594938,True,0.8499999999999996,0.85,0.85,reaction_role_concat,6144,random_forest,False,valid,r2,0.7066957456111588,1,0.05,random,,
condition_recombine_pseudolabel__mult_3__sim_0.85__teacher_ridge__seed_3,condition_recombine_pseudolabel,3.0,0.85,ridge,3,158,227,2.4367088607594938,True,0.8499999999999996,0.85,0.85,reaction_role_concat,6144,random_forest,False,valid,spearman,0.8432838419495993,1,0.05,random,,
condition_recombine_pseudolabel__mult_3__sim_0.85__teacher_ridge__seed_4,condition_recombine_pseudolabel,3.0,0.85,ridge,4,158,228,2.4430379746835444,True,0.8499999999999996,0.85,0.85,reaction_role_concat,6144,random_forest,False,valid,rmse,15.041395076149813,1,0.05,random,,
condition_recombine_pseudolabel__mult_3__sim_0.85__teacher_ridge__seed_4,condition_recombine_pseudolabel,3.0,0.85,ridge,4,158,228,2.4430379746835444,True,0.8499999999999996,0.85,0.85,reaction_role_concat,6144,random_forest,False,valid,mae,11.118247782406174,1,0.05,random,,
condition_recombine_pseudolabel__mult_3__sim_0.85__teacher_ridge__seed_4,condition_recombine_pseudolabel,3.0,0.85,ridge,4,158,228,2.4430379746835444,True,0.8499999999999996,0.85,0.85,reaction_role_concat,6144,random_forest,False,valid,r2,0.7051852580702906,1,0.05,random,,
condition_recombine_pseudolabel__mult_3__sim_0.85__teacher_ridge__seed_4,condition_recombine_pseudolabel,3.0,0.85,ridge,4,158,228,2.4430379746835444,True,0.8499999999999996,0.85,0.85,reaction_role_concat,6144,random_forest,False,valid,spearman,0.8407246845468543,1,0.05,random,,
condition_recombine_pseudolabel__mult_3__sim_0.85__teacher_rf__seed_0,condition_recombine_pseudolabel,3.0,0.85,random_forest,0,158,241,2.5253164556962027,True,0.8499999999999998,0.85,0.85,reaction_role_concat,6144,random_forest,False,valid,rmse,15.553944178190294,1,0.05,random,,
condition_recombine_pseudolabel__mult_3__sim_0.85__teacher_rf__seed_0,condition_recombine_pseudolabel,3.0,0.85,random_forest,0,158,241,2.5253164556962027,True,0.8499999999999998,0.85,0.85,reaction_role_concat,6144,random_forest,False,valid,mae,11.053537628880783,1,0.05,random,,
condition_recombine_pseudolabel__mult_3__sim_0.85__teacher_rf__seed_0,condition_recombine_pseudolabel,3.0,0.85,random_forest,0,158,241,2.5253164556962027,True,0.8499999999999998,0.85,0.85,reaction_role_concat,6144,random_forest,False,valid,r2,0.6847507724859712,1,0.05,random,,
condition_recombine_pseudolabel__mult_3__sim_0.85__teacher_rf__seed_0,condition_recombine_pseudolabel,3.0,0.85,random_forest,0,158,241,2.5253164556962027,True,0.8499999999999998,0.85,0.85,reaction_role_concat,6144,random_forest,False,valid,spearman,0.8301692799649195,1,0.05,random,,
condition_recombine_pseudolabel__mult_3__sim_0.85__teacher_rf__seed_1,condition_recombine_pseudolabel,3.0,0.85,random_forest,1,158,235,2.4873417721518987,True,0.8499999999999998,0.85,0.85,reaction_role_concat,6144,random_forest,False,valid,rmse,15.283876697831642,1,0.05,random,,
condition_recombine_pseudolabel__mult_3__sim_0.85__teacher_rf__seed_1,condition_recombine_pseudolabel,3.0,0.85,random_forest,1,158,235,2.4873417721518987,True,0.8499999999999998,0.85,0.85,reaction_role_concat,6144,random_forest,False,valid,mae,10.718665175589582,1,0.05,random,,
condition_recombine_pseudolabel__mult_3__sim_0.85__teacher_rf__seed_1,condition_recombine_pseudolabel,3.0,0.85,random_forest,1,158,235,2.4873417721518987,True,0.8499999999999998,0.85,0.85,reaction_role_concat,6144,random_forest,False,valid,r2,0.69560325096291,1,0.05,random,,
condition_recombine_pseudolabel__mult_3__sim_0.85__teacher_rf__seed_1,condition_recombine_pseudolabel,3.0,0.85,random_forest,1,158,235,2.4873417721518987,True,0.8499999999999998,0.85,0.85,reaction_role_concat,6144,random_forest,False,valid,spearman,0.8341408227460017,1,0.05,random,,
condition_recombine_pseudolabel__mult_3__sim_0.85__teacher_rf__seed_2,condition_recombine_pseudolabel,3.0,0.85,random_forest,2,158,228,2.4430379746835444,True,0.8499999999999996,0.85,0.85,reaction_role_concat,6144,random_forest,False,valid,rmse,15.119770025444968,1,0.05,random,,
condition_recombine_pseudolabel__mult_3__sim_0.85__teacher_rf__seed_2,condition_recombine_pseudolabel,3.0,0.85,random_forest,2,158,228,2.4430379746835444,True,0.8499999999999996,0.85,0.85,reaction_role_concat,6144,random_forest,False,valid,mae,10.782965070059783,1,0.05,random,,
condition_recombine_pseudolabel__mult_3__sim_0.85__teacher_rf__seed_2,condition_recombine_pseudolabel,3.0,0.85,random_forest,2,158,228,2.4430379746835444,True,0.8499999999999996,0.85,0.85,reaction_role_concat,6144,random_forest,False,valid,r2,0.7021049202655743,1,0.05,random,,
condition_recombine_pseudolabel__mult_3__sim_0.85__teacher_rf__seed_2,condition_recombine_pseudolabel,3.0,0.85,random_forest,2,158,228,2.4430379746835444,True,0.8499999999999996,0.85,0.85,reaction_role_concat,6144,random_forest,False,valid,spearman,0.8414486951406305,1,0.05,random,,
condition_recombine_pseudolabel__mult_3__sim_0.85__teacher_rf__seed_3,condition_recombine_pseudolabel,3.0,0.85,random_forest,3,158,227,2.4367088607594938,True,0.8499999999999996,0.85,0.85,reaction_role_concat,6144,random_forest,False,valid,rmse,15.512831441745943,1,0.05,random,,
condition_recombine_pseudolabel__mult_3__sim_0.85__teacher_rf__seed_3,condition_recombine_pseudolabel,3.0,0.85,random_forest,3,158,227,2.4367088607594938,True,0.8499999999999996,0.85,0.85,reaction_role_concat,6144,random_forest,False,valid,mae,11.095920137519323,1,0.05,random,,
condition_recombine_pseudolabel__mult_3__sim_0.85__teacher_rf__seed_3,condition_recombine_pseudolabel,3.0,0.85,random_forest,3,158,227,2.4367088607594938,True,0.8499999999999996,0.85,0.85,reaction_role_concat,6144,random_forest,False,valid,r2,0.6864151257958233,1,0.05,random,,
condition_recombine_pseudolabel__mult_3__sim_0.85__teacher_rf__seed_3,condition_recombine_pseudolabel,3.0,0.85,random_forest,3,158,227,2.4367088607594938,True,0.8499999999999996,0.85,0.85,reaction_role_concat,6144,random_forest,False,valid,spearman,0.8310907479933618,1,0.05,random,,
condition_recombine_pseudolabel__mult_3__sim_0.85__teacher_rf__seed_4,condition_recombine_pseudolabel,3.0,0.85,random_forest,4,158,228,2.4430379746835444,True,0.8499999999999996,0.85,0.85,reaction_role_concat,6144,random_forest,False,valid,rmse,15.248431639334559,1,0.05,random,,
condition_recombine_pseudolabel__mult_3__sim_0.85__teacher_rf__seed_4,condition_recombine_pseudolabel,3.0,0.85,random_forest,4,158,228,2.4430379746835444,True,0.8499999999999996,0.85,0.85,reaction_role_concat,6144,random_forest,False,valid,mae,10.812978780648377,1,0.05,random,,
condition_recombine_pseudolabel__mult_3__sim_0.85__teacher_rf__seed_4,condition_recombine_pseudolabel,3.0,0.85,random_forest,4,158,228,2.4430379746835444,True,0.8499999999999996,0.85,0.85,reaction_role_concat,6144,random_forest,False,valid,r2,0.697013475594825,1,0.05,random,,
condition_recombine_pseudolabel__mult_3__sim_0.85__teacher_rf__seed_4,condition_recombine_pseudolabel,3.0,0.85,random_forest,4,158,228,2.4430379746835444,True,0.8499999999999996,0.85,0.85,reaction_role_concat,6144,random_forest,False,valid,spearman,0.8363375853894628,1,0.05,random,,
condition_recombine_pseudolabel__mult_3__sim_0.9__teacher_ridge__seed_0,condition_recombine_pseudolabel,3.0,0.9,ridge,0,158,127,1.8037974683544304,True,0.8499999999999994,0.85,0.85,reaction_role_concat,6144,random_forest,False,valid,rmse,15.821115353928299,1,0.05,random,,
condition_recombine_pseudolabel__mult_3__sim_0.9__teacher_ridge__seed_0,condition_recombine_pseudolabel,3.0,0.9,ridge,0,158,127,1.8037974683544304,True,0.8499999999999994,0.85,0.85,reaction_role_concat,6144,random_forest,False,valid,mae,11.625980589257765,1,0.05,random,,
condition_recombine_pseudolabel__mult_3__sim_0.9__teacher_ridge__seed_0,condition_recombine_pseudolabel,3.0,0.9,ridge,0,158,127,1.8037974683544304,True,0.8499999999999994,0.85,0.85,reaction_role_concat,6144,random_forest,False,valid,r2,0.6738276420604052,1,0.05,random,,
condition_recombine_pseudolabel__mult_3__sim_0.9__teacher_ridge__seed_0,condition_recombine_pseudolabel,3.0,0.9,ridge,0,158,127,1.8037974683544304,True,0.8499999999999994,0.85,0.85,reaction_role_concat,6144,random_forest,False,valid,spearman,0.8268339240073624,1,0.05,random,,
condition_recombine_pseudolabel__mult_3__sim_0.9__teacher_ridge__seed_1,condition_recombine_pseudolabel,3.0,0.9,ridge,1,158,106,1.6708860759493671,True,0.8499999999999996,0.85,0.85,reaction_role_concat,6144,random_forest,False,valid,rmse,15.496884393723303,1,0.05,random,,
condition_recombine_pseudolabel__mult_3__sim_0.9__teacher_ridge__seed_1,condition_recombine_pseudolabel,3.0,0.9,ridge,1,158,106,1.6708860759493671,True,0.8499999999999996,0.85,0.85,reaction_role_concat,6144,random_forest,False,valid,mae,11.51305742595241,1,0.05,random,,
condition_recombine_pseudolabel__mult_3__sim_0.9__teacher_ridge__seed_1,condition_recombine_pseudolabel,3.0,0.9,ridge,1,158,106,1.6708860759493671,True,0.8499999999999996,0.85,0.85,reaction_role_concat,6144,random_forest,False,valid,r2,0.6870595191424294,1,0.05,random,,
condition_recombine_pseudolabel__mult_3__sim_0.9__teacher_ridge__seed_1,condition_recombine_pseudolabel,3.0,0.9,ridge,1,158,106,1.6708860759493671,True,0.8499999999999996,0.85,0.85,reaction_role_concat,6144,random_forest,False,valid,spearman,0.8332551852579723,1,0.05,random,,
condition_recombine_pseudolabel__mult_3__sim_0.9__teacher_ridge__seed_2,condition_recombine_pseudolabel,3.0,0.9,ridge,2,158,106,1.6708860759493671,True,0.8499999999999996,0.85,0.85,reaction_role_concat,6144,random_forest,False,valid,rmse,16.005694035405906,1,0.05,random,,
condition_recombine_pseudolabel__mult_3__sim_0.9__teacher_ridge__seed_2,condition_recombine_pseudolabel,3.0,0.9,ridge,2,158,106,1.6708860759493671,True,0.8499999999999996,0.85,0.85,reaction_role_concat,6144,random_forest,False,valid,mae,11.591528242233434,1,0.05,random,,
condition_recombine_pseudolabel__mult_3__sim_0.9__teacher_ridge__seed_2,condition_recombine_pseudolabel,3.0,0.9,ridge,2,158,106,1.6708860759493671,True,0.8499999999999996,0.85,0.85,reaction_role_concat,6144,random_forest,False,valid,r2,0.666172599642048,1,0.05,random,,
condition_recombine_pseudolabel__mult_3__sim_0.9__teacher_ridge__seed_2,condition_recombine_pseudolabel,3.0,0.9,ridge,2,158,106,1.6708860759493671,True,0.8499999999999996,0.85,0.85,reaction_role_concat,6144,random_forest,False,valid,spearman,0.8200021693915887,1,0.05,random,,
condition_recombine_pseudolabel__mult_3__sim_0.9__teacher_ridge__seed_3,condition_recombine_pseudolabel,3.0,0.9,ridge,3,158,103,1.6518987341772151,True,0.8499999999999994,0.85,0.85,reaction_role_concat,6144,random_forest,False,valid,rmse,15.636377572434895,1,0.05,random,,
condition_recombine_pseudolabel__mult_3__sim_0.9__teacher_ridge__seed_3,condition_recombine_pseudolabel,3.0,0.9,ridge,3,158,103,1.6518987341772151,True,0.8499999999999994,0.85,0.85,reaction_role_concat,6144,random_forest,False,valid,mae,11.620798446688472,1,0.05,random,,
condition_recombine_pseudolabel__mult_3__sim_0.9__teacher_ridge__seed_3,condition_recombine_pseudolabel,3.0,0.9,ridge,3,158,103,1.6518987341772151,True,0.8499999999999994,0.85,0.85,reaction_role_concat,6144,random_forest,False,valid,r2,0.681400377604653,1,0.05,random,,
condition_recombine_pseudolabel__mult_3__sim_0.9__teacher_ridge__seed_3,condition_recombine_pseudolabel,3.0,0.9,ridge,3,158,103,1.6518987341772151,True,0.8499999999999994,0.85,0.85,reaction_role_concat,6144,random_forest,False,valid,spearman,0.8272985526455415,1,0.05,random,,
condition_recombine_pseudolabel__mult_3__sim_0.9__teacher_ridge__seed_4,condition_recombine_pseudolabel,3.0,0.9,ridge,4,158,100,1.6329113924050633,True,0.8499999999999995,0.85,0.85,reaction_role_concat,6144,random_forest,False,valid,rmse,15.688009810729794,1,0.05,random,,
condition_recombine_pseudolabel__mult_3__sim_0.9__teacher_ridge__seed_4,condition_recombine_pseudolabel,3.0,0.9,ridge,4,158,100,1.6329113924050633,True,0.8499999999999995,0.85,0.85,reaction_role_concat,6144,random_forest,False,valid,mae,11.369562036883227,1,0.05,random,,
condition_recombine_pseudolabel__mult_3__sim_0.9__teacher_ridge__seed_4,condition_recombine_pseudolabel,3.0,0.9,ridge,4,158,100,1.6329113924050633,True,0.8499999999999995,0.85,0.85,reaction_role_concat,6144,random_forest,False,valid,r2,0.6792928343452578,1,0.05,random,,
condition_recombine_pseudolabel__mult_3__sim_0.9__teacher_ridge__seed_4,condition_recombine_pseudolabel,3.0,0.9,ridge,4,158,100,1.6329113924050633,True,0.8499999999999995,0.85,0.85,reaction_role_concat,6144,random_forest,False,valid,spearman,0.8268417132552783,1,0.05,random,,
condition_recombine_pseudolabel__mult_3__sim_0.9__teacher_rf__seed_0,condition_recombine_pseudolabel,3.0,0.9,random_forest,0,158,127,1.8037974683544304,True,0.8499999999999994,0.85,0.85,reaction_role_concat,6144,random_forest,False,valid,rmse,15.668278797648217,1,0.05,random,,
condition_recombine_pseudolabel__mult_3__sim_0.9__teacher_rf__seed_0,condition_recombine_pseudolabel,3.0,0.9,random_forest,0,158,127,1.8037974683544304,True,0.8499999999999994,0.85,0.85,reaction_role_concat,6144,random_forest,False,valid,mae,11.07858400266457,1,0.05,random,,
condition_recombine_pseudolabel__mult_3__sim_0.9__teacher_rf__seed_0,condition_recombine_pseudolabel,3.0,0.9,random_forest,0,158,127,1.8037974683544304,True,0.8499999999999994,0.85,0.85,reaction_role_concat,6144,random_forest,False,valid,r2,0.6800990421473418,1,0.05,random,,
condition_recombine_pseudolabel__mult_3__sim_0.9__teacher_rf__seed_0,condition_recombine_pseudolabel,3.0,0.9,random_forest,0,158,127,1.8037974683544304,True,0.8499999999999994,0.85,0.85,reaction_role_concat,6144,random_forest,False,valid,spearman,0.8294279382945307,1,0.05,random,,
condition_recombine_pseudolabel__mult_3__sim_0.9__teacher_rf__seed_1,condition_recombine_pseudolabel,3.0,0.9,random_forest,1,158,106,1.6708860759493671,True,0.8499999999999996,0.85,0.85,reaction_role_concat,6144,random_forest,False,valid,rmse,15.140829781800251,1,0.05,random,,
condition_recombine_pseudolabel__mult_3__sim_0.9__teacher_rf__seed_1,condition_recombine_pseudolabel,3.0,0.9,random_forest,1,158,106,1.6708860759493671,True,0.8499999999999996,0.85,0.85,reaction_role_concat,6144,random_forest,False,valid,mae,10.728214263625537,1,0.05,random,,
condition_recombine_pseudolabel__mult_3__sim_0.9__teacher_rf__seed_1,condition_recombine_pseudolabel,3.0,0.9,random_forest,1,158,106,1.6708860759493671,True,0.8499999999999996,0.85,0.85,reaction_role_concat,6144,random_forest,False,valid,r2,0.7012744887290179,1,0.05,random,,
condition_recombine_pseudolabel__mult_3__sim_0.9__teacher_rf__seed_1,condition_recombine_pseudolabel,3.0,0.9,random_forest,1,158,106,1.6708860759493671,True,0.8499999999999996,0.85,0.85,reaction_role_concat,6144,random_forest,False,valid,spearman,0.8385312323337576,1,0.05,random,,
condition_recombine_pseudolabel__mult_3__sim_0.9__teacher_rf__seed_2,condition_recombine_pseudolabel,3.0,0.9,random_forest,2,158,106,1.6708860759493671,True,0.8499999999999996,0.85,0.85,reaction_role_concat,6144,random_forest,False,valid,rmse,15.173723141066892,1,0.05,random,,
condition_recombine_pseudolabel__mult_3__sim_0.9__teacher_rf__seed_2,condition_recombine_pseudolabel,3.0,0.9,random_forest,2,158,106,1.6708860759493671,True,0.8499999999999996,0.85,0.85,reaction_role_concat,6144,random_forest,False,valid,mae,10.840526216006733,1,0.05,random,,
condition_recombine_pseudolabel__mult_3__sim_0.9__teacher_rf__seed_2,condition_recombine_pseudolabel,3.0,0.9,random_forest,2,158,106,1.6708860759493671,True,0.8499999999999996,0.85,0.85,reaction_role_concat,6144,random_forest,False,valid,r2,0.6999751201658369,1,0.05,random,,
condition_recombine_pseudolabel__mult_3__sim_0.9__teacher_rf__seed_2,condition_recombine_pseudolabel,3.0,0.9,random_forest,2,158,106,1.6708860759493671,True,0.8499999999999996,0.85,0.85,reaction_role_concat,6144,random_forest,False,valid,spearman,0.8393230093844014,1,0.05,random,,
condition_recombine_pseudolabel__mult_3__sim_0.9__teacher_rf__seed_3,condition_recombine_pseudolabel,3.0,0.9,random_forest,3,158,103,1.6518987341772151,True,0.8499999999999994,0.85,0.85,reaction_role_concat,6144,random_forest,False,valid,rmse,15.603999462020546,1,0.05,random,,
condition_recombine_pseudolabel__mult_3__sim_0.9__teacher_rf__seed_3,condition_recombine_pseudolabel,3.0,0.9,random_forest,3,158,103,1.6518987341772151,True,0.8499999999999994,0.85,0.85,reaction_role_concat,6144,random_forest,False,valid,mae,11.224987360758115,1,0.05,random,,
condition_recombine_pseudolabel__mult_3__sim_0.9__teacher_rf__seed_3,condition_recombine_pseudolabel,3.0,0.9,random_forest,3,158,103,1.6518987341772151,True,0.8499999999999994,0.85,0.85,reaction_role_concat,6144,random_forest,False,valid,r2,0.6827184544337784,1,0.05,random,,
condition_recombine_pseudolabel__mult_3__sim_0.9__teacher_rf__seed_3,condition_recombine_pseudolabel,3.0,0.9,random_forest,3,158,103,1.6518987341772151,True,0.8499999999999994,0.85,0.85,reaction_role_concat,6144,random_forest,False,valid,spearman,0.8318745410648919,1,0.05,random,,
condition_recombine_pseudolabel__mult_3__sim_0.9__teacher_rf__seed_4,condition_recombine_pseudolabel,3.0,0.9,random_forest,4,158,100,1.6329113924050633,True,0.8499999999999995,0.85,0.85,reaction_role_concat,6144,random_forest,False,valid,rmse,15.479893211738803,1,0.05,random,,
condition_recombine_pseudolabel__mult_3__sim_0.9__teacher_rf__seed_4,condition_recombine_pseudolabel,3.0,0.9,random_forest,4,158,100,1.6329113924050633,True,0.8499999999999995,0.85,0.85,reaction_role_concat,6144,random_forest,False,valid,mae,10.919300997341734,1,0.05,random,,
condition_recombine_pseudolabel__mult_3__sim_0.9__teacher_rf__seed_4,condition_recombine_pseudolabel,3.0,0.9,random_forest,4,158,100,1.6329113924050633,True,0.8499999999999995,0.85,0.85,reaction_role_concat,6144,random_forest,False,valid,r2,0.6877453748993064,1,0.05,random,,
condition_recombine_pseudolabel__mult_3__sim_0.9__teacher_rf__seed_4,condition_recombine_pseudolabel,3.0,0.9,random_forest,4,158,100,1.6329113924050633,True,0.8499999999999995,0.85,0.85,reaction_role_concat,6144,random_forest,False,valid,spearman,0.8306944700056442,1,0.05,random,,
condition_recombine_pseudolabel__mult_3__sim_0.95__teacher_ridge__seed_0,condition_recombine_pseudolabel,3.0,0.95,ridge,0,158,0,1.0,True,,,,reaction_role_concat,6144,random_forest,False,valid,rmse,15.347443997609096,1,0.05,random,,
condition_recombine_pseudolabel__mult_3__sim_0.95__teacher_ridge__seed_0,condition_recombine_pseudolabel,3.0,0.95,ridge,0,158,0,1.0,True,,,,reaction_role_concat,6144,random_forest,False,valid,mae,11.017895912626877,1,0.05,random,,
condition_recombine_pseudolabel__mult_3__sim_0.95__teacher_ridge__seed_0,condition_recombine_pseudolabel,3.0,0.95,ridge,0,158,0,1.0,True,,,,reaction_role_concat,6144,random_forest,False,valid,r2,0.6930659473078735,1,0.05,random,,
condition_recombine_pseudolabel__mult_3__sim_0.95__teacher_ridge__seed_0,condition_recombine_pseudolabel,3.0,0.95,ridge,0,158,0,1.0,True,,,,reaction_role_concat,6144,random_forest,False,valid,spearman,0.8373159149276908,1,0.05,random,,
condition_recombine_pseudolabel__mult_3__sim_0.95__teacher_ridge__seed_1,condition_recombine_pseudolabel,3.0,0.95,ridge,1,158,0,1.0,True,,,,reaction_role_concat,6144,random_forest,False,valid,rmse,15.347443997609096,1,0.05,random,,
condition_recombine_pseudolabel__mult_3__sim_0.95__teacher_ridge__seed_1,condition_recombine_pseudolabel,3.0,0.95,ridge,1,158,0,1.0,True,,,,reaction_role_concat,6144,random_forest,False,valid,mae,11.017895912626877,1,0.05,random,,
condition_recombine_pseudolabel__mult_3__sim_0.95__teacher_ridge__seed_1,condition_recombine_pseudolabel,3.0,0.95,ridge,1,158,0,1.0,True,,,,reaction_role_concat,6144,random_forest,False,valid,r2,0.6930659473078735,1,0.05,random,,
condition_recombine_pseudolabel__mult_3__sim_0.95__teacher_ridge__seed_1,condition_recombine_pseudolabel,3.0,0.95,ridge,1,158,0,1.0,True,,,,reaction_role_concat,6144,random_forest,False,valid,spearman,0.8373159149276908,1,0.05,random,,
condition_recombine_pseudolabel__mult_3__sim_0.95__teacher_ridge__seed_2,condition_recombine_pseudolabel,3.0,0.95,ridge,2,158,0,1.0,True,,,,reaction_role_concat,6144,random_forest,False,valid,rmse,15.347443997609096,1,0.05,random,,
condition_recombine_pseudolabel__mult_3__sim_0.95__teacher_ridge__seed_2,condition_recombine_pseudolabel,3.0,0.95,ridge,2,158,0,1.0,True,,,,reaction_role_concat,6144,random_forest,False,valid,mae,11.017895912626877,1,0.05,random,,
condition_recombine_pseudolabel__mult_3__sim_0.95__teacher_ridge__seed_2,condition_recombine_pseudolabel,3.0,0.95,ridge,2,158,0,1.0,True,,,,reaction_role_concat,6144,random_forest,False,valid,r2,0.6930659473078735,1,0.05,random,,
condition_recombine_pseudolabel__mult_3__sim_0.95__teacher_ridge__seed_2,condition_recombine_pseudolabel,3.0,0.95,ridge,2,158,0,1.0,True,,,,reaction_role_concat,6144,random_forest,False,valid,spearman,0.8373159149276908,1,0.05,random,,
condition_recombine_pseudolabel__mult_3__sim_0.95__teacher_ridge__seed_3,condition_recombine_pseudolabel,3.0,0.95,ridge,3,158,0,1.0,True,,,,reaction_role_concat,6144,random_forest,False,valid,rmse,15.347443997609096,1,0.05,random,,
condition_recombine_pseudolabel__mult_3__sim_0.95__teacher_ridge__seed_3,condition_recombine_pseudolabel,3.0,0.95,ridge,3,158,0,1.0,True,,,,reaction_role_concat,6144,random_forest,False,valid,mae,11.017895912626877,1,0.05,random,,
condition_recombine_pseudolabel__mult_3__sim_0.95__teacher_ridge__seed_3,condition_recombine_pseudolabel,3.0,0.95,ridge,3,158,0,1.0,True,,,,reaction_role_concat,6144,random_forest,False,valid,r2,0.6930659473078735,1,0.05,random,,
condition_recombine_pseudolabel__mult_3__sim_0.95__teacher_ridge__seed_3,condition_recombine_pseudolabel,3.0,0.95,ridge,3,158,0,1.0,True,,,,reaction_role_concat,6144,random_forest,False,valid,spearman,0.8373159149276908,1,0.05,random,,
condition_recombine_pseudolabel__mult_3__sim_0.95__teacher_ridge__seed_4,condition_recombine_pseudolabel,3.0,0.95,ridge,4,158,0,1.0,True,,,,reaction_role_concat,6144,random_forest,False,valid,rmse,15.347443997609096,1,0.05,random,,
condition_recombine_pseudolabel__mult_3__sim_0.95__teacher_ridge__seed_4,condition_recombine_pseudolabel,3.0,0.95,ridge,4,158,0,1.0,True,,,,reaction_role_concat,6144,random_forest,False,valid,mae,11.017895912626877,1,0.05,random,,
condition_recombine_pseudolabel__mult_3__sim_0.95__teacher_ridge__seed_4,condition_recombine_pseudolabel,3.0,0.95,ridge,4,158,0,1.0,True,,,,reaction_role_concat,6144,random_forest,False,valid,r2,0.6930659473078735,1,0.05,random,,
condition_recombine_pseudolabel__mult_3__sim_0.95__teacher_ridge__seed_4,condition_recombine_pseudolabel,3.0,0.95,ridge,4,158,0,1.0,True,,,,reaction_role_concat,6144,random_forest,False,valid,spearman,0.8373159149276908,1,0.05,random,,
condition_recombine_pseudolabel__mult_3__sim_0.95__teacher_rf__seed_0,condition_recombine_pseudolabel,3.0,0.95,random_forest,0,158,0,1.0,True,,,,reaction_role_concat,6144,random_forest,False,valid,rmse,15.347443997609096,1,0.05,random,,
condition_recombine_pseudolabel__mult_3__sim_0.95__teacher_rf__seed_0,condition_recombine_pseudolabel,3.0,0.95,random_forest,0,158,0,1.0,True,,,,reaction_role_concat,6144,random_forest,False,valid,mae,11.017895912626877,1,0.05,random,,
condition_recombine_pseudolabel__mult_3__sim_0.95__teacher_rf__seed_0,condition_recombine_pseudolabel,3.0,0.95,random_forest,0,158,0,1.0,True,,,,reaction_role_concat,6144,random_forest,False,valid,r2,0.6930659473078735,1,0.05,random,,
condition_recombine_pseudolabel__mult_3__sim_0.95__teacher_rf__seed_0,condition_recombine_pseudolabel,3.0,0.95,random_forest,0,158,0,1.0,True,,,,reaction_role_concat,6144,random_forest,False,valid,spearman,0.8373159149276908,1,0.05,random,,
condition_recombine_pseudolabel__mult_3__sim_0.95__teacher_rf__seed_1,condition_recombine_pseudolabel,3.0,0.95,random_forest,1,158,0,1.0,True,,,,reaction_role_concat,6144,random_forest,False,valid,rmse,15.347443997609096,1,0.05,random,,
condition_recombine_pseudolabel__mult_3__sim_0.95__teacher_rf__seed_1,condition_recombine_pseudolabel,3.0,0.95,random_forest,1,158,0,1.0,True,,,,reaction_role_concat,6144,random_forest,False,valid,mae,11.017895912626877,1,0.05,random,,
condition_recombine_pseudolabel__mult_3__sim_0.95__teacher_rf__seed_1,condition_recombine_pseudolabel,3.0,0.95,random_forest,1,158,0,1.0,True,,,,reaction_role_concat,6144,random_forest,False,valid,r2,0.6930659473078735,1,0.05,random,,
condition_recombine_pseudolabel__mult_3__sim_0.95__teacher_rf__seed_1,condition_recombine_pseudolabel,3.0,0.95,random_forest,1,158,0,1.0,True,,,,reaction_role_concat,6144,random_forest,False,valid,spearman,0.8373159149276908,1,0.05,random,,
condition_recombine_pseudolabel__mult_3__sim_0.95__teacher_rf__seed_2,condition_recombine_pseudolabel,3.0,0.95,random_forest,2,158,0,1.0,True,,,,reaction_role_concat,6144,random_forest,False,valid,rmse,15.347443997609096,1,0.05,random,,
condition_recombine_pseudolabel__mult_3__sim_0.95__teacher_rf__seed_2,condition_recombine_pseudolabel,3.0,0.95,random_forest,2,158,0,1.0,True,,,,reaction_role_concat,6144,random_forest,False,valid,mae,11.017895912626877,1,0.05,random,,
condition_recombine_pseudolabel__mult_3__sim_0.95__teacher_rf__seed_2,condition_recombine_pseudolabel,3.0,0.95,random_forest,2,158,0,1.0,True,,,,reaction_role_concat,6144,random_forest,False,valid,r2,0.6930659473078735,1,0.05,random,,
condition_recombine_pseudolabel__mult_3__sim_0.95__teacher_rf__seed_2,condition_recombine_pseudolabel,3.0,0.95,random_forest,2,158,0,1.0,True,,,,reaction_role_concat,6144,random_forest,False,valid,spearman,0.8373159149276908,1,0.05,random,,
condition_recombine_pseudolabel__mult_3__sim_0.95__teacher_rf__seed_3,condition_recombine_pseudolabel,3.0,0.95,random_forest,3,158,0,1.0,True,,,,reaction_role_concat,6144,random_forest,False,valid,rmse,15.347443997609096,1,0.05,random,,
condition_recombine_pseudolabel__mult_3__sim_0.95__teacher_rf__seed_3,condition_recombine_pseudolabel,3.0,0.95,random_forest,3,158,0,1.0,True,,,,reaction_role_concat,6144,random_forest,False,valid,mae,11.017895912626877,1,0.05,random,,
condition_recombine_pseudolabel__mult_3__sim_0.95__teacher_rf__seed_3,condition_recombine_pseudolabel,3.0,0.95,random_forest,3,158,0,1.0,True,,,,reaction_role_concat,6144,random_forest,False,valid,r2,0.6930659473078735,1,0.05,random,,
condition_recombine_pseudolabel__mult_3__sim_0.95__teacher_rf__seed_3,condition_recombine_pseudolabel,3.0,0.95,random_forest,3,158,0,1.0,True,,,,reaction_role_concat,6144,random_forest,False,valid,spearman,0.8373159149276908,1,0.05,random,,
condition_recombine_pseudolabel__mult_3__sim_0.95__teacher_rf__seed_4,condition_recombine_pseudolabel,3.0,0.95,random_forest,4,158,0,1.0,True,,,,reaction_role_concat,6144,random_forest,False,valid,rmse,15.347443997609096,1,0.05,random,,
condition_recombine_pseudolabel__mult_3__sim_0.95__teacher_rf__seed_4,condition_recombine_pseudolabel,3.0,0.95,random_forest,4,158,0,1.0,True,,,,reaction_role_concat,6144,random_forest,False,valid,mae,11.017895912626877,1,0.05,random,,
condition_recombine_pseudolabel__mult_3__sim_0.95__teacher_rf__seed_4,condition_recombine_pseudolabel,3.0,0.95,random_forest,4,158,0,1.0,True,,,,reaction_role_concat,6144,random_forest,False,valid,r2,0.6930659473078735,1,0.05,random,,
condition_recombine_pseudolabel__mult_3__sim_0.95__teacher_rf__seed_4,condition_recombine_pseudolabel,3.0,0.95,random_forest,4,158,0,1.0,True,,,,reaction_role_concat,6144,random_forest,False,valid,spearman,0.8373159149276908,1,0.05,random,,
condition_recombine_pseudolabel__mult_0.25__sim_0.7__teacher_ridge__seed_0,condition_recombine_pseudolabel,0.25,0.7,ridge,0,316,79,1.25,True,0.84054883899568,0.7718120813369751,0.85,reaction_role_concat,6144,random_forest,False,valid,rmse,14.20974481111149,2,0.1,random,,
condition_recombine_pseudolabel__mult_0.25__sim_0.7__teacher_ridge__seed_0,condition_recombine_pseudolabel,0.25,0.7,ridge,0,316,79,1.25,True,0.84054883899568,0.7718120813369751,0.85,reaction_role_concat,6144,random_forest,False,valid,mae,10.37495983205113,2,0.1,random,,
condition_recombine_pseudolabel__mult_0.25__sim_0.7__teacher_ridge__seed_0,condition_recombine_pseudolabel,0.25,0.7,ridge,0,316,79,1.25,True,0.84054883899568,0.7718120813369751,0.85,reaction_role_concat,6144,random_forest,False,valid,r2,0.7368850552926772,2,0.1,random,,
condition_recombine_pseudolabel__mult_0.25__sim_0.7__teacher_ridge__seed_0,condition_recombine_pseudolabel,0.25,0.7,ridge,0,316,79,1.25,True,0.84054883899568,0.7718120813369751,0.85,reaction_role_concat,6144,random_forest,False,valid,spearman,0.8705964503040503,2,0.1,random,,
condition_recombine_pseudolabel__mult_0.25__sim_0.7__teacher_ridge__seed_1,condition_recombine_pseudolabel,0.25,0.7,ridge,1,316,79,1.25,True,0.8408208694639083,0.7631579041481018,0.85,reaction_role_concat,6144,random_forest,False,valid,rmse,14.162024158987371,2,0.1,random,,
condition_recombine_pseudolabel__mult_0.25__sim_0.7__teacher_ridge__seed_1,condition_recombine_pseudolabel,0.25,0.7,ridge,1,316,79,1.25,True,0.8408208694639083,0.7631579041481018,0.85,reaction_role_concat,6144,random_forest,False,valid,mae,10.072657872286024,2,0.1,random,,
condition_recombine_pseudolabel__mult_0.25__sim_0.7__teacher_ridge__seed_1,condition_recombine_pseudolabel,0.25,0.7,ridge,1,316,79,1.25,True,0.8408208694639083,0.7631579041481018,0.85,reaction_role_concat,6144,random_forest,False,valid,r2,0.7386493281134672,2,0.1,random,,
condition_recombine_pseudolabel__mult_0.25__sim_0.7__teacher_ridge__seed_1,condition_recombine_pseudolabel,0.25,0.7,ridge,1,316,79,1.25,True,0.8408208694639083,0.7631579041481018,0.85,reaction_role_concat,6144,random_forest,False,valid,spearman,0.8653609073174273,2,0.1,random,,
condition_recombine_pseudolabel__mult_0.25__sim_0.7__teacher_ridge__seed_2,condition_recombine_pseudolabel,0.25,0.7,ridge,2,316,79,1.25,True,0.844035191928284,0.7960526347160339,0.85,reaction_role_concat,6144,random_forest,False,valid,rmse,13.93110366683813,2,0.1,random,,
condition_recombine_pseudolabel__mult_0.25__sim_0.7__teacher_ridge__seed_2,condition_recombine_pseudolabel,0.25,0.7,ridge,2,316,79,1.25,True,0.844035191928284,0.7960526347160339,0.85,reaction_role_concat,6144,random_forest,False,valid,mae,10.025354185059856,2,0.1,random,,
condition_recombine_pseudolabel__mult_0.25__sim_0.7__teacher_ridge__seed_2,condition_recombine_pseudolabel,0.25,0.7,ridge,2,316,79,1.25,True,0.844035191928284,0.7960526347160339,0.85,reaction_role_concat,6144,random_forest,False,valid,r2,0.7471028080995274,2,0.1,random,,
condition_recombine_pseudolabel__mult_0.25__sim_0.7__teacher_ridge__seed_2,condition_recombine_pseudolabel,0.25,0.7,ridge,2,316,79,1.25,True,0.844035191928284,0.7960526347160339,0.85,reaction_role_concat,6144,random_forest,False,valid,spearman,0.8740866175639345,2,0.1,random,,
condition_recombine_pseudolabel__mult_0.25__sim_0.7__teacher_ridge__seed_3,condition_recombine_pseudolabel,0.25,0.7,ridge,3,316,79,1.25,True,0.8419141256356539,0.7718120813369751,0.85,reaction_role_concat,6144,random_forest,False,valid,rmse,14.278552244503121,2,0.1,random,,
condition_recombine_pseudolabel__mult_0.25__sim_0.7__teacher_ridge__seed_3,condition_recombine_pseudolabel,0.25,0.7,ridge,3,316,79,1.25,True,0.8419141256356539,0.7718120813369751,0.85,reaction_role_concat,6144,random_forest,False,valid,mae,10.298589938317672,2,0.1,random,,
condition_recombine_pseudolabel__mult_0.25__sim_0.7__teacher_ridge__seed_3,condition_recombine_pseudolabel,0.25,0.7,ridge,3,316,79,1.25,True,0.8419141256356539,0.7718120813369751,0.85,reaction_role_concat,6144,random_forest,False,valid,r2,0.7343307382167945,2,0.1,random,,
condition_recombine_pseudolabel__mult_0.25__sim_0.7__teacher_ridge__seed_3,condition_recombine_pseudolabel,0.25,0.7,ridge,3,316,79,1.25,True,0.8419141256356539,0.7718120813369751,0.85,reaction_role_concat,6144,random_forest,False,valid,spearman,0.8674151267240287,2,0.1,random,,
condition_recombine_pseudolabel__mult_0.25__sim_0.7__teacher_ridge__seed_4,condition_recombine_pseudolabel,0.25,0.7,ridge,4,316,79,1.25,True,0.8433595545684234,0.7770700454711914,0.85,reaction_role_concat,6144,random_forest,False,valid,rmse,13.600637449593512,2,0.1,random,,
condition_recombine_pseudolabel__mult_0.25__sim_0.7__teacher_ridge__seed_4,condition_recombine_pseudolabel,0.25,0.7,ridge,4,316,79,1.25,True,0.8433595545684234,0.7770700454711914,0.85,reaction_role_concat,6144,random_forest,False,valid,mae,9.91035357358335,2,0.1,random,,
condition_recombine_pseudolabel__mult_0.25__sim_0.7__teacher_ridge__seed_4,condition_recombine_pseudolabel,0.25,0.7,ridge,4,316,79,1.25,True,0.8433595545684234,0.7770700454711914,0.85,reaction_role_concat,6144,random_forest,False,valid,r2,0.7589586856588698,2,0.1,random,,
condition_recombine_pseudolabel__mult_0.25__sim_0.7__teacher_ridge__seed_4,condition_recombine_pseudolabel,0.25,0.7,ridge,4,316,79,1.25,True,0.8433595545684234,0.7770700454711914,0.85,reaction_role_concat,6144,random_forest,False,valid,spearman,0.8799807414618406,2,0.1,random,,
condition_recombine_pseudolabel__mult_0.25__sim_0.7__teacher_rf__seed_0,condition_recombine_pseudolabel,0.25,0.7,random_forest,0,316,79,1.25,True,0.84054883899568,0.7718120813369751,0.85,reaction_role_concat,6144,random_forest,False,valid,rmse,14.287929719697066,2,0.1,random,,
condition_recombine_pseudolabel__mult_0.25__sim_0.7__teacher_rf__seed_0,condition_recombine_pseudolabel,0.25,0.7,random_forest,0,316,79,1.25,True,0.84054883899568,0.7718120813369751,0.85,reaction_role_concat,6144,random_forest,False,valid,mae,10.108405574202537,2,0.1,random,,
condition_recombine_pseudolabel__mult_0.25__sim_0.7__teacher_rf__seed_0,condition_recombine_pseudolabel,0.25,0.7,random_forest,0,316,79,1.25,True,0.84054883899568,0.7718120813369751,0.85,reaction_role_concat,6144,random_forest,False,valid,r2,0.7339816657120279,2,0.1,random,,
condition_recombine_pseudolabel__mult_0.25__sim_0.7__teacher_rf__seed_0,condition_recombine_pseudolabel,0.25,0.7,random_forest,0,316,79,1.25,True,0.84054883899568,0.7718120813369751,0.85,reaction_role_concat,6144,random_forest,False,valid,spearman,0.8661495686689048,2,0.1,random,,
condition_recombine_pseudolabel__mult_0.25__sim_0.7__teacher_rf__seed_1,condition_recombine_pseudolabel,0.25,0.7,random_forest,1,316,79,1.25,True,0.8408208694639083,0.7631579041481018,0.85,reaction_role_concat,6144,random_forest,False,valid,rmse,13.739903215422263,2,0.1,random,,
condition_recombine_pseudolabel__mult_0.25__sim_0.7__teacher_rf__seed_1,condition_recombine_pseudolabel,0.25,0.7,random_forest,1,316,79,1.25,True,0.8408208694639083,0.7631579041481018,0.85,reaction_role_concat,6144,random_forest,False,valid,mae,9.699769396326964,2,0.1,random,,
condition_recombine_pseudolabel__mult_0.25__sim_0.7__teacher_rf__seed_1,condition_recombine_pseudolabel,0.25,0.7,random_forest,1,316,79,1.25,True,0.8408208694639083,0.7631579041481018,0.85,reaction_role_concat,6144,random_forest,False,valid,r2,0.7539970550353925,2,0.1,random,,
condition_recombine_pseudolabel__mult_0.25__sim_0.7__teacher_rf__seed_1,condition_recombine_pseudolabel,0.25,0.7,random_forest,1,316,79,1.25,True,0.8408208694639083,0.7631579041481018,0.85,reaction_role_concat,6144,random_forest,False,valid,spearman,0.871170128413051,2,0.1,random,,
condition_recombine_pseudolabel__mult_0.25__sim_0.7__teacher_rf__seed_2,condition_recombine_pseudolabel,0.25,0.7,random_forest,2,316,79,1.25,True,0.844035191928284,0.7960526347160339,0.85,reaction_role_concat,6144,random_forest,False,valid,rmse,13.892038113102874,2,0.1,random,,
condition_recombine_pseudolabel__mult_0.25__sim_0.7__teacher_rf__seed_2,condition_recombine_pseudolabel,0.25,0.7,random_forest,2,316,79,1.25,True,0.844035191928284,0.7960526347160339,0.85,reaction_role_concat,6144,random_forest,False,valid,mae,9.9057729096639,2,0.1,random,,
condition_recombine_pseudolabel__mult_0.25__sim_0.7__teacher_rf__seed_2,condition_recombine_pseudolabel,0.25,0.7,random_forest,2,316,79,1.25,True,0.844035191928284,0.7960526347160339,0.85,reaction_role_concat,6144,random_forest,False,valid,r2,0.7485191663363012,2,0.1,random,,
condition_recombine_pseudolabel__mult_0.25__sim_0.7__teacher_rf__seed_2,condition_recombine_pseudolabel,0.25,0.7,random_forest,2,316,79,1.25,True,0.844035191928284,0.7960526347160339,0.85,reaction_role_concat,6144,random_forest,False,valid,spearman,0.8737189650623074,2,0.1,random,,
condition_recombine_pseudolabel__mult_0.25__sim_0.7__teacher_rf__seed_3,condition_recombine_pseudolabel,0.25,0.7,random_forest,3,316,79,1.25,True,0.8419141256356539,0.7718120813369751,0.85,reaction_role_concat,6144,random_forest,False,valid,rmse,14.247274454007078,2,0.1,random,,
condition_recombine_pseudolabel__mult_0.25__sim_0.7__teacher_rf__seed_3,condition_recombine_pseudolabel,0.25,0.7,random_forest,3,316,79,1.25,True,0.8419141256356539,0.7718120813369751,0.85,reaction_role_concat,6144,random_forest,False,valid,mae,10.13294230534419,2,0.1,random,,
condition_recombine_pseudolabel__mult_0.25__sim_0.7__teacher_rf__seed_3,condition_recombine_pseudolabel,0.25,0.7,random_forest,3,316,79,1.25,True,0.8419141256356539,0.7718120813369751,0.85,reaction_role_concat,6144,random_forest,False,valid,r2,0.735493383582559,2,0.1,random,,
condition_recombine_pseudolabel__mult_0.25__sim_0.7__teacher_rf__seed_3,condition_recombine_pseudolabel,0.25,0.7,random_forest,3,316,79,1.25,True,0.8419141256356539,0.7718120813369751,0.85,reaction_role_concat,6144,random_forest,False,valid,spearman,0.8615202239013309,2,0.1,random,,
condition_recombine_pseudolabel__mult_0.25__sim_0.7__teacher_rf__seed_4,condition_recombine_pseudolabel,0.25,0.7,random_forest,4,316,79,1.25,True,0.8433595545684234,0.7770700454711914,0.85,reaction_role_concat,6144,random_forest,False,valid,rmse,13.608630738018581,2,0.1,random,,
condition_recombine_pseudolabel__mult_0.25__sim_0.7__teacher_rf__seed_4,condition_recombine_pseudolabel,0.25,0.7,random_forest,4,316,79,1.25,True,0.8433595545684234,0.7770700454711914,0.85,reaction_role_concat,6144,random_forest,False,valid,mae,9.730358921791932,2,0.1,random,,
condition_recombine_pseudolabel__mult_0.25__sim_0.7__teacher_rf__seed_4,condition_recombine_pseudolabel,0.25,0.7,random_forest,4,316,79,1.25,True,0.8433595545684234,0.7770700454711914,0.85,reaction_role_concat,6144,random_forest,False,valid,r2,0.758675275571174,2,0.1,random,,
condition_recombine_pseudolabel__mult_0.25__sim_0.7__teacher_rf__seed_4,condition_recombine_pseudolabel,0.25,0.7,random_forest,4,316,79,1.25,True,0.8433595545684234,0.7770700454711914,0.85,reaction_role_concat,6144,random_forest,False,valid,spearman,0.8764194973147246,2,0.1,random,,
condition_recombine_pseudolabel__mult_0.25__sim_0.8__teacher_ridge__seed_0,condition_recombine_pseudolabel,0.25,0.8,ridge,0,316,73,1.231012658227848,True,0.8447113780126179,0.803680956363678,0.85,reaction_role_concat,6144,random_forest,False,valid,rmse,14.323382403092625,2,0.1,random,,
condition_recombine_pseudolabel__mult_0.25__sim_0.8__teacher_ridge__seed_0,condition_recombine_pseudolabel,0.25,0.8,ridge,0,316,73,1.231012658227848,True,0.8447113780126179,0.803680956363678,0.85,reaction_role_concat,6144,random_forest,False,valid,mae,10.366701181912722,2,0.1,random,,
condition_recombine_pseudolabel__mult_0.25__sim_0.8__teacher_ridge__seed_0,condition_recombine_pseudolabel,0.25,0.8,ridge,0,316,73,1.231012658227848,True,0.8447113780126179,0.803680956363678,0.85,reaction_role_concat,6144,random_forest,False,valid,r2,0.7326598836719739,2,0.1,random,,
condition_recombine_pseudolabel__mult_0.25__sim_0.8__teacher_ridge__seed_0,condition_recombine_pseudolabel,0.25,0.8,ridge,0,316,73,1.231012658227848,True,0.8447113780126179,0.803680956363678,0.85,reaction_role_concat,6144,random_forest,False,valid,spearman,0.8654018008689855,2,0.1,random,,
condition_recombine_pseudolabel__mult_0.25__sim_0.8__teacher_ridge__seed_1,condition_recombine_pseudolabel,0.25,0.8,ridge,1,316,77,1.2436708860759493,True,0.8423754582157381,0.807692289352417,0.85,reaction_role_concat,6144,random_forest,False,valid,rmse,13.883024015725047,2,0.1,random,,
condition_recombine_pseudolabel__mult_0.25__sim_0.8__teacher_ridge__seed_1,condition_recombine_pseudolabel,0.25,0.8,ridge,1,316,77,1.2436708860759493,True,0.8423754582157381,0.807692289352417,0.85,reaction_role_concat,6144,random_forest,False,valid,mae,9.95199742457082,2,0.1,random,,
condition_recombine_pseudolabel__mult_0.25__sim_0.8__teacher_ridge__seed_1,condition_recombine_pseudolabel,0.25,0.8,ridge,1,316,77,1.2436708860759493,True,0.8423754582157381,0.807692289352417,0.85,reaction_role_concat,6144,random_forest,False,valid,r2,0.7488454161283618,2,0.1,random,,
condition_recombine_pseudolabel__mult_0.25__sim_0.8__teacher_ridge__seed_1,condition_recombine_pseudolabel,0.25,0.8,ridge,1,316,77,1.2436708860759493,True,0.8423754582157381,0.807692289352417,0.85,reaction_role_concat,6144,random_forest,False,valid,spearman,0.8705080423402057,2,0.1,random,,
condition_recombine_pseudolabel__mult_0.25__sim_0.8__teacher_ridge__seed_2,condition_recombine_pseudolabel,0.25,0.8,ridge,2,316,78,1.2468354430379747,True,0.8446503529181845,0.800000011920929,0.85,reaction_role_concat,6144,random_forest,False,valid,rmse,13.868344145274543,2,0.1,random,,
condition_recombine_pseudolabel__mult_0.25__sim_0.8__teacher_ridge__seed_2,condition_recombine_pseudolabel,0.25,0.8,ridge,2,316,78,1.2468354430379747,True,0.8446503529181845,0.800000011920929,0.85,reaction_role_concat,6144,random_forest,False,valid,mae,10.019700762194923,2,0.1,random,,
condition_recombine_pseudolabel__mult_0.25__sim_0.8__teacher_ridge__seed_2,condition_recombine_pseudolabel,0.25,0.8,ridge,2,316,78,1.2468354430379747,True,0.8446503529181845,0.800000011920929,0.85,reaction_role_concat,6144,random_forest,False,valid,r2,0.7493762756129267,2,0.1,random,,
condition_recombine_pseudolabel__mult_0.25__sim_0.8__teacher_ridge__seed_2,condition_recombine_pseudolabel,0.25,0.8,ridge,2,316,78,1.2468354430379747,True,0.8446503529181845,0.800000011920929,0.85,reaction_role_concat,6144,random_forest,False,valid,spearman,0.8772198425380757,2,0.1,random,,
condition_recombine_pseudolabel__mult_0.25__sim_0.8__teacher_ridge__seed_3,condition_recombine_pseudolabel,0.25,0.8,ridge,3,316,75,1.2373417721518987,True,0.8449755692481994,0.8040540814399719,0.85,reaction_role_concat,6144,random_forest,False,valid,rmse,14.382553562212067,2,0.1,random,,
condition_recombine_pseudolabel__mult_0.25__sim_0.8__teacher_ridge__seed_3,condition_recombine_pseudolabel,0.25,0.8,ridge,3,316,75,1.2373417721518987,True,0.8449755692481994,0.8040540814399719,0.85,reaction_role_concat,6144,random_forest,False,valid,mae,10.416817742241333,2,0.1,random,,
condition_recombine_pseudolabel__mult_0.25__sim_0.8__teacher_ridge__seed_3,condition_recombine_pseudolabel,0.25,0.8,ridge,3,316,75,1.2373417721518987,True,0.8449755692481994,0.8040540814399719,0.85,reaction_role_concat,6144,random_forest,False,valid,r2,0.7304465099593118,2,0.1,random,,
condition_recombine_pseudolabel__mult_0.25__sim_0.8__teacher_ridge__seed_3,condition_recombine_pseudolabel,0.25,0.8,ridge,3,316,75,1.2373417721518987,True,0.8449755692481994,0.8040540814399719,0.85,reaction_role_concat,6144,random_forest,False,valid,spearman,0.8621842572861551,2,0.1,random,,
condition_recombine_pseudolabel__mult_0.25__sim_0.8__teacher_ridge__seed_4,condition_recombine_pseudolabel,0.25,0.8,ridge,4,316,77,1.2436708860759493,True,0.8448010006508267,0.8012820482254028,0.85,reaction_role_concat,6144,random_forest,False,valid,rmse,13.914766660554546,2,0.1,random,,
condition_recombine_pseudolabel__mult_0.25__sim_0.8__teacher_ridge__seed_4,condition_recombine_pseudolabel,0.25,0.8,ridge,4,316,77,1.2436708860759493,True,0.8448010006508267,0.8012820482254028,0.85,reaction_role_concat,6144,random_forest,False,valid,mae,10.061354917021491,2,0.1,random,,
condition_recombine_pseudolabel__mult_0.25__sim_0.8__teacher_ridge__seed_4,condition_recombine_pseudolabel,0.25,0.8,ridge,4,316,77,1.2436708860759493,True,0.8448010006508267,0.8012820482254028,0.85,reaction_role_concat,6144,random_forest,False,valid,r2,0.7476956054195498,2,0.1,random,,
condition_recombine_pseudolabel__mult_0.25__sim_0.8__teacher_ridge__seed_4,condition_recombine_pseudolabel,0.25,0.8,ridge,4,316,77,1.2436708860759493,True,0.8448010006508267,0.8012820482254028,0.85,reaction_role_concat,6144,random_forest,False,valid,spearman,0.8741047275653389,2,0.1,random,,
condition_recombine_pseudolabel__mult_0.25__sim_0.8__teacher_rf__seed_0,condition_recombine_pseudolabel,0.25,0.8,random_forest,0,316,73,1.231012658227848,True,0.8447113780126179,0.803680956363678,0.85,reaction_role_concat,6144,random_forest,False,valid,rmse,14.05331339001812,2,0.1,random,,
condition_recombine_pseudolabel__mult_0.25__sim_0.8__teacher_rf__seed_0,condition_recombine_pseudolabel,0.25,0.8,random_forest,0,316,73,1.231012658227848,True,0.8447113780126179,0.803680956363678,0.85,reaction_role_concat,6144,random_forest,False,valid,mae,9.99524160822962,2,0.1,random,,
condition_recombine_pseudolabel__mult_0.25__sim_0.8__teacher_rf__seed_0,condition_recombine_pseudolabel,0.25,0.8,random_forest,0,316,73,1.231012658227848,True,0.8447113780126179,0.803680956363678,0.85,reaction_role_concat,6144,random_forest,False,valid,r2,0.7426462970872636,2,0.1,random,,
condition_recombine_pseudolabel__mult_0.25__sim_0.8__teacher_rf__seed_0,condition_recombine_pseudolabel,0.25,0.8,random_forest,0,316,73,1.231012658227848,True,0.8447113780126179,0.803680956363678,0.85,reaction_role_concat,6144,random_forest,False,valid,spearman,0.8717547114691339,2,0.1,random,,
condition_recombine_pseudolabel__mult_0.25__sim_0.8__teacher_rf__seed_1,condition_recombine_pseudolabel,0.25,0.8,random_forest,1,316,77,1.2436708860759493,True,0.8423754582157381,0.807692289352417,0.85,reaction_role_concat,6144,random_forest,False,valid,rmse,13.704471626202693,2,0.1,random,,
condition_recombine_pseudolabel__mult_0.25__sim_0.8__teacher_rf__seed_1,condition_recombine_pseudolabel,0.25,0.8,random_forest,1,316,77,1.2436708860759493,True,0.8423754582157381,0.807692289352417,0.85,reaction_role_concat,6144,random_forest,False,valid,mae,9.708296503758882,2,0.1,random,,
condition_recombine_pseudolabel__mult_0.25__sim_0.8__teacher_rf__seed_1,condition_recombine_pseudolabel,0.25,0.8,random_forest,1,316,77,1.2436708860759493,True,0.8423754582157381,0.807692289352417,0.85,reaction_role_concat,6144,random_forest,False,valid,r2,0.7552641726661228,2,0.1,random,,
condition_recombine_pseudolabel__mult_0.25__sim_0.8__teacher_rf__seed_1,condition_recombine_pseudolabel,0.25,0.8,random_forest,1,316,77,1.2436708860759493,True,0.8423754582157381,0.807692289352417,0.85,reaction_role_concat,6144,random_forest,False,valid,spearman,0.8733507283670867,2,0.1,random,,
condition_recombine_pseudolabel__mult_0.25__sim_0.8__teacher_rf__seed_2,condition_recombine_pseudolabel,0.25,0.8,random_forest,2,316,78,1.2468354430379747,True,0.8446503529181845,0.800000011920929,0.85,reaction_role_concat,6144,random_forest,False,valid,rmse,13.860624334811735,2,0.1,random,,
condition_recombine_pseudolabel__mult_0.25__sim_0.8__teacher_rf__seed_2,condition_recombine_pseudolabel,0.25,0.8,random_forest,2,316,78,1.2468354430379747,True,0.8446503529181845,0.800000011920929,0.85,reaction_role_concat,6144,random_forest,False,valid,mae,9.925536166005497,2,0.1,random,,
condition_recombine_pseudolabel__mult_0.25__sim_0.8__teacher_rf__seed_2,condition_recombine_pseudolabel,0.25,0.8,random_forest,2,316,78,1.2468354430379747,True,0.8446503529181845,0.800000011920929,0.85,reaction_role_concat,6144,random_forest,False,valid,r2,0.7496552172278035,2,0.1,random,,
condition_recombine_pseudolabel__mult_0.25__sim_0.8__teacher_rf__seed_2,condition_recombine_pseudolabel,0.25,0.8,random_forest,2,316,78,1.2468354430379747,True,0.8446503529181845,0.800000011920929,0.85,reaction_role_concat,6144,random_forest,False,valid,spearman,0.872840727359798,2,0.1,random,,
condition_recombine_pseudolabel__mult_0.25__sim_0.8__teacher_rf__seed_3,condition_recombine_pseudolabel,0.25,0.8,random_forest,3,316,75,1.2373417721518987,True,0.8449755692481994,0.8040540814399719,0.85,reaction_role_concat,6144,random_forest,False,valid,rmse,14.40603027389069,2,0.1,random,,
condition_recombine_pseudolabel__mult_0.25__sim_0.8__teacher_rf__seed_3,condition_recombine_pseudolabel,0.25,0.8,random_forest,3,316,75,1.2373417721518987,True,0.8449755692481994,0.8040540814399719,0.85,reaction_role_concat,6144,random_forest,False,valid,mae,10.190947454968587,2,0.1,random,,
condition_recombine_pseudolabel__mult_0.25__sim_0.8__teacher_rf__seed_3,condition_recombine_pseudolabel,0.25,0.8,random_forest,3,316,75,1.2373417721518987,True,0.8449755692481994,0.8040540814399719,0.85,reaction_role_concat,6144,random_forest,False,valid,r2,0.7295658048272075,2,0.1,random,,
condition_recombine_pseudolabel__mult_0.25__sim_0.8__teacher_rf__seed_3,condition_recombine_pseudolabel,0.25,0.8,random_forest,3,316,75,1.2373417721518987,True,0.8449755692481994,0.8040540814399719,0.85,reaction_role_concat,6144,random_forest,False,valid,spearman,0.8587001266934059,2,0.1,random,,
condition_recombine_pseudolabel__mult_0.25__sim_0.8__teacher_rf__seed_4,condition_recombine_pseudolabel,0.25,0.8,random_forest,4,316,77,1.2436708860759493,True,0.8448010006508267,0.8012820482254028,0.85,reaction_role_concat,6144,random_forest,False,valid,rmse,13.829168536099074,2,0.1,random,,
condition_recombine_pseudolabel__mult_0.25__sim_0.8__teacher_rf__seed_4,condition_recombine_pseudolabel,0.25,0.8,random_forest,4,316,77,1.2436708860759493,True,0.8448010006508267,0.8012820482254028,0.85,reaction_role_concat,6144,random_forest,False,valid,mae,9.82457312830113,2,0.1,random,,
condition_recombine_pseudolabel__mult_0.25__sim_0.8__teacher_rf__seed_4,condition_recombine_pseudolabel,0.25,0.8,random_forest,4,316,77,1.2436708860759493,True,0.8448010006508267,0.8012820482254028,0.85,reaction_role_concat,6144,random_forest,False,valid,r2,0.7507902107510712,2,0.1,random,,
condition_recombine_pseudolabel__mult_0.25__sim_0.8__teacher_rf__seed_4,condition_recombine_pseudolabel,0.25,0.8,random_forest,4,316,77,1.2436708860759493,True,0.8448010006508267,0.8012820482254028,0.85,reaction_role_concat,6144,random_forest,False,valid,spearman,0.8718908285764628,2,0.1,random,,
condition_recombine_pseudolabel__mult_0.25__sim_0.85__teacher_ridge__seed_0,condition_recombine_pseudolabel,0.25,0.85,ridge,0,316,55,1.1740506329113924,True,0.8500000000000001,0.85,0.85,reaction_role_concat,6144,random_forest,False,valid,rmse,14.354895196792189,2,0.1,random,,
condition_recombine_pseudolabel__mult_0.25__sim_0.85__teacher_ridge__seed_0,condition_recombine_pseudolabel,0.25,0.85,ridge,0,316,55,1.1740506329113924,True,0.8500000000000001,0.85,0.85,reaction_role_concat,6144,random_forest,False,valid,mae,10.221495829601832,2,0.1,random,,
condition_recombine_pseudolabel__mult_0.25__sim_0.85__teacher_ridge__seed_0,condition_recombine_pseudolabel,0.25,0.85,ridge,0,316,55,1.1740506329113924,True,0.8500000000000001,0.85,0.85,reaction_role_concat,6144,random_forest,False,valid,r2,0.7314822426384293,2,0.1,random,,
condition_recombine_pseudolabel__mult_0.25__sim_0.85__teacher_ridge__seed_0,condition_recombine_pseudolabel,0.25,0.85,ridge,0,316,55,1.1740506329113924,True,0.8500000000000001,0.85,0.85,reaction_role_concat,6144,random_forest,False,valid,spearman,0.8631084515513681,2,0.1,random,,
condition_recombine_pseudolabel__mult_0.25__sim_0.85__teacher_ridge__seed_1,condition_recombine_pseudolabel,0.25,0.85,ridge,1,316,52,1.1645569620253164,True,0.8500000000000001,0.85,0.85,reaction_role_concat,6144,random_forest,False,valid,rmse,13.997154297967882,2,0.1,random,,
condition_recombine_pseudolabel__mult_0.25__sim_0.85__teacher_ridge__seed_1,condition_recombine_pseudolabel,0.25,0.85,ridge,1,316,52,1.1645569620253164,True,0.8500000000000001,0.85,0.85,reaction_role_concat,6144,random_forest,False,valid,mae,9.964997743104831,2,0.1,random,,
condition_recombine_pseudolabel__mult_0.25__sim_0.85__teacher_ridge__seed_1,condition_recombine_pseudolabel,0.25,0.85,ridge,1,316,52,1.1645569620253164,True,0.8500000000000001,0.85,0.85,reaction_role_concat,6144,random_forest,False,valid,r2,0.7446990332984235,2,0.1,random,,
condition_recombine_pseudolabel__mult_0.25__sim_0.85__teacher_ridge__seed_1,condition_recombine_pseudolabel,0.25,0.85,ridge,1,316,52,1.1645569620253164,True,0.8500000000000001,0.85,0.85,reaction_role_concat,6144,random_forest,False,valid,spearman,0.8695904689357213,2,0.1,random,,
condition_recombine_pseudolabel__mult_0.25__sim_0.85__teacher_ridge__seed_2,condition_recombine_pseudolabel,0.25,0.85,ridge,2,316,59,1.1867088607594938,True,0.85,0.85,0.85,reaction_role_concat,6144,random_forest,False,valid,rmse,13.86388664889528,2,0.1,random,,
condition_recombine_pseudolabel__mult_0.25__sim_0.85__teacher_ridge__seed_2,condition_recombine_pseudolabel,0.25,0.85,ridge,2,316,59,1.1867088607594938,True,0.85,0.85,0.85,reaction_role_concat,6144,random_forest,False,valid,mae,9.98515944363573,2,0.1,random,,
condition_recombine_pseudolabel__mult_0.25__sim_0.85__teacher_ridge__seed_2,condition_recombine_pseudolabel,0.25,0.85,ridge,2,316,59,1.1867088607594938,True,0.85,0.85,0.85,reaction_role_concat,6144,random_forest,False,valid,r2,0.7495373582623228,2,0.1,random,,
condition_recombine_pseudolabel__mult_0.25__sim_0.85__teacher_ridge__seed_2,condition_recombine_pseudolabel,0.25,0.85,ridge,2,316,59,1.1867088607594938,True,0.85,0.85,0.85,reaction_role_concat,6144,random_forest,False,valid,spearman,0.876112600946841,2,0.1,random,,
condition_recombine_pseudolabel__mult_0.25__sim_0.85__teacher_ridge__seed_3,condition_recombine_pseudolabel,0.25,0.85,ridge,3,316,60,1.1898734177215189,True,0.85,0.85,0.85,reaction_role_concat,6144,random_forest,False,valid,rmse,14.55803223402679,2,0.1,random,,
condition_recombine_pseudolabel__mult_0.25__sim_0.85__teacher_ridge__seed_3,condition_recombine_pseudolabel,0.25,0.85,ridge,3,316,60,1.1898734177215189,True,0.85,0.85,0.85,reaction_role_concat,6144,random_forest,False,valid,mae,10.476561580691158,2,0.1,random,,
condition_recombine_pseudolabel__mult_0.25__sim_0.85__teacher_ridge__seed_3,condition_recombine_pseudolabel,0.25,0.85,ridge,3,316,60,1.1898734177215189,True,0.85,0.85,0.85,reaction_role_concat,6144,random_forest,False,valid,r2,0.7238288474462609,2,0.1,random,,
condition_recombine_pseudolabel__mult_0.25__sim_0.85__teacher_ridge__seed_3,condition_recombine_pseudolabel,0.25,0.85,ridge,3,316,60,1.1898734177215189,True,0.85,0.85,0.85,reaction_role_concat,6144,random_forest,False,valid,spearman,0.8570562059207706,2,0.1,random,,
condition_recombine_pseudolabel__mult_0.25__sim_0.85__teacher_ridge__seed_4,condition_recombine_pseudolabel,0.25,0.85,ridge,4,316,51,1.1613924050632911,True,0.85,0.85,0.85,reaction_role_concat,6144,random_forest,False,valid,rmse,14.455238122314407,2,0.1,random,,
condition_recombine_pseudolabel__mult_0.25__sim_0.85__teacher_ridge__seed_4,condition_recombine_pseudolabel,0.25,0.85,ridge,4,316,51,1.1613924050632911,True,0.85,0.85,0.85,reaction_role_concat,6144,random_forest,False,valid,mae,10.413511809331707,2,0.1,random,,
condition_recombine_pseudolabel__mult_0.25__sim_0.85__teacher_ridge__seed_4,condition_recombine_pseudolabel,0.25,0.85,ridge,4,316,51,1.1613924050632911,True,0.85,0.85,0.85,reaction_role_concat,6144,random_forest,False,valid,r2,0.7277151614008028,2,0.1,random,,
condition_recombine_pseudolabel__mult_0.25__sim_0.85__teacher_ridge__seed_4,condition_recombine_pseudolabel,0.25,0.85,ridge,4,316,51,1.1613924050632911,True,0.85,0.85,0.85,reaction_role_concat,6144,random_forest,False,valid,spearman,0.862813628517754,2,0.1,random,,
condition_recombine_pseudolabel__mult_0.25__sim_0.85__teacher_rf__seed_0,condition_recombine_pseudolabel,0.25,0.85,random_forest,0,316,55,1.1740506329113924,True,0.8500000000000001,0.85,0.85,reaction_role_concat,6144,random_forest,False,valid,rmse,14.465642026718308,2,0.1,random,,
condition_recombine_pseudolabel__mult_0.25__sim_0.85__teacher_rf__seed_0,condition_recombine_pseudolabel,0.25,0.85,random_forest,0,316,55,1.1740506329113924,True,0.8500000000000001,0.85,0.85,reaction_role_concat,6144,random_forest,False,valid,mae,10.196564690658564,2,0.1,random,,
condition_recombine_pseudolabel__mult_0.25__sim_0.85__teacher_rf__seed_0,condition_recombine_pseudolabel,0.25,0.85,random_forest,0,316,55,1.1740506329113924,True,0.8500000000000001,0.85,0.85,reaction_role_concat,6144,random_forest,False,valid,r2,0.7273230758681153,2,0.1,random,,
condition_recombine_pseudolabel__mult_0.25__sim_0.85__teacher_rf__seed_0,condition_recombine_pseudolabel,0.25,0.85,random_forest,0,316,55,1.1740506329113924,True,0.8500000000000001,0.85,0.85,reaction_role_concat,6144,random_forest,False,valid,spearman,0.860165089495175,2,0.1,random,,
condition_recombine_pseudolabel__mult_0.25__sim_0.85__teacher_rf__seed_1,condition_recombine_pseudolabel,0.25,0.85,random_forest,1,316,52,1.1645569620253164,True,0.8500000000000001,0.85,0.85,reaction_role_concat,6144,random_forest,False,valid,rmse,13.696604609173132,2,0.1,random,,
condition_recombine_pseudolabel__mult_0.25__sim_0.85__teacher_rf__seed_1,condition_recombine_pseudolabel,0.25,0.85,random_forest,1,316,52,1.1645569620253164,True,0.8500000000000001,0.85,0.85,reaction_role_concat,6144,random_forest,False,valid,mae,9.716398153934296,2,0.1,random,,
condition_recombine_pseudolabel__mult_0.25__sim_0.85__teacher_rf__seed_1,condition_recombine_pseudolabel,0.25,0.85,random_forest,1,316,52,1.1645569620253164,True,0.8500000000000001,0.85,0.85,reaction_role_concat,6144,random_forest,False,valid,r2,0.7555450719748087,2,0.1,random,,
condition_recombine_pseudolabel__mult_0.25__sim_0.85__teacher_rf__seed_1,condition_recombine_pseudolabel,0.25,0.85,random_forest,1,316,52,1.1645569620253164,True,0.8500000000000001,0.85,0.85,reaction_role_concat,6144,random_forest,False,valid,spearman,0.8736101103226838,2,0.1,random,,
condition_recombine_pseudolabel__mult_0.25__sim_0.85__teacher_rf__seed_2,condition_recombine_pseudolabel,0.25,0.85,random_forest,2,316,59,1.1867088607594938,True,0.85,0.85,0.85,reaction_role_concat,6144,random_forest,False,valid,rmse,13.867458742615952,2,0.1,random,,
condition_recombine_pseudolabel__mult_0.25__sim_0.85__teacher_rf__seed_2,condition_recombine_pseudolabel,0.25,0.85,random_forest,2,316,59,1.1867088607594938,True,0.85,0.85,0.85,reaction_role_concat,6144,random_forest,False,valid,mae,9.920734121285662,2,0.1,random,,
condition_recombine_pseudolabel__mult_0.25__sim_0.85__teacher_rf__seed_2,condition_recombine_pseudolabel,0.25,0.85,random_forest,2,316,59,1.1867088607594938,True,0.85,0.85,0.85,reaction_role_concat,6144,random_forest,False,valid,r2,0.7494082759477947,2,0.1,random,,
condition_recombine_pseudolabel__mult_0.25__sim_0.85__teacher_rf__seed_2,condition_recombine_pseudolabel,0.25,0.85,random_forest,2,316,59,1.1867088607594938,True,0.85,0.85,0.85,reaction_role_concat,6144,random_forest,False,valid,spearman,0.8745843505057558,2,0.1,random,,
condition_recombine_pseudolabel__mult_0.25__sim_0.85__teacher_rf__seed_3,condition_recombine_pseudolabel,0.25,0.85,random_forest,3,316,60,1.1898734177215189,True,0.85,0.85,0.85,reaction_role_concat,6144,random_forest,False,valid,rmse,14.330663647555399,2,0.1,random,,
condition_recombine_pseudolabel__mult_0.25__sim_0.85__teacher_rf__seed_3,condition_recombine_pseudolabel,0.25,0.85,random_forest,3,316,60,1.1898734177215189,True,0.85,0.85,0.85,reaction_role_concat,6144,random_forest,False,valid,mae,10.077861232121533,2,0.1,random,,
condition_recombine_pseudolabel__mult_0.25__sim_0.85__teacher_rf__seed_3,condition_recombine_pseudolabel,0.25,0.85,random_forest,3,316,60,1.1898734177215189,True,0.85,0.85,0.85,reaction_role_concat,6144,random_forest,False,valid,r2,0.7323880116444299,2,0.1,random,,
condition_recombine_pseudolabel__mult_0.25__sim_0.85__teacher_rf__seed_3,condition_recombine_pseudolabel,0.25,0.85,random_forest,3,316,60,1.1898734177215189,True,0.85,0.85,0.85,reaction_role_concat,6144,random_forest,False,valid,spearman,0.8609276568661345,2,0.1,random,,
condition_recombine_pseudolabel__mult_0.25__sim_0.85__teacher_rf__seed_4,condition_recombine_pseudolabel,0.25,0.85,random_forest,4,316,51,1.1613924050632911,True,0.85,0.85,0.85,reaction_role_concat,6144,random_forest,False,valid,rmse,13.875674571126362,2,0.1,random,,
condition_recombine_pseudolabel__mult_0.25__sim_0.85__teacher_rf__seed_4,condition_recombine_pseudolabel,0.25,0.85,random_forest,4,316,51,1.1613924050632911,True,0.85,0.85,0.85,reaction_role_concat,6144,random_forest,False,valid,mae,9.886728166393842,2,0.1,random,,
condition_recombine_pseudolabel__mult_0.25__sim_0.85__teacher_rf__seed_4,condition_recombine_pseudolabel,0.25,0.85,random_forest,4,316,51,1.1613924050632911,True,0.85,0.85,0.85,reaction_role_concat,6144,random_forest,False,valid,r2,0.7491112599556629,2,0.1,random,,
condition_recombine_pseudolabel__mult_0.25__sim_0.85__teacher_rf__seed_4,condition_recombine_pseudolabel,0.25,0.85,random_forest,4,316,51,1.1613924050632911,True,0.85,0.85,0.85,reaction_role_concat,6144,random_forest,False,valid,spearman,0.8751757491537648,2,0.1,random,,
condition_recombine_pseudolabel__mult_0.25__sim_0.9__teacher_ridge__seed_0,condition_recombine_pseudolabel,0.25,0.9,ridge,0,316,25,1.0791139240506329,True,0.85,0.85,0.85,reaction_role_concat,6144,random_forest,False,valid,rmse,14.340801868305297,2,0.1,random,,
condition_recombine_pseudolabel__mult_0.25__sim_0.9__teacher_ridge__seed_0,condition_recombine_pseudolabel,0.25,0.9,ridge,0,316,25,1.0791139240506329,True,0.85,0.85,0.85,reaction_role_concat,6144,random_forest,False,valid,mae,10.178277729409405,2,0.1,random,,
condition_recombine_pseudolabel__mult_0.25__sim_0.9__teacher_ridge__seed_0,condition_recombine_pseudolabel,0.25,0.9,ridge,0,316,25,1.0791139240506329,True,0.85,0.85,0.85,reaction_role_concat,6144,random_forest,False,valid,r2,0.7320092337770598,2,0.1,random,,
condition_recombine_pseudolabel__mult_0.25__sim_0.9__teacher_ridge__seed_0,condition_recombine_pseudolabel,0.25,0.9,ridge,0,316,25,1.0791139240506329,True,0.85,0.85,0.85,reaction_role_concat,6144,random_forest,False,valid,spearman,0.8635538018009555,2,0.1,random,,
condition_recombine_pseudolabel__mult_0.25__sim_0.9__teacher_ridge__seed_1,condition_recombine_pseudolabel,0.25,0.9,ridge,1,316,24,1.0759493670886076,True,0.85,0.85,0.85,reaction_role_concat,6144,random_forest,False,valid,rmse,14.140298378415354,2,0.1,random,,
condition_recombine_pseudolabel__mult_0.25__sim_0.9__teacher_ridge__seed_1,condition_recombine_pseudolabel,0.25,0.9,ridge,1,316,24,1.0759493670886076,True,0.85,0.85,0.85,reaction_role_concat,6144,random_forest,False,valid,mae,10.060228707052485,2,0.1,random,,
condition_recombine_pseudolabel__mult_0.25__sim_0.9__teacher_ridge__seed_1,condition_recombine_pseudolabel,0.25,0.9,ridge,1,316,24,1.0759493670886076,True,0.85,0.85,0.85,reaction_role_concat,6144,random_forest,False,valid,r2,0.7394505825070574,2,0.1,random,,
condition_recombine_pseudolabel__mult_0.25__sim_0.9__teacher_ridge__seed_1,condition_recombine_pseudolabel,0.25,0.9,ridge,1,316,24,1.0759493670886076,True,0.85,0.85,0.85,reaction_role_concat,6144,random_forest,False,valid,spearman,0.8670182645427174,2,0.1,random,,
condition_recombine_pseudolabel__mult_0.25__sim_0.9__teacher_ridge__seed_2,condition_recombine_pseudolabel,0.25,0.9,ridge,2,316,17,1.0537974683544304,True,0.85,0.85,0.85,reaction_role_concat,6144,random_forest,False,valid,rmse,13.995482646744206,2,0.1,random,,
condition_recombine_pseudolabel__mult_0.25__sim_0.9__teacher_ridge__seed_2,condition_recombine_pseudolabel,0.25,0.9,ridge,2,316,17,1.0537974683544304,True,0.85,0.85,0.85,reaction_role_concat,6144,random_forest,False,valid,mae,9.972933456770228,2,0.1,random,,
condition_recombine_pseudolabel__mult_0.25__sim_0.9__teacher_ridge__seed_2,condition_recombine_pseudolabel,0.25,0.9,ridge,2,316,17,1.0537974683544304,True,0.85,0.85,0.85,reaction_role_concat,6144,random_forest,False,valid,r2,0.7447600097912062,2,0.1,random,,
condition_recombine_pseudolabel__mult_0.25__sim_0.9__teacher_ridge__seed_2,condition_recombine_pseudolabel,0.25,0.9,ridge,2,316,17,1.0537974683544304,True,0.85,0.85,0.85,reaction_role_concat,6144,random_forest,False,valid,spearman,0.8754481780996209,2,0.1,random,,
condition_recombine_pseudolabel__mult_0.25__sim_0.9__teacher_ridge__seed_3,condition_recombine_pseudolabel,0.25,0.9,ridge,3,316,25,1.0791139240506329,True,0.85,0.85,0.85,reaction_role_concat,6144,random_forest,False,valid,rmse,14.49541279681181,2,0.1,random,,
condition_recombine_pseudolabel__mult_0.25__sim_0.9__teacher_ridge__seed_3,condition_recombine_pseudolabel,0.25,0.9,ridge,3,316,25,1.0791139240506329,True,0.85,0.85,0.85,reaction_role_concat,6144,random_forest,False,valid,mae,10.26449754913472,2,0.1,random,,
condition_recombine_pseudolabel__mult_0.25__sim_0.9__teacher_ridge__seed_3,condition_recombine_pseudolabel,0.25,0.9,ridge,3,316,25,1.0791139240506329,True,0.85,0.85,0.85,reaction_role_concat,6144,random_forest,False,valid,r2,0.7261995646743851,2,0.1,random,,
condition_recombine_pseudolabel__mult_0.25__sim_0.9__teacher_ridge__seed_3,condition_recombine_pseudolabel,0.25,0.9,ridge,3,316,25,1.0791139240506329,True,0.85,0.85,0.85,reaction_role_concat,6144,random_forest,False,valid,spearman,0.8609148046070734,2,0.1,random,,
condition_recombine_pseudolabel__mult_0.25__sim_0.9__teacher_ridge__seed_4,condition_recombine_pseudolabel,0.25,0.9,ridge,4,316,21,1.0664556962025316,True,0.8500000000000001,0.85,0.85,reaction_role_concat,6144,random_forest,False,valid,rmse,14.359771600088411,2,0.1,random,,
condition_recombine_pseudolabel__mult_0.25__sim_0.9__teacher_ridge__seed_4,condition_recombine_pseudolabel,0.25,0.9,ridge,4,316,21,1.0664556962025316,True,0.8500000000000001,0.85,0.85,reaction_role_concat,6144,random_forest,False,valid,mae,10.136501928973047,2,0.1,random,,
condition_recombine_pseudolabel__mult_0.25__sim_0.9__teacher_ridge__seed_4,condition_recombine_pseudolabel,0.25,0.9,ridge,4,316,21,1.0664556962025316,True,0.8500000000000001,0.85,0.85,reaction_role_concat,6144,random_forest,False,valid,r2,0.7312997789892075,2,0.1,random,,
condition_recombine_pseudolabel__mult_0.25__sim_0.9__teacher_ridge__seed_4,condition_recombine_pseudolabel,0.25,0.9,ridge,4,316,21,1.0664556962025316,True,0.8500000000000001,0.85,0.85,reaction_role_concat,6144,random_forest,False,valid,spearman,0.8645566674701182,2,0.1,random,,
condition_recombine_pseudolabel__mult_0.25__sim_0.9__teacher_rf__seed_0,condition_recombine_pseudolabel,0.25,0.9,random_forest,0,316,25,1.0791139240506329,True,0.85,0.85,0.85,reaction_role_concat,6144,random_forest,False,valid,rmse,14.405902612746564,2,0.1,random,,
condition_recombine_pseudolabel__mult_0.25__sim_0.9__teacher_rf__seed_0,condition_recombine_pseudolabel,0.25,0.9,random_forest,0,316,25,1.0791139240506329,True,0.85,0.85,0.85,reaction_role_concat,6144,random_forest,False,valid,mae,10.156772984959655,2,0.1,random,,
condition_recombine_pseudolabel__mult_0.25__sim_0.9__teacher_rf__seed_0,condition_recombine_pseudolabel,0.25,0.9,random_forest,0,316,25,1.0791139240506329,True,0.85,0.85,0.85,reaction_role_concat,6144,random_forest,False,valid,r2,0.7295705977903126,2,0.1,random,,
condition_recombine_pseudolabel__mult_0.25__sim_0.9__teacher_rf__seed_0,condition_recombine_pseudolabel,0.25,0.9,random_forest,0,316,25,1.0791139240506329,True,0.85,0.85,0.85,reaction_role_concat,6144,random_forest,False,valid,spearman,0.8633339502785312,2,0.1,random,,
condition_recombine_pseudolabel__mult_0.25__sim_0.9__teacher_rf__seed_1,condition_recombine_pseudolabel,0.25,0.9,random_forest,1,316,24,1.0759493670886076,True,0.85,0.85,0.85,reaction_role_concat,6144,random_forest,False,valid,rmse,13.878471169396366,2,0.1,random,,
condition_recombine_pseudolabel__mult_0.25__sim_0.9__teacher_rf__seed_1,condition_recombine_pseudolabel,0.25,0.9,random_forest,1,316,24,1.0759493670886076,True,0.85,0.85,0.85,reaction_role_concat,6144,random_forest,False,valid,mae,9.890318689810325,2,0.1,random,,
condition_recombine_pseudolabel__mult_0.25__sim_0.9__teacher_rf__seed_1,condition_recombine_pseudolabel,0.25,0.9,random_forest,1,316,24,1.0759493670886076,True,0.85,0.85,0.85,reaction_role_concat,6144,random_forest,False,valid,r2,0.749010118102136,2,0.1,random,,
condition_recombine_pseudolabel__mult_0.25__sim_0.9__teacher_rf__seed_1,condition_recombine_pseudolabel,0.25,0.9,random_forest,1,316,24,1.0759493670886076,True,0.85,0.85,0.85,reaction_role_concat,6144,random_forest,False,valid,spearman,0.8714855929536419,2,0.1,random,,
condition_recombine_pseudolabel__mult_0.25__sim_0.9__teacher_rf__seed_2,condition_recombine_pseudolabel,0.25,0.9,random_forest,2,316,17,1.0537974683544304,True,0.85,0.85,0.85,reaction_role_concat,6144,random_forest,False,valid,rmse,13.88360692993236,2,0.1,random,,
condition_recombine_pseudolabel__mult_0.25__sim_0.9__teacher_rf__seed_2,condition_recombine_pseudolabel,0.25,0.9,random_forest,2,316,17,1.0537974683544304,True,0.85,0.85,0.85,reaction_role_concat,6144,random_forest,False,valid,mae,9.936062485596047,2,0.1,random,,
condition_recombine_pseudolabel__mult_0.25__sim_0.9__teacher_rf__seed_2,condition_recombine_pseudolabel,0.25,0.9,random_forest,2,316,17,1.0537974683544304,True,0.85,0.85,0.85,reaction_role_concat,6144,random_forest,False,valid,r2,0.7488243249527609,2,0.1,random,,
condition_recombine_pseudolabel__mult_0.25__sim_0.9__teacher_rf__seed_2,condition_recombine_pseudolabel,0.25,0.9,random_forest,2,316,17,1.0537974683544304,True,0.85,0.85,0.85,reaction_role_concat,6144,random_forest,False,valid,spearman,0.8751268716230931,2,0.1,random,,
condition_recombine_pseudolabel__mult_0.25__sim_0.9__teacher_rf__seed_3,condition_recombine_pseudolabel,0.25,0.9,random_forest,3,316,25,1.0791139240506329,True,0.85,0.85,0.85,reaction_role_concat,6144,random_forest,False,valid,rmse,14.758730593842118,2,0.1,random,,
condition_recombine_pseudolabel__mult_0.25__sim_0.9__teacher_rf__seed_3,condition_recombine_pseudolabel,0.25,0.9,random_forest,3,316,25,1.0791139240506329,True,0.85,0.85,0.85,reaction_role_concat,6144,random_forest,False,valid,mae,10.369398953709421,2,0.1,random,,
condition_recombine_pseudolabel__mult_0.25__sim_0.9__teacher_rf__seed_3,condition_recombine_pseudolabel,0.25,0.9,random_forest,3,316,25,1.0791139240506329,True,0.85,0.85,0.85,reaction_role_concat,6144,random_forest,False,valid,r2,0.716161717993917,2,0.1,random,,
condition_recombine_pseudolabel__mult_0.25__sim_0.9__teacher_rf__seed_3,condition_recombine_pseudolabel,0.25,0.9,random_forest,3,316,25,1.0791139240506329,True,0.85,0.85,0.85,reaction_role_concat,6144,random_forest,False,valid,spearman,0.8540608506347395,2,0.1,random,,
condition_recombine_pseudolabel__mult_0.25__sim_0.9__teacher_rf__seed_4,condition_recombine_pseudolabel,0.25,0.9,random_forest,4,316,21,1.0664556962025316,True,0.8500000000000001,0.85,0.85,reaction_role_concat,6144,random_forest,False,valid,rmse,14.054793123412386,2,0.1,random,,
condition_recombine_pseudolabel__mult_0.25__sim_0.9__teacher_rf__seed_4,condition_recombine_pseudolabel,0.25,0.9,random_forest,4,316,21,1.0664556962025316,True,0.8500000000000001,0.85,0.85,reaction_role_concat,6144,random_forest,False,valid,mae,9.971905643730222,2,0.1,random,,
condition_recombine_pseudolabel__mult_0.25__sim_0.9__teacher_rf__seed_4,condition_recombine_pseudolabel,0.25,0.9,random_forest,4,316,21,1.0664556962025316,True,0.8500000000000001,0.85,0.85,reaction_role_concat,6144,random_forest,False,valid,r2,0.7425920984927286,2,0.1,random,,
condition_recombine_pseudolabel__mult_0.25__sim_0.9__teacher_rf__seed_4,condition_recombine_pseudolabel,0.25,0.9,random_forest,4,316,21,1.0664556962025316,True,0.8500000000000001,0.85,0.85,reaction_role_concat,6144,random_forest,False,valid,spearman,0.8703259686701732,2,0.1,random,,
condition_recombine_pseudolabel__mult_0.25__sim_0.95__teacher_ridge__seed_0,condition_recombine_pseudolabel,0.25,0.95,ridge,0,316,0,1.0,True,,,,reaction_role_concat,6144,random_forest,False,valid,rmse,14.471259460462234,2,0.1,random,,
condition_recombine_pseudolabel__mult_0.25__sim_0.95__teacher_ridge__seed_0,condition_recombine_pseudolabel,0.25,0.95,ridge,0,316,0,1.0,True,,,,reaction_role_concat,6144,random_forest,False,valid,mae,10.225675690967824,2,0.1,random,,
condition_recombine_pseudolabel__mult_0.25__sim_0.95__teacher_ridge__seed_0,condition_recombine_pseudolabel,0.25,0.95,ridge,0,316,0,1.0,True,,,,reaction_role_concat,6144,random_forest,False,valid,r2,0.7271112578288355,2,0.1,random,,
condition_recombine_pseudolabel__mult_0.25__sim_0.95__teacher_ridge__seed_0,condition_recombine_pseudolabel,0.25,0.95,ridge,0,316,0,1.0,True,,,,reaction_role_concat,6144,random_forest,False,valid,spearman,0.8613827436756167,2,0.1,random,,
condition_recombine_pseudolabel__mult_0.25__sim_0.95__teacher_ridge__seed_1,condition_recombine_pseudolabel,0.25,0.95,ridge,1,316,0,1.0,True,,,,reaction_role_concat,6144,random_forest,False,valid,rmse,14.471259460462234,2,0.1,random,,
condition_recombine_pseudolabel__mult_0.25__sim_0.95__teacher_ridge__seed_1,condition_recombine_pseudolabel,0.25,0.95,ridge,1,316,0,1.0,True,,,,reaction_role_concat,6144,random_forest,False,valid,mae,10.225675690967824,2,0.1,random,,
condition_recombine_pseudolabel__mult_0.25__sim_0.95__teacher_ridge__seed_1,condition_recombine_pseudolabel,0.25,0.95,ridge,1,316,0,1.0,True,,,,reaction_role_concat,6144,random_forest,False,valid,r2,0.7271112578288355,2,0.1,random,,
condition_recombine_pseudolabel__mult_0.25__sim_0.95__teacher_ridge__seed_1,condition_recombine_pseudolabel,0.25,0.95,ridge,1,316,0,1.0,True,,,,reaction_role_concat,6144,random_forest,False,valid,spearman,0.8613827436756167,2,0.1,random,,
condition_recombine_pseudolabel__mult_0.25__sim_0.95__teacher_ridge__seed_2,condition_recombine_pseudolabel,0.25,0.95,ridge,2,316,0,1.0,True,,,,reaction_role_concat,6144,random_forest,False,valid,rmse,14.471259460462234,2,0.1,random,,
condition_recombine_pseudolabel__mult_0.25__sim_0.95__teacher_ridge__seed_2,condition_recombine_pseudolabel,0.25,0.95,ridge,2,316,0,1.0,True,,,,reaction_role_concat,6144,random_forest,False,valid,mae,10.225675690967824,2,0.1,random,,
condition_recombine_pseudolabel__mult_0.25__sim_0.95__teacher_ridge__seed_2,condition_recombine_pseudolabel,0.25,0.95,ridge,2,316,0,1.0,True,,,,reaction_role_concat,6144,random_forest,False,valid,r2,0.7271112578288355,2,0.1,random,,
condition_recombine_pseudolabel__mult_0.25__sim_0.95__teacher_ridge__seed_2,condition_recombine_pseudolabel,0.25,0.95,ridge,2,316,0,1.0,True,,,,reaction_role_concat,6144,random_forest,False,valid,spearman,0.8613827436756167,2,0.1,random,,
condition_recombine_pseudolabel__mult_0.25__sim_0.95__teacher_ridge__seed_3,condition_recombine_pseudolabel,0.25,0.95,ridge,3,316,0,1.0,True,,,,reaction_role_concat,6144,random_forest,False,valid,rmse,14.471259460462234,2,0.1,random,,
condition_recombine_pseudolabel__mult_0.25__sim_0.95__teacher_ridge__seed_3,condition_recombine_pseudolabel,0.25,0.95,ridge,3,316,0,1.0,True,,,,reaction_role_concat,6144,random_forest,False,valid,mae,10.225675690967824,2,0.1,random,,
condition_recombine_pseudolabel__mult_0.25__sim_0.95__teacher_ridge__seed_3,condition_recombine_pseudolabel,0.25,0.95,ridge,3,316,0,1.0,True,,,,reaction_role_concat,6144,random_forest,False,valid,r2,0.7271112578288355,2,0.1,random,,
condition_recombine_pseudolabel__mult_0.25__sim_0.95__teacher_ridge__seed_3,condition_recombine_pseudolabel,0.25,0.95,ridge,3,316,0,1.0,True,,,,reaction_role_concat,6144,random_forest,False,valid,spearman,0.8613827436756167,2,0.1,random,,
condition_recombine_pseudolabel__mult_0.25__sim_0.95__teacher_ridge__seed_4,condition_recombine_pseudolabel,0.25,0.95,ridge,4,316,0,1.0,True,,,,reaction_role_concat,6144,random_forest,False,valid,rmse,14.471259460462234,2,0.1,random,,
condition_recombine_pseudolabel__mult_0.25__sim_0.95__teacher_ridge__seed_4,condition_recombine_pseudolabel,0.25,0.95,ridge,4,316,0,1.0,True,,,,reaction_role_concat,6144,random_forest,False,valid,mae,10.225675690967824,2,0.1,random,,
condition_recombine_pseudolabel__mult_0.25__sim_0.95__teacher_ridge__seed_4,condition_recombine_pseudolabel,0.25,0.95,ridge,4,316,0,1.0,True,,,,reaction_role_concat,6144,random_forest,False,valid,r2,0.7271112578288355,2,0.1,random,,
condition_recombine_pseudolabel__mult_0.25__sim_0.95__teacher_ridge__seed_4,condition_recombine_pseudolabel,0.25,0.95,ridge,4,316,0,1.0,True,,,,reaction_role_concat,6144,random_forest,False,valid,spearman,0.8613827436756167,2,0.1,random,,
condition_recombine_pseudolabel__mult_0.25__sim_0.95__teacher_rf__seed_0,condition_recombine_pseudolabel,0.25,0.95,random_forest,0,316,0,1.0,True,,,,reaction_role_concat,6144,random_forest,False,valid,rmse,14.471259460462234,2,0.1,random,,
condition_recombine_pseudolabel__mult_0.25__sim_0.95__teacher_rf__seed_0,condition_recombine_pseudolabel,0.25,0.95,random_forest,0,316,0,1.0,True,,,,reaction_role_concat,6144,random_forest,False,valid,mae,10.225675690967824,2,0.1,random,,
condition_recombine_pseudolabel__mult_0.25__sim_0.95__teacher_rf__seed_0,condition_recombine_pseudolabel,0.25,0.95,random_forest,0,316,0,1.0,True,,,,reaction_role_concat,6144,random_forest,False,valid,r2,0.7271112578288355,2,0.1,random,,
condition_recombine_pseudolabel__mult_0.25__sim_0.95__teacher_rf__seed_0,condition_recombine_pseudolabel,0.25,0.95,random_forest,0,316,0,1.0,True,,,,reaction_role_concat,6144,random_forest,False,valid,spearman,0.8613827436756167,2,0.1,random,,
condition_recombine_pseudolabel__mult_0.25__sim_0.95__teacher_rf__seed_1,condition_recombine_pseudolabel,0.25,0.95,random_forest,1,316,0,1.0,True,,,,reaction_role_concat,6144,random_forest,False,valid,rmse,14.471259460462234,2,0.1,random,,
condition_recombine_pseudolabel__mult_0.25__sim_0.95__teacher_rf__seed_1,condition_recombine_pseudolabel,0.25,0.95,random_forest,1,316,0,1.0,True,,,,reaction_role_concat,6144,random_forest,False,valid,mae,10.225675690967824,2,0.1,random,,
condition_recombine_pseudolabel__mult_0.25__sim_0.95__teacher_rf__seed_1,condition_recombine_pseudolabel,0.25,0.95,random_forest,1,316,0,1.0,True,,,,reaction_role_concat,6144,random_forest,False,valid,r2,0.7271112578288355,2,0.1,random,,
condition_recombine_pseudolabel__mult_0.25__sim_0.95__teacher_rf__seed_1,condition_recombine_pseudolabel,0.25,0.95,random_forest,1,316,0,1.0,True,,,,reaction_role_concat,6144,random_forest,False,valid,spearman,0.8613827436756167,2,0.1,random,,
condition_recombine_pseudolabel__mult_0.25__sim_0.95__teacher_rf__seed_2,condition_recombine_pseudolabel,0.25,0.95,random_forest,2,316,0,1.0,True,,,,reaction_role_concat,6144,random_forest,False,valid,rmse,14.471259460462234,2,0.1,random,,
condition_recombine_pseudolabel__mult_0.25__sim_0.95__teacher_rf__seed_2,condition_recombine_pseudolabel,0.25,0.95,random_forest,2,316,0,1.0,True,,,,reaction_role_concat,6144,random_forest,False,valid,mae,10.225675690967824,2,0.1,random,,
condition_recombine_pseudolabel__mult_0.25__sim_0.95__teacher_rf__seed_2,condition_recombine_pseudolabel,0.25,0.95,random_forest,2,316,0,1.0,True,,,,reaction_role_concat,6144,random_forest,False,valid,r2,0.7271112578288355,2,0.1,random,,
condition_recombine_pseudolabel__mult_0.25__sim_0.95__teacher_rf__seed_2,condition_recombine_pseudolabel,0.25,0.95,random_forest,2,316,0,1.0,True,,,,reaction_role_concat,6144,random_forest,False,valid,spearman,0.8613827436756167,2,0.1,random,,
condition_recombine_pseudolabel__mult_0.25__sim_0.95__teacher_rf__seed_3,condition_recombine_pseudolabel,0.25,0.95,random_forest,3,316,0,1.0,True,,,,reaction_role_concat,6144,random_forest,False,valid,rmse,14.471259460462234,2,0.1,random,,
condition_recombine_pseudolabel__mult_0.25__sim_0.95__teacher_rf__seed_3,condition_recombine_pseudolabel,0.25,0.95,random_forest,3,316,0,1.0,True,,,,reaction_role_concat,6144,random_forest,False,valid,mae,10.225675690967824,2,0.1,random,,
condition_recombine_pseudolabel__mult_0.25__sim_0.95__teacher_rf__seed_3,condition_recombine_pseudolabel,0.25,0.95,random_forest,3,316,0,1.0,True,,,,reaction_role_concat,6144,random_forest,False,valid,r2,0.7271112578288355,2,0.1,random,,
condition_recombine_pseudolabel__mult_0.25__sim_0.95__teacher_rf__seed_3,condition_recombine_pseudolabel,0.25,0.95,random_forest,3,316,0,1.0,True,,,,reaction_role_concat,6144,random_forest,False,valid,spearman,0.8613827436756167,2,0.1,random,,
condition_recombine_pseudolabel__mult_0.25__sim_0.95__teacher_rf__seed_4,condition_recombine_pseudolabel,0.25,0.95,random_forest,4,316,0,1.0,True,,,,reaction_role_concat,6144,random_forest,False,valid,rmse,14.471259460462234,2,0.1,random,,
condition_recombine_pseudolabel__mult_0.25__sim_0.95__teacher_rf__seed_4,condition_recombine_pseudolabel,0.25,0.95,random_forest,4,316,0,1.0,True,,,,reaction_role_concat,6144,random_forest,False,valid,mae,10.225675690967824,2,0.1,random,,
condition_recombine_pseudolabel__mult_0.25__sim_0.95__teacher_rf__seed_4,condition_recombine_pseudolabel,0.25,0.95,random_forest,4,316,0,1.0,True,,,,reaction_role_concat,6144,random_forest,False,valid,r2,0.7271112578288355,2,0.1,random,,
condition_recombine_pseudolabel__mult_0.25__sim_0.95__teacher_rf__seed_4,condition_recombine_pseudolabel,0.25,0.95,random_forest,4,316,0,1.0,True,,,,reaction_role_concat,6144,random_forest,False,valid,spearman,0.8613827436756167,2,0.1,random,,
condition_recombine_pseudolabel__mult_0.5__sim_0.7__teacher_ridge__seed_0,condition_recombine_pseudolabel,0.5,0.7,ridge,0,316,158,1.5,True,0.8420609364026708,0.75,0.85,reaction_role_concat,6144,random_forest,False,valid,rmse,13.988078736567644,2,0.1,random,,
condition_recombine_pseudolabel__mult_0.5__sim_0.7__teacher_ridge__seed_0,condition_recombine_pseudolabel,0.5,0.7,ridge,0,316,158,1.5,True,0.8420609364026708,0.75,0.85,reaction_role_concat,6144,random_forest,False,valid,mae,10.1969288716784,2,0.1,random,,
condition_recombine_pseudolabel__mult_0.5__sim_0.7__teacher_ridge__seed_0,condition_recombine_pseudolabel,0.5,0.7,ridge,0,316,158,1.5,True,0.8420609364026708,0.75,0.85,reaction_role_concat,6144,random_forest,False,valid,r2,0.7450299932055979,2,0.1,random,,
condition_recombine_pseudolabel__mult_0.5__sim_0.7__teacher_ridge__seed_0,condition_recombine_pseudolabel,0.5,0.7,ridge,0,316,158,1.5,True,0.8420609364026708,0.75,0.85,reaction_role_concat,6144,random_forest,False,valid,spearman,0.8699417640167252,2,0.1,random,,
condition_recombine_pseudolabel__mult_0.5__sim_0.7__teacher_ridge__seed_1,condition_recombine_pseudolabel,0.5,0.7,ridge,1,316,158,1.5,True,0.8416430735889867,0.7631579041481018,0.85,reaction_role_concat,6144,random_forest,False,valid,rmse,14.030511607247957,2,0.1,random,,
condition_recombine_pseudolabel__mult_0.5__sim_0.7__teacher_ridge__seed_1,condition_recombine_pseudolabel,0.5,0.7,ridge,1,316,158,1.5,True,0.8416430735889867,0.7631579041481018,0.85,reaction_role_concat,6144,random_forest,False,valid,mae,10.203603117192094,2,0.1,random,,
condition_recombine_pseudolabel__mult_0.5__sim_0.7__teacher_ridge__seed_1,condition_recombine_pseudolabel,0.5,0.7,ridge,1,316,158,1.5,True,0.8416430735889867,0.7631579041481018,0.85,reaction_role_concat,6144,random_forest,False,valid,r2,0.7434807426720714,2,0.1,random,,
condition_recombine_pseudolabel__mult_0.5__sim_0.7__teacher_ridge__seed_1,condition_recombine_pseudolabel,0.5,0.7,ridge,1,316,158,1.5,True,0.8416430735889867,0.7631579041481018,0.85,reaction_role_concat,6144,random_forest,False,valid,spearman,0.8667970499019079,2,0.1,random,,
condition_recombine_pseudolabel__mult_0.5__sim_0.7__teacher_ridge__seed_2,condition_recombine_pseudolabel,0.5,0.7,ridge,2,316,158,1.5,True,0.843315185172648,0.7848101258277893,0.85,reaction_role_concat,6144,random_forest,False,valid,rmse,14.073567608746442,2,0.1,random,,
condition_recombine_pseudolabel__mult_0.5__sim_0.7__teacher_ridge__seed_2,condition_recombine_pseudolabel,0.5,0.7,ridge,2,316,158,1.5,True,0.843315185172648,0.7848101258277893,0.85,reaction_role_concat,6144,random_forest,False,valid,mae,10.287797855429258,2,0.1,random,,
condition_recombine_pseudolabel__mult_0.5__sim_0.7__teacher_ridge__seed_2,condition_recombine_pseudolabel,0.5,0.7,ridge,2,316,158,1.5,True,0.843315185172648,0.7848101258277893,0.85,reaction_role_concat,6144,random_forest,False,valid,r2,0.7419039448349549,2,0.1,random,,
condition_recombine_pseudolabel__mult_0.5__sim_0.7__teacher_ridge__seed_2,condition_recombine_pseudolabel,0.5,0.7,ridge,2,316,158,1.5,True,0.843315185172648,0.7848101258277893,0.85,reaction_role_concat,6144,random_forest,False,valid,spearman,0.8697557957227346,2,0.1,random,,
condition_recombine_pseudolabel__mult_0.5__sim_0.7__teacher_ridge__seed_3,condition_recombine_pseudolabel,0.5,0.7,ridge,3,316,158,1.5,True,0.8415634534027001,0.7718120813369751,0.85,reaction_role_concat,6144,random_forest,False,valid,rmse,13.876214072727864,2,0.1,random,,
condition_recombine_pseudolabel__mult_0.5__sim_0.7__teacher_ridge__seed_3,condition_recombine_pseudolabel,0.5,0.7,ridge,3,316,158,1.5,True,0.8415634534027001,0.7718120813369751,0.85,reaction_role_concat,6144,random_forest,False,valid,mae,10.118888463983806,2,0.1,random,,
condition_recombine_pseudolabel__mult_0.5__sim_0.7__teacher_ridge__seed_3,condition_recombine_pseudolabel,0.5,0.7,ridge,3,316,158,1.5,True,0.8415634534027001,0.7718120813369751,0.85,reaction_role_concat,6144,random_forest,False,valid,r2,0.7490917499119913,2,0.1,random,,
condition_recombine_pseudolabel__mult_0.5__sim_0.7__teacher_ridge__seed_3,condition_recombine_pseudolabel,0.5,0.7,ridge,3,316,158,1.5,True,0.8415634534027001,0.7718120813369751,0.85,reaction_role_concat,6144,random_forest,False,valid,spearman,0.8701540210224312,2,0.1,random,,
condition_recombine_pseudolabel__mult_0.5__sim_0.7__teacher_ridge__seed_4,condition_recombine_pseudolabel,0.5,0.7,ridge,4,316,158,1.5,True,0.8427629936345015,0.75,0.85,reaction_role_concat,6144,random_forest,False,valid,rmse,13.726414491712253,2,0.1,random,,
condition_recombine_pseudolabel__mult_0.5__sim_0.7__teacher_ridge__seed_4,condition_recombine_pseudolabel,0.5,0.7,ridge,4,316,158,1.5,True,0.8427629936345015,0.75,0.85,reaction_role_concat,6144,random_forest,False,valid,mae,9.974572363403778,2,0.1,random,,
condition_recombine_pseudolabel__mult_0.5__sim_0.7__teacher_ridge__seed_4,condition_recombine_pseudolabel,0.5,0.7,ridge,4,316,158,1.5,True,0.8427629936345015,0.75,0.85,reaction_role_concat,6144,random_forest,False,valid,r2,0.7544798294628753,2,0.1,random,,
condition_recombine_pseudolabel__mult_0.5__sim_0.7__teacher_ridge__seed_4,condition_recombine_pseudolabel,0.5,0.7,ridge,4,316,158,1.5,True,0.8427629936345015,0.75,0.85,reaction_role_concat,6144,random_forest,False,valid,spearman,0.8762496917101595,2,0.1,random,,
condition_recombine_pseudolabel__mult_0.5__sim_0.7__teacher_rf__seed_0,condition_recombine_pseudolabel,0.5,0.7,random_forest,0,316,158,1.5,True,0.8420609364026708,0.75,0.85,reaction_role_concat,6144,random_forest,False,valid,rmse,13.898264245818826,2,0.1,random,,
condition_recombine_pseudolabel__mult_0.5__sim_0.7__teacher_rf__seed_0,condition_recombine_pseudolabel,0.5,0.7,random_forest,0,316,158,1.5,True,0.8420609364026708,0.75,0.85,reaction_role_concat,6144,random_forest,False,valid,mae,9.992662400914899,2,0.1,random,,
condition_recombine_pseudolabel__mult_0.5__sim_0.7__teacher_rf__seed_0,condition_recombine_pseudolabel,0.5,0.7,random_forest,0,316,158,1.5,True,0.8420609364026708,0.75,0.85,reaction_role_concat,6144,random_forest,False,valid,r2,0.7482936984959878,2,0.1,random,,
condition_recombine_pseudolabel__mult_0.5__sim_0.7__teacher_rf__seed_0,condition_recombine_pseudolabel,0.5,0.7,random_forest,0,316,158,1.5,True,0.8420609364026708,0.75,0.85,reaction_role_concat,6144,random_forest,False,valid,spearman,0.8739238222824937,2,0.1,random,,
condition_recombine_pseudolabel__mult_0.5__sim_0.7__teacher_rf__seed_1,condition_recombine_pseudolabel,0.5,0.7,random_forest,1,316,158,1.5,True,0.8416430735889867,0.7631579041481018,0.85,reaction_role_concat,6144,random_forest,False,valid,rmse,13.591711660922325,2,0.1,random,,
condition_recombine_pseudolabel__mult_0.5__sim_0.7__teacher_rf__seed_1,condition_recombine_pseudolabel,0.5,0.7,random_forest,1,316,158,1.5,True,0.8416430735889867,0.7631579041481018,0.85,reaction_role_concat,6144,random_forest,False,valid,mae,9.706429075357281,2,0.1,random,,
condition_recombine_pseudolabel__mult_0.5__sim_0.7__teacher_rf__seed_1,condition_recombine_pseudolabel,0.5,0.7,random_forest,1,316,158,1.5,True,0.8416430735889867,0.7631579041481018,0.85,reaction_role_concat,6144,random_forest,False,valid,r2,0.7592749616945895,2,0.1,random,,
condition_recombine_pseudolabel__mult_0.5__sim_0.7__teacher_rf__seed_1,condition_recombine_pseudolabel,0.5,0.7,random_forest,1,316,158,1.5,True,0.8416430735889867,0.7631579041481018,0.85,reaction_role_concat,6144,random_forest,False,valid,spearman,0.8772367841522927,2,0.1,random,,
condition_recombine_pseudolabel__mult_0.5__sim_0.7__teacher_rf__seed_2,condition_recombine_pseudolabel,0.5,0.7,random_forest,2,316,158,1.5,True,0.843315185172648,0.7848101258277893,0.85,reaction_role_concat,6144,random_forest,False,valid,rmse,14.093637756783245,2,0.1,random,,
condition_recombine_pseudolabel__mult_0.5__sim_0.7__teacher_rf__seed_2,condition_recombine_pseudolabel,0.5,0.7,random_forest,2,316,158,1.5,True,0.843315185172648,0.7848101258277893,0.85,reaction_role_concat,6144,random_forest,False,valid,mae,10.11335099927534,2,0.1,random,,
condition_recombine_pseudolabel__mult_0.5__sim_0.7__teacher_rf__seed_2,condition_recombine_pseudolabel,0.5,0.7,random_forest,2,316,158,1.5,True,0.843315185172648,0.7848101258277893,0.85,reaction_role_concat,6144,random_forest,False,valid,r2,0.7411672844847341,2,0.1,random,,
condition_recombine_pseudolabel__mult_0.5__sim_0.7__teacher_rf__seed_2,condition_recombine_pseudolabel,0.5,0.7,random_forest,2,316,158,1.5,True,0.843315185172648,0.7848101258277893,0.85,reaction_role_concat,6144,random_forest,False,valid,spearman,0.868351589054709,2,0.1,random,,
condition_recombine_pseudolabel__mult_0.5__sim_0.7__teacher_rf__seed_3,condition_recombine_pseudolabel,0.5,0.7,random_forest,3,316,158,1.5,True,0.8415634534027001,0.7718120813369751,0.85,reaction_role_concat,6144,random_forest,False,valid,rmse,13.807892917389685,2,0.1,random,,
condition_recombine_pseudolabel__mult_0.5__sim_0.7__teacher_rf__seed_3,condition_recombine_pseudolabel,0.5,0.7,random_forest,3,316,158,1.5,True,0.8415634534027001,0.7718120813369751,0.85,reaction_role_concat,6144,random_forest,False,valid,mae,9.853382752762187,2,0.1,random,,
condition_recombine_pseudolabel__mult_0.5__sim_0.7__teacher_rf__seed_3,condition_recombine_pseudolabel,0.5,0.7,random_forest,3,316,158,1.5,True,0.8415634534027001,0.7718120813369751,0.85,reaction_role_concat,6144,random_forest,False,valid,r2,0.7515564193503879,2,0.1,random,,
condition_recombine_pseudolabel__mult_0.5__sim_0.7__teacher_rf__seed_3,condition_recombine_pseudolabel,0.5,0.7,random_forest,3,316,158,1.5,True,0.8415634534027001,0.7718120813369751,0.85,reaction_role_concat,6144,random_forest,False,valid,spearman,0.8737949102294867,2,0.1,random,,
condition_recombine_pseudolabel__mult_0.5__sim_0.7__teacher_rf__seed_4,condition_recombine_pseudolabel,0.5,0.7,random_forest,4,316,158,1.5,True,0.8427629936345015,0.75,0.85,reaction_role_concat,6144,random_forest,False,valid,rmse,13.694696524218202,2,0.1,random,,
condition_recombine_pseudolabel__mult_0.5__sim_0.7__teacher_rf__seed_4,condition_recombine_pseudolabel,0.5,0.7,random_forest,4,316,158,1.5,True,0.8427629936345015,0.75,0.85,reaction_role_concat,6144,random_forest,False,valid,mae,9.754811986641037,2,0.1,random,,
condition_recombine_pseudolabel__mult_0.5__sim_0.7__teacher_rf__seed_4,condition_recombine_pseudolabel,0.5,0.7,random_forest,4,316,158,1.5,True,0.8427629936345015,0.75,0.85,reaction_role_concat,6144,random_forest,False,valid,r2,0.7556131776540649,2,0.1,random,,
condition_recombine_pseudolabel__mult_0.5__sim_0.7__teacher_rf__seed_4,condition_recombine_pseudolabel,0.5,0.7,random_forest,4,316,158,1.5,True,0.8427629936345015,0.75,0.85,reaction_role_concat,6144,random_forest,False,valid,spearman,0.8724452282968719,2,0.1,random,,
condition_recombine_pseudolabel__mult_0.5__sim_0.8__teacher_ridge__seed_0,condition_recombine_pseudolabel,0.5,0.8,ridge,0,316,150,1.4746835443037976,True,0.8451426009337105,0.803680956363678,0.85,reaction_role_concat,6144,random_forest,False,valid,rmse,14.313578116325846,2,0.1,random,,
condition_recombine_pseudolabel__mult_0.5__sim_0.8__teacher_ridge__seed_0,condition_recombine_pseudolabel,0.5,0.8,ridge,0,316,150,1.4746835443037976,True,0.8451426009337105,0.803680956363678,0.85,reaction_role_concat,6144,random_forest,False,valid,mae,10.402641813426078,2,0.1,random,,
condition_recombine_pseudolabel__mult_0.5__sim_0.8__teacher_ridge__seed_0,condition_recombine_pseudolabel,0.5,0.8,ridge,0,316,150,1.4746835443037976,True,0.8451426009337105,0.803680956363678,0.85,reaction_role_concat,6144,random_forest,False,valid,r2,0.7330257444767654,2,0.1,random,,
condition_recombine_pseudolabel__mult_0.5__sim_0.8__teacher_ridge__seed_0,condition_recombine_pseudolabel,0.5,0.8,ridge,0,316,150,1.4746835443037976,True,0.8451426009337105,0.803680956363678,0.85,reaction_role_concat,6144,random_forest,False,valid,spearman,0.8622000305131847,2,0.1,random,,
condition_recombine_pseudolabel__mult_0.5__sim_0.8__teacher_ridge__seed_1,condition_recombine_pseudolabel,0.5,0.8,ridge,1,316,154,1.4873417721518987,True,0.8432100663711497,0.8014184236526489,0.85,reaction_role_concat,6144,random_forest,False,valid,rmse,14.090539196491452,2,0.1,random,,
condition_recombine_pseudolabel__mult_0.5__sim_0.8__teacher_ridge__seed_1,condition_recombine_pseudolabel,0.5,0.8,ridge,1,316,154,1.4873417721518987,True,0.8432100663711497,0.8014184236526489,0.85,reaction_role_concat,6144,random_forest,False,valid,mae,10.304680927436564,2,0.1,random,,
condition_recombine_pseudolabel__mult_0.5__sim_0.8__teacher_ridge__seed_1,condition_recombine_pseudolabel,0.5,0.8,ridge,1,316,154,1.4873417721518987,True,0.8432100663711497,0.8014184236526489,0.85,reaction_role_concat,6144,random_forest,False,valid,r2,0.7412810834379114,2,0.1,random,,
condition_recombine_pseudolabel__mult_0.5__sim_0.8__teacher_ridge__seed_1,condition_recombine_pseudolabel,0.5,0.8,ridge,1,316,154,1.4873417721518987,True,0.8432100663711497,0.8014184236526489,0.85,reaction_role_concat,6144,random_forest,False,valid,spearman,0.8642532762637968,2,0.1,random,,
condition_recombine_pseudolabel__mult_0.5__sim_0.8__teacher_ridge__seed_2,condition_recombine_pseudolabel,0.5,0.8,ridge,2,316,155,1.490506329113924,True,0.8443380385829553,0.800000011920929,0.85,reaction_role_concat,6144,random_forest,False,valid,rmse,14.359646161758926,2,0.1,random,,
condition_recombine_pseudolabel__mult_0.5__sim_0.8__teacher_ridge__seed_2,condition_recombine_pseudolabel,0.5,0.8,ridge,2,316,155,1.490506329113924,True,0.8443380385829553,0.800000011920929,0.85,reaction_role_concat,6144,random_forest,False,valid,mae,10.423861113430577,2,0.1,random,,
condition_recombine_pseudolabel__mult_0.5__sim_0.8__teacher_ridge__seed_2,condition_recombine_pseudolabel,0.5,0.8,ridge,2,316,155,1.490506329113924,True,0.8443380385829553,0.800000011920929,0.85,reaction_role_concat,6144,random_forest,False,valid,r2,0.7313044733758007,2,0.1,random,,
condition_recombine_pseudolabel__mult_0.5__sim_0.8__teacher_ridge__seed_2,condition_recombine_pseudolabel,0.5,0.8,ridge,2,316,155,1.490506329113924,True,0.8443380385829553,0.800000011920929,0.85,reaction_role_concat,6144,random_forest,False,valid,spearman,0.860876053098692,2,0.1,random,,
condition_recombine_pseudolabel__mult_0.5__sim_0.8__teacher_ridge__seed_3,condition_recombine_pseudolabel,0.5,0.8,ridge,3,316,149,1.4715189873417722,True,0.8449192699169951,0.8040540814399719,0.85,reaction_role_concat,6144,random_forest,False,valid,rmse,13.90883823205146,2,0.1,random,,
condition_recombine_pseudolabel__mult_0.5__sim_0.8__teacher_ridge__seed_3,condition_recombine_pseudolabel,0.5,0.8,ridge,3,316,149,1.4715189873417722,True,0.8449192699169951,0.8040540814399719,0.85,reaction_role_concat,6144,random_forest,False,valid,mae,10.121644663855244,2,0.1,random,,
condition_recombine_pseudolabel__mult_0.5__sim_0.8__teacher_ridge__seed_3,condition_recombine_pseudolabel,0.5,0.8,ridge,3,316,149,1.4715189873417722,True,0.8449192699169951,0.8040540814399719,0.85,reaction_role_concat,6144,random_forest,False,valid,r2,0.7479105497247476,2,0.1,random,,
condition_recombine_pseudolabel__mult_0.5__sim_0.8__teacher_ridge__seed_3,condition_recombine_pseudolabel,0.5,0.8,ridge,3,316,149,1.4715189873417722,True,0.8449192699169951,0.8040540814399719,0.85,reaction_role_concat,6144,random_forest,False,valid,spearman,0.8699738946643779,2,0.1,random,,
condition_recombine_pseudolabel__mult_0.5__sim_0.8__teacher_ridge__seed_4,condition_recombine_pseudolabel,0.5,0.8,ridge,4,316,153,1.4841772151898733,True,0.844960034438987,0.8012820482254028,0.85,reaction_role_concat,6144,random_forest,False,valid,rmse,13.685012142994966,2,0.1,random,,
condition_recombine_pseudolabel__mult_0.5__sim_0.8__teacher_ridge__seed_4,condition_recombine_pseudolabel,0.5,0.8,ridge,4,316,153,1.4841772151898733,True,0.844960034438987,0.8012820482254028,0.85,reaction_role_concat,6144,random_forest,False,valid,mae,9.914281637374359,2,0.1,random,,
condition_recombine_pseudolabel__mult_0.5__sim_0.8__teacher_ridge__seed_4,condition_recombine_pseudolabel,0.5,0.8,ridge,4,316,153,1.4841772151898733,True,0.844960034438987,0.8012820482254028,0.85,reaction_role_concat,6144,random_forest,False,valid,r2,0.7559586980262336,2,0.1,random,,
condition_recombine_pseudolabel__mult_0.5__sim_0.8__teacher_ridge__seed_4,condition_recombine_pseudolabel,0.5,0.8,ridge,4,316,153,1.4841772151898733,True,0.844960034438987,0.8012820482254028,0.85,reaction_role_concat,6144,random_forest,False,valid,spearman,0.8784240602658627,2,0.1,random,,
condition_recombine_pseudolabel__mult_0.5__sim_0.8__teacher_rf__seed_0,condition_recombine_pseudolabel,0.5,0.8,random_forest,0,316,150,1.4746835443037976,True,0.8451426009337105,0.803680956363678,0.85,reaction_role_concat,6144,random_forest,False,valid,rmse,13.883198171813286,2,0.1,random,,
condition_recombine_pseudolabel__mult_0.5__sim_0.8__teacher_rf__seed_0,condition_recombine_pseudolabel,0.5,0.8,random_forest,0,316,150,1.4746835443037976,True,0.8451426009337105,0.803680956363678,0.85,reaction_role_concat,6144,random_forest,False,valid,mae,10.008735209646103,2,0.1,random,,
condition_recombine_pseudolabel__mult_0.5__sim_0.8__teacher_rf__seed_0,condition_recombine_pseudolabel,0.5,0.8,random_forest,0,316,150,1.4746835443037976,True,0.8451426009337105,0.803680956363678,0.85,reaction_role_concat,6144,random_forest,False,valid,r2,0.7488391148536293,2,0.1,random,,
condition_recombine_pseudolabel__mult_0.5__sim_0.8__teacher_rf__seed_0,condition_recombine_pseudolabel,0.5,0.8,random_forest,0,316,150,1.4746835443037976,True,0.8451426009337105,0.803680956363678,0.85,reaction_role_concat,6144,random_forest,False,valid,spearman,0.8740104776655572,2,0.1,random,,
condition_recombine_pseudolabel__mult_0.5__sim_0.8__teacher_rf__seed_1,condition_recombine_pseudolabel,0.5,0.8,random_forest,1,316,154,1.4873417721518987,True,0.8432100663711497,0.8014184236526489,0.85,reaction_role_concat,6144,random_forest,False,valid,rmse,13.690807200394321,2,0.1,random,,
condition_recombine_pseudolabel__mult_0.5__sim_0.8__teacher_rf__seed_1,condition_recombine_pseudolabel,0.5,0.8,random_forest,1,316,154,1.4873417721518987,True,0.8432100663711497,0.8014184236526489,0.85,reaction_role_concat,6144,random_forest,False,valid,mae,9.738841965906227,2,0.1,random,,
condition_recombine_pseudolabel__mult_0.5__sim_0.8__teacher_rf__seed_1,condition_recombine_pseudolabel,0.5,0.8,random_forest,1,316,154,1.4873417721518987,True,0.8432100663711497,0.8014184236526489,0.85,reaction_role_concat,6144,random_forest,False,valid,r2,0.755751970728704,2,0.1,random,,
condition_recombine_pseudolabel__mult_0.5__sim_0.8__teacher_rf__seed_1,condition_recombine_pseudolabel,0.5,0.8,random_forest,1,316,154,1.4873417721518987,True,0.8432100663711497,0.8014184236526489,0.85,reaction_role_concat,6144,random_forest,False,valid,spearman,0.8713035192836095,2,0.1,random,,
condition_recombine_pseudolabel__mult_0.5__sim_0.8__teacher_rf__seed_2,condition_recombine_pseudolabel,0.5,0.8,random_forest,2,316,155,1.490506329113924,True,0.8443380385829553,0.800000011920929,0.85,reaction_role_concat,6144,random_forest,False,valid,rmse,14.085713902585884,2,0.1,random,,
condition_recombine_pseudolabel__mult_0.5__sim_0.8__teacher_rf__seed_2,condition_recombine_pseudolabel,0.5,0.8,random_forest,2,316,155,1.490506329113924,True,0.8443380385829553,0.800000011920929,0.85,reaction_role_concat,6144,random_forest,False,valid,mae,10.069524218189565,2,0.1,random,,
condition_recombine_pseudolabel__mult_0.5__sim_0.8__teacher_rf__seed_2,condition_recombine_pseudolabel,0.5,0.8,random_forest,2,316,155,1.490506329113924,True,0.8443380385829553,0.800000011920929,0.85,reaction_role_concat,6144,random_forest,False,valid,r2,0.741458249270678,2,0.1,random,,
condition_recombine_pseudolabel__mult_0.5__sim_0.8__teacher_rf__seed_2,condition_recombine_pseudolabel,0.5,0.8,random_forest,2,316,155,1.490506329113924,True,0.8443380385829553,0.800000011920929,0.85,reaction_role_concat,6144,random_forest,False,valid,spearman,0.8705972292288419,2,0.1,random,,
condition_recombine_pseudolabel__mult_0.5__sim_0.8__teacher_rf__seed_3,condition_recombine_pseudolabel,0.5,0.8,random_forest,3,316,149,1.4715189873417722,True,0.8449192699169951,0.8040540814399719,0.85,reaction_role_concat,6144,random_forest,False,valid,rmse,13.893958861445746,2,0.1,random,,
condition_recombine_pseudolabel__mult_0.5__sim_0.8__teacher_rf__seed_3,condition_recombine_pseudolabel,0.5,0.8,random_forest,3,316,149,1.4715189873417722,True,0.8449192699169951,0.8040540814399719,0.85,reaction_role_concat,6144,random_forest,False,valid,mae,9.828410010903319,2,0.1,random,,
condition_recombine_pseudolabel__mult_0.5__sim_0.8__teacher_rf__seed_3,condition_recombine_pseudolabel,0.5,0.8,random_forest,3,316,149,1.4715189873417722,True,0.8449192699169951,0.8040540814399719,0.85,reaction_role_concat,6144,random_forest,False,valid,r2,0.7484496207760081,2,0.1,random,,
condition_recombine_pseudolabel__mult_0.5__sim_0.8__teacher_rf__seed_3,condition_recombine_pseudolabel,0.5,0.8,random_forest,3,316,149,1.4715189873417722,True,0.8449192699169951,0.8040540814399719,0.85,reaction_role_concat,6144,random_forest,False,valid,spearman,0.8719582055709347,2,0.1,random,,
condition_recombine_pseudolabel__mult_0.5__sim_0.8__teacher_rf__seed_4,condition_recombine_pseudolabel,0.5,0.8,random_forest,4,316,153,1.4841772151898733,True,0.844960034438987,0.8012820482254028,0.85,reaction_role_concat,6144,random_forest,False,valid,rmse,13.818973348374321,2,0.1,random,,
condition_recombine_pseudolabel__mult_0.5__sim_0.8__teacher_rf__seed_4,condition_recombine_pseudolabel,0.5,0.8,random_forest,4,316,153,1.4841772151898733,True,0.844960034438987,0.8012820482254028,0.85,reaction_role_concat,6144,random_forest,False,valid,mae,9.848961053491394,2,0.1,random,,
condition_recombine_pseudolabel__mult_0.5__sim_0.8__teacher_rf__seed_4,condition_recombine_pseudolabel,0.5,0.8,random_forest,4,316,153,1.4841772151898733,True,0.844960034438987,0.8012820482254028,0.85,reaction_role_concat,6144,random_forest,False,valid,r2,0.7511575219210528,2,0.1,random,,
condition_recombine_pseudolabel__mult_0.5__sim_0.8__teacher_rf__seed_4,condition_recombine_pseudolabel,0.5,0.8,random_forest,4,316,153,1.4841772151898733,True,0.844960034438987,0.8012820482254028,0.85,reaction_role_concat,6144,random_forest,False,valid,spearman,0.8713467496095423,2,0.1,random,,
condition_recombine_pseudolabel__mult_0.5__sim_0.85__teacher_ridge__seed_0,condition_recombine_pseudolabel,0.5,0.85,ridge,0,316,115,1.3639240506329113,True,0.8499999999999996,0.85,0.85,reaction_role_concat,6144,random_forest,False,valid,rmse,14.198863050735529,2,0.1,random,,
condition_recombine_pseudolabel__mult_0.5__sim_0.85__teacher_ridge__seed_0,condition_recombine_pseudolabel,0.5,0.85,ridge,0,316,115,1.3639240506329113,True,0.8499999999999996,0.85,0.85,reaction_role_concat,6144,random_forest,False,valid,mae,10.34958379720359,2,0.1,random,,
condition_recombine_pseudolabel__mult_0.5__sim_0.85__teacher_ridge__seed_0,condition_recombine_pseudolabel,0.5,0.85,ridge,0,316,115,1.3639240506329113,True,0.8499999999999996,0.85,0.85,reaction_role_concat,6144,random_forest,False,valid,r2,0.7372878855366216,2,0.1,random,,
condition_recombine_pseudolabel__mult_0.5__sim_0.85__teacher_ridge__seed_0,condition_recombine_pseudolabel,0.5,0.85,ridge,0,316,115,1.3639240506329113,True,0.8499999999999996,0.85,0.85,reaction_role_concat,6144,random_forest,False,valid,spearman,0.8683844986271534,2,0.1,random,,
condition_recombine_pseudolabel__mult_0.5__sim_0.85__teacher_ridge__seed_1,condition_recombine_pseudolabel,0.5,0.85,ridge,1,316,107,1.3386075949367089,True,0.8499999999999996,0.85,0.85,reaction_role_concat,6144,random_forest,False,valid,rmse,14.042714315004865,2,0.1,random,,
condition_recombine_pseudolabel__mult_0.5__sim_0.85__teacher_ridge__seed_1,condition_recombine_pseudolabel,0.5,0.85,ridge,1,316,107,1.3386075949367089,True,0.8499999999999996,0.85,0.85,reaction_role_concat,6144,random_forest,False,valid,mae,10.151897561796858,2,0.1,random,,
condition_recombine_pseudolabel__mult_0.5__sim_0.85__teacher_ridge__seed_1,condition_recombine_pseudolabel,0.5,0.85,ridge,1,316,107,1.3386075949367089,True,0.8499999999999996,0.85,0.85,reaction_role_concat,6144,random_forest,False,valid,r2,0.7430343454428554,2,0.1,random,,
condition_recombine_pseudolabel__mult_0.5__sim_0.85__teacher_ridge__seed_1,condition_recombine_pseudolabel,0.5,0.85,ridge,1,316,107,1.3386075949367089,True,0.8499999999999996,0.85,0.85,reaction_role_concat,6144,random_forest,False,valid,spearman,0.8682762280811233,2,0.1,random,,
condition_recombine_pseudolabel__mult_0.5__sim_0.85__teacher_ridge__seed_2,condition_recombine_pseudolabel,0.5,0.85,ridge,2,316,113,1.3575949367088607,True,0.8499999999999998,0.85,0.85,reaction_role_concat,6144,random_forest,False,valid,rmse,14.234288812360079,2,0.1,random,,
condition_recombine_pseudolabel__mult_0.5__sim_0.85__teacher_ridge__seed_2,condition_recombine_pseudolabel,0.5,0.85,ridge,2,316,113,1.3575949367088607,True,0.8499999999999998,0.85,0.85,reaction_role_concat,6144,random_forest,False,valid,mae,10.333243050778213,2,0.1,random,,
condition_recombine_pseudolabel__mult_0.5__sim_0.85__teacher_ridge__seed_2,condition_recombine_pseudolabel,0.5,0.85,ridge,2,316,113,1.3575949367088607,True,0.8499999999999998,0.85,0.85,reaction_role_concat,6144,random_forest,False,valid,r2,0.735975331597351,2,0.1,random,,
condition_recombine_pseudolabel__mult_0.5__sim_0.85__teacher_ridge__seed_2,condition_recombine_pseudolabel,0.5,0.85,ridge,2,316,113,1.3575949367088607,True,0.8499999999999998,0.85,0.85,reaction_role_concat,6144,random_forest,False,valid,spearman,0.8684949112163604,2,0.1,random,,
condition_recombine_pseudolabel__mult_0.5__sim_0.85__teacher_ridge__seed_3,condition_recombine_pseudolabel,0.5,0.85,ridge,3,316,115,1.3639240506329113,True,0.8499999999999996,0.85,0.85,reaction_role_concat,6144,random_forest,False,valid,rmse,13.901917937156645,2,0.1,random,,
condition_recombine_pseudolabel__mult_0.5__sim_0.85__teacher_ridge__seed_3,condition_recombine_pseudolabel,0.5,0.85,ridge,3,316,115,1.3639240506329113,True,0.8499999999999996,0.85,0.85,reaction_role_concat,6144,random_forest,False,valid,mae,10.1667856906577,2,0.1,random,,
condition_recombine_pseudolabel__mult_0.5__sim_0.85__teacher_ridge__seed_3,condition_recombine_pseudolabel,0.5,0.85,ridge,3,316,115,1.3639240506329113,True,0.8499999999999996,0.85,0.85,reaction_role_concat,6144,random_forest,False,valid,r2,0.7481613398070508,2,0.1,random,,
condition_recombine_pseudolabel__mult_0.5__sim_0.85__teacher_ridge__seed_3,condition_recombine_pseudolabel,0.5,0.85,ridge,3,316,115,1.3639240506329113,True,0.8499999999999996,0.85,0.85,reaction_role_concat,6144,random_forest,False,valid,spearman,0.8700099199359885,2,0.1,random,,
condition_recombine_pseudolabel__mult_0.5__sim_0.85__teacher_ridge__seed_4,condition_recombine_pseudolabel,0.5,0.85,ridge,4,316,109,1.3449367088607596,True,0.8499999999999995,0.85,0.85,reaction_role_concat,6144,random_forest,False,valid,rmse,13.688999704883846,2,0.1,random,,
condition_recombine_pseudolabel__mult_0.5__sim_0.85__teacher_ridge__seed_4,condition_recombine_pseudolabel,0.5,0.85,ridge,4,316,109,1.3449367088607596,True,0.8499999999999995,0.85,0.85,reaction_role_concat,6144,random_forest,False,valid,mae,9.970552528063708,2,0.1,random,,
condition_recombine_pseudolabel__mult_0.5__sim_0.85__teacher_ridge__seed_4,condition_recombine_pseudolabel,0.5,0.85,ridge,4,316,109,1.3449367088607596,True,0.8499999999999995,0.85,0.85,reaction_role_concat,6144,random_forest,False,valid,r2,0.7558164589750742,2,0.1,random,,
condition_recombine_pseudolabel__mult_0.5__sim_0.85__teacher_ridge__seed_4,condition_recombine_pseudolabel,0.5,0.85,ridge,4,316,109,1.3449367088607596,True,0.8499999999999995,0.85,0.85,reaction_role_concat,6144,random_forest,False,valid,spearman,0.8757326803797465,2,0.1,random,,
condition_recombine_pseudolabel__mult_0.5__sim_0.85__teacher_rf__seed_0,condition_recombine_pseudolabel,0.5,0.85,random_forest,0,316,115,1.3639240506329113,True,0.8499999999999996,0.85,0.85,reaction_role_concat,6144,random_forest,False,valid,rmse,13.947620086438533,2,0.1,random,,
condition_recombine_pseudolabel__mult_0.5__sim_0.85__teacher_rf__seed_0,condition_recombine_pseudolabel,0.5,0.85,random_forest,0,316,115,1.3639240506329113,True,0.8499999999999996,0.85,0.85,reaction_role_concat,6144,random_forest,False,valid,mae,9.99916501447747,2,0.1,random,,
condition_recombine_pseudolabel__mult_0.5__sim_0.85__teacher_rf__seed_0,condition_recombine_pseudolabel,0.5,0.85,random_forest,0,316,115,1.3639240506329113,True,0.8499999999999996,0.85,0.85,reaction_role_concat,6144,random_forest,False,valid,r2,0.7465027935863588,2,0.1,random,,
condition_recombine_pseudolabel__mult_0.5__sim_0.85__teacher_rf__seed_0,condition_recombine_pseudolabel,0.5,0.85,random_forest,0,316,115,1.3639240506329113,True,0.8499999999999996,0.85,0.85,reaction_role_concat,6144,random_forest,False,valid,spearman,0.8740585762714375,2,0.1,random,,
condition_recombine_pseudolabel__mult_0.5__sim_0.85__teacher_rf__seed_1,condition_recombine_pseudolabel,0.5,0.85,random_forest,1,316,107,1.3386075949367089,True,0.8499999999999996,0.85,0.85,reaction_role_concat,6144,random_forest,False,valid,rmse,13.596346570941941,2,0.1,random,,
condition_recombine_pseudolabel__mult_0.5__sim_0.85__teacher_rf__seed_1,condition_recombine_pseudolabel,0.5,0.85,random_forest,1,316,107,1.3386075949367089,True,0.8499999999999996,0.85,0.85,reaction_role_concat,6144,random_forest,False,valid,mae,9.718685774359523,2,0.1,random,,
condition_recombine_pseudolabel__mult_0.5__sim_0.85__teacher_rf__seed_1,condition_recombine_pseudolabel,0.5,0.85,random_forest,1,316,107,1.3386075949367089,True,0.8499999999999996,0.85,0.85,reaction_role_concat,6144,random_forest,False,valid,r2,0.7591107543954749,2,0.1,random,,
condition_recombine_pseudolabel__mult_0.5__sim_0.85__teacher_rf__seed_1,condition_recombine_pseudolabel,0.5,0.85,random_forest,1,316,107,1.3386075949367089,True,0.8499999999999996,0.85,0.85,reaction_role_concat,6144,random_forest,False,valid,spearman,0.8772395103890633,2,0.1,random,,
condition_recombine_pseudolabel__mult_0.5__sim_0.85__teacher_rf__seed_2,condition_recombine_pseudolabel,0.5,0.85,random_forest,2,316,113,1.3575949367088607,True,0.8499999999999998,0.85,0.85,reaction_role_concat,6144,random_forest,False,valid,rmse,14.088547567556047,2,0.1,random,,
condition_recombine_pseudolabel__mult_0.5__sim_0.85__teacher_rf__seed_2,condition_recombine_pseudolabel,0.5,0.85,random_forest,2,316,113,1.3575949367088607,True,0.8499999999999998,0.85,0.85,reaction_role_concat,6144,random_forest,False,valid,mae,10.008485386261457,2,0.1,random,,
condition_recombine_pseudolabel__mult_0.5__sim_0.85__teacher_rf__seed_2,condition_recombine_pseudolabel,0.5,0.85,random_forest,2,316,113,1.3575949367088607,True,0.8499999999999998,0.85,0.85,reaction_role_concat,6144,random_forest,False,valid,r2,0.7413542155810581,2,0.1,random,,
condition_recombine_pseudolabel__mult_0.5__sim_0.85__teacher_rf__seed_2,condition_recombine_pseudolabel,0.5,0.85,random_forest,2,316,113,1.3575949367088607,True,0.8499999999999998,0.85,0.85,reaction_role_concat,6144,random_forest,False,valid,spearman,0.8701347426338397,2,0.1,random,,
condition_recombine_pseudolabel__mult_0.5__sim_0.85__teacher_rf__seed_3,condition_recombine_pseudolabel,0.5,0.85,random_forest,3,316,115,1.3639240506329113,True,0.8499999999999996,0.85,0.85,reaction_role_concat,6144,random_forest,False,valid,rmse,13.972836791104854,2,0.1,random,,
condition_recombine_pseudolabel__mult_0.5__sim_0.85__teacher_rf__seed_3,condition_recombine_pseudolabel,0.5,0.85,random_forest,3,316,115,1.3639240506329113,True,0.8499999999999996,0.85,0.85,reaction_role_concat,6144,random_forest,False,valid,mae,9.889578072573189,2,0.1,random,,
condition_recombine_pseudolabel__mult_0.5__sim_0.85__teacher_rf__seed_3,condition_recombine_pseudolabel,0.5,0.85,random_forest,3,316,115,1.3639240506329113,True,0.8499999999999996,0.85,0.85,reaction_role_concat,6144,random_forest,False,valid,r2,0.7455853406144999,2,0.1,random,,
condition_recombine_pseudolabel__mult_0.5__sim_0.85__teacher_rf__seed_3,condition_recombine_pseudolabel,0.5,0.85,random_forest,3,316,115,1.3639240506329113,True,0.8499999999999996,0.85,0.85,reaction_role_concat,6144,random_forest,False,valid,spearman,0.8692350844995617,2,0.1,random,,
condition_recombine_pseudolabel__mult_0.5__sim_0.85__teacher_rf__seed_4,condition_recombine_pseudolabel,0.5,0.85,random_forest,4,316,109,1.3449367088607596,True,0.8499999999999995,0.85,0.85,reaction_role_concat,6144,random_forest,False,valid,rmse,13.712279082137767,2,0.1,random,,
condition_recombine_pseudolabel__mult_0.5__sim_0.85__teacher_rf__seed_4,condition_recombine_pseudolabel,0.5,0.85,random_forest,4,316,109,1.3449367088607596,True,0.8499999999999995,0.85,0.85,reaction_role_concat,6144,random_forest,False,valid,mae,9.832993309431439,2,0.1,random,,
condition_recombine_pseudolabel__mult_0.5__sim_0.85__teacher_rf__seed_4,condition_recombine_pseudolabel,0.5,0.85,random_forest,4,316,109,1.3449367088607596,True,0.8499999999999995,0.85,0.85,reaction_role_concat,6144,random_forest,False,valid,r2,0.75498524057414,2,0.1,random,,
condition_recombine_pseudolabel__mult_0.5__sim_0.85__teacher_rf__seed_4,condition_recombine_pseudolabel,0.5,0.85,random_forest,4,316,109,1.3449367088607596,True,0.8499999999999995,0.85,0.85,reaction_role_concat,6144,random_forest,False,valid,spearman,0.8764732431253438,2,0.1,random,,
condition_recombine_pseudolabel__mult_0.5__sim_0.9__teacher_ridge__seed_0,condition_recombine_pseudolabel,0.5,0.9,ridge,0,316,49,1.1550632911392404,True,0.85,0.85,0.85,reaction_role_concat,6144,random_forest,False,valid,rmse,14.532582028292056,2,0.1,random,,
condition_recombine_pseudolabel__mult_0.5__sim_0.9__teacher_ridge__seed_0,condition_recombine_pseudolabel,0.5,0.9,ridge,0,316,49,1.1550632911392404,True,0.85,0.85,0.85,reaction_role_concat,6144,random_forest,False,valid,mae,10.246118787029875,2,0.1,random,,
condition_recombine_pseudolabel__mult_0.5__sim_0.9__teacher_ridge__seed_0,condition_recombine_pseudolabel,0.5,0.9,ridge,0,316,49,1.1550632911392404,True,0.85,0.85,0.85,reaction_role_concat,6144,random_forest,False,valid,r2,0.7247936026910056,2,0.1,random,,
condition_recombine_pseudolabel__mult_0.5__sim_0.9__teacher_ridge__seed_0,condition_recombine_pseudolabel,0.5,0.9,ridge,0,316,49,1.1550632911392404,True,0.85,0.85,0.85,reaction_role_concat,6144,random_forest,False,valid,spearman,0.8579525536246843,2,0.1,random,,
condition_recombine_pseudolabel__mult_0.5__sim_0.9__teacher_ridge__seed_1,condition_recombine_pseudolabel,0.5,0.9,ridge,1,316,54,1.1708860759493671,True,0.8500000000000001,0.85,0.85,reaction_role_concat,6144,random_forest,False,valid,rmse,14.04110608884176,2,0.1,random,,
condition_recombine_pseudolabel__mult_0.5__sim_0.9__teacher_ridge__seed_1,condition_recombine_pseudolabel,0.5,0.9,ridge,1,316,54,1.1708860759493671,True,0.8500000000000001,0.85,0.85,reaction_role_concat,6144,random_forest,False,valid,mae,10.065212624083593,2,0.1,random,,
condition_recombine_pseudolabel__mult_0.5__sim_0.9__teacher_ridge__seed_1,condition_recombine_pseudolabel,0.5,0.9,ridge,1,316,54,1.1708860759493671,True,0.8500000000000001,0.85,0.85,reaction_role_concat,6144,random_forest,False,valid,r2,0.7430931994813843,2,0.1,random,,
condition_recombine_pseudolabel__mult_0.5__sim_0.9__teacher_ridge__seed_1,condition_recombine_pseudolabel,0.5,0.9,ridge,1,316,54,1.1708860759493671,True,0.8500000000000001,0.85,0.85,reaction_role_concat,6144,random_forest,False,valid,spearman,0.8717782739440791,2,0.1,random,,
condition_recombine_pseudolabel__mult_0.5__sim_0.9__teacher_ridge__seed_2,condition_recombine_pseudolabel,0.5,0.9,ridge,2,316,39,1.1234177215189873,True,0.8500000000000002,0.85,0.85,reaction_role_concat,6144,random_forest,False,valid,rmse,13.989020484469432,2,0.1,random,,
condition_recombine_pseudolabel__mult_0.5__sim_0.9__teacher_ridge__seed_2,condition_recombine_pseudolabel,0.5,0.9,ridge,2,316,39,1.1234177215189873,True,0.8500000000000002,0.85,0.85,reaction_role_concat,6144,random_forest,False,valid,mae,10.074330201506614,2,0.1,random,,
condition_recombine_pseudolabel__mult_0.5__sim_0.9__teacher_ridge__seed_2,condition_recombine_pseudolabel,0.5,0.9,ridge,2,316,39,1.1234177215189873,True,0.8500000000000002,0.85,0.85,reaction_role_concat,6144,random_forest,False,valid,r2,0.7449956603202321,2,0.1,random,,
condition_recombine_pseudolabel__mult_0.5__sim_0.9__teacher_ridge__seed_2,condition_recombine_pseudolabel,0.5,0.9,ridge,2,316,39,1.1234177215189873,True,0.8500000000000002,0.85,0.85,reaction_role_concat,6144,random_forest,False,valid,spearman,0.8762144453633405,2,0.1,random,,
condition_recombine_pseudolabel__mult_0.5__sim_0.9__teacher_ridge__seed_3,condition_recombine_pseudolabel,0.5,0.9,ridge,3,316,54,1.1708860759493671,True,0.8500000000000001,0.85,0.85,reaction_role_concat,6144,random_forest,False,valid,rmse,13.988682878138071,2,0.1,random,,
condition_recombine_pseudolabel__mult_0.5__sim_0.9__teacher_ridge__seed_3,condition_recombine_pseudolabel,0.5,0.9,ridge,3,316,54,1.1708860759493671,True,0.8500000000000001,0.85,0.85,reaction_role_concat,6144,random_forest,False,valid,mae,9.87481332490263,2,0.1,random,,
condition_recombine_pseudolabel__mult_0.5__sim_0.9__teacher_ridge__seed_3,condition_recombine_pseudolabel,0.5,0.9,ridge,3,316,54,1.1708860759493671,True,0.8500000000000001,0.85,0.85,reaction_role_concat,6144,random_forest,False,valid,r2,0.7450079685502256,2,0.1,random,,
condition_recombine_pseudolabel__mult_0.5__sim_0.9__teacher_ridge__seed_3,condition_recombine_pseudolabel,0.5,0.9,ridge,3,316,54,1.1708860759493671,True,0.8500000000000001,0.85,0.85,reaction_role_concat,6144,random_forest,False,valid,spearman,0.870516999975309,2,0.1,random,,
condition_recombine_pseudolabel__mult_0.5__sim_0.9__teacher_ridge__seed_4,condition_recombine_pseudolabel,0.5,0.9,ridge,4,316,48,1.1518987341772151,True,0.85,0.85,0.85,reaction_role_concat,6144,random_forest,False,valid,rmse,14.190241842650108,2,0.1,random,,
condition_recombine_pseudolabel__mult_0.5__sim_0.9__teacher_ridge__seed_4,condition_recombine_pseudolabel,0.5,0.9,ridge,4,316,48,1.1518987341772151,True,0.85,0.85,0.85,reaction_role_concat,6144,random_forest,False,valid,mae,10.0715724781646,2,0.1,random,,
condition_recombine_pseudolabel__mult_0.5__sim_0.9__teacher_ridge__seed_4,condition_recombine_pseudolabel,0.5,0.9,ridge,4,316,48,1.1518987341772151,True,0.85,0.85,0.85,reaction_role_concat,6144,random_forest,False,valid,r2,0.7376068136370102,2,0.1,random,,
condition_recombine_pseudolabel__mult_0.5__sim_0.9__teacher_ridge__seed_4,condition_recombine_pseudolabel,0.5,0.9,ridge,4,316,48,1.1518987341772151,True,0.85,0.85,0.85,reaction_role_concat,6144,random_forest,False,valid,spearman,0.8642532762637968,2,0.1,random,,
condition_recombine_pseudolabel__mult_0.5__sim_0.9__teacher_rf__seed_0,condition_recombine_pseudolabel,0.5,0.9,random_forest,0,316,49,1.1550632911392404,True,0.85,0.85,0.85,reaction_role_concat,6144,random_forest,False,valid,rmse,14.58517357167485,2,0.1,random,,
condition_recombine_pseudolabel__mult_0.5__sim_0.9__teacher_rf__seed_0,condition_recombine_pseudolabel,0.5,0.9,random_forest,0,316,49,1.1550632911392404,True,0.85,0.85,0.85,reaction_role_concat,6144,random_forest,False,valid,mae,10.193246939238113,2,0.1,random,,
condition_recombine_pseudolabel__mult_0.5__sim_0.9__teacher_rf__seed_0,condition_recombine_pseudolabel,0.5,0.9,random_forest,0,316,49,1.1550632911392404,True,0.85,0.85,0.85,reaction_role_concat,6144,random_forest,False,valid,r2,0.7227981254833848,2,0.1,random,,
condition_recombine_pseudolabel__mult_0.5__sim_0.9__teacher_rf__seed_0,condition_recombine_pseudolabel,0.5,0.9,random_forest,0,316,49,1.1550632911392404,True,0.85,0.85,0.85,reaction_role_concat,6144,random_forest,False,valid,spearman,0.8583924514007307,2,0.1,random,,
condition_recombine_pseudolabel__mult_0.5__sim_0.9__teacher_rf__seed_1,condition_recombine_pseudolabel,0.5,0.9,random_forest,1,316,54,1.1708860759493671,True,0.8500000000000001,0.85,0.85,reaction_role_concat,6144,random_forest,False,valid,rmse,13.904511408805737,2,0.1,random,,
condition_recombine_pseudolabel__mult_0.5__sim_0.9__teacher_rf__seed_1,condition_recombine_pseudolabel,0.5,0.9,random_forest,1,316,54,1.1708860759493671,True,0.8500000000000001,0.85,0.85,reaction_role_concat,6144,random_forest,False,valid,mae,9.892390909667258,2,0.1,random,,
condition_recombine_pseudolabel__mult_0.5__sim_0.9__teacher_rf__seed_1,condition_recombine_pseudolabel,0.5,0.9,random_forest,1,316,54,1.1708860759493671,True,0.8500000000000001,0.85,0.85,reaction_role_concat,6144,random_forest,False,valid,r2,0.7480673675434788,2,0.1,random,,
condition_recombine_pseudolabel__mult_0.5__sim_0.9__teacher_rf__seed_1,condition_recombine_pseudolabel,0.5,0.9,random_forest,1,316,54,1.1708860759493671,True,0.8500000000000001,0.85,0.85,reaction_role_concat,6144,random_forest,False,valid,spearman,0.870180893927741,2,0.1,random,,
condition_recombine_pseudolabel__mult_0.5__sim_0.9__teacher_rf__seed_2,condition_recombine_pseudolabel,0.5,0.9,random_forest,2,316,39,1.1234177215189873,True,0.8500000000000002,0.85,0.85,reaction_role_concat,6144,random_forest,False,valid,rmse,13.897112377340536,2,0.1,random,,
condition_recombine_pseudolabel__mult_0.5__sim_0.9__teacher_rf__seed_2,condition_recombine_pseudolabel,0.5,0.9,random_forest,2,316,39,1.1234177215189873,True,0.8500000000000002,0.85,0.85,reaction_role_concat,6144,random_forest,False,valid,mae,9.952237314452098,2,0.1,random,,
condition_recombine_pseudolabel__mult_0.5__sim_0.9__teacher_rf__seed_2,condition_recombine_pseudolabel,0.5,0.9,random_forest,2,316,39,1.1234177215189873,True,0.8500000000000002,0.85,0.85,reaction_role_concat,6144,random_forest,False,valid,r2,0.7483354188913929,2,0.1,random,,
condition_recombine_pseudolabel__mult_0.5__sim_0.9__teacher_rf__seed_2,condition_recombine_pseudolabel,0.5,0.9,random_forest,2,316,39,1.1234177215189873,True,0.8500000000000002,0.85,0.85,reaction_role_concat,6144,random_forest,False,valid,spearman,0.876710036261985,2,0.1,random,,
condition_recombine_pseudolabel__mult_0.5__sim_0.9__teacher_rf__seed_3,condition_recombine_pseudolabel,0.5,0.9,random_forest,3,316,54,1.1708860759493671,True,0.8500000000000001,0.85,0.85,reaction_role_concat,6144,random_forest,False,valid,rmse,14.352753717716931,2,0.1,random,,
condition_recombine_pseudolabel__mult_0.5__sim_0.9__teacher_rf__seed_3,condition_recombine_pseudolabel,0.5,0.9,random_forest,3,316,54,1.1708860759493671,True,0.8500000000000001,0.85,0.85,reaction_role_concat,6144,random_forest,False,valid,mae,10.08629446718738,2,0.1,random,,
condition_recombine_pseudolabel__mult_0.5__sim_0.9__teacher_rf__seed_3,condition_recombine_pseudolabel,0.5,0.9,random_forest,3,316,54,1.1708860759493671,True,0.8500000000000001,0.85,0.85,reaction_role_concat,6144,random_forest,False,valid,r2,0.7315623522121182,2,0.1,random,,
condition_recombine_pseudolabel__mult_0.5__sim_0.9__teacher_rf__seed_3,condition_recombine_pseudolabel,0.5,0.9,random_forest,3,316,54,1.1708860759493671,True,0.8500000000000001,0.85,0.85,reaction_role_concat,6144,random_forest,False,valid,spearman,0.8640340089349663,2,0.1,random,,
condition_recombine_pseudolabel__mult_0.5__sim_0.9__teacher_rf__seed_4,condition_recombine_pseudolabel,0.5,0.9,random_forest,4,316,48,1.1518987341772151,True,0.85,0.85,0.85,reaction_role_concat,6144,random_forest,False,valid,rmse,14.144733704758847,2,0.1,random,,
condition_recombine_pseudolabel__mult_0.5__sim_0.9__teacher_rf__seed_4,condition_recombine_pseudolabel,0.5,0.9,random_forest,4,316,48,1.1518987341772151,True,0.85,0.85,0.85,reaction_role_concat,6144,random_forest,False,valid,mae,10.010561099256142,2,0.1,random,,
condition_recombine_pseudolabel__mult_0.5__sim_0.9__teacher_rf__seed_4,condition_recombine_pseudolabel,0.5,0.9,random_forest,4,316,48,1.1518987341772151,True,0.85,0.85,0.85,reaction_role_concat,6144,random_forest,False,valid,r2,0.7392871060508057,2,0.1,random,,
condition_recombine_pseudolabel__mult_0.5__sim_0.9__teacher_rf__seed_4,condition_recombine_pseudolabel,0.5,0.9,random_forest,4,316,48,1.1518987341772151,True,0.85,0.85,0.85,reaction_role_concat,6144,random_forest,False,valid,spearman,0.8650898414899565,2,0.1,random,,
condition_recombine_pseudolabel__mult_0.5__sim_0.95__teacher_ridge__seed_0,condition_recombine_pseudolabel,0.5,0.95,ridge,0,316,0,1.0,True,,,,reaction_role_concat,6144,random_forest,False,valid,rmse,14.471259460462234,2,0.1,random,,
condition_recombine_pseudolabel__mult_0.5__sim_0.95__teacher_ridge__seed_0,condition_recombine_pseudolabel,0.5,0.95,ridge,0,316,0,1.0,True,,,,reaction_role_concat,6144,random_forest,False,valid,mae,10.225675690967824,2,0.1,random,,
condition_recombine_pseudolabel__mult_0.5__sim_0.95__teacher_ridge__seed_0,condition_recombine_pseudolabel,0.5,0.95,ridge,0,316,0,1.0,True,,,,reaction_role_concat,6144,random_forest,False,valid,r2,0.7271112578288355,2,0.1,random,,
condition_recombine_pseudolabel__mult_0.5__sim_0.95__teacher_ridge__seed_0,condition_recombine_pseudolabel,0.5,0.95,ridge,0,316,0,1.0,True,,,,reaction_role_concat,6144,random_forest,False,valid,spearman,0.8613827436756167,2,0.1,random,,
condition_recombine_pseudolabel__mult_0.5__sim_0.95__teacher_ridge__seed_1,condition_recombine_pseudolabel,0.5,0.95,ridge,1,316,0,1.0,True,,,,reaction_role_concat,6144,random_forest,False,valid,rmse,14.471259460462234,2,0.1,random,,
condition_recombine_pseudolabel__mult_0.5__sim_0.95__teacher_ridge__seed_1,condition_recombine_pseudolabel,0.5,0.95,ridge,1,316,0,1.0,True,,,,reaction_role_concat,6144,random_forest,False,valid,mae,10.225675690967824,2,0.1,random,,
condition_recombine_pseudolabel__mult_0.5__sim_0.95__teacher_ridge__seed_1,condition_recombine_pseudolabel,0.5,0.95,ridge,1,316,0,1.0,True,,,,reaction_role_concat,6144,random_forest,False,valid,r2,0.7271112578288355,2,0.1,random,,
condition_recombine_pseudolabel__mult_0.5__sim_0.95__teacher_ridge__seed_1,condition_recombine_pseudolabel,0.5,0.95,ridge,1,316,0,1.0,True,,,,reaction_role_concat,6144,random_forest,False,valid,spearman,0.8613827436756167,2,0.1,random,,
condition_recombine_pseudolabel__mult_0.5__sim_0.95__teacher_ridge__seed_2,condition_recombine_pseudolabel,0.5,0.95,ridge,2,316,0,1.0,True,,,,reaction_role_concat,6144,random_forest,False,valid,rmse,14.471259460462234,2,0.1,random,,
condition_recombine_pseudolabel__mult_0.5__sim_0.95__teacher_ridge__seed_2,condition_recombine_pseudolabel,0.5,0.95,ridge,2,316,0,1.0,True,,,,reaction_role_concat,6144,random_forest,False,valid,mae,10.225675690967824,2,0.1,random,,
condition_recombine_pseudolabel__mult_0.5__sim_0.95__teacher_ridge__seed_2,condition_recombine_pseudolabel,0.5,0.95,ridge,2,316,0,1.0,True,,,,reaction_role_concat,6144,random_forest,False,valid,r2,0.7271112578288355,2,0.1,random,,
condition_recombine_pseudolabel__mult_0.5__sim_0.95__teacher_ridge__seed_2,condition_recombine_pseudolabel,0.5,0.95,ridge,2,316,0,1.0,True,,,,reaction_role_concat,6144,random_forest,False,valid,spearman,0.8613827436756167,2,0.1,random,,
condition_recombine_pseudolabel__mult_0.5__sim_0.95__teacher_ridge__seed_3,condition_recombine_pseudolabel,0.5,0.95,ridge,3,316,0,1.0,True,,,,reaction_role_concat,6144,random_forest,False,valid,rmse,14.471259460462234,2,0.1,random,,
condition_recombine_pseudolabel__mult_0.5__sim_0.95__teacher_ridge__seed_3,condition_recombine_pseudolabel,0.5,0.95,ridge,3,316,0,1.0,True,,,,reaction_role_concat,6144,random_forest,False,valid,mae,10.225675690967824,2,0.1,random,,
condition_recombine_pseudolabel__mult_0.5__sim_0.95__teacher_ridge__seed_3,condition_recombine_pseudolabel,0.5,0.95,ridge,3,316,0,1.0,True,,,,reaction_role_concat,6144,random_forest,False,valid,r2,0.7271112578288355,2,0.1,random,,
condition_recombine_pseudolabel__mult_0.5__sim_0.95__teacher_ridge__seed_3,condition_recombine_pseudolabel,0.5,0.95,ridge,3,316,0,1.0,True,,,,reaction_role_concat,6144,random_forest,False,valid,spearman,0.8613827436756167,2,0.1,random,,
condition_recombine_pseudolabel__mult_0.5__sim_0.95__teacher_ridge__seed_4,condition_recombine_pseudolabel,0.5,0.95,ridge,4,316,0,1.0,True,,,,reaction_role_concat,6144,random_forest,False,valid,rmse,14.471259460462234,2,0.1,random,,
condition_recombine_pseudolabel__mult_0.5__sim_0.95__teacher_ridge__seed_4,condition_recombine_pseudolabel,0.5,0.95,ridge,4,316,0,1.0,True,,,,reaction_role_concat,6144,random_forest,False,valid,mae,10.225675690967824,2,0.1,random,,
condition_recombine_pseudolabel__mult_0.5__sim_0.95__teacher_ridge__seed_4,condition_recombine_pseudolabel,0.5,0.95,ridge,4,316,0,1.0,True,,,,reaction_role_concat,6144,random_forest,False,valid,r2,0.7271112578288355,2,0.1,random,,
condition_recombine_pseudolabel__mult_0.5__sim_0.95__teacher_ridge__seed_4,condition_recombine_pseudolabel,0.5,0.95,ridge,4,316,0,1.0,True,,,,reaction_role_concat,6144,random_forest,False,valid,spearman,0.8613827436756167,2,0.1,random,,
condition_recombine_pseudolabel__mult_0.5__sim_0.95__teacher_rf__seed_0,condition_recombine_pseudolabel,0.5,0.95,random_forest,0,316,0,1.0,True,,,,reaction_role_concat,6144,random_forest,False,valid,rmse,14.471259460462234,2,0.1,random,,
condition_recombine_pseudolabel__mult_0.5__sim_0.95__teacher_rf__seed_0,condition_recombine_pseudolabel,0.5,0.95,random_forest,0,316,0,1.0,True,,,,reaction_role_concat,6144,random_forest,False,valid,mae,10.225675690967824,2,0.1,random,,
condition_recombine_pseudolabel__mult_0.5__sim_0.95__teacher_rf__seed_0,condition_recombine_pseudolabel,0.5,0.95,random_forest,0,316,0,1.0,True,,,,reaction_role_concat,6144,random_forest,False,valid,r2,0.7271112578288355,2,0.1,random,,
condition_recombine_pseudolabel__mult_0.5__sim_0.95__teacher_rf__seed_0,condition_recombine_pseudolabel,0.5,0.95,random_forest,0,316,0,1.0,True,,,,reaction_role_concat,6144,random_forest,False,valid,spearman,0.8613827436756167,2,0.1,random,,
condition_recombine_pseudolabel__mult_0.5__sim_0.95__teacher_rf__seed_1,condition_recombine_pseudolabel,0.5,0.95,random_forest,1,316,0,1.0,True,,,,reaction_role_concat,6144,random_forest,False,valid,rmse,14.471259460462234,2,0.1,random,,
condition_recombine_pseudolabel__mult_0.5__sim_0.95__teacher_rf__seed_1,condition_recombine_pseudolabel,0.5,0.95,random_forest,1,316,0,1.0,True,,,,reaction_role_concat,6144,random_forest,False,valid,mae,10.225675690967824,2,0.1,random,,
condition_recombine_pseudolabel__mult_0.5__sim_0.95__teacher_rf__seed_1,condition_recombine_pseudolabel,0.5,0.95,random_forest,1,316,0,1.0,True,,,,reaction_role_concat,6144,random_forest,False,valid,r2,0.7271112578288355,2,0.1,random,,
condition_recombine_pseudolabel__mult_0.5__sim_0.95__teacher_rf__seed_1,condition_recombine_pseudolabel,0.5,0.95,random_forest,1,316,0,1.0,True,,,,reaction_role_concat,6144,random_forest,False,valid,spearman,0.8613827436756167,2,0.1,random,,
condition_recombine_pseudolabel__mult_0.5__sim_0.95__teacher_rf__seed_2,condition_recombine_pseudolabel,0.5,0.95,random_forest,2,316,0,1.0,True,,,,reaction_role_concat,6144,random_forest,False,valid,rmse,14.471259460462234,2,0.1,random,,
condition_recombine_pseudolabel__mult_0.5__sim_0.95__teacher_rf__seed_2,condition_recombine_pseudolabel,0.5,0.95,random_forest,2,316,0,1.0,True,,,,reaction_role_concat,6144,random_forest,False,valid,mae,10.225675690967824,2,0.1,random,,
condition_recombine_pseudolabel__mult_0.5__sim_0.95__teacher_rf__seed_2,condition_recombine_pseudolabel,0.5,0.95,random_forest,2,316,0,1.0,True,,,,reaction_role_concat,6144,random_forest,False,valid,r2,0.7271112578288355,2,0.1,random,,
condition_recombine_pseudolabel__mult_0.5__sim_0.95__teacher_rf__seed_2,condition_recombine_pseudolabel,0.5,0.95,random_forest,2,316,0,1.0,True,,,,reaction_role_concat,6144,random_forest,False,valid,spearman,0.8613827436756167,2,0.1,random,,
condition_recombine_pseudolabel__mult_0.5__sim_0.95__teacher_rf__seed_3,condition_recombine_pseudolabel,0.5,0.95,random_forest,3,316,0,1.0,True,,,,reaction_role_concat,6144,random_forest,False,valid,rmse,14.471259460462234,2,0.1,random,,
condition_recombine_pseudolabel__mult_0.5__sim_0.95__teacher_rf__seed_3,condition_recombine_pseudolabel,0.5,0.95,random_forest,3,316,0,1.0,True,,,,reaction_role_concat,6144,random_forest,False,valid,mae,10.225675690967824,2,0.1,random,,
condition_recombine_pseudolabel__mult_0.5__sim_0.95__teacher_rf__seed_3,condition_recombine_pseudolabel,0.5,0.95,random_forest,3,316,0,1.0,True,,,,reaction_role_concat,6144,random_forest,False,valid,r2,0.7271112578288355,2,0.1,random,,
condition_recombine_pseudolabel__mult_0.5__sim_0.95__teacher_rf__seed_3,condition_recombine_pseudolabel,0.5,0.95,random_forest,3,316,0,1.0,True,,,,reaction_role_concat,6144,random_forest,False,valid,spearman,0.8613827436756167,2,0.1,random,,
condition_recombine_pseudolabel__mult_0.5__sim_0.95__teacher_rf__seed_4,condition_recombine_pseudolabel,0.5,0.95,random_forest,4,316,0,1.0,True,,,,reaction_role_concat,6144,random_forest,False,valid,rmse,14.471259460462234,2,0.1,random,,
condition_recombine_pseudolabel__mult_0.5__sim_0.95__teacher_rf__seed_4,condition_recombine_pseudolabel,0.5,0.95,random_forest,4,316,0,1.0,True,,,,reaction_role_concat,6144,random_forest,False,valid,mae,10.225675690967824,2,0.1,random,,
condition_recombine_pseudolabel__mult_0.5__sim_0.95__teacher_rf__seed_4,condition_recombine_pseudolabel,0.5,0.95,random_forest,4,316,0,1.0,True,,,,reaction_role_concat,6144,random_forest,False,valid,r2,0.7271112578288355,2,0.1,random,,
condition_recombine_pseudolabel__mult_0.5__sim_0.95__teacher_rf__seed_4,condition_recombine_pseudolabel,0.5,0.95,random_forest,4,316,0,1.0,True,,,,reaction_role_concat,6144,random_forest,False,valid,spearman,0.8613827436756167,2,0.1,random,,
condition_recombine_pseudolabel__mult_1__sim_0.7__teacher_ridge__seed_0,condition_recombine_pseudolabel,1.0,0.7,ridge,0,316,316,2.0,True,0.8435375148736977,0.75,0.85,reaction_role_concat,6144,random_forest,False,valid,rmse,14.354077244880212,2,0.1,random,,
condition_recombine_pseudolabel__mult_1__sim_0.7__teacher_ridge__seed_0,condition_recombine_pseudolabel,1.0,0.7,ridge,0,316,316,2.0,True,0.8435375148736977,0.75,0.85,reaction_role_concat,6144,random_forest,False,valid,mae,10.750530957177471,2,0.1,random,,
condition_recombine_pseudolabel__mult_1__sim_0.7__teacher_ridge__seed_0,condition_recombine_pseudolabel,1.0,0.7,ridge,0,316,316,2.0,True,0.8435375148736977,0.75,0.85,reaction_role_concat,6144,random_forest,False,valid,r2,0.7315128424237368,2,0.1,random,,
condition_recombine_pseudolabel__mult_1__sim_0.7__teacher_ridge__seed_0,condition_recombine_pseudolabel,1.0,0.7,ridge,0,316,316,2.0,True,0.8435375148736977,0.75,0.85,reaction_role_concat,6144,random_forest,False,valid,spearman,0.861469593789878,2,0.1,random,,
condition_recombine_pseudolabel__mult_1__sim_0.7__teacher_ridge__seed_1,condition_recombine_pseudolabel,1.0,0.7,ridge,1,316,316,2.0,True,0.8427325155161602,0.7631579041481018,0.85,reaction_role_concat,6144,random_forest,False,valid,rmse,14.468093271649206,2,0.1,random,,
condition_recombine_pseudolabel__mult_1__sim_0.7__teacher_ridge__seed_1,condition_recombine_pseudolabel,1.0,0.7,ridge,1,316,316,2.0,True,0.8427325155161602,0.7631579041481018,0.85,reaction_role_concat,6144,random_forest,False,valid,mae,10.666642796086359,2,0.1,random,,
condition_recombine_pseudolabel__mult_1__sim_0.7__teacher_ridge__seed_1,condition_recombine_pseudolabel,1.0,0.7,ridge,1,316,316,2.0,True,0.8427325155161602,0.7631579041481018,0.85,reaction_role_concat,6144,random_forest,False,valid,r2,0.7272306562495738,2,0.1,random,,
condition_recombine_pseudolabel__mult_1__sim_0.7__teacher_ridge__seed_1,condition_recombine_pseudolabel,1.0,0.7,ridge,1,316,316,2.0,True,0.8427325155161602,0.7631579041481018,0.85,reaction_role_concat,6144,random_forest,False,valid,spearman,0.8604799698421723,2,0.1,random,,
condition_recombine_pseudolabel__mult_1__sim_0.7__teacher_ridge__seed_2,condition_recombine_pseudolabel,1.0,0.7,ridge,2,316,316,2.0,True,0.8432317038125628,0.78125,0.85,reaction_role_concat,6144,random_forest,False,valid,rmse,14.204496783519748,2,0.1,random,,
condition_recombine_pseudolabel__mult_1__sim_0.7__teacher_ridge__seed_2,condition_recombine_pseudolabel,1.0,0.7,ridge,2,316,316,2.0,True,0.8432317038125628,0.78125,0.85,reaction_role_concat,6144,random_forest,False,valid,mae,10.45158270123186,2,0.1,random,,
condition_recombine_pseudolabel__mult_1__sim_0.7__teacher_ridge__seed_2,condition_recombine_pseudolabel,1.0,0.7,ridge,2,316,316,2.0,True,0.8432317038125628,0.78125,0.85,reaction_role_concat,6144,random_forest,False,valid,r2,0.7370793697605253,2,0.1,random,,
condition_recombine_pseudolabel__mult_1__sim_0.7__teacher_ridge__seed_2,condition_recombine_pseudolabel,1.0,0.7,ridge,2,316,316,2.0,True,0.8432317038125628,0.78125,0.85,reaction_role_concat,6144,random_forest,False,valid,spearman,0.8669943126053762,2,0.1,random,,
condition_recombine_pseudolabel__mult_1__sim_0.7__teacher_ridge__seed_3,condition_recombine_pseudolabel,1.0,0.7,ridge,3,316,316,2.0,True,0.8426703553411024,0.7718120813369751,0.85,reaction_role_concat,6144,random_forest,False,valid,rmse,14.132154123418927,2,0.1,random,,
condition_recombine_pseudolabel__mult_1__sim_0.7__teacher_ridge__seed_3,condition_recombine_pseudolabel,1.0,0.7,ridge,3,316,316,2.0,True,0.8426703553411024,0.7718120813369751,0.85,reaction_role_concat,6144,random_forest,False,valid,mae,10.487689846067488,2,0.1,random,,
condition_recombine_pseudolabel__mult_1__sim_0.7__teacher_ridge__seed_3,condition_recombine_pseudolabel,1.0,0.7,ridge,3,316,316,2.0,True,0.8426703553411024,0.7718120813369751,0.85,reaction_role_concat,6144,random_forest,False,valid,r2,0.7397506284820075,2,0.1,random,,
condition_recombine_pseudolabel__mult_1__sim_0.7__teacher_ridge__seed_3,condition_recombine_pseudolabel,1.0,0.7,ridge,3,316,316,2.0,True,0.8426703553411024,0.7718120813369751,0.85,reaction_role_concat,6144,random_forest,False,valid,spearman,0.8673859170443443,2,0.1,random,,
condition_recombine_pseudolabel__mult_1__sim_0.7__teacher_ridge__seed_4,condition_recombine_pseudolabel,1.0,0.7,ridge,4,316,316,2.0,True,0.8425452281402636,0.75,0.85,reaction_role_concat,6144,random_forest,False,valid,rmse,13.972182969112117,2,0.1,random,,
condition_recombine_pseudolabel__mult_1__sim_0.7__teacher_ridge__seed_4,condition_recombine_pseudolabel,1.0,0.7,ridge,4,316,316,2.0,True,0.8425452281402636,0.75,0.85,reaction_role_concat,6144,random_forest,False,valid,mae,10.197816787612588,2,0.1,random,,
condition_recombine_pseudolabel__mult_1__sim_0.7__teacher_ridge__seed_4,condition_recombine_pseudolabel,1.0,0.7,ridge,4,316,316,2.0,True,0.8425452281402636,0.75,0.85,reaction_role_concat,6144,random_forest,False,valid,r2,0.74560914938151,2,0.1,random,,
condition_recombine_pseudolabel__mult_1__sim_0.7__teacher_ridge__seed_4,condition_recombine_pseudolabel,1.0,0.7,ridge,4,316,316,2.0,True,0.8425452281402636,0.75,0.85,reaction_role_concat,6144,random_forest,False,valid,spearman,0.868204177537902,2,0.1,random,,
condition_recombine_pseudolabel__mult_1__sim_0.7__teacher_rf__seed_0,condition_recombine_pseudolabel,1.0,0.7,random_forest,0,316,316,2.0,True,0.8435375148736977,0.75,0.85,reaction_role_concat,6144,random_forest,False,valid,rmse,14.064653773494708,2,0.1,random,,
condition_recombine_pseudolabel__mult_1__sim_0.7__teacher_rf__seed_0,condition_recombine_pseudolabel,1.0,0.7,random_forest,0,316,316,2.0,True,0.8435375148736977,0.75,0.85,reaction_role_concat,6144,random_forest,False,valid,mae,10.111322865151907,2,0.1,random,,
condition_recombine_pseudolabel__mult_1__sim_0.7__teacher_rf__seed_0,condition_recombine_pseudolabel,1.0,0.7,random_forest,0,316,316,2.0,True,0.8435375148736977,0.75,0.85,reaction_role_concat,6144,random_forest,False,valid,r2,0.7422307840842859,2,0.1,random,,
condition_recombine_pseudolabel__mult_1__sim_0.7__teacher_rf__seed_0,condition_recombine_pseudolabel,1.0,0.7,random_forest,0,316,316,2.0,True,0.8435375148736977,0.75,0.85,reaction_role_concat,6144,random_forest,False,valid,spearman,0.8671543816500464,2,0.1,random,,
condition_recombine_pseudolabel__mult_1__sim_0.7__teacher_rf__seed_1,condition_recombine_pseudolabel,1.0,0.7,random_forest,1,316,316,2.0,True,0.8427325155161602,0.7631579041481018,0.85,reaction_role_concat,6144,random_forest,False,valid,rmse,13.663057162418802,2,0.1,random,,
condition_recombine_pseudolabel__mult_1__sim_0.7__teacher_rf__seed_1,condition_recombine_pseudolabel,1.0,0.7,random_forest,1,316,316,2.0,True,0.8427325155161602,0.7631579041481018,0.85,reaction_role_concat,6144,random_forest,False,valid,mae,9.755156278869018,2,0.1,random,,
condition_recombine_pseudolabel__mult_1__sim_0.7__teacher_rf__seed_1,condition_recombine_pseudolabel,1.0,0.7,random_forest,1,316,316,2.0,True,0.8427325155161602,0.7631579041481018,0.85,reaction_role_concat,6144,random_forest,False,valid,r2,0.7567411049556362,2,0.1,random,,
condition_recombine_pseudolabel__mult_1__sim_0.7__teacher_rf__seed_1,condition_recombine_pseudolabel,1.0,0.7,random_forest,1,316,316,2.0,True,0.8427325155161602,0.7631579041481018,0.85,reaction_role_concat,6144,random_forest,False,valid,spearman,0.8738802024941651,2,0.1,random,,
condition_recombine_pseudolabel__mult_1__sim_0.7__teacher_rf__seed_2,condition_recombine_pseudolabel,1.0,0.7,random_forest,2,316,316,2.0,True,0.8432317038125628,0.78125,0.85,reaction_role_concat,6144,random_forest,False,valid,rmse,13.984926207097038,2,0.1,random,,
condition_recombine_pseudolabel__mult_1__sim_0.7__teacher_rf__seed_2,condition_recombine_pseudolabel,1.0,0.7,random_forest,2,316,316,2.0,True,0.8432317038125628,0.78125,0.85,reaction_role_concat,6144,random_forest,False,valid,mae,10.12413771206367,2,0.1,random,,
condition_recombine_pseudolabel__mult_1__sim_0.7__teacher_rf__seed_2,condition_recombine_pseudolabel,1.0,0.7,random_forest,2,316,316,2.0,True,0.8432317038125628,0.78125,0.85,reaction_role_concat,6144,random_forest,False,valid,r2,0.7451449067542535,2,0.1,random,,
condition_recombine_pseudolabel__mult_1__sim_0.7__teacher_rf__seed_2,condition_recombine_pseudolabel,1.0,0.7,random_forest,2,316,316,2.0,True,0.8432317038125628,0.78125,0.85,reaction_role_concat,6144,random_forest,False,valid,spearman,0.8722327765599677,2,0.1,random,,
condition_recombine_pseudolabel__mult_1__sim_0.7__teacher_rf__seed_3,condition_recombine_pseudolabel,1.0,0.7,random_forest,3,316,316,2.0,True,0.8426703553411024,0.7718120813369751,0.85,reaction_role_concat,6144,random_forest,False,valid,rmse,13.829415976070072,2,0.1,random,,
condition_recombine_pseudolabel__mult_1__sim_0.7__teacher_rf__seed_3,condition_recombine_pseudolabel,1.0,0.7,random_forest,3,316,316,2.0,True,0.8426703553411024,0.7718120813369751,0.85,reaction_role_concat,6144,random_forest,False,valid,mae,9.948043785431716,2,0.1,random,,
condition_recombine_pseudolabel__mult_1__sim_0.7__teacher_rf__seed_3,condition_recombine_pseudolabel,1.0,0.7,random_forest,3,316,316,2.0,True,0.8426703553411024,0.7718120813369751,0.85,reaction_role_concat,6144,random_forest,False,valid,r2,0.750781292642288,2,0.1,random,,
condition_recombine_pseudolabel__mult_1__sim_0.7__teacher_rf__seed_3,condition_recombine_pseudolabel,1.0,0.7,random_forest,3,316,316,2.0,True,0.8426703553411024,0.7718120813369751,0.85,reaction_role_concat,6144,random_forest,False,valid,spearman,0.8742663544595921,2,0.1,random,,
condition_recombine_pseudolabel__mult_1__sim_0.7__teacher_rf__seed_4,condition_recombine_pseudolabel,1.0,0.7,random_forest,4,316,316,2.0,True,0.8425452281402636,0.75,0.85,reaction_role_concat,6144,random_forest,False,valid,rmse,13.419750232724809,2,0.1,random,,
condition_recombine_pseudolabel__mult_1__sim_0.7__teacher_rf__seed_4,condition_recombine_pseudolabel,1.0,0.7,random_forest,4,316,316,2.0,True,0.8425452281402636,0.75,0.85,reaction_role_concat,6144,random_forest,False,valid,mae,9.570671155293532,2,0.1,random,,
condition_recombine_pseudolabel__mult_1__sim_0.7__teacher_rf__seed_4,condition_recombine_pseudolabel,1.0,0.7,random_forest,4,316,316,2.0,True,0.8425452281402636,0.75,0.85,reaction_role_concat,6144,random_forest,False,valid,r2,0.765327702712451,2,0.1,random,,
condition_recombine_pseudolabel__mult_1__sim_0.7__teacher_rf__seed_4,condition_recombine_pseudolabel,1.0,0.7,random_forest,4,316,316,2.0,True,0.8425452281402636,0.75,0.85,reaction_role_concat,6144,random_forest,False,valid,spearman,0.881390790065803,2,0.1,random,,
condition_recombine_pseudolabel__mult_1__sim_0.8__teacher_ridge__seed_0,condition_recombine_pseudolabel,1.0,0.8,ridge,0,316,306,1.9683544303797469,True,0.8454179399153764,0.803680956363678,0.85,reaction_role_concat,6144,random_forest,False,valid,rmse,14.268164849269999,2,0.1,random,,
condition_recombine_pseudolabel__mult_1__sim_0.8__teacher_ridge__seed_0,condition_recombine_pseudolabel,1.0,0.8,ridge,0,316,306,1.9683544303797469,True,0.8454179399153764,0.803680956363678,0.85,reaction_role_concat,6144,random_forest,False,valid,mae,10.633451462655882,2,0.1,random,,
condition_recombine_pseudolabel__mult_1__sim_0.8__teacher_ridge__seed_0,condition_recombine_pseudolabel,1.0,0.8,ridge,0,316,306,1.9683544303797469,True,0.8454179399153764,0.803680956363678,0.85,reaction_role_concat,6144,random_forest,False,valid,r2,0.7347171370325531,2,0.1,random,,
condition_recombine_pseudolabel__mult_1__sim_0.8__teacher_ridge__seed_0,condition_recombine_pseudolabel,1.0,0.8,ridge,0,316,306,1.9683544303797469,True,0.8454179399153764,0.803680956363678,0.85,reaction_role_concat,6144,random_forest,False,valid,spearman,0.8650892572963629,2,0.1,random,,
condition_recombine_pseudolabel__mult_1__sim_0.8__teacher_ridge__seed_1,condition_recombine_pseudolabel,1.0,0.8,ridge,1,316,308,1.9746835443037976,True,0.8442961687778496,0.8014184236526489,0.85,reaction_role_concat,6144,random_forest,False,valid,rmse,14.585170155013124,2,0.1,random,,
condition_recombine_pseudolabel__mult_1__sim_0.8__teacher_ridge__seed_1,condition_recombine_pseudolabel,1.0,0.8,ridge,1,316,308,1.9746835443037976,True,0.8442961687778496,0.8014184236526489,0.85,reaction_role_concat,6144,random_forest,False,valid,mae,10.754664240408546,2,0.1,random,,
condition_recombine_pseudolabel__mult_1__sim_0.8__teacher_ridge__seed_1,condition_recombine_pseudolabel,1.0,0.8,ridge,1,316,308,1.9746835443037976,True,0.8442961687778496,0.8014184236526489,0.85,reaction_role_concat,6144,random_forest,False,valid,r2,0.7227982553556718,2,0.1,random,,
condition_recombine_pseudolabel__mult_1__sim_0.8__teacher_ridge__seed_1,condition_recombine_pseudolabel,1.0,0.8,ridge,1,316,308,1.9746835443037976,True,0.8442961687778496,0.8014184236526489,0.85,reaction_role_concat,6144,random_forest,False,valid,spearman,0.8539876317043306,2,0.1,random,,
condition_recombine_pseudolabel__mult_1__sim_0.8__teacher_ridge__seed_2,condition_recombine_pseudolabel,1.0,0.8,ridge,2,316,309,1.9778481012658229,True,0.844420419503184,0.800000011920929,0.85,reaction_role_concat,6144,random_forest,False,valid,rmse,14.05698307964292,2,0.1,random,,
condition_recombine_pseudolabel__mult_1__sim_0.8__teacher_ridge__seed_2,condition_recombine_pseudolabel,1.0,0.8,ridge,2,316,309,1.9778481012658229,True,0.844420419503184,0.800000011920929,0.85,reaction_role_concat,6144,random_forest,False,valid,mae,10.359956425457062,2,0.1,random,,
condition_recombine_pseudolabel__mult_1__sim_0.8__teacher_ridge__seed_2,condition_recombine_pseudolabel,1.0,0.8,ridge,2,316,309,1.9778481012658229,True,0.844420419503184,0.800000011920929,0.85,reaction_role_concat,6144,random_forest,False,valid,r2,0.742511875902426,2,0.1,random,,
condition_recombine_pseudolabel__mult_1__sim_0.8__teacher_ridge__seed_2,condition_recombine_pseudolabel,1.0,0.8,ridge,2,316,309,1.9778481012658229,True,0.844420419503184,0.800000011920929,0.85,reaction_role_concat,6144,random_forest,False,valid,spearman,0.8688321856511154,2,0.1,random,,
condition_recombine_pseudolabel__mult_1__sim_0.8__teacher_ridge__seed_3,condition_recombine_pseudolabel,1.0,0.8,ridge,3,316,304,1.9620253164556962,True,0.8448523354765615,0.800000011920929,0.85,reaction_role_concat,6144,random_forest,False,valid,rmse,14.066995415429107,2,0.1,random,,
condition_recombine_pseudolabel__mult_1__sim_0.8__teacher_ridge__seed_3,condition_recombine_pseudolabel,1.0,0.8,ridge,3,316,304,1.9620253164556962,True,0.8448523354765615,0.800000011920929,0.85,reaction_role_concat,6144,random_forest,False,valid,mae,10.471207017549984,2,0.1,random,,
condition_recombine_pseudolabel__mult_1__sim_0.8__teacher_ridge__seed_3,condition_recombine_pseudolabel,1.0,0.8,ridge,3,316,304,1.9620253164556962,True,0.8448523354765615,0.800000011920929,0.85,reaction_role_concat,6144,random_forest,False,valid,r2,0.7421449442957728,2,0.1,random,,
condition_recombine_pseudolabel__mult_1__sim_0.8__teacher_ridge__seed_3,condition_recombine_pseudolabel,1.0,0.8,ridge,3,316,304,1.9620253164556962,True,0.8448523354765615,0.800000011920929,0.85,reaction_role_concat,6144,random_forest,False,valid,spearman,0.8702190612425285,2,0.1,random,,
condition_recombine_pseudolabel__mult_1__sim_0.8__teacher_ridge__seed_4,condition_recombine_pseudolabel,1.0,0.8,ridge,4,316,308,1.9746835443037976,True,0.8440980538145286,0.8012820482254028,0.85,reaction_role_concat,6144,random_forest,False,valid,rmse,13.794604707991974,2,0.1,random,,
condition_recombine_pseudolabel__mult_1__sim_0.8__teacher_ridge__seed_4,condition_recombine_pseudolabel,1.0,0.8,ridge,4,316,308,1.9746835443037976,True,0.8440980538145286,0.8012820482254028,0.85,reaction_role_concat,6144,random_forest,False,valid,mae,10.11185970160931,2,0.1,random,,
condition_recombine_pseudolabel__mult_1__sim_0.8__teacher_ridge__seed_4,condition_recombine_pseudolabel,1.0,0.8,ridge,4,316,308,1.9746835443037976,True,0.8440980538145286,0.8012820482254028,0.85,reaction_role_concat,6144,random_forest,False,valid,r2,0.7520343752244827,2,0.1,random,,
condition_recombine_pseudolabel__mult_1__sim_0.8__teacher_ridge__seed_4,condition_recombine_pseudolabel,1.0,0.8,ridge,4,316,308,1.9746835443037976,True,0.8440980538145286,0.8012820482254028,0.85,reaction_role_concat,6144,random_forest,False,valid,spearman,0.8738178885108384,2,0.1,random,,
condition_recombine_pseudolabel__mult_1__sim_0.8__teacher_rf__seed_0,condition_recombine_pseudolabel,1.0,0.8,random_forest,0,316,306,1.9683544303797469,True,0.8454179399153764,0.803680956363678,0.85,reaction_role_concat,6144,random_forest,False,valid,rmse,14.007131475558312,2,0.1,random,,
condition_recombine_pseudolabel__mult_1__sim_0.8__teacher_rf__seed_0,condition_recombine_pseudolabel,1.0,0.8,random_forest,0,316,306,1.9683544303797469,True,0.8454179399153764,0.803680956363678,0.85,reaction_role_concat,6144,random_forest,False,valid,mae,10.112051314135895,2,0.1,random,,
condition_recombine_pseudolabel__mult_1__sim_0.8__teacher_rf__seed_0,condition_recombine_pseudolabel,1.0,0.8,random_forest,0,316,306,1.9683544303797469,True,0.8454179399153764,0.803680956363678,0.85,reaction_role_concat,6144,random_forest,False,valid,r2,0.7443349463067186,2,0.1,random,,
condition_recombine_pseudolabel__mult_1__sim_0.8__teacher_rf__seed_0,condition_recombine_pseudolabel,1.0,0.8,random_forest,0,316,306,1.9683544303797469,True,0.8454179399153764,0.803680956363678,0.85,reaction_role_concat,6144,random_forest,False,valid,spearman,0.8698036995974171,2,0.1,random,,
condition_recombine_pseudolabel__mult_1__sim_0.8__teacher_rf__seed_1,condition_recombine_pseudolabel,1.0,0.8,random_forest,1,316,308,1.9746835443037976,True,0.8442961687778496,0.8014184236526489,0.85,reaction_role_concat,6144,random_forest,False,valid,rmse,13.808201027932935,2,0.1,random,,
condition_recombine_pseudolabel__mult_1__sim_0.8__teacher_rf__seed_1,condition_recombine_pseudolabel,1.0,0.8,random_forest,1,316,308,1.9746835443037976,True,0.8442961687778496,0.8014184236526489,0.85,reaction_role_concat,6144,random_forest,False,valid,mae,9.92974865459264,2,0.1,random,,
condition_recombine_pseudolabel__mult_1__sim_0.8__teacher_rf__seed_1,condition_recombine_pseudolabel,1.0,0.8,random_forest,1,316,308,1.9746835443037976,True,0.8442961687778496,0.8014184236526489,0.85,reaction_role_concat,6144,random_forest,False,valid,r2,0.7515453316426385,2,0.1,random,,
condition_recombine_pseudolabel__mult_1__sim_0.8__teacher_rf__seed_1,condition_recombine_pseudolabel,1.0,0.8,random_forest,1,316,308,1.9746835443037976,True,0.8442961687778496,0.8014184236526489,0.85,reaction_role_concat,6144,random_forest,False,valid,spearman,0.8712538628281461,2,0.1,random,,
condition_recombine_pseudolabel__mult_1__sim_0.8__teacher_rf__seed_2,condition_recombine_pseudolabel,1.0,0.8,random_forest,2,316,309,1.9778481012658229,True,0.844420419503184,0.800000011920929,0.85,reaction_role_concat,6144,random_forest,False,valid,rmse,13.98402925440037,2,0.1,random,,
condition_recombine_pseudolabel__mult_1__sim_0.8__teacher_rf__seed_2,condition_recombine_pseudolabel,1.0,0.8,random_forest,2,316,309,1.9778481012658229,True,0.844420419503184,0.800000011920929,0.85,reaction_role_concat,6144,random_forest,False,valid,mae,10.055985641686977,2,0.1,random,,
condition_recombine_pseudolabel__mult_1__sim_0.8__teacher_rf__seed_2,condition_recombine_pseudolabel,1.0,0.8,random_forest,2,316,309,1.9778481012658229,True,0.844420419503184,0.800000011920929,0.85,reaction_role_concat,6144,random_forest,False,valid,r2,0.7451775970422272,2,0.1,random,,
condition_recombine_pseudolabel__mult_1__sim_0.8__teacher_rf__seed_2,condition_recombine_pseudolabel,1.0,0.8,random_forest,2,316,309,1.9778481012658229,True,0.844420419503184,0.800000011920929,0.85,reaction_role_concat,6144,random_forest,False,valid,spearman,0.8738513822768765,2,0.1,random,,
condition_recombine_pseudolabel__mult_1__sim_0.8__teacher_rf__seed_3,condition_recombine_pseudolabel,1.0,0.8,random_forest,3,316,304,1.9620253164556962,True,0.8448523354765615,0.800000011920929,0.85,reaction_role_concat,6144,random_forest,False,valid,rmse,13.85471658179376,2,0.1,random,,
condition_recombine_pseudolabel__mult_1__sim_0.8__teacher_rf__seed_3,condition_recombine_pseudolabel,1.0,0.8,random_forest,3,316,304,1.9620253164556962,True,0.8448523354765615,0.800000011920929,0.85,reaction_role_concat,6144,random_forest,False,valid,mae,9.922243690330394,2,0.1,random,,
condition_recombine_pseudolabel__mult_1__sim_0.8__teacher_rf__seed_3,condition_recombine_pseudolabel,1.0,0.8,random_forest,3,316,304,1.9620253164556962,True,0.8448523354765615,0.800000011920929,0.85,reaction_role_concat,6144,random_forest,False,valid,r2,0.749868578462002,2,0.1,random,,
condition_recombine_pseudolabel__mult_1__sim_0.8__teacher_rf__seed_3,condition_recombine_pseudolabel,1.0,0.8,random_forest,3,316,304,1.9620253164556962,True,0.8448523354765615,0.800000011920929,0.85,reaction_role_concat,6144,random_forest,False,valid,spearman,0.8762586493452628,2,0.1,random,,
condition_recombine_pseudolabel__mult_1__sim_0.8__teacher_rf__seed_4,condition_recombine_pseudolabel,1.0,0.8,random_forest,4,316,308,1.9746835443037976,True,0.8440980538145286,0.8012820482254028,0.85,reaction_role_concat,6144,random_forest,True,valid,rmse,13.417276730526927,2,0.1,random,,
condition_recombine_pseudolabel__mult_1__sim_0.8__teacher_rf__seed_4,condition_recombine_pseudolabel,1.0,0.8,random_forest,4,316,308,1.9746835443037976,True,0.8440980538145286,0.8012820482254028,0.85,reaction_role_concat,6144,random_forest,True,valid,mae,9.553542356528814,2,0.1,random,,
condition_recombine_pseudolabel__mult_1__sim_0.8__teacher_rf__seed_4,condition_recombine_pseudolabel,1.0,0.8,random_forest,4,316,308,1.9746835443037976,True,0.8440980538145286,0.8012820482254028,0.85,reaction_role_concat,6144,random_forest,True,valid,r2,0.7654142034204678,2,0.1,random,,
condition_recombine_pseudolabel__mult_1__sim_0.8__teacher_rf__seed_4,condition_recombine_pseudolabel,1.0,0.8,random_forest,4,316,308,1.9746835443037976,True,0.8440980538145286,0.8012820482254028,0.85,reaction_role_concat,6144,random_forest,True,valid,spearman,0.8797433641316057,2,0.1,random,,
condition_recombine_pseudolabel__mult_1__sim_0.85__teacher_ridge__seed_0,condition_recombine_pseudolabel,1.0,0.85,ridge,0,316,238,1.7531645569620253,True,0.8499999999999995,0.85,0.85,reaction_role_concat,6144,random_forest,False,valid,rmse,14.172222044585778,2,0.1,random,,
condition_recombine_pseudolabel__mult_1__sim_0.85__teacher_ridge__seed_0,condition_recombine_pseudolabel,1.0,0.85,ridge,0,316,238,1.7531645569620253,True,0.8499999999999995,0.85,0.85,reaction_role_concat,6144,random_forest,False,valid,mae,10.441326507511018,2,0.1,random,,
condition_recombine_pseudolabel__mult_1__sim_0.85__teacher_ridge__seed_0,condition_recombine_pseudolabel,1.0,0.85,ridge,0,316,238,1.7531645569620253,True,0.8499999999999995,0.85,0.85,reaction_role_concat,6144,random_forest,False,valid,r2,0.7382728022977595,2,0.1,random,,
condition_recombine_pseudolabel__mult_1__sim_0.85__teacher_ridge__seed_0,condition_recombine_pseudolabel,1.0,0.85,ridge,0,316,238,1.7531645569620253,True,0.8499999999999995,0.85,0.85,reaction_role_concat,6144,random_forest,False,valid,spearman,0.8686795163919654,2,0.1,random,,
condition_recombine_pseudolabel__mult_1__sim_0.85__teacher_ridge__seed_1,condition_recombine_pseudolabel,1.0,0.85,ridge,1,316,225,1.7120253164556962,True,0.8499999999999998,0.85,0.85,reaction_role_concat,6144,random_forest,False,valid,rmse,14.285761764202793,2,0.1,random,,
condition_recombine_pseudolabel__mult_1__sim_0.85__teacher_ridge__seed_1,condition_recombine_pseudolabel,1.0,0.85,ridge,1,316,225,1.7120253164556962,True,0.8499999999999998,0.85,0.85,reaction_role_concat,6144,random_forest,False,valid,mae,10.46436590282223,2,0.1,random,,
condition_recombine_pseudolabel__mult_1__sim_0.85__teacher_ridge__seed_1,condition_recombine_pseudolabel,1.0,0.85,ridge,1,316,225,1.7120253164556962,True,0.8499999999999998,0.85,0.85,reaction_role_concat,6144,random_forest,False,valid,r2,0.734062387295517,2,0.1,random,,
condition_recombine_pseudolabel__mult_1__sim_0.85__teacher_ridge__seed_1,condition_recombine_pseudolabel,1.0,0.85,ridge,1,316,225,1.7120253164556962,True,0.8499999999999998,0.85,0.85,reaction_role_concat,6144,random_forest,False,valid,spearman,0.8647229679131211,2,0.1,random,,
condition_recombine_pseudolabel__mult_1__sim_0.85__teacher_ridge__seed_2,condition_recombine_pseudolabel,1.0,0.85,ridge,2,316,223,1.7056962025316456,True,0.8499999999999995,0.85,0.85,reaction_role_concat,6144,random_forest,False,valid,rmse,14.005164866777028,2,0.1,random,,
condition_recombine_pseudolabel__mult_1__sim_0.85__teacher_ridge__seed_2,condition_recombine_pseudolabel,1.0,0.85,ridge,2,316,223,1.7056962025316456,True,0.8499999999999995,0.85,0.85,reaction_role_concat,6144,random_forest,False,valid,mae,10.285249677857266,2,0.1,random,,
condition_recombine_pseudolabel__mult_1__sim_0.85__teacher_ridge__seed_2,condition_recombine_pseudolabel,1.0,0.85,ridge,2,316,223,1.7056962025316456,True,0.8499999999999995,0.85,0.85,reaction_role_concat,6144,random_forest,False,valid,r2,0.7444067322886414,2,0.1,random,,
condition_recombine_pseudolabel__mult_1__sim_0.85__teacher_ridge__seed_2,condition_recombine_pseudolabel,1.0,0.85,ridge,2,316,223,1.7056962025316456,True,0.8499999999999995,0.85,0.85,reaction_role_concat,6144,random_forest,False,valid,spearman,0.8700295877869759,2,0.1,random,,
condition_recombine_pseudolabel__mult_1__sim_0.85__teacher_ridge__seed_3,condition_recombine_pseudolabel,1.0,0.85,ridge,3,316,231,1.731012658227848,True,0.8499999999999996,0.85,0.85,reaction_role_concat,6144,random_forest,False,valid,rmse,14.244657371845108,2,0.1,random,,
condition_recombine_pseudolabel__mult_1__sim_0.85__teacher_ridge__seed_3,condition_recombine_pseudolabel,1.0,0.85,ridge,3,316,231,1.731012658227848,True,0.8499999999999996,0.85,0.85,reaction_role_concat,6144,random_forest,False,valid,mae,10.575577435013615,2,0.1,random,,
condition_recombine_pseudolabel__mult_1__sim_0.85__teacher_ridge__seed_3,condition_recombine_pseudolabel,1.0,0.85,ridge,3,316,231,1.731012658227848,True,0.8499999999999996,0.85,0.85,reaction_role_concat,6144,random_forest,False,valid,r2,0.7355905491100992,2,0.1,random,,
condition_recombine_pseudolabel__mult_1__sim_0.85__teacher_ridge__seed_3,condition_recombine_pseudolabel,1.0,0.85,ridge,3,316,231,1.731012658227848,True,0.8499999999999996,0.85,0.85,reaction_role_concat,6144,random_forest,False,valid,spearman,0.8630291959538245,2,0.1,random,,
condition_recombine_pseudolabel__mult_1__sim_0.85__teacher_ridge__seed_4,condition_recombine_pseudolabel,1.0,0.85,ridge,4,316,217,1.6867088607594938,True,0.8499999999999996,0.85,0.85,reaction_role_concat,6144,random_forest,False,valid,rmse,13.66930210916971,2,0.1,random,,
condition_recombine_pseudolabel__mult_1__sim_0.85__teacher_ridge__seed_4,condition_recombine_pseudolabel,1.0,0.85,ridge,4,316,217,1.6867088607594938,True,0.8499999999999996,0.85,0.85,reaction_role_concat,6144,random_forest,False,valid,mae,9.971727340639392,2,0.1,random,,
condition_recombine_pseudolabel__mult_1__sim_0.85__teacher_ridge__seed_4,condition_recombine_pseudolabel,1.0,0.85,ridge,4,316,217,1.6867088607594938,True,0.8499999999999996,0.85,0.85,reaction_role_concat,6144,random_forest,False,valid,r2,0.7565186824036289,2,0.1,random,,
condition_recombine_pseudolabel__mult_1__sim_0.85__teacher_ridge__seed_4,condition_recombine_pseudolabel,1.0,0.85,ridge,4,316,217,1.6867088607594938,True,0.8499999999999996,0.85,0.85,reaction_role_concat,6144,random_forest,False,valid,spearman,0.8761075379356957,2,0.1,random,,
condition_recombine_pseudolabel__mult_1__sim_0.85__teacher_rf__seed_0,condition_recombine_pseudolabel,1.0,0.85,random_forest,0,316,238,1.7531645569620253,True,0.8499999999999995,0.85,0.85,reaction_role_concat,6144,random_forest,False,valid,rmse,14.015672449635987,2,0.1,random,,
condition_recombine_pseudolabel__mult_1__sim_0.85__teacher_rf__seed_0,condition_recombine_pseudolabel,1.0,0.85,random_forest,0,316,238,1.7531645569620253,True,0.8499999999999995,0.85,0.85,reaction_role_concat,6144,random_forest,False,valid,mae,10.084607716234425,2,0.1,random,,
condition_recombine_pseudolabel__mult_1__sim_0.85__teacher_rf__seed_0,condition_recombine_pseudolabel,1.0,0.85,random_forest,0,316,238,1.7531645569620253,True,0.8499999999999995,0.85,0.85,reaction_role_concat,6144,random_forest,False,valid,r2,0.7440230631287051,2,0.1,random,,
condition_recombine_pseudolabel__mult_1__sim_0.85__teacher_rf__seed_0,condition_recombine_pseudolabel,1.0,0.85,random_forest,0,316,238,1.7531645569620253,True,0.8499999999999995,0.85,0.85,reaction_role_concat,6144,random_forest,False,valid,spearman,0.8714267841318774,2,0.1,random,,
condition_recombine_pseudolabel__mult_1__sim_0.85__teacher_rf__seed_1,condition_recombine_pseudolabel,1.0,0.85,random_forest,1,316,225,1.7120253164556962,True,0.8499999999999998,0.85,0.85,reaction_role_concat,6144,random_forest,False,valid,rmse,13.716750710170116,2,0.1,random,,
condition_recombine_pseudolabel__mult_1__sim_0.85__teacher_rf__seed_1,condition_recombine_pseudolabel,1.0,0.85,random_forest,1,316,225,1.7120253164556962,True,0.8499999999999998,0.85,0.85,reaction_role_concat,6144,random_forest,False,valid,mae,9.809203053135661,2,0.1,random,,
condition_recombine_pseudolabel__mult_1__sim_0.85__teacher_rf__seed_1,condition_recombine_pseudolabel,1.0,0.85,random_forest,1,316,225,1.7120253164556962,True,0.8499999999999998,0.85,0.85,reaction_role_concat,6144,random_forest,False,valid,r2,0.7548254139687772,2,0.1,random,,
condition_recombine_pseudolabel__mult_1__sim_0.85__teacher_rf__seed_1,condition_recombine_pseudolabel,1.0,0.85,random_forest,1,316,225,1.7120253164556962,True,0.8499999999999998,0.85,0.85,reaction_role_concat,6144,random_forest,False,valid,spearman,0.8752962877652624,2,0.1,random,,
condition_recombine_pseudolabel__mult_1__sim_0.85__teacher_rf__seed_2,condition_recombine_pseudolabel,1.0,0.85,random_forest,2,316,223,1.7056962025316456,True,0.8499999999999995,0.85,0.85,reaction_role_concat,6144,random_forest,False,valid,rmse,13.917726134740308,2,0.1,random,,
condition_recombine_pseudolabel__mult_1__sim_0.85__teacher_rf__seed_2,condition_recombine_pseudolabel,1.0,0.85,random_forest,2,316,223,1.7056962025316456,True,0.8499999999999995,0.85,0.85,reaction_role_concat,6144,random_forest,False,valid,mae,10.071095189463488,2,0.1,random,,
condition_recombine_pseudolabel__mult_1__sim_0.85__teacher_rf__seed_2,condition_recombine_pseudolabel,1.0,0.85,random_forest,2,316,223,1.7056962025316456,True,0.8499999999999995,0.85,0.85,reaction_role_concat,6144,random_forest,False,valid,r2,0.7475882708495984,2,0.1,random,,
condition_recombine_pseudolabel__mult_1__sim_0.85__teacher_rf__seed_2,condition_recombine_pseudolabel,1.0,0.85,random_forest,2,316,223,1.7056962025316456,True,0.8499999999999995,0.85,0.85,reaction_role_concat,6144,random_forest,False,valid,spearman,0.8759316956639959,2,0.1,random,,
condition_recombine_pseudolabel__mult_1__sim_0.85__teacher_rf__seed_3,condition_recombine_pseudolabel,1.0,0.85,random_forest,3,316,231,1.731012658227848,True,0.8499999999999996,0.85,0.85,reaction_role_concat,6144,random_forest,False,valid,rmse,14.000578028294642,2,0.1,random,,
condition_recombine_pseudolabel__mult_1__sim_0.85__teacher_rf__seed_3,condition_recombine_pseudolabel,1.0,0.85,random_forest,3,316,231,1.731012658227848,True,0.8499999999999996,0.85,0.85,reaction_role_concat,6144,random_forest,False,valid,mae,10.031488053841683,2,0.1,random,,
condition_recombine_pseudolabel__mult_1__sim_0.85__teacher_rf__seed_3,condition_recombine_pseudolabel,1.0,0.85,random_forest,3,316,231,1.731012658227848,True,0.8499999999999996,0.85,0.85,reaction_role_concat,6144,random_forest,False,valid,r2,0.7445741238283199,2,0.1,random,,
condition_recombine_pseudolabel__mult_1__sim_0.85__teacher_rf__seed_3,condition_recombine_pseudolabel,1.0,0.85,random_forest,3,316,231,1.731012658227848,True,0.8499999999999996,0.85,0.85,reaction_role_concat,6144,random_forest,False,valid,spearman,0.8705187525560899,2,0.1,random,,
condition_recombine_pseudolabel__mult_1__sim_0.85__teacher_rf__seed_4,condition_recombine_pseudolabel,1.0,0.85,random_forest,4,316,217,1.6867088607594938,True,0.8499999999999996,0.85,0.85,reaction_role_concat,6144,random_forest,False,valid,rmse,13.580609959559126,2,0.1,random,,
condition_recombine_pseudolabel__mult_1__sim_0.85__teacher_rf__seed_4,condition_recombine_pseudolabel,1.0,0.85,random_forest,4,316,217,1.6867088607594938,True,0.8499999999999996,0.85,0.85,reaction_role_concat,6144,random_forest,False,valid,mae,9.779562415748458,2,0.1,random,,
condition_recombine_pseudolabel__mult_1__sim_0.85__teacher_rf__seed_4,condition_recombine_pseudolabel,1.0,0.85,random_forest,4,316,217,1.6867088607594938,True,0.8499999999999996,0.85,0.85,reaction_role_concat,6144,random_forest,False,valid,r2,0.759668049205828,2,0.1,random,,
condition_recombine_pseudolabel__mult_1__sim_0.85__teacher_rf__seed_4,condition_recombine_pseudolabel,1.0,0.85,random_forest,4,316,217,1.6867088607594938,True,0.8499999999999996,0.85,0.85,reaction_role_concat,6144,random_forest,False,valid,spearman,0.876620070448557,2,0.1,random,,
condition_recombine_pseudolabel__mult_1__sim_0.9__teacher_ridge__seed_0,condition_recombine_pseudolabel,1.0,0.9,ridge,0,316,116,1.3670886075949367,True,0.8499999999999995,0.85,0.85,reaction_role_concat,6144,random_forest,False,valid,rmse,14.281781718725608,2,0.1,random,,
condition_recombine_pseudolabel__mult_1__sim_0.9__teacher_ridge__seed_0,condition_recombine_pseudolabel,1.0,0.9,ridge,0,316,116,1.3670886075949367,True,0.8499999999999995,0.85,0.85,reaction_role_concat,6144,random_forest,False,valid,mae,10.2055786410208,2,0.1,random,,
condition_recombine_pseudolabel__mult_1__sim_0.9__teacher_ridge__seed_0,condition_recombine_pseudolabel,1.0,0.9,ridge,0,316,116,1.3670886075949367,True,0.8499999999999995,0.85,0.85,reaction_role_concat,6144,random_forest,False,valid,r2,0.7342105482921388,2,0.1,random,,
condition_recombine_pseudolabel__mult_1__sim_0.9__teacher_ridge__seed_0,condition_recombine_pseudolabel,1.0,0.9,ridge,0,316,116,1.3670886075949367,True,0.8499999999999995,0.85,0.85,reaction_role_concat,6144,random_forest,False,valid,spearman,0.8640003204377303,2,0.1,random,,
condition_recombine_pseudolabel__mult_1__sim_0.9__teacher_ridge__seed_1,condition_recombine_pseudolabel,1.0,0.9,ridge,1,316,105,1.3322784810126582,True,0.8499999999999998,0.85,0.85,reaction_role_concat,6144,random_forest,False,valid,rmse,14.181784570883439,2,0.1,random,,
condition_recombine_pseudolabel__mult_1__sim_0.9__teacher_ridge__seed_1,condition_recombine_pseudolabel,1.0,0.9,ridge,1,316,105,1.3322784810126582,True,0.8499999999999998,0.85,0.85,reaction_role_concat,6144,random_forest,False,valid,mae,10.378228772774525,2,0.1,random,,
condition_recombine_pseudolabel__mult_1__sim_0.9__teacher_ridge__seed_1,condition_recombine_pseudolabel,1.0,0.9,ridge,1,316,105,1.3322784810126582,True,0.8499999999999998,0.85,0.85,reaction_role_concat,6144,random_forest,False,valid,r2,0.7379194889556264,2,0.1,random,,
condition_recombine_pseudolabel__mult_1__sim_0.9__teacher_ridge__seed_1,condition_recombine_pseudolabel,1.0,0.9,ridge,1,316,105,1.3322784810126582,True,0.8499999999999998,0.85,0.85,reaction_role_concat,6144,random_forest,False,valid,spearman,0.8669635450761087,2,0.1,random,,
condition_recombine_pseudolabel__mult_1__sim_0.9__teacher_ridge__seed_2,condition_recombine_pseudolabel,1.0,0.9,ridge,2,316,88,1.2784810126582278,True,0.8499999999999998,0.85,0.85,reaction_role_concat,6144,random_forest,False,valid,rmse,14.058215561170377,2,0.1,random,,
condition_recombine_pseudolabel__mult_1__sim_0.9__teacher_ridge__seed_2,condition_recombine_pseudolabel,1.0,0.9,ridge,2,316,88,1.2784810126582278,True,0.8499999999999998,0.85,0.85,reaction_role_concat,6144,random_forest,False,valid,mae,10.17589293029942,2,0.1,random,,
condition_recombine_pseudolabel__mult_1__sim_0.9__teacher_ridge__seed_2,condition_recombine_pseudolabel,1.0,0.9,ridge,2,316,88,1.2784810126582278,True,0.8499999999999998,0.85,0.85,reaction_role_concat,6144,random_forest,False,valid,r2,0.7424667220786083,2,0.1,random,,
condition_recombine_pseudolabel__mult_1__sim_0.9__teacher_ridge__seed_2,condition_recombine_pseudolabel,1.0,0.9,ridge,2,316,88,1.2784810126582278,True,0.8499999999999998,0.85,0.85,reaction_role_concat,6144,random_forest,False,valid,spearman,0.8721291795626871,2,0.1,random,,
condition_recombine_pseudolabel__mult_1__sim_0.9__teacher_ridge__seed_3,condition_recombine_pseudolabel,1.0,0.9,ridge,3,316,107,1.3386075949367089,True,0.8499999999999996,0.85,0.85,reaction_role_concat,6144,random_forest,False,valid,rmse,14.295852652420367,2,0.1,random,,
condition_recombine_pseudolabel__mult_1__sim_0.9__teacher_ridge__seed_3,condition_recombine_pseudolabel,1.0,0.9,ridge,3,316,107,1.3386075949367089,True,0.8499999999999996,0.85,0.85,reaction_role_concat,6144,random_forest,False,valid,mae,10.322240133702,2,0.1,random,,
condition_recombine_pseudolabel__mult_1__sim_0.9__teacher_ridge__seed_3,condition_recombine_pseudolabel,1.0,0.9,ridge,3,316,107,1.3386075949367089,True,0.8499999999999996,0.85,0.85,reaction_role_concat,6144,random_forest,False,valid,r2,0.7336865593149362,2,0.1,random,,
condition_recombine_pseudolabel__mult_1__sim_0.9__teacher_ridge__seed_3,condition_recombine_pseudolabel,1.0,0.9,ridge,3,316,107,1.3386075949367089,True,0.8499999999999996,0.85,0.85,reaction_role_concat,6144,random_forest,False,valid,spearman,0.8633970431866496,2,0.1,random,,
condition_recombine_pseudolabel__mult_1__sim_0.9__teacher_ridge__seed_4,condition_recombine_pseudolabel,1.0,0.9,ridge,4,316,103,1.3259493670886076,True,0.8499999999999994,0.85,0.85,reaction_role_concat,6144,random_forest,False,valid,rmse,14.043762419287914,2,0.1,random,,
condition_recombine_pseudolabel__mult_1__sim_0.9__teacher_ridge__seed_4,condition_recombine_pseudolabel,1.0,0.9,ridge,4,316,103,1.3259493670886076,True,0.8499999999999994,0.85,0.85,reaction_role_concat,6144,random_forest,False,valid,mae,9.997239261253727,2,0.1,random,,
condition_recombine_pseudolabel__mult_1__sim_0.9__teacher_ridge__seed_4,condition_recombine_pseudolabel,1.0,0.9,ridge,4,316,103,1.3259493670886076,True,0.8499999999999994,0.85,0.85,reaction_role_concat,6144,random_forest,False,valid,r2,0.7429959857856052,2,0.1,random,,
condition_recombine_pseudolabel__mult_1__sim_0.9__teacher_ridge__seed_4,condition_recombine_pseudolabel,1.0,0.9,ridge,4,316,103,1.3259493670886076,True,0.8499999999999994,0.85,0.85,reaction_role_concat,6144,random_forest,False,valid,spearman,0.8666130289198964,2,0.1,random,,
condition_recombine_pseudolabel__mult_1__sim_0.9__teacher_rf__seed_0,condition_recombine_pseudolabel,1.0,0.9,random_forest,0,316,116,1.3670886075949367,True,0.8499999999999995,0.85,0.85,reaction_role_concat,6144,random_forest,False,valid,rmse,14.117615892699478,2,0.1,random,,
condition_recombine_pseudolabel__mult_1__sim_0.9__teacher_rf__seed_0,condition_recombine_pseudolabel,1.0,0.9,random_forest,0,316,116,1.3670886075949367,True,0.8499999999999995,0.85,0.85,reaction_role_concat,6144,random_forest,False,valid,mae,10.16177413358643,2,0.1,random,,
condition_recombine_pseudolabel__mult_1__sim_0.9__teacher_rf__seed_0,condition_recombine_pseudolabel,1.0,0.9,random_forest,0,316,116,1.3670886075949367,True,0.8499999999999995,0.85,0.85,reaction_role_concat,6144,random_forest,False,valid,r2,0.7402858079363309,2,0.1,random,,
condition_recombine_pseudolabel__mult_1__sim_0.9__teacher_rf__seed_0,condition_recombine_pseudolabel,1.0,0.9,random_forest,0,316,116,1.3670886075949367,True,0.8499999999999995,0.85,0.85,reaction_role_concat,6144,random_forest,False,valid,spearman,0.8721552735432052,2,0.1,random,,
condition_recombine_pseudolabel__mult_1__sim_0.9__teacher_rf__seed_1,condition_recombine_pseudolabel,1.0,0.9,random_forest,1,316,105,1.3322784810126582,True,0.8499999999999998,0.85,0.85,reaction_role_concat,6144,random_forest,False,valid,rmse,14.063799711837678,2,0.1,random,,
condition_recombine_pseudolabel__mult_1__sim_0.9__teacher_rf__seed_1,condition_recombine_pseudolabel,1.0,0.9,random_forest,1,316,105,1.3322784810126582,True,0.8499999999999998,0.85,0.85,reaction_role_concat,6144,random_forest,False,valid,mae,9.996181784945197,2,0.1,random,,
condition_recombine_pseudolabel__mult_1__sim_0.9__teacher_rf__seed_1,condition_recombine_pseudolabel,1.0,0.9,random_forest,1,316,105,1.3322784810126582,True,0.8499999999999998,0.85,0.85,reaction_role_concat,6144,random_forest,False,valid,r2,0.7422620886756404,2,0.1,random,,
condition_recombine_pseudolabel__mult_1__sim_0.9__teacher_rf__seed_1,condition_recombine_pseudolabel,1.0,0.9,random_forest,1,316,105,1.3322784810126582,True,0.8499999999999998,0.85,0.85,reaction_role_concat,6144,random_forest,False,valid,spearman,0.8683402946452311,2,0.1,random,,
condition_recombine_pseudolabel__mult_1__sim_0.9__teacher_rf__seed_2,condition_recombine_pseudolabel,1.0,0.9,random_forest,2,316,88,1.2784810126582278,True,0.8499999999999998,0.85,0.85,reaction_role_concat,6144,random_forest,False,valid,rmse,14.19463976685428,2,0.1,random,,
condition_recombine_pseudolabel__mult_1__sim_0.9__teacher_rf__seed_2,condition_recombine_pseudolabel,1.0,0.9,random_forest,2,316,88,1.2784810126582278,True,0.8499999999999998,0.85,0.85,reaction_role_concat,6144,random_forest,False,valid,mae,10.159395078136196,2,0.1,random,,
condition_recombine_pseudolabel__mult_1__sim_0.9__teacher_rf__seed_2,condition_recombine_pseudolabel,1.0,0.9,random_forest,2,316,88,1.2784810126582278,True,0.8499999999999998,0.85,0.85,reaction_role_concat,6144,random_forest,False,valid,r2,0.737444143517203,2,0.1,random,,
condition_recombine_pseudolabel__mult_1__sim_0.9__teacher_rf__seed_2,condition_recombine_pseudolabel,1.0,0.9,random_forest,2,316,88,1.2784810126582278,True,0.8499999999999998,0.85,0.85,reaction_role_concat,6144,random_forest,False,valid,spearman,0.8690983831986389,2,0.1,random,,
condition_recombine_pseudolabel__mult_1__sim_0.9__teacher_rf__seed_3,condition_recombine_pseudolabel,1.0,0.9,random_forest,3,316,107,1.3386075949367089,True,0.8499999999999996,0.85,0.85,reaction_role_concat,6144,random_forest,False,valid,rmse,14.101129915390905,2,0.1,random,,
condition_recombine_pseudolabel__mult_1__sim_0.9__teacher_rf__seed_3,condition_recombine_pseudolabel,1.0,0.9,random_forest,3,316,107,1.3386075949367089,True,0.8499999999999996,0.85,0.85,reaction_role_concat,6144,random_forest,False,valid,mae,10.079102252687834,2,0.1,random,,
condition_recombine_pseudolabel__mult_1__sim_0.9__teacher_rf__seed_3,condition_recombine_pseudolabel,1.0,0.9,random_forest,3,316,107,1.3386075949367089,True,0.8499999999999996,0.85,0.85,reaction_role_concat,6144,random_forest,False,valid,r2,0.7408920211023211,2,0.1,random,,
condition_recombine_pseudolabel__mult_1__sim_0.9__teacher_rf__seed_3,condition_recombine_pseudolabel,1.0,0.9,random_forest,3,316,107,1.3386075949367089,True,0.8499999999999996,0.85,0.85,reaction_role_concat,6144,random_forest,False,valid,spearman,0.8679829628970925,2,0.1,random,,
condition_recombine_pseudolabel__mult_1__sim_0.9__teacher_rf__seed_4,condition_recombine_pseudolabel,1.0,0.9,random_forest,4,316,103,1.3259493670886076,True,0.8499999999999994,0.85,0.85,reaction_role_concat,6144,random_forest,False,valid,rmse,14.013097891456257,2,0.1,random,,
condition_recombine_pseudolabel__mult_1__sim_0.9__teacher_rf__seed_4,condition_recombine_pseudolabel,1.0,0.9,random_forest,4,316,103,1.3259493670886076,True,0.8499999999999994,0.85,0.85,reaction_role_concat,6144,random_forest,False,valid,mae,9.925585182229176,2,0.1,random,,
condition_recombine_pseudolabel__mult_1__sim_0.9__teacher_rf__seed_4,condition_recombine_pseudolabel,1.0,0.9,random_forest,4,316,103,1.3259493670886076,True,0.8499999999999994,0.85,0.85,reaction_role_concat,6144,random_forest,False,valid,r2,0.7441170960037136,2,0.1,random,,
condition_recombine_pseudolabel__mult_1__sim_0.9__teacher_rf__seed_4,condition_recombine_pseudolabel,1.0,0.9,random_forest,4,316,103,1.3259493670886076,True,0.8499999999999994,0.85,0.85,reaction_role_concat,6144,random_forest,False,valid,spearman,0.8699801260627106,2,0.1,random,,
condition_recombine_pseudolabel__mult_1__sim_0.95__teacher_ridge__seed_0,condition_recombine_pseudolabel,1.0,0.95,ridge,0,316,0,1.0,True,,,,reaction_role_concat,6144,random_forest,False,valid,rmse,14.471259460462234,2,0.1,random,,
condition_recombine_pseudolabel__mult_1__sim_0.95__teacher_ridge__seed_0,condition_recombine_pseudolabel,1.0,0.95,ridge,0,316,0,1.0,True,,,,reaction_role_concat,6144,random_forest,False,valid,mae,10.225675690967824,2,0.1,random,,
condition_recombine_pseudolabel__mult_1__sim_0.95__teacher_ridge__seed_0,condition_recombine_pseudolabel,1.0,0.95,ridge,0,316,0,1.0,True,,,,reaction_role_concat,6144,random_forest,False,valid,r2,0.7271112578288355,2,0.1,random,,
condition_recombine_pseudolabel__mult_1__sim_0.95__teacher_ridge__seed_0,condition_recombine_pseudolabel,1.0,0.95,ridge,0,316,0,1.0,True,,,,reaction_role_concat,6144,random_forest,False,valid,spearman,0.8613827436756167,2,0.1,random,,
condition_recombine_pseudolabel__mult_1__sim_0.95__teacher_ridge__seed_1,condition_recombine_pseudolabel,1.0,0.95,ridge,1,316,0,1.0,True,,,,reaction_role_concat,6144,random_forest,False,valid,rmse,14.471259460462234,2,0.1,random,,
condition_recombine_pseudolabel__mult_1__sim_0.95__teacher_ridge__seed_1,condition_recombine_pseudolabel,1.0,0.95,ridge,1,316,0,1.0,True,,,,reaction_role_concat,6144,random_forest,False,valid,mae,10.225675690967824,2,0.1,random,,
condition_recombine_pseudolabel__mult_1__sim_0.95__teacher_ridge__seed_1,condition_recombine_pseudolabel,1.0,0.95,ridge,1,316,0,1.0,True,,,,reaction_role_concat,6144,random_forest,False,valid,r2,0.7271112578288355,2,0.1,random,,
condition_recombine_pseudolabel__mult_1__sim_0.95__teacher_ridge__seed_1,condition_recombine_pseudolabel,1.0,0.95,ridge,1,316,0,1.0,True,,,,reaction_role_concat,6144,random_forest,False,valid,spearman,0.8613827436756167,2,0.1,random,,
condition_recombine_pseudolabel__mult_1__sim_0.95__teacher_ridge__seed_2,condition_recombine_pseudolabel,1.0,0.95,ridge,2,316,0,1.0,True,,,,reaction_role_concat,6144,random_forest,False,valid,rmse,14.471259460462234,2,0.1,random,,
condition_recombine_pseudolabel__mult_1__sim_0.95__teacher_ridge__seed_2,condition_recombine_pseudolabel,1.0,0.95,ridge,2,316,0,1.0,True,,,,reaction_role_concat,6144,random_forest,False,valid,mae,10.225675690967824,2,0.1,random,,
condition_recombine_pseudolabel__mult_1__sim_0.95__teacher_ridge__seed_2,condition_recombine_pseudolabel,1.0,0.95,ridge,2,316,0,1.0,True,,,,reaction_role_concat,6144,random_forest,False,valid,r2,0.7271112578288355,2,0.1,random,,
condition_recombine_pseudolabel__mult_1__sim_0.95__teacher_ridge__seed_2,condition_recombine_pseudolabel,1.0,0.95,ridge,2,316,0,1.0,True,,,,reaction_role_concat,6144,random_forest,False,valid,spearman,0.8613827436756167,2,0.1,random,,
condition_recombine_pseudolabel__mult_1__sim_0.95__teacher_ridge__seed_3,condition_recombine_pseudolabel,1.0,0.95,ridge,3,316,0,1.0,True,,,,reaction_role_concat,6144,random_forest,False,valid,rmse,14.471259460462234,2,0.1,random,,
condition_recombine_pseudolabel__mult_1__sim_0.95__teacher_ridge__seed_3,condition_recombine_pseudolabel,1.0,0.95,ridge,3,316,0,1.0,True,,,,reaction_role_concat,6144,random_forest,False,valid,mae,10.225675690967824,2,0.1,random,,
condition_recombine_pseudolabel__mult_1__sim_0.95__teacher_ridge__seed_3,condition_recombine_pseudolabel,1.0,0.95,ridge,3,316,0,1.0,True,,,,reaction_role_concat,6144,random_forest,False,valid,r2,0.7271112578288355,2,0.1,random,,
condition_recombine_pseudolabel__mult_1__sim_0.95__teacher_ridge__seed_3,condition_recombine_pseudolabel,1.0,0.95,ridge,3,316,0,1.0,True,,,,reaction_role_concat,6144,random_forest,False,valid,spearman,0.8613827436756167,2,0.1,random,,
condition_recombine_pseudolabel__mult_1__sim_0.95__teacher_ridge__seed_4,condition_recombine_pseudolabel,1.0,0.95,ridge,4,316,0,1.0,True,,,,reaction_role_concat,6144,random_forest,False,valid,rmse,14.471259460462234,2,0.1,random,,
condition_recombine_pseudolabel__mult_1__sim_0.95__teacher_ridge__seed_4,condition_recombine_pseudolabel,1.0,0.95,ridge,4,316,0,1.0,True,,,,reaction_role_concat,6144,random_forest,False,valid,mae,10.225675690967824,2,0.1,random,,
condition_recombine_pseudolabel__mult_1__sim_0.95__teacher_ridge__seed_4,condition_recombine_pseudolabel,1.0,0.95,ridge,4,316,0,1.0,True,,,,reaction_role_concat,6144,random_forest,False,valid,r2,0.7271112578288355,2,0.1,random,,
condition_recombine_pseudolabel__mult_1__sim_0.95__teacher_ridge__seed_4,condition_recombine_pseudolabel,1.0,0.95,ridge,4,316,0,1.0,True,,,,reaction_role_concat,6144,random_forest,False,valid,spearman,0.8613827436756167,2,0.1,random,,
condition_recombine_pseudolabel__mult_1__sim_0.95__teacher_rf__seed_0,condition_recombine_pseudolabel,1.0,0.95,random_forest,0,316,0,1.0,True,,,,reaction_role_concat,6144,random_forest,False,valid,rmse,14.471259460462234,2,0.1,random,,
condition_recombine_pseudolabel__mult_1__sim_0.95__teacher_rf__seed_0,condition_recombine_pseudolabel,1.0,0.95,random_forest,0,316,0,1.0,True,,,,reaction_role_concat,6144,random_forest,False,valid,mae,10.225675690967824,2,0.1,random,,
condition_recombine_pseudolabel__mult_1__sim_0.95__teacher_rf__seed_0,condition_recombine_pseudolabel,1.0,0.95,random_forest,0,316,0,1.0,True,,,,reaction_role_concat,6144,random_forest,False,valid,r2,0.7271112578288355,2,0.1,random,,
condition_recombine_pseudolabel__mult_1__sim_0.95__teacher_rf__seed_0,condition_recombine_pseudolabel,1.0,0.95,random_forest,0,316,0,1.0,True,,,,reaction_role_concat,6144,random_forest,False,valid,spearman,0.8613827436756167,2,0.1,random,,
condition_recombine_pseudolabel__mult_1__sim_0.95__teacher_rf__seed_1,condition_recombine_pseudolabel,1.0,0.95,random_forest,1,316,0,1.0,True,,,,reaction_role_concat,6144,random_forest,False,valid,rmse,14.471259460462234,2,0.1,random,,
condition_recombine_pseudolabel__mult_1__sim_0.95__teacher_rf__seed_1,condition_recombine_pseudolabel,1.0,0.95,random_forest,1,316,0,1.0,True,,,,reaction_role_concat,6144,random_forest,False,valid,mae,10.225675690967824,2,0.1,random,,
condition_recombine_pseudolabel__mult_1__sim_0.95__teacher_rf__seed_1,condition_recombine_pseudolabel,1.0,0.95,random_forest,1,316,0,1.0,True,,,,reaction_role_concat,6144,random_forest,False,valid,r2,0.7271112578288355,2,0.1,random,,
condition_recombine_pseudolabel__mult_1__sim_0.95__teacher_rf__seed_1,condition_recombine_pseudolabel,1.0,0.95,random_forest,1,316,0,1.0,True,,,,reaction_role_concat,6144,random_forest,False,valid,spearman,0.8613827436756167,2,0.1,random,,
condition_recombine_pseudolabel__mult_1__sim_0.95__teacher_rf__seed_2,condition_recombine_pseudolabel,1.0,0.95,random_forest,2,316,0,1.0,True,,,,reaction_role_concat,6144,random_forest,False,valid,rmse,14.471259460462234,2,0.1,random,,
condition_recombine_pseudolabel__mult_1__sim_0.95__teacher_rf__seed_2,condition_recombine_pseudolabel,1.0,0.95,random_forest,2,316,0,1.0,True,,,,reaction_role_concat,6144,random_forest,False,valid,mae,10.225675690967824,2,0.1,random,,
condition_recombine_pseudolabel__mult_1__sim_0.95__teacher_rf__seed_2,condition_recombine_pseudolabel,1.0,0.95,random_forest,2,316,0,1.0,True,,,,reaction_role_concat,6144,random_forest,False,valid,r2,0.7271112578288355,2,0.1,random,,
condition_recombine_pseudolabel__mult_1__sim_0.95__teacher_rf__seed_2,condition_recombine_pseudolabel,1.0,0.95,random_forest,2,316,0,1.0,True,,,,reaction_role_concat,6144,random_forest,False,valid,spearman,0.8613827436756167,2,0.1,random,,
condition_recombine_pseudolabel__mult_1__sim_0.95__teacher_rf__seed_3,condition_recombine_pseudolabel,1.0,0.95,random_forest,3,316,0,1.0,True,,,,reaction_role_concat,6144,random_forest,False,valid,rmse,14.471259460462234,2,0.1,random,,
condition_recombine_pseudolabel__mult_1__sim_0.95__teacher_rf__seed_3,condition_recombine_pseudolabel,1.0,0.95,random_forest,3,316,0,1.0,True,,,,reaction_role_concat,6144,random_forest,False,valid,mae,10.225675690967824,2,0.1,random,,
condition_recombine_pseudolabel__mult_1__sim_0.95__teacher_rf__seed_3,condition_recombine_pseudolabel,1.0,0.95,random_forest,3,316,0,1.0,True,,,,reaction_role_concat,6144,random_forest,False,valid,r2,0.7271112578288355,2,0.1,random,,
condition_recombine_pseudolabel__mult_1__sim_0.95__teacher_rf__seed_3,condition_recombine_pseudolabel,1.0,0.95,random_forest,3,316,0,1.0,True,,,,reaction_role_concat,6144,random_forest,False,valid,spearman,0.8613827436756167,2,0.1,random,,
condition_recombine_pseudolabel__mult_1__sim_0.95__teacher_rf__seed_4,condition_recombine_pseudolabel,1.0,0.95,random_forest,4,316,0,1.0,True,,,,reaction_role_concat,6144,random_forest,False,valid,rmse,14.471259460462234,2,0.1,random,,
condition_recombine_pseudolabel__mult_1__sim_0.95__teacher_rf__seed_4,condition_recombine_pseudolabel,1.0,0.95,random_forest,4,316,0,1.0,True,,,,reaction_role_concat,6144,random_forest,False,valid,mae,10.225675690967824,2,0.1,random,,
condition_recombine_pseudolabel__mult_1__sim_0.95__teacher_rf__seed_4,condition_recombine_pseudolabel,1.0,0.95,random_forest,4,316,0,1.0,True,,,,reaction_role_concat,6144,random_forest,False,valid,r2,0.7271112578288355,2,0.1,random,,
condition_recombine_pseudolabel__mult_1__sim_0.95__teacher_rf__seed_4,condition_recombine_pseudolabel,1.0,0.95,random_forest,4,316,0,1.0,True,,,,reaction_role_concat,6144,random_forest,False,valid,spearman,0.8613827436756167,2,0.1,random,,
condition_recombine_pseudolabel__mult_1.5__sim_0.7__teacher_ridge__seed_0,condition_recombine_pseudolabel,1.5,0.7,ridge,0,316,474,2.5,True,0.8432212538357021,0.75,0.85,reaction_role_concat,6144,random_forest,False,valid,rmse,14.504529670980308,2,0.1,random,,
condition_recombine_pseudolabel__mult_1.5__sim_0.7__teacher_ridge__seed_0,condition_recombine_pseudolabel,1.5,0.7,ridge,0,316,474,2.5,True,0.8432212538357021,0.75,0.85,reaction_role_concat,6144,random_forest,False,valid,mae,10.946740283236473,2,0.1,random,,
condition_recombine_pseudolabel__mult_1.5__sim_0.7__teacher_ridge__seed_0,condition_recombine_pseudolabel,1.5,0.7,ridge,0,316,474,2.5,True,0.8432212538357021,0.75,0.85,reaction_role_concat,6144,random_forest,False,valid,r2,0.7258550433911927,2,0.1,random,,
condition_recombine_pseudolabel__mult_1.5__sim_0.7__teacher_ridge__seed_0,condition_recombine_pseudolabel,1.5,0.7,ridge,0,316,474,2.5,True,0.8432212538357021,0.75,0.85,reaction_role_concat,6144,random_forest,False,valid,spearman,0.8578314308195932,2,0.1,random,,
condition_recombine_pseudolabel__mult_1.5__sim_0.7__teacher_ridge__seed_1,condition_recombine_pseudolabel,1.5,0.7,ridge,1,316,474,2.5,True,0.8417574446161082,0.7631579041481018,0.85,reaction_role_concat,6144,random_forest,False,valid,rmse,14.491790332415613,2,0.1,random,,
condition_recombine_pseudolabel__mult_1.5__sim_0.7__teacher_ridge__seed_1,condition_recombine_pseudolabel,1.5,0.7,ridge,1,316,474,2.5,True,0.8417574446161082,0.7631579041481018,0.85,reaction_role_concat,6144,random_forest,False,valid,mae,10.876907057030293,2,0.1,random,,
condition_recombine_pseudolabel__mult_1.5__sim_0.7__teacher_ridge__seed_1,condition_recombine_pseudolabel,1.5,0.7,ridge,1,316,474,2.5,True,0.8417574446161082,0.7631579041481018,0.85,reaction_role_concat,6144,random_forest,False,valid,r2,0.7263363953270893,2,0.1,random,,
condition_recombine_pseudolabel__mult_1.5__sim_0.7__teacher_ridge__seed_1,condition_recombine_pseudolabel,1.5,0.7,ridge,1,316,474,2.5,True,0.8417574446161082,0.7631579041481018,0.85,reaction_role_concat,6144,random_forest,False,valid,spearman,0.86372458106151,2,0.1,random,,
condition_recombine_pseudolabel__mult_1.5__sim_0.7__teacher_ridge__seed_2,condition_recombine_pseudolabel,1.5,0.7,ridge,2,316,474,2.5,True,0.8437440591522408,0.78125,0.85,reaction_role_concat,6144,random_forest,False,valid,rmse,14.412799919486623,2,0.1,random,,
condition_recombine_pseudolabel__mult_1.5__sim_0.7__teacher_ridge__seed_2,condition_recombine_pseudolabel,1.5,0.7,ridge,2,316,474,2.5,True,0.8437440591522408,0.78125,0.85,reaction_role_concat,6144,random_forest,False,valid,mae,10.779899930716315,2,0.1,random,,
condition_recombine_pseudolabel__mult_1.5__sim_0.7__teacher_ridge__seed_2,condition_recombine_pseudolabel,1.5,0.7,ridge,2,316,474,2.5,True,0.8437440591522408,0.78125,0.85,reaction_role_concat,6144,random_forest,False,valid,r2,0.729311581592526,2,0.1,random,,
condition_recombine_pseudolabel__mult_1.5__sim_0.7__teacher_ridge__seed_2,condition_recombine_pseudolabel,1.5,0.7,ridge,2,316,474,2.5,True,0.8437440591522408,0.78125,0.85,reaction_role_concat,6144,random_forest,False,valid,spearman,0.8576380627400828,2,0.1,random,,
condition_recombine_pseudolabel__mult_1.5__sim_0.7__teacher_ridge__seed_3,condition_recombine_pseudolabel,1.5,0.7,ridge,3,316,474,2.5,True,0.8425253512738624,0.7718120813369751,0.85,reaction_role_concat,6144,random_forest,False,valid,rmse,14.441857155919047,2,0.1,random,,
condition_recombine_pseudolabel__mult_1.5__sim_0.7__teacher_ridge__seed_3,condition_recombine_pseudolabel,1.5,0.7,ridge,3,316,474,2.5,True,0.8425253512738624,0.7718120813369751,0.85,reaction_role_concat,6144,random_forest,False,valid,mae,10.816661187171936,2,0.1,random,,
condition_recombine_pseudolabel__mult_1.5__sim_0.7__teacher_ridge__seed_3,condition_recombine_pseudolabel,1.5,0.7,ridge,3,316,474,2.5,True,0.8425253512738624,0.7718120813369751,0.85,reaction_role_concat,6144,random_forest,False,valid,r2,0.7282190269078375,2,0.1,random,,
condition_recombine_pseudolabel__mult_1.5__sim_0.7__teacher_ridge__seed_3,condition_recombine_pseudolabel,1.5,0.7,ridge,3,316,474,2.5,True,0.8425253512738624,0.7718120813369751,0.85,reaction_role_concat,6144,random_forest,False,valid,spearman,0.8623624363322298,2,0.1,random,,
condition_recombine_pseudolabel__mult_1.5__sim_0.7__teacher_ridge__seed_4,condition_recombine_pseudolabel,1.5,0.7,ridge,4,316,474,2.5,True,0.8431403886165295,0.75,0.85,reaction_role_concat,6144,random_forest,False,valid,rmse,14.313301682192336,2,0.1,random,,
condition_recombine_pseudolabel__mult_1.5__sim_0.7__teacher_ridge__seed_4,condition_recombine_pseudolabel,1.5,0.7,ridge,4,316,474,2.5,True,0.8431403886165295,0.75,0.85,reaction_role_concat,6144,random_forest,False,valid,mae,10.61837548193675,2,0.1,random,,
condition_recombine_pseudolabel__mult_1.5__sim_0.7__teacher_ridge__seed_4,condition_recombine_pseudolabel,1.5,0.7,ridge,4,316,474,2.5,True,0.8431403886165295,0.75,0.85,reaction_role_concat,6144,random_forest,False,valid,r2,0.733036056375544,2,0.1,random,,
condition_recombine_pseudolabel__mult_1.5__sim_0.7__teacher_ridge__seed_4,condition_recombine_pseudolabel,1.5,0.7,ridge,4,316,474,2.5,True,0.8431403886165295,0.75,0.85,reaction_role_concat,6144,random_forest,False,valid,spearman,0.860978676439983,2,0.1,random,,
condition_recombine_pseudolabel__mult_1.5__sim_0.7__teacher_rf__seed_0,condition_recombine_pseudolabel,1.5,0.7,random_forest,0,316,474,2.5,True,0.8432212538357021,0.75,0.85,reaction_role_concat,6144,random_forest,False,valid,rmse,13.771446393924807,2,0.1,random,,
condition_recombine_pseudolabel__mult_1.5__sim_0.7__teacher_rf__seed_0,condition_recombine_pseudolabel,1.5,0.7,random_forest,0,316,474,2.5,True,0.8432212538357021,0.75,0.85,reaction_role_concat,6144,random_forest,False,valid,mae,9.96044342258912,2,0.1,random,,
condition_recombine_pseudolabel__mult_1.5__sim_0.7__teacher_rf__seed_0,condition_recombine_pseudolabel,1.5,0.7,random_forest,0,316,474,2.5,True,0.8432212538357021,0.75,0.85,reaction_role_concat,6144,random_forest,False,valid,r2,0.7528662432955557,2,0.1,random,,
condition_recombine_pseudolabel__mult_1.5__sim_0.7__teacher_rf__seed_0,condition_recombine_pseudolabel,1.5,0.7,random_forest,0,316,474,2.5,True,0.8432212538357021,0.75,0.85,reaction_role_concat,6144,random_forest,False,valid,spearman,0.8762987639720292,2,0.1,random,,
condition_recombine_pseudolabel__mult_1.5__sim_0.7__teacher_rf__seed_1,condition_recombine_pseudolabel,1.5,0.7,random_forest,1,316,474,2.5,True,0.8417574446161082,0.7631579041481018,0.85,reaction_role_concat,6144,random_forest,False,valid,rmse,13.847802252769068,2,0.1,random,,
condition_recombine_pseudolabel__mult_1.5__sim_0.7__teacher_rf__seed_1,condition_recombine_pseudolabel,1.5,0.7,random_forest,1,316,474,2.5,True,0.8417574446161082,0.7631579041481018,0.85,reaction_role_concat,6144,random_forest,False,valid,mae,9.89370998816475,2,0.1,random,,
condition_recombine_pseudolabel__mult_1.5__sim_0.7__teacher_rf__seed_1,condition_recombine_pseudolabel,1.5,0.7,random_forest,1,316,474,2.5,True,0.8417574446161082,0.7631579041481018,0.85,reaction_role_concat,6144,random_forest,False,valid,r2,0.7501181771280169,2,0.1,random,,
condition_recombine_pseudolabel__mult_1.5__sim_0.7__teacher_rf__seed_1,condition_recombine_pseudolabel,1.5,0.7,random_forest,1,316,474,2.5,True,0.8417574446161082,0.7631579041481018,0.85,reaction_role_concat,6144,random_forest,False,valid,spearman,0.8721653995654957,2,0.1,random,,
condition_recombine_pseudolabel__mult_1.5__sim_0.7__teacher_rf__seed_2,condition_recombine_pseudolabel,1.5,0.7,random_forest,2,316,474,2.5,True,0.8437440591522408,0.78125,0.85,reaction_role_concat,6144,random_forest,False,valid,rmse,14.032175618487193,2,0.1,random,,
condition_recombine_pseudolabel__mult_1.5__sim_0.7__teacher_rf__seed_2,condition_recombine_pseudolabel,1.5,0.7,random_forest,2,316,474,2.5,True,0.8437440591522408,0.78125,0.85,reaction_role_concat,6144,random_forest,False,valid,mae,10.10503566380694,2,0.1,random,,
condition_recombine_pseudolabel__mult_1.5__sim_0.7__teacher_rf__seed_2,condition_recombine_pseudolabel,1.5,0.7,random_forest,2,316,474,2.5,True,0.8437440591522408,0.78125,0.85,reaction_role_concat,6144,random_forest,False,valid,r2,0.7434198929680307,2,0.1,random,,
condition_recombine_pseudolabel__mult_1.5__sim_0.7__teacher_rf__seed_2,condition_recombine_pseudolabel,1.5,0.7,random_forest,2,316,474,2.5,True,0.8437440591522408,0.78125,0.85,reaction_role_concat,6144,random_forest,False,valid,spearman,0.8690693682501526,2,0.1,random,,
condition_recombine_pseudolabel__mult_1.5__sim_0.7__teacher_rf__seed_3,condition_recombine_pseudolabel,1.5,0.7,random_forest,3,316,474,2.5,True,0.8425253512738624,0.7718120813369751,0.85,reaction_role_concat,6144,random_forest,False,valid,rmse,14.252802498726863,2,0.1,random,,
condition_recombine_pseudolabel__mult_1.5__sim_0.7__teacher_rf__seed_3,condition_recombine_pseudolabel,1.5,0.7,random_forest,3,316,474,2.5,True,0.8425253512738624,0.7718120813369751,0.85,reaction_role_concat,6144,random_forest,False,valid,mae,10.143655530444052,2,0.1,random,,
condition_recombine_pseudolabel__mult_1.5__sim_0.7__teacher_rf__seed_3,condition_recombine_pseudolabel,1.5,0.7,random_forest,3,316,474,2.5,True,0.8425253512738624,0.7718120813369751,0.85,reaction_role_concat,6144,random_forest,False,valid,r2,0.7352880828309161,2,0.1,random,,
condition_recombine_pseudolabel__mult_1.5__sim_0.7__teacher_rf__seed_3,condition_recombine_pseudolabel,1.5,0.7,random_forest,3,316,474,2.5,True,0.8425253512738624,0.7718120813369751,0.85,reaction_role_concat,6144,random_forest,False,valid,spearman,0.8663094429823771,2,0.1,random,,
condition_recombine_pseudolabel__mult_1.5__sim_0.7__teacher_rf__seed_4,condition_recombine_pseudolabel,1.5,0.7,random_forest,4,316,474,2.5,True,0.8431403886165295,0.75,0.85,reaction_role_concat,6144,random_forest,False,valid,rmse,13.668528858726962,2,0.1,random,,
condition_recombine_pseudolabel__mult_1.5__sim_0.7__teacher_rf__seed_4,condition_recombine_pseudolabel,1.5,0.7,random_forest,4,316,474,2.5,True,0.8431403886165295,0.75,0.85,reaction_role_concat,6144,random_forest,False,valid,mae,9.702343658080585,2,0.1,random,,
condition_recombine_pseudolabel__mult_1.5__sim_0.7__teacher_rf__seed_4,condition_recombine_pseudolabel,1.5,0.7,random_forest,4,316,474,2.5,True,0.8431403886165295,0.75,0.85,reaction_role_concat,6144,random_forest,False,valid,r2,0.7565462283178249,2,0.1,random,,
condition_recombine_pseudolabel__mult_1.5__sim_0.7__teacher_rf__seed_4,condition_recombine_pseudolabel,1.5,0.7,random_forest,4,316,474,2.5,True,0.8431403886165295,0.75,0.85,reaction_role_concat,6144,random_forest,False,valid,spearman,0.8744694590989973,2,0.1,random,,
condition_recombine_pseudolabel__mult_1.5__sim_0.8__teacher_ridge__seed_0,condition_recombine_pseudolabel,1.5,0.8,ridge,0,316,459,2.4525316455696204,True,0.8450169255271196,0.803680956363678,0.85,reaction_role_concat,6144,random_forest,False,valid,rmse,14.519639137609222,2,0.1,random,,
condition_recombine_pseudolabel__mult_1.5__sim_0.8__teacher_ridge__seed_0,condition_recombine_pseudolabel,1.5,0.8,ridge,0,316,459,2.4525316455696204,True,0.8450169255271196,0.803680956363678,0.85,reaction_role_concat,6144,random_forest,False,valid,mae,10.949458653118038,2,0.1,random,,
condition_recombine_pseudolabel__mult_1.5__sim_0.8__teacher_ridge__seed_0,condition_recombine_pseudolabel,1.5,0.8,ridge,0,316,459,2.4525316455696204,True,0.8450169255271196,0.803680956363678,0.85,reaction_role_concat,6144,random_forest,False,valid,r2,0.7252835885921811,2,0.1,random,,
condition_recombine_pseudolabel__mult_1.5__sim_0.8__teacher_ridge__seed_0,condition_recombine_pseudolabel,1.5,0.8,ridge,0,316,459,2.4525316455696204,True,0.8450169255271196,0.803680956363678,0.85,reaction_role_concat,6144,random_forest,False,valid,spearman,0.8586732537880963,2,0.1,random,,
condition_recombine_pseudolabel__mult_1.5__sim_0.8__teacher_ridge__seed_1,condition_recombine_pseudolabel,1.5,0.8,ridge,1,316,456,2.4430379746835444,True,0.8439478306655296,0.800000011920929,0.85,reaction_role_concat,6144,random_forest,False,valid,rmse,14.727540354378407,2,0.1,random,,
condition_recombine_pseudolabel__mult_1.5__sim_0.8__teacher_ridge__seed_1,condition_recombine_pseudolabel,1.5,0.8,ridge,1,316,456,2.4430379746835444,True,0.8439478306655296,0.800000011920929,0.85,reaction_role_concat,6144,random_forest,False,valid,mae,11.054260663014425,2,0.1,random,,
condition_recombine_pseudolabel__mult_1.5__sim_0.8__teacher_ridge__seed_1,condition_recombine_pseudolabel,1.5,0.8,ridge,1,316,456,2.4430379746835444,True,0.8439478306655296,0.800000011920929,0.85,reaction_role_concat,6144,random_forest,False,valid,r2,0.7173601448150853,2,0.1,random,,
condition_recombine_pseudolabel__mult_1.5__sim_0.8__teacher_ridge__seed_1,condition_recombine_pseudolabel,1.5,0.8,ridge,1,316,456,2.4430379746835444,True,0.8439478306655296,0.800000011920929,0.85,reaction_role_concat,6144,random_forest,False,valid,spearman,0.8568328492367844,2,0.1,random,,
condition_recombine_pseudolabel__mult_1.5__sim_0.8__teacher_ridge__seed_2,condition_recombine_pseudolabel,1.5,0.8,ridge,2,316,464,2.4683544303797467,True,0.8448919280078901,0.800000011920929,0.85,reaction_role_concat,6144,random_forest,False,valid,rmse,14.522632193591345,2,0.1,random,,
condition_recombine_pseudolabel__mult_1.5__sim_0.8__teacher_ridge__seed_2,condition_recombine_pseudolabel,1.5,0.8,ridge,2,316,464,2.4683544303797467,True,0.8448919280078901,0.800000011920929,0.85,reaction_role_concat,6144,random_forest,False,valid,mae,10.859427454214307,2,0.1,random,,
condition_recombine_pseudolabel__mult_1.5__sim_0.8__teacher_ridge__seed_2,condition_recombine_pseudolabel,1.5,0.8,ridge,2,316,464,2.4683544303797467,True,0.8448919280078901,0.800000011920929,0.85,reaction_role_concat,6144,random_forest,False,valid,r2,0.725170317685299,2,0.1,random,,
condition_recombine_pseudolabel__mult_1.5__sim_0.8__teacher_ridge__seed_2,condition_recombine_pseudolabel,1.5,0.8,ridge,2,316,464,2.4683544303797467,True,0.8448919280078901,0.800000011920929,0.85,reaction_role_concat,6144,random_forest,False,valid,spearman,0.8567763771893946,2,0.1,random,,
condition_recombine_pseudolabel__mult_1.5__sim_0.8__teacher_ridge__seed_3,condition_recombine_pseudolabel,1.5,0.8,ridge,3,316,455,2.439873417721519,True,0.8447679744971975,0.800000011920929,0.85,reaction_role_concat,6144,random_forest,False,valid,rmse,14.573934507826454,2,0.1,random,,
condition_recombine_pseudolabel__mult_1.5__sim_0.8__teacher_ridge__seed_3,condition_recombine_pseudolabel,1.5,0.8,ridge,3,316,455,2.439873417721519,True,0.8447679744971975,0.800000011920929,0.85,reaction_role_concat,6144,random_forest,False,valid,mae,10.949879777004448,2,0.1,random,,
condition_recombine_pseudolabel__mult_1.5__sim_0.8__teacher_ridge__seed_3,condition_recombine_pseudolabel,1.5,0.8,ridge,3,316,455,2.439873417721519,True,0.8447679744971975,0.800000011920929,0.85,reaction_role_concat,6144,random_forest,False,valid,r2,0.7232251741135689,2,0.1,random,,
condition_recombine_pseudolabel__mult_1.5__sim_0.8__teacher_ridge__seed_3,condition_recombine_pseudolabel,1.5,0.8,ridge,3,316,455,2.439873417721519,True,0.8447679744971975,0.800000011920929,0.85,reaction_role_concat,6144,random_forest,False,valid,spearman,0.8595970585909134,2,0.1,random,,
condition_recombine_pseudolabel__mult_1.5__sim_0.8__teacher_ridge__seed_4,condition_recombine_pseudolabel,1.5,0.8,ridge,4,316,463,2.4651898734177213,True,0.8445258149832936,0.8012820482254028,0.85,reaction_role_concat,6144,random_forest,False,valid,rmse,14.19645481054955,2,0.1,random,,
condition_recombine_pseudolabel__mult_1.5__sim_0.8__teacher_ridge__seed_4,condition_recombine_pseudolabel,1.5,0.8,ridge,4,316,463,2.4651898734177213,True,0.8445258149832936,0.8012820482254028,0.85,reaction_role_concat,6144,random_forest,False,valid,mae,10.559818645432781,2,0.1,random,,
condition_recombine_pseudolabel__mult_1.5__sim_0.8__teacher_ridge__seed_4,condition_recombine_pseudolabel,1.5,0.8,ridge,4,316,463,2.4651898734177213,True,0.8445258149832936,0.8012820482254028,0.85,reaction_role_concat,6144,random_forest,False,valid,r2,0.737376994110438,2,0.1,random,,
condition_recombine_pseudolabel__mult_1.5__sim_0.8__teacher_ridge__seed_4,condition_recombine_pseudolabel,1.5,0.8,ridge,4,316,463,2.4651898734177213,True,0.8445258149832936,0.8012820482254028,0.85,reaction_role_concat,6144,random_forest,False,valid,spearman,0.8674745197393869,2,0.1,random,,
condition_recombine_pseudolabel__mult_1.5__sim_0.8__teacher_rf__seed_0,condition_recombine_pseudolabel,1.5,0.8,random_forest,0,316,459,2.4525316455696204,True,0.8450169255271196,0.803680956363678,0.85,reaction_role_concat,6144,random_forest,False,valid,rmse,13.95792156486228,2,0.1,random,,
condition_recombine_pseudolabel__mult_1.5__sim_0.8__teacher_rf__seed_0,condition_recombine_pseudolabel,1.5,0.8,random_forest,0,316,459,2.4525316455696204,True,0.8450169255271196,0.803680956363678,0.85,reaction_role_concat,6144,random_forest,False,valid,mae,10.080936001738415,2,0.1,random,,
condition_recombine_pseudolabel__mult_1.5__sim_0.8__teacher_rf__seed_0,condition_recombine_pseudolabel,1.5,0.8,random_forest,0,316,459,2.4525316455696204,True,0.8450169255271196,0.803680956363678,0.85,reaction_role_concat,6144,random_forest,False,valid,r2,0.7461281977265892,2,0.1,random,,
condition_recombine_pseudolabel__mult_1.5__sim_0.8__teacher_rf__seed_0,condition_recombine_pseudolabel,1.5,0.8,random_forest,0,316,459,2.4525316455696204,True,0.8450169255271196,0.803680956363678,0.85,reaction_role_concat,6144,random_forest,False,valid,spearman,0.8729846337150428,2,0.1,random,,
condition_recombine_pseudolabel__mult_1.5__sim_0.8__teacher_rf__seed_1,condition_recombine_pseudolabel,1.5,0.8,random_forest,1,316,456,2.4430379746835444,True,0.8439478306655296,0.800000011920929,0.85,reaction_role_concat,6144,random_forest,False,valid,rmse,13.994786257349,2,0.1,random,,
condition_recombine_pseudolabel__mult_1.5__sim_0.8__teacher_rf__seed_1,condition_recombine_pseudolabel,1.5,0.8,random_forest,1,316,456,2.4430379746835444,True,0.8439478306655296,0.800000011920929,0.85,reaction_role_concat,6144,random_forest,False,valid,mae,9.996311960479881,2,0.1,random,,
condition_recombine_pseudolabel__mult_1.5__sim_0.8__teacher_rf__seed_1,condition_recombine_pseudolabel,1.5,0.8,random_forest,1,316,456,2.4430379746835444,True,0.8439478306655296,0.800000011920929,0.85,reaction_role_concat,6144,random_forest,False,valid,r2,0.7447854097012675,2,0.1,random,,
condition_recombine_pseudolabel__mult_1.5__sim_0.8__teacher_rf__seed_1,condition_recombine_pseudolabel,1.5,0.8,random_forest,1,316,456,2.4430379746835444,True,0.8439478306655296,0.800000011920929,0.85,reaction_role_concat,6144,random_forest,False,valid,spearman,0.8691918541736288,2,0.1,random,,
condition_recombine_pseudolabel__mult_1.5__sim_0.8__teacher_rf__seed_2,condition_recombine_pseudolabel,1.5,0.8,random_forest,2,316,464,2.4683544303797467,True,0.8448919280078901,0.800000011920929,0.85,reaction_role_concat,6144,random_forest,False,valid,rmse,13.91562862671747,2,0.1,random,,
condition_recombine_pseudolabel__mult_1.5__sim_0.8__teacher_rf__seed_2,condition_recombine_pseudolabel,1.5,0.8,random_forest,2,316,464,2.4683544303797467,True,0.8448919280078901,0.800000011920929,0.85,reaction_role_concat,6144,random_forest,False,valid,mae,10.063996684667432,2,0.1,random,,
condition_recombine_pseudolabel__mult_1.5__sim_0.8__teacher_rf__seed_2,condition_recombine_pseudolabel,1.5,0.8,random_forest,2,316,464,2.4683544303797467,True,0.8448919280078901,0.800000011920929,0.85,reaction_role_concat,6144,random_forest,False,valid,r2,0.7476643458818015,2,0.1,random,,
condition_recombine_pseudolabel__mult_1.5__sim_0.8__teacher_rf__seed_2,condition_recombine_pseudolabel,1.5,0.8,random_forest,2,316,464,2.4683544303797467,True,0.8448919280078901,0.800000011920929,0.85,reaction_role_concat,6144,random_forest,False,valid,spearman,0.872816385960061,2,0.1,random,,
condition_recombine_pseudolabel__mult_1.5__sim_0.8__teacher_rf__seed_3,condition_recombine_pseudolabel,1.5,0.8,random_forest,3,316,455,2.439873417721519,True,0.8447679744971975,0.800000011920929,0.85,reaction_role_concat,6144,random_forest,False,valid,rmse,14.134134779647317,2,0.1,random,,
condition_recombine_pseudolabel__mult_1.5__sim_0.8__teacher_rf__seed_3,condition_recombine_pseudolabel,1.5,0.8,random_forest,3,316,455,2.439873417721519,True,0.8447679744971975,0.800000011920929,0.85,reaction_role_concat,6144,random_forest,False,valid,mae,10.12122473640155,2,0.1,random,,
condition_recombine_pseudolabel__mult_1.5__sim_0.8__teacher_rf__seed_3,condition_recombine_pseudolabel,1.5,0.8,random_forest,3,316,455,2.439873417721519,True,0.8447679744971975,0.800000011920929,0.85,reaction_role_concat,6144,random_forest,False,valid,r2,0.7396776741884239,2,0.1,random,,
condition_recombine_pseudolabel__mult_1.5__sim_0.8__teacher_rf__seed_3,condition_recombine_pseudolabel,1.5,0.8,random_forest,3,316,455,2.439873417721519,True,0.8447679744971975,0.800000011920929,0.85,reaction_role_concat,6144,random_forest,False,valid,spearman,0.8684427232553242,2,0.1,random,,
condition_recombine_pseudolabel__mult_1.5__sim_0.8__teacher_rf__seed_4,condition_recombine_pseudolabel,1.5,0.8,random_forest,4,316,463,2.4651898734177213,True,0.8445258149832936,0.8012820482254028,0.85,reaction_role_concat,6144,random_forest,False,valid,rmse,13.633497209146881,2,0.1,random,,
condition_recombine_pseudolabel__mult_1.5__sim_0.8__teacher_rf__seed_4,condition_recombine_pseudolabel,1.5,0.8,random_forest,4,316,463,2.4651898734177213,True,0.8445258149832936,0.8012820482254028,0.85,reaction_role_concat,6144,random_forest,False,valid,mae,9.704341021268428,2,0.1,random,,
condition_recombine_pseudolabel__mult_1.5__sim_0.8__teacher_rf__seed_4,condition_recombine_pseudolabel,1.5,0.8,random_forest,4,316,463,2.4651898734177213,True,0.8445258149832936,0.8012820482254028,0.85,reaction_role_concat,6144,random_forest,False,valid,r2,0.7577925450456104,2,0.1,random,,
condition_recombine_pseudolabel__mult_1.5__sim_0.8__teacher_rf__seed_4,condition_recombine_pseudolabel,1.5,0.8,random_forest,4,316,463,2.4651898734177213,True,0.8445258149832936,0.8012820482254028,0.85,reaction_role_concat,6144,random_forest,False,valid,spearman,0.8779078278602412,2,0.1,random,,
condition_recombine_pseudolabel__mult_1.5__sim_0.85__teacher_ridge__seed_0,condition_recombine_pseudolabel,1.5,0.85,ridge,0,316,348,2.1012658227848102,True,0.8499999999999998,0.85,0.85,reaction_role_concat,6144,random_forest,False,valid,rmse,14.160339632670656,2,0.1,random,,
condition_recombine_pseudolabel__mult_1.5__sim_0.85__teacher_ridge__seed_0,condition_recombine_pseudolabel,1.5,0.85,ridge,0,316,348,2.1012658227848102,True,0.8499999999999998,0.85,0.85,reaction_role_concat,6144,random_forest,False,valid,mae,10.574089709427536,2,0.1,random,,
condition_recombine_pseudolabel__mult_1.5__sim_0.85__teacher_ridge__seed_0,condition_recombine_pseudolabel,1.5,0.85,ridge,0,316,348,2.1012658227848102,True,0.8499999999999998,0.85,0.85,reaction_role_concat,6144,random_forest,False,valid,r2,0.73871149802597,2,0.1,random,,
condition_recombine_pseudolabel__mult_1.5__sim_0.85__teacher_ridge__seed_0,condition_recombine_pseudolabel,1.5,0.85,ridge,0,316,348,2.1012658227848102,True,0.8499999999999998,0.85,0.85,reaction_role_concat,6144,random_forest,False,valid,spearman,0.8674088953256962,2,0.1,random,,
condition_recombine_pseudolabel__mult_1.5__sim_0.85__teacher_ridge__seed_1,condition_recombine_pseudolabel,1.5,0.85,ridge,1,316,328,2.037974683544304,True,0.8499999999999999,0.85,0.85,reaction_role_concat,6144,random_forest,False,valid,rmse,14.471708143428389,2,0.1,random,,
condition_recombine_pseudolabel__mult_1.5__sim_0.85__teacher_ridge__seed_1,condition_recombine_pseudolabel,1.5,0.85,ridge,1,316,328,2.037974683544304,True,0.8499999999999999,0.85,0.85,reaction_role_concat,6144,random_forest,False,valid,mae,10.710737095937699,2,0.1,random,,
condition_recombine_pseudolabel__mult_1.5__sim_0.85__teacher_ridge__seed_1,condition_recombine_pseudolabel,1.5,0.85,ridge,1,316,328,2.037974683544304,True,0.8499999999999999,0.85,0.85,reaction_role_concat,6144,random_forest,False,valid,r2,0.7270943356765178,2,0.1,random,,
condition_recombine_pseudolabel__mult_1.5__sim_0.85__teacher_ridge__seed_1,condition_recombine_pseudolabel,1.5,0.85,ridge,1,316,328,2.037974683544304,True,0.8499999999999999,0.85,0.85,reaction_role_concat,6144,random_forest,False,valid,spearman,0.8612929725933868,2,0.1,random,,
condition_recombine_pseudolabel__mult_1.5__sim_0.85__teacher_ridge__seed_2,condition_recombine_pseudolabel,1.5,0.85,ridge,2,316,345,2.0917721518987342,True,0.8499999999999996,0.85,0.85,reaction_role_concat,6144,random_forest,False,valid,rmse,14.099094777868132,2,0.1,random,,
condition_recombine_pseudolabel__mult_1.5__sim_0.85__teacher_ridge__seed_2,condition_recombine_pseudolabel,1.5,0.85,ridge,2,316,345,2.0917721518987342,True,0.8499999999999996,0.85,0.85,reaction_role_concat,6144,random_forest,False,valid,mae,10.467211822093287,2,0.1,random,,
condition_recombine_pseudolabel__mult_1.5__sim_0.85__teacher_ridge__seed_2,condition_recombine_pseudolabel,1.5,0.85,ridge,2,316,345,2.0917721518987342,True,0.8499999999999996,0.85,0.85,reaction_role_concat,6144,random_forest,False,valid,r2,0.7409668069274093,2,0.1,random,,
condition_recombine_pseudolabel__mult_1.5__sim_0.85__teacher_ridge__seed_2,condition_recombine_pseudolabel,1.5,0.85,ridge,2,316,345,2.0917721518987342,True,0.8499999999999996,0.85,0.85,reaction_role_concat,6144,random_forest,False,valid,spearman,0.8668609217348177,2,0.1,random,,
condition_recombine_pseudolabel__mult_1.5__sim_0.85__teacher_ridge__seed_3,condition_recombine_pseudolabel,1.5,0.85,ridge,3,316,340,2.0759493670886076,True,0.8499999999999996,0.85,0.85,reaction_role_concat,6144,random_forest,False,valid,rmse,14.520450854662768,2,0.1,random,,
condition_recombine_pseudolabel__mult_1.5__sim_0.85__teacher_ridge__seed_3,condition_recombine_pseudolabel,1.5,0.85,ridge,3,316,340,2.0759493670886076,True,0.8499999999999996,0.85,0.85,reaction_role_concat,6144,random_forest,False,valid,mae,10.915713153785545,2,0.1,random,,
condition_recombine_pseudolabel__mult_1.5__sim_0.85__teacher_ridge__seed_3,condition_recombine_pseudolabel,1.5,0.85,ridge,3,316,340,2.0759493670886076,True,0.8499999999999996,0.85,0.85,reaction_role_concat,6144,random_forest,False,valid,r2,0.7252528718192539,2,0.1,random,,
condition_recombine_pseudolabel__mult_1.5__sim_0.85__teacher_ridge__seed_3,condition_recombine_pseudolabel,1.5,0.85,ridge,3,316,340,2.0759493670886076,True,0.8499999999999996,0.85,0.85,reaction_role_concat,6144,random_forest,False,valid,spearman,0.8604768541430059,2,0.1,random,,
condition_recombine_pseudolabel__mult_1.5__sim_0.85__teacher_ridge__seed_4,condition_recombine_pseudolabel,1.5,0.85,ridge,4,316,332,2.050632911392405,True,0.8499999999999998,0.85,0.85,reaction_role_concat,6144,random_forest,False,valid,rmse,14.128097192990277,2,0.1,random,,
condition_recombine_pseudolabel__mult_1.5__sim_0.85__teacher_ridge__seed_4,condition_recombine_pseudolabel,1.5,0.85,ridge,4,316,332,2.050632911392405,True,0.8499999999999998,0.85,0.85,reaction_role_concat,6144,random_forest,False,valid,mae,10.37428564799134,2,0.1,random,,
condition_recombine_pseudolabel__mult_1.5__sim_0.85__teacher_ridge__seed_4,condition_recombine_pseudolabel,1.5,0.85,ridge,4,316,332,2.050632911392405,True,0.8499999999999998,0.85,0.85,reaction_role_concat,6144,random_forest,False,valid,r2,0.7399000270858497,2,0.1,random,,
condition_recombine_pseudolabel__mult_1.5__sim_0.85__teacher_ridge__seed_4,condition_recombine_pseudolabel,1.5,0.85,ridge,4,316,332,2.050632911392405,True,0.8499999999999998,0.85,0.85,reaction_role_concat,6144,random_forest,False,valid,spearman,0.8661404163026036,2,0.1,random,,
condition_recombine_pseudolabel__mult_1.5__sim_0.85__teacher_rf__seed_0,condition_recombine_pseudolabel,1.5,0.85,random_forest,0,316,348,2.1012658227848102,True,0.8499999999999998,0.85,0.85,reaction_role_concat,6144,random_forest,False,valid,rmse,13.862590570659382,2,0.1,random,,
condition_recombine_pseudolabel__mult_1.5__sim_0.85__teacher_rf__seed_0,condition_recombine_pseudolabel,1.5,0.85,random_forest,0,316,348,2.1012658227848102,True,0.8499999999999998,0.85,0.85,reaction_role_concat,6144,random_forest,False,valid,mae,10.069646410349804,2,0.1,random,,
condition_recombine_pseudolabel__mult_1.5__sim_0.85__teacher_rf__seed_0,condition_recombine_pseudolabel,1.5,0.85,random_forest,0,316,348,2.1012658227848102,True,0.8499999999999998,0.85,0.85,reaction_role_concat,6144,random_forest,False,valid,r2,0.7495841855357159,2,0.1,random,,
condition_recombine_pseudolabel__mult_1.5__sim_0.85__teacher_rf__seed_0,condition_recombine_pseudolabel,1.5,0.85,random_forest,0,316,348,2.1012658227848102,True,0.8499999999999998,0.85,0.85,reaction_role_concat,6144,random_forest,False,valid,spearman,0.8736445777447112,2,0.1,random,,
condition_recombine_pseudolabel__mult_1.5__sim_0.85__teacher_rf__seed_1,condition_recombine_pseudolabel,1.5,0.85,random_forest,1,316,328,2.037974683544304,True,0.8499999999999999,0.85,0.85,reaction_role_concat,6144,random_forest,False,valid,rmse,13.850407765957671,2,0.1,random,,
condition_recombine_pseudolabel__mult_1.5__sim_0.85__teacher_rf__seed_1,condition_recombine_pseudolabel,1.5,0.85,random_forest,1,316,328,2.037974683544304,True,0.8499999999999999,0.85,0.85,reaction_role_concat,6144,random_forest,False,valid,mae,9.90739528745941,2,0.1,random,,
condition_recombine_pseudolabel__mult_1.5__sim_0.85__teacher_rf__seed_1,condition_recombine_pseudolabel,1.5,0.85,random_forest,1,316,328,2.037974683544304,True,0.8499999999999999,0.85,0.85,reaction_role_concat,6144,random_forest,False,valid,r2,0.7500241359763882,2,0.1,random,,
condition_recombine_pseudolabel__mult_1.5__sim_0.85__teacher_rf__seed_1,condition_recombine_pseudolabel,1.5,0.85,random_forest,1,316,328,2.037974683544304,True,0.8499999999999999,0.85,0.85,reaction_role_concat,6144,random_forest,False,valid,spearman,0.8725601197036302,2,0.1,random,,
condition_recombine_pseudolabel__mult_1.5__sim_0.85__teacher_rf__seed_2,condition_recombine_pseudolabel,1.5,0.85,random_forest,2,316,345,2.0917721518987342,True,0.8499999999999996,0.85,0.85,reaction_role_concat,6144,random_forest,False,valid,rmse,14.048178159287563,2,0.1,random,,
condition_recombine_pseudolabel__mult_1.5__sim_0.85__teacher_rf__seed_2,condition_recombine_pseudolabel,1.5,0.85,random_forest,2,316,345,2.0917721518987342,True,0.8499999999999996,0.85,0.85,reaction_role_concat,6144,random_forest,False,valid,mae,10.15055371304026,2,0.1,random,,
condition_recombine_pseudolabel__mult_1.5__sim_0.85__teacher_rf__seed_2,condition_recombine_pseudolabel,1.5,0.85,random_forest,2,316,345,2.0917721518987342,True,0.8499999999999996,0.85,0.85,reaction_role_concat,6144,random_forest,False,valid,r2,0.7428343423046638,2,0.1,random,,
condition_recombine_pseudolabel__mult_1.5__sim_0.85__teacher_rf__seed_2,condition_recombine_pseudolabel,1.5,0.85,random_forest,2,316,345,2.0917721518987342,True,0.8499999999999996,0.85,0.85,reaction_role_concat,6144,random_forest,False,valid,spearman,0.8711337136790445,2,0.1,random,,
condition_recombine_pseudolabel__mult_1.5__sim_0.85__teacher_rf__seed_3,condition_recombine_pseudolabel,1.5,0.85,random_forest,3,316,340,2.0759493670886076,True,0.8499999999999996,0.85,0.85,reaction_role_concat,6144,random_forest,False,valid,rmse,13.988096301463202,2,0.1,random,,
condition_recombine_pseudolabel__mult_1.5__sim_0.85__teacher_rf__seed_3,condition_recombine_pseudolabel,1.5,0.85,random_forest,3,316,340,2.0759493670886076,True,0.8499999999999996,0.85,0.85,reaction_role_concat,6144,random_forest,False,valid,mae,9.918635555514806,2,0.1,random,,
condition_recombine_pseudolabel__mult_1.5__sim_0.85__teacher_rf__seed_3,condition_recombine_pseudolabel,1.5,0.85,random_forest,3,316,340,2.0759493670886076,True,0.8499999999999996,0.85,0.85,reaction_role_concat,6144,random_forest,False,valid,r2,0.745029352871148,2,0.1,random,,
condition_recombine_pseudolabel__mult_1.5__sim_0.85__teacher_rf__seed_3,condition_recombine_pseudolabel,1.5,0.85,random_forest,3,316,340,2.0759493670886076,True,0.8499999999999996,0.85,0.85,reaction_role_concat,6144,random_forest,False,valid,spearman,0.8677157916935797,2,0.1,random,,
condition_recombine_pseudolabel__mult_1.5__sim_0.85__teacher_rf__seed_4,condition_recombine_pseudolabel,1.5,0.85,random_forest,4,316,332,2.050632911392405,True,0.8499999999999998,0.85,0.85,reaction_role_concat,6144,random_forest,False,valid,rmse,13.660351412994624,2,0.1,random,,
condition_recombine_pseudolabel__mult_1.5__sim_0.85__teacher_rf__seed_4,condition_recombine_pseudolabel,1.5,0.85,random_forest,4,316,332,2.050632911392405,True,0.8499999999999998,0.85,0.85,reaction_role_concat,6144,random_forest,False,valid,mae,9.773001579073412,2,0.1,random,,
condition_recombine_pseudolabel__mult_1.5__sim_0.85__teacher_rf__seed_4,condition_recombine_pseudolabel,1.5,0.85,random_forest,4,316,332,2.050632911392405,True,0.8499999999999998,0.85,0.85,reaction_role_concat,6144,random_forest,False,valid,r2,0.7568374424640908,2,0.1,random,,
condition_recombine_pseudolabel__mult_1.5__sim_0.85__teacher_rf__seed_4,condition_recombine_pseudolabel,1.5,0.85,random_forest,4,316,332,2.050632911392405,True,0.8499999999999998,0.85,0.85,reaction_role_concat,6144,random_forest,False,valid,spearman,0.8765123840961209,2,0.1,random,,
condition_recombine_pseudolabel__mult_1.5__sim_0.9__teacher_ridge__seed_0,condition_recombine_pseudolabel,1.5,0.9,ridge,0,316,169,1.5348101265822784,True,0.8499999999999999,0.85,0.85,reaction_role_concat,6144,random_forest,False,valid,rmse,14.428816642881113,2,0.1,random,,
condition_recombine_pseudolabel__mult_1.5__sim_0.9__teacher_ridge__seed_0,condition_recombine_pseudolabel,1.5,0.9,ridge,0,316,169,1.5348101265822784,True,0.8499999999999999,0.85,0.85,reaction_role_concat,6144,random_forest,False,valid,mae,10.426815837325176,2,0.1,random,,
condition_recombine_pseudolabel__mult_1.5__sim_0.9__teacher_ridge__seed_0,condition_recombine_pseudolabel,1.5,0.9,ridge,0,316,169,1.5348101265822784,True,0.8499999999999999,0.85,0.85,reaction_role_concat,6144,random_forest,False,valid,r2,0.7287096235332534,2,0.1,random,,
condition_recombine_pseudolabel__mult_1.5__sim_0.9__teacher_ridge__seed_0,condition_recombine_pseudolabel,1.5,0.9,ridge,0,316,169,1.5348101265822784,True,0.8499999999999999,0.85,0.85,reaction_role_concat,6144,random_forest,False,valid,spearman,0.8580290829854573,2,0.1,random,,
condition_recombine_pseudolabel__mult_1.5__sim_0.9__teacher_ridge__seed_1,condition_recombine_pseudolabel,1.5,0.9,ridge,1,316,152,1.481012658227848,True,0.85,0.85,0.85,reaction_role_concat,6144,random_forest,False,valid,rmse,14.411803144663061,2,0.1,random,,
condition_recombine_pseudolabel__mult_1.5__sim_0.9__teacher_ridge__seed_1,condition_recombine_pseudolabel,1.5,0.9,ridge,1,316,152,1.481012658227848,True,0.85,0.85,0.85,reaction_role_concat,6144,random_forest,False,valid,mae,10.537519716281679,2,0.1,random,,
condition_recombine_pseudolabel__mult_1.5__sim_0.9__teacher_ridge__seed_1,condition_recombine_pseudolabel,1.5,0.9,ridge,1,316,152,1.481012658227848,True,0.85,0.85,0.85,reaction_role_concat,6144,random_forest,False,valid,r2,0.7293490213782614,2,0.1,random,,
condition_recombine_pseudolabel__mult_1.5__sim_0.9__teacher_ridge__seed_1,condition_recombine_pseudolabel,1.5,0.9,ridge,1,316,152,1.481012658227848,True,0.85,0.85,0.85,reaction_role_concat,6144,random_forest,False,valid,spearman,0.8623279689102022,2,0.1,random,,
condition_recombine_pseudolabel__mult_1.5__sim_0.9__teacher_ridge__seed_2,condition_recombine_pseudolabel,1.5,0.9,ridge,2,316,148,1.4683544303797469,True,0.8499999999999999,0.85,0.85,reaction_role_concat,6144,random_forest,False,valid,rmse,14.16796289183752,2,0.1,random,,
condition_recombine_pseudolabel__mult_1.5__sim_0.9__teacher_ridge__seed_2,condition_recombine_pseudolabel,1.5,0.9,ridge,2,316,148,1.4683544303797469,True,0.8499999999999999,0.85,0.85,reaction_role_concat,6144,random_forest,False,valid,mae,10.40780282625141,2,0.1,random,,
condition_recombine_pseudolabel__mult_1.5__sim_0.9__teacher_ridge__seed_2,condition_recombine_pseudolabel,1.5,0.9,ridge,2,316,148,1.4683544303797469,True,0.8499999999999999,0.85,0.85,reaction_role_concat,6144,random_forest,False,valid,r2,0.7384300914800835,2,0.1,random,,
condition_recombine_pseudolabel__mult_1.5__sim_0.9__teacher_ridge__seed_2,condition_recombine_pseudolabel,1.5,0.9,ridge,2,316,148,1.4683544303797469,True,0.8499999999999999,0.85,0.85,reaction_role_concat,6144,random_forest,False,valid,spearman,0.8696333097992583,2,0.1,random,,
condition_recombine_pseudolabel__mult_1.5__sim_0.9__teacher_ridge__seed_3,condition_recombine_pseudolabel,1.5,0.9,ridge,3,316,160,1.5063291139240507,True,0.8499999999999999,0.85,0.85,reaction_role_concat,6144,random_forest,False,valid,rmse,14.140160204704335,2,0.1,random,,
condition_recombine_pseudolabel__mult_1.5__sim_0.9__teacher_ridge__seed_3,condition_recombine_pseudolabel,1.5,0.9,ridge,3,316,160,1.5063291139240507,True,0.8499999999999999,0.85,0.85,reaction_role_concat,6144,random_forest,False,valid,mae,10.502557541357564,2,0.1,random,,
condition_recombine_pseudolabel__mult_1.5__sim_0.9__teacher_ridge__seed_3,condition_recombine_pseudolabel,1.5,0.9,ridge,3,316,160,1.5063291139240507,True,0.8499999999999999,0.85,0.85,reaction_role_concat,6144,random_forest,False,valid,r2,0.7394556744652411,2,0.1,random,,
condition_recombine_pseudolabel__mult_1.5__sim_0.9__teacher_ridge__seed_3,condition_recombine_pseudolabel,1.5,0.9,ridge,3,316,160,1.5063291139240507,True,0.8499999999999999,0.85,0.85,reaction_role_concat,6144,random_forest,False,valid,spearman,0.8678744976198647,2,0.1,random,,
condition_recombine_pseudolabel__mult_1.5__sim_0.9__teacher_ridge__seed_4,condition_recombine_pseudolabel,1.5,0.9,ridge,4,316,154,1.4873417721518987,True,0.8499999999999999,0.85,0.85,reaction_role_concat,6144,random_forest,False,valid,rmse,14.34149434325251,2,0.1,random,,
condition_recombine_pseudolabel__mult_1.5__sim_0.9__teacher_ridge__seed_4,condition_recombine_pseudolabel,1.5,0.9,ridge,4,316,154,1.4873417721518987,True,0.8499999999999999,0.85,0.85,reaction_role_concat,6144,random_forest,False,valid,mae,10.246664900785758,2,0.1,random,,
condition_recombine_pseudolabel__mult_1.5__sim_0.9__teacher_ridge__seed_4,condition_recombine_pseudolabel,1.5,0.9,ridge,4,316,154,1.4873417721518987,True,0.8499999999999999,0.85,0.85,reaction_role_concat,6144,random_forest,False,valid,r2,0.7319833521877488,2,0.1,random,,
condition_recombine_pseudolabel__mult_1.5__sim_0.9__teacher_ridge__seed_4,condition_recombine_pseudolabel,1.5,0.9,ridge,4,316,154,1.4873417721518987,True,0.8499999999999999,0.85,0.85,reaction_role_concat,6144,random_forest,False,valid,spearman,0.8585322684008199,2,0.1,random,,
condition_recombine_pseudolabel__mult_1.5__sim_0.9__teacher_rf__seed_0,condition_recombine_pseudolabel,1.5,0.9,random_forest,0,316,169,1.5348101265822784,True,0.8499999999999999,0.85,0.85,reaction_role_concat,6144,random_forest,False,valid,rmse,14.044534490043153,2,0.1,random,,
condition_recombine_pseudolabel__mult_1.5__sim_0.9__teacher_rf__seed_0,condition_recombine_pseudolabel,1.5,0.9,random_forest,0,316,169,1.5348101265822784,True,0.8499999999999999,0.85,0.85,reaction_role_concat,6144,random_forest,False,valid,mae,10.158795070717607,2,0.1,random,,
condition_recombine_pseudolabel__mult_1.5__sim_0.9__teacher_rf__seed_0,condition_recombine_pseudolabel,1.5,0.9,random_forest,0,316,169,1.5348101265822784,True,0.8499999999999999,0.85,0.85,reaction_role_concat,6144,random_forest,False,valid,r2,0.7429677268715407,2,0.1,random,,
condition_recombine_pseudolabel__mult_1.5__sim_0.9__teacher_rf__seed_0,condition_recombine_pseudolabel,1.5,0.9,random_forest,0,316,169,1.5348101265822784,True,0.8499999999999999,0.85,0.85,reaction_role_concat,6144,random_forest,False,valid,spearman,0.870817470213662,2,0.1,random,,
condition_recombine_pseudolabel__mult_1.5__sim_0.9__teacher_rf__seed_1,condition_recombine_pseudolabel,1.5,0.9,random_forest,1,316,152,1.481012658227848,True,0.85,0.85,0.85,reaction_role_concat,6144,random_forest,False,valid,rmse,13.940987412513657,2,0.1,random,,
condition_recombine_pseudolabel__mult_1.5__sim_0.9__teacher_rf__seed_1,condition_recombine_pseudolabel,1.5,0.9,random_forest,1,316,152,1.481012658227848,True,0.85,0.85,0.85,reaction_role_concat,6144,random_forest,False,valid,mae,9.940449612384356,2,0.1,random,,
condition_recombine_pseudolabel__mult_1.5__sim_0.9__teacher_rf__seed_1,condition_recombine_pseudolabel,1.5,0.9,random_forest,1,316,152,1.481012658227848,True,0.85,0.85,0.85,reaction_role_concat,6144,random_forest,False,valid,r2,0.7467438332076323,2,0.1,random,,
condition_recombine_pseudolabel__mult_1.5__sim_0.9__teacher_rf__seed_1,condition_recombine_pseudolabel,1.5,0.9,random_forest,1,316,152,1.481012658227848,True,0.85,0.85,0.85,reaction_role_concat,6144,random_forest,False,valid,spearman,0.8731334083502352,2,0.1,random,,
condition_recombine_pseudolabel__mult_1.5__sim_0.9__teacher_rf__seed_2,condition_recombine_pseudolabel,1.5,0.9,random_forest,2,316,148,1.4683544303797469,True,0.8499999999999999,0.85,0.85,reaction_role_concat,6144,random_forest,False,valid,rmse,14.119574220654213,2,0.1,random,,
condition_recombine_pseudolabel__mult_1.5__sim_0.9__teacher_rf__seed_2,condition_recombine_pseudolabel,1.5,0.9,random_forest,2,316,148,1.4683544303797469,True,0.8499999999999999,0.85,0.85,reaction_role_concat,6144,random_forest,False,valid,mae,10.119304696598387,2,0.1,random,,
condition_recombine_pseudolabel__mult_1.5__sim_0.9__teacher_rf__seed_2,condition_recombine_pseudolabel,1.5,0.9,random_forest,2,316,148,1.4683544303797469,True,0.8499999999999999,0.85,0.85,reaction_role_concat,6144,random_forest,False,valid,r2,0.7402137503251751,2,0.1,random,,
condition_recombine_pseudolabel__mult_1.5__sim_0.9__teacher_rf__seed_2,condition_recombine_pseudolabel,1.5,0.9,random_forest,2,316,148,1.4683544303797469,True,0.8499999999999999,0.85,0.85,reaction_role_concat,6144,random_forest,False,valid,spearman,0.8704800010477087,2,0.1,random,,
condition_recombine_pseudolabel__mult_1.5__sim_0.9__teacher_rf__seed_3,condition_recombine_pseudolabel,1.5,0.9,random_forest,3,316,160,1.5063291139240507,True,0.8499999999999999,0.85,0.85,reaction_role_concat,6144,random_forest,False,valid,rmse,14.098382759611326,2,0.1,random,,
condition_recombine_pseudolabel__mult_1.5__sim_0.9__teacher_rf__seed_3,condition_recombine_pseudolabel,1.5,0.9,random_forest,3,316,160,1.5063291139240507,True,0.8499999999999999,0.85,0.85,reaction_role_concat,6144,random_forest,False,valid,mae,10.039083137867571,2,0.1,random,,
condition_recombine_pseudolabel__mult_1.5__sim_0.9__teacher_rf__seed_3,condition_recombine_pseudolabel,1.5,0.9,random_forest,3,316,160,1.5063291139240507,True,0.8499999999999999,0.85,0.85,reaction_role_concat,6144,random_forest,False,valid,r2,0.7409929691326265,2,0.1,random,,
condition_recombine_pseudolabel__mult_1.5__sim_0.9__teacher_rf__seed_3,condition_recombine_pseudolabel,1.5,0.9,random_forest,3,316,160,1.5063291139240507,True,0.8499999999999999,0.85,0.85,reaction_role_concat,6144,random_forest,False,valid,spearman,0.8710240800146292,2,0.1,random,,
condition_recombine_pseudolabel__mult_1.5__sim_0.9__teacher_rf__seed_4,condition_recombine_pseudolabel,1.5,0.9,random_forest,4,316,154,1.4873417721518987,True,0.8499999999999999,0.85,0.85,reaction_role_concat,6144,random_forest,False,valid,rmse,13.73111340903527,2,0.1,random,,
condition_recombine_pseudolabel__mult_1.5__sim_0.9__teacher_rf__seed_4,condition_recombine_pseudolabel,1.5,0.9,random_forest,4,316,154,1.4873417721518987,True,0.8499999999999999,0.85,0.85,reaction_role_concat,6144,random_forest,False,valid,mae,9.748639963277533,2,0.1,random,,
condition_recombine_pseudolabel__mult_1.5__sim_0.9__teacher_rf__seed_4,condition_recombine_pseudolabel,1.5,0.9,random_forest,4,316,154,1.4873417721518987,True,0.8499999999999999,0.85,0.85,reaction_role_concat,6144,random_forest,False,valid,r2,0.7543117045019531,2,0.1,random,,
condition_recombine_pseudolabel__mult_1.5__sim_0.9__teacher_rf__seed_4,condition_recombine_pseudolabel,1.5,0.9,random_forest,4,316,154,1.4873417721518987,True,0.8499999999999999,0.85,0.85,reaction_role_concat,6144,random_forest,False,valid,spearman,0.8746357595420001,2,0.1,random,,
condition_recombine_pseudolabel__mult_1.5__sim_0.95__teacher_ridge__seed_0,condition_recombine_pseudolabel,1.5,0.95,ridge,0,316,0,1.0,True,,,,reaction_role_concat,6144,random_forest,False,valid,rmse,14.471259460462234,2,0.1,random,,
condition_recombine_pseudolabel__mult_1.5__sim_0.95__teacher_ridge__seed_0,condition_recombine_pseudolabel,1.5,0.95,ridge,0,316,0,1.0,True,,,,reaction_role_concat,6144,random_forest,False,valid,mae,10.225675690967824,2,0.1,random,,
condition_recombine_pseudolabel__mult_1.5__sim_0.95__teacher_ridge__seed_0,condition_recombine_pseudolabel,1.5,0.95,ridge,0,316,0,1.0,True,,,,reaction_role_concat,6144,random_forest,False,valid,r2,0.7271112578288355,2,0.1,random,,
condition_recombine_pseudolabel__mult_1.5__sim_0.95__teacher_ridge__seed_0,condition_recombine_pseudolabel,1.5,0.95,ridge,0,316,0,1.0,True,,,,reaction_role_concat,6144,random_forest,False,valid,spearman,0.8613827436756167,2,0.1,random,,
condition_recombine_pseudolabel__mult_1.5__sim_0.95__teacher_ridge__seed_1,condition_recombine_pseudolabel,1.5,0.95,ridge,1,316,0,1.0,True,,,,reaction_role_concat,6144,random_forest,False,valid,rmse,14.471259460462234,2,0.1,random,,
condition_recombine_pseudolabel__mult_1.5__sim_0.95__teacher_ridge__seed_1,condition_recombine_pseudolabel,1.5,0.95,ridge,1,316,0,1.0,True,,,,reaction_role_concat,6144,random_forest,False,valid,mae,10.225675690967824,2,0.1,random,,
condition_recombine_pseudolabel__mult_1.5__sim_0.95__teacher_ridge__seed_1,condition_recombine_pseudolabel,1.5,0.95,ridge,1,316,0,1.0,True,,,,reaction_role_concat,6144,random_forest,False,valid,r2,0.7271112578288355,2,0.1,random,,
condition_recombine_pseudolabel__mult_1.5__sim_0.95__teacher_ridge__seed_1,condition_recombine_pseudolabel,1.5,0.95,ridge,1,316,0,1.0,True,,,,reaction_role_concat,6144,random_forest,False,valid,spearman,0.8613827436756167,2,0.1,random,,
condition_recombine_pseudolabel__mult_1.5__sim_0.95__teacher_ridge__seed_2,condition_recombine_pseudolabel,1.5,0.95,ridge,2,316,0,1.0,True,,,,reaction_role_concat,6144,random_forest,False,valid,rmse,14.471259460462234,2,0.1,random,,
condition_recombine_pseudolabel__mult_1.5__sim_0.95__teacher_ridge__seed_2,condition_recombine_pseudolabel,1.5,0.95,ridge,2,316,0,1.0,True,,,,reaction_role_concat,6144,random_forest,False,valid,mae,10.225675690967824,2,0.1,random,,
condition_recombine_pseudolabel__mult_1.5__sim_0.95__teacher_ridge__seed_2,condition_recombine_pseudolabel,1.5,0.95,ridge,2,316,0,1.0,True,,,,reaction_role_concat,6144,random_forest,False,valid,r2,0.7271112578288355,2,0.1,random,,
condition_recombine_pseudolabel__mult_1.5__sim_0.95__teacher_ridge__seed_2,condition_recombine_pseudolabel,1.5,0.95,ridge,2,316,0,1.0,True,,,,reaction_role_concat,6144,random_forest,False,valid,spearman,0.8613827436756167,2,0.1,random,,
condition_recombine_pseudolabel__mult_1.5__sim_0.95__teacher_ridge__seed_3,condition_recombine_pseudolabel,1.5,0.95,ridge,3,316,0,1.0,True,,,,reaction_role_concat,6144,random_forest,False,valid,rmse,14.471259460462234,2,0.1,random,,
condition_recombine_pseudolabel__mult_1.5__sim_0.95__teacher_ridge__seed_3,condition_recombine_pseudolabel,1.5,0.95,ridge,3,316,0,1.0,True,,,,reaction_role_concat,6144,random_forest,False,valid,mae,10.225675690967824,2,0.1,random,,
condition_recombine_pseudolabel__mult_1.5__sim_0.95__teacher_ridge__seed_3,condition_recombine_pseudolabel,1.5,0.95,ridge,3,316,0,1.0,True,,,,reaction_role_concat,6144,random_forest,False,valid,r2,0.7271112578288355,2,0.1,random,,
condition_recombine_pseudolabel__mult_1.5__sim_0.95__teacher_ridge__seed_3,condition_recombine_pseudolabel,1.5,0.95,ridge,3,316,0,1.0,True,,,,reaction_role_concat,6144,random_forest,False,valid,spearman,0.8613827436756167,2,0.1,random,,
condition_recombine_pseudolabel__mult_1.5__sim_0.95__teacher_ridge__seed_4,condition_recombine_pseudolabel,1.5,0.95,ridge,4,316,0,1.0,True,,,,reaction_role_concat,6144,random_forest,False,valid,rmse,14.471259460462234,2,0.1,random,,
condition_recombine_pseudolabel__mult_1.5__sim_0.95__teacher_ridge__seed_4,condition_recombine_pseudolabel,1.5,0.95,ridge,4,316,0,1.0,True,,,,reaction_role_concat,6144,random_forest,False,valid,mae,10.225675690967824,2,0.1,random,,
condition_recombine_pseudolabel__mult_1.5__sim_0.95__teacher_ridge__seed_4,condition_recombine_pseudolabel,1.5,0.95,ridge,4,316,0,1.0,True,,,,reaction_role_concat,6144,random_forest,False,valid,r2,0.7271112578288355,2,0.1,random,,
condition_recombine_pseudolabel__mult_1.5__sim_0.95__teacher_ridge__seed_4,condition_recombine_pseudolabel,1.5,0.95,ridge,4,316,0,1.0,True,,,,reaction_role_concat,6144,random_forest,False,valid,spearman,0.8613827436756167,2,0.1,random,,
condition_recombine_pseudolabel__mult_1.5__sim_0.95__teacher_rf__seed_0,condition_recombine_pseudolabel,1.5,0.95,random_forest,0,316,0,1.0,True,,,,reaction_role_concat,6144,random_forest,False,valid,rmse,14.471259460462234,2,0.1,random,,
condition_recombine_pseudolabel__mult_1.5__sim_0.95__teacher_rf__seed_0,condition_recombine_pseudolabel,1.5,0.95,random_forest,0,316,0,1.0,True,,,,reaction_role_concat,6144,random_forest,False,valid,mae,10.225675690967824,2,0.1,random,,
condition_recombine_pseudolabel__mult_1.5__sim_0.95__teacher_rf__seed_0,condition_recombine_pseudolabel,1.5,0.95,random_forest,0,316,0,1.0,True,,,,reaction_role_concat,6144,random_forest,False,valid,r2,0.7271112578288355,2,0.1,random,,
condition_recombine_pseudolabel__mult_1.5__sim_0.95__teacher_rf__seed_0,condition_recombine_pseudolabel,1.5,0.95,random_forest,0,316,0,1.0,True,,,,reaction_role_concat,6144,random_forest,False,valid,spearman,0.8613827436756167,2,0.1,random,,
condition_recombine_pseudolabel__mult_1.5__sim_0.95__teacher_rf__seed_1,condition_recombine_pseudolabel,1.5,0.95,random_forest,1,316,0,1.0,True,,,,reaction_role_concat,6144,random_forest,False,valid,rmse,14.471259460462234,2,0.1,random,,
condition_recombine_pseudolabel__mult_1.5__sim_0.95__teacher_rf__seed_1,condition_recombine_pseudolabel,1.5,0.95,random_forest,1,316,0,1.0,True,,,,reaction_role_concat,6144,random_forest,False,valid,mae,10.225675690967824,2,0.1,random,,
condition_recombine_pseudolabel__mult_1.5__sim_0.95__teacher_rf__seed_1,condition_recombine_pseudolabel,1.5,0.95,random_forest,1,316,0,1.0,True,,,,reaction_role_concat,6144,random_forest,False,valid,r2,0.7271112578288355,2,0.1,random,,
condition_recombine_pseudolabel__mult_1.5__sim_0.95__teacher_rf__seed_1,condition_recombine_pseudolabel,1.5,0.95,random_forest,1,316,0,1.0,True,,,,reaction_role_concat,6144,random_forest,False,valid,spearman,0.8613827436756167,2,0.1,random,,
condition_recombine_pseudolabel__mult_1.5__sim_0.95__teacher_rf__seed_2,condition_recombine_pseudolabel,1.5,0.95,random_forest,2,316,0,1.0,True,,,,reaction_role_concat,6144,random_forest,False,valid,rmse,14.471259460462234,2,0.1,random,,
condition_recombine_pseudolabel__mult_1.5__sim_0.95__teacher_rf__seed_2,condition_recombine_pseudolabel,1.5,0.95,random_forest,2,316,0,1.0,True,,,,reaction_role_concat,6144,random_forest,False,valid,mae,10.225675690967824,2,0.1,random,,
condition_recombine_pseudolabel__mult_1.5__sim_0.95__teacher_rf__seed_2,condition_recombine_pseudolabel,1.5,0.95,random_forest,2,316,0,1.0,True,,,,reaction_role_concat,6144,random_forest,False,valid,r2,0.7271112578288355,2,0.1,random,,
condition_recombine_pseudolabel__mult_1.5__sim_0.95__teacher_rf__seed_2,condition_recombine_pseudolabel,1.5,0.95,random_forest,2,316,0,1.0,True,,,,reaction_role_concat,6144,random_forest,False,valid,spearman,0.8613827436756167,2,0.1,random,,
condition_recombine_pseudolabel__mult_1.5__sim_0.95__teacher_rf__seed_3,condition_recombine_pseudolabel,1.5,0.95,random_forest,3,316,0,1.0,True,,,,reaction_role_concat,6144,random_forest,False,valid,rmse,14.471259460462234,2,0.1,random,,
condition_recombine_pseudolabel__mult_1.5__sim_0.95__teacher_rf__seed_3,condition_recombine_pseudolabel,1.5,0.95,random_forest,3,316,0,1.0,True,,,,reaction_role_concat,6144,random_forest,False,valid,mae,10.225675690967824,2,0.1,random,,
condition_recombine_pseudolabel__mult_1.5__sim_0.95__teacher_rf__seed_3,condition_recombine_pseudolabel,1.5,0.95,random_forest,3,316,0,1.0,True,,,,reaction_role_concat,6144,random_forest,False,valid,r2,0.7271112578288355,2,0.1,random,,
condition_recombine_pseudolabel__mult_1.5__sim_0.95__teacher_rf__seed_3,condition_recombine_pseudolabel,1.5,0.95,random_forest,3,316,0,1.0,True,,,,reaction_role_concat,6144,random_forest,False,valid,spearman,0.8613827436756167,2,0.1,random,,
condition_recombine_pseudolabel__mult_1.5__sim_0.95__teacher_rf__seed_4,condition_recombine_pseudolabel,1.5,0.95,random_forest,4,316,0,1.0,True,,,,reaction_role_concat,6144,random_forest,False,valid,rmse,14.471259460462234,2,0.1,random,,
condition_recombine_pseudolabel__mult_1.5__sim_0.95__teacher_rf__seed_4,condition_recombine_pseudolabel,1.5,0.95,random_forest,4,316,0,1.0,True,,,,reaction_role_concat,6144,random_forest,False,valid,mae,10.225675690967824,2,0.1,random,,
condition_recombine_pseudolabel__mult_1.5__sim_0.95__teacher_rf__seed_4,condition_recombine_pseudolabel,1.5,0.95,random_forest,4,316,0,1.0,True,,,,reaction_role_concat,6144,random_forest,False,valid,r2,0.7271112578288355,2,0.1,random,,
condition_recombine_pseudolabel__mult_1.5__sim_0.95__teacher_rf__seed_4,condition_recombine_pseudolabel,1.5,0.95,random_forest,4,316,0,1.0,True,,,,reaction_role_concat,6144,random_forest,False,valid,spearman,0.8613827436756167,2,0.1,random,,
condition_recombine_pseudolabel__mult_2__sim_0.8__teacher_ridge__seed_0,condition_recombine_pseudolabel,2.0,0.8,ridge,0,316,615,2.9462025316455698,True,0.8452448604552725,0.8012820482254028,0.85,reaction_role_concat,6144,random_forest,False,valid,rmse,14.685048831290633,2,0.1,random,,
condition_recombine_pseudolabel__mult_2__sim_0.8__teacher_ridge__seed_0,condition_recombine_pseudolabel,2.0,0.8,ridge,0,316,615,2.9462025316455698,True,0.8452448604552725,0.8012820482254028,0.85,reaction_role_concat,6144,random_forest,False,valid,mae,11.13358156934041,2,0.1,random,,
condition_recombine_pseudolabel__mult_2__sim_0.8__teacher_ridge__seed_0,condition_recombine_pseudolabel,2.0,0.8,ridge,0,316,615,2.9462025316455698,True,0.8452448604552725,0.8012820482254028,0.85,reaction_role_concat,6144,random_forest,False,valid,r2,0.7189887226308642,2,0.1,random,,
condition_recombine_pseudolabel__mult_2__sim_0.8__teacher_ridge__seed_0,condition_recombine_pseudolabel,2.0,0.8,ridge,0,316,615,2.9462025316455698,True,0.8452448604552725,0.8012820482254028,0.85,reaction_role_concat,6144,random_forest,False,valid,spearman,0.8539391436360547,2,0.1,random,,
condition_recombine_pseudolabel__mult_2__sim_0.8__teacher_ridge__seed_1,condition_recombine_pseudolabel,2.0,0.8,ridge,1,316,609,2.9272151898734178,True,0.8437554710604286,0.800000011920929,0.85,reaction_role_concat,6144,random_forest,False,valid,rmse,14.737309226400733,2,0.1,random,,
condition_recombine_pseudolabel__mult_2__sim_0.8__teacher_ridge__seed_1,condition_recombine_pseudolabel,2.0,0.8,ridge,1,316,609,2.9272151898734178,True,0.8437554710604286,0.800000011920929,0.85,reaction_role_concat,6144,random_forest,False,valid,mae,11.123880090207992,2,0.1,random,,
condition_recombine_pseudolabel__mult_2__sim_0.8__teacher_ridge__seed_1,condition_recombine_pseudolabel,2.0,0.8,ridge,1,316,609,2.9272151898734178,True,0.8437554710604286,0.800000011920929,0.85,reaction_role_concat,6144,random_forest,False,valid,r2,0.7169850668012651,2,0.1,random,,
condition_recombine_pseudolabel__mult_2__sim_0.8__teacher_ridge__seed_1,condition_recombine_pseudolabel,2.0,0.8,ridge,1,316,609,2.9272151898734178,True,0.8437554710604286,0.800000011920929,0.85,reaction_role_concat,6144,random_forest,False,valid,spearman,0.8546691908969654,2,0.1,random,,
condition_recombine_pseudolabel__mult_2__sim_0.8__teacher_ridge__seed_2,condition_recombine_pseudolabel,2.0,0.8,ridge,2,316,616,2.949367088607595,True,0.8449912397698922,0.800000011920929,0.85,reaction_role_concat,6144,random_forest,False,valid,rmse,14.683792462815196,2,0.1,random,,
condition_recombine_pseudolabel__mult_2__sim_0.8__teacher_ridge__seed_2,condition_recombine_pseudolabel,2.0,0.8,ridge,2,316,616,2.949367088607595,True,0.8449912397698922,0.800000011920929,0.85,reaction_role_concat,6144,random_forest,False,valid,mae,11.012697113269494,2,0.1,random,,
condition_recombine_pseudolabel__mult_2__sim_0.8__teacher_ridge__seed_2,condition_recombine_pseudolabel,2.0,0.8,ridge,2,316,616,2.949367088607595,True,0.8449912397698922,0.800000011920929,0.85,reaction_role_concat,6144,random_forest,False,valid,r2,0.7190368039973698,2,0.1,random,,
condition_recombine_pseudolabel__mult_2__sim_0.8__teacher_ridge__seed_2,condition_recombine_pseudolabel,2.0,0.8,ridge,2,316,616,2.949367088607595,True,0.8449912397698922,0.800000011920929,0.85,reaction_role_concat,6144,random_forest,False,valid,spearman,0.8508723220003958,2,0.1,random,,
condition_recombine_pseudolabel__mult_2__sim_0.8__teacher_ridge__seed_3,condition_recombine_pseudolabel,2.0,0.8,ridge,3,316,608,2.9240506329113924,True,0.8447432663095625,0.800000011920929,0.85,reaction_role_concat,6144,random_forest,False,valid,rmse,14.611674922842539,2,0.1,random,,
condition_recombine_pseudolabel__mult_2__sim_0.8__teacher_ridge__seed_3,condition_recombine_pseudolabel,2.0,0.8,ridge,3,316,608,2.9240506329113924,True,0.8447432663095625,0.800000011920929,0.85,reaction_role_concat,6144,random_forest,False,valid,mae,11.044065174562268,2,0.1,random,,
condition_recombine_pseudolabel__mult_2__sim_0.8__teacher_ridge__seed_3,condition_recombine_pseudolabel,2.0,0.8,ridge,3,316,608,2.9240506329113924,True,0.8447432663095625,0.800000011920929,0.85,reaction_role_concat,6144,random_forest,False,valid,r2,0.7217898552351987,2,0.1,random,,
condition_recombine_pseudolabel__mult_2__sim_0.8__teacher_ridge__seed_3,condition_recombine_pseudolabel,2.0,0.8,ridge,3,316,608,2.9240506329113924,True,0.8447432663095625,0.800000011920929,0.85,reaction_role_concat,6144,random_forest,False,valid,spearman,0.8598393042010956,2,0.1,random,,
condition_recombine_pseudolabel__mult_2__sim_0.8__teacher_ridge__seed_4,condition_recombine_pseudolabel,2.0,0.8,ridge,4,316,618,2.9556962025316458,True,0.8444989458064043,0.8012820482254028,0.85,reaction_role_concat,6144,random_forest,False,valid,rmse,14.52977528349744,2,0.1,random,,
condition_recombine_pseudolabel__mult_2__sim_0.8__teacher_ridge__seed_4,condition_recombine_pseudolabel,2.0,0.8,ridge,4,316,618,2.9556962025316458,True,0.8444989458064043,0.8012820482254028,0.85,reaction_role_concat,6144,random_forest,False,valid,mae,11.005855433067945,2,0.1,random,,
condition_recombine_pseudolabel__mult_2__sim_0.8__teacher_ridge__seed_4,condition_recombine_pseudolabel,2.0,0.8,ridge,4,316,618,2.9556962025316458,True,0.8444989458064043,0.8012820482254028,0.85,reaction_role_concat,6144,random_forest,False,valid,r2,0.7248998961947616,2,0.1,random,,
condition_recombine_pseudolabel__mult_2__sim_0.8__teacher_ridge__seed_4,condition_recombine_pseudolabel,2.0,0.8,ridge,4,316,618,2.9556962025316458,True,0.8444989458064043,0.8012820482254028,0.85,reaction_role_concat,6144,random_forest,False,valid,spearman,0.8611813916169926,2,0.1,random,,
condition_recombine_pseudolabel__mult_2__sim_0.8__teacher_rf__seed_0,condition_recombine_pseudolabel,2.0,0.8,random_forest,0,316,615,2.9462025316455698,True,0.8452448604552725,0.8012820482254028,0.85,reaction_role_concat,6144,random_forest,False,valid,rmse,13.854517982501225,2,0.1,random,,
condition_recombine_pseudolabel__mult_2__sim_0.8__teacher_rf__seed_0,condition_recombine_pseudolabel,2.0,0.8,random_forest,0,316,615,2.9462025316455698,True,0.8452448604552725,0.8012820482254028,0.85,reaction_role_concat,6144,random_forest,False,valid,mae,9.99164736852842,2,0.1,random,,
condition_recombine_pseudolabel__mult_2__sim_0.8__teacher_rf__seed_0,condition_recombine_pseudolabel,2.0,0.8,random_forest,0,316,615,2.9462025316455698,True,0.8452448604552725,0.8012820482254028,0.85,reaction_role_concat,6144,random_forest,False,valid,r2,0.749875749387084,2,0.1,random,,
condition_recombine_pseudolabel__mult_2__sim_0.8__teacher_rf__seed_0,condition_recombine_pseudolabel,2.0,0.8,random_forest,0,316,615,2.9462025316455698,True,0.8452448604552725,0.8012820482254028,0.85,reaction_role_concat,6144,random_forest,False,valid,spearman,0.875315566153854,2,0.1,random,,
condition_recombine_pseudolabel__mult_2__sim_0.8__teacher_rf__seed_1,condition_recombine_pseudolabel,2.0,0.8,random_forest,1,316,609,2.9272151898734178,True,0.8437554710604286,0.800000011920929,0.85,reaction_role_concat,6144,random_forest,False,valid,rmse,14.115588492822821,2,0.1,random,,
condition_recombine_pseudolabel__mult_2__sim_0.8__teacher_rf__seed_1,condition_recombine_pseudolabel,2.0,0.8,random_forest,1,316,609,2.9272151898734178,True,0.8437554710604286,0.800000011920929,0.85,reaction_role_concat,6144,random_forest,False,valid,mae,10.068846104560018,2,0.1,random,,
condition_recombine_pseudolabel__mult_2__sim_0.8__teacher_rf__seed_1,condition_recombine_pseudolabel,2.0,0.8,random_forest,1,316,609,2.9272151898734178,True,0.8437554710604286,0.800000011920929,0.85,reaction_role_concat,6144,random_forest,False,valid,r2,0.7403603965520016,2,0.1,random,,
condition_recombine_pseudolabel__mult_2__sim_0.8__teacher_rf__seed_1,condition_recombine_pseudolabel,2.0,0.8,random_forest,1,316,609,2.9272151898734178,True,0.8437554710604286,0.800000011920929,0.85,reaction_role_concat,6144,random_forest,False,valid,spearman,0.8658627296144045,2,0.1,random,,
condition_recombine_pseudolabel__mult_2__sim_0.8__teacher_rf__seed_2,condition_recombine_pseudolabel,2.0,0.8,random_forest,2,316,616,2.949367088607595,True,0.8449912397698922,0.800000011920929,0.85,reaction_role_concat,6144,random_forest,False,valid,rmse,13.864707409298115,2,0.1,random,,
condition_recombine_pseudolabel__mult_2__sim_0.8__teacher_rf__seed_2,condition_recombine_pseudolabel,2.0,0.8,random_forest,2,316,616,2.949367088607595,True,0.8449912397698922,0.800000011920929,0.85,reaction_role_concat,6144,random_forest,False,valid,mae,10.000197760277912,2,0.1,random,,
condition_recombine_pseudolabel__mult_2__sim_0.8__teacher_rf__seed_2,condition_recombine_pseudolabel,2.0,0.8,random_forest,2,316,616,2.949367088607595,True,0.8449912397698922,0.800000011920929,0.85,reaction_role_concat,6144,random_forest,False,valid,r2,0.7495077019460333,2,0.1,random,,
condition_recombine_pseudolabel__mult_2__sim_0.8__teacher_rf__seed_2,condition_recombine_pseudolabel,2.0,0.8,random_forest,2,316,616,2.949367088607595,True,0.8449912397698922,0.800000011920929,0.85,reaction_role_concat,6144,random_forest,False,valid,spearman,0.8733265816985476,2,0.1,random,,
condition_recombine_pseudolabel__mult_2__sim_0.8__teacher_rf__seed_3,condition_recombine_pseudolabel,2.0,0.8,random_forest,3,316,608,2.9240506329113924,True,0.8447432663095625,0.800000011920929,0.85,reaction_role_concat,6144,random_forest,False,valid,rmse,14.052749201127769,2,0.1,random,,
condition_recombine_pseudolabel__mult_2__sim_0.8__teacher_rf__seed_3,condition_recombine_pseudolabel,2.0,0.8,random_forest,3,316,608,2.9240506329113924,True,0.8447432663095625,0.800000011920929,0.85,reaction_role_concat,6144,random_forest,False,valid,mae,10.032222141327738,2,0.1,random,,
condition_recombine_pseudolabel__mult_2__sim_0.8__teacher_rf__seed_3,condition_recombine_pseudolabel,2.0,0.8,random_forest,3,316,608,2.9240506329113924,True,0.8447432663095625,0.800000011920929,0.85,reaction_role_concat,6144,random_forest,False,valid,r2,0.7426669602834082,2,0.1,random,,
condition_recombine_pseudolabel__mult_2__sim_0.8__teacher_rf__seed_3,condition_recombine_pseudolabel,2.0,0.8,random_forest,3,316,608,2.9240506329113924,True,0.8447432663095625,0.800000011920929,0.85,reaction_role_concat,6144,random_forest,False,valid,spearman,0.868062413225834,2,0.1,random,,
condition_recombine_pseudolabel__mult_2__sim_0.8__teacher_rf__seed_4,condition_recombine_pseudolabel,2.0,0.8,random_forest,4,316,618,2.9556962025316458,True,0.8444989458064043,0.8012820482254028,0.85,reaction_role_concat,6144,random_forest,False,valid,rmse,13.572290325236972,2,0.1,random,,
condition_recombine_pseudolabel__mult_2__sim_0.8__teacher_rf__seed_4,condition_recombine_pseudolabel,2.0,0.8,random_forest,4,316,618,2.9556962025316458,True,0.8444989458064043,0.8012820482254028,0.85,reaction_role_concat,6144,random_forest,False,valid,mae,9.734674403205702,2,0.1,random,,
condition_recombine_pseudolabel__mult_2__sim_0.8__teacher_rf__seed_4,condition_recombine_pseudolabel,2.0,0.8,random_forest,4,316,618,2.9556962025316458,True,0.8444989458064043,0.8012820482254028,0.85,reaction_role_concat,6144,random_forest,False,valid,r2,0.7599624191203431,2,0.1,random,,
condition_recombine_pseudolabel__mult_2__sim_0.8__teacher_rf__seed_4,condition_recombine_pseudolabel,2.0,0.8,random_forest,4,316,618,2.9556962025316458,True,0.8444989458064043,0.8012820482254028,0.85,reaction_role_concat,6144,random_forest,False,valid,spearman,0.8802490810525408,2,0.1,random,,
condition_recombine_pseudolabel__mult_2__sim_0.85__teacher_ridge__seed_0,condition_recombine_pseudolabel,2.0,0.85,ridge,0,316,470,2.4873417721518987,True,0.8499999999999996,0.85,0.85,reaction_role_concat,6144,random_forest,False,valid,rmse,14.2122105656674,2,0.1,random,,
condition_recombine_pseudolabel__mult_2__sim_0.85__teacher_ridge__seed_0,condition_recombine_pseudolabel,2.0,0.85,ridge,0,316,470,2.4873417721518987,True,0.8499999999999996,0.85,0.85,reaction_role_concat,6144,random_forest,False,valid,mae,10.734890733801867,2,0.1,random,,
condition_recombine_pseudolabel__mult_2__sim_0.85__teacher_ridge__seed_0,condition_recombine_pseudolabel,2.0,0.85,ridge,0,316,470,2.4873417721518987,True,0.8499999999999996,0.85,0.85,reaction_role_concat,6144,random_forest,False,valid,r2,0.7367937330104034,2,0.1,random,,
condition_recombine_pseudolabel__mult_2__sim_0.85__teacher_ridge__seed_0,condition_recombine_pseudolabel,2.0,0.85,ridge,0,316,470,2.4873417721518987,True,0.8499999999999996,0.85,0.85,reaction_role_concat,6144,random_forest,False,valid,spearman,0.8648294858783699,2,0.1,random,,
condition_recombine_pseudolabel__mult_2__sim_0.85__teacher_ridge__seed_1,condition_recombine_pseudolabel,2.0,0.85,ridge,1,316,436,2.3797468354430378,True,0.8499999999999998,0.85,0.85,reaction_role_concat,6144,random_forest,False,valid,rmse,14.419930804614227,2,0.1,random,,
condition_recombine_pseudolabel__mult_2__sim_0.85__teacher_ridge__seed_1,condition_recombine_pseudolabel,2.0,0.85,ridge,1,316,436,2.3797468354430378,True,0.8499999999999998,0.85,0.85,reaction_role_concat,6144,random_forest,False,valid,mae,10.861419943948338,2,0.1,random,,
condition_recombine_pseudolabel__mult_2__sim_0.85__teacher_ridge__seed_1,condition_recombine_pseudolabel,2.0,0.85,ridge,1,316,436,2.3797468354430378,True,0.8499999999999998,0.85,0.85,reaction_role_concat,6144,random_forest,False,valid,r2,0.7290436634179689,2,0.1,random,,
condition_recombine_pseudolabel__mult_2__sim_0.85__teacher_ridge__seed_1,condition_recombine_pseudolabel,2.0,0.85,ridge,1,316,436,2.3797468354430378,True,0.8499999999999998,0.85,0.85,reaction_role_concat,6144,random_forest,False,valid,spearman,0.8614094218497282,2,0.1,random,,
condition_recombine_pseudolabel__mult_2__sim_0.85__teacher_ridge__seed_2,condition_recombine_pseudolabel,2.0,0.85,ridge,2,316,459,2.4525316455696204,True,0.8499999999999998,0.85,0.85,reaction_role_concat,6144,random_forest,False,valid,rmse,14.481536315326682,2,0.1,random,,
condition_recombine_pseudolabel__mult_2__sim_0.85__teacher_ridge__seed_2,condition_recombine_pseudolabel,2.0,0.85,ridge,2,316,459,2.4525316455696204,True,0.8499999999999998,0.85,0.85,reaction_role_concat,6144,random_forest,False,valid,mae,10.89069213780044,2,0.1,random,,
condition_recombine_pseudolabel__mult_2__sim_0.85__teacher_ridge__seed_2,condition_recombine_pseudolabel,2.0,0.85,ridge,2,316,459,2.4525316455696204,True,0.8499999999999998,0.85,0.85,reaction_role_concat,6144,random_forest,False,valid,r2,0.7267235329318231,2,0.1,random,,
condition_recombine_pseudolabel__mult_2__sim_0.85__teacher_ridge__seed_2,condition_recombine_pseudolabel,2.0,0.85,ridge,2,316,459,2.4525316455696204,True,0.8499999999999998,0.85,0.85,reaction_role_concat,6144,random_forest,False,valid,spearman,0.858929520044527,2,0.1,random,,
condition_recombine_pseudolabel__mult_2__sim_0.85__teacher_ridge__seed_3,condition_recombine_pseudolabel,2.0,0.85,ridge,3,316,450,2.4240506329113924,True,0.8499999999999998,0.85,0.85,reaction_role_concat,6144,random_forest,False,valid,rmse,14.441193828656678,2,0.1,random,,
condition_recombine_pseudolabel__mult_2__sim_0.85__teacher_ridge__seed_3,condition_recombine_pseudolabel,2.0,0.85,ridge,3,316,450,2.4240506329113924,True,0.8499999999999998,0.85,0.85,reaction_role_concat,6144,random_forest,False,valid,mae,10.931648301905469,2,0.1,random,,
condition_recombine_pseudolabel__mult_2__sim_0.85__teacher_ridge__seed_3,condition_recombine_pseudolabel,2.0,0.85,ridge,3,316,450,2.4240506329113924,True,0.8499999999999998,0.85,0.85,reaction_role_concat,6144,random_forest,False,valid,r2,0.7282439926150447,2,0.1,random,,
condition_recombine_pseudolabel__mult_2__sim_0.85__teacher_ridge__seed_3,condition_recombine_pseudolabel,2.0,0.85,ridge,3,316,450,2.4240506329113924,True,0.8499999999999998,0.85,0.85,reaction_role_concat,6144,random_forest,False,valid,spearman,0.8637465856868721,2,0.1,random,,
condition_recombine_pseudolabel__mult_2__sim_0.85__teacher_ridge__seed_4,condition_recombine_pseudolabel,2.0,0.85,ridge,4,316,449,2.420886075949367,True,0.8499999999999996,0.85,0.85,reaction_role_concat,6144,random_forest,False,valid,rmse,14.485281287042142,2,0.1,random,,
condition_recombine_pseudolabel__mult_2__sim_0.85__teacher_ridge__seed_4,condition_recombine_pseudolabel,2.0,0.85,ridge,4,316,449,2.420886075949367,True,0.8499999999999996,0.85,0.85,reaction_role_concat,6144,random_forest,False,valid,mae,10.914784715243531,2,0.1,random,,
condition_recombine_pseudolabel__mult_2__sim_0.85__teacher_ridge__seed_4,condition_recombine_pseudolabel,2.0,0.85,ridge,4,316,449,2.420886075949367,True,0.8499999999999996,0.85,0.85,reaction_role_concat,6144,random_forest,False,valid,r2,0.7265821743154057,2,0.1,random,,
condition_recombine_pseudolabel__mult_2__sim_0.85__teacher_ridge__seed_4,condition_recombine_pseudolabel,2.0,0.85,ridge,4,316,449,2.420886075949367,True,0.8499999999999996,0.85,0.85,reaction_role_concat,6144,random_forest,False,valid,spearman,0.8605296262976357,2,0.1,random,,
condition_recombine_pseudolabel__mult_2__sim_0.85__teacher_rf__seed_0,condition_recombine_pseudolabel,2.0,0.85,random_forest,0,316,470,2.4873417721518987,True,0.8499999999999996,0.85,0.85,reaction_role_concat,6144,random_forest,False,valid,rmse,13.76713967225754,2,0.1,random,,
condition_recombine_pseudolabel__mult_2__sim_0.85__teacher_rf__seed_0,condition_recombine_pseudolabel,2.0,0.85,random_forest,0,316,470,2.4873417721518987,True,0.8499999999999996,0.85,0.85,reaction_role_concat,6144,random_forest,False,valid,mae,9.936458906083923,2,0.1,random,,
condition_recombine_pseudolabel__mult_2__sim_0.85__teacher_rf__seed_0,condition_recombine_pseudolabel,2.0,0.85,random_forest,0,316,470,2.4873417721518987,True,0.8499999999999996,0.85,0.85,reaction_role_concat,6144,random_forest,False,valid,r2,0.7530207905885858,2,0.1,random,,
condition_recombine_pseudolabel__mult_2__sim_0.85__teacher_rf__seed_0,condition_recombine_pseudolabel,2.0,0.85,random_forest,0,316,470,2.4873417721518987,True,0.8499999999999996,0.85,0.85,reaction_role_concat,6144,random_forest,False,valid,spearman,0.8733803275091668,2,0.1,random,,
condition_recombine_pseudolabel__mult_2__sim_0.85__teacher_rf__seed_1,condition_recombine_pseudolabel,2.0,0.85,random_forest,1,316,436,2.3797468354430378,True,0.8499999999999998,0.85,0.85,reaction_role_concat,6144,random_forest,False,valid,rmse,13.964221113876413,2,0.1,random,,
condition_recombine_pseudolabel__mult_2__sim_0.85__teacher_rf__seed_1,condition_recombine_pseudolabel,2.0,0.85,random_forest,1,316,436,2.3797468354430378,True,0.8499999999999998,0.85,0.85,reaction_role_concat,6144,random_forest,False,valid,mae,9.972150960961475,2,0.1,random,,
condition_recombine_pseudolabel__mult_2__sim_0.85__teacher_rf__seed_1,condition_recombine_pseudolabel,2.0,0.85,random_forest,1,316,436,2.3797468354430378,True,0.8499999999999998,0.85,0.85,reaction_role_concat,6144,random_forest,False,valid,r2,0.7458989889936465,2,0.1,random,,
condition_recombine_pseudolabel__mult_2__sim_0.85__teacher_rf__seed_1,condition_recombine_pseudolabel,2.0,0.85,random_forest,1,316,436,2.3797468354430378,True,0.8499999999999998,0.85,0.85,reaction_role_concat,6144,random_forest,False,valid,spearman,0.8697137337839892,2,0.1,random,,
condition_recombine_pseudolabel__mult_2__sim_0.85__teacher_rf__seed_2,condition_recombine_pseudolabel,2.0,0.85,random_forest,2,316,459,2.4525316455696204,True,0.8499999999999998,0.85,0.85,reaction_role_concat,6144,random_forest,False,valid,rmse,13.7444711633217,2,0.1,random,,
condition_recombine_pseudolabel__mult_2__sim_0.85__teacher_rf__seed_2,condition_recombine_pseudolabel,2.0,0.85,random_forest,2,316,459,2.4525316455696204,True,0.8499999999999998,0.85,0.85,reaction_role_concat,6144,random_forest,False,valid,mae,9.939428343987919,2,0.1,random,,
condition_recombine_pseudolabel__mult_2__sim_0.85__teacher_rf__seed_2,condition_recombine_pseudolabel,2.0,0.85,random_forest,2,316,459,2.4525316455696204,True,0.8499999999999998,0.85,0.85,reaction_role_concat,6144,random_forest,False,valid,r2,0.7538334562946059,2,0.1,random,,
condition_recombine_pseudolabel__mult_2__sim_0.85__teacher_rf__seed_2,condition_recombine_pseudolabel,2.0,0.85,random_forest,2,316,459,2.4525316455696204,True,0.8499999999999998,0.85,0.85,reaction_role_concat,6144,random_forest,False,valid,spearman,0.8751531603348089,2,0.1,random,,
condition_recombine_pseudolabel__mult_2__sim_0.85__teacher_rf__seed_3,condition_recombine_pseudolabel,2.0,0.85,random_forest,3,316,450,2.4240506329113924,True,0.8499999999999998,0.85,0.85,reaction_role_concat,6144,random_forest,False,valid,rmse,14.026188677829042,2,0.1,random,,
condition_recombine_pseudolabel__mult_2__sim_0.85__teacher_rf__seed_3,condition_recombine_pseudolabel,2.0,0.85,random_forest,3,316,450,2.4240506329113924,True,0.8499999999999998,0.85,0.85,reaction_role_concat,6144,random_forest,False,valid,mae,9.98604011684958,2,0.1,random,,
condition_recombine_pseudolabel__mult_2__sim_0.85__teacher_rf__seed_3,condition_recombine_pseudolabel,2.0,0.85,random_forest,3,316,450,2.4240506329113924,True,0.8499999999999998,0.85,0.85,reaction_role_concat,6144,random_forest,False,valid,r2,0.7436387901961627,2,0.1,random,,
condition_recombine_pseudolabel__mult_2__sim_0.85__teacher_rf__seed_3,condition_recombine_pseudolabel,2.0,0.85,random_forest,3,316,450,2.4240506329113924,True,0.8499999999999998,0.85,0.85,reaction_role_concat,6144,random_forest,False,valid,spearman,0.8677140391127985,2,0.1,random,,
condition_recombine_pseudolabel__mult_2__sim_0.85__teacher_rf__seed_4,condition_recombine_pseudolabel,2.0,0.85,random_forest,4,316,449,2.420886075949367,True,0.8499999999999996,0.85,0.85,reaction_role_concat,6144,random_forest,False,valid,rmse,13.783176769848593,2,0.1,random,,
condition_recombine_pseudolabel__mult_2__sim_0.85__teacher_rf__seed_4,condition_recombine_pseudolabel,2.0,0.85,random_forest,4,316,449,2.420886075949367,True,0.8499999999999996,0.85,0.85,reaction_role_concat,6144,random_forest,False,valid,mae,9.921906537204604,2,0.1,random,,
condition_recombine_pseudolabel__mult_2__sim_0.85__teacher_rf__seed_4,condition_recombine_pseudolabel,2.0,0.85,random_forest,4,316,449,2.420886075949367,True,0.8499999999999996,0.85,0.85,reaction_role_concat,6144,random_forest,False,valid,r2,0.7524450520214072,2,0.1,random,,
condition_recombine_pseudolabel__mult_2__sim_0.85__teacher_rf__seed_4,condition_recombine_pseudolabel,2.0,0.85,random_forest,4,316,449,2.420886075949367,True,0.8499999999999996,0.85,0.85,reaction_role_concat,6144,random_forest,False,valid,spearman,0.8765499672173147,2,0.1,random,,
condition_recombine_pseudolabel__mult_2__sim_0.9__teacher_ridge__seed_0,condition_recombine_pseudolabel,2.0,0.9,ridge,0,316,218,1.6898734177215189,True,0.8499999999999998,0.85,0.85,reaction_role_concat,6144,random_forest,False,valid,rmse,14.231891585501058,2,0.1,random,,
condition_recombine_pseudolabel__mult_2__sim_0.9__teacher_ridge__seed_0,condition_recombine_pseudolabel,2.0,0.9,ridge,0,316,218,1.6898734177215189,True,0.8499999999999998,0.85,0.85,reaction_role_concat,6144,random_forest,False,valid,mae,10.476877851072746,2,0.1,random,,
condition_recombine_pseudolabel__mult_2__sim_0.9__teacher_ridge__seed_0,condition_recombine_pseudolabel,2.0,0.9,ridge,0,316,218,1.6898734177215189,True,0.8499999999999998,0.85,0.85,reaction_role_concat,6144,random_forest,False,valid,r2,0.7360642540210265,2,0.1,random,,
condition_recombine_pseudolabel__mult_2__sim_0.9__teacher_ridge__seed_0,condition_recombine_pseudolabel,2.0,0.9,ridge,0,316,218,1.6898734177215189,True,0.8499999999999998,0.85,0.85,reaction_role_concat,6144,random_forest,False,valid,spearman,0.8619661583445121,2,0.1,random,,
condition_recombine_pseudolabel__mult_2__sim_0.9__teacher_ridge__seed_1,condition_recombine_pseudolabel,2.0,0.9,ridge,1,316,193,1.610759493670886,True,0.8499999999999998,0.85,0.85,reaction_role_concat,6144,random_forest,False,valid,rmse,14.434180375893206,2,0.1,random,,
condition_recombine_pseudolabel__mult_2__sim_0.9__teacher_ridge__seed_1,condition_recombine_pseudolabel,2.0,0.9,ridge,1,316,193,1.610759493670886,True,0.8499999999999998,0.85,0.85,reaction_role_concat,6144,random_forest,False,valid,mae,10.601348929165283,2,0.1,random,,
condition_recombine_pseudolabel__mult_2__sim_0.9__teacher_ridge__seed_1,condition_recombine_pseudolabel,2.0,0.9,ridge,1,316,193,1.610759493670886,True,0.8499999999999998,0.85,0.85,reaction_role_concat,6144,random_forest,False,valid,r2,0.7285078884017849,2,0.1,random,,
condition_recombine_pseudolabel__mult_2__sim_0.9__teacher_ridge__seed_1,condition_recombine_pseudolabel,2.0,0.9,ridge,1,316,193,1.610759493670886,True,0.8499999999999998,0.85,0.85,reaction_role_concat,6144,random_forest,False,valid,spearman,0.8629736975624243,2,0.1,random,,
condition_recombine_pseudolabel__mult_2__sim_0.9__teacher_ridge__seed_2,condition_recombine_pseudolabel,2.0,0.9,ridge,2,316,208,1.6582278481012658,True,0.8499999999999998,0.85,0.85,reaction_role_concat,6144,random_forest,False,valid,rmse,14.502867496393975,2,0.1,random,,
condition_recombine_pseudolabel__mult_2__sim_0.9__teacher_ridge__seed_2,condition_recombine_pseudolabel,2.0,0.9,ridge,2,316,208,1.6582278481012658,True,0.8499999999999998,0.85,0.85,reaction_role_concat,6144,random_forest,False,valid,mae,10.647511697907989,2,0.1,random,,
condition_recombine_pseudolabel__mult_2__sim_0.9__teacher_ridge__seed_2,condition_recombine_pseudolabel,2.0,0.9,ridge,2,316,208,1.6582278481012658,True,0.8499999999999998,0.85,0.85,reaction_role_concat,6144,random_forest,False,valid,r2,0.7259178721323656,2,0.1,random,,
condition_recombine_pseudolabel__mult_2__sim_0.9__teacher_ridge__seed_2,condition_recombine_pseudolabel,2.0,0.9,ridge,2,316,208,1.6582278481012658,True,0.8499999999999998,0.85,0.85,reaction_role_concat,6144,random_forest,False,valid,spearman,0.8598478723738029,2,0.1,random,,
condition_recombine_pseudolabel__mult_2__sim_0.9__teacher_ridge__seed_3,condition_recombine_pseudolabel,2.0,0.9,ridge,3,316,212,1.6708860759493671,True,0.8499999999999996,0.85,0.85,reaction_role_concat,6144,random_forest,False,valid,rmse,14.21908854147429,2,0.1,random,,
condition_recombine_pseudolabel__mult_2__sim_0.9__teacher_ridge__seed_3,condition_recombine_pseudolabel,2.0,0.9,ridge,3,316,212,1.6708860759493671,True,0.8499999999999996,0.85,0.85,reaction_role_concat,6144,random_forest,False,valid,mae,10.571210063448437,2,0.1,random,,
condition_recombine_pseudolabel__mult_2__sim_0.9__teacher_ridge__seed_3,condition_recombine_pseudolabel,2.0,0.9,ridge,3,316,212,1.6708860759493671,True,0.8499999999999996,0.85,0.85,reaction_role_concat,6144,random_forest,False,valid,r2,0.7365389148903891,2,0.1,random,,
condition_recombine_pseudolabel__mult_2__sim_0.9__teacher_ridge__seed_3,condition_recombine_pseudolabel,2.0,0.9,ridge,3,316,212,1.6708860759493671,True,0.8499999999999996,0.85,0.85,reaction_role_concat,6144,random_forest,False,valid,spearman,0.8655305181907944,2,0.1,random,,
condition_recombine_pseudolabel__mult_2__sim_0.9__teacher_ridge__seed_4,condition_recombine_pseudolabel,2.0,0.9,ridge,4,316,207,1.6550632911392404,True,0.8499999999999996,0.85,0.85,reaction_role_concat,6144,random_forest,False,valid,rmse,14.535791459933588,2,0.1,random,,
condition_recombine_pseudolabel__mult_2__sim_0.9__teacher_ridge__seed_4,condition_recombine_pseudolabel,2.0,0.9,ridge,4,316,207,1.6550632911392404,True,0.8499999999999996,0.85,0.85,reaction_role_concat,6144,random_forest,False,valid,mae,10.43514383105613,2,0.1,random,,
condition_recombine_pseudolabel__mult_2__sim_0.9__teacher_ridge__seed_4,condition_recombine_pseudolabel,2.0,0.9,ridge,4,316,207,1.6550632911392404,True,0.8499999999999996,0.85,0.85,reaction_role_concat,6144,random_forest,False,valid,r2,0.7246720339775305,2,0.1,random,,
condition_recombine_pseudolabel__mult_2__sim_0.9__teacher_ridge__seed_4,condition_recombine_pseudolabel,2.0,0.9,ridge,4,316,207,1.6550632911392404,True,0.8499999999999996,0.85,0.85,reaction_role_concat,6144,random_forest,False,valid,spearman,0.8573872489571933,2,0.1,random,,
condition_recombine_pseudolabel__mult_2__sim_0.9__teacher_rf__seed_0,condition_recombine_pseudolabel,2.0,0.9,random_forest,0,316,218,1.6898734177215189,True,0.8499999999999998,0.85,0.85,reaction_role_concat,6144,random_forest,False,valid,rmse,14.09766399223339,2,0.1,random,,
condition_recombine_pseudolabel__mult_2__sim_0.9__teacher_rf__seed_0,condition_recombine_pseudolabel,2.0,0.9,random_forest,0,316,218,1.6898734177215189,True,0.8499999999999998,0.85,0.85,reaction_role_concat,6144,random_forest,False,valid,mae,10.247847838006441,2,0.1,random,,
condition_recombine_pseudolabel__mult_2__sim_0.9__teacher_rf__seed_0,condition_recombine_pseudolabel,2.0,0.9,random_forest,0,316,218,1.6898734177215189,True,0.8499999999999998,0.85,0.85,reaction_role_concat,6144,random_forest,False,valid,r2,0.7410193779856191,2,0.1,random,,
condition_recombine_pseudolabel__mult_2__sim_0.9__teacher_rf__seed_0,condition_recombine_pseudolabel,2.0,0.9,random_forest,0,316,218,1.6898734177215189,True,0.8499999999999998,0.85,0.85,reaction_role_concat,6144,random_forest,False,valid,spearman,0.8724111503372401,2,0.1,random,,
condition_recombine_pseudolabel__mult_2__sim_0.9__teacher_rf__seed_1,condition_recombine_pseudolabel,2.0,0.9,random_forest,1,316,193,1.610759493670886,True,0.8499999999999998,0.85,0.85,reaction_role_concat,6144,random_forest,False,valid,rmse,13.844283397480167,2,0.1,random,,
condition_recombine_pseudolabel__mult_2__sim_0.9__teacher_rf__seed_1,condition_recombine_pseudolabel,2.0,0.9,random_forest,1,316,193,1.610759493670886,True,0.8499999999999998,0.85,0.85,reaction_role_concat,6144,random_forest,False,valid,mae,9.875488017030154,2,0.1,random,,
condition_recombine_pseudolabel__mult_2__sim_0.9__teacher_rf__seed_1,condition_recombine_pseudolabel,2.0,0.9,random_forest,1,316,193,1.610759493670886,True,0.8499999999999998,0.85,0.85,reaction_role_concat,6144,random_forest,False,valid,r2,0.750245155581214,2,0.1,random,,
condition_recombine_pseudolabel__mult_2__sim_0.9__teacher_rf__seed_1,condition_recombine_pseudolabel,2.0,0.9,random_forest,1,316,193,1.610759493670886,True,0.8499999999999998,0.85,0.85,reaction_role_concat,6144,random_forest,False,valid,spearman,0.8767741028260925,2,0.1,random,,
condition_recombine_pseudolabel__mult_2__sim_0.9__teacher_rf__seed_2,condition_recombine_pseudolabel,2.0,0.9,random_forest,2,316,208,1.6582278481012658,True,0.8499999999999998,0.85,0.85,reaction_role_concat,6144,random_forest,False,valid,rmse,13.846098426819573,2,0.1,random,,
condition_recombine_pseudolabel__mult_2__sim_0.9__teacher_rf__seed_2,condition_recombine_pseudolabel,2.0,0.9,random_forest,2,316,208,1.6582278481012658,True,0.8499999999999998,0.85,0.85,reaction_role_concat,6144,random_forest,False,valid,mae,9.916724384648136,2,0.1,random,,
condition_recombine_pseudolabel__mult_2__sim_0.9__teacher_rf__seed_2,condition_recombine_pseudolabel,2.0,0.9,random_forest,2,316,208,1.6582278481012658,True,0.8499999999999998,0.85,0.85,reaction_role_concat,6144,random_forest,False,valid,r2,0.7501796639883874,2,0.1,random,,
condition_recombine_pseudolabel__mult_2__sim_0.9__teacher_rf__seed_2,condition_recombine_pseudolabel,2.0,0.9,random_forest,2,316,208,1.6582278481012658,True,0.8499999999999998,0.85,0.85,reaction_role_concat,6144,random_forest,False,valid,spearman,0.8788092385753001,2,0.1,random,,
condition_recombine_pseudolabel__mult_2__sim_0.9__teacher_rf__seed_3,condition_recombine_pseudolabel,2.0,0.9,random_forest,3,316,212,1.6708860759493671,True,0.8499999999999996,0.85,0.85,reaction_role_concat,6144,random_forest,False,valid,rmse,13.948968490514963,2,0.1,random,,
condition_recombine_pseudolabel__mult_2__sim_0.9__teacher_rf__seed_3,condition_recombine_pseudolabel,2.0,0.9,random_forest,3,316,212,1.6708860759493671,True,0.8499999999999996,0.85,0.85,reaction_role_concat,6144,random_forest,False,valid,mae,10.05175726317605,2,0.1,random,,
condition_recombine_pseudolabel__mult_2__sim_0.9__teacher_rf__seed_3,condition_recombine_pseudolabel,2.0,0.9,random_forest,3,316,212,1.6708860759493671,True,0.8499999999999996,0.85,0.85,reaction_role_concat,6144,random_forest,False,valid,r2,0.7464537768814077,2,0.1,random,,
condition_recombine_pseudolabel__mult_2__sim_0.9__teacher_rf__seed_3,condition_recombine_pseudolabel,2.0,0.9,random_forest,3,316,212,1.6708860759493671,True,0.8499999999999996,0.85,0.85,reaction_role_concat,6144,random_forest,False,valid,spearman,0.8748762525714013,2,0.1,random,,
condition_recombine_pseudolabel__mult_2__sim_0.9__teacher_rf__seed_4,condition_recombine_pseudolabel,2.0,0.9,random_forest,4,316,207,1.6550632911392404,True,0.8499999999999996,0.85,0.85,reaction_role_concat,6144,random_forest,False,valid,rmse,14.038034538034578,2,0.1,random,,
condition_recombine_pseudolabel__mult_2__sim_0.9__teacher_rf__seed_4,condition_recombine_pseudolabel,2.0,0.9,random_forest,4,316,207,1.6550632911392404,True,0.8499999999999996,0.85,0.85,reaction_role_concat,6144,random_forest,False,valid,mae,10.058700487303584,2,0.1,random,,
condition_recombine_pseudolabel__mult_2__sim_0.9__teacher_rf__seed_4,condition_recombine_pseudolabel,2.0,0.9,random_forest,4,316,207,1.6550632911392404,True,0.8499999999999996,0.85,0.85,reaction_role_concat,6144,random_forest,False,valid,r2,0.7432055860662864,2,0.1,random,,
condition_recombine_pseudolabel__mult_2__sim_0.9__teacher_rf__seed_4,condition_recombine_pseudolabel,2.0,0.9,random_forest,4,316,207,1.6550632911392404,True,0.8499999999999996,0.85,0.85,reaction_role_concat,6144,random_forest,False,valid,spearman,0.8694921296807839,2,0.1,random,,
condition_recombine_pseudolabel__mult_2__sim_0.95__teacher_ridge__seed_0,condition_recombine_pseudolabel,2.0,0.95,ridge,0,316,0,1.0,True,,,,reaction_role_concat,6144,random_forest,False,valid,rmse,14.471259460462234,2,0.1,random,,
condition_recombine_pseudolabel__mult_2__sim_0.95__teacher_ridge__seed_0,condition_recombine_pseudolabel,2.0,0.95,ridge,0,316,0,1.0,True,,,,reaction_role_concat,6144,random_forest,False,valid,mae,10.225675690967824,2,0.1,random,,
condition_recombine_pseudolabel__mult_2__sim_0.95__teacher_ridge__seed_0,condition_recombine_pseudolabel,2.0,0.95,ridge,0,316,0,1.0,True,,,,reaction_role_concat,6144,random_forest,False,valid,r2,0.7271112578288355,2,0.1,random,,
condition_recombine_pseudolabel__mult_2__sim_0.95__teacher_ridge__seed_0,condition_recombine_pseudolabel,2.0,0.95,ridge,0,316,0,1.0,True,,,,reaction_role_concat,6144,random_forest,False,valid,spearman,0.8613827436756167,2,0.1,random,,
condition_recombine_pseudolabel__mult_2__sim_0.95__teacher_ridge__seed_1,condition_recombine_pseudolabel,2.0,0.95,ridge,1,316,0,1.0,True,,,,reaction_role_concat,6144,random_forest,False,valid,rmse,14.471259460462234,2,0.1,random,,
condition_recombine_pseudolabel__mult_2__sim_0.95__teacher_ridge__seed_1,condition_recombine_pseudolabel,2.0,0.95,ridge,1,316,0,1.0,True,,,,reaction_role_concat,6144,random_forest,False,valid,mae,10.225675690967824,2,0.1,random,,
condition_recombine_pseudolabel__mult_2__sim_0.95__teacher_ridge__seed_1,condition_recombine_pseudolabel,2.0,0.95,ridge,1,316,0,1.0,True,,,,reaction_role_concat,6144,random_forest,False,valid,r2,0.7271112578288355,2,0.1,random,,
condition_recombine_pseudolabel__mult_2__sim_0.95__teacher_ridge__seed_1,condition_recombine_pseudolabel,2.0,0.95,ridge,1,316,0,1.0,True,,,,reaction_role_concat,6144,random_forest,False,valid,spearman,0.8613827436756167,2,0.1,random,,
condition_recombine_pseudolabel__mult_2__sim_0.95__teacher_ridge__seed_2,condition_recombine_pseudolabel,2.0,0.95,ridge,2,316,0,1.0,True,,,,reaction_role_concat,6144,random_forest,False,valid,rmse,14.471259460462234,2,0.1,random,,
condition_recombine_pseudolabel__mult_2__sim_0.95__teacher_ridge__seed_2,condition_recombine_pseudolabel,2.0,0.95,ridge,2,316,0,1.0,True,,,,reaction_role_concat,6144,random_forest,False,valid,mae,10.225675690967824,2,0.1,random,,
condition_recombine_pseudolabel__mult_2__sim_0.95__teacher_ridge__seed_2,condition_recombine_pseudolabel,2.0,0.95,ridge,2,316,0,1.0,True,,,,reaction_role_concat,6144,random_forest,False,valid,r2,0.7271112578288355,2,0.1,random,,
condition_recombine_pseudolabel__mult_2__sim_0.95__teacher_ridge__seed_2,condition_recombine_pseudolabel,2.0,0.95,ridge,2,316,0,1.0,True,,,,reaction_role_concat,6144,random_forest,False,valid,spearman,0.8613827436756167,2,0.1,random,,
condition_recombine_pseudolabel__mult_2__sim_0.95__teacher_ridge__seed_3,condition_recombine_pseudolabel,2.0,0.95,ridge,3,316,0,1.0,True,,,,reaction_role_concat,6144,random_forest,False,valid,rmse,14.471259460462234,2,0.1,random,,
condition_recombine_pseudolabel__mult_2__sim_0.95__teacher_ridge__seed_3,condition_recombine_pseudolabel,2.0,0.95,ridge,3,316,0,1.0,True,,,,reaction_role_concat,6144,random_forest,False,valid,mae,10.225675690967824,2,0.1,random,,
condition_recombine_pseudolabel__mult_2__sim_0.95__teacher_ridge__seed_3,condition_recombine_pseudolabel,2.0,0.95,ridge,3,316,0,1.0,True,,,,reaction_role_concat,6144,random_forest,False,valid,r2,0.7271112578288355,2,0.1,random,,
condition_recombine_pseudolabel__mult_2__sim_0.95__teacher_ridge__seed_3,condition_recombine_pseudolabel,2.0,0.95,ridge,3,316,0,1.0,True,,,,reaction_role_concat,6144,random_forest,False,valid,spearman,0.8613827436756167,2,0.1,random,,
condition_recombine_pseudolabel__mult_2__sim_0.95__teacher_ridge__seed_4,condition_recombine_pseudolabel,2.0,0.95,ridge,4,316,0,1.0,True,,,,reaction_role_concat,6144,random_forest,False,valid,rmse,14.471259460462234,2,0.1,random,,
condition_recombine_pseudolabel__mult_2__sim_0.95__teacher_ridge__seed_4,condition_recombine_pseudolabel,2.0,0.95,ridge,4,316,0,1.0,True,,,,reaction_role_concat,6144,random_forest,False,valid,mae,10.225675690967824,2,0.1,random,,
condition_recombine_pseudolabel__mult_2__sim_0.95__teacher_ridge__seed_4,condition_recombine_pseudolabel,2.0,0.95,ridge,4,316,0,1.0,True,,,,reaction_role_concat,6144,random_forest,False,valid,r2,0.7271112578288355,2,0.1,random,,
condition_recombine_pseudolabel__mult_2__sim_0.95__teacher_ridge__seed_4,condition_recombine_pseudolabel,2.0,0.95,ridge,4,316,0,1.0,True,,,,reaction_role_concat,6144,random_forest,False,valid,spearman,0.8613827436756167,2,0.1,random,,
condition_recombine_pseudolabel__mult_2__sim_0.95__teacher_rf__seed_0,condition_recombine_pseudolabel,2.0,0.95,random_forest,0,316,0,1.0,True,,,,reaction_role_concat,6144,random_forest,False,valid,rmse,14.471259460462234,2,0.1,random,,
condition_recombine_pseudolabel__mult_2__sim_0.95__teacher_rf__seed_0,condition_recombine_pseudolabel,2.0,0.95,random_forest,0,316,0,1.0,True,,,,reaction_role_concat,6144,random_forest,False,valid,mae,10.225675690967824,2,0.1,random,,
condition_recombine_pseudolabel__mult_2__sim_0.95__teacher_rf__seed_0,condition_recombine_pseudolabel,2.0,0.95,random_forest,0,316,0,1.0,True,,,,reaction_role_concat,6144,random_forest,False,valid,r2,0.7271112578288355,2,0.1,random,,
condition_recombine_pseudolabel__mult_2__sim_0.95__teacher_rf__seed_0,condition_recombine_pseudolabel,2.0,0.95,random_forest,0,316,0,1.0,True,,,,reaction_role_concat,6144,random_forest,False,valid,spearman,0.8613827436756167,2,0.1,random,,
condition_recombine_pseudolabel__mult_2__sim_0.95__teacher_rf__seed_1,condition_recombine_pseudolabel,2.0,0.95,random_forest,1,316,0,1.0,True,,,,reaction_role_concat,6144,random_forest,False,valid,rmse,14.471259460462234,2,0.1,random,,
condition_recombine_pseudolabel__mult_2__sim_0.95__teacher_rf__seed_1,condition_recombine_pseudolabel,2.0,0.95,random_forest,1,316,0,1.0,True,,,,reaction_role_concat,6144,random_forest,False,valid,mae,10.225675690967824,2,0.1,random,,
condition_recombine_pseudolabel__mult_2__sim_0.95__teacher_rf__seed_1,condition_recombine_pseudolabel,2.0,0.95,random_forest,1,316,0,1.0,True,,,,reaction_role_concat,6144,random_forest,False,valid,r2,0.7271112578288355,2,0.1,random,,
condition_recombine_pseudolabel__mult_2__sim_0.95__teacher_rf__seed_1,condition_recombine_pseudolabel,2.0,0.95,random_forest,1,316,0,1.0,True,,,,reaction_role_concat,6144,random_forest,False,valid,spearman,0.8613827436756167,2,0.1,random,,
condition_recombine_pseudolabel__mult_2__sim_0.95__teacher_rf__seed_2,condition_recombine_pseudolabel,2.0,0.95,random_forest,2,316,0,1.0,True,,,,reaction_role_concat,6144,random_forest,False,valid,rmse,14.471259460462234,2,0.1,random,,
condition_recombine_pseudolabel__mult_2__sim_0.95__teacher_rf__seed_2,condition_recombine_pseudolabel,2.0,0.95,random_forest,2,316,0,1.0,True,,,,reaction_role_concat,6144,random_forest,False,valid,mae,10.225675690967824,2,0.1,random,,
condition_recombine_pseudolabel__mult_2__sim_0.95__teacher_rf__seed_2,condition_recombine_pseudolabel,2.0,0.95,random_forest,2,316,0,1.0,True,,,,reaction_role_concat,6144,random_forest,False,valid,r2,0.7271112578288355,2,0.1,random,,
condition_recombine_pseudolabel__mult_2__sim_0.95__teacher_rf__seed_2,condition_recombine_pseudolabel,2.0,0.95,random_forest,2,316,0,1.0,True,,,,reaction_role_concat,6144,random_forest,False,valid,spearman,0.8613827436756167,2,0.1,random,,
condition_recombine_pseudolabel__mult_2__sim_0.95__teacher_rf__seed_3,condition_recombine_pseudolabel,2.0,0.95,random_forest,3,316,0,1.0,True,,,,reaction_role_concat,6144,random_forest,False,valid,rmse,14.471259460462234,2,0.1,random,,
condition_recombine_pseudolabel__mult_2__sim_0.95__teacher_rf__seed_3,condition_recombine_pseudolabel,2.0,0.95,random_forest,3,316,0,1.0,True,,,,reaction_role_concat,6144,random_forest,False,valid,mae,10.225675690967824,2,0.1,random,,
condition_recombine_pseudolabel__mult_2__sim_0.95__teacher_rf__seed_3,condition_recombine_pseudolabel,2.0,0.95,random_forest,3,316,0,1.0,True,,,,reaction_role_concat,6144,random_forest,False,valid,r2,0.7271112578288355,2,0.1,random,,
condition_recombine_pseudolabel__mult_2__sim_0.95__teacher_rf__seed_3,condition_recombine_pseudolabel,2.0,0.95,random_forest,3,316,0,1.0,True,,,,reaction_role_concat,6144,random_forest,False,valid,spearman,0.8613827436756167,2,0.1,random,,
condition_recombine_pseudolabel__mult_2__sim_0.95__teacher_rf__seed_4,condition_recombine_pseudolabel,2.0,0.95,random_forest,4,316,0,1.0,True,,,,reaction_role_concat,6144,random_forest,False,valid,rmse,14.471259460462234,2,0.1,random,,
condition_recombine_pseudolabel__mult_2__sim_0.95__teacher_rf__seed_4,condition_recombine_pseudolabel,2.0,0.95,random_forest,4,316,0,1.0,True,,,,reaction_role_concat,6144,random_forest,False,valid,mae,10.225675690967824,2,0.1,random,,
condition_recombine_pseudolabel__mult_2__sim_0.95__teacher_rf__seed_4,condition_recombine_pseudolabel,2.0,0.95,random_forest,4,316,0,1.0,True,,,,reaction_role_concat,6144,random_forest,False,valid,r2,0.7271112578288355,2,0.1,random,,
condition_recombine_pseudolabel__mult_2__sim_0.95__teacher_rf__seed_4,condition_recombine_pseudolabel,2.0,0.95,random_forest,4,316,0,1.0,True,,,,reaction_role_concat,6144,random_forest,False,valid,spearman,0.8613827436756167,2,0.1,random,,
condition_recombine_pseudolabel__mult_3__sim_0.85__teacher_ridge__seed_0,condition_recombine_pseudolabel,3.0,0.85,ridge,0,316,704,3.2278481012658227,True,0.8499999999999998,0.85,0.85,reaction_role_concat,6144,random_forest,False,valid,rmse,14.738842726315742,2,0.1,random,,
condition_recombine_pseudolabel__mult_3__sim_0.85__teacher_ridge__seed_0,condition_recombine_pseudolabel,3.0,0.85,ridge,0,316,704,3.2278481012658227,True,0.8499999999999998,0.85,0.85,reaction_role_concat,6144,random_forest,False,valid,mae,11.235485502480708,2,0.1,random,,
condition_recombine_pseudolabel__mult_3__sim_0.85__teacher_ridge__seed_0,condition_recombine_pseudolabel,3.0,0.85,ridge,0,316,704,3.2278481012658227,True,0.8499999999999998,0.85,0.85,reaction_role_concat,6144,random_forest,False,valid,r2,0.7169261651456664,2,0.1,random,,
condition_recombine_pseudolabel__mult_3__sim_0.85__teacher_ridge__seed_0,condition_recombine_pseudolabel,3.0,0.85,ridge,0,316,704,3.2278481012658227,True,0.8499999999999998,0.85,0.85,reaction_role_concat,6144,random_forest,False,valid,spearman,0.8559263755105799,2,0.1,random,,
condition_recombine_pseudolabel__mult_3__sim_0.85__teacher_ridge__seed_1,condition_recombine_pseudolabel,3.0,0.85,ridge,1,316,658,3.0822784810126582,True,0.8499999999999998,0.85,0.85,reaction_role_concat,6144,random_forest,False,valid,rmse,14.737434567339907,2,0.1,random,,
condition_recombine_pseudolabel__mult_3__sim_0.85__teacher_ridge__seed_1,condition_recombine_pseudolabel,3.0,0.85,ridge,1,316,658,3.0822784810126582,True,0.8499999999999998,0.85,0.85,reaction_role_concat,6144,random_forest,False,valid,mae,11.218511575999893,2,0.1,random,,
condition_recombine_pseudolabel__mult_3__sim_0.85__teacher_ridge__seed_1,condition_recombine_pseudolabel,3.0,0.85,ridge,1,316,658,3.0822784810126582,True,0.8499999999999998,0.85,0.85,reaction_role_concat,6144,random_forest,False,valid,r2,0.716980252692009,2,0.1,random,,
condition_recombine_pseudolabel__mult_3__sim_0.85__teacher_ridge__seed_1,condition_recombine_pseudolabel,3.0,0.85,ridge,1,316,658,3.0822784810126582,True,0.8499999999999998,0.85,0.85,reaction_role_concat,6144,random_forest,False,valid,spearman,0.8546029822896809,2,0.1,random,,
condition_recombine_pseudolabel__mult_3__sim_0.85__teacher_ridge__seed_2,condition_recombine_pseudolabel,3.0,0.85,ridge,2,316,681,3.1550632911392404,True,0.8499999999999996,0.85,0.85,reaction_role_concat,6144,random_forest,False,valid,rmse,14.954542992588424,2,0.1,random,,
condition_recombine_pseudolabel__mult_3__sim_0.85__teacher_ridge__seed_2,condition_recombine_pseudolabel,3.0,0.85,ridge,2,316,681,3.1550632911392404,True,0.8499999999999996,0.85,0.85,reaction_role_concat,6144,random_forest,False,valid,mae,11.337202002595498,2,0.1,random,,
condition_recombine_pseudolabel__mult_3__sim_0.85__teacher_ridge__seed_2,condition_recombine_pseudolabel,3.0,0.85,ridge,2,316,681,3.1550632911392404,True,0.8499999999999996,0.85,0.85,reaction_role_concat,6144,random_forest,False,valid,r2,0.7085800694468265,2,0.1,random,,
condition_recombine_pseudolabel__mult_3__sim_0.85__teacher_ridge__seed_2,condition_recombine_pseudolabel,3.0,0.85,ridge,2,316,681,3.1550632911392404,True,0.8499999999999996,0.85,0.85,reaction_role_concat,6144,random_forest,False,valid,spearman,0.8510047392149647,2,0.1,random,,
condition_recombine_pseudolabel__mult_3__sim_0.85__teacher_ridge__seed_3,condition_recombine_pseudolabel,3.0,0.85,ridge,3,316,676,3.1392405063291138,True,0.8499999999999996,0.85,0.85,reaction_role_concat,6144,random_forest,False,valid,rmse,14.801936642841826,2,0.1,random,,
condition_recombine_pseudolabel__mult_3__sim_0.85__teacher_ridge__seed_3,condition_recombine_pseudolabel,3.0,0.85,ridge,3,316,676,3.1392405063291138,True,0.8499999999999996,0.85,0.85,reaction_role_concat,6144,random_forest,False,valid,mae,11.313332790588278,2,0.1,random,,
condition_recombine_pseudolabel__mult_3__sim_0.85__teacher_ridge__seed_3,condition_recombine_pseudolabel,3.0,0.85,ridge,3,316,676,3.1392405063291138,True,0.8499999999999996,0.85,0.85,reaction_role_concat,6144,random_forest,False,valid,r2,0.7144974174865885,2,0.1,random,,
condition_recombine_pseudolabel__mult_3__sim_0.85__teacher_ridge__seed_3,condition_recombine_pseudolabel,3.0,0.85,ridge,3,316,676,3.1392405063291138,True,0.8499999999999996,0.85,0.85,reaction_role_concat,6144,random_forest,False,valid,spearman,0.8546857430487865,2,0.1,random,,
condition_recombine_pseudolabel__mult_3__sim_0.85__teacher_ridge__seed_4,condition_recombine_pseudolabel,3.0,0.85,ridge,4,316,682,3.1582278481012658,True,0.8499999999999998,0.85,0.85,reaction_role_concat,6144,random_forest,False,valid,rmse,14.608306142322732,2,0.1,random,,
condition_recombine_pseudolabel__mult_3__sim_0.85__teacher_ridge__seed_4,condition_recombine_pseudolabel,3.0,0.85,ridge,4,316,682,3.1582278481012658,True,0.8499999999999998,0.85,0.85,reaction_role_concat,6144,random_forest,False,valid,mae,11.141273031535029,2,0.1,random,,
condition_recombine_pseudolabel__mult_3__sim_0.85__teacher_ridge__seed_4,condition_recombine_pseudolabel,3.0,0.85,ridge,4,316,682,3.1582278481012658,True,0.8499999999999998,0.85,0.85,reaction_role_concat,6144,random_forest,False,valid,r2,0.7219181253863064,2,0.1,random,,
condition_recombine_pseudolabel__mult_3__sim_0.85__teacher_ridge__seed_4,condition_recombine_pseudolabel,3.0,0.85,ridge,4,316,682,3.1582278481012658,True,0.8499999999999998,0.85,0.85,reaction_role_concat,6144,random_forest,False,valid,spearman,0.8599111600131191,2,0.1,random,,
condition_recombine_pseudolabel__mult_3__sim_0.85__teacher_rf__seed_0,condition_recombine_pseudolabel,3.0,0.85,random_forest,0,316,704,3.2278481012658227,True,0.8499999999999998,0.85,0.85,reaction_role_concat,6144,random_forest,False,valid,rmse,13.82754036667121,2,0.1,random,,
condition_recombine_pseudolabel__mult_3__sim_0.85__teacher_rf__seed_0,condition_recombine_pseudolabel,3.0,0.85,random_forest,0,316,704,3.2278481012658227,True,0.8499999999999998,0.85,0.85,reaction_role_concat,6144,random_forest,False,valid,mae,10.023586518440819,2,0.1,random,,
condition_recombine_pseudolabel__mult_3__sim_0.85__teacher_rf__seed_0,condition_recombine_pseudolabel,3.0,0.85,random_forest,0,316,704,3.2278481012658227,True,0.8499999999999998,0.85,0.85,reaction_role_concat,6144,random_forest,False,valid,r2,0.7508488884471607,2,0.1,random,,
condition_recombine_pseudolabel__mult_3__sim_0.85__teacher_rf__seed_0,condition_recombine_pseudolabel,3.0,0.85,random_forest,0,316,704,3.2278481012658227,True,0.8499999999999998,0.85,0.85,reaction_role_concat,6144,random_forest,False,valid,spearman,0.8758391983449954,2,0.1,random,,
condition_recombine_pseudolabel__mult_3__sim_0.85__teacher_rf__seed_1,condition_recombine_pseudolabel,3.0,0.85,random_forest,1,316,658,3.0822784810126582,True,0.8499999999999998,0.85,0.85,reaction_role_concat,6144,random_forest,False,valid,rmse,14.093128116250368,2,0.1,random,,
condition_recombine_pseudolabel__mult_3__sim_0.85__teacher_rf__seed_1,condition_recombine_pseudolabel,3.0,0.85,random_forest,1,316,658,3.0822784810126582,True,0.8499999999999998,0.85,0.85,reaction_role_concat,6144,random_forest,False,valid,mae,10.086460140862043,2,0.1,random,,
condition_recombine_pseudolabel__mult_3__sim_0.85__teacher_rf__seed_1,condition_recombine_pseudolabel,3.0,0.85,random_forest,1,316,658,3.0822784810126582,True,0.8499999999999998,0.85,0.85,reaction_role_concat,6144,random_forest,False,valid,r2,0.7411860034642207,2,0.1,random,,
condition_recombine_pseudolabel__mult_3__sim_0.85__teacher_rf__seed_1,condition_recombine_pseudolabel,3.0,0.85,random_forest,1,316,658,3.0822784810126582,True,0.8499999999999998,0.85,0.85,reaction_role_concat,6144,random_forest,False,valid,spearman,0.8700728181129088,2,0.1,random,,
condition_recombine_pseudolabel__mult_3__sim_0.85__teacher_rf__seed_2,condition_recombine_pseudolabel,3.0,0.85,random_forest,2,316,681,3.1550632911392404,True,0.8499999999999996,0.85,0.85,reaction_role_concat,6144,random_forest,False,valid,rmse,13.818020307576099,2,0.1,random,,
condition_recombine_pseudolabel__mult_3__sim_0.85__teacher_rf__seed_2,condition_recombine_pseudolabel,3.0,0.85,random_forest,2,316,681,3.1550632911392404,True,0.8499999999999996,0.85,0.85,reaction_role_concat,6144,random_forest,False,valid,mae,10.009506366424922,2,0.1,random,,
condition_recombine_pseudolabel__mult_3__sim_0.85__teacher_rf__seed_2,condition_recombine_pseudolabel,3.0,0.85,random_forest,2,316,681,3.1550632911392404,True,0.8499999999999996,0.85,0.85,reaction_role_concat,6144,random_forest,False,valid,r2,0.7511918441315475,2,0.1,random,,
condition_recombine_pseudolabel__mult_3__sim_0.85__teacher_rf__seed_2,condition_recombine_pseudolabel,3.0,0.85,random_forest,2,316,681,3.1550632911392404,True,0.8499999999999996,0.85,0.85,reaction_role_concat,6144,random_forest,False,valid,spearman,0.8748560005268202,2,0.1,random,,
condition_recombine_pseudolabel__mult_3__sim_0.85__teacher_rf__seed_3,condition_recombine_pseudolabel,3.0,0.85,random_forest,3,316,676,3.1392405063291138,True,0.8499999999999996,0.85,0.85,reaction_role_concat,6144,random_forest,False,valid,rmse,14.31609450523133,2,0.1,random,,
condition_recombine_pseudolabel__mult_3__sim_0.85__teacher_rf__seed_3,condition_recombine_pseudolabel,3.0,0.85,random_forest,3,316,676,3.1392405063291138,True,0.8499999999999996,0.85,0.85,reaction_role_concat,6144,random_forest,False,valid,mae,10.15993949288394,2,0.1,random,,
condition_recombine_pseudolabel__mult_3__sim_0.85__teacher_rf__seed_3,condition_recombine_pseudolabel,3.0,0.85,random_forest,3,316,676,3.1392405063291138,True,0.8499999999999996,0.85,0.85,reaction_role_concat,6144,random_forest,False,valid,r2,0.7329318657690331,2,0.1,random,,
condition_recombine_pseudolabel__mult_3__sim_0.85__teacher_rf__seed_3,condition_recombine_pseudolabel,3.0,0.85,random_forest,3,316,676,3.1392405063291138,True,0.8499999999999996,0.85,0.85,reaction_role_concat,6144,random_forest,False,valid,spearman,0.8688341329630945,2,0.1,random,,
condition_recombine_pseudolabel__mult_3__sim_0.85__teacher_rf__seed_4,condition_recombine_pseudolabel,3.0,0.85,random_forest,4,316,682,3.1582278481012658,True,0.8499999999999998,0.85,0.85,reaction_role_concat,6144,random_forest,False,valid,rmse,13.71422380377657,2,0.1,random,,
condition_recombine_pseudolabel__mult_3__sim_0.85__teacher_rf__seed_4,condition_recombine_pseudolabel,3.0,0.85,random_forest,4,316,682,3.1582278481012658,True,0.8499999999999998,0.85,0.85,reaction_role_concat,6144,random_forest,False,valid,mae,9.848947291616398,2,0.1,random,,
condition_recombine_pseudolabel__mult_3__sim_0.85__teacher_rf__seed_4,condition_recombine_pseudolabel,3.0,0.85,random_forest,4,316,682,3.1582278481012658,True,0.8499999999999998,0.85,0.85,reaction_role_concat,6144,random_forest,False,valid,r2,0.7549157380078609,2,0.1,random,,
condition_recombine_pseudolabel__mult_3__sim_0.85__teacher_rf__seed_4,condition_recombine_pseudolabel,3.0,0.85,random_forest,4,316,682,3.1582278481012658,True,0.8499999999999998,0.85,0.85,reaction_role_concat,6144,random_forest,False,valid,spearman,0.8783816088647214,2,0.1,random,,
condition_recombine_pseudolabel__mult_3__sim_0.9__teacher_ridge__seed_0,condition_recombine_pseudolabel,3.0,0.9,ridge,0,316,334,2.0569620253164556,True,0.8499999999999996,0.85,0.85,reaction_role_concat,6144,random_forest,False,valid,rmse,14.651304994768509,2,0.1,random,,
condition_recombine_pseudolabel__mult_3__sim_0.9__teacher_ridge__seed_0,condition_recombine_pseudolabel,3.0,0.9,ridge,0,316,334,2.0569620253164556,True,0.8499999999999996,0.85,0.85,reaction_role_concat,6144,random_forest,False,valid,mae,10.989298965453349,2,0.1,random,,
condition_recombine_pseudolabel__mult_3__sim_0.9__teacher_ridge__seed_0,condition_recombine_pseudolabel,3.0,0.9,ridge,0,316,334,2.0569620253164556,True,0.8499999999999996,0.85,0.85,reaction_role_concat,6144,random_forest,False,valid,r2,0.7202786746376888,2,0.1,random,,
condition_recombine_pseudolabel__mult_3__sim_0.9__teacher_ridge__seed_0,condition_recombine_pseudolabel,3.0,0.9,ridge,0,316,334,2.0569620253164556,True,0.8499999999999996,0.85,0.85,reaction_role_concat,6144,random_forest,False,valid,spearman,0.8583344215037578,2,0.1,random,,
condition_recombine_pseudolabel__mult_3__sim_0.9__teacher_ridge__seed_1,condition_recombine_pseudolabel,3.0,0.9,ridge,1,316,297,1.9398734177215189,True,0.8499999999999998,0.85,0.85,reaction_role_concat,6144,random_forest,False,valid,rmse,14.514293711368115,2,0.1,random,,
condition_recombine_pseudolabel__mult_3__sim_0.9__teacher_ridge__seed_1,condition_recombine_pseudolabel,3.0,0.9,ridge,1,316,297,1.9398734177215189,True,0.8499999999999998,0.85,0.85,reaction_role_concat,6144,random_forest,False,valid,mae,10.804006831843642,2,0.1,random,,
condition_recombine_pseudolabel__mult_3__sim_0.9__teacher_ridge__seed_1,condition_recombine_pseudolabel,3.0,0.9,ridge,1,316,297,1.9398734177215189,True,0.8499999999999998,0.85,0.85,reaction_role_concat,6144,random_forest,False,valid,r2,0.7254858258502346,2,0.1,random,,
condition_recombine_pseudolabel__mult_3__sim_0.9__teacher_ridge__seed_1,condition_recombine_pseudolabel,3.0,0.9,ridge,1,316,297,1.9398734177215189,True,0.8499999999999998,0.85,0.85,reaction_role_concat,6144,random_forest,False,valid,spearman,0.8612622050641192,2,0.1,random,,
condition_recombine_pseudolabel__mult_3__sim_0.9__teacher_ridge__seed_2,condition_recombine_pseudolabel,3.0,0.9,ridge,2,316,309,1.9778481012658229,True,0.8499999999999998,0.85,0.85,reaction_role_concat,6144,random_forest,False,valid,rmse,14.673253628263296,2,0.1,random,,
condition_recombine_pseudolabel__mult_3__sim_0.9__teacher_ridge__seed_2,condition_recombine_pseudolabel,3.0,0.9,ridge,2,316,309,1.9778481012658229,True,0.8499999999999998,0.85,0.85,reaction_role_concat,6144,random_forest,False,valid,mae,10.843205503324919,2,0.1,random,,
condition_recombine_pseudolabel__mult_3__sim_0.9__teacher_ridge__seed_2,condition_recombine_pseudolabel,3.0,0.9,ridge,2,316,309,1.9778481012658229,True,0.8499999999999998,0.85,0.85,reaction_role_concat,6144,random_forest,False,valid,r2,0.7194399644279943,2,0.1,random,,
condition_recombine_pseudolabel__mult_3__sim_0.9__teacher_ridge__seed_2,condition_recombine_pseudolabel,3.0,0.9,ridge,2,316,309,1.9778481012658229,True,0.8499999999999998,0.85,0.85,reaction_role_concat,6144,random_forest,False,valid,spearman,0.8572883255086623,2,0.1,random,,
condition_recombine_pseudolabel__mult_3__sim_0.9__teacher_ridge__seed_3,condition_recombine_pseudolabel,3.0,0.9,ridge,3,316,314,1.9936708860759493,True,0.85,0.85,0.85,reaction_role_concat,6144,random_forest,False,valid,rmse,14.475478044883946,2,0.1,random,,
condition_recombine_pseudolabel__mult_3__sim_0.9__teacher_ridge__seed_3,condition_recombine_pseudolabel,3.0,0.9,ridge,3,316,314,1.9936708860759493,True,0.85,0.85,0.85,reaction_role_concat,6144,random_forest,False,valid,mae,10.840593826648556,2,0.1,random,,
condition_recombine_pseudolabel__mult_3__sim_0.9__teacher_ridge__seed_3,condition_recombine_pseudolabel,3.0,0.9,ridge,3,316,314,1.9936708860759493,True,0.85,0.85,0.85,reaction_role_concat,6144,random_forest,False,valid,r2,0.7269521324954551,2,0.1,random,,
condition_recombine_pseudolabel__mult_3__sim_0.9__teacher_ridge__seed_3,condition_recombine_pseudolabel,3.0,0.9,ridge,3,316,314,1.9936708860759493,True,0.85,0.85,0.85,reaction_role_concat,6144,random_forest,False,valid,spearman,0.8582773652627744,2,0.1,random,,
condition_recombine_pseudolabel__mult_3__sim_0.9__teacher_ridge__seed_4,condition_recombine_pseudolabel,3.0,0.9,ridge,4,316,317,2.0031645569620253,True,0.8499999999999998,0.85,0.85,reaction_role_concat,6144,random_forest,False,valid,rmse,14.55578624530141,2,0.1,random,,
condition_recombine_pseudolabel__mult_3__sim_0.9__teacher_ridge__seed_4,condition_recombine_pseudolabel,3.0,0.9,ridge,4,316,317,2.0031645569620253,True,0.8499999999999998,0.85,0.85,reaction_role_concat,6144,random_forest,False,valid,mae,10.655347956721542,2,0.1,random,,
condition_recombine_pseudolabel__mult_3__sim_0.9__teacher_ridge__seed_4,condition_recombine_pseudolabel,3.0,0.9,ridge,4,316,317,2.0031645569620253,True,0.8499999999999998,0.85,0.85,reaction_role_concat,6144,random_forest,False,valid,r2,0.7239140553146419,2,0.1,random,,
condition_recombine_pseudolabel__mult_3__sim_0.9__teacher_ridge__seed_4,condition_recombine_pseudolabel,3.0,0.9,ridge,4,316,317,2.0031645569620253,True,0.8499999999999998,0.85,0.85,reaction_role_concat,6144,random_forest,False,valid,spearman,0.8606232920038235,2,0.1,random,,
condition_recombine_pseudolabel__mult_3__sim_0.9__teacher_rf__seed_0,condition_recombine_pseudolabel,3.0,0.9,random_forest,0,316,334,2.0569620253164556,True,0.8499999999999996,0.85,0.85,reaction_role_concat,6144,random_forest,False,valid,rmse,14.261490671338729,2,0.1,random,,
condition_recombine_pseudolabel__mult_3__sim_0.9__teacher_rf__seed_0,condition_recombine_pseudolabel,3.0,0.9,random_forest,0,316,334,2.0569620253164556,True,0.8499999999999996,0.85,0.85,reaction_role_concat,6144,random_forest,False,valid,mae,10.235865161386847,2,0.1,random,,
condition_recombine_pseudolabel__mult_3__sim_0.9__teacher_rf__seed_0,condition_recombine_pseudolabel,3.0,0.9,random_forest,0,316,334,2.0569620253164556,True,0.8499999999999996,0.85,0.85,reaction_role_concat,6144,random_forest,False,valid,r2,0.7349652601719918,2,0.1,random,,
condition_recombine_pseudolabel__mult_3__sim_0.9__teacher_rf__seed_0,condition_recombine_pseudolabel,3.0,0.9,random_forest,0,316,334,2.0569620253164556,True,0.8499999999999996,0.85,0.85,reaction_role_concat,6144,random_forest,False,valid,spearman,0.868467259386259,2,0.1,random,,
condition_recombine_pseudolabel__mult_3__sim_0.9__teacher_rf__seed_1,condition_recombine_pseudolabel,3.0,0.9,random_forest,1,316,297,1.9398734177215189,True,0.8499999999999998,0.85,0.85,reaction_role_concat,6144,random_forest,False,valid,rmse,14.1395291530346,2,0.1,random,,
condition_recombine_pseudolabel__mult_3__sim_0.9__teacher_rf__seed_1,condition_recombine_pseudolabel,3.0,0.9,random_forest,1,316,297,1.9398734177215189,True,0.8499999999999998,0.85,0.85,reaction_role_concat,6144,random_forest,False,valid,mae,10.049924664226515,2,0.1,random,,
condition_recombine_pseudolabel__mult_3__sim_0.9__teacher_rf__seed_1,condition_recombine_pseudolabel,3.0,0.9,random_forest,1,316,297,1.9398734177215189,True,0.8499999999999998,0.85,0.85,reaction_role_concat,6144,random_forest,False,valid,r2,0.7394789292601602,2,0.1,random,,
condition_recombine_pseudolabel__mult_3__sim_0.9__teacher_rf__seed_1,condition_recombine_pseudolabel,3.0,0.9,random_forest,1,316,297,1.9398734177215189,True,0.8499999999999998,0.85,0.85,reaction_role_concat,6144,random_forest,False,valid,spearman,0.8677000184665501,2,0.1,random,,
condition_recombine_pseudolabel__mult_3__sim_0.9__teacher_rf__seed_2,condition_recombine_pseudolabel,3.0,0.9,random_forest,2,316,309,1.9778481012658229,True,0.8499999999999998,0.85,0.85,reaction_role_concat,6144,random_forest,False,valid,rmse,13.779457177928457,2,0.1,random,,
condition_recombine_pseudolabel__mult_3__sim_0.9__teacher_rf__seed_2,condition_recombine_pseudolabel,3.0,0.9,random_forest,2,316,309,1.9778481012658229,True,0.8499999999999998,0.85,0.85,reaction_role_concat,6144,random_forest,False,valid,mae,9.919559381149236,2,0.1,random,,
condition_recombine_pseudolabel__mult_3__sim_0.9__teacher_rf__seed_2,condition_recombine_pseudolabel,3.0,0.9,random_forest,2,316,309,1.9778481012658229,True,0.8499999999999998,0.85,0.85,reaction_role_concat,6144,random_forest,False,valid,r2,0.7525786466423763,2,0.1,random,,
condition_recombine_pseudolabel__mult_3__sim_0.9__teacher_rf__seed_2,condition_recombine_pseudolabel,3.0,0.9,random_forest,2,316,309,1.9778481012658229,True,0.8499999999999998,0.85,0.85,reaction_role_concat,6144,random_forest,False,valid,spearman,0.8779633262516414,2,0.1,random,,
condition_recombine_pseudolabel__mult_3__sim_0.9__teacher_rf__seed_3,condition_recombine_pseudolabel,3.0,0.9,random_forest,3,316,314,1.9936708860759493,True,0.85,0.85,0.85,reaction_role_concat,6144,random_forest,False,valid,rmse,14.233658925907767,2,0.1,random,,
condition_recombine_pseudolabel__mult_3__sim_0.9__teacher_rf__seed_3,condition_recombine_pseudolabel,3.0,0.9,random_forest,3,316,314,1.9936708860759493,True,0.85,0.85,0.85,reaction_role_concat,6144,random_forest,False,valid,mae,10.268006935780562,2,0.1,random,,
condition_recombine_pseudolabel__mult_3__sim_0.9__teacher_rf__seed_3,condition_recombine_pseudolabel,3.0,0.9,random_forest,3,316,314,1.9936708860759493,True,0.85,0.85,0.85,reaction_role_concat,6144,random_forest,False,valid,r2,0.7359986979747335,2,0.1,random,,
condition_recombine_pseudolabel__mult_3__sim_0.9__teacher_rf__seed_3,condition_recombine_pseudolabel,3.0,0.9,random_forest,3,316,314,1.9936708860759493,True,0.85,0.85,0.85,reaction_role_concat,6144,random_forest,False,valid,spearman,0.8698036995974171,2,0.1,random,,
condition_recombine_pseudolabel__mult_3__sim_0.9__teacher_rf__seed_4,condition_recombine_pseudolabel,3.0,0.9,random_forest,4,316,317,2.0031645569620253,True,0.8499999999999998,0.85,0.85,reaction_role_concat,6144,random_forest,False,valid,rmse,13.803215525843592,2,0.1,random,,
condition_recombine_pseudolabel__mult_3__sim_0.9__teacher_rf__seed_4,condition_recombine_pseudolabel,3.0,0.9,random_forest,4,316,317,2.0031645569620253,True,0.8499999999999998,0.85,0.85,reaction_role_concat,6144,random_forest,False,valid,mae,9.87362815266923,2,0.1,random,,
condition_recombine_pseudolabel__mult_3__sim_0.9__teacher_rf__seed_4,condition_recombine_pseudolabel,3.0,0.9,random_forest,4,316,317,2.0031645569620253,True,0.8499999999999998,0.85,0.85,reaction_role_concat,6144,random_forest,False,valid,r2,0.751724710209372,2,0.1,random,,
condition_recombine_pseudolabel__mult_3__sim_0.9__teacher_rf__seed_4,condition_recombine_pseudolabel,3.0,0.9,random_forest,4,316,317,2.0031645569620253,True,0.8499999999999998,0.85,0.85,reaction_role_concat,6144,random_forest,False,valid,spearman,0.8751295978598637,2,0.1,random,,
condition_recombine_pseudolabel__mult_3__sim_0.95__teacher_ridge__seed_0,condition_recombine_pseudolabel,3.0,0.95,ridge,0,316,0,1.0,True,,,,reaction_role_concat,6144,random_forest,False,valid,rmse,14.471259460462234,2,0.1,random,,
condition_recombine_pseudolabel__mult_3__sim_0.95__teacher_ridge__seed_0,condition_recombine_pseudolabel,3.0,0.95,ridge,0,316,0,1.0,True,,,,reaction_role_concat,6144,random_forest,False,valid,mae,10.225675690967824,2,0.1,random,,
condition_recombine_pseudolabel__mult_3__sim_0.95__teacher_ridge__seed_0,condition_recombine_pseudolabel,3.0,0.95,ridge,0,316,0,1.0,True,,,,reaction_role_concat,6144,random_forest,False,valid,r2,0.7271112578288355,2,0.1,random,,
condition_recombine_pseudolabel__mult_3__sim_0.95__teacher_ridge__seed_0,condition_recombine_pseudolabel,3.0,0.95,ridge,0,316,0,1.0,True,,,,reaction_role_concat,6144,random_forest,False,valid,spearman,0.8613827436756167,2,0.1,random,,
condition_recombine_pseudolabel__mult_3__sim_0.95__teacher_ridge__seed_1,condition_recombine_pseudolabel,3.0,0.95,ridge,1,316,0,1.0,True,,,,reaction_role_concat,6144,random_forest,False,valid,rmse,14.471259460462234,2,0.1,random,,
condition_recombine_pseudolabel__mult_3__sim_0.95__teacher_ridge__seed_1,condition_recombine_pseudolabel,3.0,0.95,ridge,1,316,0,1.0,True,,,,reaction_role_concat,6144,random_forest,False,valid,mae,10.225675690967824,2,0.1,random,,
condition_recombine_pseudolabel__mult_3__sim_0.95__teacher_ridge__seed_1,condition_recombine_pseudolabel,3.0,0.95,ridge,1,316,0,1.0,True,,,,reaction_role_concat,6144,random_forest,False,valid,r2,0.7271112578288355,2,0.1,random,,
condition_recombine_pseudolabel__mult_3__sim_0.95__teacher_ridge__seed_1,condition_recombine_pseudolabel,3.0,0.95,ridge,1,316,0,1.0,True,,,,reaction_role_concat,6144,random_forest,False,valid,spearman,0.8613827436756167,2,0.1,random,,
condition_recombine_pseudolabel__mult_3__sim_0.95__teacher_ridge__seed_2,condition_recombine_pseudolabel,3.0,0.95,ridge,2,316,0,1.0,True,,,,reaction_role_concat,6144,random_forest,False,valid,rmse,14.471259460462234,2,0.1,random,,
condition_recombine_pseudolabel__mult_3__sim_0.95__teacher_ridge__seed_2,condition_recombine_pseudolabel,3.0,0.95,ridge,2,316,0,1.0,True,,,,reaction_role_concat,6144,random_forest,False,valid,mae,10.225675690967824,2,0.1,random,,
condition_recombine_pseudolabel__mult_3__sim_0.95__teacher_ridge__seed_2,condition_recombine_pseudolabel,3.0,0.95,ridge,2,316,0,1.0,True,,,,reaction_role_concat,6144,random_forest,False,valid,r2,0.7271112578288355,2,0.1,random,,
condition_recombine_pseudolabel__mult_3__sim_0.95__teacher_ridge__seed_2,condition_recombine_pseudolabel,3.0,0.95,ridge,2,316,0,1.0,True,,,,reaction_role_concat,6144,random_forest,False,valid,spearman,0.8613827436756167,2,0.1,random,,
condition_recombine_pseudolabel__mult_3__sim_0.95__teacher_ridge__seed_3,condition_recombine_pseudolabel,3.0,0.95,ridge,3,316,0,1.0,True,,,,reaction_role_concat,6144,random_forest,False,valid,rmse,14.471259460462234,2,0.1,random,,
condition_recombine_pseudolabel__mult_3__sim_0.95__teacher_ridge__seed_3,condition_recombine_pseudolabel,3.0,0.95,ridge,3,316,0,1.0,True,,,,reaction_role_concat,6144,random_forest,False,valid,mae,10.225675690967824,2,0.1,random,,
condition_recombine_pseudolabel__mult_3__sim_0.95__teacher_ridge__seed_3,condition_recombine_pseudolabel,3.0,0.95,ridge,3,316,0,1.0,True,,,,reaction_role_concat,6144,random_forest,False,valid,r2,0.7271112578288355,2,0.1,random,,
condition_recombine_pseudolabel__mult_3__sim_0.95__teacher_ridge__seed_3,condition_recombine_pseudolabel,3.0,0.95,ridge,3,316,0,1.0,True,,,,reaction_role_concat,6144,random_forest,False,valid,spearman,0.8613827436756167,2,0.1,random,,
condition_recombine_pseudolabel__mult_3__sim_0.95__teacher_ridge__seed_4,condition_recombine_pseudolabel,3.0,0.95,ridge,4,316,0,1.0,True,,,,reaction_role_concat,6144,random_forest,False,valid,rmse,14.471259460462234,2,0.1,random,,
condition_recombine_pseudolabel__mult_3__sim_0.95__teacher_ridge__seed_4,condition_recombine_pseudolabel,3.0,0.95,ridge,4,316,0,1.0,True,,,,reaction_role_concat,6144,random_forest,False,valid,mae,10.225675690967824,2,0.1,random,,
condition_recombine_pseudolabel__mult_3__sim_0.95__teacher_ridge__seed_4,condition_recombine_pseudolabel,3.0,0.95,ridge,4,316,0,1.0,True,,,,reaction_role_concat,6144,random_forest,False,valid,r2,0.7271112578288355,2,0.1,random,,
condition_recombine_pseudolabel__mult_3__sim_0.95__teacher_ridge__seed_4,condition_recombine_pseudolabel,3.0,0.95,ridge,4,316,0,1.0,True,,,,reaction_role_concat,6144,random_forest,False,valid,spearman,0.8613827436756167,2,0.1,random,,
condition_recombine_pseudolabel__mult_3__sim_0.95__teacher_rf__seed_0,condition_recombine_pseudolabel,3.0,0.95,random_forest,0,316,0,1.0,True,,,,reaction_role_concat,6144,random_forest,False,valid,rmse,14.471259460462234,2,0.1,random,,
condition_recombine_pseudolabel__mult_3__sim_0.95__teacher_rf__seed_0,condition_recombine_pseudolabel,3.0,0.95,random_forest,0,316,0,1.0,True,,,,reaction_role_concat,6144,random_forest,False,valid,mae,10.225675690967824,2,0.1,random,,
condition_recombine_pseudolabel__mult_3__sim_0.95__teacher_rf__seed_0,condition_recombine_pseudolabel,3.0,0.95,random_forest,0,316,0,1.0,True,,,,reaction_role_concat,6144,random_forest,False,valid,r2,0.7271112578288355,2,0.1,random,,
condition_recombine_pseudolabel__mult_3__sim_0.95__teacher_rf__seed_0,condition_recombine_pseudolabel,3.0,0.95,random_forest,0,316,0,1.0,True,,,,reaction_role_concat,6144,random_forest,False,valid,spearman,0.8613827436756167,2,0.1,random,,
condition_recombine_pseudolabel__mult_3__sim_0.95__teacher_rf__seed_1,condition_recombine_pseudolabel,3.0,0.95,random_forest,1,316,0,1.0,True,,,,reaction_role_concat,6144,random_forest,False,valid,rmse,14.471259460462234,2,0.1,random,,
condition_recombine_pseudolabel__mult_3__sim_0.95__teacher_rf__seed_1,condition_recombine_pseudolabel,3.0,0.95,random_forest,1,316,0,1.0,True,,,,reaction_role_concat,6144,random_forest,False,valid,mae,10.225675690967824,2,0.1,random,,
condition_recombine_pseudolabel__mult_3__sim_0.95__teacher_rf__seed_1,condition_recombine_pseudolabel,3.0,0.95,random_forest,1,316,0,1.0,True,,,,reaction_role_concat,6144,random_forest,False,valid,r2,0.7271112578288355,2,0.1,random,,
condition_recombine_pseudolabel__mult_3__sim_0.95__teacher_rf__seed_1,condition_recombine_pseudolabel,3.0,0.95,random_forest,1,316,0,1.0,True,,,,reaction_role_concat,6144,random_forest,False,valid,spearman,0.8613827436756167,2,0.1,random,,
condition_recombine_pseudolabel__mult_3__sim_0.95__teacher_rf__seed_2,condition_recombine_pseudolabel,3.0,0.95,random_forest,2,316,0,1.0,True,,,,reaction_role_concat,6144,random_forest,False,valid,rmse,14.471259460462234,2,0.1,random,,
condition_recombine_pseudolabel__mult_3__sim_0.95__teacher_rf__seed_2,condition_recombine_pseudolabel,3.0,0.95,random_forest,2,316,0,1.0,True,,,,reaction_role_concat,6144,random_forest,False,valid,mae,10.225675690967824,2,0.1,random,,
condition_recombine_pseudolabel__mult_3__sim_0.95__teacher_rf__seed_2,condition_recombine_pseudolabel,3.0,0.95,random_forest,2,316,0,1.0,True,,,,reaction_role_concat,6144,random_forest,False,valid,r2,0.7271112578288355,2,0.1,random,,
condition_recombine_pseudolabel__mult_3__sim_0.95__teacher_rf__seed_2,condition_recombine_pseudolabel,3.0,0.95,random_forest,2,316,0,1.0,True,,,,reaction_role_concat,6144,random_forest,False,valid,spearman,0.8613827436756167,2,0.1,random,,
condition_recombine_pseudolabel__mult_3__sim_0.95__teacher_rf__seed_3,condition_recombine_pseudolabel,3.0,0.95,random_forest,3,316,0,1.0,True,,,,reaction_role_concat,6144,random_forest,False,valid,rmse,14.471259460462234,2,0.1,random,,
condition_recombine_pseudolabel__mult_3__sim_0.95__teacher_rf__seed_3,condition_recombine_pseudolabel,3.0,0.95,random_forest,3,316,0,1.0,True,,,,reaction_role_concat,6144,random_forest,False,valid,mae,10.225675690967824,2,0.1,random,,
condition_recombine_pseudolabel__mult_3__sim_0.95__teacher_rf__seed_3,condition_recombine_pseudolabel,3.0,0.95,random_forest,3,316,0,1.0,True,,,,reaction_role_concat,6144,random_forest,False,valid,r2,0.7271112578288355,2,0.1,random,,
condition_recombine_pseudolabel__mult_3__sim_0.95__teacher_rf__seed_3,condition_recombine_pseudolabel,3.0,0.95,random_forest,3,316,0,1.0,True,,,,reaction_role_concat,6144,random_forest,False,valid,spearman,0.8613827436756167,2,0.1,random,,
condition_recombine_pseudolabel__mult_3__sim_0.95__teacher_rf__seed_4,condition_recombine_pseudolabel,3.0,0.95,random_forest,4,316,0,1.0,True,,,,reaction_role_concat,6144,random_forest,False,valid,rmse,14.471259460462234,2,0.1,random,,
condition_recombine_pseudolabel__mult_3__sim_0.95__teacher_rf__seed_4,condition_recombine_pseudolabel,3.0,0.95,random_forest,4,316,0,1.0,True,,,,reaction_role_concat,6144,random_forest,False,valid,mae,10.225675690967824,2,0.1,random,,
condition_recombine_pseudolabel__mult_3__sim_0.95__teacher_rf__seed_4,condition_recombine_pseudolabel,3.0,0.95,random_forest,4,316,0,1.0,True,,,,reaction_role_concat,6144,random_forest,False,valid,r2,0.7271112578288355,2,0.1,random,,
condition_recombine_pseudolabel__mult_3__sim_0.95__teacher_rf__seed_4,condition_recombine_pseudolabel,3.0,0.95,random_forest,4,316,0,1.0,True,,,,reaction_role_concat,6144,random_forest,False,valid,spearman,0.8613827436756167,2,0.1,random,,
