policy_id,augmentation_method,synthetic_multiplier,min_neighbor_similarity,teacher_model,augmentation_random_state,n_real_train,n_synthetic_train,augmentation_factor,synthetic_weighting_enabled,mean_synthetic_weight,min_synthetic_weight,max_synthetic_weight,feature_kind,n_features,model,selected_policy,split,metric,value,fold_index,train_fraction,split_method,group_column,heldout_group_value
condition_recombine_pseudolabel__mult_0.25__sim_0.7__teacher_ridge__seed_0,condition_recombine_pseudolabel,0.25,0.7,ridge,0,31,7,1.2258064516129032,False,1.0,1.0,1.0,reaction_role_concat,6144,random_forest,False,valid,rmse,19.776608029874787,0,0.01,random,,
condition_recombine_pseudolabel__mult_0.25__sim_0.7__teacher_ridge__seed_0,condition_recombine_pseudolabel,0.25,0.7,ridge,0,31,7,1.2258064516129032,False,1.0,1.0,1.0,reaction_role_concat,6144,random_forest,False,valid,mae,15.369991891918305,0,0.01,random,,
condition_recombine_pseudolabel__mult_0.25__sim_0.7__teacher_ridge__seed_0,condition_recombine_pseudolabel,0.25,0.7,ridge,0,31,7,1.2258064516129032,False,1.0,1.0,1.0,reaction_role_concat,6144,random_forest,False,valid,r2,0.49737034036488814,0,0.01,random,,
condition_recombine_pseudolabel__mult_0.25__sim_0.7__teacher_ridge__seed_0,condition_recombine_pseudolabel,0.25,0.7,ridge,0,31,7,1.2258064516129032,False,1.0,1.0,1.0,reaction_role_concat,6144,random_forest,False,valid,spearman,0.7060966998213626,0,0.01,random,,
condition_recombine_pseudolabel__mult_0.25__sim_0.7__teacher_ridge__seed_1,condition_recombine_pseudolabel,0.25,0.7,ridge,1,31,7,1.2258064516129032,False,1.0,1.0,1.0,reaction_role_concat,6144,random_forest,False,valid,rmse,21.863948250239023,0,0.01,random,,
condition_recombine_pseudolabel__mult_0.25__sim_0.7__teacher_ridge__seed_1,condition_recombine_pseudolabel,0.25,0.7,ridge,1,31,7,1.2258064516129032,False,1.0,1.0,1.0,reaction_role_concat,6144,random_forest,False,valid,mae,16.950162359531923,0,0.01,random,,
condition_recombine_pseudolabel__mult_0.25__sim_0.7__teacher_ridge__seed_1,condition_recombine_pseudolabel,0.25,0.7,ridge,1,31,7,1.2258064516129032,False,1.0,1.0,1.0,reaction_role_concat,6144,random_forest,False,valid,r2,0.3856700596624436,0,0.01,random,,
condition_recombine_pseudolabel__mult_0.25__sim_0.7__teacher_ridge__seed_1,condition_recombine_pseudolabel,0.25,0.7,ridge,1,31,7,1.2258064516129032,False,1.0,1.0,1.0,reaction_role_concat,6144,random_forest,False,valid,spearman,0.6545923226452222,0,0.01,random,,
condition_recombine_pseudolabel__mult_0.25__sim_0.7__teacher_ridge__seed_2,condition_recombine_pseudolabel,0.25,0.7,ridge,2,31,7,1.2258064516129032,False,1.0,1.0,1.0,reaction_role_concat,6144,random_forest,False,valid,rmse,21.388229683478464,0,0.01,random,,
condition_recombine_pseudolabel__mult_0.25__sim_0.7__teacher_ridge__seed_2,condition_recombine_pseudolabel,0.25,0.7,ridge,2,31,7,1.2258064516129032,False,1.0,1.0,1.0,reaction_role_concat,6144,random_forest,False,valid,mae,16.884157502948483,0,0.01,random,,
condition_recombine_pseudolabel__mult_0.25__sim_0.7__teacher_ridge__seed_2,condition_recombine_pseudolabel,0.25,0.7,ridge,2,31,7,1.2258064516129032,False,1.0,1.0,1.0,reaction_role_concat,6144,random_forest,False,valid,r2,0.4121125639277816,0,0.01,random,,
condition_recombine_pseudolabel__mult_0.25__sim_0.7__teacher_ridge__seed_2,condition_recombine_pseudolabel,0.25,0.7,ridge,2,31,7,1.2258064516129032,False,1.0,1.0,1.0,reaction_role_concat,6144,random_forest,False,valid,spearman,0.640209040127007,0,0.01,random,,
condition_recombine_pseudolabel__mult_0.25__sim_0.7__teacher_ridge__seed_3,condition_recombine_pseudolabel,0.25,0.7,ridge,3,31,7,1.2258064516129032,False,1.0,1.0,1.0,reaction_role_concat,6144,random_forest,False,valid,rmse,20.79864164746465,0,0.01,random,,
condition_recombine_pseudolabel__mult_0.25__sim_0.7__teacher_ridge__seed_3,condition_recombine_pseudolabel,0.25,0.7,ridge,3,31,7,1.2258064516129032,False,1.0,1.0,1.0,reaction_role_concat,6144,random_forest,False,valid,mae,16.63569682812238,0,0.01,random,,
condition_recombine_pseudolabel__mult_0.25__sim_0.7__teacher_ridge__seed_3,condition_recombine_pseudolabel,0.25,0.7,ridge,3,31,7,1.2258064516129032,False,1.0,1.0,1.0,reaction_role_concat,6144,random_forest,False,valid,r2,0.44407725274937015,0,0.01,random,,
condition_recombine_pseudolabel__mult_0.25__sim_0.7__teacher_ridge__seed_3,condition_recombine_pseudolabel,0.25,0.7,ridge,3,31,7,1.2258064516129032,False,1.0,1.0,1.0,reaction_role_concat,6144,random_forest,False,valid,spearman,0.6592847714403443,0,0.01,random,,
condition_recombine_pseudolabel__mult_0.25__sim_0.7__teacher_ridge__seed_4,condition_recombine_pseudolabel,0.25,0.7,ridge,4,31,7,1.2258064516129032,False,1.0,1.0,1.0,reaction_role_concat,6144,random_forest,False,valid,rmse,21.702175732598327,0,0.01,random,,
condition_recombine_pseudolabel__mult_0.25__sim_0.7__teacher_ridge__seed_4,condition_recombine_pseudolabel,0.25,0.7,ridge,4,31,7,1.2258064516129032,False,1.0,1.0,1.0,reaction_role_concat,6144,random_forest,False,valid,mae,16.887881488096866,0,0.01,random,,
condition_recombine_pseudolabel__mult_0.25__sim_0.7__teacher_ridge__seed_4,condition_recombine_pseudolabel,0.25,0.7,ridge,4,31,7,1.2258064516129032,False,1.0,1.0,1.0,reaction_role_concat,6144,random_forest,False,valid,r2,0.3947273474612698,0,0.01,random,,
condition_recombine_pseudolabel__mult_0.25__sim_0.7__teacher_ridge__seed_4,condition_recombine_pseudolabel,0.25,0.7,ridge,4,31,7,1.2258064516129032,False,1.0,1.0,1.0,reaction_role_concat,6144,random_forest,False,valid,spearman,0.6160536200439003,0,0.01,random,,
condition_recombine_pseudolabel__mult_0.25__sim_0.7__teacher_rf__seed_0,condition_recombine_pseudolabel,0.25,0.7,random_forest,0,31,7,1.2258064516129032,False,1.0,1.0,1.0,reaction_role_concat,6144,random_forest,False,valid,rmse,20.269005834803956,0,0.01,random,,
condition_recombine_pseudolabel__mult_0.25__sim_0.7__teacher_rf__seed_0,condition_recombine_pseudolabel,0.25,0.7,random_forest,0,31,7,1.2258064516129032,False,1.0,1.0,1.0,reaction_role_concat,6144,random_forest,False,valid,mae,16.10511475998691,0,0.01,random,,
condition_recombine_pseudolabel__mult_0.25__sim_0.7__teacher_rf__seed_0,condition_recombine_pseudolabel,0.25,0.7,random_forest,0,31,7,1.2258064516129032,False,1.0,1.0,1.0,reaction_role_concat,6144,random_forest,False,valid,r2,0.47202981794937005,0,0.01,random,,
condition_recombine_pseudolabel__mult_0.25__sim_0.7__teacher_rf__seed_0,condition_recombine_pseudolabel,0.25,0.7,random_forest,0,31,7,1.2258064516129032,False,1.0,1.0,1.0,reaction_role_concat,6144,random_forest,False,valid,spearman,0.6823260854661428,0,0.01,random,,
condition_recombine_pseudolabel__mult_0.25__sim_0.7__teacher_rf__seed_1,condition_recombine_pseudolabel,0.25,0.7,random_forest,1,31,7,1.2258064516129032,False,1.0,1.0,1.0,reaction_role_concat,6144,random_forest,False,valid,rmse,21.319757768742587,0,0.01,random,,
condition_recombine_pseudolabel__mult_0.25__sim_0.7__teacher_rf__seed_1,condition_recombine_pseudolabel,0.25,0.7,random_forest,1,31,7,1.2258064516129032,False,1.0,1.0,1.0,reaction_role_concat,6144,random_forest,False,valid,mae,16.69314315720299,0,0.01,random,,
condition_recombine_pseudolabel__mult_0.25__sim_0.7__teacher_rf__seed_1,condition_recombine_pseudolabel,0.25,0.7,random_forest,1,31,7,1.2258064516129032,False,1.0,1.0,1.0,reaction_role_concat,6144,random_forest,False,valid,r2,0.41587064443383814,0,0.01,random,,
condition_recombine_pseudolabel__mult_0.25__sim_0.7__teacher_rf__seed_1,condition_recombine_pseudolabel,0.25,0.7,random_forest,1,31,7,1.2258064516129032,False,1.0,1.0,1.0,reaction_role_concat,6144,random_forest,False,valid,spearman,0.6481569531696411,0,0.01,random,,
condition_recombine_pseudolabel__mult_0.25__sim_0.7__teacher_rf__seed_2,condition_recombine_pseudolabel,0.25,0.7,random_forest,2,31,7,1.2258064516129032,False,1.0,1.0,1.0,reaction_role_concat,6144,random_forest,False,valid,rmse,21.27813263401244,0,0.01,random,,
condition_recombine_pseudolabel__mult_0.25__sim_0.7__teacher_rf__seed_2,condition_recombine_pseudolabel,0.25,0.7,random_forest,2,31,7,1.2258064516129032,False,1.0,1.0,1.0,reaction_role_concat,6144,random_forest,False,valid,mae,16.525121870721442,0,0.01,random,,
condition_recombine_pseudolabel__mult_0.25__sim_0.7__teacher_rf__seed_2,condition_recombine_pseudolabel,0.25,0.7,random_forest,2,31,7,1.2258064516129032,False,1.0,1.0,1.0,reaction_role_concat,6144,random_forest,False,valid,r2,0.41814935016390753,0,0.01,random,,
condition_recombine_pseudolabel__mult_0.25__sim_0.7__teacher_rf__seed_2,condition_recombine_pseudolabel,0.25,0.7,random_forest,2,31,7,1.2258064516129032,False,1.0,1.0,1.0,reaction_role_concat,6144,random_forest,False,valid,spearman,0.6410397998614022,0,0.01,random,,
condition_recombine_pseudolabel__mult_0.25__sim_0.7__teacher_rf__seed_3,condition_recombine_pseudolabel,0.25,0.7,random_forest,3,31,7,1.2258064516129032,False,1.0,1.0,1.0,reaction_role_concat,6144,random_forest,False,valid,rmse,22.03751751535982,0,0.01,random,,
condition_recombine_pseudolabel__mult_0.25__sim_0.7__teacher_rf__seed_3,condition_recombine_pseudolabel,0.25,0.7,random_forest,3,31,7,1.2258064516129032,False,1.0,1.0,1.0,reaction_role_concat,6144,random_forest,False,valid,mae,17.27639763098125,0,0.01,random,,
condition_recombine_pseudolabel__mult_0.25__sim_0.7__teacher_rf__seed_3,condition_recombine_pseudolabel,0.25,0.7,random_forest,3,31,7,1.2258064516129032,False,1.0,1.0,1.0,reaction_role_concat,6144,random_forest,False,valid,r2,0.37587749730837305,0,0.01,random,,
condition_recombine_pseudolabel__mult_0.25__sim_0.7__teacher_rf__seed_3,condition_recombine_pseudolabel,0.25,0.7,random_forest,3,31,7,1.2258064516129032,False,1.0,1.0,1.0,reaction_role_concat,6144,random_forest,False,valid,spearman,0.6065820632689853,0,0.01,random,,
condition_recombine_pseudolabel__mult_0.25__sim_0.7__teacher_rf__seed_4,condition_recombine_pseudolabel,0.25,0.7,random_forest,4,31,7,1.2258064516129032,False,1.0,1.0,1.0,reaction_role_concat,6144,random_forest,False,valid,rmse,21.225709344240506,0,0.01,random,,
condition_recombine_pseudolabel__mult_0.25__sim_0.7__teacher_rf__seed_4,condition_recombine_pseudolabel,0.25,0.7,random_forest,4,31,7,1.2258064516129032,False,1.0,1.0,1.0,reaction_role_concat,6144,random_forest,False,valid,mae,16.675739148043377,0,0.01,random,,
condition_recombine_pseudolabel__mult_0.25__sim_0.7__teacher_rf__seed_4,condition_recombine_pseudolabel,0.25,0.7,random_forest,4,31,7,1.2258064516129032,False,1.0,1.0,1.0,reaction_role_concat,6144,random_forest,False,valid,r2,0.42101284866301325,0,0.01,random,,
condition_recombine_pseudolabel__mult_0.25__sim_0.7__teacher_rf__seed_4,condition_recombine_pseudolabel,0.25,0.7,random_forest,4,31,7,1.2258064516129032,False,1.0,1.0,1.0,reaction_role_concat,6144,random_forest,False,valid,spearman,0.6350923508064793,0,0.01,random,,
condition_recombine_pseudolabel__mult_0.25__sim_0.8__teacher_ridge__seed_0,condition_recombine_pseudolabel,0.25,0.8,ridge,0,31,4,1.1290322580645162,False,1.0,1.0,1.0,reaction_role_concat,6144,random_forest,False,valid,rmse,20.022463918039033,0,0.01,random,,
condition_recombine_pseudolabel__mult_0.25__sim_0.8__teacher_ridge__seed_0,condition_recombine_pseudolabel,0.25,0.8,ridge,0,31,4,1.1290322580645162,False,1.0,1.0,1.0,reaction_role_concat,6144,random_forest,False,valid,mae,15.638978097432776,0,0.01,random,,
condition_recombine_pseudolabel__mult_0.25__sim_0.8__teacher_ridge__seed_0,condition_recombine_pseudolabel,0.25,0.8,ridge,0,31,4,1.1290322580645162,False,1.0,1.0,1.0,reaction_role_concat,6144,random_forest,False,valid,r2,0.48479562800925,0,0.01,random,,
condition_recombine_pseudolabel__mult_0.25__sim_0.8__teacher_ridge__seed_0,condition_recombine_pseudolabel,0.25,0.8,ridge,0,31,4,1.1290322580645162,False,1.0,1.0,1.0,reaction_role_concat,6144,random_forest,False,valid,spearman,0.6911202400525687,0,0.01,random,,
condition_recombine_pseudolabel__mult_0.25__sim_0.8__teacher_ridge__seed_1,condition_recombine_pseudolabel,0.25,0.8,ridge,1,31,5,1.1612903225806452,False,1.0,1.0,1.0,reaction_role_concat,6144,random_forest,False,valid,rmse,22.895239631512755,0,0.01,random,,
condition_recombine_pseudolabel__mult_0.25__sim_0.8__teacher_ridge__seed_1,condition_recombine_pseudolabel,0.25,0.8,ridge,1,31,5,1.1612903225806452,False,1.0,1.0,1.0,reaction_role_concat,6144,random_forest,False,valid,mae,17.37839692107635,0,0.01,random,,
condition_recombine_pseudolabel__mult_0.25__sim_0.8__teacher_ridge__seed_1,condition_recombine_pseudolabel,0.25,0.8,ridge,1,31,5,1.1612903225806452,False,1.0,1.0,1.0,reaction_role_concat,6144,random_forest,False,valid,r2,0.3263491111398178,0,0.01,random,,
condition_recombine_pseudolabel__mult_0.25__sim_0.8__teacher_ridge__seed_1,condition_recombine_pseudolabel,0.25,0.8,ridge,1,31,5,1.1612903225806452,False,1.0,1.0,1.0,reaction_role_concat,6144,random_forest,False,valid,spearman,0.6416814673074483,0,0.01,random,,
condition_recombine_pseudolabel__mult_0.25__sim_0.8__teacher_ridge__seed_2,condition_recombine_pseudolabel,0.25,0.8,ridge,2,31,4,1.1290322580645162,False,1.0,1.0,1.0,reaction_role_concat,6144,random_forest,False,valid,rmse,21.21658270008836,0,0.01,random,,
condition_recombine_pseudolabel__mult_0.25__sim_0.8__teacher_ridge__seed_2,condition_recombine_pseudolabel,0.25,0.8,ridge,2,31,4,1.1290322580645162,False,1.0,1.0,1.0,reaction_role_concat,6144,random_forest,False,valid,mae,16.510465773398362,0,0.01,random,,
condition_recombine_pseudolabel__mult_0.25__sim_0.8__teacher_ridge__seed_2,condition_recombine_pseudolabel,0.25,0.8,ridge,2,31,4,1.1290322580645162,False,1.0,1.0,1.0,reaction_role_concat,6144,random_forest,False,valid,r2,0.4215106481531782,0,0.01,random,,
condition_recombine_pseudolabel__mult_0.25__sim_0.8__teacher_ridge__seed_2,condition_recombine_pseudolabel,0.25,0.8,ridge,2,31,4,1.1290322580645162,False,1.0,1.0,1.0,reaction_role_concat,6144,random_forest,False,valid,spearman,0.6690520405117146,0,0.01,random,,
condition_recombine_pseudolabel__mult_0.25__sim_0.8__teacher_ridge__seed_3,condition_recombine_pseudolabel,0.25,0.8,ridge,3,31,6,1.1935483870967742,False,1.0,1.0,1.0,reaction_role_concat,6144,random_forest,False,valid,rmse,20.779951676518188,0,0.01,random,,
condition_recombine_pseudolabel__mult_0.25__sim_0.8__teacher_ridge__seed_3,condition_recombine_pseudolabel,0.25,0.8,ridge,3,31,6,1.1935483870967742,False,1.0,1.0,1.0,reaction_role_concat,6144,random_forest,False,valid,mae,16.519184927182863,0,0.01,random,,
condition_recombine_pseudolabel__mult_0.25__sim_0.8__teacher_ridge__seed_3,condition_recombine_pseudolabel,0.25,0.8,ridge,3,31,6,1.1935483870967742,False,1.0,1.0,1.0,reaction_role_concat,6144,random_forest,False,valid,r2,0.44507592485353253,0,0.01,random,,
condition_recombine_pseudolabel__mult_0.25__sim_0.8__teacher_ridge__seed_3,condition_recombine_pseudolabel,0.25,0.8,ridge,3,31,6,1.1935483870967742,False,1.0,1.0,1.0,reaction_role_concat,6144,random_forest,False,valid,spearman,0.6496132169515934,0,0.01,random,,
condition_recombine_pseudolabel__mult_0.25__sim_0.8__teacher_ridge__seed_4,condition_recombine_pseudolabel,0.25,0.8,ridge,4,31,5,1.1612903225806452,False,1.0,1.0,1.0,reaction_role_concat,6144,random_forest,False,valid,rmse,21.593204813671996,0,0.01,random,,
condition_recombine_pseudolabel__mult_0.25__sim_0.8__teacher_ridge__seed_4,condition_recombine_pseudolabel,0.25,0.8,ridge,4,31,5,1.1612903225806452,False,1.0,1.0,1.0,reaction_role_concat,6144,random_forest,False,valid,mae,16.519650511367413,0,0.01,random,,
condition_recombine_pseudolabel__mult_0.25__sim_0.8__teacher_ridge__seed_4,condition_recombine_pseudolabel,0.25,0.8,ridge,4,31,5,1.1612903225806452,False,1.0,1.0,1.0,reaction_role_concat,6144,random_forest,False,valid,r2,0.40079047459563166,0,0.01,random,,
condition_recombine_pseudolabel__mult_0.25__sim_0.8__teacher_ridge__seed_4,condition_recombine_pseudolabel,0.25,0.8,ridge,4,31,5,1.1612903225806452,False,1.0,1.0,1.0,reaction_role_concat,6144,random_forest,False,valid,spearman,0.6527079235430477,0,0.01,random,,
condition_recombine_pseudolabel__mult_0.25__sim_0.8__teacher_rf__seed_0,condition_recombine_pseudolabel,0.25,0.8,random_forest,0,31,4,1.1290322580645162,False,1.0,1.0,1.0,reaction_role_concat,6144,random_forest,False,valid,rmse,20.39340375406952,0,0.01,random,,
condition_recombine_pseudolabel__mult_0.25__sim_0.8__teacher_rf__seed_0,condition_recombine_pseudolabel,0.25,0.8,random_forest,0,31,4,1.1290322580645162,False,1.0,1.0,1.0,reaction_role_concat,6144,random_forest,False,valid,mae,15.97740581255925,0,0.01,random,,
condition_recombine_pseudolabel__mult_0.25__sim_0.8__teacher_rf__seed_0,condition_recombine_pseudolabel,0.25,0.8,random_forest,0,31,4,1.1290322580645162,False,1.0,1.0,1.0,reaction_role_concat,6144,random_forest,False,valid,r2,0.4655292586071984,0,0.01,random,,
condition_recombine_pseudolabel__mult_0.25__sim_0.8__teacher_rf__seed_0,condition_recombine_pseudolabel,0.25,0.8,random_forest,0,31,4,1.1290322580645162,False,1.0,1.0,1.0,reaction_role_concat,6144,random_forest,False,valid,spearman,0.6771334476466903,0,0.01,random,,
condition_recombine_pseudolabel__mult_0.25__sim_0.8__teacher_rf__seed_1,condition_recombine_pseudolabel,0.25,0.8,random_forest,1,31,5,1.1612903225806452,False,1.0,1.0,1.0,reaction_role_concat,6144,random_forest,False,valid,rmse,21.700826594851453,0,0.01,random,,
condition_recombine_pseudolabel__mult_0.25__sim_0.8__teacher_rf__seed_1,condition_recombine_pseudolabel,0.25,0.8,random_forest,1,31,5,1.1612903225806452,False,1.0,1.0,1.0,reaction_role_concat,6144,random_forest,False,valid,mae,16.907245609971543,0,0.01,random,,
condition_recombine_pseudolabel__mult_0.25__sim_0.8__teacher_rf__seed_1,condition_recombine_pseudolabel,0.25,0.8,random_forest,1,31,5,1.1612903225806452,False,1.0,1.0,1.0,reaction_role_concat,6144,random_forest,False,valid,r2,0.39480259989775246,0,0.01,random,,
condition_recombine_pseudolabel__mult_0.25__sim_0.8__teacher_rf__seed_1,condition_recombine_pseudolabel,0.25,0.8,random_forest,1,31,5,1.1612903225806452,False,1.0,1.0,1.0,reaction_role_concat,6144,random_forest,False,valid,spearman,0.631252277856985,0,0.01,random,,
condition_recombine_pseudolabel__mult_0.25__sim_0.8__teacher_rf__seed_2,condition_recombine_pseudolabel,0.25,0.8,random_forest,2,31,4,1.1290322580645162,False,1.0,1.0,1.0,reaction_role_concat,6144,random_forest,False,valid,rmse,21.860242852172803,0,0.01,random,,
condition_recombine_pseudolabel__mult_0.25__sim_0.8__teacher_rf__seed_2,condition_recombine_pseudolabel,0.25,0.8,random_forest,2,31,4,1.1290322580645162,False,1.0,1.0,1.0,reaction_role_concat,6144,random_forest,False,valid,mae,17.069906019710288,0,0.01,random,,
condition_recombine_pseudolabel__mult_0.25__sim_0.8__teacher_rf__seed_2,condition_recombine_pseudolabel,0.25,0.8,random_forest,2,31,4,1.1290322580645162,False,1.0,1.0,1.0,reaction_role_concat,6144,random_forest,False,valid,r2,0.38587826945653114,0,0.01,random,,
condition_recombine_pseudolabel__mult_0.25__sim_0.8__teacher_rf__seed_2,condition_recombine_pseudolabel,0.25,0.8,random_forest,2,31,4,1.1290322580645162,False,1.0,1.0,1.0,reaction_role_concat,6144,random_forest,False,valid,spearman,0.6130681624470536,0,0.01,random,,
condition_recombine_pseudolabel__mult_0.25__sim_0.8__teacher_rf__seed_3,condition_recombine_pseudolabel,0.25,0.8,random_forest,3,31,6,1.1935483870967742,False,1.0,1.0,1.0,reaction_role_concat,6144,random_forest,False,valid,rmse,21.259113356668692,0,0.01,random,,
condition_recombine_pseudolabel__mult_0.25__sim_0.8__teacher_rf__seed_3,condition_recombine_pseudolabel,0.25,0.8,random_forest,3,31,6,1.1935483870967742,False,1.0,1.0,1.0,reaction_role_concat,6144,random_forest,False,valid,mae,16.738996556929393,0,0.01,random,,
condition_recombine_pseudolabel__mult_0.25__sim_0.8__teacher_rf__seed_3,condition_recombine_pseudolabel,0.25,0.8,random_forest,3,31,6,1.1935483870967742,False,1.0,1.0,1.0,reaction_role_concat,6144,random_forest,False,valid,r2,0.41918904977269844,0,0.01,random,,
condition_recombine_pseudolabel__mult_0.25__sim_0.8__teacher_rf__seed_3,condition_recombine_pseudolabel,0.25,0.8,random_forest,3,31,6,1.1935483870967742,False,1.0,1.0,1.0,reaction_role_concat,6144,random_forest,False,valid,spearman,0.6405907300190403,0,0.01,random,,
condition_recombine_pseudolabel__mult_0.25__sim_0.8__teacher_rf__seed_4,condition_recombine_pseudolabel,0.25,0.8,random_forest,4,31,5,1.1612903225806452,False,1.0,1.0,1.0,reaction_role_concat,6144,random_forest,False,valid,rmse,21.07368466824979,0,0.01,random,,
condition_recombine_pseudolabel__mult_0.25__sim_0.8__teacher_rf__seed_4,condition_recombine_pseudolabel,0.25,0.8,random_forest,4,31,5,1.1612903225806452,False,1.0,1.0,1.0,reaction_role_concat,6144,random_forest,False,valid,mae,16.442120984960205,0,0.01,random,,
condition_recombine_pseudolabel__mult_0.25__sim_0.8__teacher_rf__seed_4,condition_recombine_pseudolabel,0.25,0.8,random_forest,4,31,5,1.1612903225806452,False,1.0,1.0,1.0,reaction_role_concat,6144,random_forest,False,valid,r2,0.42927689478777387,0,0.01,random,,
condition_recombine_pseudolabel__mult_0.25__sim_0.8__teacher_rf__seed_4,condition_recombine_pseudolabel,0.25,0.8,random_forest,4,31,5,1.1612903225806452,False,1.0,1.0,1.0,reaction_role_concat,6144,random_forest,False,valid,spearman,0.6519148459485036,0,0.01,random,,
condition_recombine_pseudolabel__mult_0.25__sim_0.9__teacher_ridge__seed_0,condition_recombine_pseudolabel,0.25,0.9,ridge,0,31,2,1.064516129032258,False,1.0,1.0,1.0,reaction_role_concat,6144,random_forest,False,valid,rmse,20.878712371226424,0,0.01,random,,
condition_recombine_pseudolabel__mult_0.25__sim_0.9__teacher_ridge__seed_0,condition_recombine_pseudolabel,0.25,0.9,ridge,0,31,2,1.064516129032258,False,1.0,1.0,1.0,reaction_role_concat,6144,random_forest,False,valid,mae,16.43192003550258,0,0.01,random,,
condition_recombine_pseudolabel__mult_0.25__sim_0.9__teacher_ridge__seed_0,condition_recombine_pseudolabel,0.25,0.9,ridge,0,31,2,1.064516129032258,False,1.0,1.0,1.0,reaction_role_concat,6144,random_forest,False,valid,r2,0.4397886245839443,0,0.01,random,,
condition_recombine_pseudolabel__mult_0.25__sim_0.9__teacher_ridge__seed_0,condition_recombine_pseudolabel,0.25,0.9,ridge,0,31,2,1.064516129032258,False,1.0,1.0,1.0,reaction_role_concat,6144,random_forest,False,valid,spearman,0.6612567060560235,0,0.01,random,,
condition_recombine_pseudolabel__mult_0.25__sim_0.9__teacher_ridge__seed_1,condition_recombine_pseudolabel,0.25,0.9,ridge,1,31,1,1.032258064516129,False,1.0,1.0,1.0,reaction_role_concat,6144,random_forest,False,valid,rmse,23.064557178021413,0,0.01,random,,
condition_recombine_pseudolabel__mult_0.25__sim_0.9__teacher_ridge__seed_1,condition_recombine_pseudolabel,0.25,0.9,ridge,1,31,1,1.032258064516129,False,1.0,1.0,1.0,reaction_role_concat,6144,random_forest,False,valid,mae,17.482526775556277,0,0.01,random,,
condition_recombine_pseudolabel__mult_0.25__sim_0.9__teacher_ridge__seed_1,condition_recombine_pseudolabel,0.25,0.9,ridge,1,31,1,1.032258064516129,False,1.0,1.0,1.0,reaction_role_concat,6144,random_forest,False,valid,r2,0.3163485454465661,0,0.01,random,,
condition_recombine_pseudolabel__mult_0.25__sim_0.9__teacher_ridge__seed_1,condition_recombine_pseudolabel,0.25,0.9,ridge,1,31,1,1.032258064516129,False,1.0,1.0,1.0,reaction_role_concat,6144,random_forest,False,valid,spearman,0.614581679712811,0,0.01,random,,
condition_recombine_pseudolabel__mult_0.25__sim_0.9__teacher_ridge__seed_2,condition_recombine_pseudolabel,0.25,0.9,ridge,2,31,0,1.0,False,,,,reaction_role_concat,6144,random_forest,False,valid,rmse,21.97854865491954,0,0.01,random,,
condition_recombine_pseudolabel__mult_0.25__sim_0.9__teacher_ridge__seed_2,condition_recombine_pseudolabel,0.25,0.9,ridge,2,31,0,1.0,False,,,,reaction_role_concat,6144,random_forest,False,valid,mae,16.968559901374807,0,0.01,random,,
condition_recombine_pseudolabel__mult_0.25__sim_0.9__teacher_ridge__seed_2,condition_recombine_pseudolabel,0.25,0.9,ridge,2,31,0,1.0,False,,,,reaction_role_concat,6144,random_forest,False,valid,r2,0.37921313184266603,0,0.01,random,,
condition_recombine_pseudolabel__mult_0.25__sim_0.9__teacher_ridge__seed_2,condition_recombine_pseudolabel,0.25,0.9,ridge,2,31,0,1.0,False,,,,reaction_role_concat,6144,random_forest,False,valid,spearman,0.6183434672864899,0,0.01,random,,
condition_recombine_pseudolabel__mult_0.25__sim_0.9__teacher_ridge__seed_3,condition_recombine_pseudolabel,0.25,0.9,ridge,3,31,2,1.064516129032258,False,1.0,1.0,1.0,reaction_role_concat,6144,random_forest,False,valid,rmse,21.18442049569954,0,0.01,random,,
condition_recombine_pseudolabel__mult_0.25__sim_0.9__teacher_ridge__seed_3,condition_recombine_pseudolabel,0.25,0.9,ridge,3,31,2,1.064516129032258,False,1.0,1.0,1.0,reaction_role_concat,6144,random_forest,False,valid,mae,16.944191013431247,0,0.01,random,,
condition_recombine_pseudolabel__mult_0.25__sim_0.9__teacher_ridge__seed_3,condition_recombine_pseudolabel,0.25,0.9,ridge,3,31,2,1.064516129032258,False,1.0,1.0,1.0,reaction_role_concat,6144,random_forest,False,valid,r2,0.42326318210327296,0,0.01,random,,
condition_recombine_pseudolabel__mult_0.25__sim_0.9__teacher_ridge__seed_3,condition_recombine_pseudolabel,0.25,0.9,ridge,3,31,2,1.064516129032258,False,1.0,1.0,1.0,reaction_role_concat,6144,random_forest,False,valid,spearman,0.6561020424860332,0,0.01,random,,
condition_recombine_pseudolabel__mult_0.25__sim_0.9__teacher_ridge__seed_4,condition_recombine_pseudolabel,0.25,0.9,ridge,4,31,3,1.096774193548387,False,1.0,1.0,1.0,reaction_role_concat,6144,random_forest,False,valid,rmse,21.528790799369332,0,0.01,random,,
condition_recombine_pseudolabel__mult_0.25__sim_0.9__teacher_ridge__seed_4,condition_recombine_pseudolabel,0.25,0.9,ridge,4,31,3,1.096774193548387,False,1.0,1.0,1.0,reaction_role_concat,6144,random_forest,False,valid,mae,16.772484928813164,0,0.01,random,,
condition_recombine_pseudolabel__mult_0.25__sim_0.9__teacher_ridge__seed_4,condition_recombine_pseudolabel,0.25,0.9,ridge,4,31,3,1.096774193548387,False,1.0,1.0,1.0,reaction_role_concat,6144,random_forest,False,valid,r2,0.4043601088197215,0,0.01,random,,
condition_recombine_pseudolabel__mult_0.25__sim_0.9__teacher_ridge__seed_4,condition_recombine_pseudolabel,0.25,0.9,ridge,4,31,3,1.096774193548387,False,1.0,1.0,1.0,reaction_role_concat,6144,random_forest,False,valid,spearman,0.6158911097301748,0,0.01,random,,
condition_recombine_pseudolabel__mult_0.25__sim_0.9__teacher_rf__seed_0,condition_recombine_pseudolabel,0.25,0.9,random_forest,0,31,2,1.064516129032258,False,1.0,1.0,1.0,reaction_role_concat,6144,random_forest,False,valid,rmse,20.891614256366502,0,0.01,random,,
condition_recombine_pseudolabel__mult_0.25__sim_0.9__teacher_rf__seed_0,condition_recombine_pseudolabel,0.25,0.9,random_forest,0,31,2,1.064516129032258,False,1.0,1.0,1.0,reaction_role_concat,6144,random_forest,False,valid,mae,16.45314668328249,0,0.01,random,,
condition_recombine_pseudolabel__mult_0.25__sim_0.9__teacher_rf__seed_0,condition_recombine_pseudolabel,0.25,0.9,random_forest,0,31,2,1.064516129032258,False,1.0,1.0,1.0,reaction_role_concat,6144,random_forest,False,valid,r2,0.43909605160573617,0,0.01,random,,
condition_recombine_pseudolabel__mult_0.25__sim_0.9__teacher_rf__seed_0,condition_recombine_pseudolabel,0.25,0.9,random_forest,0,31,2,1.064516129032258,False,1.0,1.0,1.0,reaction_role_concat,6144,random_forest,False,valid,spearman,0.6624241708023197,0,0.01,random,,
condition_recombine_pseudolabel__mult_0.25__sim_0.9__teacher_rf__seed_1,condition_recombine_pseudolabel,0.25,0.9,random_forest,1,31,1,1.032258064516129,False,1.0,1.0,1.0,reaction_role_concat,6144,random_forest,False,valid,rmse,22.64689181478447,0,0.01,random,,
condition_recombine_pseudolabel__mult_0.25__sim_0.9__teacher_rf__seed_1,condition_recombine_pseudolabel,0.25,0.9,random_forest,1,31,1,1.032258064516129,False,1.0,1.0,1.0,reaction_role_concat,6144,random_forest,False,valid,mae,17.50347843379914,0,0.01,random,,
condition_recombine_pseudolabel__mult_0.25__sim_0.9__teacher_rf__seed_1,condition_recombine_pseudolabel,0.25,0.9,random_forest,1,31,1,1.032258064516129,False,1.0,1.0,1.0,reaction_role_concat,6144,random_forest,False,valid,r2,0.34088421700232285,0,0.01,random,,
condition_recombine_pseudolabel__mult_0.25__sim_0.9__teacher_rf__seed_1,condition_recombine_pseudolabel,0.25,0.9,random_forest,1,31,1,1.032258064516129,False,1.0,1.0,1.0,reaction_role_concat,6144,random_forest,False,valid,spearman,0.603336628118126,0,0.01,random,,
condition_recombine_pseudolabel__mult_0.25__sim_0.9__teacher_rf__seed_2,condition_recombine_pseudolabel,0.25,0.9,random_forest,2,31,0,1.0,False,,,,reaction_role_concat,6144,random_forest,False,valid,rmse,21.97854865491954,0,0.01,random,,
condition_recombine_pseudolabel__mult_0.25__sim_0.9__teacher_rf__seed_2,condition_recombine_pseudolabel,0.25,0.9,random_forest,2,31,0,1.0,False,,,,reaction_role_concat,6144,random_forest,False,valid,mae,16.968559901374807,0,0.01,random,,
condition_recombine_pseudolabel__mult_0.25__sim_0.9__teacher_rf__seed_2,condition_recombine_pseudolabel,0.25,0.9,random_forest,2,31,0,1.0,False,,,,reaction_role_concat,6144,random_forest,False,valid,r2,0.37921313184266603,0,0.01,random,,
condition_recombine_pseudolabel__mult_0.25__sim_0.9__teacher_rf__seed_2,condition_recombine_pseudolabel,0.25,0.9,random_forest,2,31,0,1.0,False,,,,reaction_role_concat,6144,random_forest,False,valid,spearman,0.6183434672864899,0,0.01,random,,
condition_recombine_pseudolabel__mult_0.25__sim_0.9__teacher_rf__seed_3,condition_recombine_pseudolabel,0.25,0.9,random_forest,3,31,2,1.064516129032258,False,1.0,1.0,1.0,reaction_role_concat,6144,random_forest,False,valid,rmse,21.55657346845751,0,0.01,random,,
condition_recombine_pseudolabel__mult_0.25__sim_0.9__teacher_rf__seed_3,condition_recombine_pseudolabel,0.25,0.9,random_forest,3,31,2,1.064516129032258,False,1.0,1.0,1.0,reaction_role_concat,6144,random_forest,False,valid,mae,17.0740056425665,0,0.01,random,,
condition_recombine_pseudolabel__mult_0.25__sim_0.9__teacher_rf__seed_3,condition_recombine_pseudolabel,0.25,0.9,random_forest,3,31,2,1.064516129032258,False,1.0,1.0,1.0,reaction_role_concat,6144,random_forest,False,valid,r2,0.4028217833323411,0,0.01,random,,
condition_recombine_pseudolabel__mult_0.25__sim_0.9__teacher_rf__seed_3,condition_recombine_pseudolabel,0.25,0.9,random_forest,3,31,2,1.064516129032258,False,1.0,1.0,1.0,reaction_role_concat,6144,random_forest,False,valid,spearman,0.6231283200886375,0,0.01,random,,
condition_recombine_pseudolabel__mult_0.25__sim_0.9__teacher_rf__seed_4,condition_recombine_pseudolabel,0.25,0.9,random_forest,4,31,3,1.096774193548387,False,1.0,1.0,1.0,reaction_role_concat,6144,random_forest,False,valid,rmse,21.47962767455361,0,0.01,random,,
condition_recombine_pseudolabel__mult_0.25__sim_0.9__teacher_rf__seed_4,condition_recombine_pseudolabel,0.25,0.9,random_forest,4,31,3,1.096774193548387,False,1.0,1.0,1.0,reaction_role_concat,6144,random_forest,False,valid,mae,16.850797062980977,0,0.01,random,,
condition_recombine_pseudolabel__mult_0.25__sim_0.9__teacher_rf__seed_4,condition_recombine_pseudolabel,0.25,0.9,random_forest,4,31,3,1.096774193548387,False,1.0,1.0,1.0,reaction_role_concat,6144,random_forest,False,valid,r2,0.4070774079640681,0,0.01,random,,
condition_recombine_pseudolabel__mult_0.25__sim_0.9__teacher_rf__seed_4,condition_recombine_pseudolabel,0.25,0.9,random_forest,4,31,3,1.096774193548387,False,1.0,1.0,1.0,reaction_role_concat,6144,random_forest,False,valid,spearman,0.6241089320536042,0,0.01,random,,
condition_recombine_pseudolabel__mult_0.5__sim_0.7__teacher_ridge__seed_0,condition_recombine_pseudolabel,0.5,0.7,ridge,0,31,15,1.4838709677419355,False,1.0,1.0,1.0,reaction_role_concat,6144,random_forest,False,valid,rmse,18.928142866228047,0,0.01,random,,
condition_recombine_pseudolabel__mult_0.5__sim_0.7__teacher_ridge__seed_0,condition_recombine_pseudolabel,0.5,0.7,ridge,0,31,15,1.4838709677419355,False,1.0,1.0,1.0,reaction_role_concat,6144,random_forest,False,valid,mae,14.814088364205782,0,0.01,random,,
condition_recombine_pseudolabel__mult_0.5__sim_0.7__teacher_ridge__seed_0,condition_recombine_pseudolabel,0.5,0.7,ridge,0,31,15,1.4838709677419355,False,1.0,1.0,1.0,reaction_role_concat,6144,random_forest,False,valid,r2,0.5395732887522476,0,0.01,random,,
condition_recombine_pseudolabel__mult_0.5__sim_0.7__teacher_ridge__seed_0,condition_recombine_pseudolabel,0.5,0.7,ridge,0,31,15,1.4838709677419355,False,1.0,1.0,1.0,reaction_role_concat,6144,random_forest,False,valid,spearman,0.7415343667896532,0,0.01,random,,
condition_recombine_pseudolabel__mult_0.5__sim_0.7__teacher_ridge__seed_1,condition_recombine_pseudolabel,0.5,0.7,ridge,1,31,15,1.4838709677419355,False,1.0,1.0,1.0,reaction_role_concat,6144,random_forest,False,valid,rmse,22.226905511187613,0,0.01,random,,
condition_recombine_pseudolabel__mult_0.5__sim_0.7__teacher_ridge__seed_1,condition_recombine_pseudolabel,0.5,0.7,ridge,1,31,15,1.4838709677419355,False,1.0,1.0,1.0,reaction_role_concat,6144,random_forest,False,valid,mae,17.14098402032822,0,0.01,random,,
condition_recombine_pseudolabel__mult_0.5__sim_0.7__teacher_ridge__seed_1,condition_recombine_pseudolabel,0.5,0.7,ridge,1,31,15,1.4838709677419355,False,1.0,1.0,1.0,reaction_role_concat,6144,random_forest,False,valid,r2,0.3651041228240798,0,0.01,random,,
condition_recombine_pseudolabel__mult_0.5__sim_0.7__teacher_ridge__seed_1,condition_recombine_pseudolabel,0.5,0.7,ridge,1,31,15,1.4838709677419355,False,1.0,1.0,1.0,reaction_role_concat,6144,random_forest,False,valid,spearman,0.6672918853641918,0,0.01,random,,
condition_recombine_pseudolabel__mult_0.5__sim_0.7__teacher_ridge__seed_2,condition_recombine_pseudolabel,0.5,0.7,ridge,2,31,15,1.4838709677419355,False,1.0,1.0,1.0,reaction_role_concat,6144,random_forest,False,valid,rmse,21.31425063732089,0,0.01,random,,
condition_recombine_pseudolabel__mult_0.5__sim_0.7__teacher_ridge__seed_2,condition_recombine_pseudolabel,0.5,0.7,ridge,2,31,15,1.4838709677419355,False,1.0,1.0,1.0,reaction_role_concat,6144,random_forest,False,valid,mae,16.46742557150955,0,0.01,random,,
condition_recombine_pseudolabel__mult_0.5__sim_0.7__teacher_ridge__seed_2,condition_recombine_pseudolabel,0.5,0.7,ridge,2,31,15,1.4838709677419355,False,1.0,1.0,1.0,reaction_role_concat,6144,random_forest,False,valid,r2,0.41617237972423204,0,0.01,random,,
condition_recombine_pseudolabel__mult_0.5__sim_0.7__teacher_ridge__seed_2,condition_recombine_pseudolabel,0.5,0.7,ridge,2,31,15,1.4838709677419355,False,1.0,1.0,1.0,reaction_role_concat,6144,random_forest,False,valid,spearman,0.6432566197011795,0,0.01,random,,
condition_recombine_pseudolabel__mult_0.5__sim_0.7__teacher_ridge__seed_3,condition_recombine_pseudolabel,0.5,0.7,ridge,3,31,15,1.4838709677419355,False,1.0,1.0,1.0,reaction_role_concat,6144,random_forest,False,valid,rmse,21.358254498613093,0,0.01,random,,
condition_recombine_pseudolabel__mult_0.5__sim_0.7__teacher_ridge__seed_3,condition_recombine_pseudolabel,0.5,0.7,ridge,3,31,15,1.4838709677419355,False,1.0,1.0,1.0,reaction_role_concat,6144,random_forest,False,valid,mae,16.700645201962207,0,0.01,random,,
condition_recombine_pseudolabel__mult_0.5__sim_0.7__teacher_ridge__seed_3,condition_recombine_pseudolabel,0.5,0.7,ridge,3,31,15,1.4838709677419355,False,1.0,1.0,1.0,reaction_role_concat,6144,random_forest,False,valid,r2,0.4137592346778898,0,0.01,random,,
condition_recombine_pseudolabel__mult_0.5__sim_0.7__teacher_ridge__seed_3,condition_recombine_pseudolabel,0.5,0.7,ridge,3,31,15,1.4838709677419355,False,1.0,1.0,1.0,reaction_role_concat,6144,random_forest,False,valid,spearman,0.6566831458726802,0,0.01,random,,
condition_recombine_pseudolabel__mult_0.5__sim_0.7__teacher_ridge__seed_4,condition_recombine_pseudolabel,0.5,0.7,ridge,4,31,15,1.4838709677419355,False,1.0,1.0,1.0,reaction_role_concat,6144,random_forest,False,valid,rmse,21.079407197780853,0,0.01,random,,
condition_recombine_pseudolabel__mult_0.5__sim_0.7__teacher_ridge__seed_4,condition_recombine_pseudolabel,0.5,0.7,ridge,4,31,15,1.4838709677419355,False,1.0,1.0,1.0,reaction_role_concat,6144,random_forest,False,valid,mae,16.591780416301535,0,0.01,random,,
condition_recombine_pseudolabel__mult_0.5__sim_0.7__teacher_ridge__seed_4,condition_recombine_pseudolabel,0.5,0.7,ridge,4,31,15,1.4838709677419355,False,1.0,1.0,1.0,reaction_role_concat,6144,random_forest,False,valid,r2,0.42896689458503956,0,0.01,random,,
condition_recombine_pseudolabel__mult_0.5__sim_0.7__teacher_ridge__seed_4,condition_recombine_pseudolabel,0.5,0.7,ridge,4,31,15,1.4838709677419355,False,1.0,1.0,1.0,reaction_role_concat,6144,random_forest,False,valid,spearman,0.6595905128334526,0,0.01,random,,
condition_recombine_pseudolabel__mult_0.5__sim_0.7__teacher_rf__seed_0,condition_recombine_pseudolabel,0.5,0.7,random_forest,0,31,15,1.4838709677419355,False,1.0,1.0,1.0,reaction_role_concat,6144,random_forest,False,valid,rmse,20.292989795394046,0,0.01,random,,
condition_recombine_pseudolabel__mult_0.5__sim_0.7__teacher_rf__seed_0,condition_recombine_pseudolabel,0.5,0.7,random_forest,0,31,15,1.4838709677419355,False,1.0,1.0,1.0,reaction_role_concat,6144,random_forest,False,valid,mae,15.902587851906125,0,0.01,random,,
condition_recombine_pseudolabel__mult_0.5__sim_0.7__teacher_rf__seed_0,condition_recombine_pseudolabel,0.5,0.7,random_forest,0,31,15,1.4838709677419355,False,1.0,1.0,1.0,reaction_role_concat,6144,random_forest,False,valid,r2,0.47077960291792387,0,0.01,random,,
condition_recombine_pseudolabel__mult_0.5__sim_0.7__teacher_rf__seed_0,condition_recombine_pseudolabel,0.5,0.7,random_forest,0,31,15,1.4838709677419355,False,1.0,1.0,1.0,reaction_role_concat,6144,random_forest,False,valid,spearman,0.6965527972327281,0,0.01,random,,
condition_recombine_pseudolabel__mult_0.5__sim_0.7__teacher_rf__seed_1,condition_recombine_pseudolabel,0.5,0.7,random_forest,1,31,15,1.4838709677419355,False,1.0,1.0,1.0,reaction_role_concat,6144,random_forest,False,valid,rmse,21.60114437593604,0,0.01,random,,
condition_recombine_pseudolabel__mult_0.5__sim_0.7__teacher_rf__seed_1,condition_recombine_pseudolabel,0.5,0.7,random_forest,1,31,15,1.4838709677419355,False,1.0,1.0,1.0,reaction_role_concat,6144,random_forest,False,valid,mae,16.62499553489534,0,0.01,random,,
condition_recombine_pseudolabel__mult_0.5__sim_0.7__teacher_rf__seed_1,condition_recombine_pseudolabel,0.5,0.7,random_forest,1,31,15,1.4838709677419355,False,1.0,1.0,1.0,reaction_role_concat,6144,random_forest,False,valid,r2,0.4003497492833925,0,0.01,random,,
condition_recombine_pseudolabel__mult_0.5__sim_0.7__teacher_rf__seed_1,condition_recombine_pseudolabel,0.5,0.7,random_forest,1,31,15,1.4838709677419355,False,1.0,1.0,1.0,reaction_role_concat,6144,random_forest,False,valid,spearman,0.6908252093452061,0,0.01,random,,
condition_recombine_pseudolabel__mult_0.5__sim_0.7__teacher_rf__seed_2,condition_recombine_pseudolabel,0.5,0.7,random_forest,2,31,15,1.4838709677419355,False,1.0,1.0,1.0,reaction_role_concat,6144,random_forest,False,valid,rmse,21.84468555084754,0,0.01,random,,
condition_recombine_pseudolabel__mult_0.5__sim_0.7__teacher_rf__seed_2,condition_recombine_pseudolabel,0.5,0.7,random_forest,2,31,15,1.4838709677419355,False,1.0,1.0,1.0,reaction_role_concat,6144,random_forest,False,valid,mae,16.757554288791706,0,0.01,random,,
condition_recombine_pseudolabel__mult_0.5__sim_0.7__teacher_rf__seed_2,condition_recombine_pseudolabel,0.5,0.7,random_forest,2,31,15,1.4838709677419355,False,1.0,1.0,1.0,reaction_role_concat,6144,random_forest,False,valid,r2,0.38675206369543746,0,0.01,random,,
condition_recombine_pseudolabel__mult_0.5__sim_0.7__teacher_rf__seed_2,condition_recombine_pseudolabel,0.5,0.7,random_forest,2,31,15,1.4838709677419355,False,1.0,1.0,1.0,reaction_role_concat,6144,random_forest,False,valid,spearman,0.6340513695218541,0,0.01,random,,
condition_recombine_pseudolabel__mult_0.5__sim_0.7__teacher_rf__seed_3,condition_recombine_pseudolabel,0.5,0.7,random_forest,3,31,15,1.4838709677419355,False,1.0,1.0,1.0,reaction_role_concat,6144,random_forest,False,valid,rmse,21.95660924956516,0,0.01,random,,
condition_recombine_pseudolabel__mult_0.5__sim_0.7__teacher_rf__seed_3,condition_recombine_pseudolabel,0.5,0.7,random_forest,3,31,15,1.4838709677419355,False,1.0,1.0,1.0,reaction_role_concat,6144,random_forest,False,valid,mae,16.89703497273862,0,0.01,random,,
condition_recombine_pseudolabel__mult_0.5__sim_0.7__teacher_rf__seed_3,condition_recombine_pseudolabel,0.5,0.7,random_forest,3,31,15,1.4838709677419355,False,1.0,1.0,1.0,reaction_role_concat,6144,random_forest,False,valid,r2,0.38045187578647477,0,0.01,random,,
condition_recombine_pseudolabel__mult_0.5__sim_0.7__teacher_rf__seed_3,condition_recombine_pseudolabel,0.5,0.7,random_forest,3,31,15,1.4838709677419355,False,1.0,1.0,1.0,reaction_role_concat,6144,random_forest,False,valid,spearman,0.6457419856435659,0,0.01,random,,
condition_recombine_pseudolabel__mult_0.5__sim_0.7__teacher_rf__seed_4,condition_recombine_pseudolabel,0.5,0.7,random_forest,4,31,15,1.4838709677419355,False,1.0,1.0,1.0,reaction_role_concat,6144,random_forest,False,valid,rmse,21.19468821170008,0,0.01,random,,
condition_recombine_pseudolabel__mult_0.5__sim_0.7__teacher_rf__seed_4,condition_recombine_pseudolabel,0.5,0.7,random_forest,4,31,15,1.4838709677419355,False,1.0,1.0,1.0,reaction_role_concat,6144,random_forest,False,valid,mae,16.68417995483815,0,0.01,random,,
condition_recombine_pseudolabel__mult_0.5__sim_0.7__teacher_rf__seed_4,condition_recombine_pseudolabel,0.5,0.7,random_forest,4,31,15,1.4838709677419355,False,1.0,1.0,1.0,reaction_role_concat,6144,random_forest,False,valid,r2,0.4227039782351979,0,0.01,random,,
condition_recombine_pseudolabel__mult_0.5__sim_0.7__teacher_rf__seed_4,condition_recombine_pseudolabel,0.5,0.7,random_forest,4,31,15,1.4838709677419355,False,1.0,1.0,1.0,reaction_role_concat,6144,random_forest,False,valid,spearman,0.6355275941272419,0,0.01,random,,
condition_recombine_pseudolabel__mult_0.5__sim_0.8__teacher_ridge__seed_0,condition_recombine_pseudolabel,0.5,0.8,ridge,0,31,8,1.2580645161290323,False,1.0,1.0,1.0,reaction_role_concat,6144,random_forest,False,valid,rmse,20.252133988850332,0,0.01,random,,
condition_recombine_pseudolabel__mult_0.5__sim_0.8__teacher_ridge__seed_0,condition_recombine_pseudolabel,0.5,0.8,ridge,0,31,8,1.2580645161290323,False,1.0,1.0,1.0,reaction_role_concat,6144,random_forest,False,valid,mae,15.783511097992521,0,0.01,random,,
condition_recombine_pseudolabel__mult_0.5__sim_0.8__teacher_ridge__seed_0,condition_recombine_pseudolabel,0.5,0.8,ridge,0,31,8,1.2580645161290323,False,1.0,1.0,1.0,reaction_role_concat,6144,random_forest,False,valid,r2,0.47290841300520103,0,0.01,random,,
condition_recombine_pseudolabel__mult_0.5__sim_0.8__teacher_ridge__seed_0,condition_recombine_pseudolabel,0.5,0.8,ridge,0,31,8,1.2580645161290323,False,1.0,1.0,1.0,reaction_role_concat,6144,random_forest,False,valid,spearman,0.6805146163969104,0,0.01,random,,
condition_recombine_pseudolabel__mult_0.5__sim_0.8__teacher_ridge__seed_1,condition_recombine_pseudolabel,0.5,0.8,ridge,1,31,9,1.2903225806451613,False,1.0,1.0,1.0,reaction_role_concat,6144,random_forest,False,valid,rmse,22.21891840901512,0,0.01,random,,
condition_recombine_pseudolabel__mult_0.5__sim_0.8__teacher_ridge__seed_1,condition_recombine_pseudolabel,0.5,0.8,ridge,1,31,9,1.2903225806451613,False,1.0,1.0,1.0,reaction_role_concat,6144,random_forest,False,valid,mae,16.667894750341585,0,0.01,random,,
condition_recombine_pseudolabel__mult_0.5__sim_0.8__teacher_ridge__seed_1,condition_recombine_pseudolabel,0.5,0.8,ridge,1,31,9,1.2903225806451613,False,1.0,1.0,1.0,reaction_role_concat,6144,random_forest,False,valid,r2,0.36556033272022403,0,0.01,random,,
condition_recombine_pseudolabel__mult_0.5__sim_0.8__teacher_ridge__seed_1,condition_recombine_pseudolabel,0.5,0.8,ridge,1,31,9,1.2903225806451613,False,1.0,1.0,1.0,reaction_role_concat,6144,random_forest,False,valid,spearman,0.6751758264019624,0,0.01,random,,
condition_recombine_pseudolabel__mult_0.5__sim_0.8__teacher_ridge__seed_2,condition_recombine_pseudolabel,0.5,0.8,ridge,2,31,10,1.3225806451612903,False,1.0,1.0,1.0,reaction_role_concat,6144,random_forest,False,valid,rmse,21.113305983923663,0,0.01,random,,
condition_recombine_pseudolabel__mult_0.5__sim_0.8__teacher_ridge__seed_2,condition_recombine_pseudolabel,0.5,0.8,ridge,2,31,10,1.3225806451612903,False,1.0,1.0,1.0,reaction_role_concat,6144,random_forest,False,valid,mae,16.071655583171903,0,0.01,random,,
condition_recombine_pseudolabel__mult_0.5__sim_0.8__teacher_ridge__seed_2,condition_recombine_pseudolabel,0.5,0.8,ridge,2,31,10,1.3225806451612903,False,1.0,1.0,1.0,reaction_role_concat,6144,random_forest,False,valid,r2,0.42712880742681403,0,0.01,random,,
condition_recombine_pseudolabel__mult_0.5__sim_0.8__teacher_ridge__seed_2,condition_recombine_pseudolabel,0.5,0.8,ridge,2,31,10,1.3225806451612903,False,1.0,1.0,1.0,reaction_role_concat,6144,random_forest,False,valid,spearman,0.6713071267105657,0,0.01,random,,
condition_recombine_pseudolabel__mult_0.5__sim_0.8__teacher_ridge__seed_3,condition_recombine_pseudolabel,0.5,0.8,ridge,3,31,9,1.2903225806451613,False,1.0,1.0,1.0,reaction_role_concat,6144,random_forest,False,valid,rmse,20.97806315393687,0,0.01,random,,
condition_recombine_pseudolabel__mult_0.5__sim_0.8__teacher_ridge__seed_3,condition_recombine_pseudolabel,0.5,0.8,ridge,3,31,9,1.2903225806451613,False,1.0,1.0,1.0,reaction_role_concat,6144,random_forest,False,valid,mae,16.699658237507073,0,0.01,random,,
condition_recombine_pseudolabel__mult_0.5__sim_0.8__teacher_ridge__seed_3,condition_recombine_pseudolabel,0.5,0.8,ridge,3,31,9,1.2903225806451613,False,1.0,1.0,1.0,reaction_role_concat,6144,random_forest,False,valid,r2,0.43444443861692583,0,0.01,random,,
condition_recombine_pseudolabel__mult_0.5__sim_0.8__teacher_ridge__seed_3,condition_recombine_pseudolabel,0.5,0.8,ridge,3,31,9,1.2903225806451613,False,1.0,1.0,1.0,reaction_role_concat,6144,random_forest,False,valid,spearman,0.6695539821937128,0,0.01,random,,
condition_recombine_pseudolabel__mult_0.5__sim_0.8__teacher_ridge__seed_4,condition_recombine_pseudolabel,0.5,0.8,ridge,4,31,8,1.2580645161290323,False,1.0,1.0,1.0,reaction_role_concat,6144,random_forest,False,valid,rmse,21.26109428766278,0,0.01,random,,
condition_recombine_pseudolabel__mult_0.5__sim_0.8__teacher_ridge__seed_4,condition_recombine_pseudolabel,0.5,0.8,ridge,4,31,8,1.2580645161290323,False,1.0,1.0,1.0,reaction_role_concat,6144,random_forest,False,valid,mae,16.210499742919886,0,0.01,random,,
condition_recombine_pseudolabel__mult_0.5__sim_0.8__teacher_ridge__seed_4,condition_recombine_pseudolabel,0.5,0.8,ridge,4,31,8,1.2580645161290323,False,1.0,1.0,1.0,reaction_role_concat,6144,random_forest,False,valid,r2,0.4190808044288923,0,0.01,random,,
condition_recombine_pseudolabel__mult_0.5__sim_0.8__teacher_ridge__seed_4,condition_recombine_pseudolabel,0.5,0.8,ridge,4,31,8,1.2580645161290323,False,1.0,1.0,1.0,reaction_role_concat,6144,random_forest,False,valid,spearman,0.6881014819600395,0,0.01,random,,
condition_recombine_pseudolabel__mult_0.5__sim_0.8__teacher_rf__seed_0,condition_recombine_pseudolabel,0.5,0.8,random_forest,0,31,8,1.2580645161290323,False,1.0,1.0,1.0,reaction_role_concat,6144,random_forest,False,valid,rmse,20.253858758203638,0,0.01,random,,
condition_recombine_pseudolabel__mult_0.5__sim_0.8__teacher_rf__seed_0,condition_recombine_pseudolabel,0.5,0.8,random_forest,0,31,8,1.2580645161290323,False,1.0,1.0,1.0,reaction_role_concat,6144,random_forest,False,valid,mae,15.903452991247178,0,0.01,random,,
condition_recombine_pseudolabel__mult_0.5__sim_0.8__teacher_rf__seed_0,condition_recombine_pseudolabel,0.5,0.8,random_forest,0,31,8,1.2580645161290323,False,1.0,1.0,1.0,reaction_role_concat,6144,random_forest,False,valid,r2,0.4728186298615292,0,0.01,random,,
condition_recombine_pseudolabel__mult_0.5__sim_0.8__teacher_rf__seed_0,condition_recombine_pseudolabel,0.5,0.8,random_forest,0,31,8,1.2580645161290323,False,1.0,1.0,1.0,reaction_role_concat,6144,random_forest,False,valid,spearman,0.6887722629973402,0,0.01,random,,
condition_recombine_pseudolabel__mult_0.5__sim_0.8__teacher_rf__seed_1,condition_recombine_pseudolabel,0.5,0.8,random_forest,1,31,9,1.2903225806451613,False,1.0,1.0,1.0,reaction_role_concat,6144,random_forest,False,valid,rmse,21.83991369690214,0,0.01,random,,
condition_recombine_pseudolabel__mult_0.5__sim_0.8__teacher_rf__seed_1,condition_recombine_pseudolabel,0.5,0.8,random_forest,1,31,9,1.2903225806451613,False,1.0,1.0,1.0,reaction_role_concat,6144,random_forest,False,valid,mae,16.86892294879201,0,0.01,random,,
condition_recombine_pseudolabel__mult_0.5__sim_0.8__teacher_rf__seed_1,condition_recombine_pseudolabel,0.5,0.8,random_forest,1,31,9,1.2903225806451613,False,1.0,1.0,1.0,reaction_role_concat,6144,random_forest,False,valid,r2,0.3870199558522811,0,0.01,random,,
condition_recombine_pseudolabel__mult_0.5__sim_0.8__teacher_rf__seed_1,condition_recombine_pseudolabel,0.5,0.8,random_forest,1,31,9,1.2903225806451613,False,1.0,1.0,1.0,reaction_role_concat,6144,random_forest,False,valid,spearman,0.6351013088345577,0,0.01,random,,
condition_recombine_pseudolabel__mult_0.5__sim_0.8__teacher_rf__seed_2,condition_recombine_pseudolabel,0.5,0.8,random_forest,2,31,10,1.3225806451612903,False,1.0,1.0,1.0,reaction_role_concat,6144,random_forest,False,valid,rmse,21.677791247383368,0,0.01,random,,
condition_recombine_pseudolabel__mult_0.5__sim_0.8__teacher_rf__seed_2,condition_recombine_pseudolabel,0.5,0.8,random_forest,2,31,10,1.3225806451612903,False,1.0,1.0,1.0,reaction_role_concat,6144,random_forest,False,valid,mae,16.749714889484114,0,0.01,random,,
condition_recombine_pseudolabel__mult_0.5__sim_0.8__teacher_rf__seed_2,condition_recombine_pseudolabel,0.5,0.8,random_forest,2,31,10,1.3225806451612903,False,1.0,1.0,1.0,reaction_role_concat,6144,random_forest,False,valid,r2,0.39608674759720053,0,0.01,random,,
condition_recombine_pseudolabel__mult_0.5__sim_0.8__teacher_rf__seed_2,condition_recombine_pseudolabel,0.5,0.8,random_forest,2,31,10,1.3225806451612903,False,1.0,1.0,1.0,reaction_role_concat,6144,random_forest,False,valid,spearman,0.6562052545486748,0,0.01,random,,
condition_recombine_pseudolabel__mult_0.5__sim_0.8__teacher_rf__seed_3,condition_recombine_pseudolabel,0.5,0.8,random_forest,3,31,9,1.2903225806451613,False,1.0,1.0,1.0,reaction_role_concat,6144,random_forest,False,valid,rmse,21.46821579930373,0,0.01,random,,
condition_recombine_pseudolabel__mult_0.5__sim_0.8__teacher_rf__seed_3,condition_recombine_pseudolabel,0.5,0.8,random_forest,3,31,9,1.2903225806451613,False,1.0,1.0,1.0,reaction_role_concat,6144,random_forest,False,valid,mae,16.896241671077814,0,0.01,random,,
condition_recombine_pseudolabel__mult_0.5__sim_0.8__teacher_rf__seed_3,condition_recombine_pseudolabel,0.5,0.8,random_forest,3,31,9,1.2903225806451613,False,1.0,1.0,1.0,reaction_role_concat,6144,random_forest,False,valid,r2,0.40770726629420184,0,0.01,random,,
condition_recombine_pseudolabel__mult_0.5__sim_0.8__teacher_rf__seed_3,condition_recombine_pseudolabel,0.5,0.8,random_forest,3,31,9,1.2903225806451613,False,1.0,1.0,1.0,reaction_role_concat,6144,random_forest,False,valid,spearman,0.6342817466352602,0,0.01,random,,
condition_recombine_pseudolabel__mult_0.5__sim_0.8__teacher_rf__seed_4,condition_recombine_pseudolabel,0.5,0.8,random_forest,4,31,8,1.2580645161290323,False,1.0,1.0,1.0,reaction_role_concat,6144,random_forest,False,valid,rmse,21.552423728430497,0,0.01,random,,
condition_recombine_pseudolabel__mult_0.5__sim_0.8__teacher_rf__seed_4,condition_recombine_pseudolabel,0.5,0.8,random_forest,4,31,8,1.2580645161290323,False,1.0,1.0,1.0,reaction_role_concat,6144,random_forest,False,valid,mae,16.643208561467222,0,0.01,random,,
condition_recombine_pseudolabel__mult_0.5__sim_0.8__teacher_rf__seed_4,condition_recombine_pseudolabel,0.5,0.8,random_forest,4,31,8,1.2580645161290323,False,1.0,1.0,1.0,reaction_role_concat,6144,random_forest,False,valid,r2,0.4030516803358176,0,0.01,random,,
condition_recombine_pseudolabel__mult_0.5__sim_0.8__teacher_rf__seed_4,condition_recombine_pseudolabel,0.5,0.8,random_forest,4,31,8,1.2580645161290323,False,1.0,1.0,1.0,reaction_role_concat,6144,random_forest,False,valid,spearman,0.6372690542596448,0,0.01,random,,
condition_recombine_pseudolabel__mult_0.5__sim_0.9__teacher_ridge__seed_0,condition_recombine_pseudolabel,0.5,0.9,ridge,0,31,3,1.096774193548387,False,1.0,1.0,1.0,reaction_role_concat,6144,random_forest,False,valid,rmse,20.767282319464105,0,0.01,random,,
condition_recombine_pseudolabel__mult_0.5__sim_0.9__teacher_ridge__seed_0,condition_recombine_pseudolabel,0.5,0.9,ridge,0,31,3,1.096774193548387,False,1.0,1.0,1.0,reaction_role_concat,6144,random_forest,False,valid,mae,16.185427008852173,0,0.01,random,,
condition_recombine_pseudolabel__mult_0.5__sim_0.9__teacher_ridge__seed_0,condition_recombine_pseudolabel,0.5,0.9,ridge,0,31,3,1.096774193548387,False,1.0,1.0,1.0,reaction_role_concat,6144,random_forest,False,valid,r2,0.4457523834063011,0,0.01,random,,
condition_recombine_pseudolabel__mult_0.5__sim_0.9__teacher_ridge__seed_0,condition_recombine_pseudolabel,0.5,0.9,ridge,0,31,3,1.096774193548387,False,1.0,1.0,1.0,reaction_role_concat,6144,random_forest,False,valid,spearman,0.6560161622603258,0,0.01,random,,
condition_recombine_pseudolabel__mult_0.5__sim_0.9__teacher_ridge__seed_1,condition_recombine_pseudolabel,0.5,0.9,ridge,1,31,3,1.096774193548387,False,1.0,1.0,1.0,reaction_role_concat,6144,random_forest,False,valid,rmse,22.01854979627246,0,0.01,random,,
condition_recombine_pseudolabel__mult_0.5__sim_0.9__teacher_ridge__seed_1,condition_recombine_pseudolabel,0.5,0.9,ridge,1,31,3,1.096774193548387,False,1.0,1.0,1.0,reaction_role_concat,6144,random_forest,False,valid,mae,16.72000924595398,0,0.01,random,,
condition_recombine_pseudolabel__mult_0.5__sim_0.9__teacher_ridge__seed_1,condition_recombine_pseudolabel,0.5,0.9,ridge,1,31,3,1.096774193548387,False,1.0,1.0,1.0,reaction_role_concat,6144,random_forest,False,valid,r2,0.3769514010028846,0,0.01,random,,
condition_recombine_pseudolabel__mult_0.5__sim_0.9__teacher_ridge__seed_1,condition_recombine_pseudolabel,0.5,0.9,ridge,1,31,3,1.096774193548387,False,1.0,1.0,1.0,reaction_role_concat,6144,random_forest,False,valid,spearman,0.6477584182900256,0,0.01,random,,
condition_recombine_pseudolabel__mult_0.5__sim_0.9__teacher_ridge__seed_2,condition_recombine_pseudolabel,0.5,0.9,ridge,2,31,3,1.096774193548387,False,1.0,1.0,1.0,reaction_role_concat,6144,random_forest,False,valid,rmse,20.39646012383009,0,0.01,random,,
condition_recombine_pseudolabel__mult_0.5__sim_0.9__teacher_ridge__seed_2,condition_recombine_pseudolabel,0.5,0.9,ridge,2,31,3,1.096774193548387,False,1.0,1.0,1.0,reaction_role_concat,6144,random_forest,False,valid,mae,16.085013698899292,0,0.01,random,,
condition_recombine_pseudolabel__mult_0.5__sim_0.9__teacher_ridge__seed_2,condition_recombine_pseudolabel,0.5,0.9,ridge,2,31,3,1.096774193548387,False,1.0,1.0,1.0,reaction_role_concat,6144,random_forest,False,valid,r2,0.4653690438003567,0,0.01,random,,
condition_recombine_pseudolabel__mult_0.5__sim_0.9__teacher_ridge__seed_2,condition_recombine_pseudolabel,0.5,0.9,ridge,2,31,3,1.096774193548387,False,1.0,1.0,1.0,reaction_role_concat,6144,random_forest,False,valid,spearman,0.6826505218743714,0,0.01,random,,
condition_recombine_pseudolabel__mult_0.5__sim_0.9__teacher_ridge__seed_3,condition_recombine_pseudolabel,0.5,0.9,ridge,3,31,3,1.096774193548387,False,1.0,1.0,1.0,reaction_role_concat,6144,random_forest,False,valid,rmse,20.691091043252847,0,0.01,random,,
condition_recombine_pseudolabel__mult_0.5__sim_0.9__teacher_ridge__seed_3,condition_recombine_pseudolabel,0.5,0.9,ridge,3,31,3,1.096774193548387,False,1.0,1.0,1.0,reaction_role_concat,6144,random_forest,False,valid,mae,16.52081955748721,0,0.01,random,,
condition_recombine_pseudolabel__mult_0.5__sim_0.9__teacher_ridge__seed_3,condition_recombine_pseudolabel,0.5,0.9,ridge,3,31,3,1.096774193548387,False,1.0,1.0,1.0,reaction_role_concat,6144,random_forest,False,valid,r2,0.4498117848965718,0,0.01,random,,
condition_recombine_pseudolabel__mult_0.5__sim_0.9__teacher_ridge__seed_3,condition_recombine_pseudolabel,0.5,0.9,ridge,3,31,3,1.096774193548387,False,1.0,1.0,1.0,reaction_role_concat,6144,random_forest,False,valid,spearman,0.6786586492968976,0,0.01,random,,
condition_recombine_pseudolabel__mult_0.5__sim_0.9__teacher_ridge__seed_4,condition_recombine_pseudolabel,0.5,0.9,ridge,4,31,4,1.1290322580645162,False,1.0,1.0,1.0,reaction_role_concat,6144,random_forest,False,valid,rmse,21.061293927201323,0,0.01,random,,
condition_recombine_pseudolabel__mult_0.5__sim_0.9__teacher_ridge__seed_4,condition_recombine_pseudolabel,0.5,0.9,ridge,4,31,4,1.1290322580645162,False,1.0,1.0,1.0,reaction_role_concat,6144,random_forest,False,valid,mae,16.409296978440466,0,0.01,random,,
condition_recombine_pseudolabel__mult_0.5__sim_0.9__teacher_ridge__seed_4,condition_recombine_pseudolabel,0.5,0.9,ridge,4,31,4,1.1290322580645162,False,1.0,1.0,1.0,reaction_role_concat,6144,random_forest,False,valid,r2,0.4299478361387554,0,0.01,random,,
condition_recombine_pseudolabel__mult_0.5__sim_0.9__teacher_ridge__seed_4,condition_recombine_pseudolabel,0.5,0.9,ridge,4,31,4,1.1290322580645162,False,1.0,1.0,1.0,reaction_role_concat,6144,random_forest,False,valid,spearman,0.6373550318552227,0,0.01,random,,
condition_recombine_pseudolabel__mult_0.5__sim_0.9__teacher_rf__seed_0,condition_recombine_pseudolabel,0.5,0.9,random_forest,0,31,3,1.096774193548387,False,1.0,1.0,1.0,reaction_role_concat,6144,random_forest,False,valid,rmse,20.88157196891181,0,0.01,random,,
condition_recombine_pseudolabel__mult_0.5__sim_0.9__teacher_rf__seed_0,condition_recombine_pseudolabel,0.5,0.9,random_forest,0,31,3,1.096774193548387,False,1.0,1.0,1.0,reaction_role_concat,6144,random_forest,False,valid,mae,16.30270761772198,0,0.01,random,,
condition_recombine_pseudolabel__mult_0.5__sim_0.9__teacher_rf__seed_0,condition_recombine_pseudolabel,0.5,0.9,random_forest,0,31,3,1.096774193548387,False,1.0,1.0,1.0,reaction_role_concat,6144,random_forest,False,valid,r2,0.4396351583328265,0,0.01,random,,
condition_recombine_pseudolabel__mult_0.5__sim_0.9__teacher_rf__seed_0,condition_recombine_pseudolabel,0.5,0.9,random_forest,0,31,3,1.096774193548387,False,1.0,1.0,1.0,reaction_role_concat,6144,random_forest,False,valid,spearman,0.6551491809341354,0,0.01,random,,
condition_recombine_pseudolabel__mult_0.5__sim_0.9__teacher_rf__seed_1,condition_recombine_pseudolabel,0.5,0.9,random_forest,1,31,3,1.096774193548387,False,1.0,1.0,1.0,reaction_role_concat,6144,random_forest,False,valid,rmse,21.289670185993433,0,0.01,random,,
condition_recombine_pseudolabel__mult_0.5__sim_0.9__teacher_rf__seed_1,condition_recombine_pseudolabel,0.5,0.9,random_forest,1,31,3,1.096774193548387,False,1.0,1.0,1.0,reaction_role_concat,6144,random_forest,False,valid,mae,16.51184359593482,0,0.01,random,,
condition_recombine_pseudolabel__mult_0.5__sim_0.9__teacher_rf__seed_1,condition_recombine_pseudolabel,0.5,0.9,random_forest,1,31,3,1.096774193548387,False,1.0,1.0,1.0,reaction_role_concat,6144,random_forest,False,valid,r2,0.41751819025436177,0,0.01,random,,
condition_recombine_pseudolabel__mult_0.5__sim_0.9__teacher_rf__seed_1,condition_recombine_pseudolabel,0.5,0.9,random_forest,1,31,3,1.096774193548387,False,1.0,1.0,1.0,reaction_role_concat,6144,random_forest,False,valid,spearman,0.6510927521325753,0,0.01,random,,
condition_recombine_pseudolabel__mult_0.5__sim_0.9__teacher_rf__seed_2,condition_recombine_pseudolabel,0.5,0.9,random_forest,2,31,3,1.096774193548387,False,1.0,1.0,1.0,reaction_role_concat,6144,random_forest,False,valid,rmse,21.6608943627634,0,0.01,random,,
condition_recombine_pseudolabel__mult_0.5__sim_0.9__teacher_rf__seed_2,condition_recombine_pseudolabel,0.5,0.9,random_forest,2,31,3,1.096774193548387,False,1.0,1.0,1.0,reaction_role_concat,6144,random_forest,False,valid,mae,17.112633771817897,0,0.01,random,,
condition_recombine_pseudolabel__mult_0.5__sim_0.9__teacher_rf__seed_2,condition_recombine_pseudolabel,0.5,0.9,random_forest,2,31,3,1.096774193548387,False,1.0,1.0,1.0,reaction_role_concat,6144,random_forest,False,valid,r2,0.39702782831404493,0,0.01,random,,
condition_recombine_pseudolabel__mult_0.5__sim_0.9__teacher_rf__seed_2,condition_recombine_pseudolabel,0.5,0.9,random_forest,2,31,3,1.096774193548387,False,1.0,1.0,1.0,reaction_role_concat,6144,random_forest,False,valid,spearman,0.6249866240655404,0,0.01,random,,
condition_recombine_pseudolabel__mult_0.5__sim_0.9__teacher_rf__seed_3,condition_recombine_pseudolabel,0.5,0.9,random_forest,3,31,3,1.096774193548387,False,1.0,1.0,1.0,reaction_role_concat,6144,random_forest,False,valid,rmse,21.470820294564618,0,0.01,random,,
condition_recombine_pseudolabel__mult_0.5__sim_0.9__teacher_rf__seed_3,condition_recombine_pseudolabel,0.5,0.9,random_forest,3,31,3,1.096774193548387,False,1.0,1.0,1.0,reaction_role_concat,6144,random_forest,False,valid,mae,16.89498116586782,0,0.01,random,,
condition_recombine_pseudolabel__mult_0.5__sim_0.9__teacher_rf__seed_3,condition_recombine_pseudolabel,0.5,0.9,random_forest,3,31,3,1.096774193548387,False,1.0,1.0,1.0,reaction_role_concat,6144,random_forest,False,valid,r2,0.4075635452503169,0,0.01,random,,
condition_recombine_pseudolabel__mult_0.5__sim_0.9__teacher_rf__seed_3,condition_recombine_pseudolabel,0.5,0.9,random_forest,3,31,3,1.096774193548387,False,1.0,1.0,1.0,reaction_role_concat,6144,random_forest,False,valid,spearman,0.6366831797493475,0,0.01,random,,
condition_recombine_pseudolabel__mult_0.5__sim_0.9__teacher_rf__seed_4,condition_recombine_pseudolabel,0.5,0.9,random_forest,4,31,4,1.1290322580645162,False,1.0,1.0,1.0,reaction_role_concat,6144,random_forest,False,valid,rmse,21.486197134279262,0,0.01,random,,
condition_recombine_pseudolabel__mult_0.5__sim_0.9__teacher_rf__seed_4,condition_recombine_pseudolabel,0.5,0.9,random_forest,4,31,4,1.1290322580645162,False,1.0,1.0,1.0,reaction_role_concat,6144,random_forest,False,valid,mae,16.841262489432022,0,0.01,random,,
condition_recombine_pseudolabel__mult_0.5__sim_0.9__teacher_rf__seed_4,condition_recombine_pseudolabel,0.5,0.9,random_forest,4,31,4,1.1290322580645162,False,1.0,1.0,1.0,reaction_role_concat,6144,random_forest,False,valid,r2,0.406714666410932,0,0.01,random,,
condition_recombine_pseudolabel__mult_0.5__sim_0.9__teacher_rf__seed_4,condition_recombine_pseudolabel,0.5,0.9,random_forest,4,31,4,1.1290322580645162,False,1.0,1.0,1.0,reaction_role_concat,6144,random_forest,False,valid,spearman,0.6350169865267767,0,0.01,random,,
condition_recombine_pseudolabel__mult_1__sim_0.7__teacher_ridge__seed_0,condition_recombine_pseudolabel,1.0,0.7,ridge,0,31,31,2.0,False,1.0,1.0,1.0,reaction_role_concat,6144,random_forest,True,valid,rmse,18.4582217273802,0,0.01,random,,
condition_recombine_pseudolabel__mult_1__sim_0.7__teacher_ridge__seed_0,condition_recombine_pseudolabel,1.0,0.7,ridge,0,31,31,2.0,False,1.0,1.0,1.0,reaction_role_concat,6144,random_forest,True,valid,mae,14.21344332827194,0,0.01,random,,
condition_recombine_pseudolabel__mult_1__sim_0.7__teacher_ridge__seed_0,condition_recombine_pseudolabel,1.0,0.7,ridge,0,31,31,2.0,False,1.0,1.0,1.0,reaction_role_concat,6144,random_forest,True,valid,r2,0.562151145799609,0,0.01,random,,
condition_recombine_pseudolabel__mult_1__sim_0.7__teacher_ridge__seed_0,condition_recombine_pseudolabel,1.0,0.7,ridge,0,31,31,2.0,False,1.0,1.0,1.0,reaction_role_concat,6144,random_forest,True,valid,spearman,0.7667918190661362,0,0.01,random,,
condition_recombine_pseudolabel__mult_1__sim_0.7__teacher_ridge__seed_1,condition_recombine_pseudolabel,1.0,0.7,ridge,1,31,31,2.0,False,1.0,1.0,1.0,reaction_role_concat,6144,random_forest,False,valid,rmse,21.794295007744026,0,0.01,random,,
condition_recombine_pseudolabel__mult_1__sim_0.7__teacher_ridge__seed_1,condition_recombine_pseudolabel,1.0,0.7,ridge,1,31,31,2.0,False,1.0,1.0,1.0,reaction_role_concat,6144,random_forest,False,valid,mae,16.40064978848228,0,0.01,random,,
condition_recombine_pseudolabel__mult_1__sim_0.7__teacher_ridge__seed_1,condition_recombine_pseudolabel,1.0,0.7,ridge,1,31,31,2.0,False,1.0,1.0,1.0,reaction_role_concat,6144,random_forest,False,valid,r2,0.38957803752766307,0,0.01,random,,
condition_recombine_pseudolabel__mult_1__sim_0.7__teacher_ridge__seed_1,condition_recombine_pseudolabel,1.0,0.7,ridge,1,31,31,2.0,False,1.0,1.0,1.0,reaction_role_concat,6144,random_forest,False,valid,spearman,0.6649377740071272,0,0.01,random,,
condition_recombine_pseudolabel__mult_1__sim_0.7__teacher_ridge__seed_2,condition_recombine_pseudolabel,1.0,0.7,ridge,2,31,31,2.0,False,1.0,1.0,1.0,reaction_role_concat,6144,random_forest,False,valid,rmse,22.101354464744166,0,0.01,random,,
condition_recombine_pseudolabel__mult_1__sim_0.7__teacher_ridge__seed_2,condition_recombine_pseudolabel,1.0,0.7,ridge,2,31,31,2.0,False,1.0,1.0,1.0,reaction_role_concat,6144,random_forest,False,valid,mae,16.492518109905568,0,0.01,random,,
condition_recombine_pseudolabel__mult_1__sim_0.7__teacher_ridge__seed_2,condition_recombine_pseudolabel,1.0,0.7,ridge,2,31,31,2.0,False,1.0,1.0,1.0,reaction_role_concat,6144,random_forest,False,valid,r2,0.37225641951261645,0,0.01,random,,
condition_recombine_pseudolabel__mult_1__sim_0.7__teacher_ridge__seed_2,condition_recombine_pseudolabel,1.0,0.7,ridge,2,31,31,2.0,False,1.0,1.0,1.0,reaction_role_concat,6144,random_forest,False,valid,spearman,0.6453497798055274,0,0.01,random,,
condition_recombine_pseudolabel__mult_1__sim_0.7__teacher_ridge__seed_3,condition_recombine_pseudolabel,1.0,0.7,ridge,3,31,31,2.0,False,1.0,1.0,1.0,reaction_role_concat,6144,random_forest,False,valid,rmse,22.19136779429055,0,0.01,random,,
condition_recombine_pseudolabel__mult_1__sim_0.7__teacher_ridge__seed_3,condition_recombine_pseudolabel,1.0,0.7,ridge,3,31,31,2.0,False,1.0,1.0,1.0,reaction_role_concat,6144,random_forest,False,valid,mae,16.772886018395425,0,0.01,random,,
condition_recombine_pseudolabel__mult_1__sim_0.7__teacher_ridge__seed_3,condition_recombine_pseudolabel,1.0,0.7,ridge,3,31,31,2.0,False,1.0,1.0,1.0,reaction_role_concat,6144,random_forest,False,valid,r2,0.3671327194353561,0,0.01,random,,
condition_recombine_pseudolabel__mult_1__sim_0.7__teacher_ridge__seed_3,condition_recombine_pseudolabel,1.0,0.7,ridge,3,31,31,2.0,False,1.0,1.0,1.0,reaction_role_concat,6144,random_forest,False,valid,spearman,0.6660352298165937,0,0.01,random,,
condition_recombine_pseudolabel__mult_1__sim_0.7__teacher_ridge__seed_4,condition_recombine_pseudolabel,1.0,0.7,ridge,4,31,31,2.0,False,1.0,1.0,1.0,reaction_role_concat,6144,random_forest,False,valid,rmse,20.030815855414094,0,0.01,random,,
condition_recombine_pseudolabel__mult_1__sim_0.7__teacher_ridge__seed_4,condition_recombine_pseudolabel,1.0,0.7,ridge,4,31,31,2.0,False,1.0,1.0,1.0,reaction_role_concat,6144,random_forest,False,valid,mae,15.622333745888518,0,0.01,random,,
condition_recombine_pseudolabel__mult_1__sim_0.7__teacher_ridge__seed_4,condition_recombine_pseudolabel,1.0,0.7,ridge,4,31,31,2.0,False,1.0,1.0,1.0,reaction_role_concat,6144,random_forest,False,valid,r2,0.4843657256645605,0,0.01,random,,
condition_recombine_pseudolabel__mult_1__sim_0.7__teacher_ridge__seed_4,condition_recombine_pseudolabel,1.0,0.7,ridge,4,31,31,2.0,False,1.0,1.0,1.0,reaction_role_concat,6144,random_forest,False,valid,spearman,0.7026726883281591,0,0.01,random,,
condition_recombine_pseudolabel__mult_1__sim_0.7__teacher_rf__seed_0,condition_recombine_pseudolabel,1.0,0.7,random_forest,0,31,31,2.0,False,1.0,1.0,1.0,reaction_role_concat,6144,random_forest,False,valid,rmse,21.13189809865976,0,0.01,random,,
condition_recombine_pseudolabel__mult_1__sim_0.7__teacher_rf__seed_0,condition_recombine_pseudolabel,1.0,0.7,random_forest,0,31,31,2.0,False,1.0,1.0,1.0,reaction_role_concat,6144,random_forest,False,valid,mae,16.48874803537206,0,0.01,random,,
condition_recombine_pseudolabel__mult_1__sim_0.7__teacher_rf__seed_0,condition_recombine_pseudolabel,1.0,0.7,random_forest,0,31,31,2.0,False,1.0,1.0,1.0,reaction_role_concat,6144,random_forest,False,valid,r2,0.4261194367040342,0,0.01,random,,
condition_recombine_pseudolabel__mult_1__sim_0.7__teacher_rf__seed_0,condition_recombine_pseudolabel,1.0,0.7,random_forest,0,31,31,2.0,False,1.0,1.0,1.0,reaction_role_concat,6144,random_forest,False,valid,spearman,0.6500564446017303,0,0.01,random,,
condition_recombine_pseudolabel__mult_1__sim_0.7__teacher_rf__seed_1,condition_recombine_pseudolabel,1.0,0.7,random_forest,1,31,31,2.0,False,1.0,1.0,1.0,reaction_role_concat,6144,random_forest,False,valid,rmse,21.778443814816544,0,0.01,random,,
condition_recombine_pseudolabel__mult_1__sim_0.7__teacher_rf__seed_1,condition_recombine_pseudolabel,1.0,0.7,random_forest,1,31,31,2.0,False,1.0,1.0,1.0,reaction_role_concat,6144,random_forest,False,valid,mae,16.38819222523442,0,0.01,random,,
condition_recombine_pseudolabel__mult_1__sim_0.7__teacher_rf__seed_1,condition_recombine_pseudolabel,1.0,0.7,random_forest,1,31,31,2.0,False,1.0,1.0,1.0,reaction_role_concat,6144,random_forest,False,valid,r2,0.39046564573880704,0,0.01,random,,
condition_recombine_pseudolabel__mult_1__sim_0.7__teacher_rf__seed_1,condition_recombine_pseudolabel,1.0,0.7,random_forest,1,31,31,2.0,False,1.0,1.0,1.0,reaction_role_concat,6144,random_forest,False,valid,spearman,0.6845187575780568,0,0.01,random,,
condition_recombine_pseudolabel__mult_1__sim_0.7__teacher_rf__seed_2,condition_recombine_pseudolabel,1.0,0.7,random_forest,2,31,31,2.0,False,1.0,1.0,1.0,reaction_role_concat,6144,random_forest,False,valid,rmse,21.51161996356594,0,0.01,random,,
condition_recombine_pseudolabel__mult_1__sim_0.7__teacher_rf__seed_2,condition_recombine_pseudolabel,1.0,0.7,random_forest,2,31,31,2.0,False,1.0,1.0,1.0,reaction_role_concat,6144,random_forest,False,valid,mae,16.70945712431171,0,0.01,random,,
condition_recombine_pseudolabel__mult_1__sim_0.7__teacher_rf__seed_2,condition_recombine_pseudolabel,1.0,0.7,random_forest,2,31,31,2.0,False,1.0,1.0,1.0,reaction_role_concat,6144,random_forest,False,valid,r2,0.4053098654697155,0,0.01,random,,
condition_recombine_pseudolabel__mult_1__sim_0.7__teacher_rf__seed_2,condition_recombine_pseudolabel,1.0,0.7,random_forest,2,31,31,2.0,False,1.0,1.0,1.0,reaction_role_concat,6144,random_forest,False,valid,spearman,0.6613204833211463,0,0.01,random,,
condition_recombine_pseudolabel__mult_1__sim_0.7__teacher_rf__seed_3,condition_recombine_pseudolabel,1.0,0.7,random_forest,3,31,31,2.0,False,1.0,1.0,1.0,reaction_role_concat,6144,random_forest,False,valid,rmse,22.169609041576756,0,0.01,random,,
condition_recombine_pseudolabel__mult_1__sim_0.7__teacher_rf__seed_3,condition_recombine_pseudolabel,1.0,0.7,random_forest,3,31,31,2.0,False,1.0,1.0,1.0,reaction_role_concat,6144,random_forest,False,valid,mae,16.84941863095911,0,0.01,random,,
condition_recombine_pseudolabel__mult_1__sim_0.7__teacher_rf__seed_3,condition_recombine_pseudolabel,1.0,0.7,random_forest,3,31,31,2.0,False,1.0,1.0,1.0,reaction_role_concat,6144,random_forest,False,valid,r2,0.3683731703899765,0,0.01,random,,
condition_recombine_pseudolabel__mult_1__sim_0.7__teacher_rf__seed_3,condition_recombine_pseudolabel,1.0,0.7,random_forest,3,31,31,2.0,False,1.0,1.0,1.0,reaction_role_concat,6144,random_forest,False,valid,spearman,0.66398043344119,0,0.01,random,,
condition_recombine_pseudolabel__mult_1__sim_0.7__teacher_rf__seed_4,condition_recombine_pseudolabel,1.0,0.7,random_forest,4,31,31,2.0,False,1.0,1.0,1.0,reaction_role_concat,6144,random_forest,False,valid,rmse,21.30147865874046,0,0.01,random,,
condition_recombine_pseudolabel__mult_1__sim_0.7__teacher_rf__seed_4,condition_recombine_pseudolabel,1.0,0.7,random_forest,4,31,31,2.0,False,1.0,1.0,1.0,reaction_role_concat,6144,random_forest,False,valid,mae,16.559133389064026,0,0.01,random,,
condition_recombine_pseudolabel__mult_1__sim_0.7__teacher_rf__seed_4,condition_recombine_pseudolabel,1.0,0.7,random_forest,4,31,31,2.0,False,1.0,1.0,1.0,reaction_role_concat,6144,random_forest,False,valid,r2,0.4168718553845563,0,0.01,random,,
condition_recombine_pseudolabel__mult_1__sim_0.7__teacher_rf__seed_4,condition_recombine_pseudolabel,1.0,0.7,random_forest,4,31,31,2.0,False,1.0,1.0,1.0,reaction_role_concat,6144,random_forest,False,valid,spearman,0.654821920799665,0,0.01,random,,
condition_recombine_pseudolabel__mult_1__sim_0.8__teacher_ridge__seed_0,condition_recombine_pseudolabel,1.0,0.8,ridge,0,31,13,1.4193548387096775,False,1.0,1.0,1.0,reaction_role_concat,6144,random_forest,False,valid,rmse,20.342915584688345,0,0.01,random,,
condition_recombine_pseudolabel__mult_1__sim_0.8__teacher_ridge__seed_0,condition_recombine_pseudolabel,1.0,0.8,ridge,0,31,13,1.4193548387096775,False,1.0,1.0,1.0,reaction_role_concat,6144,random_forest,False,valid,mae,15.756247998302497,0,0.01,random,,
condition_recombine_pseudolabel__mult_1__sim_0.8__teacher_ridge__seed_0,condition_recombine_pseudolabel,1.0,0.8,ridge,0,31,13,1.4193548387096775,False,1.0,1.0,1.0,reaction_role_concat,6144,random_forest,False,valid,r2,0.4681723727042645,0,0.01,random,,
condition_recombine_pseudolabel__mult_1__sim_0.8__teacher_ridge__seed_0,condition_recombine_pseudolabel,1.0,0.8,ridge,0,31,13,1.4193548387096775,False,1.0,1.0,1.0,reaction_role_concat,6144,random_forest,False,valid,spearman,0.6697333374950203,0,0.01,random,,
condition_recombine_pseudolabel__mult_1__sim_0.8__teacher_ridge__seed_1,condition_recombine_pseudolabel,1.0,0.8,ridge,1,31,17,1.5483870967741935,False,1.0,1.0,1.0,reaction_role_concat,6144,random_forest,False,valid,rmse,21.09664123266994,0,0.01,random,,
condition_recombine_pseudolabel__mult_1__sim_0.8__teacher_ridge__seed_1,condition_recombine_pseudolabel,1.0,0.8,ridge,1,31,17,1.5483870967741935,False,1.0,1.0,1.0,reaction_role_concat,6144,random_forest,False,valid,mae,15.58421417328225,0,0.01,random,,
condition_recombine_pseudolabel__mult_1__sim_0.8__teacher_ridge__seed_1,condition_recombine_pseudolabel,1.0,0.8,ridge,1,31,17,1.5483870967741935,False,1.0,1.0,1.0,reaction_role_concat,6144,random_forest,False,valid,r2,0.42803278601741834,0,0.01,random,,
condition_recombine_pseudolabel__mult_1__sim_0.8__teacher_ridge__seed_1,condition_recombine_pseudolabel,1.0,0.8,ridge,1,31,17,1.5483870967741935,False,1.0,1.0,1.0,reaction_role_concat,6144,random_forest,False,valid,spearman,0.7003699882626743,0,0.01,random,,
condition_recombine_pseudolabel__mult_1__sim_0.8__teacher_ridge__seed_2,condition_recombine_pseudolabel,1.0,0.8,ridge,2,31,12,1.3870967741935485,False,1.0,1.0,1.0,reaction_role_concat,6144,random_forest,False,valid,rmse,20.01930431062915,0,0.01,random,,
condition_recombine_pseudolabel__mult_1__sim_0.8__teacher_ridge__seed_2,condition_recombine_pseudolabel,1.0,0.8,ridge,2,31,12,1.3870967741935485,False,1.0,1.0,1.0,reaction_role_concat,6144,random_forest,False,valid,mae,15.321284277404411,0,0.01,random,,
condition_recombine_pseudolabel__mult_1__sim_0.8__teacher_ridge__seed_2,condition_recombine_pseudolabel,1.0,0.8,ridge,2,31,12,1.3870967741935485,False,1.0,1.0,1.0,reaction_role_concat,6144,random_forest,False,valid,r2,0.4849582169012674,0,0.01,random,,
condition_recombine_pseudolabel__mult_1__sim_0.8__teacher_ridge__seed_2,condition_recombine_pseudolabel,1.0,0.8,ridge,2,31,12,1.3870967741935485,False,1.0,1.0,1.0,reaction_role_concat,6144,random_forest,False,valid,spearman,0.7091027998307377,0,0.01,random,,
condition_recombine_pseudolabel__mult_1__sim_0.8__teacher_ridge__seed_3,condition_recombine_pseudolabel,1.0,0.8,ridge,3,31,15,1.4838709677419355,False,1.0,1.0,1.0,reaction_role_concat,6144,random_forest,False,valid,rmse,20.668999369634687,0,0.01,random,,
condition_recombine_pseudolabel__mult_1__sim_0.8__teacher_ridge__seed_3,condition_recombine_pseudolabel,1.0,0.8,ridge,3,31,15,1.4838709677419355,False,1.0,1.0,1.0,reaction_role_concat,6144,random_forest,False,valid,mae,16.14110707131066,0,0.01,random,,
condition_recombine_pseudolabel__mult_1__sim_0.8__teacher_ridge__seed_3,condition_recombine_pseudolabel,1.0,0.8,ridge,3,31,15,1.4838709677419355,False,1.0,1.0,1.0,reaction_role_concat,6144,random_forest,False,valid,r2,0.4509860187530188,0,0.01,random,,
condition_recombine_pseudolabel__mult_1__sim_0.8__teacher_ridge__seed_3,condition_recombine_pseudolabel,1.0,0.8,ridge,3,31,15,1.4838709677419355,False,1.0,1.0,1.0,reaction_role_concat,6144,random_forest,False,valid,spearman,0.6799244576123147,0,0.01,random,,
condition_recombine_pseudolabel__mult_1__sim_0.8__teacher_ridge__seed_4,condition_recombine_pseudolabel,1.0,0.8,ridge,4,31,16,1.5161290322580645,False,1.0,1.0,1.0,reaction_role_concat,6144,random_forest,False,valid,rmse,20.42446967789057,0,0.01,random,,
condition_recombine_pseudolabel__mult_1__sim_0.8__teacher_ridge__seed_4,condition_recombine_pseudolabel,1.0,0.8,ridge,4,31,16,1.5161290322580645,False,1.0,1.0,1.0,reaction_role_concat,6144,random_forest,False,valid,mae,15.863883804448044,0,0.01,random,,
condition_recombine_pseudolabel__mult_1__sim_0.8__teacher_ridge__seed_4,condition_recombine_pseudolabel,1.0,0.8,ridge,4,31,16,1.5161290322580645,False,1.0,1.0,1.0,reaction_role_concat,6144,random_forest,False,valid,r2,0.46389966561649043,0,0.01,random,,
condition_recombine_pseudolabel__mult_1__sim_0.8__teacher_ridge__seed_4,condition_recombine_pseudolabel,1.0,0.8,ridge,4,31,16,1.5161290322580645,False,1.0,1.0,1.0,reaction_role_concat,6144,random_forest,False,valid,spearman,0.6754587832453932,0,0.01,random,,
condition_recombine_pseudolabel__mult_1__sim_0.8__teacher_rf__seed_0,condition_recombine_pseudolabel,1.0,0.8,random_forest,0,31,13,1.4193548387096775,False,1.0,1.0,1.0,reaction_role_concat,6144,random_forest,False,valid,rmse,20.830975679073273,0,0.01,random,,
condition_recombine_pseudolabel__mult_1__sim_0.8__teacher_rf__seed_0,condition_recombine_pseudolabel,1.0,0.8,random_forest,0,31,13,1.4193548387096775,False,1.0,1.0,1.0,reaction_role_concat,6144,random_forest,False,valid,mae,16.199334382214126,0,0.01,random,,
condition_recombine_pseudolabel__mult_1__sim_0.8__teacher_rf__seed_0,condition_recombine_pseudolabel,1.0,0.8,random_forest,0,31,13,1.4193548387096775,False,1.0,1.0,1.0,reaction_role_concat,6144,random_forest,False,valid,r2,0.44234740939440065,0,0.01,random,,
condition_recombine_pseudolabel__mult_1__sim_0.8__teacher_rf__seed_0,condition_recombine_pseudolabel,1.0,0.8,random_forest,0,31,13,1.4193548387096775,False,1.0,1.0,1.0,reaction_role_concat,6144,random_forest,False,valid,spearman,0.6517562304295947,0,0.01,random,,
condition_recombine_pseudolabel__mult_1__sim_0.8__teacher_rf__seed_1,condition_recombine_pseudolabel,1.0,0.8,random_forest,1,31,17,1.5483870967741935,False,1.0,1.0,1.0,reaction_role_concat,6144,random_forest,False,valid,rmse,21.087227823853937,0,0.01,random,,
condition_recombine_pseudolabel__mult_1__sim_0.8__teacher_rf__seed_1,condition_recombine_pseudolabel,1.0,0.8,random_forest,1,31,17,1.5483870967741935,False,1.0,1.0,1.0,reaction_role_concat,6144,random_forest,False,valid,mae,16.123700113726567,0,0.01,random,,
condition_recombine_pseudolabel__mult_1__sim_0.8__teacher_rf__seed_1,condition_recombine_pseudolabel,1.0,0.8,random_forest,1,31,17,1.5483870967741935,False,1.0,1.0,1.0,reaction_role_concat,6144,random_forest,False,valid,r2,0.42854310042601707,0,0.01,random,,
condition_recombine_pseudolabel__mult_1__sim_0.8__teacher_rf__seed_1,condition_recombine_pseudolabel,1.0,0.8,random_forest,1,31,17,1.5483870967741935,False,1.0,1.0,1.0,reaction_role_concat,6144,random_forest,False,valid,spearman,0.6771650928545757,0,0.01,random,,
condition_recombine_pseudolabel__mult_1__sim_0.8__teacher_rf__seed_2,condition_recombine_pseudolabel,1.0,0.8,random_forest,2,31,12,1.3870967741935485,False,1.0,1.0,1.0,reaction_role_concat,6144,random_forest,False,valid,rmse,20.944999127320145,0,0.01,random,,
condition_recombine_pseudolabel__mult_1__sim_0.8__teacher_rf__seed_2,condition_recombine_pseudolabel,1.0,0.8,random_forest,2,31,12,1.3870967741935485,False,1.0,1.0,1.0,reaction_role_concat,6144,random_forest,False,valid,mae,16.278304498859598,0,0.01,random,,
condition_recombine_pseudolabel__mult_1__sim_0.8__teacher_rf__seed_2,condition_recombine_pseudolabel,1.0,0.8,random_forest,2,31,12,1.3870967741935485,False,1.0,1.0,1.0,reaction_role_concat,6144,random_forest,False,valid,r2,0.4362258049517038,0,0.01,random,,
condition_recombine_pseudolabel__mult_1__sim_0.8__teacher_rf__seed_2,condition_recombine_pseudolabel,1.0,0.8,random_forest,2,31,12,1.3870967741935485,False,1.0,1.0,1.0,reaction_role_concat,6144,random_forest,False,valid,spearman,0.6699161981116629,0,0.01,random,,
condition_recombine_pseudolabel__mult_1__sim_0.8__teacher_rf__seed_3,condition_recombine_pseudolabel,1.0,0.8,random_forest,3,31,15,1.4838709677419355,False,1.0,1.0,1.0,reaction_role_concat,6144,random_forest,False,valid,rmse,22.021821124159878,0,0.01,random,,
condition_recombine_pseudolabel__mult_1__sim_0.8__teacher_rf__seed_3,condition_recombine_pseudolabel,1.0,0.8,random_forest,3,31,15,1.4838709677419355,False,1.0,1.0,1.0,reaction_role_concat,6144,random_forest,False,valid,mae,17.069416128997563,0,0.01,random,,
condition_recombine_pseudolabel__mult_1__sim_0.8__teacher_rf__seed_3,condition_recombine_pseudolabel,1.0,0.8,random_forest,3,31,15,1.4838709677419355,False,1.0,1.0,1.0,reaction_role_concat,6144,random_forest,False,valid,r2,0.3767662527815109,0,0.01,random,,
condition_recombine_pseudolabel__mult_1__sim_0.8__teacher_rf__seed_3,condition_recombine_pseudolabel,1.0,0.8,random_forest,3,31,15,1.4838709677419355,False,1.0,1.0,1.0,reaction_role_concat,6144,random_forest,False,valid,spearman,0.6189591369771349,0,0.01,random,,
condition_recombine_pseudolabel__mult_1__sim_0.8__teacher_rf__seed_4,condition_recombine_pseudolabel,1.0,0.8,random_forest,4,31,16,1.5161290322580645,False,1.0,1.0,1.0,reaction_role_concat,6144,random_forest,False,valid,rmse,21.52746757907151,0,0.01,random,,
condition_recombine_pseudolabel__mult_1__sim_0.8__teacher_rf__seed_4,condition_recombine_pseudolabel,1.0,0.8,random_forest,4,31,16,1.5161290322580645,False,1.0,1.0,1.0,reaction_role_concat,6144,random_forest,False,valid,mae,16.802771066145052,0,0.01,random,,
condition_recombine_pseudolabel__mult_1__sim_0.8__teacher_rf__seed_4,condition_recombine_pseudolabel,1.0,0.8,random_forest,4,31,16,1.5161290322580645,False,1.0,1.0,1.0,reaction_role_concat,6144,random_forest,False,valid,r2,0.4044333259901789,0,0.01,random,,
condition_recombine_pseudolabel__mult_1__sim_0.8__teacher_rf__seed_4,condition_recombine_pseudolabel,1.0,0.8,random_forest,4,31,16,1.5161290322580645,False,1.0,1.0,1.0,reaction_role_concat,6144,random_forest,False,valid,spearman,0.6423570194683995,0,0.01,random,,
condition_recombine_pseudolabel__mult_1__sim_0.9__teacher_ridge__seed_0,condition_recombine_pseudolabel,1.0,0.9,ridge,0,31,6,1.1935483870967742,False,1.0,1.0,1.0,reaction_role_concat,6144,random_forest,False,valid,rmse,20.325035400012993,0,0.01,random,,
condition_recombine_pseudolabel__mult_1__sim_0.9__teacher_ridge__seed_0,condition_recombine_pseudolabel,1.0,0.9,ridge,0,31,6,1.1935483870967742,False,1.0,1.0,1.0,reaction_role_concat,6144,random_forest,False,valid,mae,15.770124097553989,0,0.01,random,,
condition_recombine_pseudolabel__mult_1__sim_0.9__teacher_ridge__seed_0,condition_recombine_pseudolabel,1.0,0.9,ridge,0,31,6,1.1935483870967742,False,1.0,1.0,1.0,reaction_role_concat,6144,random_forest,False,valid,r2,0.4691068500812535,0,0.01,random,,
condition_recombine_pseudolabel__mult_1__sim_0.9__teacher_ridge__seed_0,condition_recombine_pseudolabel,1.0,0.9,ridge,0,31,6,1.1935483870967742,False,1.0,1.0,1.0,reaction_role_concat,6144,random_forest,False,valid,spearman,0.675266185641709,0,0.01,random,,
condition_recombine_pseudolabel__mult_1__sim_0.9__teacher_ridge__seed_1,condition_recombine_pseudolabel,1.0,0.9,ridge,1,31,6,1.1935483870967742,False,1.0,1.0,1.0,reaction_role_concat,6144,random_forest,False,valid,rmse,21.632084244287725,0,0.01,random,,
condition_recombine_pseudolabel__mult_1__sim_0.9__teacher_ridge__seed_1,condition_recombine_pseudolabel,1.0,0.9,ridge,1,31,6,1.1935483870967742,False,1.0,1.0,1.0,reaction_role_concat,6144,random_forest,False,valid,mae,16.442079768075217,0,0.01,random,,
condition_recombine_pseudolabel__mult_1__sim_0.9__teacher_ridge__seed_1,condition_recombine_pseudolabel,1.0,0.9,ridge,1,31,6,1.1935483870967742,False,1.0,1.0,1.0,reaction_role_concat,6144,random_forest,False,valid,r2,0.39863073046388753,0,0.01,random,,
condition_recombine_pseudolabel__mult_1__sim_0.9__teacher_ridge__seed_1,condition_recombine_pseudolabel,1.0,0.9,ridge,1,31,6,1.1935483870967742,False,1.0,1.0,1.0,reaction_role_concat,6144,random_forest,False,valid,spearman,0.6729109058461992,0,0.01,random,,
condition_recombine_pseudolabel__mult_1__sim_0.9__teacher_ridge__seed_2,condition_recombine_pseudolabel,1.0,0.9,ridge,2,31,3,1.096774193548387,False,1.0,1.0,1.0,reaction_role_concat,6144,random_forest,False,valid,rmse,20.39646012383009,0,0.01,random,,
condition_recombine_pseudolabel__mult_1__sim_0.9__teacher_ridge__seed_2,condition_recombine_pseudolabel,1.0,0.9,ridge,2,31,3,1.096774193548387,False,1.0,1.0,1.0,reaction_role_concat,6144,random_forest,False,valid,mae,16.085013698899292,0,0.01,random,,
condition_recombine_pseudolabel__mult_1__sim_0.9__teacher_ridge__seed_2,condition_recombine_pseudolabel,1.0,0.9,ridge,2,31,3,1.096774193548387,False,1.0,1.0,1.0,reaction_role_concat,6144,random_forest,False,valid,r2,0.4653690438003567,0,0.01,random,,
condition_recombine_pseudolabel__mult_1__sim_0.9__teacher_ridge__seed_2,condition_recombine_pseudolabel,1.0,0.9,ridge,2,31,3,1.096774193548387,False,1.0,1.0,1.0,reaction_role_concat,6144,random_forest,False,valid,spearman,0.6826505218743714,0,0.01,random,,
condition_recombine_pseudolabel__mult_1__sim_0.9__teacher_ridge__seed_3,condition_recombine_pseudolabel,1.0,0.9,ridge,3,31,6,1.1935483870967742,False,1.0,1.0,1.0,reaction_role_concat,6144,random_forest,False,valid,rmse,20.10703303811297,0,0.01,random,,
condition_recombine_pseudolabel__mult_1__sim_0.9__teacher_ridge__seed_3,condition_recombine_pseudolabel,1.0,0.9,ridge,3,31,6,1.1935483870967742,False,1.0,1.0,1.0,reaction_role_concat,6144,random_forest,False,valid,mae,16.02173164813126,0,0.01,random,,
condition_recombine_pseudolabel__mult_1__sim_0.9__teacher_ridge__seed_3,condition_recombine_pseudolabel,1.0,0.9,ridge,3,31,6,1.1935483870967742,False,1.0,1.0,1.0,reaction_role_concat,6144,random_forest,False,valid,r2,0.48043428717284165,0,0.01,random,,
condition_recombine_pseudolabel__mult_1__sim_0.9__teacher_ridge__seed_3,condition_recombine_pseudolabel,1.0,0.9,ridge,3,31,6,1.1935483870967742,False,1.0,1.0,1.0,reaction_role_concat,6144,random_forest,False,valid,spearman,0.6968029256638689,0,0.01,random,,
condition_recombine_pseudolabel__mult_1__sim_0.9__teacher_ridge__seed_4,condition_recombine_pseudolabel,1.0,0.9,ridge,4,31,4,1.1290322580645162,False,1.0,1.0,1.0,reaction_role_concat,6144,random_forest,False,valid,rmse,21.061293927201323,0,0.01,random,,
condition_recombine_pseudolabel__mult_1__sim_0.9__teacher_ridge__seed_4,condition_recombine_pseudolabel,1.0,0.9,ridge,4,31,4,1.1290322580645162,False,1.0,1.0,1.0,reaction_role_concat,6144,random_forest,False,valid,mae,16.409296978440466,0,0.01,random,,
condition_recombine_pseudolabel__mult_1__sim_0.9__teacher_ridge__seed_4,condition_recombine_pseudolabel,1.0,0.9,ridge,4,31,4,1.1290322580645162,False,1.0,1.0,1.0,reaction_role_concat,6144,random_forest,False,valid,r2,0.4299478361387554,0,0.01,random,,
condition_recombine_pseudolabel__mult_1__sim_0.9__teacher_ridge__seed_4,condition_recombine_pseudolabel,1.0,0.9,ridge,4,31,4,1.1290322580645162,False,1.0,1.0,1.0,reaction_role_concat,6144,random_forest,False,valid,spearman,0.6373550318552227,0,0.01,random,,
condition_recombine_pseudolabel__mult_1__sim_0.9__teacher_rf__seed_0,condition_recombine_pseudolabel,1.0,0.9,random_forest,0,31,6,1.1935483870967742,False,1.0,1.0,1.0,reaction_role_concat,6144,random_forest,False,valid,rmse,20.70060982712292,0,0.01,random,,
condition_recombine_pseudolabel__mult_1__sim_0.9__teacher_rf__seed_0,condition_recombine_pseudolabel,1.0,0.9,random_forest,0,31,6,1.1935483870967742,False,1.0,1.0,1.0,reaction_role_concat,6144,random_forest,False,valid,mae,16.14419454634944,0,0.01,random,,
condition_recombine_pseudolabel__mult_1__sim_0.9__teacher_rf__seed_0,condition_recombine_pseudolabel,1.0,0.9,random_forest,0,31,6,1.1935483870967742,False,1.0,1.0,1.0,reaction_role_concat,6144,random_forest,False,valid,r2,0.44930544839200326,0,0.01,random,,
condition_recombine_pseudolabel__mult_1__sim_0.9__teacher_rf__seed_0,condition_recombine_pseudolabel,1.0,0.9,random_forest,0,31,6,1.1935483870967742,False,1.0,1.0,1.0,reaction_role_concat,6144,random_forest,False,valid,spearman,0.6563386512711459,0,0.01,random,,
condition_recombine_pseudolabel__mult_1__sim_0.9__teacher_rf__seed_1,condition_recombine_pseudolabel,1.0,0.9,random_forest,1,31,6,1.1935483870967742,False,1.0,1.0,1.0,reaction_role_concat,6144,random_forest,False,valid,rmse,20.92839735222018,0,0.01,random,,
condition_recombine_pseudolabel__mult_1__sim_0.9__teacher_rf__seed_1,condition_recombine_pseudolabel,1.0,0.9,random_forest,1,31,6,1.1935483870967742,False,1.0,1.0,1.0,reaction_role_concat,6144,random_forest,False,valid,mae,16.159159132304072,0,0.01,random,,
condition_recombine_pseudolabel__mult_1__sim_0.9__teacher_rf__seed_1,condition_recombine_pseudolabel,1.0,0.9,random_forest,1,31,6,1.1935483870967742,False,1.0,1.0,1.0,reaction_role_concat,6144,random_forest,False,valid,r2,0.4371191869885771,0,0.01,random,,
condition_recombine_pseudolabel__mult_1__sim_0.9__teacher_rf__seed_1,condition_recombine_pseudolabel,1.0,0.9,random_forest,1,31,6,1.1935483870967742,False,1.0,1.0,1.0,reaction_role_concat,6144,random_forest,False,valid,spearman,0.6589320977696949,0,0.01,random,,
condition_recombine_pseudolabel__mult_1__sim_0.9__teacher_rf__seed_2,condition_recombine_pseudolabel,1.0,0.9,random_forest,2,31,3,1.096774193548387,False,1.0,1.0,1.0,reaction_role_concat,6144,random_forest,False,valid,rmse,21.6608943627634,0,0.01,random,,
condition_recombine_pseudolabel__mult_1__sim_0.9__teacher_rf__seed_2,condition_recombine_pseudolabel,1.0,0.9,random_forest,2,31,3,1.096774193548387,False,1.0,1.0,1.0,reaction_role_concat,6144,random_forest,False,valid,mae,17.112633771817897,0,0.01,random,,
condition_recombine_pseudolabel__mult_1__sim_0.9__teacher_rf__seed_2,condition_recombine_pseudolabel,1.0,0.9,random_forest,2,31,3,1.096774193548387,False,1.0,1.0,1.0,reaction_role_concat,6144,random_forest,False,valid,r2,0.39702782831404493,0,0.01,random,,
condition_recombine_pseudolabel__mult_1__sim_0.9__teacher_rf__seed_2,condition_recombine_pseudolabel,1.0,0.9,random_forest,2,31,3,1.096774193548387,False,1.0,1.0,1.0,reaction_role_concat,6144,random_forest,False,valid,spearman,0.6249866240655404,0,0.01,random,,
condition_recombine_pseudolabel__mult_1__sim_0.9__teacher_rf__seed_3,condition_recombine_pseudolabel,1.0,0.9,random_forest,3,31,6,1.1935483870967742,False,1.0,1.0,1.0,reaction_role_concat,6144,random_forest,False,valid,rmse,20.67193206609804,0,0.01,random,,
condition_recombine_pseudolabel__mult_1__sim_0.9__teacher_rf__seed_3,condition_recombine_pseudolabel,1.0,0.9,random_forest,3,31,6,1.1935483870967742,False,1.0,1.0,1.0,reaction_role_concat,6144,random_forest,False,valid,mae,16.518285570158234,0,0.01,random,,
condition_recombine_pseudolabel__mult_1__sim_0.9__teacher_rf__seed_3,condition_recombine_pseudolabel,1.0,0.9,random_forest,3,31,6,1.1935483870967742,False,1.0,1.0,1.0,reaction_role_concat,6144,random_forest,False,valid,r2,0.4508302099923539,0,0.01,random,,
condition_recombine_pseudolabel__mult_1__sim_0.9__teacher_rf__seed_3,condition_recombine_pseudolabel,1.0,0.9,random_forest,3,31,6,1.1935483870967742,False,1.0,1.0,1.0,reaction_role_concat,6144,random_forest,False,valid,spearman,0.6733446886189056,0,0.01,random,,
condition_recombine_pseudolabel__mult_1__sim_0.9__teacher_rf__seed_4,condition_recombine_pseudolabel,1.0,0.9,random_forest,4,31,4,1.1290322580645162,False,1.0,1.0,1.0,reaction_role_concat,6144,random_forest,False,valid,rmse,21.486197134279262,0,0.01,random,,
condition_recombine_pseudolabel__mult_1__sim_0.9__teacher_rf__seed_4,condition_recombine_pseudolabel,1.0,0.9,random_forest,4,31,4,1.1290322580645162,False,1.0,1.0,1.0,reaction_role_concat,6144,random_forest,False,valid,mae,16.841262489432022,0,0.01,random,,
condition_recombine_pseudolabel__mult_1__sim_0.9__teacher_rf__seed_4,condition_recombine_pseudolabel,1.0,0.9,random_forest,4,31,4,1.1290322580645162,False,1.0,1.0,1.0,reaction_role_concat,6144,random_forest,False,valid,r2,0.406714666410932,0,0.01,random,,
condition_recombine_pseudolabel__mult_1__sim_0.9__teacher_rf__seed_4,condition_recombine_pseudolabel,1.0,0.9,random_forest,4,31,4,1.1290322580645162,False,1.0,1.0,1.0,reaction_role_concat,6144,random_forest,False,valid,spearman,0.6350169865267767,0,0.01,random,,
condition_recombine_pseudolabel__mult_0.25__sim_0.7__teacher_ridge__seed_0,condition_recombine_pseudolabel,0.25,0.7,ridge,0,158,39,1.2468354430379747,False,1.0,1.0,1.0,reaction_role_concat,6144,random_forest,False,valid,rmse,14.54245110894461,1,0.05,random,,
condition_recombine_pseudolabel__mult_0.25__sim_0.7__teacher_ridge__seed_0,condition_recombine_pseudolabel,0.25,0.7,ridge,0,158,39,1.2468354430379747,False,1.0,1.0,1.0,reaction_role_concat,6144,random_forest,False,valid,mae,10.588940891031978,1,0.05,random,,
condition_recombine_pseudolabel__mult_0.25__sim_0.7__teacher_ridge__seed_0,condition_recombine_pseudolabel,0.25,0.7,ridge,0,158,39,1.2468354430379747,False,1.0,1.0,1.0,reaction_role_concat,6144,random_forest,False,valid,r2,0.7282186039467213,1,0.05,random,,
condition_recombine_pseudolabel__mult_0.25__sim_0.7__teacher_ridge__seed_0,condition_recombine_pseudolabel,0.25,0.7,ridge,0,158,39,1.2468354430379747,False,1.0,1.0,1.0,reaction_role_concat,6144,random_forest,False,valid,spearman,0.8779588053811512,1,0.05,random,,
condition_recombine_pseudolabel__mult_0.25__sim_0.7__teacher_ridge__seed_1,condition_recombine_pseudolabel,0.25,0.7,ridge,1,158,39,1.2468354430379747,False,1.0,1.0,1.0,reaction_role_concat,6144,random_forest,True,valid,rmse,13.800150015220098,1,0.05,random,,
condition_recombine_pseudolabel__mult_0.25__sim_0.7__teacher_ridge__seed_1,condition_recombine_pseudolabel,0.25,0.7,ridge,1,158,39,1.2468354430379747,False,1.0,1.0,1.0,reaction_role_concat,6144,random_forest,True,valid,mae,10.085902021440525,1,0.05,random,,
condition_recombine_pseudolabel__mult_0.25__sim_0.7__teacher_ridge__seed_1,condition_recombine_pseudolabel,0.25,0.7,ridge,1,158,39,1.2468354430379747,False,1.0,1.0,1.0,reaction_role_concat,6144,random_forest,True,valid,r2,0.7552559653149731,1,0.05,random,,
condition_recombine_pseudolabel__mult_0.25__sim_0.7__teacher_ridge__seed_1,condition_recombine_pseudolabel,0.25,0.7,ridge,1,158,39,1.2468354430379747,False,1.0,1.0,1.0,reaction_role_concat,6144,random_forest,True,valid,spearman,0.8891916857420341,1,0.05,random,,
condition_recombine_pseudolabel__mult_0.25__sim_0.7__teacher_ridge__seed_2,condition_recombine_pseudolabel,0.25,0.7,ridge,2,158,39,1.2468354430379747,False,1.0,1.0,1.0,reaction_role_concat,6144,random_forest,False,valid,rmse,14.813078695370228,1,0.05,random,,
condition_recombine_pseudolabel__mult_0.25__sim_0.7__teacher_ridge__seed_2,condition_recombine_pseudolabel,0.25,0.7,ridge,2,158,39,1.2468354430379747,False,1.0,1.0,1.0,reaction_role_concat,6144,random_forest,False,valid,mae,10.750192723609977,1,0.05,random,,
condition_recombine_pseudolabel__mult_0.25__sim_0.7__teacher_ridge__seed_2,condition_recombine_pseudolabel,0.25,0.7,ridge,2,158,39,1.2468354430379747,False,1.0,1.0,1.0,reaction_role_concat,6144,random_forest,False,valid,r2,0.7180090565991752,1,0.05,random,,
condition_recombine_pseudolabel__mult_0.25__sim_0.7__teacher_ridge__seed_2,condition_recombine_pseudolabel,0.25,0.7,ridge,2,158,39,1.2468354430379747,False,1.0,1.0,1.0,reaction_role_concat,6144,random_forest,False,valid,spearman,0.8770663131489118,1,0.05,random,,
condition_recombine_pseudolabel__mult_0.25__sim_0.7__teacher_ridge__seed_3,condition_recombine_pseudolabel,0.25,0.7,ridge,3,158,39,1.2468354430379747,False,1.0,1.0,1.0,reaction_role_concat,6144,random_forest,False,valid,rmse,14.618277780354491,1,0.05,random,,
condition_recombine_pseudolabel__mult_0.25__sim_0.7__teacher_ridge__seed_3,condition_recombine_pseudolabel,0.25,0.7,ridge,3,158,39,1.2468354430379747,False,1.0,1.0,1.0,reaction_role_concat,6144,random_forest,False,valid,mae,10.669566810442678,1,0.05,random,,
condition_recombine_pseudolabel__mult_0.25__sim_0.7__teacher_ridge__seed_3,condition_recombine_pseudolabel,0.25,0.7,ridge,3,158,39,1.2468354430379747,False,1.0,1.0,1.0,reaction_role_concat,6144,random_forest,False,valid,r2,0.7253769913611561,1,0.05,random,,
condition_recombine_pseudolabel__mult_0.25__sim_0.7__teacher_ridge__seed_3,condition_recombine_pseudolabel,0.25,0.7,ridge,3,158,39,1.2468354430379747,False,1.0,1.0,1.0,reaction_role_concat,6144,random_forest,False,valid,spearman,0.8782774969670252,1,0.05,random,,
condition_recombine_pseudolabel__mult_0.25__sim_0.7__teacher_ridge__seed_4,condition_recombine_pseudolabel,0.25,0.7,ridge,4,158,39,1.2468354430379747,False,1.0,1.0,1.0,reaction_role_concat,6144,random_forest,False,valid,rmse,14.276491378640506,1,0.05,random,,
condition_recombine_pseudolabel__mult_0.25__sim_0.7__teacher_ridge__seed_4,condition_recombine_pseudolabel,0.25,0.7,ridge,4,158,39,1.2468354430379747,False,1.0,1.0,1.0,reaction_role_concat,6144,random_forest,False,valid,mae,10.238680694456342,1,0.05,random,,
condition_recombine_pseudolabel__mult_0.25__sim_0.7__teacher_ridge__seed_4,condition_recombine_pseudolabel,0.25,0.7,ridge,4,158,39,1.2468354430379747,False,1.0,1.0,1.0,reaction_role_concat,6144,random_forest,False,valid,r2,0.7380686537089869,1,0.05,random,,
condition_recombine_pseudolabel__mult_0.25__sim_0.7__teacher_ridge__seed_4,condition_recombine_pseudolabel,0.25,0.7,ridge,4,158,39,1.2468354430379747,False,1.0,1.0,1.0,reaction_role_concat,6144,random_forest,False,valid,spearman,0.8726858374186047,1,0.05,random,,
condition_recombine_pseudolabel__mult_0.25__sim_0.7__teacher_rf__seed_0,condition_recombine_pseudolabel,0.25,0.7,random_forest,0,158,39,1.2468354430379747,False,1.0,1.0,1.0,reaction_role_concat,6144,random_forest,False,valid,rmse,14.910406811229617,1,0.05,random,,
condition_recombine_pseudolabel__mult_0.25__sim_0.7__teacher_rf__seed_0,condition_recombine_pseudolabel,0.25,0.7,random_forest,0,158,39,1.2468354430379747,False,1.0,1.0,1.0,reaction_role_concat,6144,random_forest,False,valid,mae,10.739636971067778,1,0.05,random,,
condition_recombine_pseudolabel__mult_0.25__sim_0.7__teacher_rf__seed_0,condition_recombine_pseudolabel,0.25,0.7,random_forest,0,158,39,1.2468354430379747,False,1.0,1.0,1.0,reaction_role_concat,6144,random_forest,False,valid,r2,0.7142912863150499,1,0.05,random,,
condition_recombine_pseudolabel__mult_0.25__sim_0.7__teacher_rf__seed_0,condition_recombine_pseudolabel,0.25,0.7,random_forest,0,158,39,1.2468354430379747,False,1.0,1.0,1.0,reaction_role_concat,6144,random_forest,False,valid,spearman,0.8653104592140209,1,0.05,random,,
condition_recombine_pseudolabel__mult_0.25__sim_0.7__teacher_rf__seed_1,condition_recombine_pseudolabel,0.25,0.7,random_forest,1,158,39,1.2468354430379747,False,1.0,1.0,1.0,reaction_role_concat,6144,random_forest,False,valid,rmse,14.191233216464,1,0.05,random,,
condition_recombine_pseudolabel__mult_0.25__sim_0.7__teacher_rf__seed_1,condition_recombine_pseudolabel,0.25,0.7,random_forest,1,158,39,1.2468354430379747,False,1.0,1.0,1.0,reaction_role_concat,6144,random_forest,False,valid,mae,10.197647329014313,1,0.05,random,,
condition_recombine_pseudolabel__mult_0.25__sim_0.7__teacher_rf__seed_1,condition_recombine_pseudolabel,0.25,0.7,random_forest,1,158,39,1.2468354430379747,False,1.0,1.0,1.0,reaction_role_concat,6144,random_forest,False,valid,r2,0.741187781892076,1,0.05,random,,
condition_recombine_pseudolabel__mult_0.25__sim_0.7__teacher_rf__seed_1,condition_recombine_pseudolabel,0.25,0.7,random_forest,1,158,39,1.2468354430379747,False,1.0,1.0,1.0,reaction_role_concat,6144,random_forest,False,valid,spearman,0.8787836255534512,1,0.05,random,,
condition_recombine_pseudolabel__mult_0.25__sim_0.7__teacher_rf__seed_2,condition_recombine_pseudolabel,0.25,0.7,random_forest,2,158,39,1.2468354430379747,False,1.0,1.0,1.0,reaction_role_concat,6144,random_forest,False,valid,rmse,14.844306526337851,1,0.05,random,,
condition_recombine_pseudolabel__mult_0.25__sim_0.7__teacher_rf__seed_2,condition_recombine_pseudolabel,0.25,0.7,random_forest,2,158,39,1.2468354430379747,False,1.0,1.0,1.0,reaction_role_concat,6144,random_forest,False,valid,mae,10.728175505804112,1,0.05,random,,
condition_recombine_pseudolabel__mult_0.25__sim_0.7__teacher_rf__seed_2,condition_recombine_pseudolabel,0.25,0.7,random_forest,2,158,39,1.2468354430379747,False,1.0,1.0,1.0,reaction_role_concat,6144,random_forest,False,valid,r2,0.7168188587021629,1,0.05,random,,
condition_recombine_pseudolabel__mult_0.25__sim_0.7__teacher_rf__seed_2,condition_recombine_pseudolabel,0.25,0.7,random_forest,2,158,39,1.2468354430379747,False,1.0,1.0,1.0,reaction_role_concat,6144,random_forest,False,valid,spearman,0.8646205936821186,1,0.05,random,,
condition_recombine_pseudolabel__mult_0.25__sim_0.7__teacher_rf__seed_3,condition_recombine_pseudolabel,0.25,0.7,random_forest,3,158,39,1.2468354430379747,False,1.0,1.0,1.0,reaction_role_concat,6144,random_forest,False,valid,rmse,14.765887078305282,1,0.05,random,,
condition_recombine_pseudolabel__mult_0.25__sim_0.7__teacher_rf__seed_3,condition_recombine_pseudolabel,0.25,0.7,random_forest,3,158,39,1.2468354430379747,False,1.0,1.0,1.0,reaction_role_concat,6144,random_forest,False,valid,mae,10.48711221730332,1,0.05,random,,
condition_recombine_pseudolabel__mult_0.25__sim_0.7__teacher_rf__seed_3,condition_recombine_pseudolabel,0.25,0.7,random_forest,3,158,39,1.2468354430379747,False,1.0,1.0,1.0,reaction_role_concat,6144,random_forest,False,valid,r2,0.7198029322884067,1,0.05,random,,
condition_recombine_pseudolabel__mult_0.25__sim_0.7__teacher_rf__seed_3,condition_recombine_pseudolabel,0.25,0.7,random_forest,3,158,39,1.2468354430379747,False,1.0,1.0,1.0,reaction_role_concat,6144,random_forest,False,valid,spearman,0.8735463923333476,1,0.05,random,,
condition_recombine_pseudolabel__mult_0.25__sim_0.7__teacher_rf__seed_4,condition_recombine_pseudolabel,0.25,0.7,random_forest,4,158,39,1.2468354430379747,False,1.0,1.0,1.0,reaction_role_concat,6144,random_forest,False,valid,rmse,14.396501640141658,1,0.05,random,,
condition_recombine_pseudolabel__mult_0.25__sim_0.7__teacher_rf__seed_4,condition_recombine_pseudolabel,0.25,0.7,random_forest,4,158,39,1.2468354430379747,False,1.0,1.0,1.0,reaction_role_concat,6144,random_forest,False,valid,mae,10.231455204626428,1,0.05,random,,
condition_recombine_pseudolabel__mult_0.25__sim_0.7__teacher_rf__seed_4,condition_recombine_pseudolabel,0.25,0.7,random_forest,4,158,39,1.2468354430379747,False,1.0,1.0,1.0,reaction_role_concat,6144,random_forest,False,valid,r2,0.7336464788480113,1,0.05,random,,
condition_recombine_pseudolabel__mult_0.25__sim_0.7__teacher_rf__seed_4,condition_recombine_pseudolabel,0.25,0.7,random_forest,4,158,39,1.2468354430379747,False,1.0,1.0,1.0,reaction_role_concat,6144,random_forest,False,valid,spearman,0.8712879955589026,1,0.05,random,,
condition_recombine_pseudolabel__mult_0.25__sim_0.8__teacher_ridge__seed_0,condition_recombine_pseudolabel,0.25,0.8,ridge,0,158,39,1.2468354430379747,False,1.0,1.0,1.0,reaction_role_concat,6144,random_forest,False,valid,rmse,14.54245110894461,1,0.05,random,,
condition_recombine_pseudolabel__mult_0.25__sim_0.8__teacher_ridge__seed_0,condition_recombine_pseudolabel,0.25,0.8,ridge,0,158,39,1.2468354430379747,False,1.0,1.0,1.0,reaction_role_concat,6144,random_forest,False,valid,mae,10.588940891031978,1,0.05,random,,
condition_recombine_pseudolabel__mult_0.25__sim_0.8__teacher_ridge__seed_0,condition_recombine_pseudolabel,0.25,0.8,ridge,0,158,39,1.2468354430379747,False,1.0,1.0,1.0,reaction_role_concat,6144,random_forest,False,valid,r2,0.7282186039467213,1,0.05,random,,
condition_recombine_pseudolabel__mult_0.25__sim_0.8__teacher_ridge__seed_0,condition_recombine_pseudolabel,0.25,0.8,ridge,0,158,39,1.2468354430379747,False,1.0,1.0,1.0,reaction_role_concat,6144,random_forest,False,valid,spearman,0.8779588053811512,1,0.05,random,,
condition_recombine_pseudolabel__mult_0.25__sim_0.8__teacher_ridge__seed_1,condition_recombine_pseudolabel,0.25,0.8,ridge,1,158,35,1.2215189873417722,False,1.0,1.0,1.0,reaction_role_concat,6144,random_forest,False,valid,rmse,13.8186779903177,1,0.05,random,,
condition_recombine_pseudolabel__mult_0.25__sim_0.8__teacher_ridge__seed_1,condition_recombine_pseudolabel,0.25,0.8,ridge,1,158,35,1.2215189873417722,False,1.0,1.0,1.0,reaction_role_concat,6144,random_forest,False,valid,mae,10.135549846237218,1,0.05,random,,
condition_recombine_pseudolabel__mult_0.25__sim_0.8__teacher_ridge__seed_1,condition_recombine_pseudolabel,0.25,0.8,ridge,1,158,35,1.2215189873417722,False,1.0,1.0,1.0,reaction_role_concat,6144,random_forest,False,valid,r2,0.7545983412395711,1,0.05,random,,
condition_recombine_pseudolabel__mult_0.25__sim_0.8__teacher_ridge__seed_1,condition_recombine_pseudolabel,0.25,0.8,ridge,1,158,35,1.2215189873417722,False,1.0,1.0,1.0,reaction_role_concat,6144,random_forest,False,valid,spearman,0.8908016965493744,1,0.05,random,,
condition_recombine_pseudolabel__mult_0.25__sim_0.8__teacher_ridge__seed_2,condition_recombine_pseudolabel,0.25,0.8,ridge,2,158,35,1.2215189873417722,False,1.0,1.0,1.0,reaction_role_concat,6144,random_forest,False,valid,rmse,14.966339612387582,1,0.05,random,,
condition_recombine_pseudolabel__mult_0.25__sim_0.8__teacher_ridge__seed_2,condition_recombine_pseudolabel,0.25,0.8,ridge,2,158,35,1.2215189873417722,False,1.0,1.0,1.0,reaction_role_concat,6144,random_forest,False,valid,mae,10.699532657779471,1,0.05,random,,
condition_recombine_pseudolabel__mult_0.25__sim_0.8__teacher_ridge__seed_2,condition_recombine_pseudolabel,0.25,0.8,ridge,2,158,35,1.2215189873417722,False,1.0,1.0,1.0,reaction_role_concat,6144,random_forest,False,valid,r2,0.7121437309395137,1,0.05,random,,
condition_recombine_pseudolabel__mult_0.25__sim_0.8__teacher_ridge__seed_2,condition_recombine_pseudolabel,0.25,0.8,ridge,2,158,35,1.2215189873417722,False,1.0,1.0,1.0,reaction_role_concat,6144,random_forest,False,valid,spearman,0.8717556630465141,1,0.05,random,,
condition_recombine_pseudolabel__mult_0.25__sim_0.8__teacher_ridge__seed_3,condition_recombine_pseudolabel,0.25,0.8,ridge,3,158,35,1.2215189873417722,False,1.0,1.0,1.0,reaction_role_concat,6144,random_forest,False,valid,rmse,14.665223343766767,1,0.05,random,,
condition_recombine_pseudolabel__mult_0.25__sim_0.8__teacher_ridge__seed_3,condition_recombine_pseudolabel,0.25,0.8,ridge,3,158,35,1.2215189873417722,False,1.0,1.0,1.0,reaction_role_concat,6144,random_forest,False,valid,mae,10.666797950975502,1,0.05,random,,
condition_recombine_pseudolabel__mult_0.25__sim_0.8__teacher_ridge__seed_3,condition_recombine_pseudolabel,0.25,0.8,ridge,3,158,35,1.2215189873417722,False,1.0,1.0,1.0,reaction_role_concat,6144,random_forest,False,valid,r2,0.7236102944265727,1,0.05,random,,
condition_recombine_pseudolabel__mult_0.25__sim_0.8__teacher_ridge__seed_3,condition_recombine_pseudolabel,0.25,0.8,ridge,3,158,35,1.2215189873417722,False,1.0,1.0,1.0,reaction_role_concat,6144,random_forest,False,valid,spearman,0.8738247727928691,1,0.05,random,,
condition_recombine_pseudolabel__mult_0.25__sim_0.8__teacher_ridge__seed_4,condition_recombine_pseudolabel,0.25,0.8,ridge,4,158,35,1.2215189873417722,False,1.0,1.0,1.0,reaction_role_concat,6144,random_forest,False,valid,rmse,14.034535702039818,1,0.05,random,,
condition_recombine_pseudolabel__mult_0.25__sim_0.8__teacher_ridge__seed_4,condition_recombine_pseudolabel,0.25,0.8,ridge,4,158,35,1.2215189873417722,False,1.0,1.0,1.0,reaction_role_concat,6144,random_forest,False,valid,mae,10.039211840181412,1,0.05,random,,
condition_recombine_pseudolabel__mult_0.25__sim_0.8__teacher_ridge__seed_4,condition_recombine_pseudolabel,0.25,0.8,ridge,4,158,35,1.2215189873417722,False,1.0,1.0,1.0,reaction_role_concat,6144,random_forest,False,valid,r2,0.746871759909919,1,0.05,random,,
condition_recombine_pseudolabel__mult_0.25__sim_0.8__teacher_ridge__seed_4,condition_recombine_pseudolabel,0.25,0.8,ridge,4,158,35,1.2215189873417722,False,1.0,1.0,1.0,reaction_role_concat,6144,random_forest,False,valid,spearman,0.8744898090078151,1,0.05,random,,
condition_recombine_pseudolabel__mult_0.25__sim_0.8__teacher_rf__seed_0,condition_recombine_pseudolabel,0.25,0.8,random_forest,0,158,39,1.2468354430379747,False,1.0,1.0,1.0,reaction_role_concat,6144,random_forest,False,valid,rmse,14.910406811229617,1,0.05,random,,
condition_recombine_pseudolabel__mult_0.25__sim_0.8__teacher_rf__seed_0,condition_recombine_pseudolabel,0.25,0.8,random_forest,0,158,39,1.2468354430379747,False,1.0,1.0,1.0,reaction_role_concat,6144,random_forest,False,valid,mae,10.739636971067778,1,0.05,random,,
condition_recombine_pseudolabel__mult_0.25__sim_0.8__teacher_rf__seed_0,condition_recombine_pseudolabel,0.25,0.8,random_forest,0,158,39,1.2468354430379747,False,1.0,1.0,1.0,reaction_role_concat,6144,random_forest,False,valid,r2,0.7142912863150499,1,0.05,random,,
condition_recombine_pseudolabel__mult_0.25__sim_0.8__teacher_rf__seed_0,condition_recombine_pseudolabel,0.25,0.8,random_forest,0,158,39,1.2468354430379747,False,1.0,1.0,1.0,reaction_role_concat,6144,random_forest,False,valid,spearman,0.8653104592140209,1,0.05,random,,
condition_recombine_pseudolabel__mult_0.25__sim_0.8__teacher_rf__seed_1,condition_recombine_pseudolabel,0.25,0.8,random_forest,1,158,35,1.2215189873417722,False,1.0,1.0,1.0,reaction_role_concat,6144,random_forest,False,valid,rmse,14.474668250840514,1,0.05,random,,
condition_recombine_pseudolabel__mult_0.25__sim_0.8__teacher_rf__seed_1,condition_recombine_pseudolabel,0.25,0.8,random_forest,1,158,35,1.2215189873417722,False,1.0,1.0,1.0,reaction_role_concat,6144,random_forest,False,valid,mae,10.354139749757852,1,0.05,random,,
condition_recombine_pseudolabel__mult_0.25__sim_0.8__teacher_rf__seed_1,condition_recombine_pseudolabel,0.25,0.8,random_forest,1,158,35,1.2215189873417722,False,1.0,1.0,1.0,reaction_role_concat,6144,random_forest,False,valid,r2,0.7307462640507234,1,0.05,random,,
condition_recombine_pseudolabel__mult_0.25__sim_0.8__teacher_rf__seed_1,condition_recombine_pseudolabel,0.25,0.8,random_forest,1,158,35,1.2215189873417722,False,1.0,1.0,1.0,reaction_role_concat,6144,random_forest,False,valid,spearman,0.8746197977848215,1,0.05,random,,
condition_recombine_pseudolabel__mult_0.25__sim_0.8__teacher_rf__seed_2,condition_recombine_pseudolabel,0.25,0.8,random_forest,2,158,35,1.2215189873417722,False,1.0,1.0,1.0,reaction_role_concat,6144,random_forest,False,valid,rmse,14.590646594665419,1,0.05,random,,
condition_recombine_pseudolabel__mult_0.25__sim_0.8__teacher_rf__seed_2,condition_recombine_pseudolabel,0.25,0.8,random_forest,2,158,35,1.2215189873417722,False,1.0,1.0,1.0,reaction_role_concat,6144,random_forest,False,valid,mae,10.434317468534541,1,0.05,random,,
condition_recombine_pseudolabel__mult_0.25__sim_0.8__teacher_rf__seed_2,condition_recombine_pseudolabel,0.25,0.8,random_forest,2,158,35,1.2215189873417722,False,1.0,1.0,1.0,reaction_role_concat,6144,random_forest,False,valid,r2,0.7264141843826795,1,0.05,random,,
condition_recombine_pseudolabel__mult_0.25__sim_0.8__teacher_rf__seed_2,condition_recombine_pseudolabel,0.25,0.8,random_forest,2,158,35,1.2215189873417722,False,1.0,1.0,1.0,reaction_role_concat,6144,random_forest,False,valid,spearman,0.8693691275226005,1,0.05,random,,
condition_recombine_pseudolabel__mult_0.25__sim_0.8__teacher_rf__seed_3,condition_recombine_pseudolabel,0.25,0.8,random_forest,3,158,35,1.2215189873417722,False,1.0,1.0,1.0,reaction_role_concat,6144,random_forest,False,valid,rmse,14.543466938544103,1,0.05,random,,
condition_recombine_pseudolabel__mult_0.25__sim_0.8__teacher_rf__seed_3,condition_recombine_pseudolabel,0.25,0.8,random_forest,3,158,35,1.2215189873417722,False,1.0,1.0,1.0,reaction_role_concat,6144,random_forest,False,valid,mae,10.444105684976789,1,0.05,random,,
condition_recombine_pseudolabel__mult_0.25__sim_0.8__teacher_rf__seed_3,condition_recombine_pseudolabel,0.25,0.8,random_forest,3,158,35,1.2215189873417722,False,1.0,1.0,1.0,reaction_role_concat,6144,random_forest,False,valid,r2,0.7281806332872738,1,0.05,random,,
condition_recombine_pseudolabel__mult_0.25__sim_0.8__teacher_rf__seed_3,condition_recombine_pseudolabel,0.25,0.8,random_forest,3,158,35,1.2215189873417722,False,1.0,1.0,1.0,reaction_role_concat,6144,random_forest,False,valid,spearman,0.875795928449585,1,0.05,random,,
condition_recombine_pseudolabel__mult_0.25__sim_0.8__teacher_rf__seed_4,condition_recombine_pseudolabel,0.25,0.8,random_forest,4,158,35,1.2215189873417722,False,1.0,1.0,1.0,reaction_role_concat,6144,random_forest,False,valid,rmse,14.620961852611522,1,0.05,random,,
condition_recombine_pseudolabel__mult_0.25__sim_0.8__teacher_rf__seed_4,condition_recombine_pseudolabel,0.25,0.8,random_forest,4,158,35,1.2215189873417722,False,1.0,1.0,1.0,reaction_role_concat,6144,random_forest,False,valid,mae,10.341045778359794,1,0.05,random,,
condition_recombine_pseudolabel__mult_0.25__sim_0.8__teacher_rf__seed_4,condition_recombine_pseudolabel,0.25,0.8,random_forest,4,158,35,1.2215189873417722,False,1.0,1.0,1.0,reaction_role_concat,6144,random_forest,False,valid,r2,0.7252761346555762,1,0.05,random,,
condition_recombine_pseudolabel__mult_0.25__sim_0.8__teacher_rf__seed_4,condition_recombine_pseudolabel,0.25,0.8,random_forest,4,158,35,1.2215189873417722,False,1.0,1.0,1.0,reaction_role_concat,6144,random_forest,False,valid,spearman,0.8683855944615213,1,0.05,random,,
condition_recombine_pseudolabel__mult_0.25__sim_0.9__teacher_ridge__seed_0,condition_recombine_pseudolabel,0.25,0.9,ridge,0,158,13,1.0822784810126582,False,1.0,1.0,1.0,reaction_role_concat,6144,random_forest,False,valid,rmse,14.4811140440874,1,0.05,random,,
condition_recombine_pseudolabel__mult_0.25__sim_0.9__teacher_ridge__seed_0,condition_recombine_pseudolabel,0.25,0.9,ridge,0,158,13,1.0822784810126582,False,1.0,1.0,1.0,reaction_role_concat,6144,random_forest,False,valid,mae,10.69299061098959,1,0.05,random,,
condition_recombine_pseudolabel__mult_0.25__sim_0.9__teacher_ridge__seed_0,condition_recombine_pseudolabel,0.25,0.9,ridge,0,158,13,1.0822784810126582,False,1.0,1.0,1.0,reaction_role_concat,6144,random_forest,False,valid,r2,0.7305064049648675,1,0.05,random,,
condition_recombine_pseudolabel__mult_0.25__sim_0.9__teacher_ridge__seed_0,condition_recombine_pseudolabel,0.25,0.9,ridge,0,158,13,1.0822784810126582,False,1.0,1.0,1.0,reaction_role_concat,6144,random_forest,False,valid,spearman,0.8721006444974004,1,0.05,random,,
condition_recombine_pseudolabel__mult_0.25__sim_0.9__teacher_ridge__seed_1,condition_recombine_pseudolabel,0.25,0.9,ridge,1,158,16,1.1012658227848102,False,1.0,1.0,1.0,reaction_role_concat,6144,random_forest,False,valid,rmse,14.098164549556593,1,0.05,random,,
condition_recombine_pseudolabel__mult_0.25__sim_0.9__teacher_ridge__seed_1,condition_recombine_pseudolabel,0.25,0.9,ridge,1,158,16,1.1012658227848102,False,1.0,1.0,1.0,reaction_role_concat,6144,random_forest,False,valid,mae,10.406203009898904,1,0.05,random,,
condition_recombine_pseudolabel__mult_0.25__sim_0.9__teacher_ridge__seed_1,condition_recombine_pseudolabel,0.25,0.9,ridge,1,158,16,1.1012658227848102,False,1.0,1.0,1.0,reaction_role_concat,6144,random_forest,False,valid,r2,0.7445713248579311,1,0.05,random,,
condition_recombine_pseudolabel__mult_0.25__sim_0.9__teacher_ridge__seed_1,condition_recombine_pseudolabel,0.25,0.9,ridge,1,158,16,1.1012658227848102,False,1.0,1.0,1.0,reaction_role_concat,6144,random_forest,False,valid,spearman,0.8834688689781623,1,0.05,random,,
condition_recombine_pseudolabel__mult_0.25__sim_0.9__teacher_ridge__seed_2,condition_recombine_pseudolabel,0.25,0.9,ridge,2,158,12,1.0759493670886076,False,1.0,1.0,1.0,reaction_role_concat,6144,random_forest,False,valid,rmse,14.530503197303192,1,0.05,random,,
condition_recombine_pseudolabel__mult_0.25__sim_0.9__teacher_ridge__seed_2,condition_recombine_pseudolabel,0.25,0.9,ridge,2,158,12,1.0759493670886076,False,1.0,1.0,1.0,reaction_role_concat,6144,random_forest,False,valid,mae,10.422265903475164,1,0.05,random,,
condition_recombine_pseudolabel__mult_0.25__sim_0.9__teacher_ridge__seed_2,condition_recombine_pseudolabel,0.25,0.9,ridge,2,158,12,1.0759493670886076,False,1.0,1.0,1.0,reaction_role_concat,6144,random_forest,False,valid,r2,0.7286650054703772,1,0.05,random,,
condition_recombine_pseudolabel__mult_0.25__sim_0.9__teacher_ridge__seed_2,condition_recombine_pseudolabel,0.25,0.9,ridge,2,158,12,1.0759493670886076,False,1.0,1.0,1.0,reaction_role_concat,6144,random_forest,False,valid,spearman,0.878655292064242,1,0.05,random,,
condition_recombine_pseudolabel__mult_0.25__sim_0.9__teacher_ridge__seed_3,condition_recombine_pseudolabel,0.25,0.9,ridge,3,158,12,1.0759493670886076,False,1.0,1.0,1.0,reaction_role_concat,6144,random_forest,False,valid,rmse,14.519306772260624,1,0.05,random,,
condition_recombine_pseudolabel__mult_0.25__sim_0.9__teacher_ridge__seed_3,condition_recombine_pseudolabel,0.25,0.9,ridge,3,158,12,1.0759493670886076,False,1.0,1.0,1.0,reaction_role_concat,6144,random_forest,False,valid,mae,10.59652186858126,1,0.05,random,,
condition_recombine_pseudolabel__mult_0.25__sim_0.9__teacher_ridge__seed_3,condition_recombine_pseudolabel,0.25,0.9,ridge,3,158,12,1.0759493670886076,False,1.0,1.0,1.0,reaction_role_concat,6144,random_forest,False,valid,r2,0.7290829967035257,1,0.05,random,,
condition_recombine_pseudolabel__mult_0.25__sim_0.9__teacher_ridge__seed_3,condition_recombine_pseudolabel,0.25,0.9,ridge,3,158,12,1.0759493670886076,False,1.0,1.0,1.0,reaction_role_concat,6144,random_forest,False,valid,spearman,0.874992140169295,1,0.05,random,,
condition_recombine_pseudolabel__mult_0.25__sim_0.9__teacher_ridge__seed_4,condition_recombine_pseudolabel,0.25,0.9,ridge,4,158,12,1.0759493670886076,False,1.0,1.0,1.0,reaction_role_concat,6144,random_forest,False,valid,rmse,14.254941998146396,1,0.05,random,,
condition_recombine_pseudolabel__mult_0.25__sim_0.9__teacher_ridge__seed_4,condition_recombine_pseudolabel,0.25,0.9,ridge,4,158,12,1.0759493670886076,False,1.0,1.0,1.0,reaction_role_concat,6144,random_forest,False,valid,mae,10.222253729531284,1,0.05,random,,
condition_recombine_pseudolabel__mult_0.25__sim_0.9__teacher_ridge__seed_4,condition_recombine_pseudolabel,0.25,0.9,ridge,4,158,12,1.0759493670886076,False,1.0,1.0,1.0,reaction_role_concat,6144,random_forest,False,valid,r2,0.7388587915845308,1,0.05,random,,
condition_recombine_pseudolabel__mult_0.25__sim_0.9__teacher_ridge__seed_4,condition_recombine_pseudolabel,0.25,0.9,ridge,4,158,12,1.0759493670886076,False,1.0,1.0,1.0,reaction_role_concat,6144,random_forest,False,valid,spearman,0.8800273309082839,1,0.05,random,,
condition_recombine_pseudolabel__mult_0.25__sim_0.9__teacher_rf__seed_0,condition_recombine_pseudolabel,0.25,0.9,random_forest,0,158,13,1.0822784810126582,False,1.0,1.0,1.0,reaction_role_concat,6144,random_forest,False,valid,rmse,14.552317148846871,1,0.05,random,,
condition_recombine_pseudolabel__mult_0.25__sim_0.9__teacher_rf__seed_0,condition_recombine_pseudolabel,0.25,0.9,random_forest,0,158,13,1.0822784810126582,False,1.0,1.0,1.0,reaction_role_concat,6144,random_forest,False,valid,mae,10.528060880885093,1,0.05,random,,
condition_recombine_pseudolabel__mult_0.25__sim_0.9__teacher_rf__seed_0,condition_recombine_pseudolabel,0.25,0.9,random_forest,0,158,13,1.0822784810126582,False,1.0,1.0,1.0,reaction_role_concat,6144,random_forest,False,valid,r2,0.7278497093701921,1,0.05,random,,
condition_recombine_pseudolabel__mult_0.25__sim_0.9__teacher_rf__seed_0,condition_recombine_pseudolabel,0.25,0.9,random_forest,0,158,13,1.0822784810126582,False,1.0,1.0,1.0,reaction_role_concat,6144,random_forest,False,valid,spearman,0.8695373826586805,1,0.05,random,,
condition_recombine_pseudolabel__mult_0.25__sim_0.9__teacher_rf__seed_1,condition_recombine_pseudolabel,0.25,0.9,random_forest,1,158,16,1.1012658227848102,False,1.0,1.0,1.0,reaction_role_concat,6144,random_forest,False,valid,rmse,14.508964350051402,1,0.05,random,,
condition_recombine_pseudolabel__mult_0.25__sim_0.9__teacher_rf__seed_1,condition_recombine_pseudolabel,0.25,0.9,random_forest,1,158,16,1.1012658227848102,False,1.0,1.0,1.0,reaction_role_concat,6144,random_forest,False,valid,mae,10.474191720628285,1,0.05,random,,
condition_recombine_pseudolabel__mult_0.25__sim_0.9__teacher_rf__seed_1,condition_recombine_pseudolabel,0.25,0.9,random_forest,1,158,16,1.1012658227848102,False,1.0,1.0,1.0,reaction_role_concat,6144,random_forest,False,valid,r2,0.7294688195440479,1,0.05,random,,
condition_recombine_pseudolabel__mult_0.25__sim_0.9__teacher_rf__seed_1,condition_recombine_pseudolabel,0.25,0.9,random_forest,1,158,16,1.1012658227848102,False,1.0,1.0,1.0,reaction_role_concat,6144,random_forest,False,valid,spearman,0.8750962285607705,1,0.05,random,,
condition_recombine_pseudolabel__mult_0.25__sim_0.9__teacher_rf__seed_2,condition_recombine_pseudolabel,0.25,0.9,random_forest,2,158,12,1.0759493670886076,False,1.0,1.0,1.0,reaction_role_concat,6144,random_forest,False,valid,rmse,14.50627838315329,1,0.05,random,,
condition_recombine_pseudolabel__mult_0.25__sim_0.9__teacher_rf__seed_2,condition_recombine_pseudolabel,0.25,0.9,random_forest,2,158,12,1.0759493670886076,False,1.0,1.0,1.0,reaction_role_concat,6144,random_forest,False,valid,mae,10.440518183568612,1,0.05,random,,
condition_recombine_pseudolabel__mult_0.25__sim_0.9__teacher_rf__seed_2,condition_recombine_pseudolabel,0.25,0.9,random_forest,2,158,12,1.0759493670886076,False,1.0,1.0,1.0,reaction_role_concat,6144,random_forest,False,valid,r2,0.7295689742509999,1,0.05,random,,
condition_recombine_pseudolabel__mult_0.25__sim_0.9__teacher_rf__seed_2,condition_recombine_pseudolabel,0.25,0.9,random_forest,2,158,12,1.0759493670886076,False,1.0,1.0,1.0,reaction_role_concat,6144,random_forest,False,valid,spearman,0.8720504016442654,1,0.05,random,,
condition_recombine_pseudolabel__mult_0.25__sim_0.9__teacher_rf__seed_3,condition_recombine_pseudolabel,0.25,0.9,random_forest,3,158,12,1.0759493670886076,False,1.0,1.0,1.0,reaction_role_concat,6144,random_forest,False,valid,rmse,14.289803990518584,1,0.05,random,,
condition_recombine_pseudolabel__mult_0.25__sim_0.9__teacher_rf__seed_3,condition_recombine_pseudolabel,0.25,0.9,random_forest,3,158,12,1.0759493670886076,False,1.0,1.0,1.0,reaction_role_concat,6144,random_forest,False,valid,mae,10.285360032289843,1,0.05,random,,
condition_recombine_pseudolabel__mult_0.25__sim_0.9__teacher_rf__seed_3,condition_recombine_pseudolabel,0.25,0.9,random_forest,3,158,12,1.0759493670886076,False,1.0,1.0,1.0,reaction_role_concat,6144,random_forest,False,valid,r2,0.737579931929639,1,0.05,random,,
condition_recombine_pseudolabel__mult_0.25__sim_0.9__teacher_rf__seed_3,condition_recombine_pseudolabel,0.25,0.9,random_forest,3,158,12,1.0759493670886076,False,1.0,1.0,1.0,reaction_role_concat,6144,random_forest,False,valid,spearman,0.8791262701274476,1,0.05,random,,
condition_recombine_pseudolabel__mult_0.25__sim_0.9__teacher_rf__seed_4,condition_recombine_pseudolabel,0.25,0.9,random_forest,4,158,12,1.0759493670886076,False,1.0,1.0,1.0,reaction_role_concat,6144,random_forest,False,valid,rmse,14.345774791697258,1,0.05,random,,
condition_recombine_pseudolabel__mult_0.25__sim_0.9__teacher_rf__seed_4,condition_recombine_pseudolabel,0.25,0.9,random_forest,4,158,12,1.0759493670886076,False,1.0,1.0,1.0,reaction_role_concat,6144,random_forest,False,valid,mae,10.244202356317375,1,0.05,random,,
condition_recombine_pseudolabel__mult_0.25__sim_0.9__teacher_rf__seed_4,condition_recombine_pseudolabel,0.25,0.9,random_forest,4,158,12,1.0759493670886076,False,1.0,1.0,1.0,reaction_role_concat,6144,random_forest,False,valid,r2,0.7355201938914862,1,0.05,random,,
condition_recombine_pseudolabel__mult_0.25__sim_0.9__teacher_rf__seed_4,condition_recombine_pseudolabel,0.25,0.9,random_forest,4,158,12,1.0759493670886076,False,1.0,1.0,1.0,reaction_role_concat,6144,random_forest,False,valid,spearman,0.8742898112939792,1,0.05,random,,
condition_recombine_pseudolabel__mult_0.5__sim_0.7__teacher_ridge__seed_0,condition_recombine_pseudolabel,0.5,0.7,ridge,0,158,79,1.5,False,1.0,1.0,1.0,reaction_role_concat,6144,random_forest,False,valid,rmse,14.015327232549827,1,0.05,random,,
condition_recombine_pseudolabel__mult_0.5__sim_0.7__teacher_ridge__seed_0,condition_recombine_pseudolabel,0.5,0.7,ridge,0,158,79,1.5,False,1.0,1.0,1.0,reaction_role_concat,6144,random_forest,False,valid,mae,10.211943357982214,1,0.05,random,,
condition_recombine_pseudolabel__mult_0.5__sim_0.7__teacher_ridge__seed_0,condition_recombine_pseudolabel,0.5,0.7,ridge,0,158,79,1.5,False,1.0,1.0,1.0,reaction_role_concat,6144,random_forest,False,valid,r2,0.7475641773625665,1,0.05,random,,
condition_recombine_pseudolabel__mult_0.5__sim_0.7__teacher_ridge__seed_0,condition_recombine_pseudolabel,0.5,0.7,ridge,0,158,79,1.5,False,1.0,1.0,1.0,reaction_role_concat,6144,random_forest,False,valid,spearman,0.8890497204709665,1,0.05,random,,
condition_recombine_pseudolabel__mult_0.5__sim_0.7__teacher_ridge__seed_1,condition_recombine_pseudolabel,0.5,0.7,ridge,1,158,79,1.5,False,1.0,1.0,1.0,reaction_role_concat,6144,random_forest,False,valid,rmse,13.973169601585335,1,0.05,random,,
condition_recombine_pseudolabel__mult_0.5__sim_0.7__teacher_ridge__seed_1,condition_recombine_pseudolabel,0.5,0.7,ridge,1,158,79,1.5,False,1.0,1.0,1.0,reaction_role_concat,6144,random_forest,False,valid,mae,10.321874718482736,1,0.05,random,,
condition_recombine_pseudolabel__mult_0.5__sim_0.7__teacher_ridge__seed_1,condition_recombine_pseudolabel,0.5,0.7,ridge,1,158,79,1.5,False,1.0,1.0,1.0,reaction_role_concat,6144,random_forest,False,valid,r2,0.7490805302159249,1,0.05,random,,
condition_recombine_pseudolabel__mult_0.5__sim_0.7__teacher_ridge__seed_1,condition_recombine_pseudolabel,0.5,0.7,ridge,1,158,79,1.5,False,1.0,1.0,1.0,reaction_role_concat,6144,random_forest,False,valid,spearman,0.887213714194389,1,0.05,random,,
condition_recombine_pseudolabel__mult_0.5__sim_0.7__teacher_ridge__seed_2,condition_recombine_pseudolabel,0.5,0.7,ridge,2,158,79,1.5,False,1.0,1.0,1.0,reaction_role_concat,6144,random_forest,False,valid,rmse,14.812658962755835,1,0.05,random,,
condition_recombine_pseudolabel__mult_0.5__sim_0.7__teacher_ridge__seed_2,condition_recombine_pseudolabel,0.5,0.7,ridge,2,158,79,1.5,False,1.0,1.0,1.0,reaction_role_concat,6144,random_forest,False,valid,mae,11.004766542509387,1,0.05,random,,
condition_recombine_pseudolabel__mult_0.5__sim_0.7__teacher_ridge__seed_2,condition_recombine_pseudolabel,0.5,0.7,ridge,2,158,79,1.5,False,1.0,1.0,1.0,reaction_role_concat,6144,random_forest,False,valid,r2,0.7180250369529491,1,0.05,random,,
condition_recombine_pseudolabel__mult_0.5__sim_0.7__teacher_ridge__seed_2,condition_recombine_pseudolabel,0.5,0.7,ridge,2,158,79,1.5,False,1.0,1.0,1.0,reaction_role_concat,6144,random_forest,False,valid,spearman,0.8771270719480517,1,0.05,random,,
condition_recombine_pseudolabel__mult_0.5__sim_0.7__teacher_ridge__seed_3,condition_recombine_pseudolabel,0.5,0.7,ridge,3,158,79,1.5,False,1.0,1.0,1.0,reaction_role_concat,6144,random_forest,False,valid,rmse,15.093068010690498,1,0.05,random,,
condition_recombine_pseudolabel__mult_0.5__sim_0.7__teacher_ridge__seed_3,condition_recombine_pseudolabel,0.5,0.7,ridge,3,158,79,1.5,False,1.0,1.0,1.0,reaction_role_concat,6144,random_forest,False,valid,mae,11.067473745921745,1,0.05,random,,
condition_recombine_pseudolabel__mult_0.5__sim_0.7__teacher_ridge__seed_3,condition_recombine_pseudolabel,0.5,0.7,ridge,3,158,79,1.5,False,1.0,1.0,1.0,reaction_role_concat,6144,random_forest,False,valid,r2,0.7072482105463708,1,0.05,random,,
condition_recombine_pseudolabel__mult_0.5__sim_0.7__teacher_ridge__seed_3,condition_recombine_pseudolabel,0.5,0.7,ridge,3,158,79,1.5,False,1.0,1.0,1.0,reaction_role_concat,6144,random_forest,False,valid,spearman,0.8703648318174817,1,0.05,random,,
condition_recombine_pseudolabel__mult_0.5__sim_0.7__teacher_ridge__seed_4,condition_recombine_pseudolabel,0.5,0.7,ridge,4,158,79,1.5,False,1.0,1.0,1.0,reaction_role_concat,6144,random_forest,False,valid,rmse,14.357391867410353,1,0.05,random,,
condition_recombine_pseudolabel__mult_0.5__sim_0.7__teacher_ridge__seed_4,condition_recombine_pseudolabel,0.5,0.7,ridge,4,158,79,1.5,False,1.0,1.0,1.0,reaction_role_concat,6144,random_forest,False,valid,mae,10.342404483678221,1,0.05,random,,
condition_recombine_pseudolabel__mult_0.5__sim_0.7__teacher_ridge__seed_4,condition_recombine_pseudolabel,0.5,0.7,ridge,4,158,79,1.5,False,1.0,1.0,1.0,reaction_role_concat,6144,random_forest,False,valid,r2,0.7350916738553779,1,0.05,random,,
condition_recombine_pseudolabel__mult_0.5__sim_0.7__teacher_ridge__seed_4,condition_recombine_pseudolabel,0.5,0.7,ridge,4,158,79,1.5,False,1.0,1.0,1.0,reaction_role_concat,6144,random_forest,False,valid,spearman,0.8685449889393936,1,0.05,random,,
condition_recombine_pseudolabel__mult_0.5__sim_0.7__teacher_rf__seed_0,condition_recombine_pseudolabel,0.5,0.7,random_forest,0,158,79,1.5,False,1.0,1.0,1.0,reaction_role_concat,6144,random_forest,False,valid,rmse,14.907481601485037,1,0.05,random,,
condition_recombine_pseudolabel__mult_0.5__sim_0.7__teacher_rf__seed_0,condition_recombine_pseudolabel,0.5,0.7,random_forest,0,158,79,1.5,False,1.0,1.0,1.0,reaction_role_concat,6144,random_forest,False,valid,mae,10.782457340942154,1,0.05,random,,
condition_recombine_pseudolabel__mult_0.5__sim_0.7__teacher_rf__seed_0,condition_recombine_pseudolabel,0.5,0.7,random_forest,0,158,79,1.5,False,1.0,1.0,1.0,reaction_role_concat,6144,random_forest,False,valid,r2,0.7144033792903866,1,0.05,random,,
condition_recombine_pseudolabel__mult_0.5__sim_0.7__teacher_rf__seed_0,condition_recombine_pseudolabel,0.5,0.7,random_forest,0,158,79,1.5,False,1.0,1.0,1.0,reaction_role_concat,6144,random_forest,False,valid,spearman,0.8659066549305823,1,0.05,random,,
condition_recombine_pseudolabel__mult_0.5__sim_0.7__teacher_rf__seed_1,condition_recombine_pseudolabel,0.5,0.7,random_forest,1,158,79,1.5,False,1.0,1.0,1.0,reaction_role_concat,6144,random_forest,False,valid,rmse,14.738010382336796,1,0.05,random,,
condition_recombine_pseudolabel__mult_0.5__sim_0.7__teacher_rf__seed_1,condition_recombine_pseudolabel,0.5,0.7,random_forest,1,158,79,1.5,False,1.0,1.0,1.0,reaction_role_concat,6144,random_forest,False,valid,mae,10.43594431204962,1,0.05,random,,
condition_recombine_pseudolabel__mult_0.5__sim_0.7__teacher_rf__seed_1,condition_recombine_pseudolabel,0.5,0.7,random_forest,1,158,79,1.5,False,1.0,1.0,1.0,reaction_role_concat,6144,random_forest,False,valid,r2,0.7208599084410447,1,0.05,random,,
condition_recombine_pseudolabel__mult_0.5__sim_0.7__teacher_rf__seed_1,condition_recombine_pseudolabel,0.5,0.7,random_forest,1,158,79,1.5,False,1.0,1.0,1.0,reaction_role_concat,6144,random_forest,False,valid,spearman,0.8676095565943002,1,0.05,random,,
condition_recombine_pseudolabel__mult_0.5__sim_0.7__teacher_rf__seed_2,condition_recombine_pseudolabel,0.5,0.7,random_forest,2,158,79,1.5,False,1.0,1.0,1.0,reaction_role_concat,6144,random_forest,False,valid,rmse,14.66237065994721,1,0.05,random,,
condition_recombine_pseudolabel__mult_0.5__sim_0.7__teacher_rf__seed_2,condition_recombine_pseudolabel,0.5,0.7,random_forest,2,158,79,1.5,False,1.0,1.0,1.0,reaction_role_concat,6144,random_forest,False,valid,mae,10.469985846259172,1,0.05,random,,
condition_recombine_pseudolabel__mult_0.5__sim_0.7__teacher_rf__seed_2,condition_recombine_pseudolabel,0.5,0.7,random_forest,2,158,79,1.5,False,1.0,1.0,1.0,reaction_role_concat,6144,random_forest,False,valid,r2,0.7237178107919895,1,0.05,random,,
condition_recombine_pseudolabel__mult_0.5__sim_0.7__teacher_rf__seed_2,condition_recombine_pseudolabel,0.5,0.7,random_forest,2,158,79,1.5,False,1.0,1.0,1.0,reaction_role_concat,6144,random_forest,False,valid,spearman,0.8649944939845187,1,0.05,random,,
condition_recombine_pseudolabel__mult_0.5__sim_0.7__teacher_rf__seed_3,condition_recombine_pseudolabel,0.5,0.7,random_forest,3,158,79,1.5,False,1.0,1.0,1.0,reaction_role_concat,6144,random_forest,False,valid,rmse,14.564818280715249,1,0.05,random,,
condition_recombine_pseudolabel__mult_0.5__sim_0.7__teacher_rf__seed_3,condition_recombine_pseudolabel,0.5,0.7,random_forest,3,158,79,1.5,False,1.0,1.0,1.0,reaction_role_concat,6144,random_forest,False,valid,mae,10.49347379305091,1,0.05,random,,
condition_recombine_pseudolabel__mult_0.5__sim_0.7__teacher_rf__seed_3,condition_recombine_pseudolabel,0.5,0.7,random_forest,3,158,79,1.5,False,1.0,1.0,1.0,reaction_role_concat,6144,random_forest,False,valid,r2,0.7273819284722955,1,0.05,random,,
condition_recombine_pseudolabel__mult_0.5__sim_0.7__teacher_rf__seed_3,condition_recombine_pseudolabel,0.5,0.7,random_forest,3,158,79,1.5,False,1.0,1.0,1.0,reaction_role_concat,6144,random_forest,False,valid,spearman,0.877196983515011,1,0.05,random,,
condition_recombine_pseudolabel__mult_0.5__sim_0.7__teacher_rf__seed_4,condition_recombine_pseudolabel,0.5,0.7,random_forest,4,158,79,1.5,False,1.0,1.0,1.0,reaction_role_concat,6144,random_forest,False,valid,rmse,14.720123380042265,1,0.05,random,,
condition_recombine_pseudolabel__mult_0.5__sim_0.7__teacher_rf__seed_4,condition_recombine_pseudolabel,0.5,0.7,random_forest,4,158,79,1.5,False,1.0,1.0,1.0,reaction_role_concat,6144,random_forest,False,valid,mae,10.553976869520506,1,0.05,random,,
condition_recombine_pseudolabel__mult_0.5__sim_0.7__teacher_rf__seed_4,condition_recombine_pseudolabel,0.5,0.7,random_forest,4,158,79,1.5,False,1.0,1.0,1.0,reaction_role_concat,6144,random_forest,False,valid,r2,0.7215370621989012,1,0.05,random,,
condition_recombine_pseudolabel__mult_0.5__sim_0.7__teacher_rf__seed_4,condition_recombine_pseudolabel,0.5,0.7,random_forest,4,158,79,1.5,False,1.0,1.0,1.0,reaction_role_concat,6144,random_forest,False,valid,spearman,0.8685552127757874,1,0.05,random,,
condition_recombine_pseudolabel__mult_0.5__sim_0.8__teacher_ridge__seed_0,condition_recombine_pseudolabel,0.5,0.8,ridge,0,158,73,1.4620253164556962,False,1.0,1.0,1.0,reaction_role_concat,6144,random_forest,False,valid,rmse,14.312976659423576,1,0.05,random,,
condition_recombine_pseudolabel__mult_0.5__sim_0.8__teacher_ridge__seed_0,condition_recombine_pseudolabel,0.5,0.8,ridge,0,158,73,1.4620253164556962,False,1.0,1.0,1.0,reaction_role_concat,6144,random_forest,False,valid,mae,10.523925024117094,1,0.05,random,,
condition_recombine_pseudolabel__mult_0.5__sim_0.8__teacher_ridge__seed_0,condition_recombine_pseudolabel,0.5,0.8,ridge,0,158,73,1.4620253164556962,False,1.0,1.0,1.0,reaction_role_concat,6144,random_forest,False,valid,r2,0.7367281492351634,1,0.05,random,,
condition_recombine_pseudolabel__mult_0.5__sim_0.8__teacher_ridge__seed_0,condition_recombine_pseudolabel,0.5,0.8,ridge,0,158,73,1.4620253164556962,False,1.0,1.0,1.0,reaction_role_concat,6144,random_forest,False,valid,spearman,0.8857595925495858,1,0.05,random,,
condition_recombine_pseudolabel__mult_0.5__sim_0.8__teacher_ridge__seed_1,condition_recombine_pseudolabel,0.5,0.8,ridge,1,158,71,1.4493670886075949,False,1.0,1.0,1.0,reaction_role_concat,6144,random_forest,False,valid,rmse,14.157237663608731,1,0.05,random,,
condition_recombine_pseudolabel__mult_0.5__sim_0.8__teacher_ridge__seed_1,condition_recombine_pseudolabel,0.5,0.8,ridge,1,158,71,1.4493670886075949,False,1.0,1.0,1.0,reaction_role_concat,6144,random_forest,False,valid,mae,10.383063404009311,1,0.05,random,,
condition_recombine_pseudolabel__mult_0.5__sim_0.8__teacher_ridge__seed_1,condition_recombine_pseudolabel,0.5,0.8,ridge,1,158,71,1.4493670886075949,False,1.0,1.0,1.0,reaction_role_concat,6144,random_forest,False,valid,r2,0.7424262825642598,1,0.05,random,,
condition_recombine_pseudolabel__mult_0.5__sim_0.8__teacher_ridge__seed_1,condition_recombine_pseudolabel,0.5,0.8,ridge,1,158,71,1.4493670886075949,False,1.0,1.0,1.0,reaction_role_concat,6144,random_forest,False,valid,spearman,0.8817043321864708,1,0.05,random,,
condition_recombine_pseudolabel__mult_0.5__sim_0.8__teacher_ridge__seed_2,condition_recombine_pseudolabel,0.5,0.8,ridge,2,158,70,1.4430379746835442,False,1.0,1.0,1.0,reaction_role_concat,6144,random_forest,False,valid,rmse,14.760133348676838,1,0.05,random,,
condition_recombine_pseudolabel__mult_0.5__sim_0.8__teacher_ridge__seed_2,condition_recombine_pseudolabel,0.5,0.8,ridge,2,158,70,1.4430379746835442,False,1.0,1.0,1.0,reaction_role_concat,6144,random_forest,False,valid,mae,10.924294237537474,1,0.05,random,,
condition_recombine_pseudolabel__mult_0.5__sim_0.8__teacher_ridge__seed_2,condition_recombine_pseudolabel,0.5,0.8,ridge,2,158,70,1.4430379746835442,False,1.0,1.0,1.0,reaction_role_concat,6144,random_forest,False,valid,r2,0.7200212549747611,1,0.05,random,,
condition_recombine_pseudolabel__mult_0.5__sim_0.8__teacher_ridge__seed_2,condition_recombine_pseudolabel,0.5,0.8,ridge,2,158,70,1.4430379746835442,False,1.0,1.0,1.0,reaction_role_concat,6144,random_forest,False,valid,spearman,0.874437515268339,1,0.05,random,,
condition_recombine_pseudolabel__mult_0.5__sim_0.8__teacher_ridge__seed_3,condition_recombine_pseudolabel,0.5,0.8,ridge,3,158,69,1.4367088607594938,False,1.0,1.0,1.0,reaction_role_concat,6144,random_forest,False,valid,rmse,15.124172250368675,1,0.05,random,,
condition_recombine_pseudolabel__mult_0.5__sim_0.8__teacher_ridge__seed_3,condition_recombine_pseudolabel,0.5,0.8,ridge,3,158,69,1.4367088607594938,False,1.0,1.0,1.0,reaction_role_concat,6144,random_forest,False,valid,mae,11.180377591742747,1,0.05,random,,
condition_recombine_pseudolabel__mult_0.5__sim_0.8__teacher_ridge__seed_3,condition_recombine_pseudolabel,0.5,0.8,ridge,3,158,69,1.4367088607594938,False,1.0,1.0,1.0,reaction_role_concat,6144,random_forest,False,valid,r2,0.706040344181228,1,0.05,random,,
condition_recombine_pseudolabel__mult_0.5__sim_0.8__teacher_ridge__seed_3,condition_recombine_pseudolabel,0.5,0.8,ridge,3,158,69,1.4367088607594938,False,1.0,1.0,1.0,reaction_role_concat,6144,random_forest,False,valid,spearman,0.8688490750447049,1,0.05,random,,
condition_recombine_pseudolabel__mult_0.5__sim_0.8__teacher_ridge__seed_4,condition_recombine_pseudolabel,0.5,0.8,ridge,4,158,71,1.4493670886075949,False,1.0,1.0,1.0,reaction_role_concat,6144,random_forest,False,valid,rmse,14.064682387347803,1,0.05,random,,
condition_recombine_pseudolabel__mult_0.5__sim_0.8__teacher_ridge__seed_4,condition_recombine_pseudolabel,0.5,0.8,ridge,4,158,71,1.4493670886075949,False,1.0,1.0,1.0,reaction_role_concat,6144,random_forest,False,valid,mae,10.13086980905412,1,0.05,random,,
condition_recombine_pseudolabel__mult_0.5__sim_0.8__teacher_ridge__seed_4,condition_recombine_pseudolabel,0.5,0.8,ridge,4,158,71,1.4493670886075949,False,1.0,1.0,1.0,reaction_role_concat,6144,random_forest,False,valid,r2,0.745783134911542,1,0.05,random,,
condition_recombine_pseudolabel__mult_0.5__sim_0.8__teacher_ridge__seed_4,condition_recombine_pseudolabel,0.5,0.8,ridge,4,158,71,1.4493670886075949,False,1.0,1.0,1.0,reaction_role_concat,6144,random_forest,False,valid,spearman,0.8748647803787899,1,0.05,random,,
condition_recombine_pseudolabel__mult_0.5__sim_0.8__teacher_rf__seed_0,condition_recombine_pseudolabel,0.5,0.8,random_forest,0,158,73,1.4620253164556962,False,1.0,1.0,1.0,reaction_role_concat,6144,random_forest,False,valid,rmse,14.86541339307929,1,0.05,random,,
condition_recombine_pseudolabel__mult_0.5__sim_0.8__teacher_rf__seed_0,condition_recombine_pseudolabel,0.5,0.8,random_forest,0,158,73,1.4620253164556962,False,1.0,1.0,1.0,reaction_role_concat,6144,random_forest,False,valid,mae,10.686774376555334,1,0.05,random,,
condition_recombine_pseudolabel__mult_0.5__sim_0.8__teacher_rf__seed_0,condition_recombine_pseudolabel,0.5,0.8,random_forest,0,158,73,1.4620253164556962,False,1.0,1.0,1.0,reaction_role_concat,6144,random_forest,False,valid,r2,0.7160129852924375,1,0.05,random,,
condition_recombine_pseudolabel__mult_0.5__sim_0.8__teacher_rf__seed_0,condition_recombine_pseudolabel,0.5,0.8,random_forest,0,158,73,1.4620253164556962,False,1.0,1.0,1.0,reaction_role_concat,6144,random_forest,False,valid,spearman,0.8656716040633965,1,0.05,random,,
condition_recombine_pseudolabel__mult_0.5__sim_0.8__teacher_rf__seed_1,condition_recombine_pseudolabel,0.5,0.8,random_forest,1,158,71,1.4493670886075949,False,1.0,1.0,1.0,reaction_role_concat,6144,random_forest,False,valid,rmse,14.543573857200553,1,0.05,random,,
condition_recombine_pseudolabel__mult_0.5__sim_0.8__teacher_rf__seed_1,condition_recombine_pseudolabel,0.5,0.8,random_forest,1,158,71,1.4493670886075949,False,1.0,1.0,1.0,reaction_role_concat,6144,random_forest,False,valid,mae,10.399626244323162,1,0.05,random,,
condition_recombine_pseudolabel__mult_0.5__sim_0.8__teacher_rf__seed_1,condition_recombine_pseudolabel,0.5,0.8,random_forest,1,158,71,1.4493670886075949,False,1.0,1.0,1.0,reaction_role_concat,6144,random_forest,False,valid,r2,0.7281766366242446,1,0.05,random,,
condition_recombine_pseudolabel__mult_0.5__sim_0.8__teacher_rf__seed_1,condition_recombine_pseudolabel,0.5,0.8,random_forest,1,158,71,1.4493670886075949,False,1.0,1.0,1.0,reaction_role_concat,6144,random_forest,False,valid,spearman,0.8745273937777961,1,0.05,random,,
condition_recombine_pseudolabel__mult_0.5__sim_0.8__teacher_rf__seed_2,condition_recombine_pseudolabel,0.5,0.8,random_forest,2,158,70,1.4430379746835442,False,1.0,1.0,1.0,reaction_role_concat,6144,random_forest,False,valid,rmse,14.480707015729962,1,0.05,random,,
condition_recombine_pseudolabel__mult_0.5__sim_0.8__teacher_rf__seed_2,condition_recombine_pseudolabel,0.5,0.8,random_forest,2,158,70,1.4430379746835442,False,1.0,1.0,1.0,reaction_role_concat,6144,random_forest,False,valid,mae,10.433553012900713,1,0.05,random,,
condition_recombine_pseudolabel__mult_0.5__sim_0.8__teacher_rf__seed_2,condition_recombine_pseudolabel,0.5,0.8,random_forest,2,158,70,1.4430379746835442,False,1.0,1.0,1.0,reaction_role_concat,6144,random_forest,False,valid,r2,0.7305215543509458,1,0.05,random,,
condition_recombine_pseudolabel__mult_0.5__sim_0.8__teacher_rf__seed_2,condition_recombine_pseudolabel,0.5,0.8,random_forest,2,158,70,1.4430379746835442,False,1.0,1.0,1.0,reaction_role_concat,6144,random_forest,False,valid,spearman,0.8709095188725928,1,0.05,random,,
condition_recombine_pseudolabel__mult_0.5__sim_0.8__teacher_rf__seed_3,condition_recombine_pseudolabel,0.5,0.8,random_forest,3,158,69,1.4367088607594938,False,1.0,1.0,1.0,reaction_role_concat,6144,random_forest,False,valid,rmse,14.918681575166827,1,0.05,random,,
condition_recombine_pseudolabel__mult_0.5__sim_0.8__teacher_rf__seed_3,condition_recombine_pseudolabel,0.5,0.8,random_forest,3,158,69,1.4367088607594938,False,1.0,1.0,1.0,reaction_role_concat,6144,random_forest,False,valid,mae,10.736556168709377,1,0.05,random,,
condition_recombine_pseudolabel__mult_0.5__sim_0.8__teacher_rf__seed_3,condition_recombine_pseudolabel,0.5,0.8,random_forest,3,158,69,1.4367088607594938,False,1.0,1.0,1.0,reaction_role_concat,6144,random_forest,False,valid,r2,0.7139740812638824,1,0.05,random,,
condition_recombine_pseudolabel__mult_0.5__sim_0.8__teacher_rf__seed_3,condition_recombine_pseudolabel,0.5,0.8,random_forest,3,158,69,1.4367088607594938,False,1.0,1.0,1.0,reaction_role_concat,6144,random_forest,False,valid,spearman,0.8673831716455813,1,0.05,random,,
condition_recombine_pseudolabel__mult_0.5__sim_0.8__teacher_rf__seed_4,condition_recombine_pseudolabel,0.5,0.8,random_forest,4,158,71,1.4493670886075949,False,1.0,1.0,1.0,reaction_role_concat,6144,random_forest,False,valid,rmse,14.72284792501048,1,0.05,random,,
condition_recombine_pseudolabel__mult_0.5__sim_0.8__teacher_rf__seed_4,condition_recombine_pseudolabel,0.5,0.8,random_forest,4,158,71,1.4493670886075949,False,1.0,1.0,1.0,reaction_role_concat,6144,random_forest,False,valid,mae,10.406610637592363,1,0.05,random,,
condition_recombine_pseudolabel__mult_0.5__sim_0.8__teacher_rf__seed_4,condition_recombine_pseudolabel,0.5,0.8,random_forest,4,158,71,1.4493670886075949,False,1.0,1.0,1.0,reaction_role_concat,6144,random_forest,False,valid,r2,0.721433971349885,1,0.05,random,,
condition_recombine_pseudolabel__mult_0.5__sim_0.8__teacher_rf__seed_4,condition_recombine_pseudolabel,0.5,0.8,random_forest,4,158,71,1.4493670886075949,False,1.0,1.0,1.0,reaction_role_concat,6144,random_forest,False,valid,spearman,0.8681241563594525,1,0.05,random,,
condition_recombine_pseudolabel__mult_0.5__sim_0.9__teacher_ridge__seed_0,condition_recombine_pseudolabel,0.5,0.9,ridge,0,158,17,1.1075949367088607,False,1.0,1.0,1.0,reaction_role_concat,6144,random_forest,False,valid,rmse,14.444854224499323,1,0.05,random,,
condition_recombine_pseudolabel__mult_0.5__sim_0.9__teacher_ridge__seed_0,condition_recombine_pseudolabel,0.5,0.9,ridge,0,158,17,1.1075949367088607,False,1.0,1.0,1.0,reaction_role_concat,6144,random_forest,False,valid,mae,10.619077866476546,1,0.05,random,,
condition_recombine_pseudolabel__mult_0.5__sim_0.9__teacher_ridge__seed_0,condition_recombine_pseudolabel,0.5,0.9,ridge,0,158,17,1.1075949367088607,False,1.0,1.0,1.0,reaction_role_concat,6144,random_forest,False,valid,r2,0.731854306117594,1,0.05,random,,
condition_recombine_pseudolabel__mult_0.5__sim_0.9__teacher_ridge__seed_0,condition_recombine_pseudolabel,0.5,0.9,ridge,0,158,17,1.1075949367088607,False,1.0,1.0,1.0,reaction_role_concat,6144,random_forest,False,valid,spearman,0.8725251771324174,1,0.05,random,,
condition_recombine_pseudolabel__mult_0.5__sim_0.9__teacher_ridge__seed_1,condition_recombine_pseudolabel,0.5,0.9,ridge,1,158,29,1.1835443037974684,False,1.0,1.0,1.0,reaction_role_concat,6144,random_forest,False,valid,rmse,14.057923977443082,1,0.05,random,,
condition_recombine_pseudolabel__mult_0.5__sim_0.9__teacher_ridge__seed_1,condition_recombine_pseudolabel,0.5,0.9,ridge,1,158,29,1.1835443037974684,False,1.0,1.0,1.0,reaction_role_concat,6144,random_forest,False,valid,mae,10.32877440829292,1,0.05,random,,
condition_recombine_pseudolabel__mult_0.5__sim_0.9__teacher_ridge__seed_1,condition_recombine_pseudolabel,0.5,0.9,ridge,1,158,29,1.1835443037974684,False,1.0,1.0,1.0,reaction_role_concat,6144,random_forest,False,valid,r2,0.7460273905495359,1,0.05,random,,
condition_recombine_pseudolabel__mult_0.5__sim_0.9__teacher_ridge__seed_1,condition_recombine_pseudolabel,0.5,0.9,ridge,1,158,29,1.1835443037974684,False,1.0,1.0,1.0,reaction_role_concat,6144,random_forest,False,valid,spearman,0.883917646710913,1,0.05,random,,
condition_recombine_pseudolabel__mult_0.5__sim_0.9__teacher_ridge__seed_2,condition_recombine_pseudolabel,0.5,0.9,ridge,2,158,23,1.1455696202531647,False,1.0,1.0,1.0,reaction_role_concat,6144,random_forest,False,valid,rmse,14.557186541629443,1,0.05,random,,
condition_recombine_pseudolabel__mult_0.5__sim_0.9__teacher_ridge__seed_2,condition_recombine_pseudolabel,0.5,0.9,ridge,2,158,23,1.1455696202531647,False,1.0,1.0,1.0,reaction_role_concat,6144,random_forest,False,valid,mae,10.545137474040443,1,0.05,random,,
condition_recombine_pseudolabel__mult_0.5__sim_0.9__teacher_ridge__seed_2,condition_recombine_pseudolabel,0.5,0.9,ridge,2,158,23,1.1455696202531647,False,1.0,1.0,1.0,reaction_role_concat,6144,random_forest,False,valid,r2,0.7276675489124422,1,0.05,random,,
condition_recombine_pseudolabel__mult_0.5__sim_0.9__teacher_ridge__seed_2,condition_recombine_pseudolabel,0.5,0.9,ridge,2,158,23,1.1455696202531647,False,1.0,1.0,1.0,reaction_role_concat,6144,random_forest,False,valid,spearman,0.8750847389160613,1,0.05,random,,
condition_recombine_pseudolabel__mult_0.5__sim_0.9__teacher_ridge__seed_3,condition_recombine_pseudolabel,0.5,0.9,ridge,3,158,28,1.1772151898734178,False,1.0,1.0,1.0,reaction_role_concat,6144,random_forest,False,valid,rmse,14.572313697346026,1,0.05,random,,
condition_recombine_pseudolabel__mult_0.5__sim_0.9__teacher_ridge__seed_3,condition_recombine_pseudolabel,0.5,0.9,ridge,3,158,28,1.1772151898734178,False,1.0,1.0,1.0,reaction_role_concat,6144,random_forest,False,valid,mae,10.754338761493374,1,0.05,random,,
condition_recombine_pseudolabel__mult_0.5__sim_0.9__teacher_ridge__seed_3,condition_recombine_pseudolabel,0.5,0.9,ridge,3,158,28,1.1772151898734178,False,1.0,1.0,1.0,reaction_role_concat,6144,random_forest,False,valid,r2,0.7271012642338075,1,0.05,random,,
condition_recombine_pseudolabel__mult_0.5__sim_0.9__teacher_ridge__seed_3,condition_recombine_pseudolabel,0.5,0.9,ridge,3,158,28,1.1772151898734178,False,1.0,1.0,1.0,reaction_role_concat,6144,random_forest,False,valid,spearman,0.8761679787244471,1,0.05,random,,
condition_recombine_pseudolabel__mult_0.5__sim_0.9__teacher_ridge__seed_4,condition_recombine_pseudolabel,0.5,0.9,ridge,4,158,23,1.1455696202531647,False,1.0,1.0,1.0,reaction_role_concat,6144,random_forest,False,valid,rmse,14.581585945128646,1,0.05,random,,
condition_recombine_pseudolabel__mult_0.5__sim_0.9__teacher_ridge__seed_4,condition_recombine_pseudolabel,0.5,0.9,ridge,4,158,23,1.1455696202531647,False,1.0,1.0,1.0,reaction_role_concat,6144,random_forest,False,valid,mae,10.467133171549326,1,0.05,random,,
condition_recombine_pseudolabel__mult_0.5__sim_0.9__teacher_ridge__seed_4,condition_recombine_pseudolabel,0.5,0.9,ridge,4,158,23,1.1455696202531647,False,1.0,1.0,1.0,reaction_role_concat,6144,random_forest,False,valid,r2,0.7267538671379133,1,0.05,random,,
condition_recombine_pseudolabel__mult_0.5__sim_0.9__teacher_ridge__seed_4,condition_recombine_pseudolabel,0.5,0.9,ridge,4,158,23,1.1455696202531647,False,1.0,1.0,1.0,reaction_role_concat,6144,random_forest,False,valid,spearman,0.8721856483942741,1,0.05,random,,
condition_recombine_pseudolabel__mult_0.5__sim_0.9__teacher_rf__seed_0,condition_recombine_pseudolabel,0.5,0.9,random_forest,0,158,17,1.1075949367088607,False,1.0,1.0,1.0,reaction_role_concat,6144,random_forest,False,valid,rmse,14.89814688638668,1,0.05,random,,
condition_recombine_pseudolabel__mult_0.5__sim_0.9__teacher_rf__seed_0,condition_recombine_pseudolabel,0.5,0.9,random_forest,0,158,17,1.1075949367088607,False,1.0,1.0,1.0,reaction_role_concat,6144,random_forest,False,valid,mae,10.83697504534827,1,0.05,random,,
condition_recombine_pseudolabel__mult_0.5__sim_0.9__teacher_rf__seed_0,condition_recombine_pseudolabel,0.5,0.9,random_forest,0,158,17,1.1075949367088607,False,1.0,1.0,1.0,reaction_role_concat,6144,random_forest,False,valid,r2,0.7147609351105937,1,0.05,random,,
condition_recombine_pseudolabel__mult_0.5__sim_0.9__teacher_rf__seed_0,condition_recombine_pseudolabel,0.5,0.9,random_forest,0,158,17,1.1075949367088607,False,1.0,1.0,1.0,reaction_role_concat,6144,random_forest,False,valid,spearman,0.862631521969246,1,0.05,random,,
condition_recombine_pseudolabel__mult_0.5__sim_0.9__teacher_rf__seed_1,condition_recombine_pseudolabel,0.5,0.9,random_forest,1,158,29,1.1835443037974684,False,1.0,1.0,1.0,reaction_role_concat,6144,random_forest,False,valid,rmse,14.404863169321601,1,0.05,random,,
condition_recombine_pseudolabel__mult_0.5__sim_0.9__teacher_rf__seed_1,condition_recombine_pseudolabel,0.5,0.9,random_forest,1,158,29,1.1835443037974684,False,1.0,1.0,1.0,reaction_role_concat,6144,random_forest,False,valid,mae,10.319628405236745,1,0.05,random,,
condition_recombine_pseudolabel__mult_0.5__sim_0.9__teacher_rf__seed_1,condition_recombine_pseudolabel,0.5,0.9,random_forest,1,158,29,1.1835443037974684,False,1.0,1.0,1.0,reaction_role_concat,6144,random_forest,False,valid,r2,0.7333369912301724,1,0.05,random,,
condition_recombine_pseudolabel__mult_0.5__sim_0.9__teacher_rf__seed_1,condition_recombine_pseudolabel,0.5,0.9,random_forest,1,158,29,1.1835443037974684,False,1.0,1.0,1.0,reaction_role_concat,6144,random_forest,False,valid,spearman,0.87776221561278,1,0.05,random,,
condition_recombine_pseudolabel__mult_0.5__sim_0.9__teacher_rf__seed_2,condition_recombine_pseudolabel,0.5,0.9,random_forest,2,158,23,1.1455696202531647,False,1.0,1.0,1.0,reaction_role_concat,6144,random_forest,False,valid,rmse,14.498947333843764,1,0.05,random,,
condition_recombine_pseudolabel__mult_0.5__sim_0.9__teacher_rf__seed_2,condition_recombine_pseudolabel,0.5,0.9,random_forest,2,158,23,1.1455696202531647,False,1.0,1.0,1.0,reaction_role_concat,6144,random_forest,False,valid,mae,10.454447688336614,1,0.05,random,,
condition_recombine_pseudolabel__mult_0.5__sim_0.9__teacher_rf__seed_2,condition_recombine_pseudolabel,0.5,0.9,random_forest,2,158,23,1.1455696202531647,False,1.0,1.0,1.0,reaction_role_concat,6144,random_forest,False,valid,r2,0.7298422410631396,1,0.05,random,,
condition_recombine_pseudolabel__mult_0.5__sim_0.9__teacher_rf__seed_2,condition_recombine_pseudolabel,0.5,0.9,random_forest,2,158,23,1.1455696202531647,False,1.0,1.0,1.0,reaction_role_concat,6144,random_forest,False,valid,spearman,0.8698240395571873,1,0.05,random,,
condition_recombine_pseudolabel__mult_0.5__sim_0.9__teacher_rf__seed_3,condition_recombine_pseudolabel,0.5,0.9,random_forest,3,158,28,1.1772151898734178,False,1.0,1.0,1.0,reaction_role_concat,6144,random_forest,False,valid,rmse,14.271738512455864,1,0.05,random,,
condition_recombine_pseudolabel__mult_0.5__sim_0.9__teacher_rf__seed_3,condition_recombine_pseudolabel,0.5,0.9,random_forest,3,158,28,1.1772151898734178,False,1.0,1.0,1.0,reaction_role_concat,6144,random_forest,False,valid,mae,10.345925584157811,1,0.05,random,,
condition_recombine_pseudolabel__mult_0.5__sim_0.9__teacher_rf__seed_3,condition_recombine_pseudolabel,0.5,0.9,random_forest,3,158,28,1.1772151898734178,False,1.0,1.0,1.0,reaction_role_concat,6144,random_forest,False,valid,r2,0.7382430267223665,1,0.05,random,,
condition_recombine_pseudolabel__mult_0.5__sim_0.9__teacher_rf__seed_3,condition_recombine_pseudolabel,0.5,0.9,random_forest,3,158,28,1.1772151898734178,False,1.0,1.0,1.0,reaction_role_concat,6144,random_forest,False,valid,spearman,0.8777667919966896,1,0.05,random,,
condition_recombine_pseudolabel__mult_0.5__sim_0.9__teacher_rf__seed_4,condition_recombine_pseudolabel,0.5,0.9,random_forest,4,158,23,1.1455696202531647,False,1.0,1.0,1.0,reaction_role_concat,6144,random_forest,False,valid,rmse,14.476381134595135,1,0.05,random,,
condition_recombine_pseudolabel__mult_0.5__sim_0.9__teacher_rf__seed_4,condition_recombine_pseudolabel,0.5,0.9,random_forest,4,158,23,1.1455696202531647,False,1.0,1.0,1.0,reaction_role_concat,6144,random_forest,False,valid,mae,10.390714000095295,1,0.05,random,,
condition_recombine_pseudolabel__mult_0.5__sim_0.9__teacher_rf__seed_4,condition_recombine_pseudolabel,0.5,0.9,random_forest,4,158,23,1.1455696202531647,False,1.0,1.0,1.0,reaction_role_concat,6144,random_forest,False,valid,r2,0.7306825351098403,1,0.05,random,,
condition_recombine_pseudolabel__mult_0.5__sim_0.9__teacher_rf__seed_4,condition_recombine_pseudolabel,0.5,0.9,random_forest,4,158,23,1.1455696202531647,False,1.0,1.0,1.0,reaction_role_concat,6144,random_forest,False,valid,spearman,0.872154976885093,1,0.05,random,,
condition_recombine_pseudolabel__mult_1__sim_0.7__teacher_ridge__seed_0,condition_recombine_pseudolabel,1.0,0.7,ridge,0,158,158,2.0,False,1.0,1.0,1.0,reaction_role_concat,6144,random_forest,False,valid,rmse,14.332151943536664,1,0.05,random,,
condition_recombine_pseudolabel__mult_1__sim_0.7__teacher_ridge__seed_0,condition_recombine_pseudolabel,1.0,0.7,ridge,0,158,158,2.0,False,1.0,1.0,1.0,reaction_role_concat,6144,random_forest,False,valid,mae,10.547452936190593,1,0.05,random,,
condition_recombine_pseudolabel__mult_1__sim_0.7__teacher_ridge__seed_0,condition_recombine_pseudolabel,1.0,0.7,ridge,0,158,158,2.0,False,1.0,1.0,1.0,reaction_role_concat,6144,random_forest,False,valid,r2,0.7360222591463115,1,0.05,random,,
condition_recombine_pseudolabel__mult_1__sim_0.7__teacher_ridge__seed_0,condition_recombine_pseudolabel,1.0,0.7,ridge,0,158,158,2.0,False,1.0,1.0,1.0,reaction_role_concat,6144,random_forest,False,valid,spearman,0.8856428460749562,1,0.05,random,,
condition_recombine_pseudolabel__mult_1__sim_0.7__teacher_ridge__seed_1,condition_recombine_pseudolabel,1.0,0.7,ridge,1,158,158,2.0,False,1.0,1.0,1.0,reaction_role_concat,6144,random_forest,False,valid,rmse,14.085266941152724,1,0.05,random,,
condition_recombine_pseudolabel__mult_1__sim_0.7__teacher_ridge__seed_1,condition_recombine_pseudolabel,1.0,0.7,ridge,1,158,158,2.0,False,1.0,1.0,1.0,reaction_role_concat,6144,random_forest,False,valid,mae,10.532940890300878,1,0.05,random,,
condition_recombine_pseudolabel__mult_1__sim_0.7__teacher_ridge__seed_1,condition_recombine_pseudolabel,1.0,0.7,ridge,1,158,158,2.0,False,1.0,1.0,1.0,reaction_role_concat,6144,random_forest,False,valid,r2,0.745038465396302,1,0.05,random,,
condition_recombine_pseudolabel__mult_1__sim_0.7__teacher_ridge__seed_1,condition_recombine_pseudolabel,1.0,0.7,ridge,1,158,158,2.0,False,1.0,1.0,1.0,reaction_role_concat,6144,random_forest,False,valid,spearman,0.8905128975137183,1,0.05,random,,
condition_recombine_pseudolabel__mult_1__sim_0.7__teacher_ridge__seed_2,condition_recombine_pseudolabel,1.0,0.7,ridge,2,158,158,2.0,False,1.0,1.0,1.0,reaction_role_concat,6144,random_forest,False,valid,rmse,14.891317073229056,1,0.05,random,,
condition_recombine_pseudolabel__mult_1__sim_0.7__teacher_ridge__seed_2,condition_recombine_pseudolabel,1.0,0.7,ridge,2,158,158,2.0,False,1.0,1.0,1.0,reaction_role_concat,6144,random_forest,False,valid,mae,10.991850067606457,1,0.05,random,,
condition_recombine_pseudolabel__mult_1__sim_0.7__teacher_ridge__seed_2,condition_recombine_pseudolabel,1.0,0.7,ridge,2,158,158,2.0,False,1.0,1.0,1.0,reaction_role_concat,6144,random_forest,False,valid,r2,0.715022401585472,1,0.05,random,,
condition_recombine_pseudolabel__mult_1__sim_0.7__teacher_ridge__seed_2,condition_recombine_pseudolabel,1.0,0.7,ridge,2,158,158,2.0,False,1.0,1.0,1.0,reaction_role_concat,6144,random_forest,False,valid,spearman,0.8673517211774369,1,0.05,random,,
condition_recombine_pseudolabel__mult_1__sim_0.7__teacher_ridge__seed_3,condition_recombine_pseudolabel,1.0,0.7,ridge,3,158,158,2.0,False,1.0,1.0,1.0,reaction_role_concat,6144,random_forest,False,valid,rmse,14.709613604233404,1,0.05,random,,
condition_recombine_pseudolabel__mult_1__sim_0.7__teacher_ridge__seed_3,condition_recombine_pseudolabel,1.0,0.7,ridge,3,158,158,2.0,False,1.0,1.0,1.0,reaction_role_concat,6144,random_forest,False,valid,mae,10.871810452916202,1,0.05,random,,
condition_recombine_pseudolabel__mult_1__sim_0.7__teacher_ridge__seed_3,condition_recombine_pseudolabel,1.0,0.7,ridge,3,158,158,2.0,False,1.0,1.0,1.0,reaction_role_concat,6144,random_forest,False,valid,r2,0.7219345504835688,1,0.05,random,,
condition_recombine_pseudolabel__mult_1__sim_0.7__teacher_ridge__seed_3,condition_recombine_pseudolabel,1.0,0.7,ridge,3,158,158,2.0,False,1.0,1.0,1.0,reaction_role_concat,6144,random_forest,False,valid,spearman,0.869549846002094,1,0.05,random,,
condition_recombine_pseudolabel__mult_1__sim_0.7__teacher_ridge__seed_4,condition_recombine_pseudolabel,1.0,0.7,ridge,4,158,158,2.0,False,1.0,1.0,1.0,reaction_role_concat,6144,random_forest,False,valid,rmse,13.910949556229461,1,0.05,random,,
condition_recombine_pseudolabel__mult_1__sim_0.7__teacher_ridge__seed_4,condition_recombine_pseudolabel,1.0,0.7,ridge,4,158,158,2.0,False,1.0,1.0,1.0,reaction_role_concat,6144,random_forest,False,valid,mae,10.157644550036025,1,0.05,random,,
condition_recombine_pseudolabel__mult_1__sim_0.7__teacher_ridge__seed_4,condition_recombine_pseudolabel,1.0,0.7,ridge,4,158,158,2.0,False,1.0,1.0,1.0,reaction_role_concat,6144,random_forest,False,valid,r2,0.7513101548479921,1,0.05,random,,
condition_recombine_pseudolabel__mult_1__sim_0.7__teacher_ridge__seed_4,condition_recombine_pseudolabel,1.0,0.7,ridge,4,158,158,2.0,False,1.0,1.0,1.0,reaction_role_concat,6144,random_forest,False,valid,spearman,0.8762290296331985,1,0.05,random,,
condition_recombine_pseudolabel__mult_1__sim_0.7__teacher_rf__seed_0,condition_recombine_pseudolabel,1.0,0.7,random_forest,0,158,158,2.0,False,1.0,1.0,1.0,reaction_role_concat,6144,random_forest,False,valid,rmse,14.807108524340896,1,0.05,random,,
condition_recombine_pseudolabel__mult_1__sim_0.7__teacher_rf__seed_0,condition_recombine_pseudolabel,1.0,0.7,random_forest,0,158,158,2.0,False,1.0,1.0,1.0,reaction_role_concat,6144,random_forest,False,valid,mae,10.56604522198967,1,0.05,random,,
condition_recombine_pseudolabel__mult_1__sim_0.7__teacher_rf__seed_0,condition_recombine_pseudolabel,1.0,0.7,random_forest,0,158,158,2.0,False,1.0,1.0,1.0,reaction_role_concat,6144,random_forest,False,valid,r2,0.7182363145426287,1,0.05,random,,
condition_recombine_pseudolabel__mult_1__sim_0.7__teacher_rf__seed_0,condition_recombine_pseudolabel,1.0,0.7,random_forest,0,158,158,2.0,False,1.0,1.0,1.0,reaction_role_concat,6144,random_forest,False,valid,spearman,0.8661453084829737,1,0.05,random,,
condition_recombine_pseudolabel__mult_1__sim_0.7__teacher_rf__seed_1,condition_recombine_pseudolabel,1.0,0.7,random_forest,1,158,158,2.0,False,1.0,1.0,1.0,reaction_role_concat,6144,random_forest,False,valid,rmse,14.973063504469554,1,0.05,random,,
condition_recombine_pseudolabel__mult_1__sim_0.7__teacher_rf__seed_1,condition_recombine_pseudolabel,1.0,0.7,random_forest,1,158,158,2.0,False,1.0,1.0,1.0,reaction_role_concat,6144,random_forest,False,valid,mae,10.514387146402008,1,0.05,random,,
condition_recombine_pseudolabel__mult_1__sim_0.7__teacher_rf__seed_1,condition_recombine_pseudolabel,1.0,0.7,random_forest,1,158,158,2.0,False,1.0,1.0,1.0,reaction_role_concat,6144,random_forest,False,valid,r2,0.7118850238246901,1,0.05,random,,
condition_recombine_pseudolabel__mult_1__sim_0.7__teacher_rf__seed_1,condition_recombine_pseudolabel,1.0,0.7,random_forest,1,158,158,2.0,False,1.0,1.0,1.0,reaction_role_concat,6144,random_forest,False,valid,spearman,0.8601697195355004,1,0.05,random,,
condition_recombine_pseudolabel__mult_1__sim_0.7__teacher_rf__seed_2,condition_recombine_pseudolabel,1.0,0.7,random_forest,2,158,158,2.0,False,1.0,1.0,1.0,reaction_role_concat,6144,random_forest,False,valid,rmse,15.071829912989907,1,0.05,random,,
condition_recombine_pseudolabel__mult_1__sim_0.7__teacher_rf__seed_2,condition_recombine_pseudolabel,1.0,0.7,random_forest,2,158,158,2.0,False,1.0,1.0,1.0,reaction_role_concat,6144,random_forest,False,valid,mae,10.702910840998724,1,0.05,random,,
condition_recombine_pseudolabel__mult_1__sim_0.7__teacher_rf__seed_2,condition_recombine_pseudolabel,1.0,0.7,random_forest,2,158,158,2.0,False,1.0,1.0,1.0,reaction_role_concat,6144,random_forest,False,valid,r2,0.7080715178625503,1,0.05,random,,
condition_recombine_pseudolabel__mult_1__sim_0.7__teacher_rf__seed_2,condition_recombine_pseudolabel,1.0,0.7,random_forest,2,158,158,2.0,False,1.0,1.0,1.0,reaction_role_concat,6144,random_forest,False,valid,spearman,0.8582651648701495,1,0.05,random,,
condition_recombine_pseudolabel__mult_1__sim_0.7__teacher_rf__seed_3,condition_recombine_pseudolabel,1.0,0.7,random_forest,3,158,158,2.0,False,1.0,1.0,1.0,reaction_role_concat,6144,random_forest,False,valid,rmse,15.00926434723394,1,0.05,random,,
condition_recombine_pseudolabel__mult_1__sim_0.7__teacher_rf__seed_3,condition_recombine_pseudolabel,1.0,0.7,random_forest,3,158,158,2.0,False,1.0,1.0,1.0,reaction_role_concat,6144,random_forest,False,valid,mae,10.619683118901676,1,0.05,random,,
condition_recombine_pseudolabel__mult_1__sim_0.7__teacher_rf__seed_3,condition_recombine_pseudolabel,1.0,0.7,random_forest,3,158,158,2.0,False,1.0,1.0,1.0,reaction_role_concat,6144,random_forest,False,valid,r2,0.7104901705374318,1,0.05,random,,
condition_recombine_pseudolabel__mult_1__sim_0.7__teacher_rf__seed_3,condition_recombine_pseudolabel,1.0,0.7,random_forest,3,158,158,2.0,False,1.0,1.0,1.0,reaction_role_concat,6144,random_forest,False,valid,spearman,0.8631473875427137,1,0.05,random,,
condition_recombine_pseudolabel__mult_1__sim_0.7__teacher_rf__seed_4,condition_recombine_pseudolabel,1.0,0.7,random_forest,4,158,158,2.0,False,1.0,1.0,1.0,reaction_role_concat,6144,random_forest,False,valid,rmse,14.754310596012775,1,0.05,random,,
condition_recombine_pseudolabel__mult_1__sim_0.7__teacher_rf__seed_4,condition_recombine_pseudolabel,1.0,0.7,random_forest,4,158,158,2.0,False,1.0,1.0,1.0,reaction_role_concat,6144,random_forest,False,valid,mae,10.401613073318066,1,0.05,random,,
condition_recombine_pseudolabel__mult_1__sim_0.7__teacher_rf__seed_4,condition_recombine_pseudolabel,1.0,0.7,random_forest,4,158,158,2.0,False,1.0,1.0,1.0,reaction_role_concat,6144,random_forest,False,valid,r2,0.720242110082961,1,0.05,random,,
condition_recombine_pseudolabel__mult_1__sim_0.7__teacher_rf__seed_4,condition_recombine_pseudolabel,1.0,0.7,random_forest,4,158,158,2.0,False,1.0,1.0,1.0,reaction_role_concat,6144,random_forest,False,valid,spearman,0.8685464494874497,1,0.05,random,,
condition_recombine_pseudolabel__mult_1__sim_0.8__teacher_ridge__seed_0,condition_recombine_pseudolabel,1.0,0.8,ridge,0,158,140,1.8860759493670887,False,1.0,1.0,1.0,reaction_role_concat,6144,random_forest,False,valid,rmse,14.355525235891866,1,0.05,random,,
condition_recombine_pseudolabel__mult_1__sim_0.8__teacher_ridge__seed_0,condition_recombine_pseudolabel,1.0,0.8,ridge,0,158,140,1.8860759493670887,False,1.0,1.0,1.0,reaction_role_concat,6144,random_forest,False,valid,mae,10.842347738204879,1,0.05,random,,
condition_recombine_pseudolabel__mult_1__sim_0.8__teacher_ridge__seed_0,condition_recombine_pseudolabel,1.0,0.8,ridge,0,158,140,1.8860759493670887,False,1.0,1.0,1.0,reaction_role_concat,6144,random_forest,False,valid,r2,0.7351605518369939,1,0.05,random,,
condition_recombine_pseudolabel__mult_1__sim_0.8__teacher_ridge__seed_0,condition_recombine_pseudolabel,1.0,0.8,ridge,0,158,140,1.8860759493670887,False,1.0,1.0,1.0,reaction_role_concat,6144,random_forest,False,valid,spearman,0.882403253116322,1,0.05,random,,
condition_recombine_pseudolabel__mult_1__sim_0.8__teacher_ridge__seed_1,condition_recombine_pseudolabel,1.0,0.8,ridge,1,158,144,1.9113924050632911,False,1.0,1.0,1.0,reaction_role_concat,6144,random_forest,False,valid,rmse,14.119972793952888,1,0.05,random,,
condition_recombine_pseudolabel__mult_1__sim_0.8__teacher_ridge__seed_1,condition_recombine_pseudolabel,1.0,0.8,ridge,1,158,144,1.9113924050632911,False,1.0,1.0,1.0,reaction_role_concat,6144,random_forest,False,valid,mae,10.550882436594632,1,0.05,random,,
condition_recombine_pseudolabel__mult_1__sim_0.8__teacher_ridge__seed_1,condition_recombine_pseudolabel,1.0,0.8,ridge,1,158,144,1.9113924050632911,False,1.0,1.0,1.0,reaction_role_concat,6144,random_forest,False,valid,r2,0.7437804758962432,1,0.05,random,,
condition_recombine_pseudolabel__mult_1__sim_0.8__teacher_ridge__seed_1,condition_recombine_pseudolabel,1.0,0.8,ridge,1,158,144,1.9113924050632911,False,1.0,1.0,1.0,reaction_role_concat,6144,random_forest,False,valid,spearman,0.8860240491176377,1,0.05,random,,
condition_recombine_pseudolabel__mult_1__sim_0.8__teacher_ridge__seed_2,condition_recombine_pseudolabel,1.0,0.8,ridge,2,158,138,1.8734177215189873,False,1.0,1.0,1.0,reaction_role_concat,6144,random_forest,False,valid,rmse,14.85703165449514,1,0.05,random,,
condition_recombine_pseudolabel__mult_1__sim_0.8__teacher_ridge__seed_2,condition_recombine_pseudolabel,1.0,0.8,ridge,2,158,138,1.8734177215189873,False,1.0,1.0,1.0,reaction_role_concat,6144,random_forest,False,valid,mae,10.969668828253505,1,0.05,random,,
condition_recombine_pseudolabel__mult_1__sim_0.8__teacher_ridge__seed_2,condition_recombine_pseudolabel,1.0,0.8,ridge,2,158,138,1.8734177215189873,False,1.0,1.0,1.0,reaction_role_concat,6144,random_forest,False,valid,r2,0.7163331423978168,1,0.05,random,,
condition_recombine_pseudolabel__mult_1__sim_0.8__teacher_ridge__seed_2,condition_recombine_pseudolabel,1.0,0.8,ridge,2,158,138,1.8734177215189873,False,1.0,1.0,1.0,reaction_role_concat,6144,random_forest,False,valid,spearman,0.864575414062245,1,0.05,random,,
condition_recombine_pseudolabel__mult_1__sim_0.8__teacher_ridge__seed_3,condition_recombine_pseudolabel,1.0,0.8,ridge,3,158,131,1.8291139240506329,False,1.0,1.0,1.0,reaction_role_concat,6144,random_forest,False,valid,rmse,15.03213655795945,1,0.05,random,,
condition_recombine_pseudolabel__mult_1__sim_0.8__teacher_ridge__seed_3,condition_recombine_pseudolabel,1.0,0.8,ridge,3,158,131,1.8291139240506329,False,1.0,1.0,1.0,reaction_role_concat,6144,random_forest,False,valid,mae,10.988401304275175,1,0.05,random,,
condition_recombine_pseudolabel__mult_1__sim_0.8__teacher_ridge__seed_3,condition_recombine_pseudolabel,1.0,0.8,ridge,3,158,131,1.8291139240506329,False,1.0,1.0,1.0,reaction_role_concat,6144,random_forest,False,valid,r2,0.7096071458920552,1,0.05,random,,
condition_recombine_pseudolabel__mult_1__sim_0.8__teacher_ridge__seed_3,condition_recombine_pseudolabel,1.0,0.8,ridge,3,158,131,1.8291139240506329,False,1.0,1.0,1.0,reaction_role_concat,6144,random_forest,False,valid,spearman,0.8673716820008722,1,0.05,random,,
condition_recombine_pseudolabel__mult_1__sim_0.8__teacher_ridge__seed_4,condition_recombine_pseudolabel,1.0,0.8,ridge,4,158,142,1.8987341772151898,False,1.0,1.0,1.0,reaction_role_concat,6144,random_forest,False,valid,rmse,14.091953360286299,1,0.05,random,,
condition_recombine_pseudolabel__mult_1__sim_0.8__teacher_ridge__seed_4,condition_recombine_pseudolabel,1.0,0.8,ridge,4,158,142,1.8987341772151898,False,1.0,1.0,1.0,reaction_role_concat,6144,random_forest,False,valid,mae,10.231195548312574,1,0.05,random,,
condition_recombine_pseudolabel__mult_1__sim_0.8__teacher_ridge__seed_4,condition_recombine_pseudolabel,1.0,0.8,ridge,4,158,142,1.8987341772151898,False,1.0,1.0,1.0,reaction_role_concat,6144,random_forest,False,valid,r2,0.7447963422858874,1,0.05,random,,
condition_recombine_pseudolabel__mult_1__sim_0.8__teacher_ridge__seed_4,condition_recombine_pseudolabel,1.0,0.8,ridge,4,158,142,1.8987341772151898,False,1.0,1.0,1.0,reaction_role_concat,6144,random_forest,False,valid,spearman,0.8727117378041358,1,0.05,random,,
condition_recombine_pseudolabel__mult_1__sim_0.8__teacher_rf__seed_0,condition_recombine_pseudolabel,1.0,0.8,random_forest,0,158,140,1.8860759493670887,False,1.0,1.0,1.0,reaction_role_concat,6144,random_forest,False,valid,rmse,14.788372283077596,1,0.05,random,,
condition_recombine_pseudolabel__mult_1__sim_0.8__teacher_rf__seed_0,condition_recombine_pseudolabel,1.0,0.8,random_forest,0,158,140,1.8860759493670887,False,1.0,1.0,1.0,reaction_role_concat,6144,random_forest,False,valid,mae,10.541032016468952,1,0.05,random,,
condition_recombine_pseudolabel__mult_1__sim_0.8__teacher_rf__seed_0,condition_recombine_pseudolabel,1.0,0.8,random_forest,0,158,140,1.8860759493670887,False,1.0,1.0,1.0,reaction_role_concat,6144,random_forest,False,valid,r2,0.7189489252939303,1,0.05,random,,
condition_recombine_pseudolabel__mult_1__sim_0.8__teacher_rf__seed_0,condition_recombine_pseudolabel,1.0,0.8,random_forest,0,158,140,1.8860759493670887,False,1.0,1.0,1.0,reaction_role_concat,6144,random_forest,False,valid,spearman,0.8633727014228578,1,0.05,random,,
condition_recombine_pseudolabel__mult_1__sim_0.8__teacher_rf__seed_1,condition_recombine_pseudolabel,1.0,0.8,random_forest,1,158,144,1.9113924050632911,False,1.0,1.0,1.0,reaction_role_concat,6144,random_forest,False,valid,rmse,14.894909158970675,1,0.05,random,,
condition_recombine_pseudolabel__mult_1__sim_0.8__teacher_rf__seed_1,condition_recombine_pseudolabel,1.0,0.8,random_forest,1,158,144,1.9113924050632911,False,1.0,1.0,1.0,reaction_role_concat,6144,random_forest,False,valid,mae,10.48598791132245,1,0.05,random,,
condition_recombine_pseudolabel__mult_1__sim_0.8__teacher_rf__seed_1,condition_recombine_pseudolabel,1.0,0.8,random_forest,1,158,144,1.9113924050632911,False,1.0,1.0,1.0,reaction_role_concat,6144,random_forest,False,valid,r2,0.7148849003252276,1,0.05,random,,
condition_recombine_pseudolabel__mult_1__sim_0.8__teacher_rf__seed_1,condition_recombine_pseudolabel,1.0,0.8,random_forest,1,158,144,1.9113924050632911,False,1.0,1.0,1.0,reaction_role_concat,6144,random_forest,False,valid,spearman,0.863641442265208,1,0.05,random,,
condition_recombine_pseudolabel__mult_1__sim_0.8__teacher_rf__seed_2,condition_recombine_pseudolabel,1.0,0.8,random_forest,2,158,138,1.8734177215189873,False,1.0,1.0,1.0,reaction_role_concat,6144,random_forest,False,valid,rmse,14.627514725220278,1,0.05,random,,
condition_recombine_pseudolabel__mult_1__sim_0.8__teacher_rf__seed_2,condition_recombine_pseudolabel,1.0,0.8,random_forest,2,158,138,1.8734177215189873,False,1.0,1.0,1.0,reaction_role_concat,6144,random_forest,False,valid,mae,10.46165778218568,1,0.05,random,,
condition_recombine_pseudolabel__mult_1__sim_0.8__teacher_rf__seed_2,condition_recombine_pseudolabel,1.0,0.8,random_forest,2,158,138,1.8734177215189873,False,1.0,1.0,1.0,reaction_role_concat,6144,random_forest,False,valid,r2,0.7250298261121215,1,0.05,random,,
condition_recombine_pseudolabel__mult_1__sim_0.8__teacher_rf__seed_2,condition_recombine_pseudolabel,1.0,0.8,random_forest,2,158,138,1.8734177215189873,False,1.0,1.0,1.0,reaction_role_concat,6144,random_forest,False,valid,spearman,0.8652813456227664,1,0.05,random,,
condition_recombine_pseudolabel__mult_1__sim_0.8__teacher_rf__seed_3,condition_recombine_pseudolabel,1.0,0.8,random_forest,3,158,131,1.8291139240506329,False,1.0,1.0,1.0,reaction_role_concat,6144,random_forest,False,valid,rmse,14.930072543941762,1,0.05,random,,
condition_recombine_pseudolabel__mult_1__sim_0.8__teacher_rf__seed_3,condition_recombine_pseudolabel,1.0,0.8,random_forest,3,158,131,1.8291139240506329,False,1.0,1.0,1.0,reaction_role_concat,6144,random_forest,False,valid,mae,10.640902808588516,1,0.05,random,,
condition_recombine_pseudolabel__mult_1__sim_0.8__teacher_rf__seed_3,condition_recombine_pseudolabel,1.0,0.8,random_forest,3,158,131,1.8291139240506329,False,1.0,1.0,1.0,reaction_role_concat,6144,random_forest,False,valid,r2,0.7135371316396487,1,0.05,random,,
condition_recombine_pseudolabel__mult_1__sim_0.8__teacher_rf__seed_3,condition_recombine_pseudolabel,1.0,0.8,random_forest,3,158,131,1.8291139240506329,False,1.0,1.0,1.0,reaction_role_concat,6144,random_forest,False,valid,spearman,0.8702254955329155,1,0.05,random,,
condition_recombine_pseudolabel__mult_1__sim_0.8__teacher_rf__seed_4,condition_recombine_pseudolabel,1.0,0.8,random_forest,4,158,142,1.8987341772151898,False,1.0,1.0,1.0,reaction_role_concat,6144,random_forest,False,valid,rmse,14.71123524330113,1,0.05,random,,
condition_recombine_pseudolabel__mult_1__sim_0.8__teacher_rf__seed_4,condition_recombine_pseudolabel,1.0,0.8,random_forest,4,158,142,1.8987341772151898,False,1.0,1.0,1.0,reaction_role_concat,6144,random_forest,False,valid,mae,10.350697806907606,1,0.05,random,,
condition_recombine_pseudolabel__mult_1__sim_0.8__teacher_rf__seed_4,condition_recombine_pseudolabel,1.0,0.8,random_forest,4,158,142,1.8987341772151898,False,1.0,1.0,1.0,reaction_role_concat,6144,random_forest,False,valid,r2,0.7218732372956023,1,0.05,random,,
condition_recombine_pseudolabel__mult_1__sim_0.8__teacher_rf__seed_4,condition_recombine_pseudolabel,1.0,0.8,random_forest,4,158,142,1.8987341772151898,False,1.0,1.0,1.0,reaction_role_concat,6144,random_forest,False,valid,spearman,0.8638086263327135,1,0.05,random,,
condition_recombine_pseudolabel__mult_1__sim_0.9__teacher_ridge__seed_0,condition_recombine_pseudolabel,1.0,0.9,ridge,0,158,48,1.3037974683544304,False,1.0,1.0,1.0,reaction_role_concat,6144,random_forest,False,valid,rmse,14.455855428020588,1,0.05,random,,
condition_recombine_pseudolabel__mult_1__sim_0.9__teacher_ridge__seed_0,condition_recombine_pseudolabel,1.0,0.9,ridge,0,158,48,1.3037974683544304,False,1.0,1.0,1.0,reaction_role_concat,6144,random_forest,False,valid,mae,10.627964789769317,1,0.05,random,,
condition_recombine_pseudolabel__mult_1__sim_0.9__teacher_ridge__seed_0,condition_recombine_pseudolabel,1.0,0.9,ridge,0,158,48,1.3037974683544304,False,1.0,1.0,1.0,reaction_role_concat,6144,random_forest,False,valid,r2,0.7314457109683845,1,0.05,random,,
condition_recombine_pseudolabel__mult_1__sim_0.9__teacher_ridge__seed_0,condition_recombine_pseudolabel,1.0,0.9,ridge,0,158,48,1.3037974683544304,False,1.0,1.0,1.0,reaction_role_concat,6144,random_forest,False,valid,spearman,0.8734630437242709,1,0.05,random,,
condition_recombine_pseudolabel__mult_1__sim_0.9__teacher_ridge__seed_1,condition_recombine_pseudolabel,1.0,0.9,ridge,1,158,55,1.3481012658227849,False,1.0,1.0,1.0,reaction_role_concat,6144,random_forest,False,valid,rmse,14.15946464856017,1,0.05,random,,
condition_recombine_pseudolabel__mult_1__sim_0.9__teacher_ridge__seed_1,condition_recombine_pseudolabel,1.0,0.9,ridge,1,158,55,1.3481012658227849,False,1.0,1.0,1.0,reaction_role_concat,6144,random_forest,False,valid,mae,10.381211954331096,1,0.05,random,,
condition_recombine_pseudolabel__mult_1__sim_0.9__teacher_ridge__seed_1,condition_recombine_pseudolabel,1.0,0.9,ridge,1,158,55,1.3481012658227849,False,1.0,1.0,1.0,reaction_role_concat,6144,random_forest,False,valid,r2,0.7423452416264814,1,0.05,random,,
condition_recombine_pseudolabel__mult_1__sim_0.9__teacher_ridge__seed_1,condition_recombine_pseudolabel,1.0,0.9,ridge,1,158,55,1.3481012658227849,False,1.0,1.0,1.0,reaction_role_concat,6144,random_forest,False,valid,spearman,0.8843782061979841,1,0.05,random,,
condition_recombine_pseudolabel__mult_1__sim_0.9__teacher_ridge__seed_2,condition_recombine_pseudolabel,1.0,0.9,ridge,2,158,42,1.2658227848101267,False,1.0,1.0,1.0,reaction_role_concat,6144,random_forest,False,valid,rmse,14.394804343292346,1,0.05,random,,
condition_recombine_pseudolabel__mult_1__sim_0.9__teacher_ridge__seed_2,condition_recombine_pseudolabel,1.0,0.9,ridge,2,158,42,1.2658227848101267,False,1.0,1.0,1.0,reaction_role_concat,6144,random_forest,False,valid,mae,10.67000481001863,1,0.05,random,,
condition_recombine_pseudolabel__mult_1__sim_0.9__teacher_ridge__seed_2,condition_recombine_pseudolabel,1.0,0.9,ridge,2,158,42,1.2658227848101267,False,1.0,1.0,1.0,reaction_role_concat,6144,random_forest,False,valid,r2,0.7337092794302882,1,0.05,random,,
condition_recombine_pseudolabel__mult_1__sim_0.9__teacher_ridge__seed_2,condition_recombine_pseudolabel,1.0,0.9,ridge,2,158,42,1.2658227848101267,False,1.0,1.0,1.0,reaction_role_concat,6144,random_forest,False,valid,spearman,0.8761645707789826,1,0.05,random,,
condition_recombine_pseudolabel__mult_1__sim_0.9__teacher_ridge__seed_3,condition_recombine_pseudolabel,1.0,0.9,ridge,3,158,45,1.2848101265822784,False,1.0,1.0,1.0,reaction_role_concat,6144,random_forest,False,valid,rmse,14.811420138698196,1,0.05,random,,
condition_recombine_pseudolabel__mult_1__sim_0.9__teacher_ridge__seed_3,condition_recombine_pseudolabel,1.0,0.9,ridge,3,158,45,1.2848101265822784,False,1.0,1.0,1.0,reaction_role_concat,6144,random_forest,False,valid,mae,10.674810761290262,1,0.05,random,,
condition_recombine_pseudolabel__mult_1__sim_0.9__teacher_ridge__seed_3,condition_recombine_pseudolabel,1.0,0.9,ridge,3,158,45,1.2848101265822784,False,1.0,1.0,1.0,reaction_role_concat,6144,random_forest,False,valid,r2,0.718072199688763,1,0.05,random,,
condition_recombine_pseudolabel__mult_1__sim_0.9__teacher_ridge__seed_3,condition_recombine_pseudolabel,1.0,0.9,ridge,3,158,45,1.2848101265822784,False,1.0,1.0,1.0,reaction_role_concat,6144,random_forest,False,valid,spearman,0.8687732239156503,1,0.05,random,,
condition_recombine_pseudolabel__mult_1__sim_0.9__teacher_ridge__seed_4,condition_recombine_pseudolabel,1.0,0.9,ridge,4,158,44,1.2784810126582278,False,1.0,1.0,1.0,reaction_role_concat,6144,random_forest,False,valid,rmse,14.514429448255155,1,0.05,random,,
condition_recombine_pseudolabel__mult_1__sim_0.9__teacher_ridge__seed_4,condition_recombine_pseudolabel,1.0,0.9,ridge,4,158,44,1.2784810126582278,False,1.0,1.0,1.0,reaction_role_concat,6144,random_forest,False,valid,mae,10.554944930658312,1,0.05,random,,
condition_recombine_pseudolabel__mult_1__sim_0.9__teacher_ridge__seed_4,condition_recombine_pseudolabel,1.0,0.9,ridge,4,158,44,1.2784810126582278,False,1.0,1.0,1.0,reaction_role_concat,6144,random_forest,False,valid,r2,0.7292649789552286,1,0.05,random,,
condition_recombine_pseudolabel__mult_1__sim_0.9__teacher_ridge__seed_4,condition_recombine_pseudolabel,1.0,0.9,ridge,4,158,44,1.2784810126582278,False,1.0,1.0,1.0,reaction_role_concat,6144,random_forest,False,valid,spearman,0.8753829828291477,1,0.05,random,,
condition_recombine_pseudolabel__mult_1__sim_0.9__teacher_rf__seed_0,condition_recombine_pseudolabel,1.0,0.9,random_forest,0,158,48,1.3037974683544304,False,1.0,1.0,1.0,reaction_role_concat,6144,random_forest,False,valid,rmse,14.295129072719126,1,0.05,random,,
condition_recombine_pseudolabel__mult_1__sim_0.9__teacher_rf__seed_0,condition_recombine_pseudolabel,1.0,0.9,random_forest,0,158,48,1.3037974683544304,False,1.0,1.0,1.0,reaction_role_concat,6144,random_forest,False,valid,mae,10.29136887512177,1,0.05,random,,
condition_recombine_pseudolabel__mult_1__sim_0.9__teacher_rf__seed_0,condition_recombine_pseudolabel,1.0,0.9,random_forest,0,158,48,1.3037974683544304,False,1.0,1.0,1.0,reaction_role_concat,6144,random_forest,False,valid,r2,0.7373843142982213,1,0.05,random,,
condition_recombine_pseudolabel__mult_1__sim_0.9__teacher_rf__seed_0,condition_recombine_pseudolabel,1.0,0.9,random_forest,0,158,48,1.3037974683544304,False,1.0,1.0,1.0,reaction_role_concat,6144,random_forest,False,valid,spearman,0.875020864281068,1,0.05,random,,
condition_recombine_pseudolabel__mult_1__sim_0.9__teacher_rf__seed_1,condition_recombine_pseudolabel,1.0,0.9,random_forest,1,158,55,1.3481012658227849,False,1.0,1.0,1.0,reaction_role_concat,6144,random_forest,False,valid,rmse,14.321643726961009,1,0.05,random,,
condition_recombine_pseudolabel__mult_1__sim_0.9__teacher_rf__seed_1,condition_recombine_pseudolabel,1.0,0.9,random_forest,1,158,55,1.3481012658227849,False,1.0,1.0,1.0,reaction_role_concat,6144,random_forest,False,valid,mae,10.15158193094519,1,0.05,random,,
condition_recombine_pseudolabel__mult_1__sim_0.9__teacher_rf__seed_1,condition_recombine_pseudolabel,1.0,0.9,random_forest,1,158,55,1.3481012658227849,False,1.0,1.0,1.0,reaction_role_concat,6144,random_forest,False,valid,r2,0.7364092098805265,1,0.05,random,,
condition_recombine_pseudolabel__mult_1__sim_0.9__teacher_rf__seed_1,condition_recombine_pseudolabel,1.0,0.9,random_forest,1,158,55,1.3481012658227849,False,1.0,1.0,1.0,reaction_role_concat,6144,random_forest,False,valid,spearman,0.8763980637282418,1,0.05,random,,
condition_recombine_pseudolabel__mult_1__sim_0.9__teacher_rf__seed_2,condition_recombine_pseudolabel,1.0,0.9,random_forest,2,158,42,1.2658227848101267,False,1.0,1.0,1.0,reaction_role_concat,6144,random_forest,False,valid,rmse,14.33194869039259,1,0.05,random,,
condition_recombine_pseudolabel__mult_1__sim_0.9__teacher_rf__seed_2,condition_recombine_pseudolabel,1.0,0.9,random_forest,2,158,42,1.2658227848101267,False,1.0,1.0,1.0,reaction_role_concat,6144,random_forest,False,valid,mae,10.278850267275224,1,0.05,random,,
condition_recombine_pseudolabel__mult_1__sim_0.9__teacher_rf__seed_2,condition_recombine_pseudolabel,1.0,0.9,random_forest,2,158,42,1.2658227848101267,False,1.0,1.0,1.0,reaction_role_concat,6144,random_forest,False,valid,r2,0.7360297463576602,1,0.05,random,,
condition_recombine_pseudolabel__mult_1__sim_0.9__teacher_rf__seed_2,condition_recombine_pseudolabel,1.0,0.9,random_forest,2,158,42,1.2658227848101267,False,1.0,1.0,1.0,reaction_role_concat,6144,random_forest,False,valid,spearman,0.8701929739961963,1,0.05,random,,
condition_recombine_pseudolabel__mult_1__sim_0.9__teacher_rf__seed_3,condition_recombine_pseudolabel,1.0,0.9,random_forest,3,158,45,1.2848101265822784,False,1.0,1.0,1.0,reaction_role_concat,6144,random_forest,False,valid,rmse,14.490121383739002,1,0.05,random,,
condition_recombine_pseudolabel__mult_1__sim_0.9__teacher_rf__seed_3,condition_recombine_pseudolabel,1.0,0.9,random_forest,3,158,45,1.2848101265822784,False,1.0,1.0,1.0,reaction_role_concat,6144,random_forest,False,valid,mae,10.38333999316451,1,0.05,random,,
condition_recombine_pseudolabel__mult_1__sim_0.9__teacher_rf__seed_3,condition_recombine_pseudolabel,1.0,0.9,random_forest,3,158,45,1.2848101265822784,False,1.0,1.0,1.0,reaction_role_concat,6144,random_forest,False,valid,r2,0.7301710474402994,1,0.05,random,,
condition_recombine_pseudolabel__mult_1__sim_0.9__teacher_rf__seed_3,condition_recombine_pseudolabel,1.0,0.9,random_forest,3,158,45,1.2848101265822784,False,1.0,1.0,1.0,reaction_role_concat,6144,random_forest,False,valid,spearman,0.8727050192830769,1,0.05,random,,
condition_recombine_pseudolabel__mult_1__sim_0.9__teacher_rf__seed_4,condition_recombine_pseudolabel,1.0,0.9,random_forest,4,158,44,1.2784810126582278,False,1.0,1.0,1.0,reaction_role_concat,6144,random_forest,False,valid,rmse,14.475886612708457,1,0.05,random,,
condition_recombine_pseudolabel__mult_1__sim_0.9__teacher_rf__seed_4,condition_recombine_pseudolabel,1.0,0.9,random_forest,4,158,44,1.2784810126582278,False,1.0,1.0,1.0,reaction_role_concat,6144,random_forest,False,valid,mae,10.363928721568252,1,0.05,random,,
condition_recombine_pseudolabel__mult_1__sim_0.9__teacher_rf__seed_4,condition_recombine_pseudolabel,1.0,0.9,random_forest,4,158,44,1.2784810126582278,False,1.0,1.0,1.0,reaction_role_concat,6144,random_forest,False,valid,r2,0.7307009348887357,1,0.05,random,,
condition_recombine_pseudolabel__mult_1__sim_0.9__teacher_rf__seed_4,condition_recombine_pseudolabel,1.0,0.9,random_forest,4,158,44,1.2784810126582278,False,1.0,1.0,1.0,reaction_role_concat,6144,random_forest,False,valid,spearman,0.8744477452237952,1,0.05,random,,
condition_recombine_pseudolabel__mult_0.25__sim_0.7__teacher_ridge__seed_0,condition_recombine_pseudolabel,0.25,0.7,ridge,0,316,79,1.25,False,1.0,1.0,1.0,reaction_role_concat,6144,random_forest,False,valid,rmse,12.45858989046718,2,0.1,random,,
condition_recombine_pseudolabel__mult_0.25__sim_0.7__teacher_ridge__seed_0,condition_recombine_pseudolabel,0.25,0.7,ridge,0,316,79,1.25,False,1.0,1.0,1.0,reaction_role_concat,6144,random_forest,False,valid,mae,9.348714814757999,2,0.1,random,,
condition_recombine_pseudolabel__mult_0.25__sim_0.7__teacher_ridge__seed_0,condition_recombine_pseudolabel,0.25,0.7,ridge,0,316,79,1.25,False,1.0,1.0,1.0,reaction_role_concat,6144,random_forest,False,valid,r2,0.8005278446187089,2,0.1,random,,
condition_recombine_pseudolabel__mult_0.25__sim_0.7__teacher_ridge__seed_0,condition_recombine_pseudolabel,0.25,0.7,ridge,0,316,79,1.25,False,1.0,1.0,1.0,reaction_role_concat,6144,random_forest,False,valid,spearman,0.9018940721872456,2,0.1,random,,
condition_recombine_pseudolabel__mult_0.25__sim_0.7__teacher_ridge__seed_1,condition_recombine_pseudolabel,0.25,0.7,ridge,1,316,79,1.25,False,1.0,1.0,1.0,reaction_role_concat,6144,random_forest,False,valid,rmse,12.369515774923892,2,0.1,random,,
condition_recombine_pseudolabel__mult_0.25__sim_0.7__teacher_ridge__seed_1,condition_recombine_pseudolabel,0.25,0.7,ridge,1,316,79,1.25,False,1.0,1.0,1.0,reaction_role_concat,6144,random_forest,False,valid,mae,9.458264976578423,2,0.1,random,,
condition_recombine_pseudolabel__mult_0.25__sim_0.7__teacher_ridge__seed_1,condition_recombine_pseudolabel,0.25,0.7,ridge,1,316,79,1.25,False,1.0,1.0,1.0,reaction_role_concat,6144,random_forest,False,valid,r2,0.8033699462514408,2,0.1,random,,
condition_recombine_pseudolabel__mult_0.25__sim_0.7__teacher_ridge__seed_1,condition_recombine_pseudolabel,0.25,0.7,ridge,1,316,79,1.25,False,1.0,1.0,1.0,reaction_role_concat,6144,random_forest,False,valid,spearman,0.9025112024259467,2,0.1,random,,
condition_recombine_pseudolabel__mult_0.25__sim_0.7__teacher_ridge__seed_2,condition_recombine_pseudolabel,0.25,0.7,ridge,2,316,79,1.25,False,1.0,1.0,1.0,reaction_role_concat,6144,random_forest,False,valid,rmse,12.24152105290969,2,0.1,random,,
condition_recombine_pseudolabel__mult_0.25__sim_0.7__teacher_ridge__seed_2,condition_recombine_pseudolabel,0.25,0.7,ridge,2,316,79,1.25,False,1.0,1.0,1.0,reaction_role_concat,6144,random_forest,False,valid,mae,9.20325596414714,2,0.1,random,,
condition_recombine_pseudolabel__mult_0.25__sim_0.7__teacher_ridge__seed_2,condition_recombine_pseudolabel,0.25,0.7,ridge,2,316,79,1.25,False,1.0,1.0,1.0,reaction_role_concat,6144,random_forest,False,valid,r2,0.8074181883054965,2,0.1,random,,
condition_recombine_pseudolabel__mult_0.25__sim_0.7__teacher_ridge__seed_2,condition_recombine_pseudolabel,0.25,0.7,ridge,2,316,79,1.25,False,1.0,1.0,1.0,reaction_role_concat,6144,random_forest,False,valid,spearman,0.9039533475766887,2,0.1,random,,
condition_recombine_pseudolabel__mult_0.25__sim_0.7__teacher_ridge__seed_3,condition_recombine_pseudolabel,0.25,0.7,ridge,3,316,79,1.25,False,1.0,1.0,1.0,reaction_role_concat,6144,random_forest,False,valid,rmse,12.201780277325929,2,0.1,random,,
condition_recombine_pseudolabel__mult_0.25__sim_0.7__teacher_ridge__seed_3,condition_recombine_pseudolabel,0.25,0.7,ridge,3,316,79,1.25,False,1.0,1.0,1.0,reaction_role_concat,6144,random_forest,False,valid,mae,9.389124300439901,2,0.1,random,,
condition_recombine_pseudolabel__mult_0.25__sim_0.7__teacher_ridge__seed_3,condition_recombine_pseudolabel,0.25,0.7,ridge,3,316,79,1.25,False,1.0,1.0,1.0,reaction_role_concat,6144,random_forest,False,valid,r2,0.8086665507662003,2,0.1,random,,
condition_recombine_pseudolabel__mult_0.25__sim_0.7__teacher_ridge__seed_3,condition_recombine_pseudolabel,0.25,0.7,ridge,3,316,79,1.25,False,1.0,1.0,1.0,reaction_role_concat,6144,random_forest,False,valid,spearman,0.9063535148824605,2,0.1,random,,
condition_recombine_pseudolabel__mult_0.25__sim_0.7__teacher_ridge__seed_4,condition_recombine_pseudolabel,0.25,0.7,ridge,4,316,79,1.25,False,1.0,1.0,1.0,reaction_role_concat,6144,random_forest,False,valid,rmse,13.102993264667711,2,0.1,random,,
condition_recombine_pseudolabel__mult_0.25__sim_0.7__teacher_ridge__seed_4,condition_recombine_pseudolabel,0.25,0.7,ridge,4,316,79,1.25,False,1.0,1.0,1.0,reaction_role_concat,6144,random_forest,False,valid,mae,9.729163763713988,2,0.1,random,,
condition_recombine_pseudolabel__mult_0.25__sim_0.7__teacher_ridge__seed_4,condition_recombine_pseudolabel,0.25,0.7,ridge,4,316,79,1.25,False,1.0,1.0,1.0,reaction_role_concat,6144,random_forest,False,valid,r2,0.7793593461071541,2,0.1,random,,
condition_recombine_pseudolabel__mult_0.25__sim_0.7__teacher_ridge__seed_4,condition_recombine_pseudolabel,0.25,0.7,ridge,4,316,79,1.25,False,1.0,1.0,1.0,reaction_role_concat,6144,random_forest,False,valid,spearman,0.8862679606430316,2,0.1,random,,
condition_recombine_pseudolabel__mult_0.25__sim_0.7__teacher_rf__seed_0,condition_recombine_pseudolabel,0.25,0.7,random_forest,0,316,79,1.25,False,1.0,1.0,1.0,reaction_role_concat,6144,random_forest,False,valid,rmse,12.24864021924369,2,0.1,random,,
condition_recombine_pseudolabel__mult_0.25__sim_0.7__teacher_rf__seed_0,condition_recombine_pseudolabel,0.25,0.7,random_forest,0,316,79,1.25,False,1.0,1.0,1.0,reaction_role_concat,6144,random_forest,False,valid,mae,9.075052606466452,2,0.1,random,,
condition_recombine_pseudolabel__mult_0.25__sim_0.7__teacher_rf__seed_0,condition_recombine_pseudolabel,0.25,0.7,random_forest,0,316,79,1.25,False,1.0,1.0,1.0,reaction_role_concat,6144,random_forest,False,valid,r2,0.8071941278134248,2,0.1,random,,
condition_recombine_pseudolabel__mult_0.25__sim_0.7__teacher_rf__seed_0,condition_recombine_pseudolabel,0.25,0.7,random_forest,0,316,79,1.25,False,1.0,1.0,1.0,reaction_role_concat,6144,random_forest,False,valid,spearman,0.9020191924707311,2,0.1,random,,
condition_recombine_pseudolabel__mult_0.25__sim_0.7__teacher_rf__seed_1,condition_recombine_pseudolabel,0.25,0.7,random_forest,1,316,79,1.25,False,1.0,1.0,1.0,reaction_role_concat,6144,random_forest,False,valid,rmse,12.623110251733687,2,0.1,random,,
condition_recombine_pseudolabel__mult_0.25__sim_0.7__teacher_rf__seed_1,condition_recombine_pseudolabel,0.25,0.7,random_forest,1,316,79,1.25,False,1.0,1.0,1.0,reaction_role_concat,6144,random_forest,False,valid,mae,9.26185243253542,2,0.1,random,,
condition_recombine_pseudolabel__mult_0.25__sim_0.7__teacher_rf__seed_1,condition_recombine_pseudolabel,0.25,0.7,random_forest,1,316,79,1.25,False,1.0,1.0,1.0,reaction_role_concat,6144,random_forest,False,valid,r2,0.7952248507340711,2,0.1,random,,
condition_recombine_pseudolabel__mult_0.25__sim_0.7__teacher_rf__seed_1,condition_recombine_pseudolabel,0.25,0.7,random_forest,1,316,79,1.25,False,1.0,1.0,1.0,reaction_role_concat,6144,random_forest,False,valid,spearman,0.8910303210051126,2,0.1,random,,
condition_recombine_pseudolabel__mult_0.25__sim_0.7__teacher_rf__seed_2,condition_recombine_pseudolabel,0.25,0.7,random_forest,2,316,79,1.25,False,1.0,1.0,1.0,reaction_role_concat,6144,random_forest,False,valid,rmse,12.345155943904164,2,0.1,random,,
condition_recombine_pseudolabel__mult_0.25__sim_0.7__teacher_rf__seed_2,condition_recombine_pseudolabel,0.25,0.7,random_forest,2,316,79,1.25,False,1.0,1.0,1.0,reaction_role_concat,6144,random_forest,False,valid,mae,9.129680557432808,2,0.1,random,,
condition_recombine_pseudolabel__mult_0.25__sim_0.7__teacher_rf__seed_2,condition_recombine_pseudolabel,0.25,0.7,random_forest,2,316,79,1.25,False,1.0,1.0,1.0,reaction_role_concat,6144,random_forest,False,valid,r2,0.8041436480703692,2,0.1,random,,
condition_recombine_pseudolabel__mult_0.25__sim_0.7__teacher_rf__seed_2,condition_recombine_pseudolabel,0.25,0.7,random_forest,2,316,79,1.25,False,1.0,1.0,1.0,reaction_role_concat,6144,random_forest,False,valid,spearman,0.8990699564656796,2,0.1,random,,
condition_recombine_pseudolabel__mult_0.25__sim_0.7__teacher_rf__seed_3,condition_recombine_pseudolabel,0.25,0.7,random_forest,3,316,79,1.25,False,1.0,1.0,1.0,reaction_role_concat,6144,random_forest,False,valid,rmse,12.6537008787087,2,0.1,random,,
condition_recombine_pseudolabel__mult_0.25__sim_0.7__teacher_rf__seed_3,condition_recombine_pseudolabel,0.25,0.7,random_forest,3,316,79,1.25,False,1.0,1.0,1.0,reaction_role_concat,6144,random_forest,False,valid,mae,9.322889039400257,2,0.1,random,,
condition_recombine_pseudolabel__mult_0.25__sim_0.7__teacher_rf__seed_3,condition_recombine_pseudolabel,0.25,0.7,random_forest,3,316,79,1.25,False,1.0,1.0,1.0,reaction_role_concat,6144,random_forest,False,valid,r2,0.7942311510266189,2,0.1,random,,
condition_recombine_pseudolabel__mult_0.25__sim_0.7__teacher_rf__seed_3,condition_recombine_pseudolabel,0.25,0.7,random_forest,3,316,79,1.25,False,1.0,1.0,1.0,reaction_role_concat,6144,random_forest,False,valid,spearman,0.8957089432786356,2,0.1,random,,
condition_recombine_pseudolabel__mult_0.25__sim_0.7__teacher_rf__seed_4,condition_recombine_pseudolabel,0.25,0.7,random_forest,4,316,79,1.25,False,1.0,1.0,1.0,reaction_role_concat,6144,random_forest,False,valid,rmse,12.535565469805634,2,0.1,random,,
condition_recombine_pseudolabel__mult_0.25__sim_0.7__teacher_rf__seed_4,condition_recombine_pseudolabel,0.25,0.7,random_forest,4,316,79,1.25,False,1.0,1.0,1.0,reaction_role_concat,6144,random_forest,False,valid,mae,9.263645891298976,2,0.1,random,,
condition_recombine_pseudolabel__mult_0.25__sim_0.7__teacher_rf__seed_4,condition_recombine_pseudolabel,0.25,0.7,random_forest,4,316,79,1.25,False,1.0,1.0,1.0,reaction_role_concat,6144,random_forest,False,valid,r2,0.7980553467177954,2,0.1,random,,
condition_recombine_pseudolabel__mult_0.25__sim_0.7__teacher_rf__seed_4,condition_recombine_pseudolabel,0.25,0.7,random_forest,4,316,79,1.25,False,1.0,1.0,1.0,reaction_role_concat,6144,random_forest,False,valid,spearman,0.8955306590459026,2,0.1,random,,
condition_recombine_pseudolabel__mult_0.25__sim_0.8__teacher_ridge__seed_0,condition_recombine_pseudolabel,0.25,0.8,ridge,0,316,78,1.2468354430379747,False,1.0,1.0,1.0,reaction_role_concat,6144,random_forest,False,valid,rmse,12.18535478308482,2,0.1,random,,
condition_recombine_pseudolabel__mult_0.25__sim_0.8__teacher_ridge__seed_0,condition_recombine_pseudolabel,0.25,0.8,ridge,0,316,78,1.2468354430379747,False,1.0,1.0,1.0,reaction_role_concat,6144,random_forest,False,valid,mae,9.194559517411491,2,0.1,random,,
condition_recombine_pseudolabel__mult_0.25__sim_0.8__teacher_ridge__seed_0,condition_recombine_pseudolabel,0.25,0.8,ridge,0,316,78,1.2468354430379747,False,1.0,1.0,1.0,reaction_role_concat,6144,random_forest,False,valid,r2,0.8091813332134071,2,0.1,random,,
condition_recombine_pseudolabel__mult_0.25__sim_0.8__teacher_ridge__seed_0,condition_recombine_pseudolabel,0.25,0.8,ridge,0,316,78,1.2468354430379747,False,1.0,1.0,1.0,reaction_role_concat,6144,random_forest,False,valid,spearman,0.9060555630789854,2,0.1,random,,
condition_recombine_pseudolabel__mult_0.25__sim_0.8__teacher_ridge__seed_1,condition_recombine_pseudolabel,0.25,0.8,ridge,1,316,76,1.240506329113924,False,1.0,1.0,1.0,reaction_role_concat,6144,random_forest,False,valid,rmse,12.390077891867511,2,0.1,random,,
condition_recombine_pseudolabel__mult_0.25__sim_0.8__teacher_ridge__seed_1,condition_recombine_pseudolabel,0.25,0.8,ridge,1,316,76,1.240506329113924,False,1.0,1.0,1.0,reaction_role_concat,6144,random_forest,False,valid,mae,9.396690454375141,2,0.1,random,,
condition_recombine_pseudolabel__mult_0.25__sim_0.8__teacher_ridge__seed_1,condition_recombine_pseudolabel,0.25,0.8,ridge,1,316,76,1.240506329113924,False,1.0,1.0,1.0,reaction_role_concat,6144,random_forest,False,valid,r2,0.8027156780124346,2,0.1,random,,
condition_recombine_pseudolabel__mult_0.25__sim_0.8__teacher_ridge__seed_1,condition_recombine_pseudolabel,0.25,0.8,ridge,1,316,76,1.240506329113924,False,1.0,1.0,1.0,reaction_role_concat,6144,random_forest,False,valid,spearman,0.9012766498389334,2,0.1,random,,
condition_recombine_pseudolabel__mult_0.25__sim_0.8__teacher_ridge__seed_2,condition_recombine_pseudolabel,0.25,0.8,ridge,2,316,78,1.2468354430379747,False,1.0,1.0,1.0,reaction_role_concat,6144,random_forest,False,valid,rmse,12.388138286693536,2,0.1,random,,
condition_recombine_pseudolabel__mult_0.25__sim_0.8__teacher_ridge__seed_2,condition_recombine_pseudolabel,0.25,0.8,ridge,2,316,78,1.2468354430379747,False,1.0,1.0,1.0,reaction_role_concat,6144,random_forest,False,valid,mae,9.210661524463303,2,0.1,random,,
condition_recombine_pseudolabel__mult_0.25__sim_0.8__teacher_ridge__seed_2,condition_recombine_pseudolabel,0.25,0.8,ridge,2,316,78,1.2468354430379747,False,1.0,1.0,1.0,reaction_role_concat,6144,random_forest,False,valid,r2,0.8027774409397935,2,0.1,random,,
condition_recombine_pseudolabel__mult_0.25__sim_0.8__teacher_ridge__seed_2,condition_recombine_pseudolabel,0.25,0.8,ridge,2,316,78,1.2468354430379747,False,1.0,1.0,1.0,reaction_role_concat,6144,random_forest,False,valid,spearman,0.9009240735381545,2,0.1,random,,
condition_recombine_pseudolabel__mult_0.25__sim_0.8__teacher_ridge__seed_3,condition_recombine_pseudolabel,0.25,0.8,ridge,3,316,78,1.2468354430379747,False,1.0,1.0,1.0,reaction_role_concat,6144,random_forest,False,valid,rmse,12.037701197256997,2,0.1,random,,
condition_recombine_pseudolabel__mult_0.25__sim_0.8__teacher_ridge__seed_3,condition_recombine_pseudolabel,0.25,0.8,ridge,3,316,78,1.2468354430379747,False,1.0,1.0,1.0,reaction_role_concat,6144,random_forest,False,valid,mae,9.229435114139244,2,0.1,random,,
condition_recombine_pseudolabel__mult_0.25__sim_0.8__teacher_ridge__seed_3,condition_recombine_pseudolabel,0.25,0.8,ridge,3,316,78,1.2468354430379747,False,1.0,1.0,1.0,reaction_role_concat,6144,random_forest,False,valid,r2,0.8137777291458367,2,0.1,random,,
condition_recombine_pseudolabel__mult_0.25__sim_0.8__teacher_ridge__seed_3,condition_recombine_pseudolabel,0.25,0.8,ridge,3,316,78,1.2468354430379747,False,1.0,1.0,1.0,reaction_role_concat,6144,random_forest,False,valid,spearman,0.9086152222324998,2,0.1,random,,
condition_recombine_pseudolabel__mult_0.25__sim_0.8__teacher_ridge__seed_4,condition_recombine_pseudolabel,0.25,0.8,ridge,4,316,74,1.2341772151898733,False,1.0,1.0,1.0,reaction_role_concat,6144,random_forest,False,valid,rmse,13.248275439151023,2,0.1,random,,
condition_recombine_pseudolabel__mult_0.25__sim_0.8__teacher_ridge__seed_4,condition_recombine_pseudolabel,0.25,0.8,ridge,4,316,74,1.2341772151898733,False,1.0,1.0,1.0,reaction_role_concat,6144,random_forest,False,valid,mae,9.89793693754643,2,0.1,random,,
condition_recombine_pseudolabel__mult_0.25__sim_0.8__teacher_ridge__seed_4,condition_recombine_pseudolabel,0.25,0.8,ridge,4,316,74,1.2341772151898733,False,1.0,1.0,1.0,reaction_role_concat,6144,random_forest,False,valid,r2,0.7744394224785232,2,0.1,random,,
condition_recombine_pseudolabel__mult_0.25__sim_0.8__teacher_ridge__seed_4,condition_recombine_pseudolabel,0.25,0.8,ridge,4,316,74,1.2341772151898733,False,1.0,1.0,1.0,reaction_role_concat,6144,random_forest,False,valid,spearman,0.8854568696224603,2,0.1,random,,
condition_recombine_pseudolabel__mult_0.25__sim_0.8__teacher_rf__seed_0,condition_recombine_pseudolabel,0.25,0.8,random_forest,0,316,78,1.2468354430379747,False,1.0,1.0,1.0,reaction_role_concat,6144,random_forest,False,valid,rmse,12.374947465587596,2,0.1,random,,
condition_recombine_pseudolabel__mult_0.25__sim_0.8__teacher_rf__seed_0,condition_recombine_pseudolabel,0.25,0.8,random_forest,0,316,78,1.2468354430379747,False,1.0,1.0,1.0,reaction_role_concat,6144,random_forest,False,valid,mae,9.127750002008451,2,0.1,random,,
condition_recombine_pseudolabel__mult_0.25__sim_0.8__teacher_rf__seed_0,condition_recombine_pseudolabel,0.25,0.8,random_forest,0,316,78,1.2468354430379747,False,1.0,1.0,1.0,reaction_role_concat,6144,random_forest,False,valid,r2,0.8031972203107376,2,0.1,random,,
condition_recombine_pseudolabel__mult_0.25__sim_0.8__teacher_rf__seed_0,condition_recombine_pseudolabel,0.25,0.8,random_forest,0,316,78,1.2468354430379747,False,1.0,1.0,1.0,reaction_role_concat,6144,random_forest,False,valid,spearman,0.9003411201239695,2,0.1,random,,
condition_recombine_pseudolabel__mult_0.25__sim_0.8__teacher_rf__seed_1,condition_recombine_pseudolabel,0.25,0.8,random_forest,1,316,76,1.240506329113924,False,1.0,1.0,1.0,reaction_role_concat,6144,random_forest,False,valid,rmse,12.777659046692264,2,0.1,random,,
condition_recombine_pseudolabel__mult_0.25__sim_0.8__teacher_rf__seed_1,condition_recombine_pseudolabel,0.25,0.8,random_forest,1,316,76,1.240506329113924,False,1.0,1.0,1.0,reaction_role_concat,6144,random_forest,False,valid,mae,9.357240760805485,2,0.1,random,,
condition_recombine_pseudolabel__mult_0.25__sim_0.8__teacher_rf__seed_1,condition_recombine_pseudolabel,0.25,0.8,random_forest,1,316,76,1.240506329113924,False,1.0,1.0,1.0,reaction_role_concat,6144,random_forest,False,valid,r2,0.7901798992564346,2,0.1,random,,
condition_recombine_pseudolabel__mult_0.25__sim_0.8__teacher_rf__seed_1,condition_recombine_pseudolabel,0.25,0.8,random_forest,1,316,76,1.240506329113924,False,1.0,1.0,1.0,reaction_role_concat,6144,random_forest,False,valid,spearman,0.8894023941416157,2,0.1,random,,
condition_recombine_pseudolabel__mult_0.25__sim_0.8__teacher_rf__seed_2,condition_recombine_pseudolabel,0.25,0.8,random_forest,2,316,78,1.2468354430379747,False,1.0,1.0,1.0,reaction_role_concat,6144,random_forest,False,valid,rmse,12.358001391376279,2,0.1,random,,
condition_recombine_pseudolabel__mult_0.25__sim_0.8__teacher_rf__seed_2,condition_recombine_pseudolabel,0.25,0.8,random_forest,2,316,78,1.2468354430379747,False,1.0,1.0,1.0,reaction_role_concat,6144,random_forest,False,valid,mae,9.23245759207463,2,0.1,random,,
condition_recombine_pseudolabel__mult_0.25__sim_0.8__teacher_rf__seed_2,condition_recombine_pseudolabel,0.25,0.8,random_forest,2,316,78,1.2468354430379747,False,1.0,1.0,1.0,reaction_role_concat,6144,random_forest,False,valid,r2,0.8037358490273194,2,0.1,random,,
condition_recombine_pseudolabel__mult_0.25__sim_0.8__teacher_rf__seed_2,condition_recombine_pseudolabel,0.25,0.8,random_forest,2,316,78,1.2468354430379747,False,1.0,1.0,1.0,reaction_role_concat,6144,random_forest,False,valid,spearman,0.9000440446493282,2,0.1,random,,
condition_recombine_pseudolabel__mult_0.25__sim_0.8__teacher_rf__seed_3,condition_recombine_pseudolabel,0.25,0.8,random_forest,3,316,78,1.2468354430379747,False,1.0,1.0,1.0,reaction_role_concat,6144,random_forest,False,valid,rmse,12.451013243870253,2,0.1,random,,
condition_recombine_pseudolabel__mult_0.25__sim_0.8__teacher_rf__seed_3,condition_recombine_pseudolabel,0.25,0.8,random_forest,3,316,78,1.2468354430379747,False,1.0,1.0,1.0,reaction_role_concat,6144,random_forest,False,valid,mae,9.231379264641411,2,0.1,random,,
condition_recombine_pseudolabel__mult_0.25__sim_0.8__teacher_rf__seed_3,condition_recombine_pseudolabel,0.25,0.8,random_forest,3,316,78,1.2468354430379747,False,1.0,1.0,1.0,reaction_role_concat,6144,random_forest,False,valid,r2,0.8007703873921008,2,0.1,random,,
condition_recombine_pseudolabel__mult_0.25__sim_0.8__teacher_rf__seed_3,condition_recombine_pseudolabel,0.25,0.8,random_forest,3,316,78,1.2468354430379747,False,1.0,1.0,1.0,reaction_role_concat,6144,random_forest,False,valid,spearman,0.8999083110499675,2,0.1,random,,
condition_recombine_pseudolabel__mult_0.25__sim_0.8__teacher_rf__seed_4,condition_recombine_pseudolabel,0.25,0.8,random_forest,4,316,74,1.2341772151898733,False,1.0,1.0,1.0,reaction_role_concat,6144,random_forest,False,valid,rmse,12.693380771283696,2,0.1,random,,
condition_recombine_pseudolabel__mult_0.25__sim_0.8__teacher_rf__seed_4,condition_recombine_pseudolabel,0.25,0.8,random_forest,4,316,74,1.2341772151898733,False,1.0,1.0,1.0,reaction_role_concat,6144,random_forest,False,valid,mae,9.349523282457755,2,0.1,random,,
condition_recombine_pseudolabel__mult_0.25__sim_0.8__teacher_rf__seed_4,condition_recombine_pseudolabel,0.25,0.8,random_forest,4,316,74,1.2341772151898733,False,1.0,1.0,1.0,reaction_role_concat,6144,random_forest,False,valid,r2,0.7929386141221884,2,0.1,random,,
condition_recombine_pseudolabel__mult_0.25__sim_0.8__teacher_rf__seed_4,condition_recombine_pseudolabel,0.25,0.8,random_forest,4,316,74,1.2341772151898733,False,1.0,1.0,1.0,reaction_role_concat,6144,random_forest,False,valid,spearman,0.8910527160753086,2,0.1,random,,
condition_recombine_pseudolabel__mult_0.25__sim_0.9__teacher_ridge__seed_0,condition_recombine_pseudolabel,0.25,0.9,ridge,0,316,21,1.0664556962025316,False,1.0,1.0,1.0,reaction_role_concat,6144,random_forest,False,valid,rmse,12.655869359145374,2,0.1,random,,
condition_recombine_pseudolabel__mult_0.25__sim_0.9__teacher_ridge__seed_0,condition_recombine_pseudolabel,0.25,0.9,ridge,0,316,21,1.0664556962025316,False,1.0,1.0,1.0,reaction_role_concat,6144,random_forest,False,valid,mae,9.436879960339281,2,0.1,random,,
condition_recombine_pseudolabel__mult_0.25__sim_0.9__teacher_ridge__seed_0,condition_recombine_pseudolabel,0.25,0.9,ridge,0,316,21,1.0664556962025316,False,1.0,1.0,1.0,reaction_role_concat,6144,random_forest,False,valid,r2,0.7941606192571125,2,0.1,random,,
condition_recombine_pseudolabel__mult_0.25__sim_0.9__teacher_ridge__seed_0,condition_recombine_pseudolabel,0.25,0.9,ridge,0,316,21,1.0664556962025316,False,1.0,1.0,1.0,reaction_role_concat,6144,random_forest,False,valid,spearman,0.8981437742582756,2,0.1,random,,
condition_recombine_pseudolabel__mult_0.25__sim_0.9__teacher_ridge__seed_1,condition_recombine_pseudolabel,0.25,0.9,ridge,1,316,21,1.0664556962025316,False,1.0,1.0,1.0,reaction_role_concat,6144,random_forest,False,valid,rmse,12.461410170077347,2,0.1,random,,
condition_recombine_pseudolabel__mult_0.25__sim_0.9__teacher_ridge__seed_1,condition_recombine_pseudolabel,0.25,0.9,ridge,1,316,21,1.0664556962025316,False,1.0,1.0,1.0,reaction_role_concat,6144,random_forest,False,valid,mae,9.243350953620446,2,0.1,random,,
condition_recombine_pseudolabel__mult_0.25__sim_0.9__teacher_ridge__seed_1,condition_recombine_pseudolabel,0.25,0.9,ridge,1,316,21,1.0664556962025316,False,1.0,1.0,1.0,reaction_role_concat,6144,random_forest,False,valid,r2,0.8004375244568952,2,0.1,random,,
condition_recombine_pseudolabel__mult_0.25__sim_0.9__teacher_ridge__seed_1,condition_recombine_pseudolabel,0.25,0.9,ridge,1,316,21,1.0664556962025316,False,1.0,1.0,1.0,reaction_role_concat,6144,random_forest,False,valid,spearman,0.9033301804060216,2,0.1,random,,
condition_recombine_pseudolabel__mult_0.25__sim_0.9__teacher_ridge__seed_2,condition_recombine_pseudolabel,0.25,0.9,ridge,2,316,28,1.0886075949367089,False,1.0,1.0,1.0,reaction_role_concat,6144,random_forest,False,valid,rmse,12.126748051222991,2,0.1,random,,
condition_recombine_pseudolabel__mult_0.25__sim_0.9__teacher_ridge__seed_2,condition_recombine_pseudolabel,0.25,0.9,ridge,2,316,28,1.0886075949367089,False,1.0,1.0,1.0,reaction_role_concat,6144,random_forest,False,valid,mae,9.109324042827268,2,0.1,random,,
condition_recombine_pseudolabel__mult_0.25__sim_0.9__teacher_ridge__seed_2,condition_recombine_pseudolabel,0.25,0.9,ridge,2,316,28,1.0886075949367089,False,1.0,1.0,1.0,reaction_role_concat,6144,random_forest,False,valid,r2,0.8110124436102047,2,0.1,random,,
condition_recombine_pseudolabel__mult_0.25__sim_0.9__teacher_ridge__seed_2,condition_recombine_pseudolabel,0.25,0.9,ridge,2,316,28,1.0886075949367089,False,1.0,1.0,1.0,reaction_role_concat,6144,random_forest,False,valid,spearman,0.904728509115076,2,0.1,random,,
condition_recombine_pseudolabel__mult_0.25__sim_0.9__teacher_ridge__seed_3,condition_recombine_pseudolabel,0.25,0.9,ridge,3,316,30,1.0949367088607596,False,1.0,1.0,1.0,reaction_role_concat,6144,random_forest,False,valid,rmse,12.407197407534,2,0.1,random,,
condition_recombine_pseudolabel__mult_0.25__sim_0.9__teacher_ridge__seed_3,condition_recombine_pseudolabel,0.25,0.9,ridge,3,316,30,1.0949367088607596,False,1.0,1.0,1.0,reaction_role_concat,6144,random_forest,False,valid,mae,9.258300270979163,2,0.1,random,,
condition_recombine_pseudolabel__mult_0.25__sim_0.9__teacher_ridge__seed_3,condition_recombine_pseudolabel,0.25,0.9,ridge,3,316,30,1.0949367088607596,False,1.0,1.0,1.0,reaction_role_concat,6144,random_forest,False,valid,r2,0.8021701212572,2,0.1,random,,
condition_recombine_pseudolabel__mult_0.25__sim_0.9__teacher_ridge__seed_3,condition_recombine_pseudolabel,0.25,0.9,ridge,3,316,30,1.0949367088607596,False,1.0,1.0,1.0,reaction_role_concat,6144,random_forest,False,valid,spearman,0.9002423870753672,2,0.1,random,,
condition_recombine_pseudolabel__mult_0.25__sim_0.9__teacher_ridge__seed_4,condition_recombine_pseudolabel,0.25,0.9,ridge,4,316,25,1.0791139240506329,False,1.0,1.0,1.0,reaction_role_concat,6144,random_forest,False,valid,rmse,12.979112795472453,2,0.1,random,,
condition_recombine_pseudolabel__mult_0.25__sim_0.9__teacher_ridge__seed_4,condition_recombine_pseudolabel,0.25,0.9,ridge,4,316,25,1.0791139240506329,False,1.0,1.0,1.0,reaction_role_concat,6144,random_forest,False,valid,mae,9.674635420720788,2,0.1,random,,
condition_recombine_pseudolabel__mult_0.25__sim_0.9__teacher_ridge__seed_4,condition_recombine_pseudolabel,0.25,0.9,ridge,4,316,25,1.0791139240506329,False,1.0,1.0,1.0,reaction_role_concat,6144,random_forest,False,valid,r2,0.7835116582988944,2,0.1,random,,
condition_recombine_pseudolabel__mult_0.25__sim_0.9__teacher_ridge__seed_4,condition_recombine_pseudolabel,0.25,0.9,ridge,4,316,25,1.0791139240506329,False,1.0,1.0,1.0,reaction_role_concat,6144,random_forest,False,valid,spearman,0.889762760032028,2,0.1,random,,
condition_recombine_pseudolabel__mult_0.25__sim_0.9__teacher_rf__seed_0,condition_recombine_pseudolabel,0.25,0.9,random_forest,0,316,21,1.0664556962025316,False,1.0,1.0,1.0,reaction_role_concat,6144,random_forest,False,valid,rmse,12.586021490556904,2,0.1,random,,
condition_recombine_pseudolabel__mult_0.25__sim_0.9__teacher_rf__seed_0,condition_recombine_pseudolabel,0.25,0.9,random_forest,0,316,21,1.0664556962025316,False,1.0,1.0,1.0,reaction_role_concat,6144,random_forest,False,valid,mae,9.290046250742447,2,0.1,random,,
condition_recombine_pseudolabel__mult_0.25__sim_0.9__teacher_rf__seed_0,condition_recombine_pseudolabel,0.25,0.9,random_forest,0,316,21,1.0664556962025316,False,1.0,1.0,1.0,reaction_role_concat,6144,random_forest,False,valid,r2,0.7964264086686499,2,0.1,random,,
condition_recombine_pseudolabel__mult_0.25__sim_0.9__teacher_rf__seed_0,condition_recombine_pseudolabel,0.25,0.9,random_forest,0,316,21,1.0664556962025316,False,1.0,1.0,1.0,reaction_role_concat,6144,random_forest,False,valid,spearman,0.8971893547884511,2,0.1,random,,
condition_recombine_pseudolabel__mult_0.25__sim_0.9__teacher_rf__seed_1,condition_recombine_pseudolabel,0.25,0.9,random_forest,1,316,21,1.0664556962025316,False,1.0,1.0,1.0,reaction_role_concat,6144,random_forest,False,valid,rmse,12.274050373080227,2,0.1,random,,
condition_recombine_pseudolabel__mult_0.25__sim_0.9__teacher_rf__seed_1,condition_recombine_pseudolabel,0.25,0.9,random_forest,1,316,21,1.0664556962025316,False,1.0,1.0,1.0,reaction_role_concat,6144,random_forest,False,valid,mae,9.045970184938817,2,0.1,random,,
condition_recombine_pseudolabel__mult_0.25__sim_0.9__teacher_rf__seed_1,condition_recombine_pseudolabel,0.25,0.9,random_forest,1,316,21,1.0664556962025316,False,1.0,1.0,1.0,reaction_role_concat,6144,random_forest,False,valid,r2,0.8063933354678133,2,0.1,random,,
condition_recombine_pseudolabel__mult_0.25__sim_0.9__teacher_rf__seed_1,condition_recombine_pseudolabel,0.25,0.9,random_forest,1,316,21,1.0664556962025316,False,1.0,1.0,1.0,reaction_role_concat,6144,random_forest,False,valid,spearman,0.9032203471921917,2,0.1,random,,
condition_recombine_pseudolabel__mult_0.25__sim_0.9__teacher_rf__seed_2,condition_recombine_pseudolabel,0.25,0.9,random_forest,2,316,28,1.0886075949367089,False,1.0,1.0,1.0,reaction_role_concat,6144,random_forest,True,valid,rmse,12.012025873351414,2,0.1,random,,
condition_recombine_pseudolabel__mult_0.25__sim_0.9__teacher_rf__seed_2,condition_recombine_pseudolabel,0.25,0.9,random_forest,2,316,28,1.0886075949367089,False,1.0,1.0,1.0,reaction_role_concat,6144,random_forest,True,valid,mae,8.964256452142438,2,0.1,random,,
condition_recombine_pseudolabel__mult_0.25__sim_0.9__teacher_rf__seed_2,condition_recombine_pseudolabel,0.25,0.9,random_forest,2,316,28,1.0886075949367089,False,1.0,1.0,1.0,reaction_role_concat,6144,random_forest,True,valid,r2,0.8145712723625446,2,0.1,random,,
condition_recombine_pseudolabel__mult_0.25__sim_0.9__teacher_rf__seed_2,condition_recombine_pseudolabel,0.25,0.9,random_forest,2,316,28,1.0886075949367089,False,1.0,1.0,1.0,reaction_role_concat,6144,random_forest,True,valid,spearman,0.9042988158769271,2,0.1,random,,
condition_recombine_pseudolabel__mult_0.25__sim_0.9__teacher_rf__seed_3,condition_recombine_pseudolabel,0.25,0.9,random_forest,3,316,30,1.0949367088607596,False,1.0,1.0,1.0,reaction_role_concat,6144,random_forest,False,valid,rmse,12.46905363531064,2,0.1,random,,
condition_recombine_pseudolabel__mult_0.25__sim_0.9__teacher_rf__seed_3,condition_recombine_pseudolabel,0.25,0.9,random_forest,3,316,30,1.0949367088607596,False,1.0,1.0,1.0,reaction_role_concat,6144,random_forest,False,valid,mae,9.225304232152203,2,0.1,random,,
condition_recombine_pseudolabel__mult_0.25__sim_0.9__teacher_rf__seed_3,condition_recombine_pseudolabel,0.25,0.9,random_forest,3,316,30,1.0949367088607596,False,1.0,1.0,1.0,reaction_role_concat,6144,random_forest,False,valid,r2,0.8001926377827411,2,0.1,random,,
condition_recombine_pseudolabel__mult_0.25__sim_0.9__teacher_rf__seed_3,condition_recombine_pseudolabel,0.25,0.9,random_forest,3,316,30,1.0949367088607596,False,1.0,1.0,1.0,reaction_role_concat,6144,random_forest,False,valid,spearman,0.8990211741606007,2,0.1,random,,
condition_recombine_pseudolabel__mult_0.25__sim_0.9__teacher_rf__seed_4,condition_recombine_pseudolabel,0.25,0.9,random_forest,4,316,25,1.0791139240506329,False,1.0,1.0,1.0,reaction_role_concat,6144,random_forest,False,valid,rmse,12.665626920597212,2,0.1,random,,
condition_recombine_pseudolabel__mult_0.25__sim_0.9__teacher_rf__seed_4,condition_recombine_pseudolabel,0.25,0.9,random_forest,4,316,25,1.0791139240506329,False,1.0,1.0,1.0,reaction_role_concat,6144,random_forest,False,valid,mae,9.355634425298323,2,0.1,random,,
condition_recombine_pseudolabel__mult_0.25__sim_0.9__teacher_rf__seed_4,condition_recombine_pseudolabel,0.25,0.9,random_forest,4,316,25,1.0791139240506329,False,1.0,1.0,1.0,reaction_role_concat,6144,random_forest,False,valid,r2,0.7938430962780412,2,0.1,random,,
condition_recombine_pseudolabel__mult_0.25__sim_0.9__teacher_rf__seed_4,condition_recombine_pseudolabel,0.25,0.9,random_forest,4,316,25,1.0791139240506329,False,1.0,1.0,1.0,reaction_role_concat,6144,random_forest,False,valid,spearman,0.894090461292569,2,0.1,random,,
condition_recombine_pseudolabel__mult_0.5__sim_0.7__teacher_ridge__seed_0,condition_recombine_pseudolabel,0.5,0.7,ridge,0,316,158,1.5,False,1.0,1.0,1.0,reaction_role_concat,6144,random_forest,False,valid,rmse,12.715770064936269,2,0.1,random,,
condition_recombine_pseudolabel__mult_0.5__sim_0.7__teacher_ridge__seed_0,condition_recombine_pseudolabel,0.5,0.7,ridge,0,316,158,1.5,False,1.0,1.0,1.0,reaction_role_concat,6144,random_forest,False,valid,mae,9.696412089743946,2,0.1,random,,
condition_recombine_pseudolabel__mult_0.5__sim_0.7__teacher_ridge__seed_0,condition_recombine_pseudolabel,0.5,0.7,ridge,0,316,158,1.5,False,1.0,1.0,1.0,reaction_role_concat,6144,random_forest,False,valid,r2,0.7922075170508793,2,0.1,random,,
condition_recombine_pseudolabel__mult_0.5__sim_0.7__teacher_ridge__seed_0,condition_recombine_pseudolabel,0.5,0.7,ridge,0,316,158,1.5,False,1.0,1.0,1.0,reaction_role_concat,6144,random_forest,False,valid,spearman,0.8989508731141599,2,0.1,random,,
condition_recombine_pseudolabel__mult_0.5__sim_0.7__teacher_ridge__seed_1,condition_recombine_pseudolabel,0.5,0.7,ridge,1,316,158,1.5,False,1.0,1.0,1.0,reaction_role_concat,6144,random_forest,False,valid,rmse,12.891629593419314,2,0.1,random,,
condition_recombine_pseudolabel__mult_0.5__sim_0.7__teacher_ridge__seed_1,condition_recombine_pseudolabel,0.5,0.7,ridge,1,316,158,1.5,False,1.0,1.0,1.0,reaction_role_concat,6144,random_forest,False,valid,mae,9.842526232331615,2,0.1,random,,
condition_recombine_pseudolabel__mult_0.5__sim_0.7__teacher_ridge__seed_1,condition_recombine_pseudolabel,0.5,0.7,ridge,1,316,158,1.5,False,1.0,1.0,1.0,reaction_role_concat,6144,random_forest,False,valid,r2,0.7864202185351677,2,0.1,random,,
condition_recombine_pseudolabel__mult_0.5__sim_0.7__teacher_ridge__seed_1,condition_recombine_pseudolabel,0.5,0.7,ridge,1,316,158,1.5,False,1.0,1.0,1.0,reaction_role_concat,6144,random_forest,False,valid,spearman,0.8978164167539348,2,0.1,random,,
condition_recombine_pseudolabel__mult_0.5__sim_0.7__teacher_ridge__seed_2,condition_recombine_pseudolabel,0.5,0.7,ridge,2,316,158,1.5,False,1.0,1.0,1.0,reaction_role_concat,6144,random_forest,False,valid,rmse,12.731290989330493,2,0.1,random,,
condition_recombine_pseudolabel__mult_0.5__sim_0.7__teacher_ridge__seed_2,condition_recombine_pseudolabel,0.5,0.7,ridge,2,316,158,1.5,False,1.0,1.0,1.0,reaction_role_concat,6144,random_forest,False,valid,mae,9.730475012724158,2,0.1,random,,
condition_recombine_pseudolabel__mult_0.5__sim_0.7__teacher_ridge__seed_2,condition_recombine_pseudolabel,0.5,0.7,ridge,2,316,158,1.5,False,1.0,1.0,1.0,reaction_role_concat,6144,random_forest,False,valid,r2,0.7916999426443279,2,0.1,random,,
condition_recombine_pseudolabel__mult_0.5__sim_0.7__teacher_ridge__seed_2,condition_recombine_pseudolabel,0.5,0.7,ridge,2,316,158,1.5,False,1.0,1.0,1.0,reaction_role_concat,6144,random_forest,False,valid,spearman,0.8954891794811051,2,0.1,random,,
condition_recombine_pseudolabel__mult_0.5__sim_0.7__teacher_ridge__seed_3,condition_recombine_pseudolabel,0.5,0.7,ridge,3,316,158,1.5,False,1.0,1.0,1.0,reaction_role_concat,6144,random_forest,False,valid,rmse,12.248082973301418,2,0.1,random,,
condition_recombine_pseudolabel__mult_0.5__sim_0.7__teacher_ridge__seed_3,condition_recombine_pseudolabel,0.5,0.7,ridge,3,316,158,1.5,False,1.0,1.0,1.0,reaction_role_concat,6144,random_forest,False,valid,mae,9.395207166183598,2,0.1,random,,
condition_recombine_pseudolabel__mult_0.5__sim_0.7__teacher_ridge__seed_3,condition_recombine_pseudolabel,0.5,0.7,ridge,3,316,158,1.5,False,1.0,1.0,1.0,reaction_role_concat,6144,random_forest,False,valid,r2,0.80721167063353,2,0.1,random,,
condition_recombine_pseudolabel__mult_0.5__sim_0.7__teacher_ridge__seed_3,condition_recombine_pseudolabel,0.5,0.7,ridge,3,316,158,1.5,False,1.0,1.0,1.0,reaction_role_concat,6144,random_forest,False,valid,spearman,0.903820924552922,2,0.1,random,,
condition_recombine_pseudolabel__mult_0.5__sim_0.7__teacher_ridge__seed_4,condition_recombine_pseudolabel,0.5,0.7,ridge,4,316,158,1.5,False,1.0,1.0,1.0,reaction_role_concat,6144,random_forest,False,valid,rmse,12.622536908639265,2,0.1,random,,
condition_recombine_pseudolabel__mult_0.5__sim_0.7__teacher_ridge__seed_4,condition_recombine_pseudolabel,0.5,0.7,ridge,4,316,158,1.5,False,1.0,1.0,1.0,reaction_role_concat,6144,random_forest,False,valid,mae,9.653047427049167,2,0.1,random,,
condition_recombine_pseudolabel__mult_0.5__sim_0.7__teacher_ridge__seed_4,condition_recombine_pseudolabel,0.5,0.7,ridge,4,316,158,1.5,False,1.0,1.0,1.0,reaction_role_concat,6144,random_forest,False,valid,r2,0.7952434521324734,2,0.1,random,,
condition_recombine_pseudolabel__mult_0.5__sim_0.7__teacher_ridge__seed_4,condition_recombine_pseudolabel,0.5,0.7,ridge,4,316,158,1.5,False,1.0,1.0,1.0,reaction_role_concat,6144,random_forest,False,valid,spearman,0.8987070589586365,2,0.1,random,,
condition_recombine_pseudolabel__mult_0.5__sim_0.7__teacher_rf__seed_0,condition_recombine_pseudolabel,0.5,0.7,random_forest,0,316,158,1.5,False,1.0,1.0,1.0,reaction_role_concat,6144,random_forest,False,valid,rmse,12.228514809862945,2,0.1,random,,
condition_recombine_pseudolabel__mult_0.5__sim_0.7__teacher_rf__seed_0,condition_recombine_pseudolabel,0.5,0.7,random_forest,0,316,158,1.5,False,1.0,1.0,1.0,reaction_role_concat,6144,random_forest,False,valid,mae,9.050976046834565,2,0.1,random,,
condition_recombine_pseudolabel__mult_0.5__sim_0.7__teacher_rf__seed_0,condition_recombine_pseudolabel,0.5,0.7,random_forest,0,316,158,1.5,False,1.0,1.0,1.0,reaction_role_concat,6144,random_forest,False,valid,r2,0.8078271955227811,2,0.1,random,,
condition_recombine_pseudolabel__mult_0.5__sim_0.7__teacher_rf__seed_0,condition_recombine_pseudolabel,0.5,0.7,random_forest,0,316,158,1.5,False,1.0,1.0,1.0,reaction_role_concat,6144,random_forest,False,valid,spearman,0.8992979967021953,2,0.1,random,,
condition_recombine_pseudolabel__mult_0.5__sim_0.7__teacher_rf__seed_1,condition_recombine_pseudolabel,0.5,0.7,random_forest,1,316,158,1.5,False,1.0,1.0,1.0,reaction_role_concat,6144,random_forest,False,valid,rmse,12.782094593764443,2,0.1,random,,
condition_recombine_pseudolabel__mult_0.5__sim_0.7__teacher_rf__seed_1,condition_recombine_pseudolabel,0.5,0.7,random_forest,1,316,158,1.5,False,1.0,1.0,1.0,reaction_role_concat,6144,random_forest,False,valid,mae,9.38566088875336,2,0.1,random,,
condition_recombine_pseudolabel__mult_0.5__sim_0.7__teacher_rf__seed_1,condition_recombine_pseudolabel,0.5,0.7,random_forest,1,316,158,1.5,False,1.0,1.0,1.0,reaction_role_concat,6144,random_forest,False,valid,r2,0.7900342030122733,2,0.1,random,,
condition_recombine_pseudolabel__mult_0.5__sim_0.7__teacher_rf__seed_1,condition_recombine_pseudolabel,0.5,0.7,random_forest,1,316,158,1.5,False,1.0,1.0,1.0,reaction_role_concat,6144,random_forest,False,valid,spearman,0.8895539016599842,2,0.1,random,,
condition_recombine_pseudolabel__mult_0.5__sim_0.7__teacher_rf__seed_2,condition_recombine_pseudolabel,0.5,0.7,random_forest,2,316,158,1.5,False,1.0,1.0,1.0,reaction_role_concat,6144,random_forest,False,valid,rmse,12.647485936465351,2,0.1,random,,
condition_recombine_pseudolabel__mult_0.5__sim_0.7__teacher_rf__seed_2,condition_recombine_pseudolabel,0.5,0.7,random_forest,2,316,158,1.5,False,1.0,1.0,1.0,reaction_role_concat,6144,random_forest,False,valid,mae,9.223534404848952,2,0.1,random,,
condition_recombine_pseudolabel__mult_0.5__sim_0.7__teacher_rf__seed_2,condition_recombine_pseudolabel,0.5,0.7,random_forest,2,316,158,1.5,False,1.0,1.0,1.0,reaction_role_concat,6144,random_forest,False,valid,r2,0.794433230634586,2,0.1,random,,
condition_recombine_pseudolabel__mult_0.5__sim_0.7__teacher_rf__seed_2,condition_recombine_pseudolabel,0.5,0.7,random_forest,2,316,158,1.5,False,1.0,1.0,1.0,reaction_role_concat,6144,random_forest,False,valid,spearman,0.8931627211672386,2,0.1,random,,
condition_recombine_pseudolabel__mult_0.5__sim_0.7__teacher_rf__seed_3,condition_recombine_pseudolabel,0.5,0.7,random_forest,3,316,158,1.5,False,1.0,1.0,1.0,reaction_role_concat,6144,random_forest,False,valid,rmse,12.254819386044664,2,0.1,random,,
condition_recombine_pseudolabel__mult_0.5__sim_0.7__teacher_rf__seed_3,condition_recombine_pseudolabel,0.5,0.7,random_forest,3,316,158,1.5,False,1.0,1.0,1.0,reaction_role_concat,6144,random_forest,False,valid,mae,9.013890923315964,2,0.1,random,,
condition_recombine_pseudolabel__mult_0.5__sim_0.7__teacher_rf__seed_3,condition_recombine_pseudolabel,0.5,0.7,random_forest,3,316,158,1.5,False,1.0,1.0,1.0,reaction_role_concat,6144,random_forest,False,valid,r2,0.806999546188788,2,0.1,random,,
condition_recombine_pseudolabel__mult_0.5__sim_0.7__teacher_rf__seed_3,condition_recombine_pseudolabel,0.5,0.7,random_forest,3,316,158,1.5,False,1.0,1.0,1.0,reaction_role_concat,6144,random_forest,False,valid,spearman,0.9007585447584461,2,0.1,random,,
condition_recombine_pseudolabel__mult_0.5__sim_0.7__teacher_rf__seed_4,condition_recombine_pseudolabel,0.5,0.7,random_forest,4,316,158,1.5,False,1.0,1.0,1.0,reaction_role_concat,6144,random_forest,False,valid,rmse,12.116716983356776,2,0.1,random,,
condition_recombine_pseudolabel__mult_0.5__sim_0.7__teacher_rf__seed_4,condition_recombine_pseudolabel,0.5,0.7,random_forest,4,316,158,1.5,False,1.0,1.0,1.0,reaction_role_concat,6144,random_forest,False,valid,mae,8.998638894287092,2,0.1,random,,
condition_recombine_pseudolabel__mult_0.5__sim_0.7__teacher_rf__seed_4,condition_recombine_pseudolabel,0.5,0.7,random_forest,4,316,158,1.5,False,1.0,1.0,1.0,reaction_role_concat,6144,random_forest,False,valid,r2,0.8113249697596677,2,0.1,random,,
condition_recombine_pseudolabel__mult_0.5__sim_0.7__teacher_rf__seed_4,condition_recombine_pseudolabel,0.5,0.7,random_forest,4,316,158,1.5,False,1.0,1.0,1.0,reaction_role_concat,6144,random_forest,False,valid,spearman,0.9025967905420432,2,0.1,random,,
condition_recombine_pseudolabel__mult_0.5__sim_0.8__teacher_ridge__seed_0,condition_recombine_pseudolabel,0.5,0.8,ridge,0,316,156,1.4936708860759493,False,1.0,1.0,1.0,reaction_role_concat,6144,random_forest,False,valid,rmse,12.651226118797092,2,0.1,random,,
condition_recombine_pseudolabel__mult_0.5__sim_0.8__teacher_ridge__seed_0,condition_recombine_pseudolabel,0.5,0.8,ridge,0,316,156,1.4936708860759493,False,1.0,1.0,1.0,reaction_role_concat,6144,random_forest,False,valid,mae,9.662936099915564,2,0.1,random,,
condition_recombine_pseudolabel__mult_0.5__sim_0.8__teacher_ridge__seed_0,condition_recombine_pseudolabel,0.5,0.8,ridge,0,316,156,1.4936708860759493,False,1.0,1.0,1.0,reaction_role_concat,6144,random_forest,False,valid,r2,0.794311630043303,2,0.1,random,,
condition_recombine_pseudolabel__mult_0.5__sim_0.8__teacher_ridge__seed_0,condition_recombine_pseudolabel,0.5,0.8,ridge,0,316,156,1.4936708860759493,False,1.0,1.0,1.0,reaction_role_concat,6144,random_forest,False,valid,spearman,0.8986769716686778,2,0.1,random,,
condition_recombine_pseudolabel__mult_0.5__sim_0.8__teacher_ridge__seed_1,condition_recombine_pseudolabel,0.5,0.8,ridge,1,316,152,1.481012658227848,False,1.0,1.0,1.0,reaction_role_concat,6144,random_forest,False,valid,rmse,13.144046391682373,2,0.1,random,,
condition_recombine_pseudolabel__mult_0.5__sim_0.8__teacher_ridge__seed_1,condition_recombine_pseudolabel,0.5,0.8,ridge,1,316,152,1.481012658227848,False,1.0,1.0,1.0,reaction_role_concat,6144,random_forest,False,valid,mae,10.0129236650565,2,0.1,random,,
condition_recombine_pseudolabel__mult_0.5__sim_0.8__teacher_ridge__seed_1,condition_recombine_pseudolabel,0.5,0.8,ridge,1,316,152,1.481012658227848,False,1.0,1.0,1.0,reaction_role_concat,6144,random_forest,False,valid,r2,0.7779745970737186,2,0.1,random,,
condition_recombine_pseudolabel__mult_0.5__sim_0.8__teacher_ridge__seed_1,condition_recombine_pseudolabel,0.5,0.8,ridge,1,316,152,1.481012658227848,False,1.0,1.0,1.0,reaction_role_concat,6144,random_forest,False,valid,spearman,0.8924092731099541,2,0.1,random,,
condition_recombine_pseudolabel__mult_0.5__sim_0.8__teacher_ridge__seed_2,condition_recombine_pseudolabel,0.5,0.8,ridge,2,316,157,1.4968354430379747,False,1.0,1.0,1.0,reaction_role_concat,6144,random_forest,False,valid,rmse,12.898752318536156,2,0.1,random,,
condition_recombine_pseudolabel__mult_0.5__sim_0.8__teacher_ridge__seed_2,condition_recombine_pseudolabel,0.5,0.8,ridge,2,316,157,1.4968354430379747,False,1.0,1.0,1.0,reaction_role_concat,6144,random_forest,False,valid,mae,9.767988863945007,2,0.1,random,,
condition_recombine_pseudolabel__mult_0.5__sim_0.8__teacher_ridge__seed_2,condition_recombine_pseudolabel,0.5,0.8,ridge,2,316,157,1.4968354430379747,False,1.0,1.0,1.0,reaction_role_concat,6144,random_forest,False,valid,r2,0.7861841443725327,2,0.1,random,,
condition_recombine_pseudolabel__mult_0.5__sim_0.8__teacher_ridge__seed_2,condition_recombine_pseudolabel,0.5,0.8,ridge,2,316,157,1.4968354430379747,False,1.0,1.0,1.0,reaction_role_concat,6144,random_forest,False,valid,spearman,0.8916087954052584,2,0.1,random,,
condition_recombine_pseudolabel__mult_0.5__sim_0.8__teacher_ridge__seed_3,condition_recombine_pseudolabel,0.5,0.8,ridge,3,316,155,1.490506329113924,False,1.0,1.0,1.0,reaction_role_concat,6144,random_forest,False,valid,rmse,12.183475184803333,2,0.1,random,,
condition_recombine_pseudolabel__mult_0.5__sim_0.8__teacher_ridge__seed_3,condition_recombine_pseudolabel,0.5,0.8,ridge,3,316,155,1.490506329113924,False,1.0,1.0,1.0,reaction_role_concat,6144,random_forest,False,valid,mae,9.312849786221227,2,0.1,random,,
condition_recombine_pseudolabel__mult_0.5__sim_0.8__teacher_ridge__seed_3,condition_recombine_pseudolabel,0.5,0.8,ridge,3,316,155,1.490506329113924,False,1.0,1.0,1.0,reaction_role_concat,6144,random_forest,False,valid,r2,0.8092401964607403,2,0.1,random,,
condition_recombine_pseudolabel__mult_0.5__sim_0.8__teacher_ridge__seed_3,condition_recombine_pseudolabel,0.5,0.8,ridge,3,316,155,1.490506329113924,False,1.0,1.0,1.0,reaction_role_concat,6144,random_forest,False,valid,spearman,0.9037026201603657,2,0.1,random,,
condition_recombine_pseudolabel__mult_0.5__sim_0.8__teacher_ridge__seed_4,condition_recombine_pseudolabel,0.5,0.8,ridge,4,316,153,1.4841772151898733,False,1.0,1.0,1.0,reaction_role_concat,6144,random_forest,False,valid,rmse,12.727289438937351,2,0.1,random,,
condition_recombine_pseudolabel__mult_0.5__sim_0.8__teacher_ridge__seed_4,condition_recombine_pseudolabel,0.5,0.8,ridge,4,316,153,1.4841772151898733,False,1.0,1.0,1.0,reaction_role_concat,6144,random_forest,False,valid,mae,9.827919288138045,2,0.1,random,,
condition_recombine_pseudolabel__mult_0.5__sim_0.8__teacher_ridge__seed_4,condition_recombine_pseudolabel,0.5,0.8,ridge,4,316,153,1.4841772151898733,False,1.0,1.0,1.0,reaction_role_concat,6144,random_forest,False,valid,r2,0.7918308629391316,2,0.1,random,,
condition_recombine_pseudolabel__mult_0.5__sim_0.8__teacher_ridge__seed_4,condition_recombine_pseudolabel,0.5,0.8,ridge,4,316,153,1.4841772151898733,False,1.0,1.0,1.0,reaction_role_concat,6144,random_forest,False,valid,spearman,0.8983168978878767,2,0.1,random,,
condition_recombine_pseudolabel__mult_0.5__sim_0.8__teacher_rf__seed_0,condition_recombine_pseudolabel,0.5,0.8,random_forest,0,316,156,1.4936708860759493,False,1.0,1.0,1.0,reaction_role_concat,6144,random_forest,False,valid,rmse,12.100875327832073,2,0.1,random,,
condition_recombine_pseudolabel__mult_0.5__sim_0.8__teacher_rf__seed_0,condition_recombine_pseudolabel,0.5,0.8,random_forest,0,316,156,1.4936708860759493,False,1.0,1.0,1.0,reaction_role_concat,6144,random_forest,False,valid,mae,8.931840221913555,2,0.1,random,,
condition_recombine_pseudolabel__mult_0.5__sim_0.8__teacher_rf__seed_0,condition_recombine_pseudolabel,0.5,0.8,random_forest,0,316,156,1.4936708860759493,False,1.0,1.0,1.0,reaction_role_concat,6144,random_forest,False,valid,r2,0.8118180028060089,2,0.1,random,,
condition_recombine_pseudolabel__mult_0.5__sim_0.8__teacher_rf__seed_0,condition_recombine_pseudolabel,0.5,0.8,random_forest,0,316,156,1.4936708860759493,False,1.0,1.0,1.0,reaction_role_concat,6144,random_forest,False,valid,spearman,0.9030644580296545,2,0.1,random,,
condition_recombine_pseudolabel__mult_0.5__sim_0.8__teacher_rf__seed_1,condition_recombine_pseudolabel,0.5,0.8,random_forest,1,316,152,1.481012658227848,False,1.0,1.0,1.0,reaction_role_concat,6144,random_forest,False,valid,rmse,12.647608958861502,2,0.1,random,,
condition_recombine_pseudolabel__mult_0.5__sim_0.8__teacher_rf__seed_1,condition_recombine_pseudolabel,0.5,0.8,random_forest,1,316,152,1.481012658227848,False,1.0,1.0,1.0,reaction_role_concat,6144,random_forest,False,valid,mae,9.272482470954522,2,0.1,random,,
condition_recombine_pseudolabel__mult_0.5__sim_0.8__teacher_rf__seed_1,condition_recombine_pseudolabel,0.5,0.8,random_forest,1,316,152,1.481012658227848,False,1.0,1.0,1.0,reaction_role_concat,6144,random_forest,False,valid,r2,0.7944292315094384,2,0.1,random,,
condition_recombine_pseudolabel__mult_0.5__sim_0.8__teacher_rf__seed_1,condition_recombine_pseudolabel,0.5,0.8,random_forest,1,316,152,1.481012658227848,False,1.0,1.0,1.0,reaction_role_concat,6144,random_forest,False,valid,spearman,0.8920560152200823,2,0.1,random,,
condition_recombine_pseudolabel__mult_0.5__sim_0.8__teacher_rf__seed_2,condition_recombine_pseudolabel,0.5,0.8,random_forest,2,316,157,1.4968354430379747,False,1.0,1.0,1.0,reaction_role_concat,6144,random_forest,False,valid,rmse,12.785310491538802,2,0.1,random,,
condition_recombine_pseudolabel__mult_0.5__sim_0.8__teacher_rf__seed_2,condition_recombine_pseudolabel,0.5,0.8,random_forest,2,316,157,1.4968354430379747,False,1.0,1.0,1.0,reaction_role_concat,6144,random_forest,False,valid,mae,9.399199919421461,2,0.1,random,,
condition_recombine_pseudolabel__mult_0.5__sim_0.8__teacher_rf__seed_2,condition_recombine_pseudolabel,0.5,0.8,random_forest,2,316,157,1.4968354430379747,False,1.0,1.0,1.0,reaction_role_concat,6144,random_forest,False,valid,r2,0.7899285374695908,2,0.1,random,,
condition_recombine_pseudolabel__mult_0.5__sim_0.8__teacher_rf__seed_2,condition_recombine_pseudolabel,0.5,0.8,random_forest,2,316,157,1.4968354430379747,False,1.0,1.0,1.0,reaction_role_concat,6144,random_forest,False,valid,spearman,0.8898085238711239,2,0.1,random,,
condition_recombine_pseudolabel__mult_0.5__sim_0.8__teacher_rf__seed_3,condition_recombine_pseudolabel,0.5,0.8,random_forest,3,316,155,1.490506329113924,False,1.0,1.0,1.0,reaction_role_concat,6144,random_forest,False,valid,rmse,12.42806032764474,2,0.1,random,,
condition_recombine_pseudolabel__mult_0.5__sim_0.8__teacher_rf__seed_3,condition_recombine_pseudolabel,0.5,0.8,random_forest,3,316,155,1.490506329113924,False,1.0,1.0,1.0,reaction_role_concat,6144,random_forest,False,valid,mae,9.177751215422456,2,0.1,random,,
condition_recombine_pseudolabel__mult_0.5__sim_0.8__teacher_rf__seed_3,condition_recombine_pseudolabel,0.5,0.8,random_forest,3,316,155,1.490506329113924,False,1.0,1.0,1.0,reaction_role_concat,6144,random_forest,False,valid,r2,0.8015042530693642,2,0.1,random,,
condition_recombine_pseudolabel__mult_0.5__sim_0.8__teacher_rf__seed_3,condition_recombine_pseudolabel,0.5,0.8,random_forest,3,316,155,1.490506329113924,False,1.0,1.0,1.0,reaction_role_concat,6144,random_forest,False,valid,spearman,0.8982723024872258,2,0.1,random,,
condition_recombine_pseudolabel__mult_0.5__sim_0.8__teacher_rf__seed_4,condition_recombine_pseudolabel,0.5,0.8,random_forest,4,316,153,1.4841772151898733,False,1.0,1.0,1.0,reaction_role_concat,6144,random_forest,False,valid,rmse,12.305885799904159,2,0.1,random,,
condition_recombine_pseudolabel__mult_0.5__sim_0.8__teacher_rf__seed_4,condition_recombine_pseudolabel,0.5,0.8,random_forest,4,316,153,1.4841772151898733,False,1.0,1.0,1.0,reaction_role_concat,6144,random_forest,False,valid,mae,9.104172227593917,2,0.1,random,,
condition_recombine_pseudolabel__mult_0.5__sim_0.8__teacher_rf__seed_4,condition_recombine_pseudolabel,0.5,0.8,random_forest,4,316,153,1.4841772151898733,False,1.0,1.0,1.0,reaction_role_concat,6144,random_forest,False,valid,r2,0.805387710776625,2,0.1,random,,
condition_recombine_pseudolabel__mult_0.5__sim_0.8__teacher_rf__seed_4,condition_recombine_pseudolabel,0.5,0.8,random_forest,4,316,153,1.4841772151898733,False,1.0,1.0,1.0,reaction_role_concat,6144,random_forest,False,valid,spearman,0.8977966506702403,2,0.1,random,,
condition_recombine_pseudolabel__mult_0.5__sim_0.9__teacher_ridge__seed_0,condition_recombine_pseudolabel,0.5,0.9,ridge,0,316,54,1.1708860759493671,False,1.0,1.0,1.0,reaction_role_concat,6144,random_forest,False,valid,rmse,13.015393765014014,2,0.1,random,,
condition_recombine_pseudolabel__mult_0.5__sim_0.9__teacher_ridge__seed_0,condition_recombine_pseudolabel,0.5,0.9,ridge,0,316,54,1.1708860759493671,False,1.0,1.0,1.0,reaction_role_concat,6144,random_forest,False,valid,mae,9.773109175022643,2,0.1,random,,
condition_recombine_pseudolabel__mult_0.5__sim_0.9__teacher_ridge__seed_0,condition_recombine_pseudolabel,0.5,0.9,ridge,0,316,54,1.1708860759493671,False,1.0,1.0,1.0,reaction_role_concat,6144,random_forest,False,valid,r2,0.7822996517611609,2,0.1,random,,
condition_recombine_pseudolabel__mult_0.5__sim_0.9__teacher_ridge__seed_0,condition_recombine_pseudolabel,0.5,0.9,ridge,0,316,54,1.1708860759493671,False,1.0,1.0,1.0,reaction_role_concat,6144,random_forest,False,valid,spearman,0.8903502898301223,2,0.1,random,,
condition_recombine_pseudolabel__mult_0.5__sim_0.9__teacher_ridge__seed_1,condition_recombine_pseudolabel,0.5,0.9,ridge,1,316,54,1.1708860759493671,False,1.0,1.0,1.0,reaction_role_concat,6144,random_forest,False,valid,rmse,12.935435423154946,2,0.1,random,,
condition_recombine_pseudolabel__mult_0.5__sim_0.9__teacher_ridge__seed_1,condition_recombine_pseudolabel,0.5,0.9,ridge,1,316,54,1.1708860759493671,False,1.0,1.0,1.0,reaction_role_concat,6144,random_forest,False,valid,mae,9.697553576214403,2,0.1,random,,
condition_recombine_pseudolabel__mult_0.5__sim_0.9__teacher_ridge__seed_1,condition_recombine_pseudolabel,0.5,0.9,ridge,1,316,54,1.1708860759493671,False,1.0,1.0,1.0,reaction_role_concat,6144,random_forest,False,valid,r2,0.7849662618555481,2,0.1,random,,
condition_recombine_pseudolabel__mult_0.5__sim_0.9__teacher_ridge__seed_1,condition_recombine_pseudolabel,0.5,0.9,ridge,1,316,54,1.1708860759493671,False,1.0,1.0,1.0,reaction_role_concat,6144,random_forest,False,valid,spearman,0.89346680727255,2,0.1,random,,
condition_recombine_pseudolabel__mult_0.5__sim_0.9__teacher_ridge__seed_2,condition_recombine_pseudolabel,0.5,0.9,ridge,2,316,64,1.2025316455696202,False,1.0,1.0,1.0,reaction_role_concat,6144,random_forest,False,valid,rmse,12.444471354834608,2,0.1,random,,
condition_recombine_pseudolabel__mult_0.5__sim_0.9__teacher_ridge__seed_2,condition_recombine_pseudolabel,0.5,0.9,ridge,2,316,64,1.2025316455696202,False,1.0,1.0,1.0,reaction_role_concat,6144,random_forest,False,valid,mae,9.429599734051317,2,0.1,random,,
condition_recombine_pseudolabel__mult_0.5__sim_0.9__teacher_ridge__seed_2,condition_recombine_pseudolabel,0.5,0.9,ridge,2,316,64,1.2025316455696202,False,1.0,1.0,1.0,reaction_role_concat,6144,random_forest,False,valid,r2,0.8009796869244757,2,0.1,random,,
condition_recombine_pseudolabel__mult_0.5__sim_0.9__teacher_ridge__seed_2,condition_recombine_pseudolabel,0.5,0.9,ridge,2,316,64,1.2025316455696202,False,1.0,1.0,1.0,reaction_role_concat,6144,random_forest,False,valid,spearman,0.9004134659376892,2,0.1,random,,
condition_recombine_pseudolabel__mult_0.5__sim_0.9__teacher_ridge__seed_3,condition_recombine_pseudolabel,0.5,0.9,ridge,3,316,56,1.1772151898734178,False,1.0,1.0,1.0,reaction_role_concat,6144,random_forest,False,valid,rmse,12.424000340354189,2,0.1,random,,
condition_recombine_pseudolabel__mult_0.5__sim_0.9__teacher_ridge__seed_3,condition_recombine_pseudolabel,0.5,0.9,ridge,3,316,56,1.1772151898734178,False,1.0,1.0,1.0,reaction_role_concat,6144,random_forest,False,valid,mae,9.27177203423011,2,0.1,random,,
condition_recombine_pseudolabel__mult_0.5__sim_0.9__teacher_ridge__seed_3,condition_recombine_pseudolabel,0.5,0.9,ridge,3,316,56,1.1772151898734178,False,1.0,1.0,1.0,reaction_role_concat,6144,random_forest,False,valid,r2,0.8016339207012857,2,0.1,random,,
condition_recombine_pseudolabel__mult_0.5__sim_0.9__teacher_ridge__seed_3,condition_recombine_pseudolabel,0.5,0.9,ridge,3,316,56,1.1772151898734178,False,1.0,1.0,1.0,reaction_role_concat,6144,random_forest,False,valid,spearman,0.896947682770077,2,0.1,random,,
condition_recombine_pseudolabel__mult_0.5__sim_0.9__teacher_ridge__seed_4,condition_recombine_pseudolabel,0.5,0.9,ridge,4,316,44,1.139240506329114,False,1.0,1.0,1.0,reaction_role_concat,6144,random_forest,False,valid,rmse,12.723313848692678,2,0.1,random,,
condition_recombine_pseudolabel__mult_0.5__sim_0.9__teacher_ridge__seed_4,condition_recombine_pseudolabel,0.5,0.9,ridge,4,316,44,1.139240506329114,False,1.0,1.0,1.0,reaction_role_concat,6144,random_forest,False,valid,mae,9.5849273614393,2,0.1,random,,
condition_recombine_pseudolabel__mult_0.5__sim_0.9__teacher_ridge__seed_4,condition_recombine_pseudolabel,0.5,0.9,ridge,4,316,44,1.139240506329114,False,1.0,1.0,1.0,reaction_role_concat,6144,random_forest,False,valid,r2,0.7919608931293987,2,0.1,random,,
condition_recombine_pseudolabel__mult_0.5__sim_0.9__teacher_ridge__seed_4,condition_recombine_pseudolabel,0.5,0.9,ridge,4,316,44,1.139240506329114,False,1.0,1.0,1.0,reaction_role_concat,6144,random_forest,False,valid,spearman,0.8970589765319631,2,0.1,random,,
condition_recombine_pseudolabel__mult_0.5__sim_0.9__teacher_rf__seed_0,condition_recombine_pseudolabel,0.5,0.9,random_forest,0,316,54,1.1708860759493671,False,1.0,1.0,1.0,reaction_role_concat,6144,random_forest,False,valid,rmse,12.16533772207167,2,0.1,random,,
condition_recombine_pseudolabel__mult_0.5__sim_0.9__teacher_rf__seed_0,condition_recombine_pseudolabel,0.5,0.9,random_forest,0,316,54,1.1708860759493671,False,1.0,1.0,1.0,reaction_role_concat,6144,random_forest,False,valid,mae,9.002073854808565,2,0.1,random,,
condition_recombine_pseudolabel__mult_0.5__sim_0.9__teacher_rf__seed_0,condition_recombine_pseudolabel,0.5,0.9,random_forest,0,316,54,1.1708860759493671,False,1.0,1.0,1.0,reaction_role_concat,6144,random_forest,False,valid,r2,0.8098077395320169,2,0.1,random,,
condition_recombine_pseudolabel__mult_0.5__sim_0.9__teacher_rf__seed_0,condition_recombine_pseudolabel,0.5,0.9,random_forest,0,316,54,1.1708860759493671,False,1.0,1.0,1.0,reaction_role_concat,6144,random_forest,False,valid,spearman,0.9026667021090024,2,0.1,random,,
condition_recombine_pseudolabel__mult_0.5__sim_0.9__teacher_rf__seed_1,condition_recombine_pseudolabel,0.5,0.9,random_forest,1,316,54,1.1708860759493671,False,1.0,1.0,1.0,reaction_role_concat,6144,random_forest,False,valid,rmse,12.424416463351147,2,0.1,random,,
condition_recombine_pseudolabel__mult_0.5__sim_0.9__teacher_rf__seed_1,condition_recombine_pseudolabel,0.5,0.9,random_forest,1,316,54,1.1708860759493671,False,1.0,1.0,1.0,reaction_role_concat,6144,random_forest,False,valid,mae,9.15756480638664,2,0.1,random,,
condition_recombine_pseudolabel__mult_0.5__sim_0.9__teacher_rf__seed_1,condition_recombine_pseudolabel,0.5,0.9,random_forest,1,316,54,1.1708860759493671,False,1.0,1.0,1.0,reaction_role_concat,6144,random_forest,False,valid,r2,0.8016206325384547,2,0.1,random,,
condition_recombine_pseudolabel__mult_0.5__sim_0.9__teacher_rf__seed_1,condition_recombine_pseudolabel,0.5,0.9,random_forest,1,316,54,1.1708860759493671,False,1.0,1.0,1.0,reaction_role_concat,6144,random_forest,False,valid,spearman,0.8994990654846059,2,0.1,random,,
condition_recombine_pseudolabel__mult_0.5__sim_0.9__teacher_rf__seed_2,condition_recombine_pseudolabel,0.5,0.9,random_forest,2,316,64,1.2025316455696202,False,1.0,1.0,1.0,reaction_role_concat,6144,random_forest,False,valid,rmse,12.222540130848625,2,0.1,random,,
condition_recombine_pseudolabel__mult_0.5__sim_0.9__teacher_rf__seed_2,condition_recombine_pseudolabel,0.5,0.9,random_forest,2,316,64,1.2025316455696202,False,1.0,1.0,1.0,reaction_role_concat,6144,random_forest,False,valid,mae,9.04242182009884,2,0.1,random,,
condition_recombine_pseudolabel__mult_0.5__sim_0.9__teacher_rf__seed_2,condition_recombine_pseudolabel,0.5,0.9,random_forest,2,316,64,1.2025316455696202,False,1.0,1.0,1.0,reaction_role_concat,6144,random_forest,False,valid,r2,0.8080149354650206,2,0.1,random,,
condition_recombine_pseudolabel__mult_0.5__sim_0.9__teacher_rf__seed_2,condition_recombine_pseudolabel,0.5,0.9,random_forest,2,316,64,1.2025316455696202,False,1.0,1.0,1.0,reaction_role_concat,6144,random_forest,False,valid,spearman,0.9017661281775181,2,0.1,random,,
condition_recombine_pseudolabel__mult_0.5__sim_0.9__teacher_rf__seed_3,condition_recombine_pseudolabel,0.5,0.9,random_forest,3,316,56,1.1772151898734178,False,1.0,1.0,1.0,reaction_role_concat,6144,random_forest,False,valid,rmse,12.388390668888073,2,0.1,random,,
condition_recombine_pseudolabel__mult_0.5__sim_0.9__teacher_rf__seed_3,condition_recombine_pseudolabel,0.5,0.9,random_forest,3,316,56,1.1772151898734178,False,1.0,1.0,1.0,reaction_role_concat,6144,random_forest,False,valid,mae,9.165210533360137,2,0.1,random,,
condition_recombine_pseudolabel__mult_0.5__sim_0.9__teacher_rf__seed_3,condition_recombine_pseudolabel,0.5,0.9,random_forest,3,316,56,1.1772151898734178,False,1.0,1.0,1.0,reaction_role_concat,6144,random_forest,False,valid,r2,0.802769404870426,2,0.1,random,,
condition_recombine_pseudolabel__mult_0.5__sim_0.9__teacher_rf__seed_3,condition_recombine_pseudolabel,0.5,0.9,random_forest,3,316,56,1.1772151898734178,False,1.0,1.0,1.0,reaction_role_concat,6144,random_forest,False,valid,spearman,0.8994859205520997,2,0.1,random,,
condition_recombine_pseudolabel__mult_0.5__sim_0.9__teacher_rf__seed_4,condition_recombine_pseudolabel,0.5,0.9,random_forest,4,316,44,1.139240506329114,False,1.0,1.0,1.0,reaction_role_concat,6144,random_forest,False,valid,rmse,12.626579969769473,2,0.1,random,,
condition_recombine_pseudolabel__mult_0.5__sim_0.9__teacher_rf__seed_4,condition_recombine_pseudolabel,0.5,0.9,random_forest,4,316,44,1.139240506329114,False,1.0,1.0,1.0,reaction_role_concat,6144,random_forest,False,valid,mae,9.343826955147183,2,0.1,random,,
condition_recombine_pseudolabel__mult_0.5__sim_0.9__teacher_rf__seed_4,condition_recombine_pseudolabel,0.5,0.9,random_forest,4,316,44,1.139240506329114,False,1.0,1.0,1.0,reaction_role_concat,6144,random_forest,False,valid,r2,0.7951122620512754,2,0.1,random,,
condition_recombine_pseudolabel__mult_0.5__sim_0.9__teacher_rf__seed_4,condition_recombine_pseudolabel,0.5,0.9,random_forest,4,316,44,1.139240506329114,False,1.0,1.0,1.0,reaction_role_concat,6144,random_forest,False,valid,spearman,0.8947150890112923,2,0.1,random,,
condition_recombine_pseudolabel__mult_1__sim_0.7__teacher_ridge__seed_0,condition_recombine_pseudolabel,1.0,0.7,ridge,0,316,316,2.0,False,1.0,1.0,1.0,reaction_role_concat,6144,random_forest,False,valid,rmse,13.328103563455189,2,0.1,random,,
condition_recombine_pseudolabel__mult_1__sim_0.7__teacher_ridge__seed_0,condition_recombine_pseudolabel,1.0,0.7,ridge,0,316,316,2.0,False,1.0,1.0,1.0,reaction_role_concat,6144,random_forest,False,valid,mae,10.368123660627047,2,0.1,random,,
condition_recombine_pseudolabel__mult_1__sim_0.7__teacher_ridge__seed_0,condition_recombine_pseudolabel,1.0,0.7,ridge,0,316,316,2.0,False,1.0,1.0,1.0,reaction_role_concat,6144,random_forest,False,valid,r2,0.7717129806635461,2,0.1,random,,
condition_recombine_pseudolabel__mult_1__sim_0.7__teacher_ridge__seed_0,condition_recombine_pseudolabel,1.0,0.7,ridge,0,316,316,2.0,False,1.0,1.0,1.0,reaction_role_concat,6144,random_forest,False,valid,spearman,0.8871811926576699,2,0.1,random,,
condition_recombine_pseudolabel__mult_1__sim_0.7__teacher_ridge__seed_1,condition_recombine_pseudolabel,1.0,0.7,ridge,1,316,316,2.0,False,1.0,1.0,1.0,reaction_role_concat,6144,random_forest,False,valid,rmse,13.426197824584715,2,0.1,random,,
condition_recombine_pseudolabel__mult_1__sim_0.7__teacher_ridge__seed_1,condition_recombine_pseudolabel,1.0,0.7,ridge,1,316,316,2.0,False,1.0,1.0,1.0,reaction_role_concat,6144,random_forest,False,valid,mae,10.456300865881804,2,0.1,random,,
condition_recombine_pseudolabel__mult_1__sim_0.7__teacher_ridge__seed_1,condition_recombine_pseudolabel,1.0,0.7,ridge,1,316,316,2.0,False,1.0,1.0,1.0,reaction_role_concat,6144,random_forest,False,valid,r2,0.7683402495752618,2,0.1,random,,
condition_recombine_pseudolabel__mult_1__sim_0.7__teacher_ridge__seed_1,condition_recombine_pseudolabel,1.0,0.7,ridge,1,316,316,2.0,False,1.0,1.0,1.0,reaction_role_concat,6144,random_forest,False,valid,spearman,0.8909930283447431,2,0.1,random,,
condition_recombine_pseudolabel__mult_1__sim_0.7__teacher_ridge__seed_2,condition_recombine_pseudolabel,1.0,0.7,ridge,2,316,316,2.0,False,1.0,1.0,1.0,reaction_role_concat,6144,random_forest,False,valid,rmse,13.428958262442455,2,0.1,random,,
condition_recombine_pseudolabel__mult_1__sim_0.7__teacher_ridge__seed_2,condition_recombine_pseudolabel,1.0,0.7,ridge,2,316,316,2.0,False,1.0,1.0,1.0,reaction_role_concat,6144,random_forest,False,valid,mae,10.332055412029163,2,0.1,random,,
condition_recombine_pseudolabel__mult_1__sim_0.7__teacher_ridge__seed_2,condition_recombine_pseudolabel,1.0,0.7,ridge,2,316,316,2.0,False,1.0,1.0,1.0,reaction_role_concat,6144,random_forest,False,valid,r2,0.7682449808934497,2,0.1,random,,
condition_recombine_pseudolabel__mult_1__sim_0.7__teacher_ridge__seed_2,condition_recombine_pseudolabel,1.0,0.7,ridge,2,316,316,2.0,False,1.0,1.0,1.0,reaction_role_concat,6144,random_forest,False,valid,spearman,0.8857047733125414,2,0.1,random,,
condition_recombine_pseudolabel__mult_1__sim_0.7__teacher_ridge__seed_3,condition_recombine_pseudolabel,1.0,0.7,ridge,3,316,316,2.0,False,1.0,1.0,1.0,reaction_role_concat,6144,random_forest,False,valid,rmse,12.76622688573078,2,0.1,random,,
condition_recombine_pseudolabel__mult_1__sim_0.7__teacher_ridge__seed_3,condition_recombine_pseudolabel,1.0,0.7,ridge,3,316,316,2.0,False,1.0,1.0,1.0,reaction_role_concat,6144,random_forest,False,valid,mae,9.83388083931087,2,0.1,random,,
condition_recombine_pseudolabel__mult_1__sim_0.7__teacher_ridge__seed_3,condition_recombine_pseudolabel,1.0,0.7,ridge,3,316,316,2.0,False,1.0,1.0,1.0,reaction_role_concat,6144,random_forest,False,valid,r2,0.7905551830388099,2,0.1,random,,
condition_recombine_pseudolabel__mult_1__sim_0.7__teacher_ridge__seed_3,condition_recombine_pseudolabel,1.0,0.7,ridge,3,316,316,2.0,False,1.0,1.0,1.0,reaction_role_concat,6144,random_forest,False,valid,spearman,0.8983633433160655,2,0.1,random,,
condition_recombine_pseudolabel__mult_1__sim_0.7__teacher_ridge__seed_4,condition_recombine_pseudolabel,1.0,0.7,ridge,4,316,316,2.0,False,1.0,1.0,1.0,reaction_role_concat,6144,random_forest,False,valid,rmse,12.605361299280737,2,0.1,random,,
condition_recombine_pseudolabel__mult_1__sim_0.7__teacher_ridge__seed_4,condition_recombine_pseudolabel,1.0,0.7,ridge,4,316,316,2.0,False,1.0,1.0,1.0,reaction_role_concat,6144,random_forest,False,valid,mae,9.75030381044934,2,0.1,random,,
condition_recombine_pseudolabel__mult_1__sim_0.7__teacher_ridge__seed_4,condition_recombine_pseudolabel,1.0,0.7,ridge,4,316,316,2.0,False,1.0,1.0,1.0,reaction_role_concat,6144,random_forest,False,valid,r2,0.7958003014917693,2,0.1,random,,
condition_recombine_pseudolabel__mult_1__sim_0.7__teacher_ridge__seed_4,condition_recombine_pseudolabel,1.0,0.7,ridge,4,316,316,2.0,False,1.0,1.0,1.0,reaction_role_concat,6144,random_forest,False,valid,spearman,0.9003162908070134,2,0.1,random,,
condition_recombine_pseudolabel__mult_1__sim_0.7__teacher_rf__seed_0,condition_recombine_pseudolabel,1.0,0.7,random_forest,0,316,316,2.0,False,1.0,1.0,1.0,reaction_role_concat,6144,random_forest,False,valid,rmse,12.103810847754254,2,0.1,random,,
condition_recombine_pseudolabel__mult_1__sim_0.7__teacher_rf__seed_0,condition_recombine_pseudolabel,1.0,0.7,random_forest,0,316,316,2.0,False,1.0,1.0,1.0,reaction_role_concat,6144,random_forest,False,valid,mae,8.884062530759769,2,0.1,random,,
condition_recombine_pseudolabel__mult_1__sim_0.7__teacher_rf__seed_0,condition_recombine_pseudolabel,1.0,0.7,random_forest,0,316,316,2.0,False,1.0,1.0,1.0,reaction_role_concat,6144,random_forest,False,valid,r2,0.8117266905676976,2,0.1,random,,
condition_recombine_pseudolabel__mult_1__sim_0.7__teacher_rf__seed_0,condition_recombine_pseudolabel,1.0,0.7,random_forest,0,316,316,2.0,False,1.0,1.0,1.0,reaction_role_concat,6144,random_forest,False,valid,spearman,0.9019647627131683,2,0.1,random,,
condition_recombine_pseudolabel__mult_1__sim_0.7__teacher_rf__seed_1,condition_recombine_pseudolabel,1.0,0.7,random_forest,1,316,316,2.0,False,1.0,1.0,1.0,reaction_role_concat,6144,random_forest,False,valid,rmse,12.46542608262687,2,0.1,random,,
condition_recombine_pseudolabel__mult_1__sim_0.7__teacher_rf__seed_1,condition_recombine_pseudolabel,1.0,0.7,random_forest,1,316,316,2.0,False,1.0,1.0,1.0,reaction_role_concat,6144,random_forest,False,valid,mae,9.12920293069414,2,0.1,random,,
condition_recombine_pseudolabel__mult_1__sim_0.7__teacher_rf__seed_1,condition_recombine_pseudolabel,1.0,0.7,random_forest,1,316,316,2.0,False,1.0,1.0,1.0,reaction_role_concat,6144,random_forest,False,valid,r2,0.8003088785691734,2,0.1,random,,
condition_recombine_pseudolabel__mult_1__sim_0.7__teacher_rf__seed_1,condition_recombine_pseudolabel,1.0,0.7,random_forest,1,316,316,2.0,False,1.0,1.0,1.0,reaction_role_concat,6144,random_forest,False,valid,spearman,0.8952544207235305,2,0.1,random,,
condition_recombine_pseudolabel__mult_1__sim_0.7__teacher_rf__seed_2,condition_recombine_pseudolabel,1.0,0.7,random_forest,2,316,316,2.0,False,1.0,1.0,1.0,reaction_role_concat,6144,random_forest,False,valid,rmse,12.658998764639302,2,0.1,random,,
condition_recombine_pseudolabel__mult_1__sim_0.7__teacher_rf__seed_2,condition_recombine_pseudolabel,1.0,0.7,random_forest,2,316,316,2.0,False,1.0,1.0,1.0,reaction_role_concat,6144,random_forest,False,valid,mae,9.25626375823534,2,0.1,random,,
condition_recombine_pseudolabel__mult_1__sim_0.7__teacher_rf__seed_2,condition_recombine_pseudolabel,1.0,0.7,random_forest,2,316,316,2.0,False,1.0,1.0,1.0,reaction_role_concat,6144,random_forest,False,valid,r2,0.7940588112326326,2,0.1,random,,
condition_recombine_pseudolabel__mult_1__sim_0.7__teacher_rf__seed_2,condition_recombine_pseudolabel,1.0,0.7,random_forest,2,316,316,2.0,False,1.0,1.0,1.0,reaction_role_concat,6144,random_forest,False,valid,spearman,0.8925864862741126,2,0.1,random,,
condition_recombine_pseudolabel__mult_1__sim_0.7__teacher_rf__seed_3,condition_recombine_pseudolabel,1.0,0.7,random_forest,3,316,316,2.0,False,1.0,1.0,1.0,reaction_role_concat,6144,random_forest,False,valid,rmse,12.485075983567302,2,0.1,random,,
condition_recombine_pseudolabel__mult_1__sim_0.7__teacher_rf__seed_3,condition_recombine_pseudolabel,1.0,0.7,random_forest,3,316,316,2.0,False,1.0,1.0,1.0,reaction_role_concat,6144,random_forest,False,valid,mae,9.132148590815218,2,0.1,random,,
condition_recombine_pseudolabel__mult_1__sim_0.7__teacher_rf__seed_3,condition_recombine_pseudolabel,1.0,0.7,random_forest,3,316,316,2.0,False,1.0,1.0,1.0,reaction_role_concat,6144,random_forest,False,valid,r2,0.7996788153107969,2,0.1,random,,
condition_recombine_pseudolabel__mult_1__sim_0.7__teacher_rf__seed_3,condition_recombine_pseudolabel,1.0,0.7,random_forest,3,316,316,2.0,False,1.0,1.0,1.0,reaction_role_concat,6144,random_forest,False,valid,spearman,0.8961109834735862,2,0.1,random,,
condition_recombine_pseudolabel__mult_1__sim_0.7__teacher_rf__seed_4,condition_recombine_pseudolabel,1.0,0.7,random_forest,4,316,316,2.0,False,1.0,1.0,1.0,reaction_role_concat,6144,random_forest,False,valid,rmse,12.077312041042342,2,0.1,random,,
condition_recombine_pseudolabel__mult_1__sim_0.7__teacher_rf__seed_4,condition_recombine_pseudolabel,1.0,0.7,random_forest,4,316,316,2.0,False,1.0,1.0,1.0,reaction_role_concat,6144,random_forest,False,valid,mae,8.86898527230643,2,0.1,random,,
condition_recombine_pseudolabel__mult_1__sim_0.7__teacher_rf__seed_4,condition_recombine_pseudolabel,1.0,0.7,random_forest,4,316,316,2.0,False,1.0,1.0,1.0,reaction_role_concat,6144,random_forest,False,valid,r2,0.8125501596194584,2,0.1,random,,
condition_recombine_pseudolabel__mult_1__sim_0.7__teacher_rf__seed_4,condition_recombine_pseudolabel,1.0,0.7,random_forest,4,316,316,2.0,False,1.0,1.0,1.0,reaction_role_concat,6144,random_forest,False,valid,spearman,0.9032237551376564,2,0.1,random,,
condition_recombine_pseudolabel__mult_1__sim_0.8__teacher_ridge__seed_0,condition_recombine_pseudolabel,1.0,0.8,ridge,0,316,312,1.9873417721518987,False,1.0,1.0,1.0,reaction_role_concat,6144,random_forest,False,valid,rmse,13.320431882096527,2,0.1,random,,
condition_recombine_pseudolabel__mult_1__sim_0.8__teacher_ridge__seed_0,condition_recombine_pseudolabel,1.0,0.8,ridge,0,316,312,1.9873417721518987,False,1.0,1.0,1.0,reaction_role_concat,6144,random_forest,False,valid,mae,10.335269938628885,2,0.1,random,,
condition_recombine_pseudolabel__mult_1__sim_0.8__teacher_ridge__seed_0,condition_recombine_pseudolabel,1.0,0.8,ridge,0,316,312,1.9873417721518987,False,1.0,1.0,1.0,reaction_role_concat,6144,random_forest,False,valid,r2,0.7719757098993334,2,0.1,random,,
condition_recombine_pseudolabel__mult_1__sim_0.8__teacher_ridge__seed_0,condition_recombine_pseudolabel,1.0,0.8,ridge,0,316,312,1.9873417721518987,False,1.0,1.0,1.0,reaction_role_concat,6144,random_forest,False,valid,spearman,0.8871844058633936,2,0.1,random,,
condition_recombine_pseudolabel__mult_1__sim_0.8__teacher_ridge__seed_1,condition_recombine_pseudolabel,1.0,0.8,ridge,1,316,304,1.9620253164556962,False,1.0,1.0,1.0,reaction_role_concat,6144,random_forest,False,valid,rmse,13.493481685262205,2,0.1,random,,
condition_recombine_pseudolabel__mult_1__sim_0.8__teacher_ridge__seed_1,condition_recombine_pseudolabel,1.0,0.8,ridge,1,316,304,1.9620253164556962,False,1.0,1.0,1.0,reaction_role_concat,6144,random_forest,False,valid,mae,10.453017111275772,2,0.1,random,,
condition_recombine_pseudolabel__mult_1__sim_0.8__teacher_ridge__seed_1,condition_recombine_pseudolabel,1.0,0.8,ridge,1,316,304,1.9620253164556962,False,1.0,1.0,1.0,reaction_role_concat,6144,random_forest,False,valid,r2,0.7660125587845663,2,0.1,random,,
condition_recombine_pseudolabel__mult_1__sim_0.8__teacher_ridge__seed_1,condition_recombine_pseudolabel,1.0,0.8,ridge,1,316,304,1.9620253164556962,False,1.0,1.0,1.0,reaction_role_concat,6144,random_forest,False,valid,spearman,0.8912031525251024,2,0.1,random,,
condition_recombine_pseudolabel__mult_1__sim_0.8__teacher_ridge__seed_2,condition_recombine_pseudolabel,1.0,0.8,ridge,2,316,312,1.9873417721518987,False,1.0,1.0,1.0,reaction_role_concat,6144,random_forest,False,valid,rmse,13.370674458904787,2,0.1,random,,
condition_recombine_pseudolabel__mult_1__sim_0.8__teacher_ridge__seed_2,condition_recombine_pseudolabel,1.0,0.8,ridge,2,316,312,1.9873417721518987,False,1.0,1.0,1.0,reaction_role_concat,6144,random_forest,False,valid,mae,10.22437488071979,2,0.1,random,,
condition_recombine_pseudolabel__mult_1__sim_0.8__teacher_ridge__seed_2,condition_recombine_pseudolabel,1.0,0.8,ridge,2,316,312,1.9873417721518987,False,1.0,1.0,1.0,reaction_role_concat,6144,random_forest,False,valid,r2,0.7702523222309721,2,0.1,random,,
condition_recombine_pseudolabel__mult_1__sim_0.8__teacher_ridge__seed_2,condition_recombine_pseudolabel,1.0,0.8,ridge,2,316,312,1.9873417721518987,False,1.0,1.0,1.0,reaction_role_concat,6144,random_forest,False,valid,spearman,0.8851650521208215,2,0.1,random,,
condition_recombine_pseudolabel__mult_1__sim_0.8__teacher_ridge__seed_3,condition_recombine_pseudolabel,1.0,0.8,ridge,3,316,308,1.9746835443037976,False,1.0,1.0,1.0,reaction_role_concat,6144,random_forest,False,valid,rmse,12.898131086379808,2,0.1,random,,
condition_recombine_pseudolabel__mult_1__sim_0.8__teacher_ridge__seed_3,condition_recombine_pseudolabel,1.0,0.8,ridge,3,316,308,1.9746835443037976,False,1.0,1.0,1.0,reaction_role_concat,6144,random_forest,False,valid,mae,9.897496098604382,2,0.1,random,,
condition_recombine_pseudolabel__mult_1__sim_0.8__teacher_ridge__seed_3,condition_recombine_pseudolabel,1.0,0.8,ridge,3,316,308,1.9746835443037976,False,1.0,1.0,1.0,reaction_role_concat,6144,random_forest,False,valid,r2,0.786204739556175,2,0.1,random,,
condition_recombine_pseudolabel__mult_1__sim_0.8__teacher_ridge__seed_3,condition_recombine_pseudolabel,1.0,0.8,ridge,3,316,308,1.9746835443037976,False,1.0,1.0,1.0,reaction_role_concat,6144,random_forest,False,valid,spearman,0.8949939563201655,2,0.1,random,,
condition_recombine_pseudolabel__mult_1__sim_0.8__teacher_ridge__seed_4,condition_recombine_pseudolabel,1.0,0.8,ridge,4,316,308,1.9746835443037976,False,1.0,1.0,1.0,reaction_role_concat,6144,random_forest,False,valid,rmse,12.785399597280254,2,0.1,random,,
condition_recombine_pseudolabel__mult_1__sim_0.8__teacher_ridge__seed_4,condition_recombine_pseudolabel,1.0,0.8,ridge,4,316,308,1.9746835443037976,False,1.0,1.0,1.0,reaction_role_concat,6144,random_forest,False,valid,mae,9.842541013440753,2,0.1,random,,
condition_recombine_pseudolabel__mult_1__sim_0.8__teacher_ridge__seed_4,condition_recombine_pseudolabel,1.0,0.8,ridge,4,316,308,1.9746835443037976,False,1.0,1.0,1.0,reaction_role_concat,6144,random_forest,False,valid,r2,0.7899256093219065,2,0.1,random,,
condition_recombine_pseudolabel__mult_1__sim_0.8__teacher_ridge__seed_4,condition_recombine_pseudolabel,1.0,0.8,ridge,4,316,308,1.9746835443037976,False,1.0,1.0,1.0,reaction_role_concat,6144,random_forest,False,valid,spearman,0.897043494722567,2,0.1,random,,
condition_recombine_pseudolabel__mult_1__sim_0.8__teacher_rf__seed_0,condition_recombine_pseudolabel,1.0,0.8,random_forest,0,316,312,1.9873417721518987,False,1.0,1.0,1.0,reaction_role_concat,6144,random_forest,False,valid,rmse,12.387182788712128,2,0.1,random,,
condition_recombine_pseudolabel__mult_1__sim_0.8__teacher_rf__seed_0,condition_recombine_pseudolabel,1.0,0.8,random_forest,0,316,312,1.9873417721518987,False,1.0,1.0,1.0,reaction_role_concat,6144,random_forest,False,valid,mae,9.141288762318936,2,0.1,random,,
condition_recombine_pseudolabel__mult_1__sim_0.8__teacher_rf__seed_0,condition_recombine_pseudolabel,1.0,0.8,random_forest,0,316,312,1.9873417721518987,False,1.0,1.0,1.0,reaction_role_concat,6144,random_forest,False,valid,r2,0.8028078633463396,2,0.1,random,,
condition_recombine_pseudolabel__mult_1__sim_0.8__teacher_rf__seed_0,condition_recombine_pseudolabel,1.0,0.8,random_forest,0,316,312,1.9873417721518987,False,1.0,1.0,1.0,reaction_role_concat,6144,random_forest,False,valid,spearman,0.8981802879596821,2,0.1,random,,
condition_recombine_pseudolabel__mult_1__sim_0.8__teacher_rf__seed_1,condition_recombine_pseudolabel,1.0,0.8,random_forest,1,316,304,1.9620253164556962,False,1.0,1.0,1.0,reaction_role_concat,6144,random_forest,False,valid,rmse,12.307572564871686,2,0.1,random,,
condition_recombine_pseudolabel__mult_1__sim_0.8__teacher_rf__seed_1,condition_recombine_pseudolabel,1.0,0.8,random_forest,1,316,304,1.9620253164556962,False,1.0,1.0,1.0,reaction_role_concat,6144,random_forest,False,valid,mae,9.076029948531827,2,0.1,random,,
condition_recombine_pseudolabel__mult_1__sim_0.8__teacher_rf__seed_1,condition_recombine_pseudolabel,1.0,0.8,random_forest,1,316,304,1.9620253164556962,False,1.0,1.0,1.0,reaction_role_concat,6144,random_forest,False,valid,r2,0.8053343561957897,2,0.1,random,,
condition_recombine_pseudolabel__mult_1__sim_0.8__teacher_rf__seed_1,condition_recombine_pseudolabel,1.0,0.8,random_forest,1,316,304,1.9620253164556962,False,1.0,1.0,1.0,reaction_role_concat,6144,random_forest,False,valid,spearman,0.8972206105168549,2,0.1,random,,
condition_recombine_pseudolabel__mult_1__sim_0.8__teacher_rf__seed_2,condition_recombine_pseudolabel,1.0,0.8,random_forest,2,316,312,1.9873417721518987,False,1.0,1.0,1.0,reaction_role_concat,6144,random_forest,False,valid,rmse,12.441609418407362,2,0.1,random,,
condition_recombine_pseudolabel__mult_1__sim_0.8__teacher_rf__seed_2,condition_recombine_pseudolabel,1.0,0.8,random_forest,2,316,312,1.9873417721518987,False,1.0,1.0,1.0,reaction_role_concat,6144,random_forest,False,valid,mae,9.14513428405795,2,0.1,random,,
condition_recombine_pseudolabel__mult_1__sim_0.8__teacher_rf__seed_2,condition_recombine_pseudolabel,1.0,0.8,random_forest,2,316,312,1.9873417721518987,False,1.0,1.0,1.0,reaction_role_concat,6144,random_forest,False,valid,r2,0.8010712164032451,2,0.1,random,,
condition_recombine_pseudolabel__mult_1__sim_0.8__teacher_rf__seed_2,condition_recombine_pseudolabel,1.0,0.8,random_forest,2,316,312,1.9873417721518987,False,1.0,1.0,1.0,reaction_role_concat,6144,random_forest,False,valid,spearman,0.8955001822764622,2,0.1,random,,
condition_recombine_pseudolabel__mult_1__sim_0.8__teacher_rf__seed_3,condition_recombine_pseudolabel,1.0,0.8,random_forest,3,316,308,1.9746835443037976,False,1.0,1.0,1.0,reaction_role_concat,6144,random_forest,False,valid,rmse,12.702491577274975,2,0.1,random,,
condition_recombine_pseudolabel__mult_1__sim_0.8__teacher_rf__seed_3,condition_recombine_pseudolabel,1.0,0.8,random_forest,3,316,308,1.9746835443037976,False,1.0,1.0,1.0,reaction_role_concat,6144,random_forest,False,valid,mae,9.346157712375815,2,0.1,random,,
condition_recombine_pseudolabel__mult_1__sim_0.8__teacher_rf__seed_3,condition_recombine_pseudolabel,1.0,0.8,random_forest,3,316,308,1.9746835443037976,False,1.0,1.0,1.0,reaction_role_concat,6144,random_forest,False,valid,r2,0.7926412665242364,2,0.1,random,,
condition_recombine_pseudolabel__mult_1__sim_0.8__teacher_rf__seed_3,condition_recombine_pseudolabel,1.0,0.8,random_forest,3,316,308,1.9746835443037976,False,1.0,1.0,1.0,reaction_role_concat,6144,random_forest,False,valid,spearman,0.8923032373210703,2,0.1,random,,
condition_recombine_pseudolabel__mult_1__sim_0.8__teacher_rf__seed_4,condition_recombine_pseudolabel,1.0,0.8,random_forest,4,316,308,1.9746835443037976,False,1.0,1.0,1.0,reaction_role_concat,6144,random_forest,False,valid,rmse,12.330375058901902,2,0.1,random,,
condition_recombine_pseudolabel__mult_1__sim_0.8__teacher_rf__seed_4,condition_recombine_pseudolabel,1.0,0.8,random_forest,4,316,308,1.9746835443037976,False,1.0,1.0,1.0,reaction_role_concat,6144,random_forest,False,valid,mae,9.11815131481916,2,0.1,random,,
condition_recombine_pseudolabel__mult_1__sim_0.8__teacher_rf__seed_4,condition_recombine_pseudolabel,1.0,0.8,random_forest,4,316,308,1.9746835443037976,False,1.0,1.0,1.0,reaction_role_concat,6144,random_forest,False,valid,r2,0.8046123658694013,2,0.1,random,,
condition_recombine_pseudolabel__mult_1__sim_0.8__teacher_rf__seed_4,condition_recombine_pseudolabel,1.0,0.8,random_forest,4,316,308,1.9746835443037976,False,1.0,1.0,1.0,reaction_role_concat,6144,random_forest,False,valid,spearman,0.8962027058915186,2,0.1,random,,
condition_recombine_pseudolabel__mult_1__sim_0.9__teacher_ridge__seed_0,condition_recombine_pseudolabel,1.0,0.9,ridge,0,316,106,1.3354430379746836,False,1.0,1.0,1.0,reaction_role_concat,6144,random_forest,False,valid,rmse,13.583270196931533,2,0.1,random,,
condition_recombine_pseudolabel__mult_1__sim_0.9__teacher_ridge__seed_0,condition_recombine_pseudolabel,1.0,0.9,ridge,0,316,106,1.3354430379746836,False,1.0,1.0,1.0,reaction_role_concat,6144,random_forest,False,valid,mae,10.272827738612513,2,0.1,random,,
condition_recombine_pseudolabel__mult_1__sim_0.9__teacher_ridge__seed_0,condition_recombine_pseudolabel,1.0,0.9,ridge,0,316,106,1.3354430379746836,False,1.0,1.0,1.0,reaction_role_concat,6144,random_forest,False,valid,r2,0.7628881932495284,2,0.1,random,,
condition_recombine_pseudolabel__mult_1__sim_0.9__teacher_ridge__seed_0,condition_recombine_pseudolabel,1.0,0.9,ridge,0,316,106,1.3354430379746836,False,1.0,1.0,1.0,reaction_role_concat,6144,random_forest,False,valid,spearman,0.8788807033142567,2,0.1,random,,
condition_recombine_pseudolabel__mult_1__sim_0.9__teacher_ridge__seed_1,condition_recombine_pseudolabel,1.0,0.9,ridge,1,316,109,1.3449367088607596,False,1.0,1.0,1.0,reaction_role_concat,6144,random_forest,False,valid,rmse,13.181778275600363,2,0.1,random,,
condition_recombine_pseudolabel__mult_1__sim_0.9__teacher_ridge__seed_1,condition_recombine_pseudolabel,1.0,0.9,ridge,1,316,109,1.3449367088607596,False,1.0,1.0,1.0,reaction_role_concat,6144,random_forest,False,valid,mae,9.96410826155883,2,0.1,random,,
condition_recombine_pseudolabel__mult_1__sim_0.9__teacher_ridge__seed_1,condition_recombine_pseudolabel,1.0,0.9,ridge,1,316,109,1.3449367088607596,False,1.0,1.0,1.0,reaction_role_concat,6144,random_forest,False,valid,r2,0.7766980554667862,2,0.1,random,,
condition_recombine_pseudolabel__mult_1__sim_0.9__teacher_ridge__seed_1,condition_recombine_pseudolabel,1.0,0.9,ridge,1,316,109,1.3449367088607596,False,1.0,1.0,1.0,reaction_role_concat,6144,random_forest,False,valid,spearman,0.8959887842862132,2,0.1,random,,
condition_recombine_pseudolabel__mult_1__sim_0.9__teacher_ridge__seed_2,condition_recombine_pseudolabel,1.0,0.9,ridge,2,316,107,1.3386075949367089,False,1.0,1.0,1.0,reaction_role_concat,6144,random_forest,False,valid,rmse,12.713317537053811,2,0.1,random,,
condition_recombine_pseudolabel__mult_1__sim_0.9__teacher_ridge__seed_2,condition_recombine_pseudolabel,1.0,0.9,ridge,2,316,107,1.3386075949367089,False,1.0,1.0,1.0,reaction_role_concat,6144,random_forest,False,valid,mae,9.538538078916224,2,0.1,random,,
condition_recombine_pseudolabel__mult_1__sim_0.9__teacher_ridge__seed_2,condition_recombine_pseudolabel,1.0,0.9,ridge,2,316,107,1.3386075949367089,False,1.0,1.0,1.0,reaction_role_concat,6144,random_forest,False,valid,r2,0.7922876644127688,2,0.1,random,,
condition_recombine_pseudolabel__mult_1__sim_0.9__teacher_ridge__seed_2,condition_recombine_pseudolabel,1.0,0.9,ridge,2,316,107,1.3386075949367089,False,1.0,1.0,1.0,reaction_role_concat,6144,random_forest,False,valid,spearman,0.8958715509622315,2,0.1,random,,
condition_recombine_pseudolabel__mult_1__sim_0.9__teacher_ridge__seed_3,condition_recombine_pseudolabel,1.0,0.9,ridge,3,316,101,1.3196202531645569,False,1.0,1.0,1.0,reaction_role_concat,6144,random_forest,False,valid,rmse,12.546147347556861,2,0.1,random,,
condition_recombine_pseudolabel__mult_1__sim_0.9__teacher_ridge__seed_3,condition_recombine_pseudolabel,1.0,0.9,ridge,3,316,101,1.3196202531645569,False,1.0,1.0,1.0,reaction_role_concat,6144,random_forest,False,valid,mae,9.362747122789484,2,0.1,random,,
condition_recombine_pseudolabel__mult_1__sim_0.9__teacher_ridge__seed_3,condition_recombine_pseudolabel,1.0,0.9,ridge,3,316,101,1.3196202531645569,False,1.0,1.0,1.0,reaction_role_concat,6144,random_forest,False,valid,r2,0.797714260295853,2,0.1,random,,
condition_recombine_pseudolabel__mult_1__sim_0.9__teacher_ridge__seed_3,condition_recombine_pseudolabel,1.0,0.9,ridge,3,316,101,1.3196202531645569,False,1.0,1.0,1.0,reaction_role_concat,6144,random_forest,False,valid,spearman,0.8976432931243339,2,0.1,random,,
condition_recombine_pseudolabel__mult_1__sim_0.9__teacher_ridge__seed_4,condition_recombine_pseudolabel,1.0,0.9,ridge,4,316,99,1.3132911392405062,False,1.0,1.0,1.0,reaction_role_concat,6144,random_forest,False,valid,rmse,12.702517043105784,2,0.1,random,,
condition_recombine_pseudolabel__mult_1__sim_0.9__teacher_ridge__seed_4,condition_recombine_pseudolabel,1.0,0.9,ridge,4,316,99,1.3132911392405062,False,1.0,1.0,1.0,reaction_role_concat,6144,random_forest,False,valid,mae,9.626053812525695,2,0.1,random,,
condition_recombine_pseudolabel__mult_1__sim_0.9__teacher_ridge__seed_4,condition_recombine_pseudolabel,1.0,0.9,ridge,4,316,99,1.3132911392405062,False,1.0,1.0,1.0,reaction_role_concat,6144,random_forest,False,valid,r2,0.7926404351018836,2,0.1,random,,
condition_recombine_pseudolabel__mult_1__sim_0.9__teacher_ridge__seed_4,condition_recombine_pseudolabel,1.0,0.9,ridge,4,316,99,1.3132911392405062,False,1.0,1.0,1.0,reaction_role_concat,6144,random_forest,False,valid,spearman,0.8980832101988765,2,0.1,random,,
condition_recombine_pseudolabel__mult_1__sim_0.9__teacher_rf__seed_0,condition_recombine_pseudolabel,1.0,0.9,random_forest,0,316,106,1.3354430379746836,False,1.0,1.0,1.0,reaction_role_concat,6144,random_forest,False,valid,rmse,12.171757295560695,2,0.1,random,,
condition_recombine_pseudolabel__mult_1__sim_0.9__teacher_rf__seed_0,condition_recombine_pseudolabel,1.0,0.9,random_forest,0,316,106,1.3354430379746836,False,1.0,1.0,1.0,reaction_role_concat,6144,random_forest,False,valid,mae,8.938292870019055,2,0.1,random,,
condition_recombine_pseudolabel__mult_1__sim_0.9__teacher_rf__seed_0,condition_recombine_pseudolabel,1.0,0.9,random_forest,0,316,106,1.3354430379746836,False,1.0,1.0,1.0,reaction_role_concat,6144,random_forest,False,valid,r2,0.8096069600114241,2,0.1,random,,
condition_recombine_pseudolabel__mult_1__sim_0.9__teacher_rf__seed_0,condition_recombine_pseudolabel,1.0,0.9,random_forest,0,316,106,1.3354430379746836,False,1.0,1.0,1.0,reaction_role_concat,6144,random_forest,False,valid,spearman,0.9017805389183399,2,0.1,random,,
condition_recombine_pseudolabel__mult_1__sim_0.9__teacher_rf__seed_1,condition_recombine_pseudolabel,1.0,0.9,random_forest,1,316,109,1.3449367088607596,False,1.0,1.0,1.0,reaction_role_concat,6144,random_forest,False,valid,rmse,12.589797267298193,2,0.1,random,,
condition_recombine_pseudolabel__mult_1__sim_0.9__teacher_rf__seed_1,condition_recombine_pseudolabel,1.0,0.9,random_forest,1,316,109,1.3449367088607596,False,1.0,1.0,1.0,reaction_role_concat,6144,random_forest,False,valid,mae,9.344241262787506,2,0.1,random,,
condition_recombine_pseudolabel__mult_1__sim_0.9__teacher_rf__seed_1,condition_recombine_pseudolabel,1.0,0.9,random_forest,1,316,109,1.3449367088607596,False,1.0,1.0,1.0,reaction_role_concat,6144,random_forest,False,valid,r2,0.7963042471534763,2,0.1,random,,
condition_recombine_pseudolabel__mult_1__sim_0.9__teacher_rf__seed_1,condition_recombine_pseudolabel,1.0,0.9,random_forest,1,316,109,1.3449367088607596,False,1.0,1.0,1.0,reaction_role_concat,6144,random_forest,False,valid,spearman,0.8958187764924656,2,0.1,random,,
condition_recombine_pseudolabel__mult_1__sim_0.9__teacher_rf__seed_2,condition_recombine_pseudolabel,1.0,0.9,random_forest,2,316,107,1.3386075949367089,False,1.0,1.0,1.0,reaction_role_concat,6144,random_forest,False,valid,rmse,12.335416454171876,2,0.1,random,,
condition_recombine_pseudolabel__mult_1__sim_0.9__teacher_rf__seed_2,condition_recombine_pseudolabel,1.0,0.9,random_forest,2,316,107,1.3386075949367089,False,1.0,1.0,1.0,reaction_role_concat,6144,random_forest,False,valid,mae,9.042891800245908,2,0.1,random,,
condition_recombine_pseudolabel__mult_1__sim_0.9__teacher_rf__seed_2,condition_recombine_pseudolabel,1.0,0.9,random_forest,2,316,107,1.3386075949367089,False,1.0,1.0,1.0,reaction_role_concat,6144,random_forest,False,valid,r2,0.8044525608904513,2,0.1,random,,
condition_recombine_pseudolabel__mult_1__sim_0.9__teacher_rf__seed_2,condition_recombine_pseudolabel,1.0,0.9,random_forest,2,316,107,1.3386075949367089,False,1.0,1.0,1.0,reaction_role_concat,6144,random_forest,False,valid,spearman,0.8964827416388372,2,0.1,random,,
condition_recombine_pseudolabel__mult_1__sim_0.9__teacher_rf__seed_3,condition_recombine_pseudolabel,1.0,0.9,random_forest,3,316,101,1.3196202531645569,False,1.0,1.0,1.0,reaction_role_concat,6144,random_forest,False,valid,rmse,12.584630310140605,2,0.1,random,,
condition_recombine_pseudolabel__mult_1__sim_0.9__teacher_rf__seed_3,condition_recombine_pseudolabel,1.0,0.9,random_forest,3,316,101,1.3196202531645569,False,1.0,1.0,1.0,reaction_role_concat,6144,random_forest,False,valid,mae,9.304553697672073,2,0.1,random,,
condition_recombine_pseudolabel__mult_1__sim_0.9__teacher_rf__seed_3,condition_recombine_pseudolabel,1.0,0.9,random_forest,3,316,101,1.3196202531645569,False,1.0,1.0,1.0,reaction_role_concat,6144,random_forest,False,valid,r2,0.7964714096948673,2,0.1,random,,
condition_recombine_pseudolabel__mult_1__sim_0.9__teacher_rf__seed_3,condition_recombine_pseudolabel,1.0,0.9,random_forest,3,316,101,1.3196202531645569,False,1.0,1.0,1.0,reaction_role_concat,6144,random_forest,False,valid,spearman,0.8957000826204276,2,0.1,random,,
condition_recombine_pseudolabel__mult_1__sim_0.9__teacher_rf__seed_4,condition_recombine_pseudolabel,1.0,0.9,random_forest,4,316,99,1.3132911392405062,False,1.0,1.0,1.0,reaction_role_concat,6144,random_forest,False,valid,rmse,12.606500730974917,2,0.1,random,,
condition_recombine_pseudolabel__mult_1__sim_0.9__teacher_rf__seed_4,condition_recombine_pseudolabel,1.0,0.9,random_forest,4,316,99,1.3132911392405062,False,1.0,1.0,1.0,reaction_role_concat,6144,random_forest,False,valid,mae,9.29818343433021,2,0.1,random,,
condition_recombine_pseudolabel__mult_1__sim_0.9__teacher_rf__seed_4,condition_recombine_pseudolabel,1.0,0.9,random_forest,4,316,99,1.3132911392405062,False,1.0,1.0,1.0,reaction_role_concat,6144,random_forest,False,valid,r2,0.7957633835298328,2,0.1,random,,
condition_recombine_pseudolabel__mult_1__sim_0.9__teacher_rf__seed_4,condition_recombine_pseudolabel,1.0,0.9,random_forest,4,316,99,1.3132911392405062,False,1.0,1.0,1.0,reaction_role_concat,6144,random_forest,False,valid,spearman,0.8938739107007623,2,0.1,random,,
