policy_id,augmentation_method,synthetic_multiplier,min_neighbor_similarity,teacher_model,augmentation_random_state,n_real_train,n_synthetic_train,augmentation_factor,synthetic_weighting_enabled,mean_synthetic_weight,min_synthetic_weight,max_synthetic_weight,feature_kind,n_features,model,selected_policy,split,metric,value,fold_index,train_fraction,split_method,group_column,heldout_group_value
condition_recombine_pseudolabel__mult_0.25__sim_0.7__teacher_ridge__seed_0,condition_recombine_pseudolabel,0.25,0.7,ridge,0,31,7,1.2258064516129032,False,1.0,1.0,1.0,reaction_role_concat,6144,random_forest,False,valid,rmse,22.16727188266047,0,0.01,random,,
condition_recombine_pseudolabel__mult_0.25__sim_0.7__teacher_ridge__seed_0,condition_recombine_pseudolabel,0.25,0.7,ridge,0,31,7,1.2258064516129032,False,1.0,1.0,1.0,reaction_role_concat,6144,random_forest,False,valid,mae,17.06589220936389,0,0.01,random,,
condition_recombine_pseudolabel__mult_0.25__sim_0.7__teacher_ridge__seed_0,condition_recombine_pseudolabel,0.25,0.7,ridge,0,31,7,1.2258064516129032,False,1.0,1.0,1.0,reaction_role_concat,6144,random_forest,False,valid,r2,0.38505483641867166,0,0.01,random,,
condition_recombine_pseudolabel__mult_0.25__sim_0.7__teacher_ridge__seed_0,condition_recombine_pseudolabel,0.25,0.7,ridge,0,31,7,1.2258064516129032,False,1.0,1.0,1.0,reaction_role_concat,6144,random_forest,False,valid,spearman,0.712822491170752,0,0.01,random,,
condition_recombine_pseudolabel__mult_0.25__sim_0.7__teacher_ridge__seed_1,condition_recombine_pseudolabel,0.25,0.7,ridge,1,31,7,1.2258064516129032,False,1.0,1.0,1.0,reaction_role_concat,6144,random_forest,False,valid,rmse,22.482810741099037,0,0.01,random,,
condition_recombine_pseudolabel__mult_0.25__sim_0.7__teacher_ridge__seed_1,condition_recombine_pseudolabel,0.25,0.7,ridge,1,31,7,1.2258064516129032,False,1.0,1.0,1.0,reaction_role_concat,6144,random_forest,False,valid,mae,17.581630372195306,0,0.01,random,,
condition_recombine_pseudolabel__mult_0.25__sim_0.7__teacher_ridge__seed_1,condition_recombine_pseudolabel,0.25,0.7,ridge,1,31,7,1.2258064516129032,False,1.0,1.0,1.0,reaction_role_concat,6144,random_forest,False,valid,r2,0.3674234277756169,0,0.01,random,,
condition_recombine_pseudolabel__mult_0.25__sim_0.7__teacher_ridge__seed_1,condition_recombine_pseudolabel,0.25,0.7,ridge,1,31,7,1.2258064516129032,False,1.0,1.0,1.0,reaction_role_concat,6144,random_forest,False,valid,spearman,0.6815831669320087,0,0.01,random,,
condition_recombine_pseudolabel__mult_0.25__sim_0.7__teacher_ridge__seed_2,condition_recombine_pseudolabel,0.25,0.7,ridge,2,31,7,1.2258064516129032,False,1.0,1.0,1.0,reaction_role_concat,6144,random_forest,False,valid,rmse,21.39599371102957,0,0.01,random,,
condition_recombine_pseudolabel__mult_0.25__sim_0.7__teacher_ridge__seed_2,condition_recombine_pseudolabel,0.25,0.7,ridge,2,31,7,1.2258064516129032,False,1.0,1.0,1.0,reaction_role_concat,6144,random_forest,False,valid,mae,16.441204695511466,0,0.01,random,,
condition_recombine_pseudolabel__mult_0.25__sim_0.7__teacher_ridge__seed_2,condition_recombine_pseudolabel,0.25,0.7,ridge,2,31,7,1.2258064516129032,False,1.0,1.0,1.0,reaction_role_concat,6144,random_forest,False,valid,r2,0.4271026446230931,0,0.01,random,,
condition_recombine_pseudolabel__mult_0.25__sim_0.7__teacher_ridge__seed_2,condition_recombine_pseudolabel,0.25,0.7,ridge,2,31,7,1.2258064516129032,False,1.0,1.0,1.0,reaction_role_concat,6144,random_forest,False,valid,spearman,0.732199895180765,0,0.01,random,,
condition_recombine_pseudolabel__mult_0.25__sim_0.7__teacher_ridge__seed_3,condition_recombine_pseudolabel,0.25,0.7,ridge,3,31,7,1.2258064516129032,False,1.0,1.0,1.0,reaction_role_concat,6144,random_forest,False,valid,rmse,21.99330476766237,0,0.01,random,,
condition_recombine_pseudolabel__mult_0.25__sim_0.7__teacher_ridge__seed_3,condition_recombine_pseudolabel,0.25,0.7,ridge,3,31,7,1.2258064516129032,False,1.0,1.0,1.0,reaction_role_concat,6144,random_forest,False,valid,mae,16.971649449514437,0,0.01,random,,
condition_recombine_pseudolabel__mult_0.25__sim_0.7__teacher_ridge__seed_3,condition_recombine_pseudolabel,0.25,0.7,ridge,3,31,7,1.2258064516129032,False,1.0,1.0,1.0,reaction_role_concat,6144,random_forest,False,valid,r2,0.39466905056761814,0,0.01,random,,
condition_recombine_pseudolabel__mult_0.25__sim_0.7__teacher_ridge__seed_3,condition_recombine_pseudolabel,0.25,0.7,ridge,3,31,7,1.2258064516129032,False,1.0,1.0,1.0,reaction_role_concat,6144,random_forest,False,valid,spearman,0.7303037641063909,0,0.01,random,,
condition_recombine_pseudolabel__mult_0.25__sim_0.7__teacher_ridge__seed_4,condition_recombine_pseudolabel,0.25,0.7,ridge,4,31,7,1.2258064516129032,False,1.0,1.0,1.0,reaction_role_concat,6144,random_forest,False,valid,rmse,22.017262430090256,0,0.01,random,,
condition_recombine_pseudolabel__mult_0.25__sim_0.7__teacher_ridge__seed_4,condition_recombine_pseudolabel,0.25,0.7,ridge,4,31,7,1.2258064516129032,False,1.0,1.0,1.0,reaction_role_concat,6144,random_forest,False,valid,mae,16.944148169019556,0,0.01,random,,
condition_recombine_pseudolabel__mult_0.25__sim_0.7__teacher_ridge__seed_4,condition_recombine_pseudolabel,0.25,0.7,ridge,4,31,7,1.2258064516129032,False,1.0,1.0,1.0,reaction_role_concat,6144,random_forest,False,valid,r2,0.3933495386980035,0,0.01,random,,
condition_recombine_pseudolabel__mult_0.25__sim_0.7__teacher_ridge__seed_4,condition_recombine_pseudolabel,0.25,0.7,ridge,4,31,7,1.2258064516129032,False,1.0,1.0,1.0,reaction_role_concat,6144,random_forest,False,valid,spearman,0.7130484065411583,0,0.01,random,,
condition_recombine_pseudolabel__mult_0.25__sim_0.7__teacher_rf__seed_0,condition_recombine_pseudolabel,0.25,0.7,random_forest,0,31,7,1.2258064516129032,False,1.0,1.0,1.0,reaction_role_concat,6144,random_forest,False,valid,rmse,21.952601238203336,0,0.01,random,,
condition_recombine_pseudolabel__mult_0.25__sim_0.7__teacher_rf__seed_0,condition_recombine_pseudolabel,0.25,0.7,random_forest,0,31,7,1.2258064516129032,False,1.0,1.0,1.0,reaction_role_concat,6144,random_forest,False,valid,mae,16.913830987534944,0,0.01,random,,
condition_recombine_pseudolabel__mult_0.25__sim_0.7__teacher_rf__seed_0,condition_recombine_pseudolabel,0.25,0.7,random_forest,0,31,7,1.2258064516129032,False,1.0,1.0,1.0,reaction_role_concat,6144,random_forest,False,valid,r2,0.39690757781983543,0,0.01,random,,
condition_recombine_pseudolabel__mult_0.25__sim_0.7__teacher_rf__seed_0,condition_recombine_pseudolabel,0.25,0.7,random_forest,0,31,7,1.2258064516129032,False,1.0,1.0,1.0,reaction_role_concat,6144,random_forest,False,valid,spearman,0.7052526708477941,0,0.01,random,,
condition_recombine_pseudolabel__mult_0.25__sim_0.7__teacher_rf__seed_1,condition_recombine_pseudolabel,0.25,0.7,random_forest,1,31,7,1.2258064516129032,False,1.0,1.0,1.0,reaction_role_concat,6144,random_forest,False,valid,rmse,22.28012776526602,0,0.01,random,,
condition_recombine_pseudolabel__mult_0.25__sim_0.7__teacher_rf__seed_1,condition_recombine_pseudolabel,0.25,0.7,random_forest,1,31,7,1.2258064516129032,False,1.0,1.0,1.0,reaction_role_concat,6144,random_forest,False,valid,mae,17.148713900400114,0,0.01,random,,
condition_recombine_pseudolabel__mult_0.25__sim_0.7__teacher_rf__seed_1,condition_recombine_pseudolabel,0.25,0.7,random_forest,1,31,7,1.2258064516129032,False,1.0,1.0,1.0,reaction_role_concat,6144,random_forest,False,valid,r2,0.37877739810176525,0,0.01,random,,
condition_recombine_pseudolabel__mult_0.25__sim_0.7__teacher_rf__seed_1,condition_recombine_pseudolabel,0.25,0.7,random_forest,1,31,7,1.2258064516129032,False,1.0,1.0,1.0,reaction_role_concat,6144,random_forest,False,valid,spearman,0.714630008888631,0,0.01,random,,
condition_recombine_pseudolabel__mult_0.25__sim_0.7__teacher_rf__seed_2,condition_recombine_pseudolabel,0.25,0.7,random_forest,2,31,7,1.2258064516129032,False,1.0,1.0,1.0,reaction_role_concat,6144,random_forest,False,valid,rmse,21.409118415062853,0,0.01,random,,
condition_recombine_pseudolabel__mult_0.25__sim_0.7__teacher_rf__seed_2,condition_recombine_pseudolabel,0.25,0.7,random_forest,2,31,7,1.2258064516129032,False,1.0,1.0,1.0,reaction_role_concat,6144,random_forest,False,valid,mae,16.447968164169335,0,0.01,random,,
condition_recombine_pseudolabel__mult_0.25__sim_0.7__teacher_rf__seed_2,condition_recombine_pseudolabel,0.25,0.7,random_forest,2,31,7,1.2258064516129032,False,1.0,1.0,1.0,reaction_role_concat,6144,random_forest,False,valid,r2,0.4263995770756449,0,0.01,random,,
condition_recombine_pseudolabel__mult_0.25__sim_0.7__teacher_rf__seed_2,condition_recombine_pseudolabel,0.25,0.7,random_forest,2,31,7,1.2258064516129032,False,1.0,1.0,1.0,reaction_role_concat,6144,random_forest,False,valid,spearman,0.7307219996735866,0,0.01,random,,
condition_recombine_pseudolabel__mult_0.25__sim_0.7__teacher_rf__seed_3,condition_recombine_pseudolabel,0.25,0.7,random_forest,3,31,7,1.2258064516129032,False,1.0,1.0,1.0,reaction_role_concat,6144,random_forest,False,valid,rmse,21.911925284277082,0,0.01,random,,
condition_recombine_pseudolabel__mult_0.25__sim_0.7__teacher_rf__seed_3,condition_recombine_pseudolabel,0.25,0.7,random_forest,3,31,7,1.2258064516129032,False,1.0,1.0,1.0,reaction_role_concat,6144,random_forest,False,valid,mae,16.921882019546967,0,0.01,random,,
condition_recombine_pseudolabel__mult_0.25__sim_0.7__teacher_rf__seed_3,condition_recombine_pseudolabel,0.25,0.7,random_forest,3,31,7,1.2258064516129032,False,1.0,1.0,1.0,reaction_role_concat,6144,random_forest,False,valid,r2,0.3991404460112207,0,0.01,random,,
condition_recombine_pseudolabel__mult_0.25__sim_0.7__teacher_rf__seed_3,condition_recombine_pseudolabel,0.25,0.7,random_forest,3,31,7,1.2258064516129032,False,1.0,1.0,1.0,reaction_role_concat,6144,random_forest,False,valid,spearman,0.7138448555991548,0,0.01,random,,
condition_recombine_pseudolabel__mult_0.25__sim_0.7__teacher_rf__seed_4,condition_recombine_pseudolabel,0.25,0.7,random_forest,4,31,7,1.2258064516129032,False,1.0,1.0,1.0,reaction_role_concat,6144,random_forest,False,valid,rmse,21.45834420617401,0,0.01,random,,
condition_recombine_pseudolabel__mult_0.25__sim_0.7__teacher_rf__seed_4,condition_recombine_pseudolabel,0.25,0.7,random_forest,4,31,7,1.2258064516129032,False,1.0,1.0,1.0,reaction_role_concat,6144,random_forest,False,valid,mae,16.374977763619604,0,0.01,random,,
condition_recombine_pseudolabel__mult_0.25__sim_0.7__teacher_rf__seed_4,condition_recombine_pseudolabel,0.25,0.7,random_forest,4,31,7,1.2258064516129032,False,1.0,1.0,1.0,reaction_role_concat,6144,random_forest,False,valid,r2,0.42375879613681156,0,0.01,random,,
condition_recombine_pseudolabel__mult_0.25__sim_0.7__teacher_rf__seed_4,condition_recombine_pseudolabel,0.25,0.7,random_forest,4,31,7,1.2258064516129032,False,1.0,1.0,1.0,reaction_role_concat,6144,random_forest,False,valid,spearman,0.7288039587033754,0,0.01,random,,
condition_recombine_pseudolabel__mult_0.25__sim_0.8__teacher_ridge__seed_0,condition_recombine_pseudolabel,0.25,0.8,ridge,0,31,4,1.1290322580645162,False,1.0,1.0,1.0,reaction_role_concat,6144,random_forest,False,valid,rmse,21.93122938710602,0,0.01,random,,
condition_recombine_pseudolabel__mult_0.25__sim_0.8__teacher_ridge__seed_0,condition_recombine_pseudolabel,0.25,0.8,ridge,0,31,4,1.1290322580645162,False,1.0,1.0,1.0,reaction_role_concat,6144,random_forest,False,valid,mae,16.78267280944088,0,0.01,random,,
condition_recombine_pseudolabel__mult_0.25__sim_0.8__teacher_ridge__seed_0,condition_recombine_pseudolabel,0.25,0.8,ridge,0,31,4,1.1290322580645162,False,1.0,1.0,1.0,reaction_role_concat,6144,random_forest,False,valid,r2,0.3980812817644763,0,0.01,random,,
condition_recombine_pseudolabel__mult_0.25__sim_0.8__teacher_ridge__seed_0,condition_recombine_pseudolabel,0.25,0.8,ridge,0,31,4,1.1290322580645162,False,1.0,1.0,1.0,reaction_role_concat,6144,random_forest,False,valid,spearman,0.7116592217677901,0,0.01,random,,
condition_recombine_pseudolabel__mult_0.25__sim_0.8__teacher_ridge__seed_1,condition_recombine_pseudolabel,0.25,0.8,ridge,1,31,4,1.1290322580645162,False,1.0,1.0,1.0,reaction_role_concat,6144,random_forest,False,valid,rmse,21.911353320102684,0,0.01,random,,
condition_recombine_pseudolabel__mult_0.25__sim_0.8__teacher_ridge__seed_1,condition_recombine_pseudolabel,0.25,0.8,ridge,1,31,4,1.1290322580645162,False,1.0,1.0,1.0,reaction_role_concat,6144,random_forest,False,valid,mae,17.045663269746157,0,0.01,random,,
condition_recombine_pseudolabel__mult_0.25__sim_0.8__teacher_ridge__seed_1,condition_recombine_pseudolabel,0.25,0.8,ridge,1,31,4,1.1290322580645162,False,1.0,1.0,1.0,reaction_role_concat,6144,random_forest,False,valid,r2,0.39917181392151413,0,0.01,random,,
condition_recombine_pseudolabel__mult_0.25__sim_0.8__teacher_ridge__seed_1,condition_recombine_pseudolabel,0.25,0.8,ridge,1,31,4,1.1290322580645162,False,1.0,1.0,1.0,reaction_role_concat,6144,random_forest,False,valid,spearman,0.710302171508316,0,0.01,random,,
condition_recombine_pseudolabel__mult_0.25__sim_0.8__teacher_ridge__seed_2,condition_recombine_pseudolabel,0.25,0.8,ridge,2,31,3,1.096774193548387,False,1.0,1.0,1.0,reaction_role_concat,6144,random_forest,False,valid,rmse,21.534816152370137,0,0.01,random,,
condition_recombine_pseudolabel__mult_0.25__sim_0.8__teacher_ridge__seed_2,condition_recombine_pseudolabel,0.25,0.8,ridge,2,31,3,1.096774193548387,False,1.0,1.0,1.0,reaction_role_concat,6144,random_forest,False,valid,mae,16.891952893501596,0,0.01,random,,
condition_recombine_pseudolabel__mult_0.25__sim_0.8__teacher_ridge__seed_2,condition_recombine_pseudolabel,0.25,0.8,ridge,2,31,3,1.096774193548387,False,1.0,1.0,1.0,reaction_role_concat,6144,random_forest,False,valid,r2,0.4196443307993596,0,0.01,random,,
condition_recombine_pseudolabel__mult_0.25__sim_0.8__teacher_ridge__seed_2,condition_recombine_pseudolabel,0.25,0.8,ridge,2,31,3,1.096774193548387,False,1.0,1.0,1.0,reaction_role_concat,6144,random_forest,False,valid,spearman,0.7264302892770736,0,0.01,random,,
condition_recombine_pseudolabel__mult_0.25__sim_0.8__teacher_ridge__seed_3,condition_recombine_pseudolabel,0.25,0.8,ridge,3,31,4,1.1290322580645162,False,1.0,1.0,1.0,reaction_role_concat,6144,random_forest,False,valid,rmse,22.030598980420248,0,0.01,random,,
condition_recombine_pseudolabel__mult_0.25__sim_0.8__teacher_ridge__seed_3,condition_recombine_pseudolabel,0.25,0.8,ridge,3,31,4,1.1290322580645162,False,1.0,1.0,1.0,reaction_role_concat,6144,random_forest,False,valid,mae,16.969827937889704,0,0.01,random,,
condition_recombine_pseudolabel__mult_0.25__sim_0.8__teacher_ridge__seed_3,condition_recombine_pseudolabel,0.25,0.8,ridge,3,31,4,1.1290322580645162,False,1.0,1.0,1.0,reaction_role_concat,6144,random_forest,False,valid,r2,0.3926143814722798,0,0.01,random,,
condition_recombine_pseudolabel__mult_0.25__sim_0.8__teacher_ridge__seed_3,condition_recombine_pseudolabel,0.25,0.8,ridge,3,31,4,1.1290322580645162,False,1.0,1.0,1.0,reaction_role_concat,6144,random_forest,False,valid,spearman,0.7184045483660806,0,0.01,random,,
condition_recombine_pseudolabel__mult_0.25__sim_0.8__teacher_ridge__seed_4,condition_recombine_pseudolabel,0.25,0.8,ridge,4,31,6,1.1935483870967742,False,1.0,1.0,1.0,reaction_role_concat,6144,random_forest,False,valid,rmse,22.009599971407525,0,0.01,random,,
condition_recombine_pseudolabel__mult_0.25__sim_0.8__teacher_ridge__seed_4,condition_recombine_pseudolabel,0.25,0.8,ridge,4,31,6,1.1935483870967742,False,1.0,1.0,1.0,reaction_role_concat,6144,random_forest,False,valid,mae,17.087884764004357,0,0.01,random,,
condition_recombine_pseudolabel__mult_0.25__sim_0.8__teacher_ridge__seed_4,condition_recombine_pseudolabel,0.25,0.8,ridge,4,31,6,1.1935483870967742,False,1.0,1.0,1.0,reaction_role_concat,6144,random_forest,False,valid,r2,0.39377171881546036,0,0.01,random,,
condition_recombine_pseudolabel__mult_0.25__sim_0.8__teacher_ridge__seed_4,condition_recombine_pseudolabel,0.25,0.8,ridge,4,31,6,1.1935483870967742,False,1.0,1.0,1.0,reaction_role_concat,6144,random_forest,False,valid,spearman,0.7253731611472766,0,0.01,random,,
condition_recombine_pseudolabel__mult_0.25__sim_0.8__teacher_rf__seed_0,condition_recombine_pseudolabel,0.25,0.8,random_forest,0,31,4,1.1290322580645162,False,1.0,1.0,1.0,reaction_role_concat,6144,random_forest,False,valid,rmse,21.844012155380298,0,0.01,random,,
condition_recombine_pseudolabel__mult_0.25__sim_0.8__teacher_rf__seed_0,condition_recombine_pseudolabel,0.25,0.8,random_forest,0,31,4,1.1290322580645162,False,1.0,1.0,1.0,reaction_role_concat,6144,random_forest,False,valid,mae,16.75408290710027,0,0.01,random,,
condition_recombine_pseudolabel__mult_0.25__sim_0.8__teacher_rf__seed_0,condition_recombine_pseudolabel,0.25,0.8,random_forest,0,31,4,1.1290322580645162,False,1.0,1.0,1.0,reaction_role_concat,6144,random_forest,False,valid,r2,0.40285924433731257,0,0.01,random,,
condition_recombine_pseudolabel__mult_0.25__sim_0.8__teacher_rf__seed_0,condition_recombine_pseudolabel,0.25,0.8,random_forest,0,31,4,1.1290322580645162,False,1.0,1.0,1.0,reaction_role_concat,6144,random_forest,False,valid,spearman,0.7196873971116539,0,0.01,random,,
condition_recombine_pseudolabel__mult_0.25__sim_0.8__teacher_rf__seed_1,condition_recombine_pseudolabel,0.25,0.8,random_forest,1,31,4,1.1290322580645162,False,1.0,1.0,1.0,reaction_role_concat,6144,random_forest,False,valid,rmse,22.050861489481534,0,0.01,random,,
condition_recombine_pseudolabel__mult_0.25__sim_0.8__teacher_rf__seed_1,condition_recombine_pseudolabel,0.25,0.8,random_forest,1,31,4,1.1290322580645162,False,1.0,1.0,1.0,reaction_role_concat,6144,random_forest,False,valid,mae,16.947056809657735,0,0.01,random,,
condition_recombine_pseudolabel__mult_0.25__sim_0.8__teacher_rf__seed_1,condition_recombine_pseudolabel,0.25,0.8,random_forest,1,31,4,1.1290322580645162,False,1.0,1.0,1.0,reaction_role_concat,6144,random_forest,False,valid,r2,0.39149658923011976,0,0.01,random,,
condition_recombine_pseudolabel__mult_0.25__sim_0.8__teacher_rf__seed_1,condition_recombine_pseudolabel,0.25,0.8,random_forest,1,31,4,1.1290322580645162,False,1.0,1.0,1.0,reaction_role_concat,6144,random_forest,False,valid,spearman,0.7293553090599443,0,0.01,random,,
condition_recombine_pseudolabel__mult_0.25__sim_0.8__teacher_rf__seed_2,condition_recombine_pseudolabel,0.25,0.8,random_forest,2,31,3,1.096774193548387,False,1.0,1.0,1.0,reaction_role_concat,6144,random_forest,False,valid,rmse,21.858281323601847,0,0.01,random,,
condition_recombine_pseudolabel__mult_0.25__sim_0.8__teacher_rf__seed_2,condition_recombine_pseudolabel,0.25,0.8,random_forest,2,31,3,1.096774193548387,False,1.0,1.0,1.0,reaction_role_concat,6144,random_forest,False,valid,mae,16.959166113602965,0,0.01,random,,
condition_recombine_pseudolabel__mult_0.25__sim_0.8__teacher_rf__seed_2,condition_recombine_pseudolabel,0.25,0.8,random_forest,2,31,3,1.096774193548387,False,1.0,1.0,1.0,reaction_role_concat,6144,random_forest,False,valid,r2,0.40207884879241695,0,0.01,random,,
condition_recombine_pseudolabel__mult_0.25__sim_0.8__teacher_rf__seed_2,condition_recombine_pseudolabel,0.25,0.8,random_forest,2,31,3,1.096774193548387,False,1.0,1.0,1.0,reaction_role_concat,6144,random_forest,False,valid,spearman,0.7168605336621322,0,0.01,random,,
condition_recombine_pseudolabel__mult_0.25__sim_0.8__teacher_rf__seed_3,condition_recombine_pseudolabel,0.25,0.8,random_forest,3,31,4,1.1290322580645162,False,1.0,1.0,1.0,reaction_role_concat,6144,random_forest,False,valid,rmse,21.797681086337718,0,0.01,random,,
condition_recombine_pseudolabel__mult_0.25__sim_0.8__teacher_rf__seed_3,condition_recombine_pseudolabel,0.25,0.8,random_forest,3,31,4,1.1290322580645162,False,1.0,1.0,1.0,reaction_role_concat,6144,random_forest,False,valid,mae,16.896268094663377,0,0.01,random,,
condition_recombine_pseudolabel__mult_0.25__sim_0.8__teacher_rf__seed_3,condition_recombine_pseudolabel,0.25,0.8,random_forest,3,31,4,1.1290322580645162,False,1.0,1.0,1.0,reaction_role_concat,6144,random_forest,False,valid,r2,0.40538962469605366,0,0.01,random,,
condition_recombine_pseudolabel__mult_0.25__sim_0.8__teacher_rf__seed_3,condition_recombine_pseudolabel,0.25,0.8,random_forest,3,31,4,1.1290322580645162,False,1.0,1.0,1.0,reaction_role_concat,6144,random_forest,False,valid,spearman,0.7181315997526112,0,0.01,random,,
condition_recombine_pseudolabel__mult_0.25__sim_0.8__teacher_rf__seed_4,condition_recombine_pseudolabel,0.25,0.8,random_forest,4,31,6,1.1935483870967742,False,1.0,1.0,1.0,reaction_role_concat,6144,random_forest,False,valid,rmse,21.751016624782263,0,0.01,random,,
condition_recombine_pseudolabel__mult_0.25__sim_0.8__teacher_rf__seed_4,condition_recombine_pseudolabel,0.25,0.8,random_forest,4,31,6,1.1935483870967742,False,1.0,1.0,1.0,reaction_role_concat,6144,random_forest,False,valid,mae,16.75288447880745,0,0.01,random,,
condition_recombine_pseudolabel__mult_0.25__sim_0.8__teacher_rf__seed_4,condition_recombine_pseudolabel,0.25,0.8,random_forest,4,31,6,1.1935483870967742,False,1.0,1.0,1.0,reaction_role_concat,6144,random_forest,False,valid,r2,0.4079327825965722,0,0.01,random,,
condition_recombine_pseudolabel__mult_0.25__sim_0.8__teacher_rf__seed_4,condition_recombine_pseudolabel,0.25,0.8,random_forest,4,31,6,1.1935483870967742,False,1.0,1.0,1.0,reaction_role_concat,6144,random_forest,False,valid,spearman,0.7170130265371565,0,0.01,random,,
condition_recombine_pseudolabel__mult_0.25__sim_0.9__teacher_ridge__seed_0,condition_recombine_pseudolabel,0.25,0.9,ridge,0,31,1,1.032258064516129,False,1.0,1.0,1.0,reaction_role_concat,6144,random_forest,False,valid,rmse,21.86773086968656,0,0.01,random,,
condition_recombine_pseudolabel__mult_0.25__sim_0.9__teacher_ridge__seed_0,condition_recombine_pseudolabel,0.25,0.9,ridge,0,31,1,1.032258064516129,False,1.0,1.0,1.0,reaction_role_concat,6144,random_forest,False,valid,mae,16.742608924047854,0,0.01,random,,
condition_recombine_pseudolabel__mult_0.25__sim_0.9__teacher_ridge__seed_0,condition_recombine_pseudolabel,0.25,0.9,ridge,0,31,1,1.032258064516129,False,1.0,1.0,1.0,reaction_role_concat,6144,random_forest,False,valid,r2,0.40156176287129464,0,0.01,random,,
condition_recombine_pseudolabel__mult_0.25__sim_0.9__teacher_ridge__seed_0,condition_recombine_pseudolabel,0.25,0.9,ridge,0,31,1,1.032258064516129,False,1.0,1.0,1.0,reaction_role_concat,6144,random_forest,False,valid,spearman,0.7262034001335193,0,0.01,random,,
condition_recombine_pseudolabel__mult_0.25__sim_0.9__teacher_ridge__seed_1,condition_recombine_pseudolabel,0.25,0.9,ridge,1,31,0,1.0,False,,,,reaction_role_concat,6144,random_forest,False,valid,rmse,21.686243649115106,0,0.01,random,,
condition_recombine_pseudolabel__mult_0.25__sim_0.9__teacher_ridge__seed_1,condition_recombine_pseudolabel,0.25,0.9,ridge,1,31,0,1.0,False,,,,reaction_role_concat,6144,random_forest,False,valid,mae,16.569035775652413,0,0.01,random,,
condition_recombine_pseudolabel__mult_0.25__sim_0.9__teacher_ridge__seed_1,condition_recombine_pseudolabel,0.25,0.9,ridge,1,31,0,1.0,False,,,,reaction_role_concat,6144,random_forest,False,valid,r2,0.411453799973473,0,0.01,random,,
condition_recombine_pseudolabel__mult_0.25__sim_0.9__teacher_ridge__seed_1,condition_recombine_pseudolabel,0.25,0.9,ridge,1,31,0,1.0,False,,,,reaction_role_concat,6144,random_forest,False,valid,spearman,0.732012930736291,0,0.01,random,,
condition_recombine_pseudolabel__mult_0.25__sim_0.9__teacher_ridge__seed_2,condition_recombine_pseudolabel,0.25,0.9,ridge,2,31,0,1.0,False,,,,reaction_role_concat,6144,random_forest,False,valid,rmse,21.686243649115106,0,0.01,random,,
condition_recombine_pseudolabel__mult_0.25__sim_0.9__teacher_ridge__seed_2,condition_recombine_pseudolabel,0.25,0.9,ridge,2,31,0,1.0,False,,,,reaction_role_concat,6144,random_forest,False,valid,mae,16.569035775652413,0,0.01,random,,
condition_recombine_pseudolabel__mult_0.25__sim_0.9__teacher_ridge__seed_2,condition_recombine_pseudolabel,0.25,0.9,ridge,2,31,0,1.0,False,,,,reaction_role_concat,6144,random_forest,False,valid,r2,0.411453799973473,0,0.01,random,,
condition_recombine_pseudolabel__mult_0.25__sim_0.9__teacher_ridge__seed_2,condition_recombine_pseudolabel,0.25,0.9,ridge,2,31,0,1.0,False,,,,reaction_role_concat,6144,random_forest,False,valid,spearman,0.732012930736291,0,0.01,random,,
condition_recombine_pseudolabel__mult_0.25__sim_0.9__teacher_ridge__seed_3,condition_recombine_pseudolabel,0.25,0.9,ridge,3,31,2,1.064516129032258,False,1.0,1.0,1.0,reaction_role_concat,6144,random_forest,False,valid,rmse,21.94893006006125,0,0.01,random,,
condition_recombine_pseudolabel__mult_0.25__sim_0.9__teacher_ridge__seed_3,condition_recombine_pseudolabel,0.25,0.9,ridge,3,31,2,1.064516129032258,False,1.0,1.0,1.0,reaction_role_concat,6144,random_forest,False,valid,mae,16.857952111760273,0,0.01,random,,
condition_recombine_pseudolabel__mult_0.25__sim_0.9__teacher_ridge__seed_3,condition_recombine_pseudolabel,0.25,0.9,ridge,3,31,2,1.064516129032258,False,1.0,1.0,1.0,reaction_role_concat,6144,random_forest,False,valid,r2,0.397109273697521,0,0.01,random,,
condition_recombine_pseudolabel__mult_0.25__sim_0.9__teacher_ridge__seed_3,condition_recombine_pseudolabel,0.25,0.9,ridge,3,31,2,1.064516129032258,False,1.0,1.0,1.0,reaction_role_concat,6144,random_forest,False,valid,spearman,0.7182244003336445,0,0.01,random,,
condition_recombine_pseudolabel__mult_0.25__sim_0.9__teacher_ridge__seed_4,condition_recombine_pseudolabel,0.25,0.9,ridge,4,31,2,1.064516129032258,False,1.0,1.0,1.0,reaction_role_concat,6144,random_forest,False,valid,rmse,22.018503133692658,0,0.01,random,,
condition_recombine_pseudolabel__mult_0.25__sim_0.9__teacher_ridge__seed_4,condition_recombine_pseudolabel,0.25,0.9,ridge,4,31,2,1.064516129032258,False,1.0,1.0,1.0,reaction_role_concat,6144,random_forest,False,valid,mae,16.915319792822945,0,0.01,random,,
condition_recombine_pseudolabel__mult_0.25__sim_0.9__teacher_ridge__seed_4,condition_recombine_pseudolabel,0.25,0.9,ridge,4,31,2,1.064516129032258,False,1.0,1.0,1.0,reaction_role_concat,6144,random_forest,False,valid,r2,0.393281165563766,0,0.01,random,,
condition_recombine_pseudolabel__mult_0.25__sim_0.9__teacher_ridge__seed_4,condition_recombine_pseudolabel,0.25,0.9,ridge,4,31,2,1.064516129032258,False,1.0,1.0,1.0,reaction_role_concat,6144,random_forest,False,valid,spearman,0.7173839367293448,0,0.01,random,,
condition_recombine_pseudolabel__mult_0.25__sim_0.9__teacher_rf__seed_0,condition_recombine_pseudolabel,0.25,0.9,random_forest,0,31,1,1.032258064516129,False,1.0,1.0,1.0,reaction_role_concat,6144,random_forest,False,valid,rmse,21.989029609997637,0,0.01,random,,
condition_recombine_pseudolabel__mult_0.25__sim_0.9__teacher_rf__seed_0,condition_recombine_pseudolabel,0.25,0.9,random_forest,0,31,1,1.032258064516129,False,1.0,1.0,1.0,reaction_role_concat,6144,random_forest,False,valid,mae,16.716027140765252,0,0.01,random,,
condition_recombine_pseudolabel__mult_0.25__sim_0.9__teacher_rf__seed_0,condition_recombine_pseudolabel,0.25,0.9,random_forest,0,31,1,1.032258064516129,False,1.0,1.0,1.0,reaction_role_concat,6144,random_forest,False,valid,r2,0.394904361609147,0,0.01,random,,
condition_recombine_pseudolabel__mult_0.25__sim_0.9__teacher_rf__seed_0,condition_recombine_pseudolabel,0.25,0.9,random_forest,0,31,1,1.032258064516129,False,1.0,1.0,1.0,reaction_role_concat,6144,random_forest,False,valid,spearman,0.7243849761563793,0,0.01,random,,
condition_recombine_pseudolabel__mult_0.25__sim_0.9__teacher_rf__seed_1,condition_recombine_pseudolabel,0.25,0.9,random_forest,1,31,0,1.0,False,,,,reaction_role_concat,6144,random_forest,False,valid,rmse,21.686243649115106,0,0.01,random,,
condition_recombine_pseudolabel__mult_0.25__sim_0.9__teacher_rf__seed_1,condition_recombine_pseudolabel,0.25,0.9,random_forest,1,31,0,1.0,False,,,,reaction_role_concat,6144,random_forest,False,valid,mae,16.569035775652413,0,0.01,random,,
condition_recombine_pseudolabel__mult_0.25__sim_0.9__teacher_rf__seed_1,condition_recombine_pseudolabel,0.25,0.9,random_forest,1,31,0,1.0,False,,,,reaction_role_concat,6144,random_forest,False,valid,r2,0.411453799973473,0,0.01,random,,
condition_recombine_pseudolabel__mult_0.25__sim_0.9__teacher_rf__seed_1,condition_recombine_pseudolabel,0.25,0.9,random_forest,1,31,0,1.0,False,,,,reaction_role_concat,6144,random_forest,False,valid,spearman,0.732012930736291,0,0.01,random,,
condition_recombine_pseudolabel__mult_0.25__sim_0.9__teacher_rf__seed_2,condition_recombine_pseudolabel,0.25,0.9,random_forest,2,31,0,1.0,False,,,,reaction_role_concat,6144,random_forest,False,valid,rmse,21.686243649115106,0,0.01,random,,
condition_recombine_pseudolabel__mult_0.25__sim_0.9__teacher_rf__seed_2,condition_recombine_pseudolabel,0.25,0.9,random_forest,2,31,0,1.0,False,,,,reaction_role_concat,6144,random_forest,False,valid,mae,16.569035775652413,0,0.01,random,,
condition_recombine_pseudolabel__mult_0.25__sim_0.9__teacher_rf__seed_2,condition_recombine_pseudolabel,0.25,0.9,random_forest,2,31,0,1.0,False,,,,reaction_role_concat,6144,random_forest,False,valid,r2,0.411453799973473,0,0.01,random,,
condition_recombine_pseudolabel__mult_0.25__sim_0.9__teacher_rf__seed_2,condition_recombine_pseudolabel,0.25,0.9,random_forest,2,31,0,1.0,False,,,,reaction_role_concat,6144,random_forest,False,valid,spearman,0.732012930736291,0,0.01,random,,
condition_recombine_pseudolabel__mult_0.25__sim_0.9__teacher_rf__seed_3,condition_recombine_pseudolabel,0.25,0.9,random_forest,3,31,2,1.064516129032258,False,1.0,1.0,1.0,reaction_role_concat,6144,random_forest,False,valid,rmse,21.665772554502315,0,0.01,random,,
condition_recombine_pseudolabel__mult_0.25__sim_0.9__teacher_rf__seed_3,condition_recombine_pseudolabel,0.25,0.9,random_forest,3,31,2,1.064516129032258,False,1.0,1.0,1.0,reaction_role_concat,6144,random_forest,False,valid,mae,16.747387307508085,0,0.01,random,,
condition_recombine_pseudolabel__mult_0.25__sim_0.9__teacher_rf__seed_3,condition_recombine_pseudolabel,0.25,0.9,random_forest,3,31,2,1.064516129032258,False,1.0,1.0,1.0,reaction_role_concat,6144,random_forest,False,valid,r2,0.41256441171390457,0,0.01,random,,
condition_recombine_pseudolabel__mult_0.25__sim_0.9__teacher_rf__seed_3,condition_recombine_pseudolabel,0.25,0.9,random_forest,3,31,2,1.064516129032258,False,1.0,1.0,1.0,reaction_role_concat,6144,random_forest,False,valid,spearman,0.7204807300955759,0,0.01,random,,
condition_recombine_pseudolabel__mult_0.25__sim_0.9__teacher_rf__seed_4,condition_recombine_pseudolabel,0.25,0.9,random_forest,4,31,2,1.064516129032258,False,1.0,1.0,1.0,reaction_role_concat,6144,random_forest,False,valid,rmse,21.845522552825237,0,0.01,random,,
condition_recombine_pseudolabel__mult_0.25__sim_0.9__teacher_rf__seed_4,condition_recombine_pseudolabel,0.25,0.9,random_forest,4,31,2,1.064516129032258,False,1.0,1.0,1.0,reaction_role_concat,6144,random_forest,False,valid,mae,16.782178459351577,0,0.01,random,,
condition_recombine_pseudolabel__mult_0.25__sim_0.9__teacher_rf__seed_4,condition_recombine_pseudolabel,0.25,0.9,random_forest,4,31,2,1.064516129032258,False,1.0,1.0,1.0,reaction_role_concat,6144,random_forest,False,valid,r2,0.40277666325772976,0,0.01,random,,
condition_recombine_pseudolabel__mult_0.25__sim_0.9__teacher_rf__seed_4,condition_recombine_pseudolabel,0.25,0.9,random_forest,4,31,2,1.064516129032258,False,1.0,1.0,1.0,reaction_role_concat,6144,random_forest,False,valid,spearman,0.7155087417776588,0,0.01,random,,
condition_recombine_pseudolabel__mult_0.5__sim_0.7__teacher_ridge__seed_0,condition_recombine_pseudolabel,0.5,0.7,ridge,0,31,15,1.4838709677419355,False,1.0,1.0,1.0,reaction_role_concat,6144,random_forest,False,valid,rmse,22.589130363023592,0,0.01,random,,
condition_recombine_pseudolabel__mult_0.5__sim_0.7__teacher_ridge__seed_0,condition_recombine_pseudolabel,0.5,0.7,ridge,0,31,15,1.4838709677419355,False,1.0,1.0,1.0,reaction_role_concat,6144,random_forest,False,valid,mae,17.199763290679908,0,0.01,random,,
condition_recombine_pseudolabel__mult_0.5__sim_0.7__teacher_ridge__seed_0,condition_recombine_pseudolabel,0.5,0.7,ridge,0,31,15,1.4838709677419355,False,1.0,1.0,1.0,reaction_role_concat,6144,random_forest,False,valid,r2,0.36142646186625305,0,0.01,random,,
condition_recombine_pseudolabel__mult_0.5__sim_0.7__teacher_ridge__seed_0,condition_recombine_pseudolabel,0.5,0.7,ridge,0,31,15,1.4838709677419355,False,1.0,1.0,1.0,reaction_role_concat,6144,random_forest,False,valid,spearman,0.6739858862062686,0,0.01,random,,
condition_recombine_pseudolabel__mult_0.5__sim_0.7__teacher_ridge__seed_1,condition_recombine_pseudolabel,0.5,0.7,ridge,1,31,15,1.4838709677419355,False,1.0,1.0,1.0,reaction_role_concat,6144,random_forest,False,valid,rmse,22.63672410831116,0,0.01,random,,
condition_recombine_pseudolabel__mult_0.5__sim_0.7__teacher_ridge__seed_1,condition_recombine_pseudolabel,0.5,0.7,ridge,1,31,15,1.4838709677419355,False,1.0,1.0,1.0,reaction_role_concat,6144,random_forest,False,valid,mae,17.428559808963463,0,0.01,random,,
condition_recombine_pseudolabel__mult_0.5__sim_0.7__teacher_ridge__seed_1,condition_recombine_pseudolabel,0.5,0.7,ridge,1,31,15,1.4838709677419355,False,1.0,1.0,1.0,reaction_role_concat,6144,random_forest,False,valid,r2,0.3587327660158972,0,0.01,random,,
condition_recombine_pseudolabel__mult_0.5__sim_0.7__teacher_ridge__seed_1,condition_recombine_pseudolabel,0.5,0.7,ridge,1,31,15,1.4838709677419355,False,1.0,1.0,1.0,reaction_role_concat,6144,random_forest,False,valid,spearman,0.6924232096189105,0,0.01,random,,
condition_recombine_pseudolabel__mult_0.5__sim_0.7__teacher_ridge__seed_2,condition_recombine_pseudolabel,0.5,0.7,ridge,2,31,15,1.4838709677419355,False,1.0,1.0,1.0,reaction_role_concat,6144,random_forest,False,valid,rmse,21.752866293660695,0,0.01,random,,
condition_recombine_pseudolabel__mult_0.5__sim_0.7__teacher_ridge__seed_2,condition_recombine_pseudolabel,0.5,0.7,ridge,2,31,15,1.4838709677419355,False,1.0,1.0,1.0,reaction_role_concat,6144,random_forest,False,valid,mae,16.916494530324695,0,0.01,random,,
condition_recombine_pseudolabel__mult_0.5__sim_0.7__teacher_ridge__seed_2,condition_recombine_pseudolabel,0.5,0.7,ridge,2,31,15,1.4838709677419355,False,1.0,1.0,1.0,reaction_role_concat,6144,random_forest,False,valid,r2,0.40783208156831485,0,0.01,random,,
condition_recombine_pseudolabel__mult_0.5__sim_0.7__teacher_ridge__seed_2,condition_recombine_pseudolabel,0.5,0.7,ridge,2,31,15,1.4838709677419355,False,1.0,1.0,1.0,reaction_role_concat,6144,random_forest,False,valid,spearman,0.7041351687828022,0,0.01,random,,
condition_recombine_pseudolabel__mult_0.5__sim_0.7__teacher_ridge__seed_3,condition_recombine_pseudolabel,0.5,0.7,ridge,3,31,15,1.4838709677419355,False,1.0,1.0,1.0,reaction_role_concat,6144,random_forest,False,valid,rmse,22.448826810018474,0,0.01,random,,
condition_recombine_pseudolabel__mult_0.5__sim_0.7__teacher_ridge__seed_3,condition_recombine_pseudolabel,0.5,0.7,ridge,3,31,15,1.4838709677419355,False,1.0,1.0,1.0,reaction_role_concat,6144,random_forest,False,valid,mae,17.75499599776389,0,0.01,random,,
condition_recombine_pseudolabel__mult_0.5__sim_0.7__teacher_ridge__seed_3,condition_recombine_pseudolabel,0.5,0.7,ridge,3,31,15,1.4838709677419355,False,1.0,1.0,1.0,reaction_role_concat,6144,random_forest,False,valid,r2,0.36933432687412604,0,0.01,random,,
condition_recombine_pseudolabel__mult_0.5__sim_0.7__teacher_ridge__seed_3,condition_recombine_pseudolabel,0.5,0.7,ridge,3,31,15,1.4838709677419355,False,1.0,1.0,1.0,reaction_role_concat,6144,random_forest,False,valid,spearman,0.6982349798999234,0,0.01,random,,
condition_recombine_pseudolabel__mult_0.5__sim_0.7__teacher_ridge__seed_4,condition_recombine_pseudolabel,0.5,0.7,ridge,4,31,15,1.4838709677419355,False,1.0,1.0,1.0,reaction_role_concat,6144,random_forest,False,valid,rmse,21.933492760167365,0,0.01,random,,
condition_recombine_pseudolabel__mult_0.5__sim_0.7__teacher_ridge__seed_4,condition_recombine_pseudolabel,0.5,0.7,ridge,4,31,15,1.4838709677419355,False,1.0,1.0,1.0,reaction_role_concat,6144,random_forest,False,valid,mae,16.698555689754365,0,0.01,random,,
condition_recombine_pseudolabel__mult_0.5__sim_0.7__teacher_ridge__seed_4,condition_recombine_pseudolabel,0.5,0.7,ridge,4,31,15,1.4838709677419355,False,1.0,1.0,1.0,reaction_role_concat,6144,random_forest,False,valid,r2,0.3979570354773009,0,0.01,random,,
condition_recombine_pseudolabel__mult_0.5__sim_0.7__teacher_ridge__seed_4,condition_recombine_pseudolabel,0.5,0.7,ridge,4,31,15,1.4838709677419355,False,1.0,1.0,1.0,reaction_role_concat,6144,random_forest,False,valid,spearman,0.7117351760733577,0,0.01,random,,
condition_recombine_pseudolabel__mult_0.5__sim_0.7__teacher_rf__seed_0,condition_recombine_pseudolabel,0.5,0.7,random_forest,0,31,15,1.4838709677419355,False,1.0,1.0,1.0,reaction_role_concat,6144,random_forest,False,valid,rmse,21.82685626494386,0,0.01,random,,
condition_recombine_pseudolabel__mult_0.5__sim_0.7__teacher_rf__seed_0,condition_recombine_pseudolabel,0.5,0.7,random_forest,0,31,15,1.4838709677419355,False,1.0,1.0,1.0,reaction_role_concat,6144,random_forest,False,valid,mae,16.622032295592224,0,0.01,random,,
condition_recombine_pseudolabel__mult_0.5__sim_0.7__teacher_rf__seed_0,condition_recombine_pseudolabel,0.5,0.7,random_forest,0,31,15,1.4838709677419355,False,1.0,1.0,1.0,reaction_role_concat,6144,random_forest,False,valid,r2,0.403796843015763,0,0.01,random,,
condition_recombine_pseudolabel__mult_0.5__sim_0.7__teacher_rf__seed_0,condition_recombine_pseudolabel,0.5,0.7,random_forest,0,31,15,1.4838709677419355,False,1.0,1.0,1.0,reaction_role_concat,6144,random_forest,False,valid,spearman,0.7087569882765897,0,0.01,random,,
condition_recombine_pseudolabel__mult_0.5__sim_0.7__teacher_rf__seed_1,condition_recombine_pseudolabel,0.5,0.7,random_forest,1,31,15,1.4838709677419355,False,1.0,1.0,1.0,reaction_role_concat,6144,random_forest,False,valid,rmse,21.7646361445132,0,0.01,random,,
condition_recombine_pseudolabel__mult_0.5__sim_0.7__teacher_rf__seed_1,condition_recombine_pseudolabel,0.5,0.7,random_forest,1,31,15,1.4838709677419355,False,1.0,1.0,1.0,reaction_role_concat,6144,random_forest,False,valid,mae,16.80994817615159,0,0.01,random,,
condition_recombine_pseudolabel__mult_0.5__sim_0.7__teacher_rf__seed_1,condition_recombine_pseudolabel,0.5,0.7,random_forest,1,31,15,1.4838709677419355,False,1.0,1.0,1.0,reaction_role_concat,6144,random_forest,False,valid,r2,0.40719109811857024,0,0.01,random,,
condition_recombine_pseudolabel__mult_0.5__sim_0.7__teacher_rf__seed_1,condition_recombine_pseudolabel,0.5,0.7,random_forest,1,31,15,1.4838709677419355,False,1.0,1.0,1.0,reaction_role_concat,6144,random_forest,False,valid,spearman,0.7261497452330478,0,0.01,random,,
condition_recombine_pseudolabel__mult_0.5__sim_0.7__teacher_rf__seed_2,condition_recombine_pseudolabel,0.5,0.7,random_forest,2,31,15,1.4838709677419355,False,1.0,1.0,1.0,reaction_role_concat,6144,random_forest,False,valid,rmse,21.61935292335526,0,0.01,random,,
condition_recombine_pseudolabel__mult_0.5__sim_0.7__teacher_rf__seed_2,condition_recombine_pseudolabel,0.5,0.7,random_forest,2,31,15,1.4838709677419355,False,1.0,1.0,1.0,reaction_role_concat,6144,random_forest,False,valid,mae,16.571141392161575,0,0.01,random,,
condition_recombine_pseudolabel__mult_0.5__sim_0.7__teacher_rf__seed_2,condition_recombine_pseudolabel,0.5,0.7,random_forest,2,31,15,1.4838709677419355,False,1.0,1.0,1.0,reaction_role_concat,6144,random_forest,False,valid,r2,0.4150789153058123,0,0.01,random,,
condition_recombine_pseudolabel__mult_0.5__sim_0.7__teacher_rf__seed_2,condition_recombine_pseudolabel,0.5,0.7,random_forest,2,31,15,1.4838709677419355,False,1.0,1.0,1.0,reaction_role_concat,6144,random_forest,False,valid,spearman,0.7192381955583421,0,0.01,random,,
condition_recombine_pseudolabel__mult_0.5__sim_0.7__teacher_rf__seed_3,condition_recombine_pseudolabel,0.5,0.7,random_forest,3,31,15,1.4838709677419355,False,1.0,1.0,1.0,reaction_role_concat,6144,random_forest,False,valid,rmse,21.3361965058834,0,0.01,random,,
condition_recombine_pseudolabel__mult_0.5__sim_0.7__teacher_rf__seed_3,condition_recombine_pseudolabel,0.5,0.7,random_forest,3,31,15,1.4838709677419355,False,1.0,1.0,1.0,reaction_role_concat,6144,random_forest,False,valid,mae,16.54190195890318,0,0.01,random,,
condition_recombine_pseudolabel__mult_0.5__sim_0.7__teacher_rf__seed_3,condition_recombine_pseudolabel,0.5,0.7,random_forest,3,31,15,1.4838709677419355,False,1.0,1.0,1.0,reaction_role_concat,6144,random_forest,False,valid,r2,0.43030041984669787,0,0.01,random,,
condition_recombine_pseudolabel__mult_0.5__sim_0.7__teacher_rf__seed_3,condition_recombine_pseudolabel,0.5,0.7,random_forest,3,31,15,1.4838709677419355,False,1.0,1.0,1.0,reaction_role_concat,6144,random_forest,False,valid,spearman,0.7437943199256568,0,0.01,random,,
condition_recombine_pseudolabel__mult_0.5__sim_0.7__teacher_rf__seed_4,condition_recombine_pseudolabel,0.5,0.7,random_forest,4,31,15,1.4838709677419355,False,1.0,1.0,1.0,reaction_role_concat,6144,random_forest,False,valid,rmse,21.86185802655511,0,0.01,random,,
condition_recombine_pseudolabel__mult_0.5__sim_0.7__teacher_rf__seed_4,condition_recombine_pseudolabel,0.5,0.7,random_forest,4,31,15,1.4838709677419355,False,1.0,1.0,1.0,reaction_role_concat,6144,random_forest,False,valid,mae,16.602496814169463,0,0.01,random,,
condition_recombine_pseudolabel__mult_0.5__sim_0.7__teacher_rf__seed_4,condition_recombine_pseudolabel,0.5,0.7,random_forest,4,31,15,1.4838709677419355,False,1.0,1.0,1.0,reaction_role_concat,6144,random_forest,False,valid,r2,0.4018831553354879,0,0.01,random,,
condition_recombine_pseudolabel__mult_0.5__sim_0.7__teacher_rf__seed_4,condition_recombine_pseudolabel,0.5,0.7,random_forest,4,31,15,1.4838709677419355,False,1.0,1.0,1.0,reaction_role_concat,6144,random_forest,False,valid,spearman,0.7229435971422621,0,0.01,random,,
condition_recombine_pseudolabel__mult_0.5__sim_0.8__teacher_ridge__seed_0,condition_recombine_pseudolabel,0.5,0.8,ridge,0,31,6,1.1935483870967742,False,1.0,1.0,1.0,reaction_role_concat,6144,random_forest,False,valid,rmse,21.842690503469843,0,0.01,random,,
condition_recombine_pseudolabel__mult_0.5__sim_0.8__teacher_ridge__seed_0,condition_recombine_pseudolabel,0.5,0.8,ridge,0,31,6,1.1935483870967742,False,1.0,1.0,1.0,reaction_role_concat,6144,random_forest,False,valid,mae,16.643023704399038,0,0.01,random,,
condition_recombine_pseudolabel__mult_0.5__sim_0.8__teacher_ridge__seed_0,condition_recombine_pseudolabel,0.5,0.8,ridge,0,31,6,1.1935483870967742,False,1.0,1.0,1.0,reaction_role_concat,6144,random_forest,False,valid,r2,0.4029315010582518,0,0.01,random,,
condition_recombine_pseudolabel__mult_0.5__sim_0.8__teacher_ridge__seed_0,condition_recombine_pseudolabel,0.5,0.8,ridge,0,31,6,1.1935483870967742,False,1.0,1.0,1.0,reaction_role_concat,6144,random_forest,False,valid,spearman,0.7058065530145484,0,0.01,random,,
condition_recombine_pseudolabel__mult_0.5__sim_0.8__teacher_ridge__seed_1,condition_recombine_pseudolabel,0.5,0.8,ridge,1,31,5,1.1612903225806452,False,1.0,1.0,1.0,reaction_role_concat,6144,random_forest,False,valid,rmse,22.088383564218894,0,0.01,random,,
condition_recombine_pseudolabel__mult_0.5__sim_0.8__teacher_ridge__seed_1,condition_recombine_pseudolabel,0.5,0.8,ridge,1,31,5,1.1612903225806452,False,1.0,1.0,1.0,reaction_role_concat,6144,random_forest,False,valid,mae,17.2409799643257,0,0.01,random,,
condition_recombine_pseudolabel__mult_0.5__sim_0.8__teacher_ridge__seed_1,condition_recombine_pseudolabel,0.5,0.8,ridge,1,31,5,1.1612903225806452,False,1.0,1.0,1.0,reaction_role_concat,6144,random_forest,False,valid,r2,0.3894239503567838,0,0.01,random,,
condition_recombine_pseudolabel__mult_0.5__sim_0.8__teacher_ridge__seed_1,condition_recombine_pseudolabel,0.5,0.8,ridge,1,31,5,1.1612903225806452,False,1.0,1.0,1.0,reaction_role_concat,6144,random_forest,False,valid,spearman,0.706748678535531,0,0.01,random,,
condition_recombine_pseudolabel__mult_0.5__sim_0.8__teacher_ridge__seed_2,condition_recombine_pseudolabel,0.5,0.8,ridge,2,31,6,1.1935483870967742,False,1.0,1.0,1.0,reaction_role_concat,6144,random_forest,False,valid,rmse,21.71506131663094,0,0.01,random,,
condition_recombine_pseudolabel__mult_0.5__sim_0.8__teacher_ridge__seed_2,condition_recombine_pseudolabel,0.5,0.8,ridge,2,31,6,1.1935483870967742,False,1.0,1.0,1.0,reaction_role_concat,6144,random_forest,False,valid,mae,17.1718758890327,0,0.01,random,,
condition_recombine_pseudolabel__mult_0.5__sim_0.8__teacher_ridge__seed_2,condition_recombine_pseudolabel,0.5,0.8,ridge,2,31,6,1.1935483870967742,False,1.0,1.0,1.0,reaction_role_concat,6144,random_forest,False,valid,r2,0.40988858674928386,0,0.01,random,,
condition_recombine_pseudolabel__mult_0.5__sim_0.8__teacher_ridge__seed_2,condition_recombine_pseudolabel,0.5,0.8,ridge,2,31,6,1.1935483870967742,False,1.0,1.0,1.0,reaction_role_concat,6144,random_forest,False,valid,spearman,0.7170825539399451,0,0.01,random,,
condition_recombine_pseudolabel__mult_0.5__sim_0.8__teacher_ridge__seed_3,condition_recombine_pseudolabel,0.5,0.8,ridge,3,31,10,1.3225806451612903,False,1.0,1.0,1.0,reaction_role_concat,6144,random_forest,False,valid,rmse,22.741655294671126,0,0.01,random,,
condition_recombine_pseudolabel__mult_0.5__sim_0.8__teacher_ridge__seed_3,condition_recombine_pseudolabel,0.5,0.8,ridge,3,31,10,1.3225806451612903,False,1.0,1.0,1.0,reaction_role_concat,6144,random_forest,False,valid,mae,17.758207196093814,0,0.01,random,,
condition_recombine_pseudolabel__mult_0.5__sim_0.8__teacher_ridge__seed_3,condition_recombine_pseudolabel,0.5,0.8,ridge,3,31,10,1.3225806451612903,False,1.0,1.0,1.0,reaction_role_concat,6144,random_forest,False,valid,r2,0.3527738747708167,0,0.01,random,,
condition_recombine_pseudolabel__mult_0.5__sim_0.8__teacher_ridge__seed_3,condition_recombine_pseudolabel,0.5,0.8,ridge,3,31,10,1.3225806451612903,False,1.0,1.0,1.0,reaction_role_concat,6144,random_forest,False,valid,spearman,0.7027480289330456,0,0.01,random,,
condition_recombine_pseudolabel__mult_0.5__sim_0.8__teacher_ridge__seed_4,condition_recombine_pseudolabel,0.5,0.8,ridge,4,31,10,1.3225806451612903,False,1.0,1.0,1.0,reaction_role_concat,6144,random_forest,False,valid,rmse,21.63567246615018,0,0.01,random,,
condition_recombine_pseudolabel__mult_0.5__sim_0.8__teacher_ridge__seed_4,condition_recombine_pseudolabel,0.5,0.8,ridge,4,31,10,1.3225806451612903,False,1.0,1.0,1.0,reaction_role_concat,6144,random_forest,False,valid,mae,16.799415261923514,0,0.01,random,,
condition_recombine_pseudolabel__mult_0.5__sim_0.8__teacher_ridge__seed_4,condition_recombine_pseudolabel,0.5,0.8,ridge,4,31,10,1.3225806451612903,False,1.0,1.0,1.0,reaction_role_concat,6144,random_forest,False,valid,r2,0.41419551722164394,0,0.01,random,,
condition_recombine_pseudolabel__mult_0.5__sim_0.8__teacher_ridge__seed_4,condition_recombine_pseudolabel,0.5,0.8,ridge,4,31,10,1.3225806451612903,False,1.0,1.0,1.0,reaction_role_concat,6144,random_forest,False,valid,spearman,0.7292776019627097,0,0.01,random,,
condition_recombine_pseudolabel__mult_0.5__sim_0.8__teacher_rf__seed_0,condition_recombine_pseudolabel,0.5,0.8,random_forest,0,31,6,1.1935483870967742,False,1.0,1.0,1.0,reaction_role_concat,6144,random_forest,False,valid,rmse,21.83758613767525,0,0.01,random,,
condition_recombine_pseudolabel__mult_0.5__sim_0.8__teacher_rf__seed_0,condition_recombine_pseudolabel,0.5,0.8,random_forest,0,31,6,1.1935483870967742,False,1.0,1.0,1.0,reaction_role_concat,6144,random_forest,False,valid,mae,16.512791470548773,0,0.01,random,,
condition_recombine_pseudolabel__mult_0.5__sim_0.8__teacher_rf__seed_0,condition_recombine_pseudolabel,0.5,0.8,random_forest,0,31,6,1.1935483870967742,False,1.0,1.0,1.0,reaction_role_concat,6144,random_forest,False,valid,r2,0.4032105234545855,0,0.01,random,,
condition_recombine_pseudolabel__mult_0.5__sim_0.8__teacher_rf__seed_0,condition_recombine_pseudolabel,0.5,0.8,random_forest,0,31,6,1.1935483870967742,False,1.0,1.0,1.0,reaction_role_concat,6144,random_forest,False,valid,spearman,0.7219538541143277,0,0.01,random,,
condition_recombine_pseudolabel__mult_0.5__sim_0.8__teacher_rf__seed_1,condition_recombine_pseudolabel,0.5,0.8,random_forest,1,31,5,1.1612903225806452,False,1.0,1.0,1.0,reaction_role_concat,6144,random_forest,False,valid,rmse,22.14911299330525,0,0.01,random,,
condition_recombine_pseudolabel__mult_0.5__sim_0.8__teacher_rf__seed_1,condition_recombine_pseudolabel,0.5,0.8,random_forest,1,31,5,1.1612903225806452,False,1.0,1.0,1.0,reaction_role_concat,6144,random_forest,False,valid,mae,17.084837600240224,0,0.01,random,,
condition_recombine_pseudolabel__mult_0.5__sim_0.8__teacher_rf__seed_1,condition_recombine_pseudolabel,0.5,0.8,random_forest,1,31,5,1.1612903225806452,False,1.0,1.0,1.0,reaction_role_concat,6144,random_forest,False,valid,r2,0.38606191996878503,0,0.01,random,,
condition_recombine_pseudolabel__mult_0.5__sim_0.8__teacher_rf__seed_1,condition_recombine_pseudolabel,0.5,0.8,random_forest,1,31,5,1.1612903225806452,False,1.0,1.0,1.0,reaction_role_concat,6144,random_forest,False,valid,spearman,0.7223202849500339,0,0.01,random,,
condition_recombine_pseudolabel__mult_0.5__sim_0.8__teacher_rf__seed_2,condition_recombine_pseudolabel,0.5,0.8,random_forest,2,31,6,1.1935483870967742,False,1.0,1.0,1.0,reaction_role_concat,6144,random_forest,False,valid,rmse,21.76026711455615,0,0.01,random,,
condition_recombine_pseudolabel__mult_0.5__sim_0.8__teacher_rf__seed_2,condition_recombine_pseudolabel,0.5,0.8,random_forest,2,31,6,1.1935483870967742,False,1.0,1.0,1.0,reaction_role_concat,6144,random_forest,False,valid,mae,16.76402939782867,0,0.01,random,,
condition_recombine_pseudolabel__mult_0.5__sim_0.8__teacher_rf__seed_2,condition_recombine_pseudolabel,0.5,0.8,random_forest,2,31,6,1.1935483870967742,False,1.0,1.0,1.0,reaction_role_concat,6144,random_forest,False,valid,r2,0.4074290749793671,0,0.01,random,,
condition_recombine_pseudolabel__mult_0.5__sim_0.8__teacher_rf__seed_2,condition_recombine_pseudolabel,0.5,0.8,random_forest,2,31,6,1.1935483870967742,False,1.0,1.0,1.0,reaction_role_concat,6144,random_forest,False,valid,spearman,0.7143535546918279,0,0.01,random,,
condition_recombine_pseudolabel__mult_0.5__sim_0.8__teacher_rf__seed_3,condition_recombine_pseudolabel,0.5,0.8,random_forest,3,31,10,1.3225806451612903,False,1.0,1.0,1.0,reaction_role_concat,6144,random_forest,False,valid,rmse,21.374177595003342,0,0.01,random,,
condition_recombine_pseudolabel__mult_0.5__sim_0.8__teacher_rf__seed_3,condition_recombine_pseudolabel,0.5,0.8,random_forest,3,31,10,1.3225806451612903,False,1.0,1.0,1.0,reaction_role_concat,6144,random_forest,False,valid,mae,16.490315257811847,0,0.01,random,,
condition_recombine_pseudolabel__mult_0.5__sim_0.8__teacher_rf__seed_3,condition_recombine_pseudolabel,0.5,0.8,random_forest,3,31,10,1.3225806451612903,False,1.0,1.0,1.0,reaction_role_concat,6144,random_forest,False,valid,r2,0.42827034203791337,0,0.01,random,,
condition_recombine_pseudolabel__mult_0.5__sim_0.8__teacher_rf__seed_3,condition_recombine_pseudolabel,0.5,0.8,random_forest,3,31,10,1.3225806451612903,False,1.0,1.0,1.0,reaction_role_concat,6144,random_forest,False,valid,spearman,0.7411941508650598,0,0.01,random,,
condition_recombine_pseudolabel__mult_0.5__sim_0.8__teacher_rf__seed_4,condition_recombine_pseudolabel,0.5,0.8,random_forest,4,31,10,1.3225806451612903,False,1.0,1.0,1.0,reaction_role_concat,6144,random_forest,False,valid,rmse,21.552291348571533,0,0.01,random,,
condition_recombine_pseudolabel__mult_0.5__sim_0.8__teacher_rf__seed_4,condition_recombine_pseudolabel,0.5,0.8,random_forest,4,31,10,1.3225806451612903,False,1.0,1.0,1.0,reaction_role_concat,6144,random_forest,False,valid,mae,16.52682717910296,0,0.01,random,,
condition_recombine_pseudolabel__mult_0.5__sim_0.8__teacher_rf__seed_4,condition_recombine_pseudolabel,0.5,0.8,random_forest,4,31,10,1.3225806451612903,False,1.0,1.0,1.0,reaction_role_concat,6144,random_forest,False,valid,r2,0.4187020479315642,0,0.01,random,,
condition_recombine_pseudolabel__mult_0.5__sim_0.8__teacher_rf__seed_4,condition_recombine_pseudolabel,0.5,0.8,random_forest,4,31,10,1.3225806451612903,False,1.0,1.0,1.0,reaction_role_concat,6144,random_forest,False,valid,spearman,0.7207650718548801,0,0.01,random,,
condition_recombine_pseudolabel__mult_0.5__sim_0.9__teacher_ridge__seed_0,condition_recombine_pseudolabel,0.5,0.9,ridge,0,31,2,1.064516129032258,False,1.0,1.0,1.0,reaction_role_concat,6144,random_forest,False,valid,rmse,21.575793370282547,0,0.01,random,,
condition_recombine_pseudolabel__mult_0.5__sim_0.9__teacher_ridge__seed_0,condition_recombine_pseudolabel,0.5,0.9,ridge,0,31,2,1.064516129032258,False,1.0,1.0,1.0,reaction_role_concat,6144,random_forest,False,valid,mae,16.684118596949155,0,0.01,random,,
condition_recombine_pseudolabel__mult_0.5__sim_0.9__teacher_ridge__seed_0,condition_recombine_pseudolabel,0.5,0.9,ridge,0,31,2,1.064516129032258,False,1.0,1.0,1.0,reaction_role_concat,6144,random_forest,False,valid,r2,0.41743358643388884,0,0.01,random,,
condition_recombine_pseudolabel__mult_0.5__sim_0.9__teacher_ridge__seed_0,condition_recombine_pseudolabel,0.5,0.9,ridge,0,31,2,1.064516129032258,False,1.0,1.0,1.0,reaction_role_concat,6144,random_forest,False,valid,spearman,0.7229096124593865,0,0.01,random,,
condition_recombine_pseudolabel__mult_0.5__sim_0.9__teacher_ridge__seed_1,condition_recombine_pseudolabel,0.5,0.9,ridge,1,31,0,1.0,False,,,,reaction_role_concat,6144,random_forest,False,valid,rmse,21.686243649115106,0,0.01,random,,
condition_recombine_pseudolabel__mult_0.5__sim_0.9__teacher_ridge__seed_1,condition_recombine_pseudolabel,0.5,0.9,ridge,1,31,0,1.0,False,,,,reaction_role_concat,6144,random_forest,False,valid,mae,16.569035775652413,0,0.01,random,,
condition_recombine_pseudolabel__mult_0.5__sim_0.9__teacher_ridge__seed_1,condition_recombine_pseudolabel,0.5,0.9,ridge,1,31,0,1.0,False,,,,reaction_role_concat,6144,random_forest,False,valid,r2,0.411453799973473,0,0.01,random,,
condition_recombine_pseudolabel__mult_0.5__sim_0.9__teacher_ridge__seed_1,condition_recombine_pseudolabel,0.5,0.9,ridge,1,31,0,1.0,False,,,,reaction_role_concat,6144,random_forest,False,valid,spearman,0.732012930736291,0,0.01,random,,
condition_recombine_pseudolabel__mult_0.5__sim_0.9__teacher_ridge__seed_2,condition_recombine_pseudolabel,0.5,0.9,ridge,2,31,1,1.032258064516129,False,1.0,1.0,1.0,reaction_role_concat,6144,random_forest,False,valid,rmse,21.99529969371909,0,0.01,random,,
condition_recombine_pseudolabel__mult_0.5__sim_0.9__teacher_ridge__seed_2,condition_recombine_pseudolabel,0.5,0.9,ridge,2,31,1,1.032258064516129,False,1.0,1.0,1.0,reaction_role_concat,6144,random_forest,False,valid,mae,16.735540168632433,0,0.01,random,,
condition_recombine_pseudolabel__mult_0.5__sim_0.9__teacher_ridge__seed_2,condition_recombine_pseudolabel,0.5,0.9,ridge,2,31,1,1.032258064516129,False,1.0,1.0,1.0,reaction_role_concat,6144,random_forest,False,valid,r2,0.39455923121444614,0,0.01,random,,
condition_recombine_pseudolabel__mult_0.5__sim_0.9__teacher_ridge__seed_2,condition_recombine_pseudolabel,0.5,0.9,ridge,2,31,1,1.032258064516129,False,1.0,1.0,1.0,reaction_role_concat,6144,random_forest,False,valid,spearman,0.7282964281384802,0,0.01,random,,
condition_recombine_pseudolabel__mult_0.5__sim_0.9__teacher_ridge__seed_3,condition_recombine_pseudolabel,0.5,0.9,ridge,3,31,3,1.096774193548387,False,1.0,1.0,1.0,reaction_role_concat,6144,random_forest,False,valid,rmse,21.827639117985473,0,0.01,random,,
condition_recombine_pseudolabel__mult_0.5__sim_0.9__teacher_ridge__seed_3,condition_recombine_pseudolabel,0.5,0.9,ridge,3,31,3,1.096774193548387,False,1.0,1.0,1.0,reaction_role_concat,6144,random_forest,False,valid,mae,16.7822022826068,0,0.01,random,,
condition_recombine_pseudolabel__mult_0.5__sim_0.9__teacher_ridge__seed_3,condition_recombine_pseudolabel,0.5,0.9,ridge,3,31,3,1.096774193548387,False,1.0,1.0,1.0,reaction_role_concat,6144,random_forest,False,valid,r2,0.40375407480220493,0,0.01,random,,
condition_recombine_pseudolabel__mult_0.5__sim_0.9__teacher_ridge__seed_3,condition_recombine_pseudolabel,0.5,0.9,ridge,3,31,3,1.096774193548387,False,1.0,1.0,1.0,reaction_role_concat,6144,random_forest,False,valid,spearman,0.7327376127132577,0,0.01,random,,
condition_recombine_pseudolabel__mult_0.5__sim_0.9__teacher_ridge__seed_4,condition_recombine_pseudolabel,0.5,0.9,ridge,4,31,5,1.1612903225806452,False,1.0,1.0,1.0,reaction_role_concat,6144,random_forest,False,valid,rmse,21.970074219621505,0,0.01,random,,
condition_recombine_pseudolabel__mult_0.5__sim_0.9__teacher_ridge__seed_4,condition_recombine_pseudolabel,0.5,0.9,ridge,4,31,5,1.1612903225806452,False,1.0,1.0,1.0,reaction_role_concat,6144,random_forest,False,valid,mae,16.94743861655042,0,0.01,random,,
condition_recombine_pseudolabel__mult_0.5__sim_0.9__teacher_ridge__seed_4,condition_recombine_pseudolabel,0.5,0.9,ridge,4,31,5,1.1612903225806452,False,1.0,1.0,1.0,reaction_role_concat,6144,random_forest,False,valid,r2,0.3959471434443538,0,0.01,random,,
condition_recombine_pseudolabel__mult_0.5__sim_0.9__teacher_ridge__seed_4,condition_recombine_pseudolabel,0.5,0.9,ridge,4,31,5,1.1612903225806452,False,1.0,1.0,1.0,reaction_role_concat,6144,random_forest,False,valid,spearman,0.7135171809347509,0,0.01,random,,
condition_recombine_pseudolabel__mult_0.5__sim_0.9__teacher_rf__seed_0,condition_recombine_pseudolabel,0.5,0.9,random_forest,0,31,2,1.064516129032258,False,1.0,1.0,1.0,reaction_role_concat,6144,random_forest,False,valid,rmse,21.841077770389713,0,0.01,random,,
condition_recombine_pseudolabel__mult_0.5__sim_0.9__teacher_rf__seed_0,condition_recombine_pseudolabel,0.5,0.9,random_forest,0,31,2,1.064516129032258,False,1.0,1.0,1.0,reaction_role_concat,6144,random_forest,False,valid,mae,16.749561212331436,0,0.01,random,,
condition_recombine_pseudolabel__mult_0.5__sim_0.9__teacher_rf__seed_0,condition_recombine_pseudolabel,0.5,0.9,random_forest,0,31,2,1.064516129032258,False,1.0,1.0,1.0,reaction_role_concat,6144,random_forest,False,valid,r2,0.4030196657073247,0,0.01,random,,
condition_recombine_pseudolabel__mult_0.5__sim_0.9__teacher_rf__seed_0,condition_recombine_pseudolabel,0.5,0.9,random_forest,0,31,2,1.064516129032258,False,1.0,1.0,1.0,reaction_role_concat,6144,random_forest,False,valid,spearman,0.722764228128345,0,0.01,random,,
condition_recombine_pseudolabel__mult_0.5__sim_0.9__teacher_rf__seed_1,condition_recombine_pseudolabel,0.5,0.9,random_forest,1,31,0,1.0,False,,,,reaction_role_concat,6144,random_forest,False,valid,rmse,21.686243649115106,0,0.01,random,,
condition_recombine_pseudolabel__mult_0.5__sim_0.9__teacher_rf__seed_1,condition_recombine_pseudolabel,0.5,0.9,random_forest,1,31,0,1.0,False,,,,reaction_role_concat,6144,random_forest,False,valid,mae,16.569035775652413,0,0.01,random,,
condition_recombine_pseudolabel__mult_0.5__sim_0.9__teacher_rf__seed_1,condition_recombine_pseudolabel,0.5,0.9,random_forest,1,31,0,1.0,False,,,,reaction_role_concat,6144,random_forest,False,valid,r2,0.411453799973473,0,0.01,random,,
condition_recombine_pseudolabel__mult_0.5__sim_0.9__teacher_rf__seed_1,condition_recombine_pseudolabel,0.5,0.9,random_forest,1,31,0,1.0,False,,,,reaction_role_concat,6144,random_forest,False,valid,spearman,0.732012930736291,0,0.01,random,,
condition_recombine_pseudolabel__mult_0.5__sim_0.9__teacher_rf__seed_2,condition_recombine_pseudolabel,0.5,0.9,random_forest,2,31,1,1.032258064516129,False,1.0,1.0,1.0,reaction_role_concat,6144,random_forest,False,valid,rmse,21.952148449785785,0,0.01,random,,
condition_recombine_pseudolabel__mult_0.5__sim_0.9__teacher_rf__seed_2,condition_recombine_pseudolabel,0.5,0.9,random_forest,2,31,1,1.032258064516129,False,1.0,1.0,1.0,reaction_role_concat,6144,random_forest,False,valid,mae,16.707893138055564,0,0.01,random,,
condition_recombine_pseudolabel__mult_0.5__sim_0.9__teacher_rf__seed_2,condition_recombine_pseudolabel,0.5,0.9,random_forest,2,31,1,1.032258064516129,False,1.0,1.0,1.0,reaction_role_concat,6144,random_forest,False,valid,r2,0.39693245600573646,0,0.01,random,,
condition_recombine_pseudolabel__mult_0.5__sim_0.9__teacher_rf__seed_2,condition_recombine_pseudolabel,0.5,0.9,random_forest,2,31,1,1.032258064516129,False,1.0,1.0,1.0,reaction_role_concat,6144,random_forest,False,valid,spearman,0.7254994595246114,0,0.01,random,,
condition_recombine_pseudolabel__mult_0.5__sim_0.9__teacher_rf__seed_3,condition_recombine_pseudolabel,0.5,0.9,random_forest,3,31,3,1.096774193548387,False,1.0,1.0,1.0,reaction_role_concat,6144,random_forest,False,valid,rmse,21.639600452738744,0,0.01,random,,
condition_recombine_pseudolabel__mult_0.5__sim_0.9__teacher_rf__seed_3,condition_recombine_pseudolabel,0.5,0.9,random_forest,3,31,3,1.096774193548387,False,1.0,1.0,1.0,reaction_role_concat,6144,random_forest,False,valid,mae,16.822625538949723,0,0.01,random,,
condition_recombine_pseudolabel__mult_0.5__sim_0.9__teacher_rf__seed_3,condition_recombine_pseudolabel,0.5,0.9,random_forest,3,31,3,1.096774193548387,False,1.0,1.0,1.0,reaction_role_concat,6144,random_forest,False,valid,r2,0.4139827906670822,0,0.01,random,,
condition_recombine_pseudolabel__mult_0.5__sim_0.9__teacher_rf__seed_3,condition_recombine_pseudolabel,0.5,0.9,random_forest,3,31,3,1.096774193548387,False,1.0,1.0,1.0,reaction_role_concat,6144,random_forest,False,valid,spearman,0.7245182857003819,0,0.01,random,,
condition_recombine_pseudolabel__mult_0.5__sim_0.9__teacher_rf__seed_4,condition_recombine_pseudolabel,0.5,0.9,random_forest,4,31,5,1.1612903225806452,False,1.0,1.0,1.0,reaction_role_concat,6144,random_forest,False,valid,rmse,21.788829672138135,0,0.01,random,,
condition_recombine_pseudolabel__mult_0.5__sim_0.9__teacher_rf__seed_4,condition_recombine_pseudolabel,0.5,0.9,random_forest,4,31,5,1.1612903225806452,False,1.0,1.0,1.0,reaction_role_concat,6144,random_forest,False,valid,mae,16.597650288083884,0,0.01,random,,
condition_recombine_pseudolabel__mult_0.5__sim_0.9__teacher_rf__seed_4,condition_recombine_pseudolabel,0.5,0.9,random_forest,4,31,5,1.1612903225806452,False,1.0,1.0,1.0,reaction_role_concat,6144,random_forest,False,valid,r2,0.4058724351466295,0,0.01,random,,
condition_recombine_pseudolabel__mult_0.5__sim_0.9__teacher_rf__seed_4,condition_recombine_pseudolabel,0.5,0.9,random_forest,4,31,5,1.1612903225806452,False,1.0,1.0,1.0,reaction_role_concat,6144,random_forest,False,valid,spearman,0.716211903368048,0,0.01,random,,
condition_recombine_pseudolabel__mult_1__sim_0.7__teacher_ridge__seed_0,condition_recombine_pseudolabel,1.0,0.7,ridge,0,31,31,2.0,False,1.0,1.0,1.0,reaction_role_concat,6144,random_forest,False,valid,rmse,21.82469326914375,0,0.01,random,,
condition_recombine_pseudolabel__mult_1__sim_0.7__teacher_ridge__seed_0,condition_recombine_pseudolabel,1.0,0.7,ridge,0,31,31,2.0,False,1.0,1.0,1.0,reaction_role_concat,6144,random_forest,False,valid,mae,16.48239107431641,0,0.01,random,,
condition_recombine_pseudolabel__mult_1__sim_0.7__teacher_ridge__seed_0,condition_recombine_pseudolabel,1.0,0.7,ridge,0,31,31,2.0,False,1.0,1.0,1.0,reaction_role_concat,6144,random_forest,False,valid,r2,0.4039150021323422,0,0.01,random,,
condition_recombine_pseudolabel__mult_1__sim_0.7__teacher_ridge__seed_0,condition_recombine_pseudolabel,1.0,0.7,ridge,0,31,31,2.0,False,1.0,1.0,1.0,reaction_role_concat,6144,random_forest,False,valid,spearman,0.7137859423236824,0,0.01,random,,
condition_recombine_pseudolabel__mult_1__sim_0.7__teacher_ridge__seed_1,condition_recombine_pseudolabel,1.0,0.7,ridge,1,31,31,2.0,False,1.0,1.0,1.0,reaction_role_concat,6144,random_forest,False,valid,rmse,22.74585136887981,0,0.01,random,,
condition_recombine_pseudolabel__mult_1__sim_0.7__teacher_ridge__seed_1,condition_recombine_pseudolabel,1.0,0.7,ridge,1,31,31,2.0,False,1.0,1.0,1.0,reaction_role_concat,6144,random_forest,False,valid,mae,16.99816328146186,0,0.01,random,,
condition_recombine_pseudolabel__mult_1__sim_0.7__teacher_ridge__seed_1,condition_recombine_pseudolabel,1.0,0.7,ridge,1,31,31,2.0,False,1.0,1.0,1.0,reaction_role_concat,6144,random_forest,False,valid,r2,0.3525350127035052,0,0.01,random,,
condition_recombine_pseudolabel__mult_1__sim_0.7__teacher_ridge__seed_1,condition_recombine_pseudolabel,1.0,0.7,ridge,1,31,31,2.0,False,1.0,1.0,1.0,reaction_role_concat,6144,random_forest,False,valid,spearman,0.6752101138083143,0,0.01,random,,
condition_recombine_pseudolabel__mult_1__sim_0.7__teacher_ridge__seed_2,condition_recombine_pseudolabel,1.0,0.7,ridge,2,31,31,2.0,False,1.0,1.0,1.0,reaction_role_concat,6144,random_forest,False,valid,rmse,21.76680910140529,0,0.01,random,,
condition_recombine_pseudolabel__mult_1__sim_0.7__teacher_ridge__seed_2,condition_recombine_pseudolabel,1.0,0.7,ridge,2,31,31,2.0,False,1.0,1.0,1.0,reaction_role_concat,6144,random_forest,False,valid,mae,17.064014973558955,0,0.01,random,,
condition_recombine_pseudolabel__mult_1__sim_0.7__teacher_ridge__seed_2,condition_recombine_pseudolabel,1.0,0.7,ridge,2,31,31,2.0,False,1.0,1.0,1.0,reaction_role_concat,6144,random_forest,False,valid,r2,0.407072721456161,0,0.01,random,,
condition_recombine_pseudolabel__mult_1__sim_0.7__teacher_ridge__seed_2,condition_recombine_pseudolabel,1.0,0.7,ridge,2,31,31,2.0,False,1.0,1.0,1.0,reaction_role_concat,6144,random_forest,False,valid,spearman,0.7132231014439637,0,0.01,random,,
condition_recombine_pseudolabel__mult_1__sim_0.7__teacher_ridge__seed_3,condition_recombine_pseudolabel,1.0,0.7,ridge,3,31,31,2.0,False,1.0,1.0,1.0,reaction_role_concat,6144,random_forest,False,valid,rmse,22.629354226288953,0,0.01,random,,
condition_recombine_pseudolabel__mult_1__sim_0.7__teacher_ridge__seed_3,condition_recombine_pseudolabel,1.0,0.7,ridge,3,31,31,2.0,False,1.0,1.0,1.0,reaction_role_concat,6144,random_forest,False,valid,mae,17.845873255406755,0,0.01,random,,
condition_recombine_pseudolabel__mult_1__sim_0.7__teacher_ridge__seed_3,condition_recombine_pseudolabel,1.0,0.7,ridge,3,31,31,2.0,False,1.0,1.0,1.0,reaction_role_concat,6144,random_forest,False,valid,r2,0.3591502552691731,0,0.01,random,,
condition_recombine_pseudolabel__mult_1__sim_0.7__teacher_ridge__seed_3,condition_recombine_pseudolabel,1.0,0.7,ridge,3,31,31,2.0,False,1.0,1.0,1.0,reaction_role_concat,6144,random_forest,False,valid,spearman,0.6838709495666303,0,0.01,random,,
condition_recombine_pseudolabel__mult_1__sim_0.7__teacher_ridge__seed_4,condition_recombine_pseudolabel,1.0,0.7,ridge,4,31,31,2.0,False,1.0,1.0,1.0,reaction_role_concat,6144,random_forest,False,valid,rmse,21.680518811411616,0,0.01,random,,
condition_recombine_pseudolabel__mult_1__sim_0.7__teacher_ridge__seed_4,condition_recombine_pseudolabel,1.0,0.7,ridge,4,31,31,2.0,False,1.0,1.0,1.0,reaction_role_concat,6144,random_forest,False,valid,mae,16.377985007669352,0,0.01,random,,
condition_recombine_pseudolabel__mult_1__sim_0.7__teacher_ridge__seed_4,condition_recombine_pseudolabel,1.0,0.7,ridge,4,31,31,2.0,False,1.0,1.0,1.0,reaction_role_concat,6144,random_forest,False,valid,r2,0.41176449340702403,0,0.01,random,,
condition_recombine_pseudolabel__mult_1__sim_0.7__teacher_ridge__seed_4,condition_recombine_pseudolabel,1.0,0.7,ridge,4,31,31,2.0,False,1.0,1.0,1.0,reaction_role_concat,6144,random_forest,False,valid,spearman,0.7099643067855004,0,0.01,random,,
condition_recombine_pseudolabel__mult_1__sim_0.7__teacher_rf__seed_0,condition_recombine_pseudolabel,1.0,0.7,random_forest,0,31,31,2.0,False,1.0,1.0,1.0,reaction_role_concat,6144,random_forest,False,valid,rmse,21.884470418606092,0,0.01,random,,
condition_recombine_pseudolabel__mult_1__sim_0.7__teacher_rf__seed_0,condition_recombine_pseudolabel,1.0,0.7,random_forest,0,31,31,2.0,False,1.0,1.0,1.0,reaction_role_concat,6144,random_forest,False,valid,mae,16.468706947715976,0,0.01,random,,
condition_recombine_pseudolabel__mult_1__sim_0.7__teacher_rf__seed_0,condition_recombine_pseudolabel,1.0,0.7,random_forest,0,31,31,2.0,False,1.0,1.0,1.0,reaction_role_concat,6144,random_forest,False,valid,r2,0.4006452141547445,0,0.01,random,,
condition_recombine_pseudolabel__mult_1__sim_0.7__teacher_rf__seed_0,condition_recombine_pseudolabel,1.0,0.7,random_forest,0,31,31,2.0,False,1.0,1.0,1.0,reaction_role_concat,6144,random_forest,False,valid,spearman,0.7163274902407515,0,0.01,random,,
condition_recombine_pseudolabel__mult_1__sim_0.7__teacher_rf__seed_1,condition_recombine_pseudolabel,1.0,0.7,random_forest,1,31,31,2.0,False,1.0,1.0,1.0,reaction_role_concat,6144,random_forest,False,valid,rmse,21.63996452366661,0,0.01,random,,
condition_recombine_pseudolabel__mult_1__sim_0.7__teacher_rf__seed_1,condition_recombine_pseudolabel,1.0,0.7,random_forest,1,31,31,2.0,False,1.0,1.0,1.0,reaction_role_concat,6144,random_forest,False,valid,mae,16.396628284155565,0,0.01,random,,
condition_recombine_pseudolabel__mult_1__sim_0.7__teacher_rf__seed_1,condition_recombine_pseudolabel,1.0,0.7,random_forest,1,31,31,2.0,False,1.0,1.0,1.0,reaction_role_concat,6144,random_forest,False,valid,r2,0.41396307185347847,0,0.01,random,,
condition_recombine_pseudolabel__mult_1__sim_0.7__teacher_rf__seed_1,condition_recombine_pseudolabel,1.0,0.7,random_forest,1,31,31,2.0,False,1.0,1.0,1.0,reaction_role_concat,6144,random_forest,False,valid,spearman,0.7134696608051138,0,0.01,random,,
condition_recombine_pseudolabel__mult_1__sim_0.7__teacher_rf__seed_2,condition_recombine_pseudolabel,1.0,0.7,random_forest,2,31,31,2.0,False,1.0,1.0,1.0,reaction_role_concat,6144,random_forest,False,valid,rmse,21.365278925738085,0,0.01,random,,
condition_recombine_pseudolabel__mult_1__sim_0.7__teacher_rf__seed_2,condition_recombine_pseudolabel,1.0,0.7,random_forest,2,31,31,2.0,False,1.0,1.0,1.0,reaction_role_concat,6144,random_forest,False,valid,mae,16.523279756609398,0,0.01,random,,
condition_recombine_pseudolabel__mult_1__sim_0.7__teacher_rf__seed_2,condition_recombine_pseudolabel,1.0,0.7,random_forest,2,31,31,2.0,False,1.0,1.0,1.0,reaction_role_concat,6144,random_forest,False,valid,r2,0.42874629710571355,0,0.01,random,,
condition_recombine_pseudolabel__mult_1__sim_0.7__teacher_rf__seed_2,condition_recombine_pseudolabel,1.0,0.7,random_forest,2,31,31,2.0,False,1.0,1.0,1.0,reaction_role_concat,6144,random_forest,False,valid,spearman,0.7289895598654419,0,0.01,random,,
condition_recombine_pseudolabel__mult_1__sim_0.7__teacher_rf__seed_3,condition_recombine_pseudolabel,1.0,0.7,random_forest,3,31,31,2.0,False,1.0,1.0,1.0,reaction_role_concat,6144,random_forest,False,valid,rmse,21.94955797773597,0,0.01,random,,
condition_recombine_pseudolabel__mult_1__sim_0.7__teacher_rf__seed_3,condition_recombine_pseudolabel,1.0,0.7,random_forest,3,31,31,2.0,False,1.0,1.0,1.0,reaction_role_concat,6144,random_forest,False,valid,mae,16.9842501492953,0,0.01,random,,
condition_recombine_pseudolabel__mult_1__sim_0.7__teacher_rf__seed_3,condition_recombine_pseudolabel,1.0,0.7,random_forest,3,31,31,2.0,False,1.0,1.0,1.0,reaction_role_concat,6144,random_forest,False,valid,r2,0.39707477806088076,0,0.01,random,,
condition_recombine_pseudolabel__mult_1__sim_0.7__teacher_rf__seed_3,condition_recombine_pseudolabel,1.0,0.7,random_forest,3,31,31,2.0,False,1.0,1.0,1.0,reaction_role_concat,6144,random_forest,False,valid,spearman,0.7093639410799265,0,0.01,random,,
condition_recombine_pseudolabel__mult_1__sim_0.7__teacher_rf__seed_4,condition_recombine_pseudolabel,1.0,0.7,random_forest,4,31,31,2.0,False,1.0,1.0,1.0,reaction_role_concat,6144,random_forest,False,valid,rmse,21.78546996828933,0,0.01,random,,
condition_recombine_pseudolabel__mult_1__sim_0.7__teacher_rf__seed_4,condition_recombine_pseudolabel,1.0,0.7,random_forest,4,31,31,2.0,False,1.0,1.0,1.0,reaction_role_concat,6144,random_forest,False,valid,mae,16.600563426757162,0,0.01,random,,
condition_recombine_pseudolabel__mult_1__sim_0.7__teacher_rf__seed_4,condition_recombine_pseudolabel,1.0,0.7,random_forest,4,31,31,2.0,False,1.0,1.0,1.0,reaction_role_concat,6144,random_forest,False,valid,r2,0.4060556426711942,0,0.01,random,,
condition_recombine_pseudolabel__mult_1__sim_0.7__teacher_rf__seed_4,condition_recombine_pseudolabel,1.0,0.7,random_forest,4,31,31,2.0,False,1.0,1.0,1.0,reaction_role_concat,6144,random_forest,False,valid,spearman,0.7236725637210814,0,0.01,random,,
condition_recombine_pseudolabel__mult_1__sim_0.8__teacher_ridge__seed_0,condition_recombine_pseudolabel,1.0,0.8,ridge,0,31,17,1.5483870967741935,False,1.0,1.0,1.0,reaction_role_concat,6144,random_forest,True,valid,rmse,21.21833272508743,0,0.01,random,,
condition_recombine_pseudolabel__mult_1__sim_0.8__teacher_ridge__seed_0,condition_recombine_pseudolabel,1.0,0.8,ridge,0,31,17,1.5483870967741935,False,1.0,1.0,1.0,reaction_role_concat,6144,random_forest,True,valid,mae,15.969660185798814,0,0.01,random,,
condition_recombine_pseudolabel__mult_1__sim_0.8__teacher_ridge__seed_0,condition_recombine_pseudolabel,1.0,0.8,ridge,0,31,17,1.5483870967741935,False,1.0,1.0,1.0,reaction_role_concat,6144,random_forest,True,valid,r2,0.43657721640786207,0,0.01,random,,
condition_recombine_pseudolabel__mult_1__sim_0.8__teacher_ridge__seed_0,condition_recombine_pseudolabel,1.0,0.8,ridge,0,31,17,1.5483870967741935,False,1.0,1.0,1.0,reaction_role_concat,6144,random_forest,True,valid,spearman,0.7400996658729424,0,0.01,random,,
condition_recombine_pseudolabel__mult_1__sim_0.8__teacher_ridge__seed_1,condition_recombine_pseudolabel,1.0,0.8,ridge,1,31,12,1.3870967741935485,False,1.0,1.0,1.0,reaction_role_concat,6144,random_forest,False,valid,rmse,21.73309745003602,0,0.01,random,,
condition_recombine_pseudolabel__mult_1__sim_0.8__teacher_ridge__seed_1,condition_recombine_pseudolabel,1.0,0.8,ridge,1,31,12,1.3870967741935485,False,1.0,1.0,1.0,reaction_role_concat,6144,random_forest,False,valid,mae,16.73091446375847,0,0.01,random,,
condition_recombine_pseudolabel__mult_1__sim_0.8__teacher_ridge__seed_1,condition_recombine_pseudolabel,1.0,0.8,ridge,1,31,12,1.3870967741935485,False,1.0,1.0,1.0,reaction_role_concat,6144,random_forest,False,valid,r2,0.40890790812305233,0,0.01,random,,
condition_recombine_pseudolabel__mult_1__sim_0.8__teacher_ridge__seed_1,condition_recombine_pseudolabel,1.0,0.8,ridge,1,31,12,1.3870967741935485,False,1.0,1.0,1.0,reaction_role_concat,6144,random_forest,False,valid,spearman,0.6934247353019395,0,0.01,random,,
condition_recombine_pseudolabel__mult_1__sim_0.8__teacher_ridge__seed_2,condition_recombine_pseudolabel,1.0,0.8,ridge,2,31,13,1.4193548387096775,False,1.0,1.0,1.0,reaction_role_concat,6144,random_forest,False,valid,rmse,21.822378485956904,0,0.01,random,,
condition_recombine_pseudolabel__mult_1__sim_0.8__teacher_ridge__seed_2,condition_recombine_pseudolabel,1.0,0.8,ridge,2,31,13,1.4193548387096775,False,1.0,1.0,1.0,reaction_role_concat,6144,random_forest,False,valid,mae,17.575664616587794,0,0.01,random,,
condition_recombine_pseudolabel__mult_1__sim_0.8__teacher_ridge__seed_2,condition_recombine_pseudolabel,1.0,0.8,ridge,2,31,13,1.4193548387096775,False,1.0,1.0,1.0,reaction_role_concat,6144,random_forest,False,valid,r2,0.40404144004750664,0,0.01,random,,
condition_recombine_pseudolabel__mult_1__sim_0.8__teacher_ridge__seed_2,condition_recombine_pseudolabel,1.0,0.8,ridge,2,31,13,1.4193548387096775,False,1.0,1.0,1.0,reaction_role_concat,6144,random_forest,False,valid,spearman,0.7215474985795411,0,0.01,random,,
condition_recombine_pseudolabel__mult_1__sim_0.8__teacher_ridge__seed_3,condition_recombine_pseudolabel,1.0,0.8,ridge,3,31,19,1.6129032258064515,False,1.0,1.0,1.0,reaction_role_concat,6144,random_forest,False,valid,rmse,22.498254734961655,0,0.01,random,,
condition_recombine_pseudolabel__mult_1__sim_0.8__teacher_ridge__seed_3,condition_recombine_pseudolabel,1.0,0.8,ridge,3,31,19,1.6129032258064515,False,1.0,1.0,1.0,reaction_role_concat,6144,random_forest,False,valid,mae,17.898244362713417,0,0.01,random,,
condition_recombine_pseudolabel__mult_1__sim_0.8__teacher_ridge__seed_3,condition_recombine_pseudolabel,1.0,0.8,ridge,3,31,19,1.6129032258064515,False,1.0,1.0,1.0,reaction_role_concat,6144,random_forest,False,valid,r2,0.3665540645746256,0,0.01,random,,
condition_recombine_pseudolabel__mult_1__sim_0.8__teacher_ridge__seed_3,condition_recombine_pseudolabel,1.0,0.8,ridge,3,31,19,1.6129032258064515,False,1.0,1.0,1.0,reaction_role_concat,6144,random_forest,False,valid,spearman,0.7014883559884016,0,0.01,random,,
condition_recombine_pseudolabel__mult_1__sim_0.8__teacher_ridge__seed_4,condition_recombine_pseudolabel,1.0,0.8,ridge,4,31,17,1.5483870967741935,False,1.0,1.0,1.0,reaction_role_concat,6144,random_forest,False,valid,rmse,21.93269551243008,0,0.01,random,,
condition_recombine_pseudolabel__mult_1__sim_0.8__teacher_ridge__seed_4,condition_recombine_pseudolabel,1.0,0.8,ridge,4,31,17,1.5483870967741935,False,1.0,1.0,1.0,reaction_role_concat,6144,random_forest,False,valid,mae,16.972436696906634,0,0.01,random,,
condition_recombine_pseudolabel__mult_1__sim_0.8__teacher_ridge__seed_4,condition_recombine_pseudolabel,1.0,0.8,ridge,4,31,17,1.5483870967741935,False,1.0,1.0,1.0,reaction_role_concat,6144,random_forest,False,valid,r2,0.39800080129911986,0,0.01,random,,
condition_recombine_pseudolabel__mult_1__sim_0.8__teacher_ridge__seed_4,condition_recombine_pseudolabel,1.0,0.8,ridge,4,31,17,1.5483870967741935,False,1.0,1.0,1.0,reaction_role_concat,6144,random_forest,False,valid,spearman,0.7066302677206974,0,0.01,random,,
condition_recombine_pseudolabel__mult_1__sim_0.8__teacher_rf__seed_0,condition_recombine_pseudolabel,1.0,0.8,random_forest,0,31,17,1.5483870967741935,False,1.0,1.0,1.0,reaction_role_concat,6144,random_forest,False,valid,rmse,21.500185642025762,0,0.01,random,,
condition_recombine_pseudolabel__mult_1__sim_0.8__teacher_rf__seed_0,condition_recombine_pseudolabel,1.0,0.8,random_forest,0,31,17,1.5483870967741935,False,1.0,1.0,1.0,reaction_role_concat,6144,random_forest,False,valid,mae,16.266619946084447,0,0.01,random,,
condition_recombine_pseudolabel__mult_1__sim_0.8__teacher_rf__seed_0,condition_recombine_pseudolabel,1.0,0.8,random_forest,0,31,17,1.5483870967741935,False,1.0,1.0,1.0,reaction_role_concat,6144,random_forest,False,valid,r2,0.42150938995588116,0,0.01,random,,
condition_recombine_pseudolabel__mult_1__sim_0.8__teacher_rf__seed_0,condition_recombine_pseudolabel,1.0,0.8,random_forest,0,31,17,1.5483870967741935,False,1.0,1.0,1.0,reaction_role_concat,6144,random_forest,False,valid,spearman,0.7110210454574779,0,0.01,random,,
condition_recombine_pseudolabel__mult_1__sim_0.8__teacher_rf__seed_1,condition_recombine_pseudolabel,1.0,0.8,random_forest,1,31,12,1.3870967741935485,False,1.0,1.0,1.0,reaction_role_concat,6144,random_forest,False,valid,rmse,21.91437307958103,0,0.01,random,,
condition_recombine_pseudolabel__mult_1__sim_0.8__teacher_rf__seed_1,condition_recombine_pseudolabel,1.0,0.8,random_forest,1,31,12,1.3870967741935485,False,1.0,1.0,1.0,reaction_role_concat,6144,random_forest,False,valid,mae,16.736418457770647,0,0.01,random,,
condition_recombine_pseudolabel__mult_1__sim_0.8__teacher_rf__seed_1,condition_recombine_pseudolabel,1.0,0.8,random_forest,1,31,12,1.3870967741935485,False,1.0,1.0,1.0,reaction_role_concat,6144,random_forest,False,valid,r2,0.3990061936964231,0,0.01,random,,
condition_recombine_pseudolabel__mult_1__sim_0.8__teacher_rf__seed_1,condition_recombine_pseudolabel,1.0,0.8,random_forest,1,31,12,1.3870967741935485,False,1.0,1.0,1.0,reaction_role_concat,6144,random_forest,False,valid,spearman,0.7266062500849719,0,0.01,random,,
condition_recombine_pseudolabel__mult_1__sim_0.8__teacher_rf__seed_2,condition_recombine_pseudolabel,1.0,0.8,random_forest,2,31,13,1.4193548387096775,False,1.0,1.0,1.0,reaction_role_concat,6144,random_forest,False,valid,rmse,21.2455769793193,0,0.01,random,,
condition_recombine_pseudolabel__mult_1__sim_0.8__teacher_rf__seed_2,condition_recombine_pseudolabel,1.0,0.8,random_forest,2,31,13,1.4193548387096775,False,1.0,1.0,1.0,reaction_role_concat,6144,random_forest,False,valid,mae,16.44034783805473,0,0.01,random,,
condition_recombine_pseudolabel__mult_1__sim_0.8__teacher_rf__seed_2,condition_recombine_pseudolabel,1.0,0.8,random_forest,2,31,13,1.4193548387096775,False,1.0,1.0,1.0,reaction_role_concat,6144,random_forest,False,valid,r2,0.4351294223284664,0,0.01,random,,
condition_recombine_pseudolabel__mult_1__sim_0.8__teacher_rf__seed_2,condition_recombine_pseudolabel,1.0,0.8,random_forest,2,31,13,1.4193548387096775,False,1.0,1.0,1.0,reaction_role_concat,6144,random_forest,False,valid,spearman,0.7293208374904944,0,0.01,random,,
condition_recombine_pseudolabel__mult_1__sim_0.8__teacher_rf__seed_3,condition_recombine_pseudolabel,1.0,0.8,random_forest,3,31,19,1.6129032258064515,False,1.0,1.0,1.0,reaction_role_concat,6144,random_forest,False,valid,rmse,21.28289595571085,0,0.01,random,,
condition_recombine_pseudolabel__mult_1__sim_0.8__teacher_rf__seed_3,condition_recombine_pseudolabel,1.0,0.8,random_forest,3,31,19,1.6129032258064515,False,1.0,1.0,1.0,reaction_role_concat,6144,random_forest,False,valid,mae,16.575055689525,0,0.01,random,,
condition_recombine_pseudolabel__mult_1__sim_0.8__teacher_rf__seed_3,condition_recombine_pseudolabel,1.0,0.8,random_forest,3,31,19,1.6129032258064515,False,1.0,1.0,1.0,reaction_role_concat,6144,random_forest,False,valid,r2,0.433143229514512,0,0.01,random,,
condition_recombine_pseudolabel__mult_1__sim_0.8__teacher_rf__seed_3,condition_recombine_pseudolabel,1.0,0.8,random_forest,3,31,19,1.6129032258064515,False,1.0,1.0,1.0,reaction_role_concat,6144,random_forest,False,valid,spearman,0.7398474226009576,0,0.01,random,,
condition_recombine_pseudolabel__mult_1__sim_0.8__teacher_rf__seed_4,condition_recombine_pseudolabel,1.0,0.8,random_forest,4,31,17,1.5483870967741935,False,1.0,1.0,1.0,reaction_role_concat,6144,random_forest,False,valid,rmse,21.658558767022846,0,0.01,random,,
condition_recombine_pseudolabel__mult_1__sim_0.8__teacher_rf__seed_4,condition_recombine_pseudolabel,1.0,0.8,random_forest,4,31,17,1.5483870967741935,False,1.0,1.0,1.0,reaction_role_concat,6144,random_forest,False,valid,mae,16.777805608287643,0,0.01,random,,
condition_recombine_pseudolabel__mult_1__sim_0.8__teacher_rf__seed_4,condition_recombine_pseudolabel,1.0,0.8,random_forest,4,31,17,1.5483870967741935,False,1.0,1.0,1.0,reaction_role_concat,6144,random_forest,False,valid,r2,0.4129555290861807,0,0.01,random,,
condition_recombine_pseudolabel__mult_1__sim_0.8__teacher_rf__seed_4,condition_recombine_pseudolabel,1.0,0.8,random_forest,4,31,17,1.5483870967741935,False,1.0,1.0,1.0,reaction_role_concat,6144,random_forest,False,valid,spearman,0.7003444646710909,0,0.01,random,,
condition_recombine_pseudolabel__mult_1__sim_0.9__teacher_ridge__seed_0,condition_recombine_pseudolabel,1.0,0.9,ridge,0,31,5,1.1612903225806452,False,1.0,1.0,1.0,reaction_role_concat,6144,random_forest,False,valid,rmse,21.723164410894526,0,0.01,random,,
condition_recombine_pseudolabel__mult_1__sim_0.9__teacher_ridge__seed_0,condition_recombine_pseudolabel,1.0,0.9,ridge,0,31,5,1.1612903225806452,False,1.0,1.0,1.0,reaction_role_concat,6144,random_forest,False,valid,mae,16.425645501489882,0,0.01,random,,
condition_recombine_pseudolabel__mult_1__sim_0.9__teacher_ridge__seed_0,condition_recombine_pseudolabel,1.0,0.9,ridge,0,31,5,1.1612903225806452,False,1.0,1.0,1.0,reaction_role_concat,6144,random_forest,False,valid,r2,0.40944809795655634,0,0.01,random,,
condition_recombine_pseudolabel__mult_1__sim_0.9__teacher_ridge__seed_0,condition_recombine_pseudolabel,1.0,0.9,ridge,0,31,5,1.1612903225806452,False,1.0,1.0,1.0,reaction_role_concat,6144,random_forest,False,valid,spearman,0.7304804065554928,0,0.01,random,,
condition_recombine_pseudolabel__mult_1__sim_0.9__teacher_ridge__seed_1,condition_recombine_pseudolabel,1.0,0.9,ridge,1,31,3,1.096774193548387,False,1.0,1.0,1.0,reaction_role_concat,6144,random_forest,False,valid,rmse,21.75503652877252,0,0.01,random,,
condition_recombine_pseudolabel__mult_1__sim_0.9__teacher_ridge__seed_1,condition_recombine_pseudolabel,1.0,0.9,ridge,1,31,3,1.096774193548387,False,1.0,1.0,1.0,reaction_role_concat,6144,random_forest,False,valid,mae,16.722967774877063,0,0.01,random,,
condition_recombine_pseudolabel__mult_1__sim_0.9__teacher_ridge__seed_1,condition_recombine_pseudolabel,1.0,0.9,ridge,1,31,3,1.096774193548387,False,1.0,1.0,1.0,reaction_role_concat,6144,random_forest,False,valid,r2,0.4077139171205323,0,0.01,random,,
condition_recombine_pseudolabel__mult_1__sim_0.9__teacher_ridge__seed_1,condition_recombine_pseudolabel,1.0,0.9,ridge,1,31,3,1.096774193548387,False,1.0,1.0,1.0,reaction_role_concat,6144,random_forest,False,valid,spearman,0.7268102909392153,0,0.01,random,,
condition_recombine_pseudolabel__mult_1__sim_0.9__teacher_ridge__seed_2,condition_recombine_pseudolabel,1.0,0.9,ridge,2,31,3,1.096774193548387,False,1.0,1.0,1.0,reaction_role_concat,6144,random_forest,False,valid,rmse,22.032708676682578,0,0.01,random,,
condition_recombine_pseudolabel__mult_1__sim_0.9__teacher_ridge__seed_2,condition_recombine_pseudolabel,1.0,0.9,ridge,2,31,3,1.096774193548387,False,1.0,1.0,1.0,reaction_role_concat,6144,random_forest,False,valid,mae,17.289547709806058,0,0.01,random,,
condition_recombine_pseudolabel__mult_1__sim_0.9__teacher_ridge__seed_2,condition_recombine_pseudolabel,1.0,0.9,ridge,2,31,3,1.096774193548387,False,1.0,1.0,1.0,reaction_role_concat,6144,random_forest,False,valid,r2,0.3924980468664825,0,0.01,random,,
condition_recombine_pseudolabel__mult_1__sim_0.9__teacher_ridge__seed_2,condition_recombine_pseudolabel,1.0,0.9,ridge,2,31,3,1.096774193548387,False,1.0,1.0,1.0,reaction_role_concat,6144,random_forest,False,valid,spearman,0.7116997307307594,0,0.01,random,,
condition_recombine_pseudolabel__mult_1__sim_0.9__teacher_ridge__seed_3,condition_recombine_pseudolabel,1.0,0.9,ridge,3,31,4,1.1290322580645162,False,1.0,1.0,1.0,reaction_role_concat,6144,random_forest,False,valid,rmse,21.798134554447426,0,0.01,random,,
condition_recombine_pseudolabel__mult_1__sim_0.9__teacher_ridge__seed_3,condition_recombine_pseudolabel,1.0,0.9,ridge,3,31,4,1.1290322580645162,False,1.0,1.0,1.0,reaction_role_concat,6144,random_forest,False,valid,mae,16.738587930326222,0,0.01,random,,
condition_recombine_pseudolabel__mult_1__sim_0.9__teacher_ridge__seed_3,condition_recombine_pseudolabel,1.0,0.9,ridge,3,31,4,1.1290322580645162,False,1.0,1.0,1.0,reaction_role_concat,6144,random_forest,False,valid,r2,0.40536488448203467,0,0.01,random,,
condition_recombine_pseudolabel__mult_1__sim_0.9__teacher_ridge__seed_3,condition_recombine_pseudolabel,1.0,0.9,ridge,3,31,4,1.1290322580645162,False,1.0,1.0,1.0,reaction_role_concat,6144,random_forest,False,valid,spearman,0.7397038270688888,0,0.01,random,,
condition_recombine_pseudolabel__mult_1__sim_0.9__teacher_ridge__seed_4,condition_recombine_pseudolabel,1.0,0.9,ridge,4,31,7,1.2258064516129032,False,1.0,1.0,1.0,reaction_role_concat,6144,random_forest,False,valid,rmse,21.937826941515336,0,0.01,random,,
condition_recombine_pseudolabel__mult_1__sim_0.9__teacher_ridge__seed_4,condition_recombine_pseudolabel,1.0,0.9,ridge,4,31,7,1.2258064516129032,False,1.0,1.0,1.0,reaction_role_concat,6144,random_forest,False,valid,mae,16.936528156005885,0,0.01,random,,
condition_recombine_pseudolabel__mult_1__sim_0.9__teacher_ridge__seed_4,condition_recombine_pseudolabel,1.0,0.9,ridge,4,31,7,1.2258064516129032,False,1.0,1.0,1.0,reaction_role_concat,6144,random_forest,False,valid,r2,0.3977190778270099,0,0.01,random,,
condition_recombine_pseudolabel__mult_1__sim_0.9__teacher_ridge__seed_4,condition_recombine_pseudolabel,1.0,0.9,ridge,4,31,7,1.2258064516129032,False,1.0,1.0,1.0,reaction_role_concat,6144,random_forest,False,valid,spearman,0.7110585984899171,0,0.01,random,,
condition_recombine_pseudolabel__mult_1__sim_0.9__teacher_rf__seed_0,condition_recombine_pseudolabel,1.0,0.9,random_forest,0,31,5,1.1612903225806452,False,1.0,1.0,1.0,reaction_role_concat,6144,random_forest,False,valid,rmse,21.584691862764505,0,0.01,random,,
condition_recombine_pseudolabel__mult_1__sim_0.9__teacher_rf__seed_0,condition_recombine_pseudolabel,1.0,0.9,random_forest,0,31,5,1.1612903225806452,False,1.0,1.0,1.0,reaction_role_concat,6144,random_forest,False,valid,mae,16.670259995276414,0,0.01,random,,
condition_recombine_pseudolabel__mult_1__sim_0.9__teacher_rf__seed_0,condition_recombine_pseudolabel,1.0,0.9,random_forest,0,31,5,1.1612903225806452,False,1.0,1.0,1.0,reaction_role_concat,6144,random_forest,False,valid,r2,0.4169529522554063,0,0.01,random,,
condition_recombine_pseudolabel__mult_1__sim_0.9__teacher_rf__seed_0,condition_recombine_pseudolabel,1.0,0.9,random_forest,0,31,5,1.1612903225806452,False,1.0,1.0,1.0,reaction_role_concat,6144,random_forest,False,valid,spearman,0.7228899422417908,0,0.01,random,,
condition_recombine_pseudolabel__mult_1__sim_0.9__teacher_rf__seed_1,condition_recombine_pseudolabel,1.0,0.9,random_forest,1,31,3,1.096774193548387,False,1.0,1.0,1.0,reaction_role_concat,6144,random_forest,False,valid,rmse,21.92511622382141,0,0.01,random,,
condition_recombine_pseudolabel__mult_1__sim_0.9__teacher_rf__seed_1,condition_recombine_pseudolabel,1.0,0.9,random_forest,1,31,3,1.096774193548387,False,1.0,1.0,1.0,reaction_role_concat,6144,random_forest,False,valid,mae,16.92873609443556,0,0.01,random,,
condition_recombine_pseudolabel__mult_1__sim_0.9__teacher_rf__seed_1,condition_recombine_pseudolabel,1.0,0.9,random_forest,1,31,3,1.096774193548387,False,1.0,1.0,1.0,reaction_role_concat,6144,random_forest,False,valid,r2,0.39841679552064857,0,0.01,random,,
condition_recombine_pseudolabel__mult_1__sim_0.9__teacher_rf__seed_1,condition_recombine_pseudolabel,1.0,0.9,random_forest,1,31,3,1.096774193548387,False,1.0,1.0,1.0,reaction_role_concat,6144,random_forest,False,valid,spearman,0.7210509093732259,0,0.01,random,,
condition_recombine_pseudolabel__mult_1__sim_0.9__teacher_rf__seed_2,condition_recombine_pseudolabel,1.0,0.9,random_forest,2,31,3,1.096774193548387,False,1.0,1.0,1.0,reaction_role_concat,6144,random_forest,False,valid,rmse,21.60525512777687,0,0.01,random,,
condition_recombine_pseudolabel__mult_1__sim_0.9__teacher_rf__seed_2,condition_recombine_pseudolabel,1.0,0.9,random_forest,2,31,3,1.096774193548387,False,1.0,1.0,1.0,reaction_role_concat,6144,random_forest,False,valid,mae,16.588336013428773,0,0.01,random,,
condition_recombine_pseudolabel__mult_1__sim_0.9__teacher_rf__seed_2,condition_recombine_pseudolabel,1.0,0.9,random_forest,2,31,3,1.096774193548387,False,1.0,1.0,1.0,reaction_role_concat,6144,random_forest,False,valid,r2,0.4158415106809559,0,0.01,random,,
condition_recombine_pseudolabel__mult_1__sim_0.9__teacher_rf__seed_2,condition_recombine_pseudolabel,1.0,0.9,random_forest,2,31,3,1.096774193548387,False,1.0,1.0,1.0,reaction_role_concat,6144,random_forest,False,valid,spearman,0.7265119888442162,0,0.01,random,,
condition_recombine_pseudolabel__mult_1__sim_0.9__teacher_rf__seed_3,condition_recombine_pseudolabel,1.0,0.9,random_forest,3,31,4,1.1290322580645162,False,1.0,1.0,1.0,reaction_role_concat,6144,random_forest,False,valid,rmse,21.691602081618928,0,0.01,random,,
condition_recombine_pseudolabel__mult_1__sim_0.9__teacher_rf__seed_3,condition_recombine_pseudolabel,1.0,0.9,random_forest,3,31,4,1.1290322580645162,False,1.0,1.0,1.0,reaction_role_concat,6144,random_forest,False,valid,mae,16.795121664370164,0,0.01,random,,
condition_recombine_pseudolabel__mult_1__sim_0.9__teacher_rf__seed_3,condition_recombine_pseudolabel,1.0,0.9,random_forest,3,31,4,1.1290322580645162,False,1.0,1.0,1.0,reaction_role_concat,6144,random_forest,False,valid,r2,0.41116291744354083,0,0.01,random,,
condition_recombine_pseudolabel__mult_1__sim_0.9__teacher_rf__seed_3,condition_recombine_pseudolabel,1.0,0.9,random_forest,3,31,4,1.1290322580645162,False,1.0,1.0,1.0,reaction_role_concat,6144,random_forest,False,valid,spearman,0.7245121509295477,0,0.01,random,,
condition_recombine_pseudolabel__mult_1__sim_0.9__teacher_rf__seed_4,condition_recombine_pseudolabel,1.0,0.9,random_forest,4,31,7,1.2258064516129032,False,1.0,1.0,1.0,reaction_role_concat,6144,random_forest,False,valid,rmse,21.85432501751361,0,0.01,random,,
condition_recombine_pseudolabel__mult_1__sim_0.9__teacher_rf__seed_4,condition_recombine_pseudolabel,1.0,0.9,random_forest,4,31,7,1.2258064516129032,False,1.0,1.0,1.0,reaction_role_concat,6144,random_forest,False,valid,mae,16.703244153025786,0,0.01,random,,
condition_recombine_pseudolabel__mult_1__sim_0.9__teacher_rf__seed_4,condition_recombine_pseudolabel,1.0,0.9,random_forest,4,31,7,1.2258064516129032,False,1.0,1.0,1.0,reaction_role_concat,6144,random_forest,False,valid,r2,0.40229527431782863,0,0.01,random,,
condition_recombine_pseudolabel__mult_1__sim_0.9__teacher_rf__seed_4,condition_recombine_pseudolabel,1.0,0.9,random_forest,4,31,7,1.2258064516129032,False,1.0,1.0,1.0,reaction_role_concat,6144,random_forest,False,valid,spearman,0.7115306837122141,0,0.01,random,,
condition_recombine_pseudolabel__mult_0.25__sim_0.7__teacher_ridge__seed_0,condition_recombine_pseudolabel,0.25,0.7,ridge,0,158,39,1.2468354430379747,False,1.0,1.0,1.0,reaction_role_concat,6144,random_forest,False,valid,rmse,16.290571600959705,1,0.05,random,,
condition_recombine_pseudolabel__mult_0.25__sim_0.7__teacher_ridge__seed_0,condition_recombine_pseudolabel,0.25,0.7,ridge,0,158,39,1.2468354430379747,False,1.0,1.0,1.0,reaction_role_concat,6144,random_forest,False,valid,mae,12.685446927746643,1,0.05,random,,
condition_recombine_pseudolabel__mult_0.25__sim_0.7__teacher_ridge__seed_0,condition_recombine_pseudolabel,0.25,0.7,ridge,0,158,39,1.2468354430379747,False,1.0,1.0,1.0,reaction_role_concat,6144,random_forest,False,valid,r2,0.6678880211091448,1,0.05,random,,
condition_recombine_pseudolabel__mult_0.25__sim_0.7__teacher_ridge__seed_0,condition_recombine_pseudolabel,0.25,0.7,ridge,0,158,39,1.2468354430379747,False,1.0,1.0,1.0,reaction_role_concat,6144,random_forest,False,valid,spearman,0.846501582083125,1,0.05,random,,
condition_recombine_pseudolabel__mult_0.25__sim_0.7__teacher_ridge__seed_1,condition_recombine_pseudolabel,0.25,0.7,ridge,1,158,39,1.2468354430379747,False,1.0,1.0,1.0,reaction_role_concat,6144,random_forest,False,valid,rmse,15.559107136750168,1,0.05,random,,
condition_recombine_pseudolabel__mult_0.25__sim_0.7__teacher_ridge__seed_1,condition_recombine_pseudolabel,0.25,0.7,ridge,1,158,39,1.2468354430379747,False,1.0,1.0,1.0,reaction_role_concat,6144,random_forest,False,valid,mae,12.180074234346801,1,0.05,random,,
condition_recombine_pseudolabel__mult_0.25__sim_0.7__teacher_ridge__seed_1,condition_recombine_pseudolabel,0.25,0.7,ridge,1,158,39,1.2468354430379747,False,1.0,1.0,1.0,reaction_role_concat,6144,random_forest,False,valid,r2,0.697042828898008,1,0.05,random,,
condition_recombine_pseudolabel__mult_0.25__sim_0.7__teacher_ridge__seed_1,condition_recombine_pseudolabel,0.25,0.7,ridge,1,158,39,1.2468354430379747,False,1.0,1.0,1.0,reaction_role_concat,6144,random_forest,False,valid,spearman,0.8655538432389199,1,0.05,random,,
condition_recombine_pseudolabel__mult_0.25__sim_0.7__teacher_ridge__seed_2,condition_recombine_pseudolabel,0.25,0.7,ridge,2,158,39,1.2468354430379747,False,1.0,1.0,1.0,reaction_role_concat,6144,random_forest,False,valid,rmse,16.28378154144092,1,0.05,random,,
condition_recombine_pseudolabel__mult_0.25__sim_0.7__teacher_ridge__seed_2,condition_recombine_pseudolabel,0.25,0.7,ridge,2,158,39,1.2468354430379747,False,1.0,1.0,1.0,reaction_role_concat,6144,random_forest,False,valid,mae,12.460865832434425,1,0.05,random,,
condition_recombine_pseudolabel__mult_0.25__sim_0.7__teacher_ridge__seed_2,condition_recombine_pseudolabel,0.25,0.7,ridge,2,158,39,1.2468354430379747,False,1.0,1.0,1.0,reaction_role_concat,6144,random_forest,False,valid,r2,0.6681648180434624,1,0.05,random,,
condition_recombine_pseudolabel__mult_0.25__sim_0.7__teacher_ridge__seed_2,condition_recombine_pseudolabel,0.25,0.7,ridge,2,158,39,1.2468354430379747,False,1.0,1.0,1.0,reaction_role_concat,6144,random_forest,False,valid,spearman,0.840880866093809,1,0.05,random,,
condition_recombine_pseudolabel__mult_0.25__sim_0.7__teacher_ridge__seed_3,condition_recombine_pseudolabel,0.25,0.7,ridge,3,158,39,1.2468354430379747,False,1.0,1.0,1.0,reaction_role_concat,6144,random_forest,False,valid,rmse,16.29069543840683,1,0.05,random,,
condition_recombine_pseudolabel__mult_0.25__sim_0.7__teacher_ridge__seed_3,condition_recombine_pseudolabel,0.25,0.7,ridge,3,158,39,1.2468354430379747,False,1.0,1.0,1.0,reaction_role_concat,6144,random_forest,False,valid,mae,12.463922004082537,1,0.05,random,,
condition_recombine_pseudolabel__mult_0.25__sim_0.7__teacher_ridge__seed_3,condition_recombine_pseudolabel,0.25,0.7,ridge,3,158,39,1.2468354430379747,False,1.0,1.0,1.0,reaction_role_concat,6144,random_forest,False,valid,r2,0.667882971801244,1,0.05,random,,
condition_recombine_pseudolabel__mult_0.25__sim_0.7__teacher_ridge__seed_3,condition_recombine_pseudolabel,0.25,0.7,ridge,3,158,39,1.2468354430379747,False,1.0,1.0,1.0,reaction_role_concat,6144,random_forest,False,valid,spearman,0.8466606966155577,1,0.05,random,,
condition_recombine_pseudolabel__mult_0.25__sim_0.7__teacher_ridge__seed_4,condition_recombine_pseudolabel,0.25,0.7,ridge,4,158,39,1.2468354430379747,False,1.0,1.0,1.0,reaction_role_concat,6144,random_forest,False,valid,rmse,15.640462028187525,1,0.05,random,,
condition_recombine_pseudolabel__mult_0.25__sim_0.7__teacher_ridge__seed_4,condition_recombine_pseudolabel,0.25,0.7,ridge,4,158,39,1.2468354430379747,False,1.0,1.0,1.0,reaction_role_concat,6144,random_forest,False,valid,mae,12.287582954196989,1,0.05,random,,
condition_recombine_pseudolabel__mult_0.25__sim_0.7__teacher_ridge__seed_4,condition_recombine_pseudolabel,0.25,0.7,ridge,4,158,39,1.2468354430379747,False,1.0,1.0,1.0,reaction_role_concat,6144,random_forest,False,valid,r2,0.6938663632641117,1,0.05,random,,
condition_recombine_pseudolabel__mult_0.25__sim_0.7__teacher_ridge__seed_4,condition_recombine_pseudolabel,0.25,0.7,ridge,4,158,39,1.2468354430379747,False,1.0,1.0,1.0,reaction_role_concat,6144,random_forest,False,valid,spearman,0.8580712729900497,1,0.05,random,,
condition_recombine_pseudolabel__mult_0.25__sim_0.7__teacher_rf__seed_0,condition_recombine_pseudolabel,0.25,0.7,random_forest,0,158,39,1.2468354430379747,False,1.0,1.0,1.0,reaction_role_concat,6144,random_forest,False,valid,rmse,16.116449515810196,1,0.05,random,,
condition_recombine_pseudolabel__mult_0.25__sim_0.7__teacher_rf__seed_0,condition_recombine_pseudolabel,0.25,0.7,random_forest,0,158,39,1.2468354430379747,False,1.0,1.0,1.0,reaction_role_concat,6144,random_forest,False,valid,mae,12.075717064751855,1,0.05,random,,
condition_recombine_pseudolabel__mult_0.25__sim_0.7__teacher_rf__seed_0,condition_recombine_pseudolabel,0.25,0.7,random_forest,0,158,39,1.2468354430379747,False,1.0,1.0,1.0,reaction_role_concat,6144,random_forest,False,valid,r2,0.6749496495988647,1,0.05,random,,
condition_recombine_pseudolabel__mult_0.25__sim_0.7__teacher_rf__seed_0,condition_recombine_pseudolabel,0.25,0.7,random_forest,0,158,39,1.2468354430379747,False,1.0,1.0,1.0,reaction_role_concat,6144,random_forest,False,valid,spearman,0.8408870982419582,1,0.05,random,,
condition_recombine_pseudolabel__mult_0.25__sim_0.7__teacher_rf__seed_1,condition_recombine_pseudolabel,0.25,0.7,random_forest,1,158,39,1.2468354430379747,False,1.0,1.0,1.0,reaction_role_concat,6144,random_forest,False,valid,rmse,16.34493181222365,1,0.05,random,,
condition_recombine_pseudolabel__mult_0.25__sim_0.7__teacher_rf__seed_1,condition_recombine_pseudolabel,0.25,0.7,random_forest,1,158,39,1.2468354430379747,False,1.0,1.0,1.0,reaction_role_concat,6144,random_forest,False,valid,mae,12.186035619862473,1,0.05,random,,
condition_recombine_pseudolabel__mult_0.25__sim_0.7__teacher_rf__seed_1,condition_recombine_pseudolabel,0.25,0.7,random_forest,1,158,39,1.2468354430379747,False,1.0,1.0,1.0,reaction_role_concat,6144,random_forest,False,valid,r2,0.6656678658501235,1,0.05,random,,
condition_recombine_pseudolabel__mult_0.25__sim_0.7__teacher_rf__seed_1,condition_recombine_pseudolabel,0.25,0.7,random_forest,1,158,39,1.2468354430379747,False,1.0,1.0,1.0,reaction_role_concat,6144,random_forest,False,valid,spearman,0.8361359616740761,1,0.05,random,,
condition_recombine_pseudolabel__mult_0.25__sim_0.7__teacher_rf__seed_2,condition_recombine_pseudolabel,0.25,0.7,random_forest,2,158,39,1.2468354430379747,False,1.0,1.0,1.0,reaction_role_concat,6144,random_forest,False,valid,rmse,16.467245174660196,1,0.05,random,,
condition_recombine_pseudolabel__mult_0.25__sim_0.7__teacher_rf__seed_2,condition_recombine_pseudolabel,0.25,0.7,random_forest,2,158,39,1.2468354430379747,False,1.0,1.0,1.0,reaction_role_concat,6144,random_forest,False,valid,mae,12.369412193556375,1,0.05,random,,
condition_recombine_pseudolabel__mult_0.25__sim_0.7__teacher_rf__seed_2,condition_recombine_pseudolabel,0.25,0.7,random_forest,2,158,39,1.2468354430379747,False,1.0,1.0,1.0,reaction_role_concat,6144,random_forest,False,valid,r2,0.6606453554467387,1,0.05,random,,
condition_recombine_pseudolabel__mult_0.25__sim_0.7__teacher_rf__seed_2,condition_recombine_pseudolabel,0.25,0.7,random_forest,2,158,39,1.2468354430379747,False,1.0,1.0,1.0,reaction_role_concat,6144,random_forest,False,valid,spearman,0.8322103899813249,1,0.05,random,,
condition_recombine_pseudolabel__mult_0.25__sim_0.7__teacher_rf__seed_3,condition_recombine_pseudolabel,0.25,0.7,random_forest,3,158,39,1.2468354430379747,False,1.0,1.0,1.0,reaction_role_concat,6144,random_forest,False,valid,rmse,16.486599618112777,1,0.05,random,,
condition_recombine_pseudolabel__mult_0.25__sim_0.7__teacher_rf__seed_3,condition_recombine_pseudolabel,0.25,0.7,random_forest,3,158,39,1.2468354430379747,False,1.0,1.0,1.0,reaction_role_concat,6144,random_forest,False,valid,mae,12.469401665183563,1,0.05,random,,
condition_recombine_pseudolabel__mult_0.25__sim_0.7__teacher_rf__seed_3,condition_recombine_pseudolabel,0.25,0.7,random_forest,3,158,39,1.2468354430379747,False,1.0,1.0,1.0,reaction_role_concat,6144,random_forest,False,valid,r2,0.6598471794308298,1,0.05,random,,
condition_recombine_pseudolabel__mult_0.25__sim_0.7__teacher_rf__seed_3,condition_recombine_pseudolabel,0.25,0.7,random_forest,3,158,39,1.2468354430379747,False,1.0,1.0,1.0,reaction_role_concat,6144,random_forest,False,valid,spearman,0.8320545862775964,1,0.05,random,,
condition_recombine_pseudolabel__mult_0.25__sim_0.7__teacher_rf__seed_4,condition_recombine_pseudolabel,0.25,0.7,random_forest,4,158,39,1.2468354430379747,False,1.0,1.0,1.0,reaction_role_concat,6144,random_forest,False,valid,rmse,16.362721949280388,1,0.05,random,,
condition_recombine_pseudolabel__mult_0.25__sim_0.7__teacher_rf__seed_4,condition_recombine_pseudolabel,0.25,0.7,random_forest,4,158,39,1.2468354430379747,False,1.0,1.0,1.0,reaction_role_concat,6144,random_forest,False,valid,mae,12.272966294353521,1,0.05,random,,
condition_recombine_pseudolabel__mult_0.25__sim_0.7__teacher_rf__seed_4,condition_recombine_pseudolabel,0.25,0.7,random_forest,4,158,39,1.2468354430379747,False,1.0,1.0,1.0,reaction_role_concat,6144,random_forest,False,valid,r2,0.6649396827760048,1,0.05,random,,
condition_recombine_pseudolabel__mult_0.25__sim_0.7__teacher_rf__seed_4,condition_recombine_pseudolabel,0.25,0.7,random_forest,4,158,39,1.2468354430379747,False,1.0,1.0,1.0,reaction_role_concat,6144,random_forest,False,valid,spearman,0.8390479328967595,1,0.05,random,,
condition_recombine_pseudolabel__mult_0.25__sim_0.8__teacher_ridge__seed_0,condition_recombine_pseudolabel,0.25,0.8,ridge,0,158,35,1.2215189873417722,False,1.0,1.0,1.0,reaction_role_concat,6144,random_forest,False,valid,rmse,15.931248632413304,1,0.05,random,,
condition_recombine_pseudolabel__mult_0.25__sim_0.8__teacher_ridge__seed_0,condition_recombine_pseudolabel,0.25,0.8,ridge,0,158,35,1.2215189873417722,False,1.0,1.0,1.0,reaction_role_concat,6144,random_forest,False,valid,mae,12.402468198685705,1,0.05,random,,
condition_recombine_pseudolabel__mult_0.25__sim_0.8__teacher_ridge__seed_0,condition_recombine_pseudolabel,0.25,0.8,ridge,0,158,35,1.2215189873417722,False,1.0,1.0,1.0,reaction_role_concat,6144,random_forest,False,valid,r2,0.6823773057316893,1,0.05,random,,
condition_recombine_pseudolabel__mult_0.25__sim_0.8__teacher_ridge__seed_0,condition_recombine_pseudolabel,0.25,0.8,ridge,0,158,35,1.2215189873417722,False,1.0,1.0,1.0,reaction_role_concat,6144,random_forest,False,valid,spearman,0.8492797568752316,1,0.05,random,,
condition_recombine_pseudolabel__mult_0.25__sim_0.8__teacher_ridge__seed_1,condition_recombine_pseudolabel,0.25,0.8,ridge,1,158,34,1.2151898734177216,False,1.0,1.0,1.0,reaction_role_concat,6144,random_forest,True,valid,rmse,15.533308777626095,1,0.05,random,,
condition_recombine_pseudolabel__mult_0.25__sim_0.8__teacher_ridge__seed_1,condition_recombine_pseudolabel,0.25,0.8,ridge,1,158,34,1.2151898734177216,False,1.0,1.0,1.0,reaction_role_concat,6144,random_forest,True,valid,mae,12.131605259213266,1,0.05,random,,
condition_recombine_pseudolabel__mult_0.25__sim_0.8__teacher_ridge__seed_1,condition_recombine_pseudolabel,0.25,0.8,ridge,1,158,34,1.2151898734177216,False,1.0,1.0,1.0,reaction_role_concat,6144,random_forest,True,valid,r2,0.6980466549135693,1,0.05,random,,
condition_recombine_pseudolabel__mult_0.25__sim_0.8__teacher_ridge__seed_1,condition_recombine_pseudolabel,0.25,0.8,ridge,1,158,34,1.2151898734177216,False,1.0,1.0,1.0,reaction_role_concat,6144,random_forest,True,valid,spearman,0.8653204298152719,1,0.05,random,,
condition_recombine_pseudolabel__mult_0.25__sim_0.8__teacher_ridge__seed_2,condition_recombine_pseudolabel,0.25,0.8,ridge,2,158,36,1.2278481012658229,False,1.0,1.0,1.0,reaction_role_concat,6144,random_forest,False,valid,rmse,16.387952989639547,1,0.05,random,,
condition_recombine_pseudolabel__mult_0.25__sim_0.8__teacher_ridge__seed_2,condition_recombine_pseudolabel,0.25,0.8,ridge,2,158,36,1.2278481012658229,False,1.0,1.0,1.0,reaction_role_concat,6144,random_forest,False,valid,mae,12.312832019135923,1,0.05,random,,
condition_recombine_pseudolabel__mult_0.25__sim_0.8__teacher_ridge__seed_2,condition_recombine_pseudolabel,0.25,0.8,ridge,2,158,36,1.2278481012658229,False,1.0,1.0,1.0,reaction_role_concat,6144,random_forest,False,valid,r2,0.6639055714204558,1,0.05,random,,
condition_recombine_pseudolabel__mult_0.25__sim_0.8__teacher_ridge__seed_2,condition_recombine_pseudolabel,0.25,0.8,ridge,2,158,36,1.2278481012658229,False,1.0,1.0,1.0,reaction_role_concat,6144,random_forest,False,valid,spearman,0.8415741925754003,1,0.05,random,,
condition_recombine_pseudolabel__mult_0.25__sim_0.8__teacher_ridge__seed_3,condition_recombine_pseudolabel,0.25,0.8,ridge,3,158,36,1.2278481012658229,False,1.0,1.0,1.0,reaction_role_concat,6144,random_forest,False,valid,rmse,16.291762359535056,1,0.05,random,,
condition_recombine_pseudolabel__mult_0.25__sim_0.8__teacher_ridge__seed_3,condition_recombine_pseudolabel,0.25,0.8,ridge,3,158,36,1.2278481012658229,False,1.0,1.0,1.0,reaction_role_concat,6144,random_forest,False,valid,mae,12.520328461545931,1,0.05,random,,
condition_recombine_pseudolabel__mult_0.25__sim_0.8__teacher_ridge__seed_3,condition_recombine_pseudolabel,0.25,0.8,ridge,3,158,36,1.2278481012658229,False,1.0,1.0,1.0,reaction_role_concat,6144,random_forest,False,valid,r2,0.6678394679153364,1,0.05,random,,
condition_recombine_pseudolabel__mult_0.25__sim_0.8__teacher_ridge__seed_3,condition_recombine_pseudolabel,0.25,0.8,ridge,3,158,36,1.2278481012658229,False,1.0,1.0,1.0,reaction_role_concat,6144,random_forest,False,valid,spearman,0.8453255562519203,1,0.05,random,,
condition_recombine_pseudolabel__mult_0.25__sim_0.8__teacher_ridge__seed_4,condition_recombine_pseudolabel,0.25,0.8,ridge,4,158,35,1.2215189873417722,False,1.0,1.0,1.0,reaction_role_concat,6144,random_forest,False,valid,rmse,16.597670464728232,1,0.05,random,,
condition_recombine_pseudolabel__mult_0.25__sim_0.8__teacher_ridge__seed_4,condition_recombine_pseudolabel,0.25,0.8,ridge,4,158,35,1.2215189873417722,False,1.0,1.0,1.0,reaction_role_concat,6144,random_forest,False,valid,mae,12.834529635915272,1,0.05,random,,
condition_recombine_pseudolabel__mult_0.25__sim_0.8__teacher_ridge__seed_4,condition_recombine_pseudolabel,0.25,0.8,ridge,4,158,35,1.2215189873417722,False,1.0,1.0,1.0,reaction_role_concat,6144,random_forest,False,valid,r2,0.6552484957895701,1,0.05,random,,
condition_recombine_pseudolabel__mult_0.25__sim_0.8__teacher_ridge__seed_4,condition_recombine_pseudolabel,0.25,0.8,ridge,4,158,35,1.2215189873417722,False,1.0,1.0,1.0,reaction_role_concat,6144,random_forest,False,valid,spearman,0.8359178364888563,1,0.05,random,,
condition_recombine_pseudolabel__mult_0.25__sim_0.8__teacher_rf__seed_0,condition_recombine_pseudolabel,0.25,0.8,random_forest,0,158,35,1.2215189873417722,False,1.0,1.0,1.0,reaction_role_concat,6144,random_forest,False,valid,rmse,16.073624245302483,1,0.05,random,,
condition_recombine_pseudolabel__mult_0.25__sim_0.8__teacher_rf__seed_0,condition_recombine_pseudolabel,0.25,0.8,random_forest,0,158,35,1.2215189873417722,False,1.0,1.0,1.0,reaction_role_concat,6144,random_forest,False,valid,mae,11.96968754624566,1,0.05,random,,
condition_recombine_pseudolabel__mult_0.25__sim_0.8__teacher_rf__seed_0,condition_recombine_pseudolabel,0.25,0.8,random_forest,0,158,35,1.2215189873417722,False,1.0,1.0,1.0,reaction_role_concat,6144,random_forest,False,valid,r2,0.6766748278760845,1,0.05,random,,
condition_recombine_pseudolabel__mult_0.25__sim_0.8__teacher_rf__seed_0,condition_recombine_pseudolabel,0.25,0.8,random_forest,0,158,35,1.2215189873417722,False,1.0,1.0,1.0,reaction_role_concat,6144,random_forest,False,valid,spearman,0.8415188822605767,1,0.05,random,,
condition_recombine_pseudolabel__mult_0.25__sim_0.8__teacher_rf__seed_1,condition_recombine_pseudolabel,0.25,0.8,random_forest,1,158,34,1.2151898734177216,False,1.0,1.0,1.0,reaction_role_concat,6144,random_forest,False,valid,rmse,16.396843802024538,1,0.05,random,,
condition_recombine_pseudolabel__mult_0.25__sim_0.8__teacher_rf__seed_1,condition_recombine_pseudolabel,0.25,0.8,random_forest,1,158,34,1.2151898734177216,False,1.0,1.0,1.0,reaction_role_concat,6144,random_forest,False,valid,mae,12.355151913733422,1,0.05,random,,
condition_recombine_pseudolabel__mult_0.25__sim_0.8__teacher_rf__seed_1,condition_recombine_pseudolabel,0.25,0.8,random_forest,1,158,34,1.2151898734177216,False,1.0,1.0,1.0,reaction_role_concat,6144,random_forest,False,valid,r2,0.663540795773599,1,0.05,random,,
condition_recombine_pseudolabel__mult_0.25__sim_0.8__teacher_rf__seed_1,condition_recombine_pseudolabel,0.25,0.8,random_forest,1,158,34,1.2151898734177216,False,1.0,1.0,1.0,reaction_role_concat,6144,random_forest,False,valid,spearman,0.8356713745050212,1,0.05,random,,
condition_recombine_pseudolabel__mult_0.25__sim_0.8__teacher_rf__seed_2,condition_recombine_pseudolabel,0.25,0.8,random_forest,2,158,36,1.2278481012658229,False,1.0,1.0,1.0,reaction_role_concat,6144,random_forest,False,valid,rmse,16.670592776504684,1,0.05,random,,
condition_recombine_pseudolabel__mult_0.25__sim_0.8__teacher_rf__seed_2,condition_recombine_pseudolabel,0.25,0.8,random_forest,2,158,36,1.2278481012658229,False,1.0,1.0,1.0,reaction_role_concat,6144,random_forest,False,valid,mae,12.380616136633895,1,0.05,random,,
condition_recombine_pseudolabel__mult_0.25__sim_0.8__teacher_rf__seed_2,condition_recombine_pseudolabel,0.25,0.8,random_forest,2,158,36,1.2278481012658229,False,1.0,1.0,1.0,reaction_role_concat,6144,random_forest,False,valid,r2,0.6522124910043646,1,0.05,random,,
condition_recombine_pseudolabel__mult_0.25__sim_0.8__teacher_rf__seed_2,condition_recombine_pseudolabel,0.25,0.8,random_forest,2,158,36,1.2278481012658229,False,1.0,1.0,1.0,reaction_role_concat,6144,random_forest,False,valid,spearman,0.8300160895689404,1,0.05,random,,
condition_recombine_pseudolabel__mult_0.25__sim_0.8__teacher_rf__seed_3,condition_recombine_pseudolabel,0.25,0.8,random_forest,3,158,36,1.2278481012658229,False,1.0,1.0,1.0,reaction_role_concat,6144,random_forest,False,valid,rmse,16.25201401607413,1,0.05,random,,
condition_recombine_pseudolabel__mult_0.25__sim_0.8__teacher_rf__seed_3,condition_recombine_pseudolabel,0.25,0.8,random_forest,3,158,36,1.2278481012658229,False,1.0,1.0,1.0,reaction_role_concat,6144,random_forest,False,valid,mae,12.291232075830049,1,0.05,random,,
condition_recombine_pseudolabel__mult_0.25__sim_0.8__teacher_rf__seed_3,condition_recombine_pseudolabel,0.25,0.8,random_forest,3,158,36,1.2278481012658229,False,1.0,1.0,1.0,reaction_role_concat,6144,random_forest,False,valid,r2,0.6694582890851903,1,0.05,random,,
condition_recombine_pseudolabel__mult_0.25__sim_0.8__teacher_rf__seed_3,condition_recombine_pseudolabel,0.25,0.8,random_forest,3,158,36,1.2278481012658229,False,1.0,1.0,1.0,reaction_role_concat,6144,random_forest,False,valid,spearman,0.8388251336004279,1,0.05,random,,
condition_recombine_pseudolabel__mult_0.25__sim_0.8__teacher_rf__seed_4,condition_recombine_pseudolabel,0.25,0.8,random_forest,4,158,35,1.2215189873417722,False,1.0,1.0,1.0,reaction_role_concat,6144,random_forest,False,valid,rmse,16.474886353589667,1,0.05,random,,
condition_recombine_pseudolabel__mult_0.25__sim_0.8__teacher_rf__seed_4,condition_recombine_pseudolabel,0.25,0.8,random_forest,4,158,35,1.2215189873417722,False,1.0,1.0,1.0,reaction_role_concat,6144,random_forest,False,valid,mae,12.243800802099553,1,0.05,random,,
condition_recombine_pseudolabel__mult_0.25__sim_0.8__teacher_rf__seed_4,condition_recombine_pseudolabel,0.25,0.8,random_forest,4,158,35,1.2215189873417722,False,1.0,1.0,1.0,reaction_role_concat,6144,random_forest,False,valid,r2,0.6603303457224159,1,0.05,random,,
condition_recombine_pseudolabel__mult_0.25__sim_0.8__teacher_rf__seed_4,condition_recombine_pseudolabel,0.25,0.8,random_forest,4,158,35,1.2215189873417722,False,1.0,1.0,1.0,reaction_role_concat,6144,random_forest,False,valid,spearman,0.8383869356836917,1,0.05,random,,
condition_recombine_pseudolabel__mult_0.25__sim_0.9__teacher_ridge__seed_0,condition_recombine_pseudolabel,0.25,0.9,ridge,0,158,11,1.0696202531645569,False,1.0,1.0,1.0,reaction_role_concat,6144,random_forest,False,valid,rmse,15.936711968020944,1,0.05,random,,
condition_recombine_pseudolabel__mult_0.25__sim_0.9__teacher_ridge__seed_0,condition_recombine_pseudolabel,0.25,0.9,ridge,0,158,11,1.0696202531645569,False,1.0,1.0,1.0,reaction_role_concat,6144,random_forest,False,valid,mae,12.137987983902798,1,0.05,random,,
condition_recombine_pseudolabel__mult_0.25__sim_0.9__teacher_ridge__seed_0,condition_recombine_pseudolabel,0.25,0.9,ridge,0,158,11,1.0696202531645569,False,1.0,1.0,1.0,reaction_role_concat,6144,random_forest,False,valid,r2,0.6821594223809382,1,0.05,random,,
condition_recombine_pseudolabel__mult_0.25__sim_0.9__teacher_ridge__seed_0,condition_recombine_pseudolabel,0.25,0.9,ridge,0,158,11,1.0696202531645569,False,1.0,1.0,1.0,reaction_role_concat,6144,random_forest,False,valid,spearman,0.8488457461830332,1,0.05,random,,
condition_recombine_pseudolabel__mult_0.25__sim_0.9__teacher_ridge__seed_1,condition_recombine_pseudolabel,0.25,0.9,ridge,1,158,14,1.0886075949367089,False,1.0,1.0,1.0,reaction_role_concat,6144,random_forest,False,valid,rmse,15.928524396443331,1,0.05,random,,
condition_recombine_pseudolabel__mult_0.25__sim_0.9__teacher_ridge__seed_1,condition_recombine_pseudolabel,0.25,0.9,ridge,1,158,14,1.0886075949367089,False,1.0,1.0,1.0,reaction_role_concat,6144,random_forest,False,valid,mae,12.165072009288814,1,0.05,random,,
condition_recombine_pseudolabel__mult_0.25__sim_0.9__teacher_ridge__seed_1,condition_recombine_pseudolabel,0.25,0.9,ridge,1,158,14,1.0886075949367089,False,1.0,1.0,1.0,reaction_role_concat,6144,random_forest,False,valid,r2,0.682485923104678,1,0.05,random,,
condition_recombine_pseudolabel__mult_0.25__sim_0.9__teacher_ridge__seed_1,condition_recombine_pseudolabel,0.25,0.9,ridge,1,158,14,1.0886075949367089,False,1.0,1.0,1.0,reaction_role_concat,6144,random_forest,False,valid,spearman,0.8465151175298865,1,0.05,random,,
condition_recombine_pseudolabel__mult_0.25__sim_0.9__teacher_ridge__seed_2,condition_recombine_pseudolabel,0.25,0.9,ridge,2,158,12,1.0759493670886076,False,1.0,1.0,1.0,reaction_role_concat,6144,random_forest,False,valid,rmse,15.865714783178257,1,0.05,random,,
condition_recombine_pseudolabel__mult_0.25__sim_0.9__teacher_ridge__seed_2,condition_recombine_pseudolabel,0.25,0.9,ridge,2,158,12,1.0759493670886076,False,1.0,1.0,1.0,reaction_role_concat,6144,random_forest,False,valid,mae,12.09884466090685,1,0.05,random,,
condition_recombine_pseudolabel__mult_0.25__sim_0.9__teacher_ridge__seed_2,condition_recombine_pseudolabel,0.25,0.9,ridge,2,158,12,1.0759493670886076,False,1.0,1.0,1.0,reaction_role_concat,6144,random_forest,False,valid,r2,0.6849850393099333,1,0.05,random,,
condition_recombine_pseudolabel__mult_0.25__sim_0.9__teacher_ridge__seed_2,condition_recombine_pseudolabel,0.25,0.9,ridge,2,158,12,1.0759493670886076,False,1.0,1.0,1.0,reaction_role_concat,6144,random_forest,False,valid,spearman,0.8517009464311707,1,0.05,random,,
condition_recombine_pseudolabel__mult_0.25__sim_0.9__teacher_ridge__seed_3,condition_recombine_pseudolabel,0.25,0.9,ridge,3,158,15,1.0949367088607596,False,1.0,1.0,1.0,reaction_role_concat,6144,random_forest,False,valid,rmse,16.038225667808074,1,0.05,random,,
condition_recombine_pseudolabel__mult_0.25__sim_0.9__teacher_ridge__seed_3,condition_recombine_pseudolabel,0.25,0.9,ridge,3,158,15,1.0949367088607596,False,1.0,1.0,1.0,reaction_role_concat,6144,random_forest,False,valid,mae,12.120835618699655,1,0.05,random,,
condition_recombine_pseudolabel__mult_0.25__sim_0.9__teacher_ridge__seed_3,condition_recombine_pseudolabel,0.25,0.9,ridge,3,158,15,1.0949367088607596,False,1.0,1.0,1.0,reaction_role_concat,6144,random_forest,False,valid,r2,0.6780973631025577,1,0.05,random,,
condition_recombine_pseudolabel__mult_0.25__sim_0.9__teacher_ridge__seed_3,condition_recombine_pseudolabel,0.25,0.9,ridge,3,158,15,1.0949367088607596,False,1.0,1.0,1.0,reaction_role_concat,6144,random_forest,False,valid,spearman,0.8443175062887976,1,0.05,random,,
condition_recombine_pseudolabel__mult_0.25__sim_0.9__teacher_ridge__seed_4,condition_recombine_pseudolabel,0.25,0.9,ridge,4,158,8,1.0506329113924051,False,1.0,1.0,1.0,reaction_role_concat,6144,random_forest,False,valid,rmse,16.060585277647405,1,0.05,random,,
condition_recombine_pseudolabel__mult_0.25__sim_0.9__teacher_ridge__seed_4,condition_recombine_pseudolabel,0.25,0.9,ridge,4,158,8,1.0506329113924051,False,1.0,1.0,1.0,reaction_role_concat,6144,random_forest,False,valid,mae,12.229768382784687,1,0.05,random,,
condition_recombine_pseudolabel__mult_0.25__sim_0.9__teacher_ridge__seed_4,condition_recombine_pseudolabel,0.25,0.9,ridge,4,158,8,1.0506329113924051,False,1.0,1.0,1.0,reaction_role_concat,6144,random_forest,False,valid,r2,0.6771991796280161,1,0.05,random,,
condition_recombine_pseudolabel__mult_0.25__sim_0.9__teacher_ridge__seed_4,condition_recombine_pseudolabel,0.25,0.9,ridge,4,158,8,1.0506329113924051,False,1.0,1.0,1.0,reaction_role_concat,6144,random_forest,False,valid,spearman,0.8451551459509673,1,0.05,random,,
condition_recombine_pseudolabel__mult_0.25__sim_0.9__teacher_rf__seed_0,condition_recombine_pseudolabel,0.25,0.9,random_forest,0,158,11,1.0696202531645569,False,1.0,1.0,1.0,reaction_role_concat,6144,random_forest,False,valid,rmse,15.978407406502095,1,0.05,random,,
condition_recombine_pseudolabel__mult_0.25__sim_0.9__teacher_rf__seed_0,condition_recombine_pseudolabel,0.25,0.9,random_forest,0,158,11,1.0696202531645569,False,1.0,1.0,1.0,reaction_role_concat,6144,random_forest,False,valid,mae,12.070615076581134,1,0.05,random,,
condition_recombine_pseudolabel__mult_0.25__sim_0.9__teacher_rf__seed_0,condition_recombine_pseudolabel,0.25,0.9,random_forest,0,158,11,1.0696202531645569,False,1.0,1.0,1.0,reaction_role_concat,6144,random_forest,False,valid,r2,0.680494105390907,1,0.05,random,,
condition_recombine_pseudolabel__mult_0.25__sim_0.9__teacher_rf__seed_0,condition_recombine_pseudolabel,0.25,0.9,random_forest,0,158,11,1.0696202531645569,False,1.0,1.0,1.0,reaction_role_concat,6144,random_forest,False,valid,spearman,0.8467411302776073,1,0.05,random,,
condition_recombine_pseudolabel__mult_0.25__sim_0.9__teacher_rf__seed_1,condition_recombine_pseudolabel,0.25,0.9,random_forest,1,158,14,1.0886075949367089,False,1.0,1.0,1.0,reaction_role_concat,6144,random_forest,False,valid,rmse,16.14246976204797,1,0.05,random,,
condition_recombine_pseudolabel__mult_0.25__sim_0.9__teacher_rf__seed_1,condition_recombine_pseudolabel,0.25,0.9,random_forest,1,158,14,1.0886075949367089,False,1.0,1.0,1.0,reaction_role_concat,6144,random_forest,False,valid,mae,12.25116882936713,1,0.05,random,,
condition_recombine_pseudolabel__mult_0.25__sim_0.9__teacher_rf__seed_1,condition_recombine_pseudolabel,0.25,0.9,random_forest,1,158,14,1.0886075949367089,False,1.0,1.0,1.0,reaction_role_concat,6144,random_forest,False,valid,r2,0.6738992051019899,1,0.05,random,,
condition_recombine_pseudolabel__mult_0.25__sim_0.9__teacher_rf__seed_1,condition_recombine_pseudolabel,0.25,0.9,random_forest,1,158,14,1.0886075949367089,False,1.0,1.0,1.0,reaction_role_concat,6144,random_forest,False,valid,spearman,0.842084254950481,1,0.05,random,,
condition_recombine_pseudolabel__mult_0.25__sim_0.9__teacher_rf__seed_2,condition_recombine_pseudolabel,0.25,0.9,random_forest,2,158,12,1.0759493670886076,False,1.0,1.0,1.0,reaction_role_concat,6144,random_forest,False,valid,rmse,16.228433214350932,1,0.05,random,,
condition_recombine_pseudolabel__mult_0.25__sim_0.9__teacher_rf__seed_2,condition_recombine_pseudolabel,0.25,0.9,random_forest,2,158,12,1.0759493670886076,False,1.0,1.0,1.0,reaction_role_concat,6144,random_forest,False,valid,mae,12.223487073466746,1,0.05,random,,
condition_recombine_pseudolabel__mult_0.25__sim_0.9__teacher_rf__seed_2,condition_recombine_pseudolabel,0.25,0.9,random_forest,2,158,12,1.0759493670886076,False,1.0,1.0,1.0,reaction_role_concat,6144,random_forest,False,valid,r2,0.6704167898448172,1,0.05,random,,
condition_recombine_pseudolabel__mult_0.25__sim_0.9__teacher_rf__seed_2,condition_recombine_pseudolabel,0.25,0.9,random_forest,2,158,12,1.0759493670886076,False,1.0,1.0,1.0,reaction_role_concat,6144,random_forest,False,valid,spearman,0.8405652662164441,1,0.05,random,,
condition_recombine_pseudolabel__mult_0.25__sim_0.9__teacher_rf__seed_3,condition_recombine_pseudolabel,0.25,0.9,random_forest,3,158,15,1.0949367088607596,False,1.0,1.0,1.0,reaction_role_concat,6144,random_forest,False,valid,rmse,16.18631608242987,1,0.05,random,,
condition_recombine_pseudolabel__mult_0.25__sim_0.9__teacher_rf__seed_3,condition_recombine_pseudolabel,0.25,0.9,random_forest,3,158,15,1.0949367088607596,False,1.0,1.0,1.0,reaction_role_concat,6144,random_forest,False,valid,mae,12.148251983309095,1,0.05,random,,
condition_recombine_pseudolabel__mult_0.25__sim_0.9__teacher_rf__seed_3,condition_recombine_pseudolabel,0.25,0.9,random_forest,3,158,15,1.0949367088607596,False,1.0,1.0,1.0,reaction_role_concat,6144,random_forest,False,valid,r2,0.6721252834217238,1,0.05,random,,
condition_recombine_pseudolabel__mult_0.25__sim_0.9__teacher_rf__seed_3,condition_recombine_pseudolabel,0.25,0.9,random_forest,3,158,15,1.0949367088607596,False,1.0,1.0,1.0,reaction_role_concat,6144,random_forest,False,valid,spearman,0.8414403961448235,1,0.05,random,,
condition_recombine_pseudolabel__mult_0.25__sim_0.9__teacher_rf__seed_4,condition_recombine_pseudolabel,0.25,0.9,random_forest,4,158,8,1.0506329113924051,False,1.0,1.0,1.0,reaction_role_concat,6144,random_forest,False,valid,rmse,15.961829506599246,1,0.05,random,,
condition_recombine_pseudolabel__mult_0.25__sim_0.9__teacher_rf__seed_4,condition_recombine_pseudolabel,0.25,0.9,random_forest,4,158,8,1.0506329113924051,False,1.0,1.0,1.0,reaction_role_concat,6144,random_forest,False,valid,mae,12.053332421530651,1,0.05,random,,
condition_recombine_pseudolabel__mult_0.25__sim_0.9__teacher_rf__seed_4,condition_recombine_pseudolabel,0.25,0.9,random_forest,4,158,8,1.0506329113924051,False,1.0,1.0,1.0,reaction_role_concat,6144,random_forest,False,valid,r2,0.6811567482779286,1,0.05,random,,
condition_recombine_pseudolabel__mult_0.25__sim_0.9__teacher_rf__seed_4,condition_recombine_pseudolabel,0.25,0.9,random_forest,4,158,8,1.0506329113924051,False,1.0,1.0,1.0,reaction_role_concat,6144,random_forest,False,valid,spearman,0.8490807176437187,1,0.05,random,,
condition_recombine_pseudolabel__mult_0.5__sim_0.7__teacher_ridge__seed_0,condition_recombine_pseudolabel,0.5,0.7,ridge,0,158,79,1.5,False,1.0,1.0,1.0,reaction_role_concat,6144,random_forest,False,valid,rmse,16.35394128701239,1,0.05,random,,
condition_recombine_pseudolabel__mult_0.5__sim_0.7__teacher_ridge__seed_0,condition_recombine_pseudolabel,0.5,0.7,ridge,0,158,79,1.5,False,1.0,1.0,1.0,reaction_role_concat,6144,random_forest,False,valid,mae,12.739872593844993,1,0.05,random,,
condition_recombine_pseudolabel__mult_0.5__sim_0.7__teacher_ridge__seed_0,condition_recombine_pseudolabel,0.5,0.7,ridge,0,158,79,1.5,False,1.0,1.0,1.0,reaction_role_concat,6144,random_forest,False,valid,r2,0.665299190454909,1,0.05,random,,
condition_recombine_pseudolabel__mult_0.5__sim_0.7__teacher_ridge__seed_0,condition_recombine_pseudolabel,0.5,0.7,ridge,0,158,79,1.5,False,1.0,1.0,1.0,reaction_role_concat,6144,random_forest,False,valid,spearman,0.8472045489188845,1,0.05,random,,
condition_recombine_pseudolabel__mult_0.5__sim_0.7__teacher_ridge__seed_1,condition_recombine_pseudolabel,0.5,0.7,ridge,1,158,79,1.5,False,1.0,1.0,1.0,reaction_role_concat,6144,random_forest,False,valid,rmse,16.245392640750058,1,0.05,random,,
condition_recombine_pseudolabel__mult_0.5__sim_0.7__teacher_ridge__seed_1,condition_recombine_pseudolabel,0.5,0.7,ridge,1,158,79,1.5,False,1.0,1.0,1.0,reaction_role_concat,6144,random_forest,False,valid,mae,12.665488256623474,1,0.05,random,,
condition_recombine_pseudolabel__mult_0.5__sim_0.7__teacher_ridge__seed_1,condition_recombine_pseudolabel,0.5,0.7,ridge,1,158,79,1.5,False,1.0,1.0,1.0,reaction_role_concat,6144,random_forest,False,valid,r2,0.6697275720035317,1,0.05,random,,
condition_recombine_pseudolabel__mult_0.5__sim_0.7__teacher_ridge__seed_1,condition_recombine_pseudolabel,0.5,0.7,ridge,1,158,79,1.5,False,1.0,1.0,1.0,reaction_role_concat,6144,random_forest,False,valid,spearman,0.8529830161582254,1,0.05,random,,
condition_recombine_pseudolabel__mult_0.5__sim_0.7__teacher_ridge__seed_2,condition_recombine_pseudolabel,0.5,0.7,ridge,2,158,79,1.5,False,1.0,1.0,1.0,reaction_role_concat,6144,random_forest,False,valid,rmse,16.17271190707583,1,0.05,random,,
condition_recombine_pseudolabel__mult_0.5__sim_0.7__teacher_ridge__seed_2,condition_recombine_pseudolabel,0.5,0.7,ridge,2,158,79,1.5,False,1.0,1.0,1.0,reaction_role_concat,6144,random_forest,False,valid,mae,12.551710075725484,1,0.05,random,,
condition_recombine_pseudolabel__mult_0.5__sim_0.7__teacher_ridge__seed_2,condition_recombine_pseudolabel,0.5,0.7,ridge,2,158,79,1.5,False,1.0,1.0,1.0,reaction_role_concat,6144,random_forest,False,valid,r2,0.6726761920612974,1,0.05,random,,
condition_recombine_pseudolabel__mult_0.5__sim_0.7__teacher_ridge__seed_2,condition_recombine_pseudolabel,0.5,0.7,ridge,2,158,79,1.5,False,1.0,1.0,1.0,reaction_role_concat,6144,random_forest,False,valid,spearman,0.8481504721551454,1,0.05,random,,
condition_recombine_pseudolabel__mult_0.5__sim_0.7__teacher_ridge__seed_3,condition_recombine_pseudolabel,0.5,0.7,ridge,3,158,79,1.5,False,1.0,1.0,1.0,reaction_role_concat,6144,random_forest,False,valid,rmse,16.481588202202143,1,0.05,random,,
condition_recombine_pseudolabel__mult_0.5__sim_0.7__teacher_ridge__seed_3,condition_recombine_pseudolabel,0.5,0.7,ridge,3,158,79,1.5,False,1.0,1.0,1.0,reaction_role_concat,6144,random_forest,False,valid,mae,13.063688885842696,1,0.05,random,,
condition_recombine_pseudolabel__mult_0.5__sim_0.7__teacher_ridge__seed_3,condition_recombine_pseudolabel,0.5,0.7,ridge,3,158,79,1.5,False,1.0,1.0,1.0,reaction_role_concat,6144,random_forest,False,valid,r2,0.6600539398564518,1,0.05,random,,
condition_recombine_pseudolabel__mult_0.5__sim_0.7__teacher_ridge__seed_3,condition_recombine_pseudolabel,0.5,0.7,ridge,3,158,79,1.5,False,1.0,1.0,1.0,reaction_role_concat,6144,random_forest,False,valid,spearman,0.8408930382581629,1,0.05,random,,
condition_recombine_pseudolabel__mult_0.5__sim_0.7__teacher_ridge__seed_4,condition_recombine_pseudolabel,0.5,0.7,ridge,4,158,79,1.5,False,1.0,1.0,1.0,reaction_role_concat,6144,random_forest,False,valid,rmse,15.624506436253743,1,0.05,random,,
condition_recombine_pseudolabel__mult_0.5__sim_0.7__teacher_ridge__seed_4,condition_recombine_pseudolabel,0.5,0.7,ridge,4,158,79,1.5,False,1.0,1.0,1.0,reaction_role_concat,6144,random_forest,False,valid,mae,12.315864799345595,1,0.05,random,,
condition_recombine_pseudolabel__mult_0.5__sim_0.7__teacher_ridge__seed_4,condition_recombine_pseudolabel,0.5,0.7,ridge,4,158,79,1.5,False,1.0,1.0,1.0,reaction_role_concat,6144,random_forest,False,valid,r2,0.6944906481345539,1,0.05,random,,
condition_recombine_pseudolabel__mult_0.5__sim_0.7__teacher_ridge__seed_4,condition_recombine_pseudolabel,0.5,0.7,ridge,4,158,79,1.5,False,1.0,1.0,1.0,reaction_role_concat,6144,random_forest,False,valid,spearman,0.8588562315248963,1,0.05,random,,
condition_recombine_pseudolabel__mult_0.5__sim_0.7__teacher_rf__seed_0,condition_recombine_pseudolabel,0.5,0.7,random_forest,0,158,79,1.5,False,1.0,1.0,1.0,reaction_role_concat,6144,random_forest,False,valid,rmse,15.93828668164328,1,0.05,random,,
condition_recombine_pseudolabel__mult_0.5__sim_0.7__teacher_rf__seed_0,condition_recombine_pseudolabel,0.5,0.7,random_forest,0,158,79,1.5,False,1.0,1.0,1.0,reaction_role_concat,6144,random_forest,False,valid,mae,11.961363894061197,1,0.05,random,,
condition_recombine_pseudolabel__mult_0.5__sim_0.7__teacher_rf__seed_0,condition_recombine_pseudolabel,0.5,0.7,random_forest,0,158,79,1.5,False,1.0,1.0,1.0,reaction_role_concat,6144,random_forest,False,valid,r2,0.682096607339038,1,0.05,random,,
condition_recombine_pseudolabel__mult_0.5__sim_0.7__teacher_rf__seed_0,condition_recombine_pseudolabel,0.5,0.7,random_forest,0,158,79,1.5,False,1.0,1.0,1.0,reaction_role_concat,6144,random_forest,False,valid,spearman,0.8457956939279206,1,0.05,random,,
condition_recombine_pseudolabel__mult_0.5__sim_0.7__teacher_rf__seed_1,condition_recombine_pseudolabel,0.5,0.7,random_forest,1,158,79,1.5,False,1.0,1.0,1.0,reaction_role_concat,6144,random_forest,False,valid,rmse,16.656287311947697,1,0.05,random,,
condition_recombine_pseudolabel__mult_0.5__sim_0.7__teacher_rf__seed_1,condition_recombine_pseudolabel,0.5,0.7,random_forest,1,158,79,1.5,False,1.0,1.0,1.0,reaction_role_concat,6144,random_forest,False,valid,mae,12.392084118050864,1,0.05,random,,
condition_recombine_pseudolabel__mult_0.5__sim_0.7__teacher_rf__seed_1,condition_recombine_pseudolabel,0.5,0.7,random_forest,1,158,79,1.5,False,1.0,1.0,1.0,reaction_role_concat,6144,random_forest,False,valid,r2,0.6528091257191417,1,0.05,random,,
condition_recombine_pseudolabel__mult_0.5__sim_0.7__teacher_rf__seed_1,condition_recombine_pseudolabel,0.5,0.7,random_forest,1,158,79,1.5,False,1.0,1.0,1.0,reaction_role_concat,6144,random_forest,False,valid,spearman,0.8286790990363211,1,0.05,random,,
condition_recombine_pseudolabel__mult_0.5__sim_0.7__teacher_rf__seed_2,condition_recombine_pseudolabel,0.5,0.7,random_forest,2,158,79,1.5,False,1.0,1.0,1.0,reaction_role_concat,6144,random_forest,False,valid,rmse,16.857867213790055,1,0.05,random,,
condition_recombine_pseudolabel__mult_0.5__sim_0.7__teacher_rf__seed_2,condition_recombine_pseudolabel,0.5,0.7,random_forest,2,158,79,1.5,False,1.0,1.0,1.0,reaction_role_concat,6144,random_forest,False,valid,mae,12.531867319837403,1,0.05,random,,
condition_recombine_pseudolabel__mult_0.5__sim_0.7__teacher_rf__seed_2,condition_recombine_pseudolabel,0.5,0.7,random_forest,2,158,79,1.5,False,1.0,1.0,1.0,reaction_role_concat,6144,random_forest,False,valid,r2,0.6443546361732704,1,0.05,random,,
condition_recombine_pseudolabel__mult_0.5__sim_0.7__teacher_rf__seed_2,condition_recombine_pseudolabel,0.5,0.7,random_forest,2,158,79,1.5,False,1.0,1.0,1.0,reaction_role_concat,6144,random_forest,False,valid,spearman,0.8269926213207763,1,0.05,random,,
condition_recombine_pseudolabel__mult_0.5__sim_0.7__teacher_rf__seed_3,condition_recombine_pseudolabel,0.5,0.7,random_forest,3,158,79,1.5,False,1.0,1.0,1.0,reaction_role_concat,6144,random_forest,False,valid,rmse,16.21218931049918,1,0.05,random,,
condition_recombine_pseudolabel__mult_0.5__sim_0.7__teacher_rf__seed_3,condition_recombine_pseudolabel,0.5,0.7,random_forest,3,158,79,1.5,False,1.0,1.0,1.0,reaction_role_concat,6144,random_forest,False,valid,mae,12.211105772320229,1,0.05,random,,
condition_recombine_pseudolabel__mult_0.5__sim_0.7__teacher_rf__seed_3,condition_recombine_pseudolabel,0.5,0.7,random_forest,3,158,79,1.5,False,1.0,1.0,1.0,reaction_role_concat,6144,random_forest,False,valid,r2,0.6710762544395052,1,0.05,random,,
condition_recombine_pseudolabel__mult_0.5__sim_0.7__teacher_rf__seed_3,condition_recombine_pseudolabel,0.5,0.7,random_forest,3,158,79,1.5,False,1.0,1.0,1.0,reaction_role_concat,6144,random_forest,False,valid,spearman,0.8389544506745223,1,0.05,random,,
condition_recombine_pseudolabel__mult_0.5__sim_0.7__teacher_rf__seed_4,condition_recombine_pseudolabel,0.5,0.7,random_forest,4,158,79,1.5,False,1.0,1.0,1.0,reaction_role_concat,6144,random_forest,False,valid,rmse,16.397996482110415,1,0.05,random,,
condition_recombine_pseudolabel__mult_0.5__sim_0.7__teacher_rf__seed_4,condition_recombine_pseudolabel,0.5,0.7,random_forest,4,158,79,1.5,False,1.0,1.0,1.0,reaction_role_concat,6144,random_forest,False,valid,mae,12.291546288036093,1,0.05,random,,
condition_recombine_pseudolabel__mult_0.5__sim_0.7__teacher_rf__seed_4,condition_recombine_pseudolabel,0.5,0.7,random_forest,4,158,79,1.5,False,1.0,1.0,1.0,reaction_role_concat,6144,random_forest,False,valid,r2,0.6634934886868074,1,0.05,random,,
condition_recombine_pseudolabel__mult_0.5__sim_0.7__teacher_rf__seed_4,condition_recombine_pseudolabel,0.5,0.7,random_forest,4,158,79,1.5,False,1.0,1.0,1.0,reaction_role_concat,6144,random_forest,False,valid,spearman,0.8367444725144502,1,0.05,random,,
condition_recombine_pseudolabel__mult_0.5__sim_0.8__teacher_ridge__seed_0,condition_recombine_pseudolabel,0.5,0.8,ridge,0,158,73,1.4620253164556962,False,1.0,1.0,1.0,reaction_role_concat,6144,random_forest,False,valid,rmse,16.18806691767648,1,0.05,random,,
condition_recombine_pseudolabel__mult_0.5__sim_0.8__teacher_ridge__seed_0,condition_recombine_pseudolabel,0.5,0.8,ridge,0,158,73,1.4620253164556962,False,1.0,1.0,1.0,reaction_role_concat,6144,random_forest,False,valid,mae,12.649804537592054,1,0.05,random,,
condition_recombine_pseudolabel__mult_0.5__sim_0.8__teacher_ridge__seed_0,condition_recombine_pseudolabel,0.5,0.8,ridge,0,158,73,1.4620253164556962,False,1.0,1.0,1.0,reaction_role_concat,6144,random_forest,False,valid,r2,0.6720543487316568,1,0.05,random,,
condition_recombine_pseudolabel__mult_0.5__sim_0.8__teacher_ridge__seed_0,condition_recombine_pseudolabel,0.5,0.8,ridge,0,158,73,1.4620253164556962,False,1.0,1.0,1.0,reaction_role_concat,6144,random_forest,False,valid,spearman,0.8428811908950518,1,0.05,random,,
condition_recombine_pseudolabel__mult_0.5__sim_0.8__teacher_ridge__seed_1,condition_recombine_pseudolabel,0.5,0.8,ridge,1,158,70,1.4430379746835442,False,1.0,1.0,1.0,reaction_role_concat,6144,random_forest,False,valid,rmse,16.137217316205618,1,0.05,random,,
condition_recombine_pseudolabel__mult_0.5__sim_0.8__teacher_ridge__seed_1,condition_recombine_pseudolabel,0.5,0.8,ridge,1,158,70,1.4430379746835442,False,1.0,1.0,1.0,reaction_role_concat,6144,random_forest,False,valid,mae,12.569195765963082,1,0.05,random,,
condition_recombine_pseudolabel__mult_0.5__sim_0.8__teacher_ridge__seed_1,condition_recombine_pseudolabel,0.5,0.8,ridge,1,158,70,1.4430379746835442,False,1.0,1.0,1.0,reaction_role_concat,6144,random_forest,False,valid,r2,0.6741113842950537,1,0.05,random,,
condition_recombine_pseudolabel__mult_0.5__sim_0.8__teacher_ridge__seed_1,condition_recombine_pseudolabel,0.5,0.8,ridge,1,158,70,1.4430379746835442,False,1.0,1.0,1.0,reaction_role_concat,6144,random_forest,False,valid,spearman,0.8538585355958641,1,0.05,random,,
condition_recombine_pseudolabel__mult_0.5__sim_0.8__teacher_ridge__seed_2,condition_recombine_pseudolabel,0.5,0.8,ridge,2,158,71,1.4493670886075949,False,1.0,1.0,1.0,reaction_role_concat,6144,random_forest,False,valid,rmse,16.361419815112303,1,0.05,random,,
condition_recombine_pseudolabel__mult_0.5__sim_0.8__teacher_ridge__seed_2,condition_recombine_pseudolabel,0.5,0.8,ridge,2,158,71,1.4493670886075949,False,1.0,1.0,1.0,reaction_role_concat,6144,random_forest,False,valid,mae,12.627707168164134,1,0.05,random,,
condition_recombine_pseudolabel__mult_0.5__sim_0.8__teacher_ridge__seed_2,condition_recombine_pseudolabel,0.5,0.8,ridge,2,158,71,1.4493670886075949,False,1.0,1.0,1.0,reaction_role_concat,6144,random_forest,False,valid,r2,0.6649930083936877,1,0.05,random,,
condition_recombine_pseudolabel__mult_0.5__sim_0.8__teacher_ridge__seed_2,condition_recombine_pseudolabel,0.5,0.8,ridge,2,158,71,1.4493670886075949,False,1.0,1.0,1.0,reaction_role_concat,6144,random_forest,False,valid,spearman,0.8408109491817609,1,0.05,random,,
condition_recombine_pseudolabel__mult_0.5__sim_0.8__teacher_ridge__seed_3,condition_recombine_pseudolabel,0.5,0.8,ridge,3,158,70,1.4430379746835442,False,1.0,1.0,1.0,reaction_role_concat,6144,random_forest,False,valid,rmse,16.42478130809777,1,0.05,random,,
condition_recombine_pseudolabel__mult_0.5__sim_0.8__teacher_ridge__seed_3,condition_recombine_pseudolabel,0.5,0.8,ridge,3,158,70,1.4430379746835442,False,1.0,1.0,1.0,reaction_role_concat,6144,random_forest,False,valid,mae,12.832451642650591,1,0.05,random,,
condition_recombine_pseudolabel__mult_0.5__sim_0.8__teacher_ridge__seed_3,condition_recombine_pseudolabel,0.5,0.8,ridge,3,158,70,1.4430379746835442,False,1.0,1.0,1.0,reaction_role_concat,6144,random_forest,False,valid,r2,0.6623932775008521,1,0.05,random,,
condition_recombine_pseudolabel__mult_0.5__sim_0.8__teacher_ridge__seed_3,condition_recombine_pseudolabel,0.5,0.8,ridge,3,158,70,1.4430379746835442,False,1.0,1.0,1.0,reaction_role_concat,6144,random_forest,False,valid,spearman,0.838019238942893,1,0.05,random,,
condition_recombine_pseudolabel__mult_0.5__sim_0.8__teacher_ridge__seed_4,condition_recombine_pseudolabel,0.5,0.8,ridge,4,158,72,1.4556962025316456,False,1.0,1.0,1.0,reaction_role_concat,6144,random_forest,False,valid,rmse,16.15152391541408,1,0.05,random,,
condition_recombine_pseudolabel__mult_0.5__sim_0.8__teacher_ridge__seed_4,condition_recombine_pseudolabel,0.5,0.8,ridge,4,158,72,1.4556962025316456,False,1.0,1.0,1.0,reaction_role_concat,6144,random_forest,False,valid,mae,12.583769119404538,1,0.05,random,,
condition_recombine_pseudolabel__mult_0.5__sim_0.8__teacher_ridge__seed_4,condition_recombine_pseudolabel,0.5,0.8,ridge,4,158,72,1.4556962025316456,False,1.0,1.0,1.0,reaction_role_concat,6144,random_forest,False,valid,r2,0.6735332890202234,1,0.05,random,,
condition_recombine_pseudolabel__mult_0.5__sim_0.8__teacher_ridge__seed_4,condition_recombine_pseudolabel,0.5,0.8,ridge,4,158,72,1.4556962025316456,False,1.0,1.0,1.0,reaction_role_concat,6144,random_forest,False,valid,spearman,0.8465786075391558,1,0.05,random,,
condition_recombine_pseudolabel__mult_0.5__sim_0.8__teacher_rf__seed_0,condition_recombine_pseudolabel,0.5,0.8,random_forest,0,158,73,1.4620253164556962,False,1.0,1.0,1.0,reaction_role_concat,6144,random_forest,False,valid,rmse,16.033319984008635,1,0.05,random,,
condition_recombine_pseudolabel__mult_0.5__sim_0.8__teacher_rf__seed_0,condition_recombine_pseudolabel,0.5,0.8,random_forest,0,158,73,1.4620253164556962,False,1.0,1.0,1.0,reaction_role_concat,6144,random_forest,False,valid,mae,12.018976284506955,1,0.05,random,,
condition_recombine_pseudolabel__mult_0.5__sim_0.8__teacher_rf__seed_0,condition_recombine_pseudolabel,0.5,0.8,random_forest,0,158,73,1.4620253164556962,False,1.0,1.0,1.0,reaction_role_concat,6144,random_forest,False,valid,r2,0.678294256583458,1,0.05,random,,
condition_recombine_pseudolabel__mult_0.5__sim_0.8__teacher_rf__seed_0,condition_recombine_pseudolabel,0.5,0.8,random_forest,0,158,73,1.4620253164556962,False,1.0,1.0,1.0,reaction_role_concat,6144,random_forest,False,valid,spearman,0.844095875520244,1,0.05,random,,
condition_recombine_pseudolabel__mult_0.5__sim_0.8__teacher_rf__seed_1,condition_recombine_pseudolabel,0.5,0.8,random_forest,1,158,70,1.4430379746835442,False,1.0,1.0,1.0,reaction_role_concat,6144,random_forest,False,valid,rmse,16.78431798944896,1,0.05,random,,
condition_recombine_pseudolabel__mult_0.5__sim_0.8__teacher_rf__seed_1,condition_recombine_pseudolabel,0.5,0.8,random_forest,1,158,70,1.4430379746835442,False,1.0,1.0,1.0,reaction_role_concat,6144,random_forest,False,valid,mae,12.53397761084158,1,0.05,random,,
condition_recombine_pseudolabel__mult_0.5__sim_0.8__teacher_rf__seed_1,condition_recombine_pseudolabel,0.5,0.8,random_forest,1,158,70,1.4430379746835442,False,1.0,1.0,1.0,reaction_role_concat,6144,random_forest,False,valid,r2,0.647451158306531,1,0.05,random,,
condition_recombine_pseudolabel__mult_0.5__sim_0.8__teacher_rf__seed_1,condition_recombine_pseudolabel,0.5,0.8,random_forest,1,158,70,1.4430379746835442,False,1.0,1.0,1.0,reaction_role_concat,6144,random_forest,False,valid,spearman,0.8267571629735169,1,0.05,random,,
condition_recombine_pseudolabel__mult_0.5__sim_0.8__teacher_rf__seed_2,condition_recombine_pseudolabel,0.5,0.8,random_forest,2,158,71,1.4493670886075949,False,1.0,1.0,1.0,reaction_role_concat,6144,random_forest,False,valid,rmse,16.80359903172516,1,0.05,random,,
condition_recombine_pseudolabel__mult_0.5__sim_0.8__teacher_rf__seed_2,condition_recombine_pseudolabel,0.5,0.8,random_forest,2,158,71,1.4493670886075949,False,1.0,1.0,1.0,reaction_role_concat,6144,random_forest,False,valid,mae,12.457438066096245,1,0.05,random,,
condition_recombine_pseudolabel__mult_0.5__sim_0.8__teacher_rf__seed_2,condition_recombine_pseudolabel,0.5,0.8,random_forest,2,158,71,1.4493670886075949,False,1.0,1.0,1.0,reaction_role_concat,6144,random_forest,False,valid,r2,0.646640709713239,1,0.05,random,,
condition_recombine_pseudolabel__mult_0.5__sim_0.8__teacher_rf__seed_2,condition_recombine_pseudolabel,0.5,0.8,random_forest,2,158,71,1.4493670886075949,False,1.0,1.0,1.0,reaction_role_concat,6144,random_forest,False,valid,spearman,0.8273935237259323,1,0.05,random,,
condition_recombine_pseudolabel__mult_0.5__sim_0.8__teacher_rf__seed_3,condition_recombine_pseudolabel,0.5,0.8,random_forest,3,158,70,1.4430379746835442,False,1.0,1.0,1.0,reaction_role_concat,6144,random_forest,False,valid,rmse,16.309632382189978,1,0.05,random,,
condition_recombine_pseudolabel__mult_0.5__sim_0.8__teacher_rf__seed_3,condition_recombine_pseudolabel,0.5,0.8,random_forest,3,158,70,1.4430379746835442,False,1.0,1.0,1.0,reaction_role_concat,6144,random_forest,False,valid,mae,12.256810448925705,1,0.05,random,,
condition_recombine_pseudolabel__mult_0.5__sim_0.8__teacher_rf__seed_3,condition_recombine_pseudolabel,0.5,0.8,random_forest,3,158,70,1.4430379746835442,False,1.0,1.0,1.0,reaction_role_concat,6144,random_forest,False,valid,r2,0.6671103912849548,1,0.05,random,,
condition_recombine_pseudolabel__mult_0.5__sim_0.8__teacher_rf__seed_3,condition_recombine_pseudolabel,0.5,0.8,random_forest,3,158,70,1.4430379746835442,False,1.0,1.0,1.0,reaction_role_concat,6144,random_forest,False,valid,spearman,0.8375936026997699,1,0.05,random,,
condition_recombine_pseudolabel__mult_0.5__sim_0.8__teacher_rf__seed_4,condition_recombine_pseudolabel,0.5,0.8,random_forest,4,158,72,1.4556962025316456,False,1.0,1.0,1.0,reaction_role_concat,6144,random_forest,False,valid,rmse,16.273930788681493,1,0.05,random,,
condition_recombine_pseudolabel__mult_0.5__sim_0.8__teacher_rf__seed_4,condition_recombine_pseudolabel,0.5,0.8,random_forest,4,158,72,1.4556962025316456,False,1.0,1.0,1.0,reaction_role_concat,6144,random_forest,False,valid,mae,12.150547088091885,1,0.05,random,,
condition_recombine_pseudolabel__mult_0.5__sim_0.8__teacher_rf__seed_4,condition_recombine_pseudolabel,0.5,0.8,random_forest,4,158,72,1.4556962025316456,False,1.0,1.0,1.0,reaction_role_concat,6144,random_forest,False,valid,r2,0.66856617906638,1,0.05,random,,
condition_recombine_pseudolabel__mult_0.5__sim_0.8__teacher_rf__seed_4,condition_recombine_pseudolabel,0.5,0.8,random_forest,4,158,72,1.4556962025316456,False,1.0,1.0,1.0,reaction_role_concat,6144,random_forest,False,valid,spearman,0.8409008284433492,1,0.05,random,,
condition_recombine_pseudolabel__mult_0.5__sim_0.9__teacher_ridge__seed_0,condition_recombine_pseudolabel,0.5,0.9,ridge,0,158,24,1.1518987341772151,False,1.0,1.0,1.0,reaction_role_concat,6144,random_forest,False,valid,rmse,16.258263047078707,1,0.05,random,,
condition_recombine_pseudolabel__mult_0.5__sim_0.9__teacher_ridge__seed_0,condition_recombine_pseudolabel,0.5,0.9,ridge,0,158,24,1.1518987341772151,False,1.0,1.0,1.0,reaction_role_concat,6144,random_forest,False,valid,mae,12.458509323689002,1,0.05,random,,
condition_recombine_pseudolabel__mult_0.5__sim_0.9__teacher_ridge__seed_0,condition_recombine_pseudolabel,0.5,0.9,ridge,0,158,24,1.1518987341772151,False,1.0,1.0,1.0,reaction_role_concat,6144,random_forest,False,valid,r2,0.6692040482863477,1,0.05,random,,
condition_recombine_pseudolabel__mult_0.5__sim_0.9__teacher_ridge__seed_0,condition_recombine_pseudolabel,0.5,0.9,ridge,0,158,24,1.1518987341772151,False,1.0,1.0,1.0,reaction_role_concat,6144,random_forest,False,valid,spearman,0.8430859753881398,1,0.05,random,,
condition_recombine_pseudolabel__mult_0.5__sim_0.9__teacher_ridge__seed_1,condition_recombine_pseudolabel,0.5,0.9,ridge,1,158,22,1.139240506329114,False,1.0,1.0,1.0,reaction_role_concat,6144,random_forest,False,valid,rmse,15.93729580930894,1,0.05,random,,
condition_recombine_pseudolabel__mult_0.5__sim_0.9__teacher_ridge__seed_1,condition_recombine_pseudolabel,0.5,0.9,ridge,1,158,22,1.139240506329114,False,1.0,1.0,1.0,reaction_role_concat,6144,random_forest,False,valid,mae,12.162444703225848,1,0.05,random,,
condition_recombine_pseudolabel__mult_0.5__sim_0.9__teacher_ridge__seed_1,condition_recombine_pseudolabel,0.5,0.9,ridge,1,158,22,1.139240506329114,False,1.0,1.0,1.0,reaction_role_concat,6144,random_forest,False,valid,r2,0.6821361337814158,1,0.05,random,,
condition_recombine_pseudolabel__mult_0.5__sim_0.9__teacher_ridge__seed_1,condition_recombine_pseudolabel,0.5,0.9,ridge,1,158,22,1.139240506329114,False,1.0,1.0,1.0,reaction_role_concat,6144,random_forest,False,valid,spearman,0.8457648253191195,1,0.05,random,,
condition_recombine_pseudolabel__mult_0.5__sim_0.9__teacher_ridge__seed_2,condition_recombine_pseudolabel,0.5,0.9,ridge,2,158,23,1.1455696202531647,False,1.0,1.0,1.0,reaction_role_concat,6144,random_forest,False,valid,rmse,16.195601089529806,1,0.05,random,,
condition_recombine_pseudolabel__mult_0.5__sim_0.9__teacher_ridge__seed_2,condition_recombine_pseudolabel,0.5,0.9,ridge,2,158,23,1.1455696202531647,False,1.0,1.0,1.0,reaction_role_concat,6144,random_forest,False,valid,mae,12.412102958845187,1,0.05,random,,
condition_recombine_pseudolabel__mult_0.5__sim_0.9__teacher_ridge__seed_2,condition_recombine_pseudolabel,0.5,0.9,ridge,2,158,23,1.1455696202531647,False,1.0,1.0,1.0,reaction_role_concat,6144,random_forest,False,valid,r2,0.6717490159354169,1,0.05,random,,
condition_recombine_pseudolabel__mult_0.5__sim_0.9__teacher_ridge__seed_2,condition_recombine_pseudolabel,0.5,0.9,ridge,2,158,23,1.1455696202531647,False,1.0,1.0,1.0,reaction_role_concat,6144,random_forest,False,valid,spearman,0.844978698256495,1,0.05,random,,
condition_recombine_pseudolabel__mult_0.5__sim_0.9__teacher_ridge__seed_3,condition_recombine_pseudolabel,0.5,0.9,ridge,3,158,26,1.1645569620253164,False,1.0,1.0,1.0,reaction_role_concat,6144,random_forest,False,valid,rmse,16.28096383141854,1,0.05,random,,
condition_recombine_pseudolabel__mult_0.5__sim_0.9__teacher_ridge__seed_3,condition_recombine_pseudolabel,0.5,0.9,ridge,3,158,26,1.1645569620253164,False,1.0,1.0,1.0,reaction_role_concat,6144,random_forest,False,valid,mae,12.417919727672503,1,0.05,random,,
condition_recombine_pseudolabel__mult_0.5__sim_0.9__teacher_ridge__seed_3,condition_recombine_pseudolabel,0.5,0.9,ridge,3,158,26,1.1645569620253164,False,1.0,1.0,1.0,reaction_role_concat,6144,random_forest,False,valid,r2,0.6682796481790907,1,0.05,random,,
condition_recombine_pseudolabel__mult_0.5__sim_0.9__teacher_ridge__seed_3,condition_recombine_pseudolabel,0.5,0.9,ridge,3,158,26,1.1645569620253164,False,1.0,1.0,1.0,reaction_role_concat,6144,random_forest,False,valid,spearman,0.8416757571147682,1,0.05,random,,
condition_recombine_pseudolabel__mult_0.5__sim_0.9__teacher_ridge__seed_4,condition_recombine_pseudolabel,0.5,0.9,ridge,4,158,16,1.1012658227848102,False,1.0,1.0,1.0,reaction_role_concat,6144,random_forest,False,valid,rmse,16.131197185433553,1,0.05,random,,
condition_recombine_pseudolabel__mult_0.5__sim_0.9__teacher_ridge__seed_4,condition_recombine_pseudolabel,0.5,0.9,ridge,4,158,16,1.1012658227848102,False,1.0,1.0,1.0,reaction_role_concat,6144,random_forest,False,valid,mae,12.333743066083025,1,0.05,random,,
condition_recombine_pseudolabel__mult_0.5__sim_0.9__teacher_ridge__seed_4,condition_recombine_pseudolabel,0.5,0.9,ridge,4,158,16,1.1012658227848102,False,1.0,1.0,1.0,reaction_role_concat,6144,random_forest,False,valid,r2,0.6743544901657489,1,0.05,random,,
condition_recombine_pseudolabel__mult_0.5__sim_0.9__teacher_ridge__seed_4,condition_recombine_pseudolabel,0.5,0.9,ridge,4,158,16,1.1012658227848102,False,1.0,1.0,1.0,reaction_role_concat,6144,random_forest,False,valid,spearman,0.8452109431523652,1,0.05,random,,
condition_recombine_pseudolabel__mult_0.5__sim_0.9__teacher_rf__seed_0,condition_recombine_pseudolabel,0.5,0.9,random_forest,0,158,24,1.1518987341772151,False,1.0,1.0,1.0,reaction_role_concat,6144,random_forest,False,valid,rmse,15.94229801612086,1,0.05,random,,
condition_recombine_pseudolabel__mult_0.5__sim_0.9__teacher_rf__seed_0,condition_recombine_pseudolabel,0.5,0.9,random_forest,0,158,24,1.1518987341772151,False,1.0,1.0,1.0,reaction_role_concat,6144,random_forest,False,valid,mae,11.966448670366143,1,0.05,random,,
condition_recombine_pseudolabel__mult_0.5__sim_0.9__teacher_rf__seed_0,condition_recombine_pseudolabel,0.5,0.9,random_forest,0,158,24,1.1518987341772151,False,1.0,1.0,1.0,reaction_role_concat,6144,random_forest,False,valid,r2,0.6819365678896615,1,0.05,random,,
condition_recombine_pseudolabel__mult_0.5__sim_0.9__teacher_rf__seed_0,condition_recombine_pseudolabel,0.5,0.9,random_forest,0,158,24,1.1518987341772151,False,1.0,1.0,1.0,reaction_role_concat,6144,random_forest,False,valid,spearman,0.8453462976199791,1,0.05,random,,
condition_recombine_pseudolabel__mult_0.5__sim_0.9__teacher_rf__seed_1,condition_recombine_pseudolabel,0.5,0.9,random_forest,1,158,22,1.139240506329114,False,1.0,1.0,1.0,reaction_role_concat,6144,random_forest,False,valid,rmse,16.353127620331588,1,0.05,random,,
condition_recombine_pseudolabel__mult_0.5__sim_0.9__teacher_rf__seed_1,condition_recombine_pseudolabel,0.5,0.9,random_forest,1,158,22,1.139240506329114,False,1.0,1.0,1.0,reaction_role_concat,6144,random_forest,False,valid,mae,12.270199802677842,1,0.05,random,,
condition_recombine_pseudolabel__mult_0.5__sim_0.9__teacher_rf__seed_1,condition_recombine_pseudolabel,0.5,0.9,random_forest,1,158,22,1.139240506329114,False,1.0,1.0,1.0,reaction_role_concat,6144,random_forest,False,valid,r2,0.6653324947351642,1,0.05,random,,
condition_recombine_pseudolabel__mult_0.5__sim_0.9__teacher_rf__seed_1,condition_recombine_pseudolabel,0.5,0.9,random_forest,1,158,22,1.139240506329114,False,1.0,1.0,1.0,reaction_role_concat,6144,random_forest,False,valid,spearman,0.8375096634543863,1,0.05,random,,
condition_recombine_pseudolabel__mult_0.5__sim_0.9__teacher_rf__seed_2,condition_recombine_pseudolabel,0.5,0.9,random_forest,2,158,23,1.1455696202531647,False,1.0,1.0,1.0,reaction_role_concat,6144,random_forest,False,valid,rmse,16.49238496594125,1,0.05,random,,
condition_recombine_pseudolabel__mult_0.5__sim_0.9__teacher_rf__seed_2,condition_recombine_pseudolabel,0.5,0.9,random_forest,2,158,23,1.1455696202531647,False,1.0,1.0,1.0,reaction_role_concat,6144,random_forest,False,valid,mae,12.253594927792307,1,0.05,random,,
condition_recombine_pseudolabel__mult_0.5__sim_0.9__teacher_rf__seed_2,condition_recombine_pseudolabel,0.5,0.9,random_forest,2,158,23,1.1455696202531647,False,1.0,1.0,1.0,reaction_role_concat,6144,random_forest,False,valid,r2,0.6596084100414068,1,0.05,random,,
condition_recombine_pseudolabel__mult_0.5__sim_0.9__teacher_rf__seed_2,condition_recombine_pseudolabel,0.5,0.9,random_forest,2,158,23,1.1455696202531647,False,1.0,1.0,1.0,reaction_role_concat,6144,random_forest,False,valid,spearman,0.835034721620661,1,0.05,random,,
condition_recombine_pseudolabel__mult_0.5__sim_0.9__teacher_rf__seed_3,condition_recombine_pseudolabel,0.5,0.9,random_forest,3,158,26,1.1645569620253164,False,1.0,1.0,1.0,reaction_role_concat,6144,random_forest,False,valid,rmse,16.10548932161601,1,0.05,random,,
condition_recombine_pseudolabel__mult_0.5__sim_0.9__teacher_rf__seed_3,condition_recombine_pseudolabel,0.5,0.9,random_forest,3,158,26,1.1645569620253164,False,1.0,1.0,1.0,reaction_role_concat,6144,random_forest,False,valid,mae,12.111911415323426,1,0.05,random,,
condition_recombine_pseudolabel__mult_0.5__sim_0.9__teacher_rf__seed_3,condition_recombine_pseudolabel,0.5,0.9,random_forest,3,158,26,1.1645569620253164,False,1.0,1.0,1.0,reaction_role_concat,6144,random_forest,False,valid,r2,0.6753916084259916,1,0.05,random,,
condition_recombine_pseudolabel__mult_0.5__sim_0.9__teacher_rf__seed_3,condition_recombine_pseudolabel,0.5,0.9,random_forest,3,158,26,1.1645569620253164,False,1.0,1.0,1.0,reaction_role_concat,6144,random_forest,False,valid,spearman,0.8420511466634388,1,0.05,random,,
condition_recombine_pseudolabel__mult_0.5__sim_0.9__teacher_rf__seed_4,condition_recombine_pseudolabel,0.5,0.9,random_forest,4,158,16,1.1012658227848102,False,1.0,1.0,1.0,reaction_role_concat,6144,random_forest,False,valid,rmse,15.96995052908419,1,0.05,random,,
condition_recombine_pseudolabel__mult_0.5__sim_0.9__teacher_rf__seed_4,condition_recombine_pseudolabel,0.5,0.9,random_forest,4,158,16,1.1012658227848102,False,1.0,1.0,1.0,reaction_role_concat,6144,random_forest,False,valid,mae,12.057965810351734,1,0.05,random,,
condition_recombine_pseudolabel__mult_0.5__sim_0.9__teacher_rf__seed_4,condition_recombine_pseudolabel,0.5,0.9,random_forest,4,158,16,1.1012658227848102,False,1.0,1.0,1.0,reaction_role_concat,6144,random_forest,False,valid,r2,0.6808322250880521,1,0.05,random,,
condition_recombine_pseudolabel__mult_0.5__sim_0.9__teacher_rf__seed_4,condition_recombine_pseudolabel,0.5,0.9,random_forest,4,158,16,1.1012658227848102,False,1.0,1.0,1.0,reaction_role_concat,6144,random_forest,False,valid,spearman,0.8493025431669018,1,0.05,random,,
condition_recombine_pseudolabel__mult_1__sim_0.7__teacher_ridge__seed_0,condition_recombine_pseudolabel,1.0,0.7,ridge,0,158,158,2.0,False,1.0,1.0,1.0,reaction_role_concat,6144,random_forest,False,valid,rmse,16.21581962526422,1,0.05,random,,
condition_recombine_pseudolabel__mult_1__sim_0.7__teacher_ridge__seed_0,condition_recombine_pseudolabel,1.0,0.7,ridge,0,158,158,2.0,False,1.0,1.0,1.0,reaction_role_concat,6144,random_forest,False,valid,mae,12.673221329284619,1,0.05,random,,
condition_recombine_pseudolabel__mult_1__sim_0.7__teacher_ridge__seed_0,condition_recombine_pseudolabel,1.0,0.7,ridge,0,158,158,2.0,False,1.0,1.0,1.0,reaction_role_concat,6144,random_forest,False,valid,r2,0.6709289294359202,1,0.05,random,,
condition_recombine_pseudolabel__mult_1__sim_0.7__teacher_ridge__seed_0,condition_recombine_pseudolabel,1.0,0.7,ridge,0,158,158,2.0,False,1.0,1.0,1.0,reaction_role_concat,6144,random_forest,False,valid,spearman,0.8435772439414582,1,0.05,random,,
condition_recombine_pseudolabel__mult_1__sim_0.7__teacher_ridge__seed_1,condition_recombine_pseudolabel,1.0,0.7,ridge,1,158,158,2.0,False,1.0,1.0,1.0,reaction_role_concat,6144,random_forest,False,valid,rmse,17.14314156453311,1,0.05,random,,
condition_recombine_pseudolabel__mult_1__sim_0.7__teacher_ridge__seed_1,condition_recombine_pseudolabel,1.0,0.7,ridge,1,158,158,2.0,False,1.0,1.0,1.0,reaction_role_concat,6144,random_forest,False,valid,mae,13.378451730498783,1,0.05,random,,
condition_recombine_pseudolabel__mult_1__sim_0.7__teacher_ridge__seed_1,condition_recombine_pseudolabel,1.0,0.7,ridge,1,158,158,2.0,False,1.0,1.0,1.0,reaction_role_concat,6144,random_forest,False,valid,r2,0.6322160970535216,1,0.05,random,,
condition_recombine_pseudolabel__mult_1__sim_0.7__teacher_ridge__seed_1,condition_recombine_pseudolabel,1.0,0.7,ridge,1,158,158,2.0,False,1.0,1.0,1.0,reaction_role_concat,6144,random_forest,False,valid,spearman,0.8333633373889149,1,0.05,random,,
condition_recombine_pseudolabel__mult_1__sim_0.7__teacher_ridge__seed_2,condition_recombine_pseudolabel,1.0,0.7,ridge,2,158,158,2.0,False,1.0,1.0,1.0,reaction_role_concat,6144,random_forest,False,valid,rmse,16.485583933174464,1,0.05,random,,
condition_recombine_pseudolabel__mult_1__sim_0.7__teacher_ridge__seed_2,condition_recombine_pseudolabel,1.0,0.7,ridge,2,158,158,2.0,False,1.0,1.0,1.0,reaction_role_concat,6144,random_forest,False,valid,mae,12.914225187055672,1,0.05,random,,
condition_recombine_pseudolabel__mult_1__sim_0.7__teacher_ridge__seed_2,condition_recombine_pseudolabel,1.0,0.7,ridge,2,158,158,2.0,False,1.0,1.0,1.0,reaction_role_concat,6144,random_forest,False,valid,r2,0.6598890895229518,1,0.05,random,,
condition_recombine_pseudolabel__mult_1__sim_0.7__teacher_ridge__seed_2,condition_recombine_pseudolabel,1.0,0.7,ridge,2,158,158,2.0,False,1.0,1.0,1.0,reaction_role_concat,6144,random_forest,False,valid,spearman,0.8425607221519453,1,0.05,random,,
condition_recombine_pseudolabel__mult_1__sim_0.7__teacher_ridge__seed_3,condition_recombine_pseudolabel,1.0,0.7,ridge,3,158,158,2.0,False,1.0,1.0,1.0,reaction_role_concat,6144,random_forest,False,valid,rmse,16.439246211099306,1,0.05,random,,
condition_recombine_pseudolabel__mult_1__sim_0.7__teacher_ridge__seed_3,condition_recombine_pseudolabel,1.0,0.7,ridge,3,158,158,2.0,False,1.0,1.0,1.0,reaction_role_concat,6144,random_forest,False,valid,mae,13.022767475955094,1,0.05,random,,
condition_recombine_pseudolabel__mult_1__sim_0.7__teacher_ridge__seed_3,condition_recombine_pseudolabel,1.0,0.7,ridge,3,158,158,2.0,False,1.0,1.0,1.0,reaction_role_concat,6144,random_forest,False,valid,r2,0.6617983716973873,1,0.05,random,,
condition_recombine_pseudolabel__mult_1__sim_0.7__teacher_ridge__seed_3,condition_recombine_pseudolabel,1.0,0.7,ridge,3,158,158,2.0,False,1.0,1.0,1.0,reaction_role_concat,6144,random_forest,False,valid,spearman,0.8460283283330501,1,0.05,random,,
condition_recombine_pseudolabel__mult_1__sim_0.7__teacher_ridge__seed_4,condition_recombine_pseudolabel,1.0,0.7,ridge,4,158,158,2.0,False,1.0,1.0,1.0,reaction_role_concat,6144,random_forest,False,valid,rmse,16.30735423607916,1,0.05,random,,
condition_recombine_pseudolabel__mult_1__sim_0.7__teacher_ridge__seed_4,condition_recombine_pseudolabel,1.0,0.7,ridge,4,158,158,2.0,False,1.0,1.0,1.0,reaction_role_concat,6144,random_forest,False,valid,mae,12.897621193247502,1,0.05,random,,
condition_recombine_pseudolabel__mult_1__sim_0.7__teacher_ridge__seed_4,condition_recombine_pseudolabel,1.0,0.7,ridge,4,158,158,2.0,False,1.0,1.0,1.0,reaction_role_concat,6144,random_forest,False,valid,r2,0.6672033815111753,1,0.05,random,,
condition_recombine_pseudolabel__mult_1__sim_0.7__teacher_ridge__seed_4,condition_recombine_pseudolabel,1.0,0.7,ridge,4,158,158,2.0,False,1.0,1.0,1.0,reaction_role_concat,6144,random_forest,False,valid,spearman,0.8557571984804241,1,0.05,random,,
condition_recombine_pseudolabel__mult_1__sim_0.7__teacher_rf__seed_0,condition_recombine_pseudolabel,1.0,0.7,random_forest,0,158,158,2.0,False,1.0,1.0,1.0,reaction_role_concat,6144,random_forest,False,valid,rmse,16.34099245338717,1,0.05,random,,
condition_recombine_pseudolabel__mult_1__sim_0.7__teacher_rf__seed_0,condition_recombine_pseudolabel,1.0,0.7,random_forest,0,158,158,2.0,False,1.0,1.0,1.0,reaction_role_concat,6144,random_forest,False,valid,mae,12.255632229124442,1,0.05,random,,
condition_recombine_pseudolabel__mult_1__sim_0.7__teacher_rf__seed_0,condition_recombine_pseudolabel,1.0,0.7,random_forest,0,158,158,2.0,False,1.0,1.0,1.0,reaction_role_concat,6144,random_forest,False,valid,r2,0.6658290039384064,1,0.05,random,,
condition_recombine_pseudolabel__mult_1__sim_0.7__teacher_rf__seed_0,condition_recombine_pseudolabel,1.0,0.7,random_forest,0,158,158,2.0,False,1.0,1.0,1.0,reaction_role_concat,6144,random_forest,False,valid,spearman,0.8366910123686085,1,0.05,random,,
condition_recombine_pseudolabel__mult_1__sim_0.7__teacher_rf__seed_1,condition_recombine_pseudolabel,1.0,0.7,random_forest,1,158,158,2.0,False,1.0,1.0,1.0,reaction_role_concat,6144,random_forest,False,valid,rmse,17.077287199251852,1,0.05,random,,
condition_recombine_pseudolabel__mult_1__sim_0.7__teacher_rf__seed_1,condition_recombine_pseudolabel,1.0,0.7,random_forest,1,158,158,2.0,False,1.0,1.0,1.0,reaction_role_concat,6144,random_forest,False,valid,mae,12.671914986154702,1,0.05,random,,
condition_recombine_pseudolabel__mult_1__sim_0.7__teacher_rf__seed_1,condition_recombine_pseudolabel,1.0,0.7,random_forest,1,158,158,2.0,False,1.0,1.0,1.0,reaction_role_concat,6144,random_forest,False,valid,r2,0.6350363100479433,1,0.05,random,,
condition_recombine_pseudolabel__mult_1__sim_0.7__teacher_rf__seed_1,condition_recombine_pseudolabel,1.0,0.7,random_forest,1,158,158,2.0,False,1.0,1.0,1.0,reaction_role_concat,6144,random_forest,False,valid,spearman,0.8206107068614324,1,0.05,random,,
condition_recombine_pseudolabel__mult_1__sim_0.7__teacher_rf__seed_2,condition_recombine_pseudolabel,1.0,0.7,random_forest,2,158,158,2.0,False,1.0,1.0,1.0,reaction_role_concat,6144,random_forest,False,valid,rmse,16.884605724048043,1,0.05,random,,
condition_recombine_pseudolabel__mult_1__sim_0.7__teacher_rf__seed_2,condition_recombine_pseudolabel,1.0,0.7,random_forest,2,158,158,2.0,False,1.0,1.0,1.0,reaction_role_concat,6144,random_forest,False,valid,mae,12.578472390395177,1,0.05,random,,
condition_recombine_pseudolabel__mult_1__sim_0.7__teacher_rf__seed_2,condition_recombine_pseudolabel,1.0,0.7,random_forest,2,158,158,2.0,False,1.0,1.0,1.0,reaction_role_concat,6144,random_forest,False,valid,r2,0.6432255528071331,1,0.05,random,,
condition_recombine_pseudolabel__mult_1__sim_0.7__teacher_rf__seed_2,condition_recombine_pseudolabel,1.0,0.7,random_forest,2,158,158,2.0,False,1.0,1.0,1.0,reaction_role_concat,6144,random_forest,False,valid,spearman,0.8241576755541237,1,0.05,random,,
condition_recombine_pseudolabel__mult_1__sim_0.7__teacher_rf__seed_3,condition_recombine_pseudolabel,1.0,0.7,random_forest,3,158,158,2.0,False,1.0,1.0,1.0,reaction_role_concat,6144,random_forest,False,valid,rmse,16.605588451672407,1,0.05,random,,
condition_recombine_pseudolabel__mult_1__sim_0.7__teacher_rf__seed_3,condition_recombine_pseudolabel,1.0,0.7,random_forest,3,158,158,2.0,False,1.0,1.0,1.0,reaction_role_concat,6144,random_forest,False,valid,mae,12.444706989116305,1,0.05,random,,
condition_recombine_pseudolabel__mult_1__sim_0.7__teacher_rf__seed_3,condition_recombine_pseudolabel,1.0,0.7,random_forest,3,158,158,2.0,False,1.0,1.0,1.0,reaction_role_concat,6144,random_forest,False,valid,r2,0.6549194870854302,1,0.05,random,,
condition_recombine_pseudolabel__mult_1__sim_0.7__teacher_rf__seed_3,condition_recombine_pseudolabel,1.0,0.7,random_forest,3,158,158,2.0,False,1.0,1.0,1.0,reaction_role_concat,6144,random_forest,False,valid,spearman,0.8314866817775065,1,0.05,random,,
condition_recombine_pseudolabel__mult_1__sim_0.7__teacher_rf__seed_4,condition_recombine_pseudolabel,1.0,0.7,random_forest,4,158,158,2.0,False,1.0,1.0,1.0,reaction_role_concat,6144,random_forest,False,valid,rmse,16.489167439089737,1,0.05,random,,
condition_recombine_pseudolabel__mult_1__sim_0.7__teacher_rf__seed_4,condition_recombine_pseudolabel,1.0,0.7,random_forest,4,158,158,2.0,False,1.0,1.0,1.0,reaction_role_concat,6144,random_forest,False,valid,mae,12.290976416028,1,0.05,random,,
condition_recombine_pseudolabel__mult_1__sim_0.7__teacher_rf__seed_4,condition_recombine_pseudolabel,1.0,0.7,random_forest,4,158,158,2.0,False,1.0,1.0,1.0,reaction_role_concat,6144,random_forest,False,valid,r2,0.6597412122102776,1,0.05,random,,
condition_recombine_pseudolabel__mult_1__sim_0.7__teacher_rf__seed_4,condition_recombine_pseudolabel,1.0,0.7,random_forest,4,158,158,2.0,False,1.0,1.0,1.0,reaction_role_concat,6144,random_forest,False,valid,spearman,0.8329126751758804,1,0.05,random,,
condition_recombine_pseudolabel__mult_1__sim_0.8__teacher_ridge__seed_0,condition_recombine_pseudolabel,1.0,0.8,ridge,0,158,141,1.8924050632911393,False,1.0,1.0,1.0,reaction_role_concat,6144,random_forest,False,valid,rmse,16.236536468642306,1,0.05,random,,
condition_recombine_pseudolabel__mult_1__sim_0.8__teacher_ridge__seed_0,condition_recombine_pseudolabel,1.0,0.8,ridge,0,158,141,1.8924050632911393,False,1.0,1.0,1.0,reaction_role_concat,6144,random_forest,False,valid,mae,12.790425510563429,1,0.05,random,,
condition_recombine_pseudolabel__mult_1__sim_0.8__teacher_ridge__seed_0,condition_recombine_pseudolabel,1.0,0.8,ridge,0,158,141,1.8924050632911393,False,1.0,1.0,1.0,reaction_role_concat,6144,random_forest,False,valid,r2,0.6700875697286319,1,0.05,random,,
condition_recombine_pseudolabel__mult_1__sim_0.8__teacher_ridge__seed_0,condition_recombine_pseudolabel,1.0,0.8,ridge,0,158,141,1.8924050632911393,False,1.0,1.0,1.0,reaction_role_concat,6144,random_forest,False,valid,spearman,0.8396162269061087,1,0.05,random,,
condition_recombine_pseudolabel__mult_1__sim_0.8__teacher_ridge__seed_1,condition_recombine_pseudolabel,1.0,0.8,ridge,1,158,144,1.9113924050632911,False,1.0,1.0,1.0,reaction_role_concat,6144,random_forest,False,valid,rmse,17.015505484806322,1,0.05,random,,
condition_recombine_pseudolabel__mult_1__sim_0.8__teacher_ridge__seed_1,condition_recombine_pseudolabel,1.0,0.8,ridge,1,158,144,1.9113924050632911,False,1.0,1.0,1.0,reaction_role_concat,6144,random_forest,False,valid,mae,13.214752433364906,1,0.05,random,,
condition_recombine_pseudolabel__mult_1__sim_0.8__teacher_ridge__seed_1,condition_recombine_pseudolabel,1.0,0.8,ridge,1,158,144,1.9113924050632911,False,1.0,1.0,1.0,reaction_role_concat,6144,random_forest,False,valid,r2,0.6376722434152887,1,0.05,random,,
condition_recombine_pseudolabel__mult_1__sim_0.8__teacher_ridge__seed_1,condition_recombine_pseudolabel,1.0,0.8,ridge,1,158,144,1.9113924050632911,False,1.0,1.0,1.0,reaction_role_concat,6144,random_forest,False,valid,spearman,0.8310887006917954,1,0.05,random,,
condition_recombine_pseudolabel__mult_1__sim_0.8__teacher_ridge__seed_2,condition_recombine_pseudolabel,1.0,0.8,ridge,2,158,142,1.8987341772151898,False,1.0,1.0,1.0,reaction_role_concat,6144,random_forest,False,valid,rmse,16.713312634284897,1,0.05,random,,
condition_recombine_pseudolabel__mult_1__sim_0.8__teacher_ridge__seed_2,condition_recombine_pseudolabel,1.0,0.8,ridge,2,158,142,1.8987341772151898,False,1.0,1.0,1.0,reaction_role_concat,6144,random_forest,False,valid,mae,12.885666057346745,1,0.05,random,,
condition_recombine_pseudolabel__mult_1__sim_0.8__teacher_ridge__seed_2,condition_recombine_pseudolabel,1.0,0.8,ridge,2,158,142,1.8987341772151898,False,1.0,1.0,1.0,reaction_role_concat,6144,random_forest,False,valid,r2,0.6504277350740035,1,0.05,random,,
condition_recombine_pseudolabel__mult_1__sim_0.8__teacher_ridge__seed_2,condition_recombine_pseudolabel,1.0,0.8,ridge,2,158,142,1.8987341772151898,False,1.0,1.0,1.0,reaction_role_concat,6144,random_forest,False,valid,spearman,0.8355944464263051,1,0.05,random,,
condition_recombine_pseudolabel__mult_1__sim_0.8__teacher_ridge__seed_3,condition_recombine_pseudolabel,1.0,0.8,ridge,3,158,137,1.8670886075949367,False,1.0,1.0,1.0,reaction_role_concat,6144,random_forest,False,valid,rmse,16.72449763881713,1,0.05,random,,
condition_recombine_pseudolabel__mult_1__sim_0.8__teacher_ridge__seed_3,condition_recombine_pseudolabel,1.0,0.8,ridge,3,158,137,1.8670886075949367,False,1.0,1.0,1.0,reaction_role_concat,6144,random_forest,False,valid,mae,13.280088863188709,1,0.05,random,,
condition_recombine_pseudolabel__mult_1__sim_0.8__teacher_ridge__seed_3,condition_recombine_pseudolabel,1.0,0.8,ridge,3,158,137,1.8670886075949367,False,1.0,1.0,1.0,reaction_role_concat,6144,random_forest,False,valid,r2,0.6499596919300126,1,0.05,random,,
condition_recombine_pseudolabel__mult_1__sim_0.8__teacher_ridge__seed_3,condition_recombine_pseudolabel,1.0,0.8,ridge,3,158,137,1.8670886075949367,False,1.0,1.0,1.0,reaction_role_concat,6144,random_forest,False,valid,spearman,0.8349867146044497,1,0.05,random,,
condition_recombine_pseudolabel__mult_1__sim_0.8__teacher_ridge__seed_4,condition_recombine_pseudolabel,1.0,0.8,ridge,4,158,141,1.8924050632911393,False,1.0,1.0,1.0,reaction_role_concat,6144,random_forest,False,valid,rmse,16.692349552118973,1,0.05,random,,
condition_recombine_pseudolabel__mult_1__sim_0.8__teacher_ridge__seed_4,condition_recombine_pseudolabel,1.0,0.8,ridge,4,158,141,1.8924050632911393,False,1.0,1.0,1.0,reaction_role_concat,6144,random_forest,False,valid,mae,13.05852338236344,1,0.05,random,,
condition_recombine_pseudolabel__mult_1__sim_0.8__teacher_ridge__seed_4,condition_recombine_pseudolabel,1.0,0.8,ridge,4,158,141,1.8924050632911393,False,1.0,1.0,1.0,reaction_role_concat,6144,random_forest,False,valid,r2,0.6513041042942382,1,0.05,random,,
condition_recombine_pseudolabel__mult_1__sim_0.8__teacher_ridge__seed_4,condition_recombine_pseudolabel,1.0,0.8,ridge,4,158,141,1.8924050632911393,False,1.0,1.0,1.0,reaction_role_concat,6144,random_forest,False,valid,spearman,0.8443435060318574,1,0.05,random,,
condition_recombine_pseudolabel__mult_1__sim_0.8__teacher_rf__seed_0,condition_recombine_pseudolabel,1.0,0.8,random_forest,0,158,141,1.8924050632911393,False,1.0,1.0,1.0,reaction_role_concat,6144,random_forest,False,valid,rmse,16.456265014206107,1,0.05,random,,
condition_recombine_pseudolabel__mult_1__sim_0.8__teacher_rf__seed_0,condition_recombine_pseudolabel,1.0,0.8,random_forest,0,158,141,1.8924050632911393,False,1.0,1.0,1.0,reaction_role_concat,6144,random_forest,False,valid,mae,12.292662582632861,1,0.05,random,,
condition_recombine_pseudolabel__mult_1__sim_0.8__teacher_rf__seed_0,condition_recombine_pseudolabel,1.0,0.8,random_forest,0,158,141,1.8924050632911393,False,1.0,1.0,1.0,reaction_role_concat,6144,random_forest,False,valid,r2,0.661097759734941,1,0.05,random,,
condition_recombine_pseudolabel__mult_1__sim_0.8__teacher_rf__seed_0,condition_recombine_pseudolabel,1.0,0.8,random_forest,0,158,141,1.8924050632911393,False,1.0,1.0,1.0,reaction_role_concat,6144,random_forest,False,valid,spearman,0.8332093838541682,1,0.05,random,,
condition_recombine_pseudolabel__mult_1__sim_0.8__teacher_rf__seed_1,condition_recombine_pseudolabel,1.0,0.8,random_forest,1,158,144,1.9113924050632911,False,1.0,1.0,1.0,reaction_role_concat,6144,random_forest,False,valid,rmse,17.448152480503637,1,0.05,random,,
condition_recombine_pseudolabel__mult_1__sim_0.8__teacher_rf__seed_1,condition_recombine_pseudolabel,1.0,0.8,random_forest,1,158,144,1.9113924050632911,False,1.0,1.0,1.0,reaction_role_concat,6144,random_forest,False,valid,mae,12.804461830018441,1,0.05,random,,
condition_recombine_pseudolabel__mult_1__sim_0.8__teacher_rf__seed_1,condition_recombine_pseudolabel,1.0,0.8,random_forest,1,158,144,1.9113924050632911,False,1.0,1.0,1.0,reaction_role_concat,6144,random_forest,False,valid,r2,0.6190124445518886,1,0.05,random,,
condition_recombine_pseudolabel__mult_1__sim_0.8__teacher_rf__seed_1,condition_recombine_pseudolabel,1.0,0.8,random_forest,1,158,144,1.9113924050632911,False,1.0,1.0,1.0,reaction_role_concat,6144,random_forest,False,valid,spearman,0.8126875042629553,1,0.05,random,,
condition_recombine_pseudolabel__mult_1__sim_0.8__teacher_rf__seed_2,condition_recombine_pseudolabel,1.0,0.8,random_forest,2,158,142,1.8987341772151898,False,1.0,1.0,1.0,reaction_role_concat,6144,random_forest,False,valid,rmse,17.01068444012121,1,0.05,random,,
condition_recombine_pseudolabel__mult_1__sim_0.8__teacher_rf__seed_2,condition_recombine_pseudolabel,1.0,0.8,random_forest,2,158,142,1.8987341772151898,False,1.0,1.0,1.0,reaction_role_concat,6144,random_forest,False,valid,mae,12.686499257818054,1,0.05,random,,
condition_recombine_pseudolabel__mult_1__sim_0.8__teacher_rf__seed_2,condition_recombine_pseudolabel,1.0,0.8,random_forest,2,158,142,1.8987341772151898,False,1.0,1.0,1.0,reaction_role_concat,6144,random_forest,False,valid,r2,0.637877532743237,1,0.05,random,,
condition_recombine_pseudolabel__mult_1__sim_0.8__teacher_rf__seed_2,condition_recombine_pseudolabel,1.0,0.8,random_forest,2,158,142,1.8987341772151898,False,1.0,1.0,1.0,reaction_role_concat,6144,random_forest,False,valid,spearman,0.824070814989295,1,0.05,random,,
condition_recombine_pseudolabel__mult_1__sim_0.8__teacher_rf__seed_3,condition_recombine_pseudolabel,1.0,0.8,random_forest,3,158,137,1.8670886075949367,False,1.0,1.0,1.0,reaction_role_concat,6144,random_forest,False,valid,rmse,16.96285583908341,1,0.05,random,,
condition_recombine_pseudolabel__mult_1__sim_0.8__teacher_rf__seed_3,condition_recombine_pseudolabel,1.0,0.8,random_forest,3,158,137,1.8670886075949367,False,1.0,1.0,1.0,reaction_role_concat,6144,random_forest,False,valid,mae,12.587488522923445,1,0.05,random,,
condition_recombine_pseudolabel__mult_1__sim_0.8__teacher_rf__seed_3,condition_recombine_pseudolabel,1.0,0.8,random_forest,3,158,137,1.8670886075949367,False,1.0,1.0,1.0,reaction_role_concat,6144,random_forest,False,valid,r2,0.6399110149574431,1,0.05,random,,
condition_recombine_pseudolabel__mult_1__sim_0.8__teacher_rf__seed_3,condition_recombine_pseudolabel,1.0,0.8,random_forest,3,158,137,1.8670886075949367,False,1.0,1.0,1.0,reaction_role_concat,6144,random_forest,False,valid,spearman,0.8249743790936048,1,0.05,random,,
condition_recombine_pseudolabel__mult_1__sim_0.8__teacher_rf__seed_4,condition_recombine_pseudolabel,1.0,0.8,random_forest,4,158,141,1.8924050632911393,False,1.0,1.0,1.0,reaction_role_concat,6144,random_forest,False,valid,rmse,16.45378080043557,1,0.05,random,,
condition_recombine_pseudolabel__mult_1__sim_0.8__teacher_rf__seed_4,condition_recombine_pseudolabel,1.0,0.8,random_forest,4,158,141,1.8924050632911393,False,1.0,1.0,1.0,reaction_role_concat,6144,random_forest,False,valid,mae,12.230025822894481,1,0.05,random,,
condition_recombine_pseudolabel__mult_1__sim_0.8__teacher_rf__seed_4,condition_recombine_pseudolabel,1.0,0.8,random_forest,4,158,141,1.8924050632911393,False,1.0,1.0,1.0,reaction_role_concat,6144,random_forest,False,valid,r2,0.6612000723879012,1,0.05,random,,
condition_recombine_pseudolabel__mult_1__sim_0.8__teacher_rf__seed_4,condition_recombine_pseudolabel,1.0,0.8,random_forest,4,158,141,1.8924050632911393,False,1.0,1.0,1.0,reaction_role_concat,6144,random_forest,False,valid,spearman,0.8348269184308132,1,0.05,random,,
condition_recombine_pseudolabel__mult_1__sim_0.9__teacher_ridge__seed_0,condition_recombine_pseudolabel,1.0,0.9,ridge,0,158,54,1.3417721518987342,False,1.0,1.0,1.0,reaction_role_concat,6144,random_forest,False,valid,rmse,16.19728264546236,1,0.05,random,,
condition_recombine_pseudolabel__mult_1__sim_0.9__teacher_ridge__seed_0,condition_recombine_pseudolabel,1.0,0.9,ridge,0,158,54,1.3417721518987342,False,1.0,1.0,1.0,reaction_role_concat,6144,random_forest,False,valid,mae,12.392805969588364,1,0.05,random,,
condition_recombine_pseudolabel__mult_1__sim_0.9__teacher_ridge__seed_0,condition_recombine_pseudolabel,1.0,0.9,ridge,0,158,54,1.3417721518987342,False,1.0,1.0,1.0,reaction_role_concat,6144,random_forest,False,valid,r2,0.6716808491484421,1,0.05,random,,
condition_recombine_pseudolabel__mult_1__sim_0.9__teacher_ridge__seed_0,condition_recombine_pseudolabel,1.0,0.9,ridge,0,158,54,1.3417721518987342,False,1.0,1.0,1.0,reaction_role_concat,6144,random_forest,False,valid,spearman,0.8426310285732528,1,0.05,random,,
condition_recombine_pseudolabel__mult_1__sim_0.9__teacher_ridge__seed_1,condition_recombine_pseudolabel,1.0,0.9,ridge,1,158,40,1.2531645569620253,False,1.0,1.0,1.0,reaction_role_concat,6144,random_forest,False,valid,rmse,16.026391669503266,1,0.05,random,,
condition_recombine_pseudolabel__mult_1__sim_0.9__teacher_ridge__seed_1,condition_recombine_pseudolabel,1.0,0.9,ridge,1,158,40,1.2531645569620253,False,1.0,1.0,1.0,reaction_role_concat,6144,random_forest,False,valid,mae,12.398157576681692,1,0.05,random,,
condition_recombine_pseudolabel__mult_1__sim_0.9__teacher_ridge__seed_1,condition_recombine_pseudolabel,1.0,0.9,ridge,1,158,40,1.2531645569620253,False,1.0,1.0,1.0,reaction_role_concat,6144,random_forest,False,valid,r2,0.6785722273343131,1,0.05,random,,
condition_recombine_pseudolabel__mult_1__sim_0.9__teacher_ridge__seed_1,condition_recombine_pseudolabel,1.0,0.9,ridge,1,158,40,1.2531645569620253,False,1.0,1.0,1.0,reaction_role_concat,6144,random_forest,False,valid,spearman,0.8459332880737757,1,0.05,random,,
condition_recombine_pseudolabel__mult_1__sim_0.9__teacher_ridge__seed_2,condition_recombine_pseudolabel,1.0,0.9,ridge,2,158,44,1.2784810126582278,False,1.0,1.0,1.0,reaction_role_concat,6144,random_forest,False,valid,rmse,16.148115662839313,1,0.05,random,,
condition_recombine_pseudolabel__mult_1__sim_0.9__teacher_ridge__seed_2,condition_recombine_pseudolabel,1.0,0.9,ridge,2,158,44,1.2784810126582278,False,1.0,1.0,1.0,reaction_role_concat,6144,random_forest,False,valid,mae,12.444055199819273,1,0.05,random,,
condition_recombine_pseudolabel__mult_1__sim_0.9__teacher_ridge__seed_2,condition_recombine_pseudolabel,1.0,0.9,ridge,2,158,44,1.2784810126582278,False,1.0,1.0,1.0,reaction_role_concat,6144,random_forest,False,valid,r2,0.6736710547959575,1,0.05,random,,
condition_recombine_pseudolabel__mult_1__sim_0.9__teacher_ridge__seed_2,condition_recombine_pseudolabel,1.0,0.9,ridge,2,158,44,1.2784810126582278,False,1.0,1.0,1.0,reaction_role_concat,6144,random_forest,False,valid,spearman,0.8463540554511573,1,0.05,random,,
condition_recombine_pseudolabel__mult_1__sim_0.9__teacher_ridge__seed_3,condition_recombine_pseudolabel,1.0,0.9,ridge,3,158,48,1.3037974683544304,False,1.0,1.0,1.0,reaction_role_concat,6144,random_forest,False,valid,rmse,16.41806834315506,1,0.05,random,,
condition_recombine_pseudolabel__mult_1__sim_0.9__teacher_ridge__seed_3,condition_recombine_pseudolabel,1.0,0.9,ridge,3,158,48,1.3037974683544304,False,1.0,1.0,1.0,reaction_role_concat,6144,random_forest,False,valid,mae,12.737526910477046,1,0.05,random,,
condition_recombine_pseudolabel__mult_1__sim_0.9__teacher_ridge__seed_3,condition_recombine_pseudolabel,1.0,0.9,ridge,3,158,48,1.3037974683544304,False,1.0,1.0,1.0,reaction_role_concat,6144,random_forest,False,valid,r2,0.6626691872876835,1,0.05,random,,
condition_recombine_pseudolabel__mult_1__sim_0.9__teacher_ridge__seed_3,condition_recombine_pseudolabel,1.0,0.9,ridge,3,158,48,1.3037974683544304,False,1.0,1.0,1.0,reaction_role_concat,6144,random_forest,False,valid,spearman,0.835605352685566,1,0.05,random,,
condition_recombine_pseudolabel__mult_1__sim_0.9__teacher_ridge__seed_4,condition_recombine_pseudolabel,1.0,0.9,ridge,4,158,34,1.2151898734177216,False,1.0,1.0,1.0,reaction_role_concat,6144,random_forest,False,valid,rmse,16.27202539031377,1,0.05,random,,
condition_recombine_pseudolabel__mult_1__sim_0.9__teacher_ridge__seed_4,condition_recombine_pseudolabel,1.0,0.9,ridge,4,158,34,1.2151898734177216,False,1.0,1.0,1.0,reaction_role_concat,6144,random_forest,False,valid,mae,12.607322353172908,1,0.05,random,,
condition_recombine_pseudolabel__mult_1__sim_0.9__teacher_ridge__seed_4,condition_recombine_pseudolabel,1.0,0.9,ridge,4,158,34,1.2151898734177216,False,1.0,1.0,1.0,reaction_role_concat,6144,random_forest,False,valid,r2,0.6686437849625725,1,0.05,random,,
condition_recombine_pseudolabel__mult_1__sim_0.9__teacher_ridge__seed_4,condition_recombine_pseudolabel,1.0,0.9,ridge,4,158,34,1.2151898734177216,False,1.0,1.0,1.0,reaction_role_concat,6144,random_forest,False,valid,spearman,0.8426598522584425,1,0.05,random,,
condition_recombine_pseudolabel__mult_1__sim_0.9__teacher_rf__seed_0,condition_recombine_pseudolabel,1.0,0.9,random_forest,0,158,54,1.3417721518987342,False,1.0,1.0,1.0,reaction_role_concat,6144,random_forest,False,valid,rmse,16.457645367137005,1,0.05,random,,
condition_recombine_pseudolabel__mult_1__sim_0.9__teacher_rf__seed_0,condition_recombine_pseudolabel,1.0,0.9,random_forest,0,158,54,1.3417721518987342,False,1.0,1.0,1.0,reaction_role_concat,6144,random_forest,False,valid,mae,12.236094478260114,1,0.05,random,,
condition_recombine_pseudolabel__mult_1__sim_0.9__teacher_rf__seed_0,condition_recombine_pseudolabel,1.0,0.9,random_forest,0,158,54,1.3417721518987342,False,1.0,1.0,1.0,reaction_role_concat,6144,random_forest,False,valid,r2,0.6610409030520931,1,0.05,random,,
condition_recombine_pseudolabel__mult_1__sim_0.9__teacher_rf__seed_0,condition_recombine_pseudolabel,1.0,0.9,random_forest,0,158,54,1.3417721518987342,False,1.0,1.0,1.0,reaction_role_concat,6144,random_forest,False,valid,spearman,0.8348119223243294,1,0.05,random,,
condition_recombine_pseudolabel__mult_1__sim_0.9__teacher_rf__seed_1,condition_recombine_pseudolabel,1.0,0.9,random_forest,1,158,40,1.2531645569620253,False,1.0,1.0,1.0,reaction_role_concat,6144,random_forest,False,valid,rmse,16.513070046850697,1,0.05,random,,
condition_recombine_pseudolabel__mult_1__sim_0.9__teacher_rf__seed_1,condition_recombine_pseudolabel,1.0,0.9,random_forest,1,158,40,1.2531645569620253,False,1.0,1.0,1.0,reaction_role_concat,6144,random_forest,False,valid,mae,12.357368683623363,1,0.05,random,,
condition_recombine_pseudolabel__mult_1__sim_0.9__teacher_rf__seed_1,condition_recombine_pseudolabel,1.0,0.9,random_forest,1,158,40,1.2531645569620253,False,1.0,1.0,1.0,reaction_role_concat,6144,random_forest,False,valid,r2,0.6587540226264955,1,0.05,random,,
condition_recombine_pseudolabel__mult_1__sim_0.9__teacher_rf__seed_1,condition_recombine_pseudolabel,1.0,0.9,random_forest,1,158,40,1.2531645569620253,False,1.0,1.0,1.0,reaction_role_concat,6144,random_forest,False,valid,spearman,0.8326352472059292,1,0.05,random,,
condition_recombine_pseudolabel__mult_1__sim_0.9__teacher_rf__seed_2,condition_recombine_pseudolabel,1.0,0.9,random_forest,2,158,44,1.2784810126582278,False,1.0,1.0,1.0,reaction_role_concat,6144,random_forest,False,valid,rmse,16.50153655891377,1,0.05,random,,
condition_recombine_pseudolabel__mult_1__sim_0.9__teacher_rf__seed_2,condition_recombine_pseudolabel,1.0,0.9,random_forest,2,158,44,1.2784810126582278,False,1.0,1.0,1.0,reaction_role_concat,6144,random_forest,False,valid,mae,12.259718508017212,1,0.05,random,,
condition_recombine_pseudolabel__mult_1__sim_0.9__teacher_rf__seed_2,condition_recombine_pseudolabel,1.0,0.9,random_forest,2,158,44,1.2784810126582278,False,1.0,1.0,1.0,reaction_role_concat,6144,random_forest,False,valid,r2,0.6592305399422617,1,0.05,random,,
condition_recombine_pseudolabel__mult_1__sim_0.9__teacher_rf__seed_2,condition_recombine_pseudolabel,1.0,0.9,random_forest,2,158,44,1.2784810126582278,False,1.0,1.0,1.0,reaction_role_concat,6144,random_forest,False,valid,spearman,0.8360791906995301,1,0.05,random,,
condition_recombine_pseudolabel__mult_1__sim_0.9__teacher_rf__seed_3,condition_recombine_pseudolabel,1.0,0.9,random_forest,3,158,48,1.3037974683544304,False,1.0,1.0,1.0,reaction_role_concat,6144,random_forest,False,valid,rmse,16.51784634745116,1,0.05,random,,
condition_recombine_pseudolabel__mult_1__sim_0.9__teacher_rf__seed_3,condition_recombine_pseudolabel,1.0,0.9,random_forest,3,158,48,1.3037974683544304,False,1.0,1.0,1.0,reaction_role_concat,6144,random_forest,False,valid,mae,12.320798468206501,1,0.05,random,,
condition_recombine_pseudolabel__mult_1__sim_0.9__teacher_rf__seed_3,condition_recombine_pseudolabel,1.0,0.9,random_forest,3,158,48,1.3037974683544304,False,1.0,1.0,1.0,reaction_role_concat,6144,random_forest,False,valid,r2,0.6585565876153,1,0.05,random,,
condition_recombine_pseudolabel__mult_1__sim_0.9__teacher_rf__seed_3,condition_recombine_pseudolabel,1.0,0.9,random_forest,3,158,48,1.3037974683544304,False,1.0,1.0,1.0,reaction_role_concat,6144,random_forest,False,valid,spearman,0.8358927131416302,1,0.05,random,,
condition_recombine_pseudolabel__mult_1__sim_0.9__teacher_rf__seed_4,condition_recombine_pseudolabel,1.0,0.9,random_forest,4,158,34,1.2151898734177216,False,1.0,1.0,1.0,reaction_role_concat,6144,random_forest,False,valid,rmse,16.159951924617804,1,0.05,random,,
condition_recombine_pseudolabel__mult_1__sim_0.9__teacher_rf__seed_4,condition_recombine_pseudolabel,1.0,0.9,random_forest,4,158,34,1.2151898734177216,False,1.0,1.0,1.0,reaction_role_concat,6144,random_forest,False,valid,mae,12.14706547722032,1,0.05,random,,
condition_recombine_pseudolabel__mult_1__sim_0.9__teacher_rf__seed_4,condition_recombine_pseudolabel,1.0,0.9,random_forest,4,158,34,1.2151898734177216,False,1.0,1.0,1.0,reaction_role_concat,6144,random_forest,False,valid,r2,0.6731924936465359,1,0.05,random,,
condition_recombine_pseudolabel__mult_1__sim_0.9__teacher_rf__seed_4,condition_recombine_pseudolabel,1.0,0.9,random_forest,4,158,34,1.2151898734177216,False,1.0,1.0,1.0,reaction_role_concat,6144,random_forest,False,valid,spearman,0.8421424865847494,1,0.05,random,,
condition_recombine_pseudolabel__mult_0.25__sim_0.7__teacher_ridge__seed_0,condition_recombine_pseudolabel,0.25,0.7,ridge,0,316,79,1.25,False,1.0,1.0,1.0,reaction_role_concat,6144,random_forest,False,valid,rmse,14.160248694410123,2,0.1,random,,
condition_recombine_pseudolabel__mult_0.25__sim_0.7__teacher_ridge__seed_0,condition_recombine_pseudolabel,0.25,0.7,ridge,0,316,79,1.25,False,1.0,1.0,1.0,reaction_role_concat,6144,random_forest,False,valid,mae,10.344071156525159,2,0.1,random,,
condition_recombine_pseudolabel__mult_0.25__sim_0.7__teacher_ridge__seed_0,condition_recombine_pseudolabel,0.25,0.7,ridge,0,316,79,1.25,False,1.0,1.0,1.0,reaction_role_concat,6144,random_forest,False,valid,r2,0.7490693820830939,2,0.1,random,,
condition_recombine_pseudolabel__mult_0.25__sim_0.7__teacher_ridge__seed_0,condition_recombine_pseudolabel,0.25,0.7,ridge,0,316,79,1.25,False,1.0,1.0,1.0,reaction_role_concat,6144,random_forest,False,valid,spearman,0.8809993460307176,2,0.1,random,,
condition_recombine_pseudolabel__mult_0.25__sim_0.7__teacher_ridge__seed_1,condition_recombine_pseudolabel,0.25,0.7,ridge,1,316,79,1.25,False,1.0,1.0,1.0,reaction_role_concat,6144,random_forest,False,valid,rmse,13.910852496596398,2,0.1,random,,
condition_recombine_pseudolabel__mult_0.25__sim_0.7__teacher_ridge__seed_1,condition_recombine_pseudolabel,0.25,0.7,ridge,1,316,79,1.25,False,1.0,1.0,1.0,reaction_role_concat,6144,random_forest,False,valid,mae,10.437271450979802,2,0.1,random,,
condition_recombine_pseudolabel__mult_0.25__sim_0.7__teacher_ridge__seed_1,condition_recombine_pseudolabel,0.25,0.7,ridge,1,316,79,1.25,False,1.0,1.0,1.0,reaction_role_concat,6144,random_forest,False,valid,r2,0.7578305332172104,2,0.1,random,,
condition_recombine_pseudolabel__mult_0.25__sim_0.7__teacher_ridge__seed_1,condition_recombine_pseudolabel,0.25,0.7,ridge,1,316,79,1.25,False,1.0,1.0,1.0,reaction_role_concat,6144,random_forest,False,valid,spearman,0.8865634858001173,2,0.1,random,,
condition_recombine_pseudolabel__mult_0.25__sim_0.7__teacher_ridge__seed_2,condition_recombine_pseudolabel,0.25,0.7,ridge,2,316,79,1.25,False,1.0,1.0,1.0,reaction_role_concat,6144,random_forest,False,valid,rmse,14.474994845030038,2,0.1,random,,
condition_recombine_pseudolabel__mult_0.25__sim_0.7__teacher_ridge__seed_2,condition_recombine_pseudolabel,0.25,0.7,ridge,2,316,79,1.25,False,1.0,1.0,1.0,reaction_role_concat,6144,random_forest,False,valid,mae,10.716752560008931,2,0.1,random,,
condition_recombine_pseudolabel__mult_0.25__sim_0.7__teacher_ridge__seed_2,condition_recombine_pseudolabel,0.25,0.7,ridge,2,316,79,1.25,False,1.0,1.0,1.0,reaction_role_concat,6144,random_forest,False,valid,r2,0.7377903144005206,2,0.1,random,,
condition_recombine_pseudolabel__mult_0.25__sim_0.7__teacher_ridge__seed_2,condition_recombine_pseudolabel,0.25,0.7,ridge,2,316,79,1.25,False,1.0,1.0,1.0,reaction_role_concat,6144,random_forest,False,valid,spearman,0.8726367769877267,2,0.1,random,,
condition_recombine_pseudolabel__mult_0.25__sim_0.7__teacher_ridge__seed_3,condition_recombine_pseudolabel,0.25,0.7,ridge,3,316,79,1.25,False,1.0,1.0,1.0,reaction_role_concat,6144,random_forest,False,valid,rmse,13.748514806832333,2,0.1,random,,
condition_recombine_pseudolabel__mult_0.25__sim_0.7__teacher_ridge__seed_3,condition_recombine_pseudolabel,0.25,0.7,ridge,3,316,79,1.25,False,1.0,1.0,1.0,reaction_role_concat,6144,random_forest,False,valid,mae,10.27251393445836,2,0.1,random,,
condition_recombine_pseudolabel__mult_0.25__sim_0.7__teacher_ridge__seed_3,condition_recombine_pseudolabel,0.25,0.7,ridge,3,316,79,1.25,False,1.0,1.0,1.0,reaction_role_concat,6144,random_forest,False,valid,r2,0.7634497203718541,2,0.1,random,,
condition_recombine_pseudolabel__mult_0.25__sim_0.7__teacher_ridge__seed_3,condition_recombine_pseudolabel,0.25,0.7,ridge,3,316,79,1.25,False,1.0,1.0,1.0,reaction_role_concat,6144,random_forest,False,valid,spearman,0.8859230352004789,2,0.1,random,,
condition_recombine_pseudolabel__mult_0.25__sim_0.7__teacher_ridge__seed_4,condition_recombine_pseudolabel,0.25,0.7,ridge,4,316,79,1.25,False,1.0,1.0,1.0,reaction_role_concat,6144,random_forest,False,valid,rmse,14.304275176666314,2,0.1,random,,
condition_recombine_pseudolabel__mult_0.25__sim_0.7__teacher_ridge__seed_4,condition_recombine_pseudolabel,0.25,0.7,ridge,4,316,79,1.25,False,1.0,1.0,1.0,reaction_role_concat,6144,random_forest,False,valid,mae,10.505130761044688,2,0.1,random,,
condition_recombine_pseudolabel__mult_0.25__sim_0.7__teacher_ridge__seed_4,condition_recombine_pseudolabel,0.25,0.7,ridge,4,316,79,1.25,False,1.0,1.0,1.0,reaction_role_concat,6144,random_forest,False,valid,r2,0.7439389000444707,2,0.1,random,,
condition_recombine_pseudolabel__mult_0.25__sim_0.7__teacher_ridge__seed_4,condition_recombine_pseudolabel,0.25,0.7,ridge,4,316,79,1.25,False,1.0,1.0,1.0,reaction_role_concat,6144,random_forest,False,valid,spearman,0.8756179834812543,2,0.1,random,,
condition_recombine_pseudolabel__mult_0.25__sim_0.7__teacher_rf__seed_0,condition_recombine_pseudolabel,0.25,0.7,random_forest,0,316,79,1.25,False,1.0,1.0,1.0,reaction_role_concat,6144,random_forest,False,valid,rmse,14.148167248545043,2,0.1,random,,
condition_recombine_pseudolabel__mult_0.25__sim_0.7__teacher_rf__seed_0,condition_recombine_pseudolabel,0.25,0.7,random_forest,0,316,79,1.25,False,1.0,1.0,1.0,reaction_role_concat,6144,random_forest,False,valid,mae,10.267261404398877,2,0.1,random,,
condition_recombine_pseudolabel__mult_0.25__sim_0.7__teacher_rf__seed_0,condition_recombine_pseudolabel,0.25,0.7,random_forest,0,316,79,1.25,False,1.0,1.0,1.0,reaction_role_concat,6144,random_forest,False,valid,r2,0.7494973846510544,2,0.1,random,,
condition_recombine_pseudolabel__mult_0.25__sim_0.7__teacher_rf__seed_0,condition_recombine_pseudolabel,0.25,0.7,random_forest,0,316,79,1.25,False,1.0,1.0,1.0,reaction_role_concat,6144,random_forest,False,valid,spearman,0.8790561817132803,2,0.1,random,,
condition_recombine_pseudolabel__mult_0.25__sim_0.7__teacher_rf__seed_1,condition_recombine_pseudolabel,0.25,0.7,random_forest,1,316,79,1.25,False,1.0,1.0,1.0,reaction_role_concat,6144,random_forest,False,valid,rmse,14.046008703888367,2,0.1,random,,
condition_recombine_pseudolabel__mult_0.25__sim_0.7__teacher_rf__seed_1,condition_recombine_pseudolabel,0.25,0.7,random_forest,1,316,79,1.25,False,1.0,1.0,1.0,reaction_role_concat,6144,random_forest,False,valid,mae,10.05085307763649,2,0.1,random,,
condition_recombine_pseudolabel__mult_0.25__sim_0.7__teacher_rf__seed_1,condition_recombine_pseudolabel,0.25,0.7,random_forest,1,316,79,1.25,False,1.0,1.0,1.0,reaction_role_concat,6144,random_forest,False,valid,r2,0.7531018926814715,2,0.1,random,,
condition_recombine_pseudolabel__mult_0.25__sim_0.7__teacher_rf__seed_1,condition_recombine_pseudolabel,0.25,0.7,random_forest,1,316,79,1.25,False,1.0,1.0,1.0,reaction_role_concat,6144,random_forest,False,valid,spearman,0.8793463661114744,2,0.1,random,,
condition_recombine_pseudolabel__mult_0.25__sim_0.7__teacher_rf__seed_2,condition_recombine_pseudolabel,0.25,0.7,random_forest,2,316,79,1.25,False,1.0,1.0,1.0,reaction_role_concat,6144,random_forest,False,valid,rmse,14.048038008725253,2,0.1,random,,
condition_recombine_pseudolabel__mult_0.25__sim_0.7__teacher_rf__seed_2,condition_recombine_pseudolabel,0.25,0.7,random_forest,2,316,79,1.25,False,1.0,1.0,1.0,reaction_role_concat,6144,random_forest,False,valid,mae,10.093799767716774,2,0.1,random,,
condition_recombine_pseudolabel__mult_0.25__sim_0.7__teacher_rf__seed_2,condition_recombine_pseudolabel,0.25,0.7,random_forest,2,316,79,1.25,False,1.0,1.0,1.0,reaction_role_concat,6144,random_forest,False,valid,r2,0.7530305460480804,2,0.1,random,,
condition_recombine_pseudolabel__mult_0.25__sim_0.7__teacher_rf__seed_2,condition_recombine_pseudolabel,0.25,0.7,random_forest,2,316,79,1.25,False,1.0,1.0,1.0,reaction_role_concat,6144,random_forest,False,valid,spearman,0.882016159952175,2,0.1,random,,
condition_recombine_pseudolabel__mult_0.25__sim_0.7__teacher_rf__seed_3,condition_recombine_pseudolabel,0.25,0.7,random_forest,3,316,79,1.25,False,1.0,1.0,1.0,reaction_role_concat,6144,random_forest,False,valid,rmse,14.121298128338076,2,0.1,random,,
condition_recombine_pseudolabel__mult_0.25__sim_0.7__teacher_rf__seed_3,condition_recombine_pseudolabel,0.25,0.7,random_forest,3,316,79,1.25,False,1.0,1.0,1.0,reaction_role_concat,6144,random_forest,False,valid,mae,10.124402393248262,2,0.1,random,,
condition_recombine_pseudolabel__mult_0.25__sim_0.7__teacher_rf__seed_3,condition_recombine_pseudolabel,0.25,0.7,random_forest,3,316,79,1.25,False,1.0,1.0,1.0,reaction_role_concat,6144,random_forest,False,valid,r2,0.7504479520947639,2,0.1,random,,
condition_recombine_pseudolabel__mult_0.25__sim_0.7__teacher_rf__seed_3,condition_recombine_pseudolabel,0.25,0.7,random_forest,3,316,79,1.25,False,1.0,1.0,1.0,reaction_role_concat,6144,random_forest,False,valid,spearman,0.8788248132132437,2,0.1,random,,
condition_recombine_pseudolabel__mult_0.25__sim_0.7__teacher_rf__seed_4,condition_recombine_pseudolabel,0.25,0.7,random_forest,4,316,79,1.25,False,1.0,1.0,1.0,reaction_role_concat,6144,random_forest,False,valid,rmse,14.189617321784688,2,0.1,random,,
condition_recombine_pseudolabel__mult_0.25__sim_0.7__teacher_rf__seed_4,condition_recombine_pseudolabel,0.25,0.7,random_forest,4,316,79,1.25,False,1.0,1.0,1.0,reaction_role_concat,6144,random_forest,False,valid,mae,10.138368393701843,2,0.1,random,,
condition_recombine_pseudolabel__mult_0.25__sim_0.7__teacher_rf__seed_4,condition_recombine_pseudolabel,0.25,0.7,random_forest,4,316,79,1.25,False,1.0,1.0,1.0,reaction_role_concat,6144,random_forest,False,valid,r2,0.7480274328626799,2,0.1,random,,
condition_recombine_pseudolabel__mult_0.25__sim_0.7__teacher_rf__seed_4,condition_recombine_pseudolabel,0.25,0.7,random_forest,4,316,79,1.25,False,1.0,1.0,1.0,reaction_role_concat,6144,random_forest,False,valid,spearman,0.8773921007801464,2,0.1,random,,
condition_recombine_pseudolabel__mult_0.25__sim_0.8__teacher_ridge__seed_0,condition_recombine_pseudolabel,0.25,0.8,ridge,0,316,76,1.240506329113924,False,1.0,1.0,1.0,reaction_role_concat,6144,random_forest,False,valid,rmse,13.890668509795818,2,0.1,random,,
condition_recombine_pseudolabel__mult_0.25__sim_0.8__teacher_ridge__seed_0,condition_recombine_pseudolabel,0.25,0.8,ridge,0,316,76,1.240506329113924,False,1.0,1.0,1.0,reaction_role_concat,6144,random_forest,False,valid,mae,10.15956066607901,2,0.1,random,,
condition_recombine_pseudolabel__mult_0.25__sim_0.8__teacher_ridge__seed_0,condition_recombine_pseudolabel,0.25,0.8,ridge,0,316,76,1.240506329113924,False,1.0,1.0,1.0,reaction_role_concat,6144,random_forest,False,valid,r2,0.758532776193893,2,0.1,random,,
condition_recombine_pseudolabel__mult_0.25__sim_0.8__teacher_ridge__seed_0,condition_recombine_pseudolabel,0.25,0.8,ridge,0,316,76,1.240506329113924,False,1.0,1.0,1.0,reaction_role_concat,6144,random_forest,False,valid,spearman,0.8880179133744217,2,0.1,random,,
condition_recombine_pseudolabel__mult_0.25__sim_0.8__teacher_ridge__seed_1,condition_recombine_pseudolabel,0.25,0.8,ridge,1,316,76,1.240506329113924,False,1.0,1.0,1.0,reaction_role_concat,6144,random_forest,False,valid,rmse,14.021880814424417,2,0.1,random,,
condition_recombine_pseudolabel__mult_0.25__sim_0.8__teacher_ridge__seed_1,condition_recombine_pseudolabel,0.25,0.8,ridge,1,316,76,1.240506329113924,False,1.0,1.0,1.0,reaction_role_concat,6144,random_forest,False,valid,mae,10.552456639034839,2,0.1,random,,
condition_recombine_pseudolabel__mult_0.25__sim_0.8__teacher_ridge__seed_1,condition_recombine_pseudolabel,0.25,0.8,ridge,1,316,76,1.240506329113924,False,1.0,1.0,1.0,reaction_role_concat,6144,random_forest,False,valid,r2,0.7539493951800904,2,0.1,random,,
condition_recombine_pseudolabel__mult_0.25__sim_0.8__teacher_ridge__seed_1,condition_recombine_pseudolabel,0.25,0.8,ridge,1,316,76,1.240506329113924,False,1.0,1.0,1.0,reaction_role_concat,6144,random_forest,False,valid,spearman,0.8856933221147942,2,0.1,random,,
condition_recombine_pseudolabel__mult_0.25__sim_0.8__teacher_ridge__seed_2,condition_recombine_pseudolabel,0.25,0.8,ridge,2,316,79,1.25,False,1.0,1.0,1.0,reaction_role_concat,6144,random_forest,False,valid,rmse,14.474994845030038,2,0.1,random,,
condition_recombine_pseudolabel__mult_0.25__sim_0.8__teacher_ridge__seed_2,condition_recombine_pseudolabel,0.25,0.8,ridge,2,316,79,1.25,False,1.0,1.0,1.0,reaction_role_concat,6144,random_forest,False,valid,mae,10.716752560008931,2,0.1,random,,
condition_recombine_pseudolabel__mult_0.25__sim_0.8__teacher_ridge__seed_2,condition_recombine_pseudolabel,0.25,0.8,ridge,2,316,79,1.25,False,1.0,1.0,1.0,reaction_role_concat,6144,random_forest,False,valid,r2,0.7377903144005206,2,0.1,random,,
condition_recombine_pseudolabel__mult_0.25__sim_0.8__teacher_ridge__seed_2,condition_recombine_pseudolabel,0.25,0.8,ridge,2,316,79,1.25,False,1.0,1.0,1.0,reaction_role_concat,6144,random_forest,False,valid,spearman,0.8726367769877267,2,0.1,random,,
condition_recombine_pseudolabel__mult_0.25__sim_0.8__teacher_ridge__seed_3,condition_recombine_pseudolabel,0.25,0.8,ridge,3,316,77,1.2436708860759493,False,1.0,1.0,1.0,reaction_role_concat,6144,random_forest,False,valid,rmse,13.867304891733841,2,0.1,random,,
condition_recombine_pseudolabel__mult_0.25__sim_0.8__teacher_ridge__seed_3,condition_recombine_pseudolabel,0.25,0.8,ridge,3,316,77,1.2436708860759493,False,1.0,1.0,1.0,reaction_role_concat,6144,random_forest,False,valid,mae,10.223467126832732,2,0.1,random,,
condition_recombine_pseudolabel__mult_0.25__sim_0.8__teacher_ridge__seed_3,condition_recombine_pseudolabel,0.25,0.8,ridge,3,316,77,1.2436708860759493,False,1.0,1.0,1.0,reaction_role_concat,6144,random_forest,False,valid,r2,0.7593443719129073,2,0.1,random,,
condition_recombine_pseudolabel__mult_0.25__sim_0.8__teacher_ridge__seed_3,condition_recombine_pseudolabel,0.25,0.8,ridge,3,316,77,1.2436708860759493,False,1.0,1.0,1.0,reaction_role_concat,6144,random_forest,False,valid,spearman,0.882804234561096,2,0.1,random,,
condition_recombine_pseudolabel__mult_0.25__sim_0.8__teacher_ridge__seed_4,condition_recombine_pseudolabel,0.25,0.8,ridge,4,316,77,1.2436708860759493,False,1.0,1.0,1.0,reaction_role_concat,6144,random_forest,False,valid,rmse,14.406813049310301,2,0.1,random,,
condition_recombine_pseudolabel__mult_0.25__sim_0.8__teacher_ridge__seed_4,condition_recombine_pseudolabel,0.25,0.8,ridge,4,316,77,1.2436708860759493,False,1.0,1.0,1.0,reaction_role_concat,6144,random_forest,False,valid,mae,10.574264490465575,2,0.1,random,,
condition_recombine_pseudolabel__mult_0.25__sim_0.8__teacher_ridge__seed_4,condition_recombine_pseudolabel,0.25,0.8,ridge,4,316,77,1.2436708860759493,False,1.0,1.0,1.0,reaction_role_concat,6144,random_forest,False,valid,r2,0.7402546775411569,2,0.1,random,,
condition_recombine_pseudolabel__mult_0.25__sim_0.8__teacher_ridge__seed_4,condition_recombine_pseudolabel,0.25,0.8,ridge,4,316,77,1.2436708860759493,False,1.0,1.0,1.0,reaction_role_concat,6144,random_forest,False,valid,spearman,0.8725315121103953,2,0.1,random,,
condition_recombine_pseudolabel__mult_0.25__sim_0.8__teacher_rf__seed_0,condition_recombine_pseudolabel,0.25,0.8,random_forest,0,316,76,1.240506329113924,False,1.0,1.0,1.0,reaction_role_concat,6144,random_forest,False,valid,rmse,14.17011681225075,2,0.1,random,,
condition_recombine_pseudolabel__mult_0.25__sim_0.8__teacher_rf__seed_0,condition_recombine_pseudolabel,0.25,0.8,random_forest,0,316,76,1.240506329113924,False,1.0,1.0,1.0,reaction_role_concat,6144,random_forest,False,valid,mae,10.231393604135965,2,0.1,random,,
condition_recombine_pseudolabel__mult_0.25__sim_0.8__teacher_rf__seed_0,condition_recombine_pseudolabel,0.25,0.8,random_forest,0,316,76,1.240506329113924,False,1.0,1.0,1.0,reaction_role_concat,6144,random_forest,False,valid,r2,0.7487195187744294,2,0.1,random,,
condition_recombine_pseudolabel__mult_0.25__sim_0.8__teacher_rf__seed_0,condition_recombine_pseudolabel,0.25,0.8,random_forest,0,316,76,1.240506329113924,False,1.0,1.0,1.0,reaction_role_concat,6144,random_forest,False,valid,spearman,0.8800668608639034,2,0.1,random,,
condition_recombine_pseudolabel__mult_0.25__sim_0.8__teacher_rf__seed_1,condition_recombine_pseudolabel,0.25,0.8,random_forest,1,316,76,1.240506329113924,False,1.0,1.0,1.0,reaction_role_concat,6144,random_forest,False,valid,rmse,14.357897475935935,2,0.1,random,,
condition_recombine_pseudolabel__mult_0.25__sim_0.8__teacher_rf__seed_1,condition_recombine_pseudolabel,0.25,0.8,random_forest,1,316,76,1.240506329113924,False,1.0,1.0,1.0,reaction_role_concat,6144,random_forest,False,valid,mae,10.279986031152779,2,0.1,random,,
condition_recombine_pseudolabel__mult_0.25__sim_0.8__teacher_rf__seed_1,condition_recombine_pseudolabel,0.25,0.8,random_forest,1,316,76,1.240506329113924,False,1.0,1.0,1.0,reaction_role_concat,6144,random_forest,False,valid,r2,0.7420155141169349,2,0.1,random,,
condition_recombine_pseudolabel__mult_0.25__sim_0.8__teacher_rf__seed_1,condition_recombine_pseudolabel,0.25,0.8,random_forest,1,316,76,1.240506329113924,False,1.0,1.0,1.0,reaction_role_concat,6144,random_forest,False,valid,spearman,0.8741879002356575,2,0.1,random,,
condition_recombine_pseudolabel__mult_0.25__sim_0.8__teacher_rf__seed_2,condition_recombine_pseudolabel,0.25,0.8,random_forest,2,316,79,1.25,False,1.0,1.0,1.0,reaction_role_concat,6144,random_forest,False,valid,rmse,14.048038008725253,2,0.1,random,,
condition_recombine_pseudolabel__mult_0.25__sim_0.8__teacher_rf__seed_2,condition_recombine_pseudolabel,0.25,0.8,random_forest,2,316,79,1.25,False,1.0,1.0,1.0,reaction_role_concat,6144,random_forest,False,valid,mae,10.093799767716774,2,0.1,random,,
condition_recombine_pseudolabel__mult_0.25__sim_0.8__teacher_rf__seed_2,condition_recombine_pseudolabel,0.25,0.8,random_forest,2,316,79,1.25,False,1.0,1.0,1.0,reaction_role_concat,6144,random_forest,False,valid,r2,0.7530305460480804,2,0.1,random,,
condition_recombine_pseudolabel__mult_0.25__sim_0.8__teacher_rf__seed_2,condition_recombine_pseudolabel,0.25,0.8,random_forest,2,316,79,1.25,False,1.0,1.0,1.0,reaction_role_concat,6144,random_forest,False,valid,spearman,0.882016159952175,2,0.1,random,,
condition_recombine_pseudolabel__mult_0.25__sim_0.8__teacher_rf__seed_3,condition_recombine_pseudolabel,0.25,0.8,random_forest,3,316,77,1.2436708860759493,False,1.0,1.0,1.0,reaction_role_concat,6144,random_forest,False,valid,rmse,14.179136027151966,2,0.1,random,,
condition_recombine_pseudolabel__mult_0.25__sim_0.8__teacher_rf__seed_3,condition_recombine_pseudolabel,0.25,0.8,random_forest,3,316,77,1.2436708860759493,False,1.0,1.0,1.0,reaction_role_concat,6144,random_forest,False,valid,mae,10.150458467102505,2,0.1,random,,
condition_recombine_pseudolabel__mult_0.25__sim_0.8__teacher_rf__seed_3,condition_recombine_pseudolabel,0.25,0.8,random_forest,3,316,77,1.2436708860759493,False,1.0,1.0,1.0,reaction_role_concat,6144,random_forest,False,valid,r2,0.7483995392072498,2,0.1,random,,
condition_recombine_pseudolabel__mult_0.25__sim_0.8__teacher_rf__seed_3,condition_recombine_pseudolabel,0.25,0.8,random_forest,3,316,77,1.2436708860759493,False,1.0,1.0,1.0,reaction_role_concat,6144,random_forest,False,valid,spearman,0.8791940679910799,2,0.1,random,,
condition_recombine_pseudolabel__mult_0.25__sim_0.8__teacher_rf__seed_4,condition_recombine_pseudolabel,0.25,0.8,random_forest,4,316,77,1.2436708860759493,False,1.0,1.0,1.0,reaction_role_concat,6144,random_forest,False,valid,rmse,14.221826008450538,2,0.1,random,,
condition_recombine_pseudolabel__mult_0.25__sim_0.8__teacher_rf__seed_4,condition_recombine_pseudolabel,0.25,0.8,random_forest,4,316,77,1.2436708860759493,False,1.0,1.0,1.0,reaction_role_concat,6144,random_forest,False,valid,mae,10.1859839235763,2,0.1,random,,
condition_recombine_pseudolabel__mult_0.25__sim_0.8__teacher_rf__seed_4,condition_recombine_pseudolabel,0.25,0.8,random_forest,4,316,77,1.2436708860759493,False,1.0,1.0,1.0,reaction_role_concat,6144,random_forest,False,valid,r2,0.7468822411205998,2,0.1,random,,
condition_recombine_pseudolabel__mult_0.25__sim_0.8__teacher_rf__seed_4,condition_recombine_pseudolabel,0.25,0.8,random_forest,4,316,77,1.2436708860759493,False,1.0,1.0,1.0,reaction_role_concat,6144,random_forest,False,valid,spearman,0.8765569929281624,2,0.1,random,,
condition_recombine_pseudolabel__mult_0.25__sim_0.9__teacher_ridge__seed_0,condition_recombine_pseudolabel,0.25,0.9,ridge,0,316,27,1.0854430379746836,False,1.0,1.0,1.0,reaction_role_concat,6144,random_forest,False,valid,rmse,14.305793576841369,2,0.1,random,,
condition_recombine_pseudolabel__mult_0.25__sim_0.9__teacher_ridge__seed_0,condition_recombine_pseudolabel,0.25,0.9,ridge,0,316,27,1.0854430379746836,False,1.0,1.0,1.0,reaction_role_concat,6144,random_forest,False,valid,mae,10.210251753552804,2,0.1,random,,
condition_recombine_pseudolabel__mult_0.25__sim_0.9__teacher_ridge__seed_0,condition_recombine_pseudolabel,0.25,0.9,ridge,0,316,27,1.0854430379746836,False,1.0,1.0,1.0,reaction_role_concat,6144,random_forest,False,valid,r2,0.7438845353388223,2,0.1,random,,
condition_recombine_pseudolabel__mult_0.25__sim_0.9__teacher_ridge__seed_0,condition_recombine_pseudolabel,0.25,0.9,ridge,0,316,27,1.0854430379746836,False,1.0,1.0,1.0,reaction_role_concat,6144,random_forest,False,valid,spearman,0.8775510205579493,2,0.1,random,,
condition_recombine_pseudolabel__mult_0.25__sim_0.9__teacher_ridge__seed_1,condition_recombine_pseudolabel,0.25,0.9,ridge,1,316,31,1.0981012658227849,False,1.0,1.0,1.0,reaction_role_concat,6144,random_forest,False,valid,rmse,14.259147046986477,2,0.1,random,,
condition_recombine_pseudolabel__mult_0.25__sim_0.9__teacher_ridge__seed_1,condition_recombine_pseudolabel,0.25,0.9,ridge,1,316,31,1.0981012658227849,False,1.0,1.0,1.0,reaction_role_concat,6144,random_forest,False,valid,mae,10.400009684967845,2,0.1,random,,
condition_recombine_pseudolabel__mult_0.25__sim_0.9__teacher_ridge__seed_1,condition_recombine_pseudolabel,0.25,0.9,ridge,1,316,31,1.0981012658227849,False,1.0,1.0,1.0,reaction_role_concat,6144,random_forest,False,valid,r2,0.745552030418345,2,0.1,random,,
condition_recombine_pseudolabel__mult_0.25__sim_0.9__teacher_ridge__seed_1,condition_recombine_pseudolabel,0.25,0.9,ridge,1,316,31,1.0981012658227849,False,1.0,1.0,1.0,reaction_role_concat,6144,random_forest,False,valid,spearman,0.8787691133891607,2,0.1,random,,
condition_recombine_pseudolabel__mult_0.25__sim_0.9__teacher_ridge__seed_2,condition_recombine_pseudolabel,0.25,0.9,ridge,2,316,25,1.0791139240506329,False,1.0,1.0,1.0,reaction_role_concat,6144,random_forest,False,valid,rmse,14.200038994553932,2,0.1,random,,
condition_recombine_pseudolabel__mult_0.25__sim_0.9__teacher_ridge__seed_2,condition_recombine_pseudolabel,0.25,0.9,ridge,2,316,25,1.0791139240506329,False,1.0,1.0,1.0,reaction_role_concat,6144,random_forest,False,valid,mae,10.322840759551225,2,0.1,random,,
condition_recombine_pseudolabel__mult_0.25__sim_0.9__teacher_ridge__seed_2,condition_recombine_pseudolabel,0.25,0.9,ridge,2,316,25,1.0791139240506329,False,1.0,1.0,1.0,reaction_role_concat,6144,random_forest,False,valid,r2,0.7476571705905005,2,0.1,random,,
condition_recombine_pseudolabel__mult_0.25__sim_0.9__teacher_ridge__seed_2,condition_recombine_pseudolabel,0.25,0.9,ridge,2,316,25,1.0791139240506329,False,1.0,1.0,1.0,reaction_role_concat,6144,random_forest,False,valid,spearman,0.8776369073496296,2,0.1,random,,
condition_recombine_pseudolabel__mult_0.25__sim_0.9__teacher_ridge__seed_3,condition_recombine_pseudolabel,0.25,0.9,ridge,3,316,27,1.0854430379746836,False,1.0,1.0,1.0,reaction_role_concat,6144,random_forest,False,valid,rmse,14.121087647215386,2,0.1,random,,
condition_recombine_pseudolabel__mult_0.25__sim_0.9__teacher_ridge__seed_3,condition_recombine_pseudolabel,0.25,0.9,ridge,3,316,27,1.0854430379746836,False,1.0,1.0,1.0,reaction_role_concat,6144,random_forest,False,valid,mae,10.307799927682815,2,0.1,random,,
condition_recombine_pseudolabel__mult_0.25__sim_0.9__teacher_ridge__seed_3,condition_recombine_pseudolabel,0.25,0.9,ridge,3,316,27,1.0854430379746836,False,1.0,1.0,1.0,reaction_role_concat,6144,random_forest,False,valid,r2,0.7504553912980552,2,0.1,random,,
condition_recombine_pseudolabel__mult_0.25__sim_0.9__teacher_ridge__seed_3,condition_recombine_pseudolabel,0.25,0.9,ridge,3,316,27,1.0854430379746836,False,1.0,1.0,1.0,reaction_role_concat,6144,random_forest,False,valid,spearman,0.877833999034846,2,0.1,random,,
condition_recombine_pseudolabel__mult_0.25__sim_0.9__teacher_ridge__seed_4,condition_recombine_pseudolabel,0.25,0.9,ridge,4,316,34,1.1075949367088607,False,1.0,1.0,1.0,reaction_role_concat,6144,random_forest,False,valid,rmse,13.997762370433739,2,0.1,random,,
condition_recombine_pseudolabel__mult_0.25__sim_0.9__teacher_ridge__seed_4,condition_recombine_pseudolabel,0.25,0.9,ridge,4,316,34,1.1075949367088607,False,1.0,1.0,1.0,reaction_role_concat,6144,random_forest,False,valid,mae,10.18429551058404,2,0.1,random,,
condition_recombine_pseudolabel__mult_0.25__sim_0.9__teacher_ridge__seed_4,condition_recombine_pseudolabel,0.25,0.9,ridge,4,316,34,1.1075949367088607,False,1.0,1.0,1.0,reaction_role_concat,6144,random_forest,False,valid,r2,0.754795109687417,2,0.1,random,,
condition_recombine_pseudolabel__mult_0.25__sim_0.9__teacher_ridge__seed_4,condition_recombine_pseudolabel,0.25,0.9,ridge,4,316,34,1.1075949367088607,False,1.0,1.0,1.0,reaction_role_concat,6144,random_forest,False,valid,spearman,0.8806230800862136,2,0.1,random,,
condition_recombine_pseudolabel__mult_0.25__sim_0.9__teacher_rf__seed_0,condition_recombine_pseudolabel,0.25,0.9,random_forest,0,316,27,1.0854430379746836,False,1.0,1.0,1.0,reaction_role_concat,6144,random_forest,False,valid,rmse,14.132576798919132,2,0.1,random,,
condition_recombine_pseudolabel__mult_0.25__sim_0.9__teacher_rf__seed_0,condition_recombine_pseudolabel,0.25,0.9,random_forest,0,316,27,1.0854430379746836,False,1.0,1.0,1.0,reaction_role_concat,6144,random_forest,False,valid,mae,10.179581754256652,2,0.1,random,,
condition_recombine_pseudolabel__mult_0.25__sim_0.9__teacher_rf__seed_0,condition_recombine_pseudolabel,0.25,0.9,random_forest,0,316,27,1.0854430379746836,False,1.0,1.0,1.0,reaction_role_concat,6144,random_forest,False,valid,r2,0.7500491588207776,2,0.1,random,,
condition_recombine_pseudolabel__mult_0.25__sim_0.9__teacher_rf__seed_0,condition_recombine_pseudolabel,0.25,0.9,random_forest,0,316,27,1.0854430379746836,False,1.0,1.0,1.0,reaction_role_concat,6144,random_forest,False,valid,spearman,0.8782505791876897,2,0.1,random,,
condition_recombine_pseudolabel__mult_0.25__sim_0.9__teacher_rf__seed_1,condition_recombine_pseudolabel,0.25,0.9,random_forest,1,316,31,1.0981012658227849,False,1.0,1.0,1.0,reaction_role_concat,6144,random_forest,False,valid,rmse,14.381013109510695,2,0.1,random,,
condition_recombine_pseudolabel__mult_0.25__sim_0.9__teacher_rf__seed_1,condition_recombine_pseudolabel,0.25,0.9,random_forest,1,316,31,1.0981012658227849,False,1.0,1.0,1.0,reaction_role_concat,6144,random_forest,False,valid,mae,10.456126607650443,2,0.1,random,,
condition_recombine_pseudolabel__mult_0.25__sim_0.9__teacher_rf__seed_1,condition_recombine_pseudolabel,0.25,0.9,random_forest,1,316,31,1.0981012658227849,False,1.0,1.0,1.0,reaction_role_concat,6144,random_forest,False,valid,r2,0.7411841562763923,2,0.1,random,,
condition_recombine_pseudolabel__mult_0.25__sim_0.9__teacher_rf__seed_1,condition_recombine_pseudolabel,0.25,0.9,random_forest,1,316,31,1.0981012658227849,False,1.0,1.0,1.0,reaction_role_concat,6144,random_forest,False,valid,spearman,0.8757654127359075,2,0.1,random,,
condition_recombine_pseudolabel__mult_0.25__sim_0.9__teacher_rf__seed_2,condition_recombine_pseudolabel,0.25,0.9,random_forest,2,316,25,1.0791139240506329,False,1.0,1.0,1.0,reaction_role_concat,6144,random_forest,False,valid,rmse,14.069562081182701,2,0.1,random,,
condition_recombine_pseudolabel__mult_0.25__sim_0.9__teacher_rf__seed_2,condition_recombine_pseudolabel,0.25,0.9,random_forest,2,316,25,1.0791139240506329,False,1.0,1.0,1.0,reaction_role_concat,6144,random_forest,False,valid,mae,10.163923828166498,2,0.1,random,,
condition_recombine_pseudolabel__mult_0.25__sim_0.9__teacher_rf__seed_2,condition_recombine_pseudolabel,0.25,0.9,random_forest,2,316,25,1.0791139240506329,False,1.0,1.0,1.0,reaction_role_concat,6144,random_forest,False,valid,r2,0.7522731647281914,2,0.1,random,,
condition_recombine_pseudolabel__mult_0.25__sim_0.9__teacher_rf__seed_2,condition_recombine_pseudolabel,0.25,0.9,random_forest,2,316,25,1.0791139240506329,False,1.0,1.0,1.0,reaction_role_concat,6144,random_forest,False,valid,spearman,0.880215653400964,2,0.1,random,,
condition_recombine_pseudolabel__mult_0.25__sim_0.9__teacher_rf__seed_3,condition_recombine_pseudolabel,0.25,0.9,random_forest,3,316,27,1.0854430379746836,False,1.0,1.0,1.0,reaction_role_concat,6144,random_forest,False,valid,rmse,14.135005866879158,2,0.1,random,,
condition_recombine_pseudolabel__mult_0.25__sim_0.9__teacher_rf__seed_3,condition_recombine_pseudolabel,0.25,0.9,random_forest,3,316,27,1.0854430379746836,False,1.0,1.0,1.0,reaction_role_concat,6144,random_forest,False,valid,mae,10.182312810845767,2,0.1,random,,
condition_recombine_pseudolabel__mult_0.25__sim_0.9__teacher_rf__seed_3,condition_recombine_pseudolabel,0.25,0.9,random_forest,3,316,27,1.0854430379746836,False,1.0,1.0,1.0,reaction_role_concat,6144,random_forest,False,valid,r2,0.7499632297271739,2,0.1,random,,
condition_recombine_pseudolabel__mult_0.25__sim_0.9__teacher_rf__seed_3,condition_recombine_pseudolabel,0.25,0.9,random_forest,3,316,27,1.0854430379746836,False,1.0,1.0,1.0,reaction_role_concat,6144,random_forest,False,valid,spearman,0.876782616166624,2,0.1,random,,
condition_recombine_pseudolabel__mult_0.25__sim_0.9__teacher_rf__seed_4,condition_recombine_pseudolabel,0.25,0.9,random_forest,4,316,34,1.1075949367088607,False,1.0,1.0,1.0,reaction_role_concat,6144,random_forest,False,valid,rmse,14.14901709033202,2,0.1,random,,
condition_recombine_pseudolabel__mult_0.25__sim_0.9__teacher_rf__seed_4,condition_recombine_pseudolabel,0.25,0.9,random_forest,4,316,34,1.1075949367088607,False,1.0,1.0,1.0,reaction_role_concat,6144,random_forest,False,valid,mae,10.151272720797905,2,0.1,random,,
condition_recombine_pseudolabel__mult_0.25__sim_0.9__teacher_rf__seed_4,condition_recombine_pseudolabel,0.25,0.9,random_forest,4,316,34,1.1075949367088607,False,1.0,1.0,1.0,reaction_role_concat,6144,random_forest,False,valid,r2,0.7494672897305861,2,0.1,random,,
condition_recombine_pseudolabel__mult_0.25__sim_0.9__teacher_rf__seed_4,condition_recombine_pseudolabel,0.25,0.9,random_forest,4,316,34,1.1075949367088607,False,1.0,1.0,1.0,reaction_role_concat,6144,random_forest,False,valid,spearman,0.8776485926274092,2,0.1,random,,
condition_recombine_pseudolabel__mult_0.5__sim_0.7__teacher_ridge__seed_0,condition_recombine_pseudolabel,0.5,0.7,ridge,0,316,158,1.5,False,1.0,1.0,1.0,reaction_role_concat,6144,random_forest,False,valid,rmse,13.709539714699275,2,0.1,random,,
condition_recombine_pseudolabel__mult_0.5__sim_0.7__teacher_ridge__seed_0,condition_recombine_pseudolabel,0.5,0.7,ridge,0,316,158,1.5,False,1.0,1.0,1.0,reaction_role_concat,6144,random_forest,False,valid,mae,10.358930725830264,2,0.1,random,,
condition_recombine_pseudolabel__mult_0.5__sim_0.7__teacher_ridge__seed_0,condition_recombine_pseudolabel,0.5,0.7,ridge,0,316,158,1.5,False,1.0,1.0,1.0,reaction_role_concat,6144,random_forest,False,valid,r2,0.7647889924293694,2,0.1,random,,
condition_recombine_pseudolabel__mult_0.5__sim_0.7__teacher_ridge__seed_0,condition_recombine_pseudolabel,0.5,0.7,ridge,0,316,158,1.5,False,1.0,1.0,1.0,reaction_role_concat,6144,random_forest,False,valid,spearman,0.8897257167219144,2,0.1,random,,
condition_recombine_pseudolabel__mult_0.5__sim_0.7__teacher_ridge__seed_1,condition_recombine_pseudolabel,0.5,0.7,ridge,1,316,158,1.5,False,1.0,1.0,1.0,reaction_role_concat,6144,random_forest,False,valid,rmse,14.051569589642495,2,0.1,random,,
condition_recombine_pseudolabel__mult_0.5__sim_0.7__teacher_ridge__seed_1,condition_recombine_pseudolabel,0.5,0.7,ridge,1,316,158,1.5,False,1.0,1.0,1.0,reaction_role_concat,6144,random_forest,False,valid,mae,10.597281231867361,2,0.1,random,,
condition_recombine_pseudolabel__mult_0.5__sim_0.7__teacher_ridge__seed_1,condition_recombine_pseudolabel,0.5,0.7,ridge,1,316,158,1.5,False,1.0,1.0,1.0,reaction_role_concat,6144,random_forest,False,valid,r2,0.752906357568264,2,0.1,random,,
condition_recombine_pseudolabel__mult_0.5__sim_0.7__teacher_ridge__seed_1,condition_recombine_pseudolabel,0.5,0.7,ridge,1,316,158,1.5,False,1.0,1.0,1.0,reaction_role_concat,6144,random_forest,False,valid,spearman,0.8845140828322002,2,0.1,random,,
condition_recombine_pseudolabel__mult_0.5__sim_0.7__teacher_ridge__seed_2,condition_recombine_pseudolabel,0.5,0.7,ridge,2,316,158,1.5,False,1.0,1.0,1.0,reaction_role_concat,6144,random_forest,False,valid,rmse,14.473837182184177,2,0.1,random,,
condition_recombine_pseudolabel__mult_0.5__sim_0.7__teacher_ridge__seed_2,condition_recombine_pseudolabel,0.5,0.7,ridge,2,316,158,1.5,False,1.0,1.0,1.0,reaction_role_concat,6144,random_forest,False,valid,mae,10.825994347899776,2,0.1,random,,
condition_recombine_pseudolabel__mult_0.5__sim_0.7__teacher_ridge__seed_2,condition_recombine_pseudolabel,0.5,0.7,ridge,2,316,158,1.5,False,1.0,1.0,1.0,reaction_role_concat,6144,random_forest,False,valid,r2,0.7378322540731225,2,0.1,random,,
condition_recombine_pseudolabel__mult_0.5__sim_0.7__teacher_ridge__seed_2,condition_recombine_pseudolabel,0.5,0.7,ridge,2,316,158,1.5,False,1.0,1.0,1.0,reaction_role_concat,6144,random_forest,False,valid,spearman,0.8745857839440538,2,0.1,random,,
condition_recombine_pseudolabel__mult_0.5__sim_0.7__teacher_ridge__seed_3,condition_recombine_pseudolabel,0.5,0.7,ridge,3,316,158,1.5,False,1.0,1.0,1.0,reaction_role_concat,6144,random_forest,False,valid,rmse,13.7916180423131,2,0.1,random,,
condition_recombine_pseudolabel__mult_0.5__sim_0.7__teacher_ridge__seed_3,condition_recombine_pseudolabel,0.5,0.7,ridge,3,316,158,1.5,False,1.0,1.0,1.0,reaction_role_concat,6144,random_forest,False,valid,mae,10.50231051915884,2,0.1,random,,
condition_recombine_pseudolabel__mult_0.5__sim_0.7__teacher_ridge__seed_3,condition_recombine_pseudolabel,0.5,0.7,ridge,3,316,158,1.5,False,1.0,1.0,1.0,reaction_role_concat,6144,random_forest,False,valid,r2,0.7619641685843037,2,0.1,random,,
condition_recombine_pseudolabel__mult_0.5__sim_0.7__teacher_ridge__seed_3,condition_recombine_pseudolabel,0.5,0.7,ridge,3,316,158,1.5,False,1.0,1.0,1.0,reaction_role_concat,6144,random_forest,False,valid,spearman,0.8854600060684611,2,0.1,random,,
condition_recombine_pseudolabel__mult_0.5__sim_0.7__teacher_ridge__seed_4,condition_recombine_pseudolabel,0.5,0.7,ridge,4,316,158,1.5,False,1.0,1.0,1.0,reaction_role_concat,6144,random_forest,False,valid,rmse,14.501817194843028,2,0.1,random,,
condition_recombine_pseudolabel__mult_0.5__sim_0.7__teacher_ridge__seed_4,condition_recombine_pseudolabel,0.5,0.7,ridge,4,316,158,1.5,False,1.0,1.0,1.0,reaction_role_concat,6144,random_forest,False,valid,mae,10.80557453400651,2,0.1,random,,
condition_recombine_pseudolabel__mult_0.5__sim_0.7__teacher_ridge__seed_4,condition_recombine_pseudolabel,0.5,0.7,ridge,4,316,158,1.5,False,1.0,1.0,1.0,reaction_role_concat,6144,random_forest,False,valid,r2,0.7368176582883494,2,0.1,random,,
condition_recombine_pseudolabel__mult_0.5__sim_0.7__teacher_ridge__seed_4,condition_recombine_pseudolabel,0.5,0.7,ridge,4,316,158,1.5,False,1.0,1.0,1.0,reaction_role_concat,6144,random_forest,False,valid,spearman,0.8743468200134605,2,0.1,random,,
condition_recombine_pseudolabel__mult_0.5__sim_0.7__teacher_rf__seed_0,condition_recombine_pseudolabel,0.5,0.7,random_forest,0,316,158,1.5,False,1.0,1.0,1.0,reaction_role_concat,6144,random_forest,False,valid,rmse,14.208159999197385,2,0.1,random,,
condition_recombine_pseudolabel__mult_0.5__sim_0.7__teacher_rf__seed_0,condition_recombine_pseudolabel,0.5,0.7,random_forest,0,316,158,1.5,False,1.0,1.0,1.0,reaction_role_concat,6144,random_forest,False,valid,mae,10.22574023000764,2,0.1,random,,
condition_recombine_pseudolabel__mult_0.5__sim_0.7__teacher_rf__seed_0,condition_recombine_pseudolabel,0.5,0.7,random_forest,0,316,158,1.5,False,1.0,1.0,1.0,reaction_role_concat,6144,random_forest,False,valid,r2,0.7473684582452496,2,0.1,random,,
condition_recombine_pseudolabel__mult_0.5__sim_0.7__teacher_rf__seed_0,condition_recombine_pseudolabel,0.5,0.7,random_forest,0,316,158,1.5,False,1.0,1.0,1.0,reaction_role_concat,6144,random_forest,False,valid,spearman,0.8789402053313177,2,0.1,random,,
condition_recombine_pseudolabel__mult_0.5__sim_0.7__teacher_rf__seed_1,condition_recombine_pseudolabel,0.5,0.7,random_forest,1,316,158,1.5,False,1.0,1.0,1.0,reaction_role_concat,6144,random_forest,False,valid,rmse,14.145679265701583,2,0.1,random,,
condition_recombine_pseudolabel__mult_0.5__sim_0.7__teacher_rf__seed_1,condition_recombine_pseudolabel,0.5,0.7,random_forest,1,316,158,1.5,False,1.0,1.0,1.0,reaction_role_concat,6144,random_forest,False,valid,mae,10.112407187221171,2,0.1,random,,
condition_recombine_pseudolabel__mult_0.5__sim_0.7__teacher_rf__seed_1,condition_recombine_pseudolabel,0.5,0.7,random_forest,1,316,158,1.5,False,1.0,1.0,1.0,reaction_role_concat,6144,random_forest,False,valid,r2,0.7495854796528665,2,0.1,random,,
condition_recombine_pseudolabel__mult_0.5__sim_0.7__teacher_rf__seed_1,condition_recombine_pseudolabel,0.5,0.7,random_forest,1,316,158,1.5,False,1.0,1.0,1.0,reaction_role_concat,6144,random_forest,False,valid,spearman,0.8793112129008207,2,0.1,random,,
condition_recombine_pseudolabel__mult_0.5__sim_0.7__teacher_rf__seed_2,condition_recombine_pseudolabel,0.5,0.7,random_forest,2,316,158,1.5,False,1.0,1.0,1.0,reaction_role_concat,6144,random_forest,False,valid,rmse,14.48566507792702,2,0.1,random,,
condition_recombine_pseudolabel__mult_0.5__sim_0.7__teacher_rf__seed_2,condition_recombine_pseudolabel,0.5,0.7,random_forest,2,316,158,1.5,False,1.0,1.0,1.0,reaction_role_concat,6144,random_forest,False,valid,mae,10.263336156887345,2,0.1,random,,
condition_recombine_pseudolabel__mult_0.5__sim_0.7__teacher_rf__seed_2,condition_recombine_pseudolabel,0.5,0.7,random_forest,2,316,158,1.5,False,1.0,1.0,1.0,reaction_role_concat,6144,random_forest,False,valid,r2,0.737403596525243,2,0.1,random,,
condition_recombine_pseudolabel__mult_0.5__sim_0.7__teacher_rf__seed_2,condition_recombine_pseudolabel,0.5,0.7,random_forest,2,316,158,1.5,False,1.0,1.0,1.0,reaction_role_concat,6144,random_forest,False,valid,spearman,0.8759318305669522,2,0.1,random,,
condition_recombine_pseudolabel__mult_0.5__sim_0.7__teacher_rf__seed_3,condition_recombine_pseudolabel,0.5,0.7,random_forest,3,316,158,1.5,False,1.0,1.0,1.0,reaction_role_concat,6144,random_forest,False,valid,rmse,13.902608121525006,2,0.1,random,,
condition_recombine_pseudolabel__mult_0.5__sim_0.7__teacher_rf__seed_3,condition_recombine_pseudolabel,0.5,0.7,random_forest,3,316,158,1.5,False,1.0,1.0,1.0,reaction_role_concat,6144,random_forest,False,valid,mae,9.91182718271281,2,0.1,random,,
condition_recombine_pseudolabel__mult_0.5__sim_0.7__teacher_rf__seed_3,condition_recombine_pseudolabel,0.5,0.7,random_forest,3,316,158,1.5,False,1.0,1.0,1.0,reaction_role_concat,6144,random_forest,False,valid,r2,0.7581174953978826,2,0.1,random,,
condition_recombine_pseudolabel__mult_0.5__sim_0.7__teacher_rf__seed_3,condition_recombine_pseudolabel,0.5,0.7,random_forest,3,316,158,1.5,False,1.0,1.0,1.0,reaction_role_concat,6144,random_forest,False,valid,spearman,0.8814109599405051,2,0.1,random,,
condition_recombine_pseudolabel__mult_0.5__sim_0.7__teacher_rf__seed_4,condition_recombine_pseudolabel,0.5,0.7,random_forest,4,316,158,1.5,False,1.0,1.0,1.0,reaction_role_concat,6144,random_forest,False,valid,rmse,14.210889116642367,2,0.1,random,,
condition_recombine_pseudolabel__mult_0.5__sim_0.7__teacher_rf__seed_4,condition_recombine_pseudolabel,0.5,0.7,random_forest,4,316,158,1.5,False,1.0,1.0,1.0,reaction_role_concat,6144,random_forest,False,valid,mae,10.200272343130806,2,0.1,random,,
condition_recombine_pseudolabel__mult_0.5__sim_0.7__teacher_rf__seed_4,condition_recombine_pseudolabel,0.5,0.7,random_forest,4,316,158,1.5,False,1.0,1.0,1.0,reaction_role_concat,6144,random_forest,False,valid,r2,0.7472713974908682,2,0.1,random,,
condition_recombine_pseudolabel__mult_0.5__sim_0.7__teacher_rf__seed_4,condition_recombine_pseudolabel,0.5,0.7,random_forest,4,316,158,1.5,False,1.0,1.0,1.0,reaction_role_concat,6144,random_forest,False,valid,spearman,0.8775635822315624,2,0.1,random,,
condition_recombine_pseudolabel__mult_0.5__sim_0.8__teacher_ridge__seed_0,condition_recombine_pseudolabel,0.5,0.8,ridge,0,316,153,1.4841772151898733,False,1.0,1.0,1.0,reaction_role_concat,6144,random_forest,True,valid,rmse,13.631565158560823,2,0.1,random,,
condition_recombine_pseudolabel__mult_0.5__sim_0.8__teacher_ridge__seed_0,condition_recombine_pseudolabel,0.5,0.8,ridge,0,316,153,1.4841772151898733,False,1.0,1.0,1.0,reaction_role_concat,6144,random_forest,True,valid,mae,10.275683301595192,2,0.1,random,,
condition_recombine_pseudolabel__mult_0.5__sim_0.8__teacher_ridge__seed_0,condition_recombine_pseudolabel,0.5,0.8,ridge,0,316,153,1.4841772151898733,False,1.0,1.0,1.0,reaction_role_concat,6144,random_forest,True,valid,r2,0.7674569619653226,2,0.1,random,,
condition_recombine_pseudolabel__mult_0.5__sim_0.8__teacher_ridge__seed_0,condition_recombine_pseudolabel,0.5,0.8,ridge,0,316,153,1.4841772151898733,False,1.0,1.0,1.0,reaction_role_concat,6144,random_forest,True,valid,spearman,0.8914451079698719,2,0.1,random,,
condition_recombine_pseudolabel__mult_0.5__sim_0.8__teacher_ridge__seed_1,condition_recombine_pseudolabel,0.5,0.8,ridge,1,316,154,1.4873417721518987,False,1.0,1.0,1.0,reaction_role_concat,6144,random_forest,False,valid,rmse,13.89394144237431,2,0.1,random,,
condition_recombine_pseudolabel__mult_0.5__sim_0.8__teacher_ridge__seed_1,condition_recombine_pseudolabel,0.5,0.8,ridge,1,316,154,1.4873417721518987,False,1.0,1.0,1.0,reaction_role_concat,6144,random_forest,False,valid,mae,10.493084585731541,2,0.1,random,,
condition_recombine_pseudolabel__mult_0.5__sim_0.8__teacher_ridge__seed_1,condition_recombine_pseudolabel,0.5,0.8,ridge,1,316,154,1.4873417721518987,False,1.0,1.0,1.0,reaction_role_concat,6144,random_forest,False,valid,r2,0.7584189733125997,2,0.1,random,,
condition_recombine_pseudolabel__mult_0.5__sim_0.8__teacher_ridge__seed_1,condition_recombine_pseudolabel,0.5,0.8,ridge,1,316,154,1.4873417721518987,False,1.0,1.0,1.0,reaction_role_concat,6144,random_forest,False,valid,spearman,0.8879676666799693,2,0.1,random,,
condition_recombine_pseudolabel__mult_0.5__sim_0.8__teacher_ridge__seed_2,condition_recombine_pseudolabel,0.5,0.8,ridge,2,316,157,1.4968354430379747,False,1.0,1.0,1.0,reaction_role_concat,6144,random_forest,False,valid,rmse,14.334812150270986,2,0.1,random,,
condition_recombine_pseudolabel__mult_0.5__sim_0.8__teacher_ridge__seed_2,condition_recombine_pseudolabel,0.5,0.8,ridge,2,316,157,1.4968354430379747,False,1.0,1.0,1.0,reaction_role_concat,6144,random_forest,False,valid,mae,10.769912407202812,2,0.1,random,,
condition_recombine_pseudolabel__mult_0.5__sim_0.8__teacher_ridge__seed_2,condition_recombine_pseudolabel,0.5,0.8,ridge,2,316,157,1.4968354430379747,False,1.0,1.0,1.0,reaction_role_concat,6144,random_forest,False,valid,r2,0.7428444471813401,2,0.1,random,,
condition_recombine_pseudolabel__mult_0.5__sim_0.8__teacher_ridge__seed_2,condition_recombine_pseudolabel,0.5,0.8,ridge,2,316,157,1.4968354430379747,False,1.0,1.0,1.0,reaction_role_concat,6144,random_forest,False,valid,spearman,0.8772588886134587,2,0.1,random,,
condition_recombine_pseudolabel__mult_0.5__sim_0.8__teacher_ridge__seed_3,condition_recombine_pseudolabel,0.5,0.8,ridge,3,316,156,1.4936708860759493,False,1.0,1.0,1.0,reaction_role_concat,6144,random_forest,False,valid,rmse,13.825834790166887,2,0.1,random,,
condition_recombine_pseudolabel__mult_0.5__sim_0.8__teacher_ridge__seed_3,condition_recombine_pseudolabel,0.5,0.8,ridge,3,316,156,1.4936708860759493,False,1.0,1.0,1.0,reaction_role_concat,6144,random_forest,False,valid,mae,10.585279771961744,2,0.1,random,,
condition_recombine_pseudolabel__mult_0.5__sim_0.8__teacher_ridge__seed_3,condition_recombine_pseudolabel,0.5,0.8,ridge,3,316,156,1.4936708860759493,False,1.0,1.0,1.0,reaction_role_concat,6144,random_forest,False,valid,r2,0.760781578468732,2,0.1,random,,
condition_recombine_pseudolabel__mult_0.5__sim_0.8__teacher_ridge__seed_3,condition_recombine_pseudolabel,0.5,0.8,ridge,3,316,156,1.4936708860759493,False,1.0,1.0,1.0,reaction_role_concat,6144,random_forest,False,valid,spearman,0.8847022158044523,2,0.1,random,,
condition_recombine_pseudolabel__mult_0.5__sim_0.8__teacher_ridge__seed_4,condition_recombine_pseudolabel,0.5,0.8,ridge,4,316,154,1.4873417721518987,False,1.0,1.0,1.0,reaction_role_concat,6144,random_forest,False,valid,rmse,14.438106025995406,2,0.1,random,,
condition_recombine_pseudolabel__mult_0.5__sim_0.8__teacher_ridge__seed_4,condition_recombine_pseudolabel,0.5,0.8,ridge,4,316,154,1.4873417721518987,False,1.0,1.0,1.0,reaction_role_concat,6144,random_forest,False,valid,mae,10.747239558774458,2,0.1,random,,
condition_recombine_pseudolabel__mult_0.5__sim_0.8__teacher_ridge__seed_4,condition_recombine_pseudolabel,0.5,0.8,ridge,4,316,154,1.4873417721518987,False,1.0,1.0,1.0,reaction_role_concat,6144,random_forest,False,valid,r2,0.7391250686664186,2,0.1,random,,
condition_recombine_pseudolabel__mult_0.5__sim_0.8__teacher_ridge__seed_4,condition_recombine_pseudolabel,0.5,0.8,ridge,4,316,154,1.4873417721518987,False,1.0,1.0,1.0,reaction_role_concat,6144,random_forest,False,valid,spearman,0.8739808760643285,2,0.1,random,,
condition_recombine_pseudolabel__mult_0.5__sim_0.8__teacher_rf__seed_0,condition_recombine_pseudolabel,0.5,0.8,random_forest,0,316,153,1.4841772151898733,False,1.0,1.0,1.0,reaction_role_concat,6144,random_forest,False,valid,rmse,14.20767675944808,2,0.1,random,,
condition_recombine_pseudolabel__mult_0.5__sim_0.8__teacher_rf__seed_0,condition_recombine_pseudolabel,0.5,0.8,random_forest,0,316,153,1.4841772151898733,False,1.0,1.0,1.0,reaction_role_concat,6144,random_forest,False,valid,mae,10.286572638553155,2,0.1,random,,
condition_recombine_pseudolabel__mult_0.5__sim_0.8__teacher_rf__seed_0,condition_recombine_pseudolabel,0.5,0.8,random_forest,0,316,153,1.4841772151898733,False,1.0,1.0,1.0,reaction_role_concat,6144,random_forest,False,valid,r2,0.7473856426698093,2,0.1,random,,
condition_recombine_pseudolabel__mult_0.5__sim_0.8__teacher_rf__seed_0,condition_recombine_pseudolabel,0.5,0.8,random_forest,0,316,153,1.4841772151898733,False,1.0,1.0,1.0,reaction_role_concat,6144,random_forest,False,valid,spearman,0.8792939771160958,2,0.1,random,,
condition_recombine_pseudolabel__mult_0.5__sim_0.8__teacher_rf__seed_1,condition_recombine_pseudolabel,0.5,0.8,random_forest,1,316,154,1.4873417721518987,False,1.0,1.0,1.0,reaction_role_concat,6144,random_forest,False,valid,rmse,14.196728754844985,2,0.1,random,,
condition_recombine_pseudolabel__mult_0.5__sim_0.8__teacher_rf__seed_1,condition_recombine_pseudolabel,0.5,0.8,random_forest,1,316,154,1.4873417721518987,False,1.0,1.0,1.0,reaction_role_concat,6144,random_forest,False,valid,mae,10.250884334506114,2,0.1,random,,
condition_recombine_pseudolabel__mult_0.5__sim_0.8__teacher_rf__seed_1,condition_recombine_pseudolabel,0.5,0.8,random_forest,1,316,154,1.4873417721518987,False,1.0,1.0,1.0,reaction_role_concat,6144,random_forest,False,valid,r2,0.7477748065902765,2,0.1,random,,
condition_recombine_pseudolabel__mult_0.5__sim_0.8__teacher_rf__seed_1,condition_recombine_pseudolabel,0.5,0.8,random_forest,1,316,154,1.4873417721518987,False,1.0,1.0,1.0,reaction_role_concat,6144,random_forest,False,valid,spearman,0.8798521438847028,2,0.1,random,,
condition_recombine_pseudolabel__mult_0.5__sim_0.8__teacher_rf__seed_2,condition_recombine_pseudolabel,0.5,0.8,random_forest,2,316,157,1.4968354430379747,False,1.0,1.0,1.0,reaction_role_concat,6144,random_forest,False,valid,rmse,14.487798680322452,2,0.1,random,,
condition_recombine_pseudolabel__mult_0.5__sim_0.8__teacher_rf__seed_2,condition_recombine_pseudolabel,0.5,0.8,random_forest,2,316,157,1.4968354430379747,False,1.0,1.0,1.0,reaction_role_concat,6144,random_forest,False,valid,mae,10.17827275861743,2,0.1,random,,
condition_recombine_pseudolabel__mult_0.5__sim_0.8__teacher_rf__seed_2,condition_recombine_pseudolabel,0.5,0.8,random_forest,2,316,157,1.4968354430379747,False,1.0,1.0,1.0,reaction_role_concat,6144,random_forest,False,valid,r2,0.7373262348612545,2,0.1,random,,
condition_recombine_pseudolabel__mult_0.5__sim_0.8__teacher_rf__seed_2,condition_recombine_pseudolabel,0.5,0.8,random_forest,2,316,157,1.4968354430379747,False,1.0,1.0,1.0,reaction_role_concat,6144,random_forest,False,valid,spearman,0.8752241896200809,2,0.1,random,,
condition_recombine_pseudolabel__mult_0.5__sim_0.8__teacher_rf__seed_3,condition_recombine_pseudolabel,0.5,0.8,random_forest,3,316,156,1.4936708860759493,False,1.0,1.0,1.0,reaction_role_concat,6144,random_forest,False,valid,rmse,13.981438680759505,2,0.1,random,,
condition_recombine_pseudolabel__mult_0.5__sim_0.8__teacher_rf__seed_3,condition_recombine_pseudolabel,0.5,0.8,random_forest,3,316,156,1.4936708860759493,False,1.0,1.0,1.0,reaction_role_concat,6144,random_forest,False,valid,mae,10.020740293674077,2,0.1,random,,
condition_recombine_pseudolabel__mult_0.5__sim_0.8__teacher_rf__seed_3,condition_recombine_pseudolabel,0.5,0.8,random_forest,3,316,156,1.4936708860759493,False,1.0,1.0,1.0,reaction_role_concat,6144,random_forest,False,valid,r2,0.7553666745643515,2,0.1,random,,
condition_recombine_pseudolabel__mult_0.5__sim_0.8__teacher_rf__seed_3,condition_recombine_pseudolabel,0.5,0.8,random_forest,3,316,156,1.4936708860759493,False,1.0,1.0,1.0,reaction_role_concat,6144,random_forest,False,valid,spearman,0.8810870829913796,2,0.1,random,,
condition_recombine_pseudolabel__mult_0.5__sim_0.8__teacher_rf__seed_4,condition_recombine_pseudolabel,0.5,0.8,random_forest,4,316,154,1.4873417721518987,False,1.0,1.0,1.0,reaction_role_concat,6144,random_forest,False,valid,rmse,14.263741527389195,2,0.1,random,,
condition_recombine_pseudolabel__mult_0.5__sim_0.8__teacher_rf__seed_4,condition_recombine_pseudolabel,0.5,0.8,random_forest,4,316,154,1.4873417721518987,False,1.0,1.0,1.0,reaction_role_concat,6144,random_forest,False,valid,mae,10.230822248464897,2,0.1,random,,
condition_recombine_pseudolabel__mult_0.5__sim_0.8__teacher_rf__seed_4,condition_recombine_pseudolabel,0.5,0.8,random_forest,4,316,154,1.4873417721518987,False,1.0,1.0,1.0,reaction_role_concat,6144,random_forest,False,valid,r2,0.7453880311905696,2,0.1,random,,
condition_recombine_pseudolabel__mult_0.5__sim_0.8__teacher_rf__seed_4,condition_recombine_pseudolabel,0.5,0.8,random_forest,4,316,154,1.4873417721518987,False,1.0,1.0,1.0,reaction_role_concat,6144,random_forest,False,valid,spearman,0.876830817937465,2,0.1,random,,
condition_recombine_pseudolabel__mult_0.5__sim_0.9__teacher_ridge__seed_0,condition_recombine_pseudolabel,0.5,0.9,ridge,0,316,51,1.1613924050632911,False,1.0,1.0,1.0,reaction_role_concat,6144,random_forest,False,valid,rmse,13.99163116935522,2,0.1,random,,
condition_recombine_pseudolabel__mult_0.5__sim_0.9__teacher_ridge__seed_0,condition_recombine_pseudolabel,0.5,0.9,ridge,0,316,51,1.1613924050632911,False,1.0,1.0,1.0,reaction_role_concat,6144,random_forest,False,valid,mae,10.08616287583339,2,0.1,random,,
condition_recombine_pseudolabel__mult_0.5__sim_0.9__teacher_ridge__seed_0,condition_recombine_pseudolabel,0.5,0.9,ridge,0,316,51,1.1613924050632911,False,1.0,1.0,1.0,reaction_role_concat,6144,random_forest,False,valid,r2,0.7550098684743903,2,0.1,random,,
condition_recombine_pseudolabel__mult_0.5__sim_0.9__teacher_ridge__seed_0,condition_recombine_pseudolabel,0.5,0.9,ridge,0,316,51,1.1613924050632911,False,1.0,1.0,1.0,reaction_role_concat,6144,random_forest,False,valid,spearman,0.8829594540009356,2,0.1,random,,
condition_recombine_pseudolabel__mult_0.5__sim_0.9__teacher_ridge__seed_1,condition_recombine_pseudolabel,0.5,0.9,ridge,1,316,62,1.1962025316455696,False,1.0,1.0,1.0,reaction_role_concat,6144,random_forest,False,valid,rmse,14.408437394186878,2,0.1,random,,
condition_recombine_pseudolabel__mult_0.5__sim_0.9__teacher_ridge__seed_1,condition_recombine_pseudolabel,0.5,0.9,ridge,1,316,62,1.1962025316455696,False,1.0,1.0,1.0,reaction_role_concat,6144,random_forest,False,valid,mae,10.533716351291801,2,0.1,random,,
condition_recombine_pseudolabel__mult_0.5__sim_0.9__teacher_ridge__seed_1,condition_recombine_pseudolabel,0.5,0.9,ridge,1,316,62,1.1962025316455696,False,1.0,1.0,1.0,reaction_role_concat,6144,random_forest,False,valid,r2,0.7401961025089858,2,0.1,random,,
condition_recombine_pseudolabel__mult_0.5__sim_0.9__teacher_ridge__seed_1,condition_recombine_pseudolabel,0.5,0.9,ridge,1,316,62,1.1962025316455696,False,1.0,1.0,1.0,reaction_role_concat,6144,random_forest,False,valid,spearman,0.8779819151760732,2,0.1,random,,
condition_recombine_pseudolabel__mult_0.5__sim_0.9__teacher_ridge__seed_2,condition_recombine_pseudolabel,0.5,0.9,ridge,2,316,47,1.1487341772151898,False,1.0,1.0,1.0,reaction_role_concat,6144,random_forest,False,valid,rmse,14.140898595906902,2,0.1,random,,
condition_recombine_pseudolabel__mult_0.5__sim_0.9__teacher_ridge__seed_2,condition_recombine_pseudolabel,0.5,0.9,ridge,2,316,47,1.1487341772151898,False,1.0,1.0,1.0,reaction_role_concat,6144,random_forest,False,valid,mae,10.230267898489403,2,0.1,random,,
condition_recombine_pseudolabel__mult_0.5__sim_0.9__teacher_ridge__seed_2,condition_recombine_pseudolabel,0.5,0.9,ridge,2,316,47,1.1487341772151898,False,1.0,1.0,1.0,reaction_role_concat,6144,random_forest,False,valid,r2,0.7497547110933647,2,0.1,random,,
condition_recombine_pseudolabel__mult_0.5__sim_0.9__teacher_ridge__seed_2,condition_recombine_pseudolabel,0.5,0.9,ridge,2,316,47,1.1487341772151898,False,1.0,1.0,1.0,reaction_role_concat,6144,random_forest,False,valid,spearman,0.8792212362619175,2,0.1,random,,
condition_recombine_pseudolabel__mult_0.5__sim_0.9__teacher_ridge__seed_3,condition_recombine_pseudolabel,0.5,0.9,ridge,3,316,56,1.1772151898734178,False,1.0,1.0,1.0,reaction_role_concat,6144,random_forest,False,valid,rmse,13.795785536564951,2,0.1,random,,
condition_recombine_pseudolabel__mult_0.5__sim_0.9__teacher_ridge__seed_3,condition_recombine_pseudolabel,0.5,0.9,ridge,3,316,56,1.1772151898734178,False,1.0,1.0,1.0,reaction_role_concat,6144,random_forest,False,valid,mae,10.089004842109317,2,0.1,random,,
condition_recombine_pseudolabel__mult_0.5__sim_0.9__teacher_ridge__seed_3,condition_recombine_pseudolabel,0.5,0.9,ridge,3,316,56,1.1772151898734178,False,1.0,1.0,1.0,reaction_role_concat,6144,random_forest,False,valid,r2,0.7618202894778338,2,0.1,random,,
condition_recombine_pseudolabel__mult_0.5__sim_0.9__teacher_ridge__seed_3,condition_recombine_pseudolabel,0.5,0.9,ridge,3,316,56,1.1772151898734178,False,1.0,1.0,1.0,reaction_role_concat,6144,random_forest,False,valid,spearman,0.8854573768809607,2,0.1,random,,
condition_recombine_pseudolabel__mult_0.5__sim_0.9__teacher_ridge__seed_4,condition_recombine_pseudolabel,0.5,0.9,ridge,4,316,62,1.1962025316455696,False,1.0,1.0,1.0,reaction_role_concat,6144,random_forest,False,valid,rmse,14.209894824805835,2,0.1,random,,
condition_recombine_pseudolabel__mult_0.5__sim_0.9__teacher_ridge__seed_4,condition_recombine_pseudolabel,0.5,0.9,ridge,4,316,62,1.1962025316455696,False,1.0,1.0,1.0,reaction_role_concat,6144,random_forest,False,valid,mae,10.399789747137811,2,0.1,random,,
condition_recombine_pseudolabel__mult_0.5__sim_0.9__teacher_ridge__seed_4,condition_recombine_pseudolabel,0.5,0.9,ridge,4,316,62,1.1962025316455696,False,1.0,1.0,1.0,reaction_role_concat,6144,random_forest,False,valid,r2,0.7473067615266327,2,0.1,random,,
condition_recombine_pseudolabel__mult_0.5__sim_0.9__teacher_ridge__seed_4,condition_recombine_pseudolabel,0.5,0.9,ridge,4,316,62,1.1962025316455696,False,1.0,1.0,1.0,reaction_role_concat,6144,random_forest,False,valid,spearman,0.8762166592128307,2,0.1,random,,
condition_recombine_pseudolabel__mult_0.5__sim_0.9__teacher_rf__seed_0,condition_recombine_pseudolabel,0.5,0.9,random_forest,0,316,51,1.1613924050632911,False,1.0,1.0,1.0,reaction_role_concat,6144,random_forest,False,valid,rmse,14.297628917064381,2,0.1,random,,
condition_recombine_pseudolabel__mult_0.5__sim_0.9__teacher_rf__seed_0,condition_recombine_pseudolabel,0.5,0.9,random_forest,0,316,51,1.1613924050632911,False,1.0,1.0,1.0,reaction_role_concat,6144,random_forest,False,valid,mae,10.280007422392126,2,0.1,random,,
condition_recombine_pseudolabel__mult_0.5__sim_0.9__teacher_rf__seed_0,condition_recombine_pseudolabel,0.5,0.9,random_forest,0,316,51,1.1613924050632911,False,1.0,1.0,1.0,reaction_role_concat,6144,random_forest,False,valid,r2,0.7441767944018542,2,0.1,random,,
condition_recombine_pseudolabel__mult_0.5__sim_0.9__teacher_rf__seed_0,condition_recombine_pseudolabel,0.5,0.9,random_forest,0,316,51,1.1613924050632911,False,1.0,1.0,1.0,reaction_role_concat,6144,random_forest,False,valid,spearman,0.8761143156549441,2,0.1,random,,
condition_recombine_pseudolabel__mult_0.5__sim_0.9__teacher_rf__seed_1,condition_recombine_pseudolabel,0.5,0.9,random_forest,1,316,62,1.1962025316455696,False,1.0,1.0,1.0,reaction_role_concat,6144,random_forest,False,valid,rmse,14.330244481357681,2,0.1,random,,
condition_recombine_pseudolabel__mult_0.5__sim_0.9__teacher_rf__seed_1,condition_recombine_pseudolabel,0.5,0.9,random_forest,1,316,62,1.1962025316455696,False,1.0,1.0,1.0,reaction_role_concat,6144,random_forest,False,valid,mae,10.359375191856035,2,0.1,random,,
condition_recombine_pseudolabel__mult_0.5__sim_0.9__teacher_rf__seed_1,condition_recombine_pseudolabel,0.5,0.9,random_forest,1,316,62,1.1962025316455696,False,1.0,1.0,1.0,reaction_role_concat,6144,random_forest,False,valid,r2,0.7430083020367348,2,0.1,random,,
condition_recombine_pseudolabel__mult_0.5__sim_0.9__teacher_rf__seed_1,condition_recombine_pseudolabel,0.5,0.9,random_forest,1,316,62,1.1962025316455696,False,1.0,1.0,1.0,reaction_role_concat,6144,random_forest,False,valid,spearman,0.8776098364561068,2,0.1,random,,
condition_recombine_pseudolabel__mult_0.5__sim_0.9__teacher_rf__seed_2,condition_recombine_pseudolabel,0.5,0.9,random_forest,2,316,47,1.1487341772151898,False,1.0,1.0,1.0,reaction_role_concat,6144,random_forest,False,valid,rmse,14.141259239772506,2,0.1,random,,
condition_recombine_pseudolabel__mult_0.5__sim_0.9__teacher_rf__seed_2,condition_recombine_pseudolabel,0.5,0.9,random_forest,2,316,47,1.1487341772151898,False,1.0,1.0,1.0,reaction_role_concat,6144,random_forest,False,valid,mae,10.209200142326235,2,0.1,random,,
condition_recombine_pseudolabel__mult_0.5__sim_0.9__teacher_rf__seed_2,condition_recombine_pseudolabel,0.5,0.9,random_forest,2,316,47,1.1487341772151898,False,1.0,1.0,1.0,reaction_role_concat,6144,random_forest,False,valid,r2,0.749741946617533,2,0.1,random,,
condition_recombine_pseudolabel__mult_0.5__sim_0.9__teacher_rf__seed_2,condition_recombine_pseudolabel,0.5,0.9,random_forest,2,316,47,1.1487341772151898,False,1.0,1.0,1.0,reaction_role_concat,6144,random_forest,False,valid,spearman,0.8784433862710536,2,0.1,random,,
condition_recombine_pseudolabel__mult_0.5__sim_0.9__teacher_rf__seed_3,condition_recombine_pseudolabel,0.5,0.9,random_forest,3,316,56,1.1772151898734178,False,1.0,1.0,1.0,reaction_role_concat,6144,random_forest,False,valid,rmse,14.07118980525941,2,0.1,random,,
condition_recombine_pseudolabel__mult_0.5__sim_0.9__teacher_rf__seed_3,condition_recombine_pseudolabel,0.5,0.9,random_forest,3,316,56,1.1772151898734178,False,1.0,1.0,1.0,reaction_role_concat,6144,random_forest,False,valid,mae,10.041906674029706,2,0.1,random,,
condition_recombine_pseudolabel__mult_0.5__sim_0.9__teacher_rf__seed_3,condition_recombine_pseudolabel,0.5,0.9,random_forest,3,316,56,1.1772151898734178,False,1.0,1.0,1.0,reaction_role_concat,6144,random_forest,False,valid,r2,0.7522158417984484,2,0.1,random,,
condition_recombine_pseudolabel__mult_0.5__sim_0.9__teacher_rf__seed_3,condition_recombine_pseudolabel,0.5,0.9,random_forest,3,316,56,1.1772151898734178,False,1.0,1.0,1.0,reaction_role_concat,6144,random_forest,False,valid,spearman,0.8788809025465859,2,0.1,random,,
condition_recombine_pseudolabel__mult_0.5__sim_0.9__teacher_rf__seed_4,condition_recombine_pseudolabel,0.5,0.9,random_forest,4,316,62,1.1962025316455696,False,1.0,1.0,1.0,reaction_role_concat,6144,random_forest,False,valid,rmse,14.331314872347944,2,0.1,random,,
condition_recombine_pseudolabel__mult_0.5__sim_0.9__teacher_rf__seed_4,condition_recombine_pseudolabel,0.5,0.9,random_forest,4,316,62,1.1962025316455696,False,1.0,1.0,1.0,reaction_role_concat,6144,random_forest,False,valid,mae,10.240619696366634,2,0.1,random,,
condition_recombine_pseudolabel__mult_0.5__sim_0.9__teacher_rf__seed_4,condition_recombine_pseudolabel,0.5,0.9,random_forest,4,316,62,1.1962025316455696,False,1.0,1.0,1.0,reaction_role_concat,6144,random_forest,False,valid,r2,0.7429699088506344,2,0.1,random,,
condition_recombine_pseudolabel__mult_0.5__sim_0.9__teacher_rf__seed_4,condition_recombine_pseudolabel,0.5,0.9,random_forest,4,316,62,1.1962025316455696,False,1.0,1.0,1.0,reaction_role_concat,6144,random_forest,False,valid,spearman,0.8752042272705407,2,0.1,random,,
condition_recombine_pseudolabel__mult_1__sim_0.7__teacher_ridge__seed_0,condition_recombine_pseudolabel,1.0,0.7,ridge,0,316,316,2.0,False,1.0,1.0,1.0,reaction_role_concat,6144,random_forest,False,valid,rmse,14.232360489303487,2,0.1,random,,
condition_recombine_pseudolabel__mult_1__sim_0.7__teacher_ridge__seed_0,condition_recombine_pseudolabel,1.0,0.7,ridge,0,316,316,2.0,False,1.0,1.0,1.0,reaction_role_concat,6144,random_forest,False,valid,mae,11.00744821945474,2,0.1,random,,
condition_recombine_pseudolabel__mult_1__sim_0.7__teacher_ridge__seed_0,condition_recombine_pseudolabel,1.0,0.7,ridge,0,316,316,2.0,False,1.0,1.0,1.0,reaction_role_concat,6144,random_forest,False,valid,r2,0.7465071202686118,2,0.1,random,,
condition_recombine_pseudolabel__mult_1__sim_0.7__teacher_ridge__seed_0,condition_recombine_pseudolabel,1.0,0.7,ridge,0,316,316,2.0,False,1.0,1.0,1.0,reaction_role_concat,6144,random_forest,False,valid,spearman,0.8762533704605217,2,0.1,random,,
condition_recombine_pseudolabel__mult_1__sim_0.7__teacher_ridge__seed_1,condition_recombine_pseudolabel,1.0,0.7,ridge,1,316,316,2.0,False,1.0,1.0,1.0,reaction_role_concat,6144,random_forest,False,valid,rmse,13.990626033604398,2,0.1,random,,
condition_recombine_pseudolabel__mult_1__sim_0.7__teacher_ridge__seed_1,condition_recombine_pseudolabel,1.0,0.7,ridge,1,316,316,2.0,False,1.0,1.0,1.0,reaction_role_concat,6144,random_forest,False,valid,mae,10.970368531503256,2,0.1,random,,
condition_recombine_pseudolabel__mult_1__sim_0.7__teacher_ridge__seed_1,condition_recombine_pseudolabel,1.0,0.7,ridge,1,316,316,2.0,False,1.0,1.0,1.0,reaction_role_concat,6144,random_forest,False,valid,r2,0.7550450665855721,2,0.1,random,,
condition_recombine_pseudolabel__mult_1__sim_0.7__teacher_ridge__seed_1,condition_recombine_pseudolabel,1.0,0.7,ridge,1,316,316,2.0,False,1.0,1.0,1.0,reaction_role_concat,6144,random_forest,False,valid,spearman,0.8874206009252531,2,0.1,random,,
condition_recombine_pseudolabel__mult_1__sim_0.7__teacher_ridge__seed_2,condition_recombine_pseudolabel,1.0,0.7,ridge,2,316,316,2.0,False,1.0,1.0,1.0,reaction_role_concat,6144,random_forest,False,valid,rmse,14.72592732188067,2,0.1,random,,
condition_recombine_pseudolabel__mult_1__sim_0.7__teacher_ridge__seed_2,condition_recombine_pseudolabel,1.0,0.7,ridge,2,316,316,2.0,False,1.0,1.0,1.0,reaction_role_concat,6144,random_forest,False,valid,mae,11.276957788267469,2,0.1,random,,
condition_recombine_pseudolabel__mult_1__sim_0.7__teacher_ridge__seed_2,condition_recombine_pseudolabel,1.0,0.7,ridge,2,316,316,2.0,False,1.0,1.0,1.0,reaction_role_concat,6144,random_forest,False,valid,r2,0.7286203988859177,2,0.1,random,,
condition_recombine_pseudolabel__mult_1__sim_0.7__teacher_ridge__seed_2,condition_recombine_pseudolabel,1.0,0.7,ridge,2,316,316,2.0,False,1.0,1.0,1.0,reaction_role_concat,6144,random_forest,False,valid,spearman,0.8735234948165708,2,0.1,random,,
condition_recombine_pseudolabel__mult_1__sim_0.7__teacher_ridge__seed_3,condition_recombine_pseudolabel,1.0,0.7,ridge,3,316,316,2.0,False,1.0,1.0,1.0,reaction_role_concat,6144,random_forest,False,valid,rmse,14.512017767056287,2,0.1,random,,
condition_recombine_pseudolabel__mult_1__sim_0.7__teacher_ridge__seed_3,condition_recombine_pseudolabel,1.0,0.7,ridge,3,316,316,2.0,False,1.0,1.0,1.0,reaction_role_concat,6144,random_forest,False,valid,mae,11.226012051476706,2,0.1,random,,
condition_recombine_pseudolabel__mult_1__sim_0.7__teacher_ridge__seed_3,condition_recombine_pseudolabel,1.0,0.7,ridge,3,316,316,2.0,False,1.0,1.0,1.0,reaction_role_concat,6144,random_forest,False,valid,r2,0.7364472833728817,2,0.1,random,,
condition_recombine_pseudolabel__mult_1__sim_0.7__teacher_ridge__seed_3,condition_recombine_pseudolabel,1.0,0.7,ridge,3,316,316,2.0,False,1.0,1.0,1.0,reaction_role_concat,6144,random_forest,False,valid,spearman,0.8710705602559972,2,0.1,random,,
condition_recombine_pseudolabel__mult_1__sim_0.7__teacher_ridge__seed_4,condition_recombine_pseudolabel,1.0,0.7,ridge,4,316,316,2.0,False,1.0,1.0,1.0,reaction_role_concat,6144,random_forest,False,valid,rmse,14.236939252314865,2,0.1,random,,
condition_recombine_pseudolabel__mult_1__sim_0.7__teacher_ridge__seed_4,condition_recombine_pseudolabel,1.0,0.7,ridge,4,316,316,2.0,False,1.0,1.0,1.0,reaction_role_concat,6144,random_forest,False,valid,mae,10.82976177807171,2,0.1,random,,
condition_recombine_pseudolabel__mult_1__sim_0.7__teacher_ridge__seed_4,condition_recombine_pseudolabel,1.0,0.7,ridge,4,316,316,2.0,False,1.0,1.0,1.0,reaction_role_concat,6144,random_forest,False,valid,r2,0.7463439891384105,2,0.1,random,,
condition_recombine_pseudolabel__mult_1__sim_0.7__teacher_ridge__seed_4,condition_recombine_pseudolabel,1.0,0.7,ridge,4,316,316,2.0,False,1.0,1.0,1.0,reaction_role_concat,6144,random_forest,False,valid,spearman,0.8782046170950898,2,0.1,random,,
condition_recombine_pseudolabel__mult_1__sim_0.7__teacher_rf__seed_0,condition_recombine_pseudolabel,1.0,0.7,random_forest,0,316,316,2.0,False,1.0,1.0,1.0,reaction_role_concat,6144,random_forest,False,valid,rmse,14.204157114424268,2,0.1,random,,
condition_recombine_pseudolabel__mult_1__sim_0.7__teacher_rf__seed_0,condition_recombine_pseudolabel,1.0,0.7,random_forest,0,316,316,2.0,False,1.0,1.0,1.0,reaction_role_concat,6144,random_forest,False,valid,mae,10.31358427515362,2,0.1,random,,
condition_recombine_pseudolabel__mult_1__sim_0.7__teacher_rf__seed_0,condition_recombine_pseudolabel,1.0,0.7,random_forest,0,316,316,2.0,False,1.0,1.0,1.0,reaction_role_concat,6144,random_forest,False,valid,r2,0.7475107866678772,2,0.1,random,,
condition_recombine_pseudolabel__mult_1__sim_0.7__teacher_rf__seed_0,condition_recombine_pseudolabel,1.0,0.7,random_forest,0,316,316,2.0,False,1.0,1.0,1.0,reaction_role_concat,6144,random_forest,False,valid,spearman,0.8782050066043492,2,0.1,random,,
condition_recombine_pseudolabel__mult_1__sim_0.7__teacher_rf__seed_1,condition_recombine_pseudolabel,1.0,0.7,random_forest,1,316,316,2.0,False,1.0,1.0,1.0,reaction_role_concat,6144,random_forest,False,valid,rmse,14.256485308200581,2,0.1,random,,
condition_recombine_pseudolabel__mult_1__sim_0.7__teacher_rf__seed_1,condition_recombine_pseudolabel,1.0,0.7,random_forest,1,316,316,2.0,False,1.0,1.0,1.0,reaction_role_concat,6144,random_forest,False,valid,mae,10.240543515335533,2,0.1,random,,
condition_recombine_pseudolabel__mult_1__sim_0.7__teacher_rf__seed_1,condition_recombine_pseudolabel,1.0,0.7,random_forest,1,316,316,2.0,False,1.0,1.0,1.0,reaction_role_concat,6144,random_forest,False,valid,r2,0.7456470165790752,2,0.1,random,,
condition_recombine_pseudolabel__mult_1__sim_0.7__teacher_rf__seed_1,condition_recombine_pseudolabel,1.0,0.7,random_forest,1,316,316,2.0,False,1.0,1.0,1.0,reaction_role_concat,6144,random_forest,False,valid,spearman,0.8754034612566833,2,0.1,random,,
condition_recombine_pseudolabel__mult_1__sim_0.7__teacher_rf__seed_2,condition_recombine_pseudolabel,1.0,0.7,random_forest,2,316,316,2.0,False,1.0,1.0,1.0,reaction_role_concat,6144,random_forest,False,valid,rmse,14.413277684531083,2,0.1,random,,
condition_recombine_pseudolabel__mult_1__sim_0.7__teacher_rf__seed_2,condition_recombine_pseudolabel,1.0,0.7,random_forest,2,316,316,2.0,False,1.0,1.0,1.0,reaction_role_concat,6144,random_forest,False,valid,mae,10.343049728059317,2,0.1,random,,
condition_recombine_pseudolabel__mult_1__sim_0.7__teacher_rf__seed_2,condition_recombine_pseudolabel,1.0,0.7,random_forest,2,316,316,2.0,False,1.0,1.0,1.0,reaction_role_concat,6144,random_forest,False,valid,r2,0.7400215190360944,2,0.1,random,,
condition_recombine_pseudolabel__mult_1__sim_0.7__teacher_rf__seed_2,condition_recombine_pseudolabel,1.0,0.7,random_forest,2,316,316,2.0,False,1.0,1.0,1.0,reaction_role_concat,6144,random_forest,False,valid,spearman,0.8773214048495795,2,0.1,random,,
condition_recombine_pseudolabel__mult_1__sim_0.7__teacher_rf__seed_3,condition_recombine_pseudolabel,1.0,0.7,random_forest,3,316,316,2.0,False,1.0,1.0,1.0,reaction_role_concat,6144,random_forest,False,valid,rmse,13.931553650752134,2,0.1,random,,
condition_recombine_pseudolabel__mult_1__sim_0.7__teacher_rf__seed_3,condition_recombine_pseudolabel,1.0,0.7,random_forest,3,316,316,2.0,False,1.0,1.0,1.0,reaction_role_concat,6144,random_forest,False,valid,mae,10.01165169680194,2,0.1,random,,
condition_recombine_pseudolabel__mult_1__sim_0.7__teacher_rf__seed_3,condition_recombine_pseudolabel,1.0,0.7,random_forest,3,316,316,2.0,False,1.0,1.0,1.0,reaction_role_concat,6144,random_forest,False,valid,r2,0.7571092377248254,2,0.1,random,,
condition_recombine_pseudolabel__mult_1__sim_0.7__teacher_rf__seed_3,condition_recombine_pseudolabel,1.0,0.7,random_forest,3,316,316,2.0,False,1.0,1.0,1.0,reaction_role_concat,6144,random_forest,False,valid,spearman,0.8829651992625105,2,0.1,random,,
condition_recombine_pseudolabel__mult_1__sim_0.7__teacher_rf__seed_4,condition_recombine_pseudolabel,1.0,0.7,random_forest,4,316,316,2.0,False,1.0,1.0,1.0,reaction_role_concat,6144,random_forest,False,valid,rmse,14.52129548278789,2,0.1,random,,
condition_recombine_pseudolabel__mult_1__sim_0.7__teacher_rf__seed_4,condition_recombine_pseudolabel,1.0,0.7,random_forest,4,316,316,2.0,False,1.0,1.0,1.0,reaction_role_concat,6144,random_forest,False,valid,mae,10.378441688534581,2,0.1,random,,
condition_recombine_pseudolabel__mult_1__sim_0.7__teacher_rf__seed_4,condition_recombine_pseudolabel,1.0,0.7,random_forest,4,316,316,2.0,False,1.0,1.0,1.0,reaction_role_concat,6144,random_forest,False,valid,r2,0.736110190511295,2,0.1,random,,
condition_recombine_pseudolabel__mult_1__sim_0.7__teacher_rf__seed_4,condition_recombine_pseudolabel,1.0,0.7,random_forest,4,316,316,2.0,False,1.0,1.0,1.0,reaction_role_concat,6144,random_forest,False,valid,spearman,0.8746101282727614,2,0.1,random,,
condition_recombine_pseudolabel__mult_1__sim_0.8__teacher_ridge__seed_0,condition_recombine_pseudolabel,1.0,0.8,ridge,0,316,308,1.9746835443037976,False,1.0,1.0,1.0,reaction_role_concat,6144,random_forest,False,valid,rmse,14.225035806430887,2,0.1,random,,
condition_recombine_pseudolabel__mult_1__sim_0.8__teacher_ridge__seed_0,condition_recombine_pseudolabel,1.0,0.8,ridge,0,316,308,1.9746835443037976,False,1.0,1.0,1.0,reaction_role_concat,6144,random_forest,False,valid,mae,11.054407267912278,2,0.1,random,,
condition_recombine_pseudolabel__mult_1__sim_0.8__teacher_ridge__seed_0,condition_recombine_pseudolabel,1.0,0.8,ridge,0,316,308,1.9746835443037976,False,1.0,1.0,1.0,reaction_role_concat,6144,random_forest,False,valid,r2,0.7467679732966833,2,0.1,random,,
condition_recombine_pseudolabel__mult_1__sim_0.8__teacher_ridge__seed_0,condition_recombine_pseudolabel,1.0,0.8,ridge,0,316,308,1.9746835443037976,False,1.0,1.0,1.0,reaction_role_concat,6144,random_forest,False,valid,spearman,0.8739309215018205,2,0.1,random,,
condition_recombine_pseudolabel__mult_1__sim_0.8__teacher_ridge__seed_1,condition_recombine_pseudolabel,1.0,0.8,ridge,1,316,307,1.9715189873417722,False,1.0,1.0,1.0,reaction_role_concat,6144,random_forest,False,valid,rmse,14.01635813418641,2,0.1,random,,
condition_recombine_pseudolabel__mult_1__sim_0.8__teacher_ridge__seed_1,condition_recombine_pseudolabel,1.0,0.8,ridge,1,316,307,1.9715189873417722,False,1.0,1.0,1.0,reaction_role_concat,6144,random_forest,False,valid,mae,11.04264063092576,2,0.1,random,,
condition_recombine_pseudolabel__mult_1__sim_0.8__teacher_ridge__seed_1,condition_recombine_pseudolabel,1.0,0.8,ridge,1,316,307,1.9715189873417722,False,1.0,1.0,1.0,reaction_role_concat,6144,random_forest,False,valid,r2,0.7541431767746746,2,0.1,random,,
condition_recombine_pseudolabel__mult_1__sim_0.8__teacher_ridge__seed_1,condition_recombine_pseudolabel,1.0,0.8,ridge,1,316,307,1.9715189873417722,False,1.0,1.0,1.0,reaction_role_concat,6144,random_forest,False,valid,spearman,0.8855109344041172,2,0.1,random,,
condition_recombine_pseudolabel__mult_1__sim_0.8__teacher_ridge__seed_2,condition_recombine_pseudolabel,1.0,0.8,ridge,2,316,308,1.9746835443037976,False,1.0,1.0,1.0,reaction_role_concat,6144,random_forest,False,valid,rmse,14.799001733982639,2,0.1,random,,
condition_recombine_pseudolabel__mult_1__sim_0.8__teacher_ridge__seed_2,condition_recombine_pseudolabel,1.0,0.8,ridge,2,316,308,1.9746835443037976,False,1.0,1.0,1.0,reaction_role_concat,6144,random_forest,False,valid,mae,11.341617031793051,2,0.1,random,,
condition_recombine_pseudolabel__mult_1__sim_0.8__teacher_ridge__seed_2,condition_recombine_pseudolabel,1.0,0.8,ridge,2,316,308,1.9746835443037976,False,1.0,1.0,1.0,reaction_role_concat,6144,random_forest,False,valid,r2,0.7259203844441255,2,0.1,random,,
condition_recombine_pseudolabel__mult_1__sim_0.8__teacher_ridge__seed_2,condition_recombine_pseudolabel,1.0,0.8,ridge,2,316,308,1.9746835443037976,False,1.0,1.0,1.0,reaction_role_concat,6144,random_forest,False,valid,spearman,0.8738771692240344,2,0.1,random,,
condition_recombine_pseudolabel__mult_1__sim_0.8__teacher_ridge__seed_3,condition_recombine_pseudolabel,1.0,0.8,ridge,3,316,309,1.9778481012658229,False,1.0,1.0,1.0,reaction_role_concat,6144,random_forest,False,valid,rmse,14.323539969080404,2,0.1,random,,
condition_recombine_pseudolabel__mult_1__sim_0.8__teacher_ridge__seed_3,condition_recombine_pseudolabel,1.0,0.8,ridge,3,316,309,1.9778481012658229,False,1.0,1.0,1.0,reaction_role_concat,6144,random_forest,False,valid,mae,11.09704804551677,2,0.1,random,,
condition_recombine_pseudolabel__mult_1__sim_0.8__teacher_ridge__seed_3,condition_recombine_pseudolabel,1.0,0.8,ridge,3,316,309,1.9778481012658229,False,1.0,1.0,1.0,reaction_role_concat,6144,random_forest,False,valid,r2,0.7432487167674435,2,0.1,random,,
condition_recombine_pseudolabel__mult_1__sim_0.8__teacher_ridge__seed_3,condition_recombine_pseudolabel,1.0,0.8,ridge,3,316,309,1.9778481012658229,False,1.0,1.0,1.0,reaction_role_concat,6144,random_forest,False,valid,spearman,0.8753063760737976,2,0.1,random,,
condition_recombine_pseudolabel__mult_1__sim_0.8__teacher_ridge__seed_4,condition_recombine_pseudolabel,1.0,0.8,ridge,4,316,306,1.9683544303797469,False,1.0,1.0,1.0,reaction_role_concat,6144,random_forest,False,valid,rmse,14.38397971755907,2,0.1,random,,
condition_recombine_pseudolabel__mult_1__sim_0.8__teacher_ridge__seed_4,condition_recombine_pseudolabel,1.0,0.8,ridge,4,316,306,1.9683544303797469,False,1.0,1.0,1.0,reaction_role_concat,6144,random_forest,False,valid,mae,10.965301537855517,2,0.1,random,,
condition_recombine_pseudolabel__mult_1__sim_0.8__teacher_ridge__seed_4,condition_recombine_pseudolabel,1.0,0.8,ridge,4,316,306,1.9683544303797469,False,1.0,1.0,1.0,reaction_role_concat,6144,random_forest,False,valid,r2,0.7410773648628685,2,0.1,random,,
condition_recombine_pseudolabel__mult_1__sim_0.8__teacher_ridge__seed_4,condition_recombine_pseudolabel,1.0,0.8,ridge,4,316,306,1.9683544303797469,False,1.0,1.0,1.0,reaction_role_concat,6144,random_forest,False,valid,spearman,0.8756707619858922,2,0.1,random,,
condition_recombine_pseudolabel__mult_1__sim_0.8__teacher_rf__seed_0,condition_recombine_pseudolabel,1.0,0.8,random_forest,0,316,308,1.9746835443037976,False,1.0,1.0,1.0,reaction_role_concat,6144,random_forest,False,valid,rmse,14.184628875121485,2,0.1,random,,
condition_recombine_pseudolabel__mult_1__sim_0.8__teacher_rf__seed_0,condition_recombine_pseudolabel,1.0,0.8,random_forest,0,316,308,1.9746835443037976,False,1.0,1.0,1.0,reaction_role_concat,6144,random_forest,False,valid,mae,10.262017853230239,2,0.1,random,,
condition_recombine_pseudolabel__mult_1__sim_0.8__teacher_rf__seed_0,condition_recombine_pseudolabel,1.0,0.8,random_forest,0,316,308,1.9746835443037976,False,1.0,1.0,1.0,reaction_role_concat,6144,random_forest,False,valid,r2,0.7482045667118498,2,0.1,random,,
condition_recombine_pseudolabel__mult_1__sim_0.8__teacher_rf__seed_0,condition_recombine_pseudolabel,1.0,0.8,random_forest,0,316,308,1.9746835443037976,False,1.0,1.0,1.0,reaction_role_concat,6144,random_forest,False,valid,spearman,0.8794827917295516,2,0.1,random,,
condition_recombine_pseudolabel__mult_1__sim_0.8__teacher_rf__seed_1,condition_recombine_pseudolabel,1.0,0.8,random_forest,1,316,307,1.9715189873417722,False,1.0,1.0,1.0,reaction_role_concat,6144,random_forest,False,valid,rmse,14.367392582826128,2,0.1,random,,
condition_recombine_pseudolabel__mult_1__sim_0.8__teacher_rf__seed_1,condition_recombine_pseudolabel,1.0,0.8,random_forest,1,316,307,1.9715189873417722,False,1.0,1.0,1.0,reaction_role_concat,6144,random_forest,False,valid,mae,10.3250816623776,2,0.1,random,,
condition_recombine_pseudolabel__mult_1__sim_0.8__teacher_rf__seed_1,condition_recombine_pseudolabel,1.0,0.8,random_forest,1,316,307,1.9715189873417722,False,1.0,1.0,1.0,reaction_role_concat,6144,random_forest,False,valid,r2,0.7416741827694782,2,0.1,random,,
condition_recombine_pseudolabel__mult_1__sim_0.8__teacher_rf__seed_1,condition_recombine_pseudolabel,1.0,0.8,random_forest,1,316,307,1.9715189873417722,False,1.0,1.0,1.0,reaction_role_concat,6144,random_forest,False,valid,spearman,0.8737707358189248,2,0.1,random,,
condition_recombine_pseudolabel__mult_1__sim_0.8__teacher_rf__seed_2,condition_recombine_pseudolabel,1.0,0.8,random_forest,2,316,308,1.9746835443037976,False,1.0,1.0,1.0,reaction_role_concat,6144,random_forest,False,valid,rmse,14.438603209181638,2,0.1,random,,
condition_recombine_pseudolabel__mult_1__sim_0.8__teacher_rf__seed_2,condition_recombine_pseudolabel,1.0,0.8,random_forest,2,316,308,1.9746835443037976,False,1.0,1.0,1.0,reaction_role_concat,6144,random_forest,False,valid,mae,10.391037069347842,2,0.1,random,,
condition_recombine_pseudolabel__mult_1__sim_0.8__teacher_rf__seed_2,condition_recombine_pseudolabel,1.0,0.8,random_forest,2,316,308,1.9746835443037976,False,1.0,1.0,1.0,reaction_role_concat,6144,random_forest,False,valid,r2,0.7391071016474036,2,0.1,random,,
condition_recombine_pseudolabel__mult_1__sim_0.8__teacher_rf__seed_2,condition_recombine_pseudolabel,1.0,0.8,random_forest,2,316,308,1.9746835443037976,False,1.0,1.0,1.0,reaction_role_concat,6144,random_forest,False,valid,spearman,0.877513432914425,2,0.1,random,,
condition_recombine_pseudolabel__mult_1__sim_0.8__teacher_rf__seed_3,condition_recombine_pseudolabel,1.0,0.8,random_forest,3,316,309,1.9778481012658229,False,1.0,1.0,1.0,reaction_role_concat,6144,random_forest,False,valid,rmse,13.99969339027756,2,0.1,random,,
condition_recombine_pseudolabel__mult_1__sim_0.8__teacher_rf__seed_3,condition_recombine_pseudolabel,1.0,0.8,random_forest,3,316,309,1.9778481012658229,False,1.0,1.0,1.0,reaction_role_concat,6144,random_forest,False,valid,mae,10.04943523797619,2,0.1,random,,
condition_recombine_pseudolabel__mult_1__sim_0.8__teacher_rf__seed_3,condition_recombine_pseudolabel,1.0,0.8,random_forest,3,316,309,1.9778481012658229,False,1.0,1.0,1.0,reaction_role_concat,6144,random_forest,False,valid,r2,0.7547274519923799,2,0.1,random,,
condition_recombine_pseudolabel__mult_1__sim_0.8__teacher_rf__seed_3,condition_recombine_pseudolabel,1.0,0.8,random_forest,3,316,309,1.9778481012658229,False,1.0,1.0,1.0,reaction_role_concat,6144,random_forest,False,valid,spearman,0.8813946005516136,2,0.1,random,,
condition_recombine_pseudolabel__mult_1__sim_0.8__teacher_rf__seed_4,condition_recombine_pseudolabel,1.0,0.8,random_forest,4,316,306,1.9683544303797469,False,1.0,1.0,1.0,reaction_role_concat,6144,random_forest,False,valid,rmse,14.443424607118807,2,0.1,random,,
condition_recombine_pseudolabel__mult_1__sim_0.8__teacher_rf__seed_4,condition_recombine_pseudolabel,1.0,0.8,random_forest,4,316,306,1.9683544303797469,False,1.0,1.0,1.0,reaction_role_concat,6144,random_forest,False,valid,mae,10.401059836961988,2,0.1,random,,
condition_recombine_pseudolabel__mult_1__sim_0.8__teacher_rf__seed_4,condition_recombine_pseudolabel,1.0,0.8,random_forest,4,316,306,1.9683544303797469,False,1.0,1.0,1.0,reaction_role_concat,6144,random_forest,False,valid,r2,0.7389328356910603,2,0.1,random,,
condition_recombine_pseudolabel__mult_1__sim_0.8__teacher_rf__seed_4,condition_recombine_pseudolabel,1.0,0.8,random_forest,4,316,306,1.9683544303797469,False,1.0,1.0,1.0,reaction_role_concat,6144,random_forest,False,valid,spearman,0.8762538573470957,2,0.1,random,,
condition_recombine_pseudolabel__mult_1__sim_0.9__teacher_ridge__seed_0,condition_recombine_pseudolabel,1.0,0.9,ridge,0,316,103,1.3259493670886076,False,1.0,1.0,1.0,reaction_role_concat,6144,random_forest,False,valid,rmse,14.173424466843299,2,0.1,random,,
condition_recombine_pseudolabel__mult_1__sim_0.9__teacher_ridge__seed_0,condition_recombine_pseudolabel,1.0,0.9,ridge,0,316,103,1.3259493670886076,False,1.0,1.0,1.0,reaction_role_concat,6144,random_forest,False,valid,mae,10.448910608588895,2,0.1,random,,
condition_recombine_pseudolabel__mult_1__sim_0.9__teacher_ridge__seed_0,condition_recombine_pseudolabel,1.0,0.9,ridge,0,316,103,1.3259493670886076,False,1.0,1.0,1.0,reaction_role_concat,6144,random_forest,False,valid,r2,0.7486021949648809,2,0.1,random,,
condition_recombine_pseudolabel__mult_1__sim_0.9__teacher_ridge__seed_0,condition_recombine_pseudolabel,1.0,0.9,ridge,0,316,103,1.3259493670886076,False,1.0,1.0,1.0,reaction_role_concat,6144,random_forest,False,valid,spearman,0.8808722686348641,2,0.1,random,,
condition_recombine_pseudolabel__mult_1__sim_0.9__teacher_ridge__seed_1,condition_recombine_pseudolabel,1.0,0.9,ridge,1,316,105,1.3322784810126582,False,1.0,1.0,1.0,reaction_role_concat,6144,random_forest,False,valid,rmse,13.868133782008949,2,0.1,random,,
condition_recombine_pseudolabel__mult_1__sim_0.9__teacher_ridge__seed_1,condition_recombine_pseudolabel,1.0,0.9,ridge,1,316,105,1.3322784810126582,False,1.0,1.0,1.0,reaction_role_concat,6144,random_forest,False,valid,mae,10.273273263813575,2,0.1,random,,
condition_recombine_pseudolabel__mult_1__sim_0.9__teacher_ridge__seed_1,condition_recombine_pseudolabel,1.0,0.9,ridge,1,316,105,1.3322784810126582,False,1.0,1.0,1.0,reaction_role_concat,6144,random_forest,False,valid,r2,0.7593156016402407,2,0.1,random,,
condition_recombine_pseudolabel__mult_1__sim_0.9__teacher_ridge__seed_1,condition_recombine_pseudolabel,1.0,0.9,ridge,1,316,105,1.3322784810126582,False,1.0,1.0,1.0,reaction_role_concat,6144,random_forest,False,valid,spearman,0.8859410500037224,2,0.1,random,,
condition_recombine_pseudolabel__mult_1__sim_0.9__teacher_ridge__seed_2,condition_recombine_pseudolabel,1.0,0.9,ridge,2,316,102,1.3227848101265822,False,1.0,1.0,1.0,reaction_role_concat,6144,random_forest,False,valid,rmse,14.524640537256646,2,0.1,random,,
condition_recombine_pseudolabel__mult_1__sim_0.9__teacher_ridge__seed_2,condition_recombine_pseudolabel,1.0,0.9,ridge,2,316,102,1.3227848101265822,False,1.0,1.0,1.0,reaction_role_concat,6144,random_forest,False,valid,mae,10.697558351969418,2,0.1,random,,
condition_recombine_pseudolabel__mult_1__sim_0.9__teacher_ridge__seed_2,condition_recombine_pseudolabel,1.0,0.9,ridge,2,316,102,1.3227848101265822,False,1.0,1.0,1.0,reaction_role_concat,6144,random_forest,False,valid,r2,0.7359885997816347,2,0.1,random,,
condition_recombine_pseudolabel__mult_1__sim_0.9__teacher_ridge__seed_2,condition_recombine_pseudolabel,1.0,0.9,ridge,2,316,102,1.3227848101265822,False,1.0,1.0,1.0,reaction_role_concat,6144,random_forest,False,valid,spearman,0.8725659836798452,2,0.1,random,,
condition_recombine_pseudolabel__mult_1__sim_0.9__teacher_ridge__seed_3,condition_recombine_pseudolabel,1.0,0.9,ridge,3,316,98,1.3101265822784811,False,1.0,1.0,1.0,reaction_role_concat,6144,random_forest,False,valid,rmse,14.275318248390734,2,0.1,random,,
condition_recombine_pseudolabel__mult_1__sim_0.9__teacher_ridge__seed_3,condition_recombine_pseudolabel,1.0,0.9,ridge,3,316,98,1.3101265822784811,False,1.0,1.0,1.0,reaction_role_concat,6144,random_forest,False,valid,mae,10.758270663677136,2,0.1,random,,
condition_recombine_pseudolabel__mult_1__sim_0.9__teacher_ridge__seed_3,condition_recombine_pseudolabel,1.0,0.9,ridge,3,316,98,1.3101265822784811,False,1.0,1.0,1.0,reaction_role_concat,6144,random_forest,False,valid,r2,0.7449745677422543,2,0.1,random,,
condition_recombine_pseudolabel__mult_1__sim_0.9__teacher_ridge__seed_3,condition_recombine_pseudolabel,1.0,0.9,ridge,3,316,98,1.3101265822784811,False,1.0,1.0,1.0,reaction_role_concat,6144,random_forest,False,valid,spearman,0.8783502935580759,2,0.1,random,,
condition_recombine_pseudolabel__mult_1__sim_0.9__teacher_ridge__seed_4,condition_recombine_pseudolabel,1.0,0.9,ridge,4,316,107,1.3386075949367089,False,1.0,1.0,1.0,reaction_role_concat,6144,random_forest,False,valid,rmse,14.392257406806111,2,0.1,random,,
condition_recombine_pseudolabel__mult_1__sim_0.9__teacher_ridge__seed_4,condition_recombine_pseudolabel,1.0,0.9,ridge,4,316,107,1.3386075949367089,False,1.0,1.0,1.0,reaction_role_concat,6144,random_forest,False,valid,mae,10.55617771502688,2,0.1,random,,
condition_recombine_pseudolabel__mult_1__sim_0.9__teacher_ridge__seed_4,condition_recombine_pseudolabel,1.0,0.9,ridge,4,316,107,1.3386075949367089,False,1.0,1.0,1.0,reaction_role_concat,6144,random_forest,False,valid,r2,0.740779269639955,2,0.1,random,,
condition_recombine_pseudolabel__mult_1__sim_0.9__teacher_ridge__seed_4,condition_recombine_pseudolabel,1.0,0.9,ridge,4,316,107,1.3386075949367089,False,1.0,1.0,1.0,reaction_role_concat,6144,random_forest,False,valid,spearman,0.87385087734903,2,0.1,random,,
condition_recombine_pseudolabel__mult_1__sim_0.9__teacher_rf__seed_0,condition_recombine_pseudolabel,1.0,0.9,random_forest,0,316,103,1.3259493670886076,False,1.0,1.0,1.0,reaction_role_concat,6144,random_forest,False,valid,rmse,14.300212394441473,2,0.1,random,,
condition_recombine_pseudolabel__mult_1__sim_0.9__teacher_rf__seed_0,condition_recombine_pseudolabel,1.0,0.9,random_forest,0,316,103,1.3259493670886076,False,1.0,1.0,1.0,reaction_role_concat,6144,random_forest,False,valid,mae,10.258690384528306,2,0.1,random,,
condition_recombine_pseudolabel__mult_1__sim_0.9__teacher_rf__seed_0,condition_recombine_pseudolabel,1.0,0.9,random_forest,0,316,103,1.3259493670886076,False,1.0,1.0,1.0,reaction_role_concat,6144,random_forest,False,valid,r2,0.7440843352704618,2,0.1,random,,
condition_recombine_pseudolabel__mult_1__sim_0.9__teacher_rf__seed_0,condition_recombine_pseudolabel,1.0,0.9,random_forest,0,316,103,1.3259493670886076,False,1.0,1.0,1.0,reaction_role_concat,6144,random_forest,False,valid,spearman,0.8783386082802964,2,0.1,random,,
condition_recombine_pseudolabel__mult_1__sim_0.9__teacher_rf__seed_1,condition_recombine_pseudolabel,1.0,0.9,random_forest,1,316,105,1.3322784810126582,False,1.0,1.0,1.0,reaction_role_concat,6144,random_forest,False,valid,rmse,14.393350234958259,2,0.1,random,,
condition_recombine_pseudolabel__mult_1__sim_0.9__teacher_rf__seed_1,condition_recombine_pseudolabel,1.0,0.9,random_forest,1,316,105,1.3322784810126582,False,1.0,1.0,1.0,reaction_role_concat,6144,random_forest,False,valid,mae,10.302599487179819,2,0.1,random,,
condition_recombine_pseudolabel__mult_1__sim_0.9__teacher_rf__seed_1,condition_recombine_pseudolabel,1.0,0.9,random_forest,1,316,105,1.3322784810126582,False,1.0,1.0,1.0,reaction_role_concat,6144,random_forest,False,valid,r2,0.7407399020190386,2,0.1,random,,
condition_recombine_pseudolabel__mult_1__sim_0.9__teacher_rf__seed_1,condition_recombine_pseudolabel,1.0,0.9,random_forest,1,316,105,1.3322784810126582,False,1.0,1.0,1.0,reaction_role_concat,6144,random_forest,False,valid,spearman,0.8760390429905802,2,0.1,random,,
condition_recombine_pseudolabel__mult_1__sim_0.9__teacher_rf__seed_2,condition_recombine_pseudolabel,1.0,0.9,random_forest,2,316,102,1.3227848101265822,False,1.0,1.0,1.0,reaction_role_concat,6144,random_forest,False,valid,rmse,14.525653298734838,2,0.1,random,,
condition_recombine_pseudolabel__mult_1__sim_0.9__teacher_rf__seed_2,condition_recombine_pseudolabel,1.0,0.9,random_forest,2,316,102,1.3227848101265822,False,1.0,1.0,1.0,reaction_role_concat,6144,random_forest,False,valid,mae,10.364181715908682,2,0.1,random,,
condition_recombine_pseudolabel__mult_1__sim_0.9__teacher_rf__seed_2,condition_recombine_pseudolabel,1.0,0.9,random_forest,2,316,102,1.3227848101265822,False,1.0,1.0,1.0,reaction_role_concat,6144,random_forest,False,valid,r2,0.7359517809843503,2,0.1,random,,
condition_recombine_pseudolabel__mult_1__sim_0.9__teacher_rf__seed_2,condition_recombine_pseudolabel,1.0,0.9,random_forest,2,316,102,1.3227848101265822,False,1.0,1.0,1.0,reaction_role_concat,6144,random_forest,False,valid,spearman,0.8746438208236927,2,0.1,random,,
condition_recombine_pseudolabel__mult_1__sim_0.9__teacher_rf__seed_3,condition_recombine_pseudolabel,1.0,0.9,random_forest,3,316,98,1.3101265822784811,False,1.0,1.0,1.0,reaction_role_concat,6144,random_forest,False,valid,rmse,14.210251695766345,2,0.1,random,,
condition_recombine_pseudolabel__mult_1__sim_0.9__teacher_rf__seed_3,condition_recombine_pseudolabel,1.0,0.9,random_forest,3,316,98,1.3101265822784811,False,1.0,1.0,1.0,reaction_role_concat,6144,random_forest,False,valid,mae,10.168916456477927,2,0.1,random,,
condition_recombine_pseudolabel__mult_1__sim_0.9__teacher_rf__seed_3,condition_recombine_pseudolabel,1.0,0.9,random_forest,3,316,98,1.3101265822784811,False,1.0,1.0,1.0,reaction_role_concat,6144,random_forest,False,valid,r2,0.7472940689610327,2,0.1,random,,
condition_recombine_pseudolabel__mult_1__sim_0.9__teacher_rf__seed_3,condition_recombine_pseudolabel,1.0,0.9,random_forest,3,316,98,1.3101265822784811,False,1.0,1.0,1.0,reaction_role_concat,6144,random_forest,False,valid,spearman,0.8770021046342513,2,0.1,random,,
condition_recombine_pseudolabel__mult_1__sim_0.9__teacher_rf__seed_4,condition_recombine_pseudolabel,1.0,0.9,random_forest,4,316,107,1.3386075949367089,False,1.0,1.0,1.0,reaction_role_concat,6144,random_forest,False,valid,rmse,14.154392894712277,2,0.1,random,,
condition_recombine_pseudolabel__mult_1__sim_0.9__teacher_rf__seed_4,condition_recombine_pseudolabel,1.0,0.9,random_forest,4,316,107,1.3386075949367089,False,1.0,1.0,1.0,reaction_role_concat,6144,random_forest,False,valid,mae,10.175484883647178,2,0.1,random,,
condition_recombine_pseudolabel__mult_1__sim_0.9__teacher_rf__seed_4,condition_recombine_pseudolabel,1.0,0.9,random_forest,4,316,107,1.3386075949367089,False,1.0,1.0,1.0,reaction_role_concat,6144,random_forest,False,valid,r2,0.7492768778188107,2,0.1,random,,
condition_recombine_pseudolabel__mult_1__sim_0.9__teacher_rf__seed_4,condition_recombine_pseudolabel,1.0,0.9,random_forest,4,316,107,1.3386075949367089,False,1.0,1.0,1.0,reaction_role_concat,6144,random_forest,False,valid,spearman,0.8785450481877364,2,0.1,random,,
