policy_id,augmentation_method,synthetic_multiplier,min_neighbor_similarity,teacher_model,augmentation_random_state,n_real_train,n_synthetic_train,augmentation_factor,synthetic_weighting_enabled,mean_synthetic_weight,min_synthetic_weight,max_synthetic_weight,feature_kind,n_features,model,selected_policy,split,metric,value,fold_index,train_fraction,split_method,group_column,heldout_group_value
condition_recombine_pseudolabel__mult_0.25__sim_0.7__teacher_ridge__seed_0,condition_recombine_pseudolabel,0.25,0.7,ridge,0,31,7,1.2258064516129032,True,0.8045253685542514,0.7553957104682922,0.85,reaction_role_concat,6144,random_forest,False,valid,rmse,22.13019138599403,0,0.01,random,,
condition_recombine_pseudolabel__mult_0.25__sim_0.7__teacher_ridge__seed_0,condition_recombine_pseudolabel,0.25,0.7,ridge,0,31,7,1.2258064516129032,True,0.8045253685542514,0.7553957104682922,0.85,reaction_role_concat,6144,random_forest,False,valid,mae,17.059324185446847,0,0.01,random,,
condition_recombine_pseudolabel__mult_0.25__sim_0.7__teacher_ridge__seed_0,condition_recombine_pseudolabel,0.25,0.7,ridge,0,31,7,1.2258064516129032,True,0.8045253685542514,0.7553957104682922,0.85,reaction_role_concat,6144,random_forest,False,valid,r2,0.38711042545932184,0,0.01,random,,
condition_recombine_pseudolabel__mult_0.25__sim_0.7__teacher_ridge__seed_0,condition_recombine_pseudolabel,0.25,0.7,ridge,0,31,7,1.2258064516129032,True,0.8045253685542514,0.7553957104682922,0.85,reaction_role_concat,6144,random_forest,False,valid,spearman,0.7138784507727711,0,0.01,random,,
condition_recombine_pseudolabel__mult_0.25__sim_0.7__teacher_ridge__seed_1,condition_recombine_pseudolabel,0.25,0.7,ridge,1,31,7,1.2258064516129032,True,0.8071675062179564,0.761904776096344,0.85,reaction_role_concat,6144,random_forest,False,valid,rmse,22.509231098796874,0,0.01,random,,
condition_recombine_pseudolabel__mult_0.25__sim_0.7__teacher_ridge__seed_1,condition_recombine_pseudolabel,0.25,0.7,ridge,1,31,7,1.2258064516129032,True,0.8071675062179564,0.761904776096344,0.85,reaction_role_concat,6144,random_forest,False,valid,mae,17.594231125907054,0,0.01,random,,
condition_recombine_pseudolabel__mult_0.25__sim_0.7__teacher_ridge__seed_1,condition_recombine_pseudolabel,0.25,0.7,ridge,1,31,7,1.2258064516129032,True,0.8071675062179564,0.761904776096344,0.85,reaction_role_concat,6144,random_forest,False,valid,r2,0.36593582736249486,0,0.01,random,,
condition_recombine_pseudolabel__mult_0.25__sim_0.7__teacher_ridge__seed_1,condition_recombine_pseudolabel,0.25,0.7,ridge,1,31,7,1.2258064516129032,True,0.8071675062179564,0.761904776096344,0.85,reaction_role_concat,6144,random_forest,False,valid,spearman,0.682324110920552,0,0.01,random,,
condition_recombine_pseudolabel__mult_0.25__sim_0.7__teacher_ridge__seed_2,condition_recombine_pseudolabel,0.25,0.7,ridge,2,31,7,1.2258064516129032,True,0.7897852318627494,0.746835470199585,0.8260869383811951,reaction_role_concat,6144,random_forest,False,valid,rmse,21.273734489198333,0,0.01,random,,
condition_recombine_pseudolabel__mult_0.25__sim_0.7__teacher_ridge__seed_2,condition_recombine_pseudolabel,0.25,0.7,ridge,2,31,7,1.2258064516129032,True,0.7897852318627494,0.746835470199585,0.8260869383811951,reaction_role_concat,6144,random_forest,False,valid,mae,16.305708080282695,0,0.01,random,,
condition_recombine_pseudolabel__mult_0.25__sim_0.7__teacher_ridge__seed_2,condition_recombine_pseudolabel,0.25,0.7,ridge,2,31,7,1.2258064516129032,True,0.7897852318627494,0.746835470199585,0.8260869383811951,reaction_role_concat,6144,random_forest,False,valid,r2,0.4336311444661525,0,0.01,random,,
condition_recombine_pseudolabel__mult_0.25__sim_0.7__teacher_ridge__seed_2,condition_recombine_pseudolabel,0.25,0.7,ridge,2,31,7,1.2258064516129032,True,0.7897852318627494,0.746835470199585,0.8260869383811951,reaction_role_concat,6144,random_forest,False,valid,spearman,0.7414856985456616,0,0.01,random,,
condition_recombine_pseudolabel__mult_0.25__sim_0.7__teacher_ridge__seed_3,condition_recombine_pseudolabel,0.25,0.7,ridge,3,31,7,1.2258064516129032,True,0.8068451012883867,0.7260273694992065,0.85,reaction_role_concat,6144,random_forest,False,valid,rmse,22.017492375054097,0,0.01,random,,
condition_recombine_pseudolabel__mult_0.25__sim_0.7__teacher_ridge__seed_3,condition_recombine_pseudolabel,0.25,0.7,ridge,3,31,7,1.2258064516129032,True,0.8068451012883867,0.7260273694992065,0.85,reaction_role_concat,6144,random_forest,False,valid,mae,16.99010626595835,0,0.01,random,,
condition_recombine_pseudolabel__mult_0.25__sim_0.7__teacher_ridge__seed_3,condition_recombine_pseudolabel,0.25,0.7,ridge,3,31,7,1.2258064516129032,True,0.8068451012883867,0.7260273694992065,0.85,reaction_role_concat,6144,random_forest,False,valid,r2,0.3933368671002271,0,0.01,random,,
condition_recombine_pseudolabel__mult_0.25__sim_0.7__teacher_ridge__seed_3,condition_recombine_pseudolabel,0.25,0.7,ridge,3,31,7,1.2258064516129032,True,0.8068451012883867,0.7260273694992065,0.85,reaction_role_concat,6144,random_forest,False,valid,spearman,0.7219803407439616,0,0.01,random,,
condition_recombine_pseudolabel__mult_0.25__sim_0.7__teacher_ridge__seed_4,condition_recombine_pseudolabel,0.25,0.7,ridge,4,31,7,1.2258064516129032,True,0.8245349253926958,0.7870967984199524,0.85,reaction_role_concat,6144,random_forest,False,valid,rmse,21.91903015019034,0,0.01,random,,
condition_recombine_pseudolabel__mult_0.25__sim_0.7__teacher_ridge__seed_4,condition_recombine_pseudolabel,0.25,0.7,ridge,4,31,7,1.2258064516129032,True,0.8245349253926958,0.7870967984199524,0.85,reaction_role_concat,6144,random_forest,False,valid,mae,16.814631162435195,0,0.01,random,,
condition_recombine_pseudolabel__mult_0.25__sim_0.7__teacher_ridge__seed_4,condition_recombine_pseudolabel,0.25,0.7,ridge,4,31,7,1.2258064516129032,True,0.8245349253926958,0.7870967984199524,0.85,reaction_role_concat,6144,random_forest,False,valid,r2,0.3987507295790095,0,0.01,random,,
condition_recombine_pseudolabel__mult_0.25__sim_0.7__teacher_ridge__seed_4,condition_recombine_pseudolabel,0.25,0.7,ridge,4,31,7,1.2258064516129032,True,0.8245349253926958,0.7870967984199524,0.85,reaction_role_concat,6144,random_forest,False,valid,spearman,0.7149279834720113,0,0.01,random,,
condition_recombine_pseudolabel__mult_0.25__sim_0.7__teacher_rf__seed_0,condition_recombine_pseudolabel,0.25,0.7,random_forest,0,31,7,1.2258064516129032,True,0.8045253685542514,0.7553957104682922,0.85,reaction_role_concat,6144,random_forest,False,valid,rmse,21.771921431203346,0,0.01,random,,
condition_recombine_pseudolabel__mult_0.25__sim_0.7__teacher_rf__seed_0,condition_recombine_pseudolabel,0.25,0.7,random_forest,0,31,7,1.2258064516129032,True,0.8045253685542514,0.7553957104682922,0.85,reaction_role_concat,6144,random_forest,False,valid,mae,16.72864765519432,0,0.01,random,,
condition_recombine_pseudolabel__mult_0.25__sim_0.7__teacher_rf__seed_0,condition_recombine_pseudolabel,0.25,0.7,random_forest,0,31,7,1.2258064516129032,True,0.8045253685542514,0.7553957104682922,0.85,reaction_role_concat,6144,random_forest,False,valid,r2,0.40679416930358125,0,0.01,random,,
condition_recombine_pseudolabel__mult_0.25__sim_0.7__teacher_rf__seed_0,condition_recombine_pseudolabel,0.25,0.7,random_forest,0,31,7,1.2258064516129032,True,0.8045253685542514,0.7553957104682922,0.85,reaction_role_concat,6144,random_forest,False,valid,spearman,0.7111749643811393,0,0.01,random,,
condition_recombine_pseudolabel__mult_0.25__sim_0.7__teacher_rf__seed_1,condition_recombine_pseudolabel,0.25,0.7,random_forest,1,31,7,1.2258064516129032,True,0.8071675062179564,0.761904776096344,0.85,reaction_role_concat,6144,random_forest,False,valid,rmse,22.22712106210421,0,0.01,random,,
condition_recombine_pseudolabel__mult_0.25__sim_0.7__teacher_rf__seed_1,condition_recombine_pseudolabel,0.25,0.7,random_forest,1,31,7,1.2258064516129032,True,0.8071675062179564,0.761904776096344,0.85,reaction_role_concat,6144,random_forest,False,valid,mae,17.107153814687006,0,0.01,random,,
condition_recombine_pseudolabel__mult_0.25__sim_0.7__teacher_rf__seed_1,condition_recombine_pseudolabel,0.25,0.7,random_forest,1,31,7,1.2258064516129032,True,0.8071675062179564,0.761904776096344,0.85,reaction_role_concat,6144,random_forest,False,valid,r2,0.3817297861417348,0,0.01,random,,
condition_recombine_pseudolabel__mult_0.25__sim_0.7__teacher_rf__seed_1,condition_recombine_pseudolabel,0.25,0.7,random_forest,1,31,7,1.2258064516129032,True,0.8071675062179564,0.761904776096344,0.85,reaction_role_concat,6144,random_forest,False,valid,spearman,0.7183082422017134,0,0.01,random,,
condition_recombine_pseudolabel__mult_0.25__sim_0.7__teacher_rf__seed_2,condition_recombine_pseudolabel,0.25,0.7,random_forest,2,31,7,1.2258064516129032,True,0.7897852318627494,0.746835470199585,0.8260869383811951,reaction_role_concat,6144,random_forest,False,valid,rmse,21.429947231984613,0,0.01,random,,
condition_recombine_pseudolabel__mult_0.25__sim_0.7__teacher_rf__seed_2,condition_recombine_pseudolabel,0.25,0.7,random_forest,2,31,7,1.2258064516129032,True,0.7897852318627494,0.746835470199585,0.8260869383811951,reaction_role_concat,6144,random_forest,False,valid,mae,16.508993459088895,0,0.01,random,,
condition_recombine_pseudolabel__mult_0.25__sim_0.7__teacher_rf__seed_2,condition_recombine_pseudolabel,0.25,0.7,random_forest,2,31,7,1.2258064516129032,True,0.7897852318627494,0.746835470199585,0.8260869383811951,reaction_role_concat,6144,random_forest,False,valid,r2,0.4252829285753881,0,0.01,random,,
condition_recombine_pseudolabel__mult_0.25__sim_0.7__teacher_rf__seed_2,condition_recombine_pseudolabel,0.25,0.7,random_forest,2,31,7,1.2258064516129032,True,0.7897852318627494,0.746835470199585,0.8260869383811951,reaction_role_concat,6144,random_forest,False,valid,spearman,0.7301222527915473,0,0.01,random,,
condition_recombine_pseudolabel__mult_0.25__sim_0.7__teacher_rf__seed_3,condition_recombine_pseudolabel,0.25,0.7,random_forest,3,31,7,1.2258064516129032,True,0.8068451012883867,0.7260273694992065,0.85,reaction_role_concat,6144,random_forest,False,valid,rmse,21.771849361870004,0,0.01,random,,
condition_recombine_pseudolabel__mult_0.25__sim_0.7__teacher_rf__seed_3,condition_recombine_pseudolabel,0.25,0.7,random_forest,3,31,7,1.2258064516129032,True,0.8068451012883867,0.7260273694992065,0.85,reaction_role_concat,6144,random_forest,False,valid,mae,16.910333882075324,0,0.01,random,,
condition_recombine_pseudolabel__mult_0.25__sim_0.7__teacher_rf__seed_3,condition_recombine_pseudolabel,0.25,0.7,random_forest,3,31,7,1.2258064516129032,True,0.8068451012883867,0.7260273694992065,0.85,reaction_role_concat,6144,random_forest,False,valid,r2,0.40679809655255006,0,0.01,random,,
condition_recombine_pseudolabel__mult_0.25__sim_0.7__teacher_rf__seed_3,condition_recombine_pseudolabel,0.25,0.7,random_forest,3,31,7,1.2258064516129032,True,0.8068451012883867,0.7260273694992065,0.85,reaction_role_concat,6144,random_forest,False,valid,spearman,0.7161442261342411,0,0.01,random,,
condition_recombine_pseudolabel__mult_0.25__sim_0.7__teacher_rf__seed_4,condition_recombine_pseudolabel,0.25,0.7,random_forest,4,31,7,1.2258064516129032,True,0.8245349253926958,0.7870967984199524,0.85,reaction_role_concat,6144,random_forest,False,valid,rmse,21.455159049796904,0,0.01,random,,
condition_recombine_pseudolabel__mult_0.25__sim_0.7__teacher_rf__seed_4,condition_recombine_pseudolabel,0.25,0.7,random_forest,4,31,7,1.2258064516129032,True,0.8245349253926958,0.7870967984199524,0.85,reaction_role_concat,6144,random_forest,False,valid,mae,16.361058991380883,0,0.01,random,,
condition_recombine_pseudolabel__mult_0.25__sim_0.7__teacher_rf__seed_4,condition_recombine_pseudolabel,0.25,0.7,random_forest,4,31,7,1.2258064516129032,True,0.8245349253926958,0.7870967984199524,0.85,reaction_role_concat,6144,random_forest,False,valid,r2,0.4239298514715566,0,0.01,random,,
condition_recombine_pseudolabel__mult_0.25__sim_0.7__teacher_rf__seed_4,condition_recombine_pseudolabel,0.25,0.7,random_forest,4,31,7,1.2258064516129032,True,0.8245349253926958,0.7870967984199524,0.85,reaction_role_concat,6144,random_forest,False,valid,spearman,0.7295697339072004,0,0.01,random,,
condition_recombine_pseudolabel__mult_0.25__sim_0.8__teacher_ridge__seed_0,condition_recombine_pseudolabel,0.25,0.8,ridge,0,31,4,1.1290322580645162,True,0.8305470675230027,0.8051947951316833,0.85,reaction_role_concat,6144,random_forest,False,valid,rmse,22.038765928033733,0,0.01,random,,
condition_recombine_pseudolabel__mult_0.25__sim_0.8__teacher_ridge__seed_0,condition_recombine_pseudolabel,0.25,0.8,ridge,0,31,4,1.1290322580645162,True,0.8305470675230027,0.8051947951316833,0.85,reaction_role_concat,6144,random_forest,False,valid,mae,16.880069410399546,0,0.01,random,,
condition_recombine_pseudolabel__mult_0.25__sim_0.8__teacher_ridge__seed_0,condition_recombine_pseudolabel,0.25,0.8,ridge,0,31,4,1.1290322580645162,True,0.8305470675230027,0.8051947951316833,0.85,reaction_role_concat,6144,random_forest,False,valid,r2,0.3921639710244007,0,0.01,random,,
condition_recombine_pseudolabel__mult_0.25__sim_0.8__teacher_ridge__seed_0,condition_recombine_pseudolabel,0.25,0.8,ridge,0,31,4,1.1290322580645162,True,0.8305470675230027,0.8051947951316833,0.85,reaction_role_concat,6144,random_forest,False,valid,spearman,0.7085909599548043,0,0.01,random,,
condition_recombine_pseudolabel__mult_0.25__sim_0.8__teacher_ridge__seed_1,condition_recombine_pseudolabel,0.25,0.8,ridge,1,31,4,1.1290322580645162,True,0.8305517911911011,0.8101266026496887,0.85,reaction_role_concat,6144,random_forest,False,valid,rmse,21.952077939985244,0,0.01,random,,
condition_recombine_pseudolabel__mult_0.25__sim_0.8__teacher_ridge__seed_1,condition_recombine_pseudolabel,0.25,0.8,ridge,1,31,4,1.1290322580645162,True,0.8305517911911011,0.8101266026496887,0.85,reaction_role_concat,6144,random_forest,False,valid,mae,17.07251999235455,0,0.01,random,,
condition_recombine_pseudolabel__mult_0.25__sim_0.8__teacher_ridge__seed_1,condition_recombine_pseudolabel,0.25,0.8,ridge,1,31,4,1.1290322580645162,True,0.8305517911911011,0.8101266026496887,0.85,reaction_role_concat,6144,random_forest,False,valid,r2,0.39693633007793017,0,0.01,random,,
condition_recombine_pseudolabel__mult_0.25__sim_0.8__teacher_ridge__seed_1,condition_recombine_pseudolabel,0.25,0.8,ridge,1,31,4,1.1290322580645162,True,0.8305517911911011,0.8101266026496887,0.85,reaction_role_concat,6144,random_forest,False,valid,spearman,0.708605371797399,0,0.01,random,,
condition_recombine_pseudolabel__mult_0.25__sim_0.8__teacher_ridge__seed_2,condition_recombine_pseudolabel,0.25,0.8,ridge,2,31,3,1.096774193548387,True,0.8175068895022074,0.804347813129425,0.8260869383811951,reaction_role_concat,6144,random_forest,False,valid,rmse,21.568456306617872,0,0.01,random,,
condition_recombine_pseudolabel__mult_0.25__sim_0.8__teacher_ridge__seed_2,condition_recombine_pseudolabel,0.25,0.8,ridge,2,31,3,1.096774193548387,True,0.8175068895022074,0.804347813129425,0.8260869383811951,reaction_role_concat,6144,random_forest,False,valid,mae,16.920460286934166,0,0.01,random,,
condition_recombine_pseudolabel__mult_0.25__sim_0.8__teacher_ridge__seed_2,condition_recombine_pseudolabel,0.25,0.8,ridge,2,31,3,1.096774193548387,True,0.8175068895022074,0.804347813129425,0.8260869383811951,reaction_role_concat,6144,random_forest,False,valid,r2,0.41782973410068924,0,0.01,random,,
condition_recombine_pseudolabel__mult_0.25__sim_0.8__teacher_ridge__seed_2,condition_recombine_pseudolabel,0.25,0.8,ridge,2,31,3,1.096774193548387,True,0.8175068895022074,0.804347813129425,0.8260869383811951,reaction_role_concat,6144,random_forest,False,valid,spearman,0.7249727456286946,0,0.01,random,,
condition_recombine_pseudolabel__mult_0.25__sim_0.8__teacher_ridge__seed_3,condition_recombine_pseudolabel,0.25,0.8,ridge,3,31,4,1.1290322580645162,True,0.8394867599010468,0.807947039604187,0.85,reaction_role_concat,6144,random_forest,False,valid,rmse,22.080116423277524,0,0.01,random,,
condition_recombine_pseudolabel__mult_0.25__sim_0.8__teacher_ridge__seed_3,condition_recombine_pseudolabel,0.25,0.8,ridge,3,31,4,1.1290322580645162,True,0.8394867599010468,0.807947039604187,0.85,reaction_role_concat,6144,random_forest,False,valid,mae,17.000411157381688,0,0.01,random,,
condition_recombine_pseudolabel__mult_0.25__sim_0.8__teacher_ridge__seed_3,condition_recombine_pseudolabel,0.25,0.8,ridge,3,31,4,1.1290322580645162,True,0.8394867599010468,0.807947039604187,0.85,reaction_role_concat,6144,random_forest,False,valid,r2,0.3898809121461787,0,0.01,random,,
condition_recombine_pseudolabel__mult_0.25__sim_0.8__teacher_ridge__seed_3,condition_recombine_pseudolabel,0.25,0.8,ridge,3,31,4,1.1290322580645162,True,0.8394867599010468,0.807947039604187,0.85,reaction_role_concat,6144,random_forest,False,valid,spearman,0.7157107997059317,0,0.01,random,,
condition_recombine_pseudolabel__mult_0.25__sim_0.8__teacher_ridge__seed_4,condition_recombine_pseudolabel,0.25,0.8,ridge,4,31,6,1.1935483870967742,True,0.8307746132214864,0.8098591566085815,0.85,reaction_role_concat,6144,random_forest,False,valid,rmse,21.98497603797556,0,0.01,random,,
condition_recombine_pseudolabel__mult_0.25__sim_0.8__teacher_ridge__seed_4,condition_recombine_pseudolabel,0.25,0.8,ridge,4,31,6,1.1935483870967742,True,0.8307746132214864,0.8098591566085815,0.85,reaction_role_concat,6144,random_forest,False,valid,mae,17.046573520542697,0,0.01,random,,
condition_recombine_pseudolabel__mult_0.25__sim_0.8__teacher_ridge__seed_4,condition_recombine_pseudolabel,0.25,0.8,ridge,4,31,6,1.1935483870967742,True,0.8307746132214864,0.8098591566085815,0.85,reaction_role_concat,6144,random_forest,False,valid,r2,0.3951274339968899,0,0.01,random,,
condition_recombine_pseudolabel__mult_0.25__sim_0.8__teacher_ridge__seed_4,condition_recombine_pseudolabel,0.25,0.8,ridge,4,31,6,1.1935483870967742,True,0.8307746132214864,0.8098591566085815,0.85,reaction_role_concat,6144,random_forest,False,valid,spearman,0.7282896117264421,0,0.01,random,,
condition_recombine_pseudolabel__mult_0.25__sim_0.8__teacher_rf__seed_0,condition_recombine_pseudolabel,0.25,0.8,random_forest,0,31,4,1.1290322580645162,True,0.8305470675230027,0.8051947951316833,0.85,reaction_role_concat,6144,random_forest,False,valid,rmse,21.998887230539246,0,0.01,random,,
condition_recombine_pseudolabel__mult_0.25__sim_0.8__teacher_rf__seed_0,condition_recombine_pseudolabel,0.25,0.8,random_forest,0,31,4,1.1290322580645162,True,0.8305470675230027,0.8051947951316833,0.85,reaction_role_concat,6144,random_forest,False,valid,mae,16.904853816065607,0,0.01,random,,
condition_recombine_pseudolabel__mult_0.25__sim_0.8__teacher_rf__seed_0,condition_recombine_pseudolabel,0.25,0.8,random_forest,0,31,4,1.1290322580645162,True,0.8305470675230027,0.8051947951316833,0.85,reaction_role_concat,6144,random_forest,False,valid,r2,0.39436171463447267,0,0.01,random,,
condition_recombine_pseudolabel__mult_0.25__sim_0.8__teacher_rf__seed_0,condition_recombine_pseudolabel,0.25,0.8,random_forest,0,31,4,1.1290322580645162,True,0.8305470675230027,0.8051947951316833,0.85,reaction_role_concat,6144,random_forest,False,valid,spearman,0.7113784829691345,0,0.01,random,,
condition_recombine_pseudolabel__mult_0.25__sim_0.8__teacher_rf__seed_1,condition_recombine_pseudolabel,0.25,0.8,random_forest,1,31,4,1.1290322580645162,True,0.8305517911911011,0.8101266026496887,0.85,reaction_role_concat,6144,random_forest,False,valid,rmse,22.103636735871927,0,0.01,random,,
condition_recombine_pseudolabel__mult_0.25__sim_0.8__teacher_rf__seed_1,condition_recombine_pseudolabel,0.25,0.8,random_forest,1,31,4,1.1290322580645162,True,0.8305517911911011,0.8101266026496887,0.85,reaction_role_concat,6144,random_forest,False,valid,mae,16.942077567067326,0,0.01,random,,
condition_recombine_pseudolabel__mult_0.25__sim_0.8__teacher_rf__seed_1,condition_recombine_pseudolabel,0.25,0.8,random_forest,1,31,4,1.1290322580645162,True,0.8305517911911011,0.8101266026496887,0.85,reaction_role_concat,6144,random_forest,False,valid,r2,0.3885803904923034,0,0.01,random,,
condition_recombine_pseudolabel__mult_0.25__sim_0.8__teacher_rf__seed_1,condition_recombine_pseudolabel,0.25,0.8,random_forest,1,31,4,1.1290322580645162,True,0.8305517911911011,0.8101266026496887,0.85,reaction_role_concat,6144,random_forest,False,valid,spearman,0.7264608657539303,0,0.01,random,,
condition_recombine_pseudolabel__mult_0.25__sim_0.8__teacher_rf__seed_2,condition_recombine_pseudolabel,0.25,0.8,random_forest,2,31,3,1.096774193548387,True,0.8175068895022074,0.804347813129425,0.8260869383811951,reaction_role_concat,6144,random_forest,False,valid,rmse,21.88438196472066,0,0.01,random,,
condition_recombine_pseudolabel__mult_0.25__sim_0.8__teacher_rf__seed_2,condition_recombine_pseudolabel,0.25,0.8,random_forest,2,31,3,1.096774193548387,True,0.8175068895022074,0.804347813129425,0.8260869383811951,reaction_role_concat,6144,random_forest,False,valid,mae,16.958786026830914,0,0.01,random,,
condition_recombine_pseudolabel__mult_0.25__sim_0.8__teacher_rf__seed_2,condition_recombine_pseudolabel,0.25,0.8,random_forest,2,31,3,1.096774193548387,True,0.8175068895022074,0.804347813129425,0.8260869383811951,reaction_role_concat,6144,random_forest,False,valid,r2,0.40065005915683094,0,0.01,random,,
condition_recombine_pseudolabel__mult_0.25__sim_0.8__teacher_rf__seed_2,condition_recombine_pseudolabel,0.25,0.8,random_forest,2,31,3,1.096774193548387,True,0.8175068895022074,0.804347813129425,0.8260869383811951,reaction_role_concat,6144,random_forest,False,valid,spearman,0.7157149869304694,0,0.01,random,,
condition_recombine_pseudolabel__mult_0.25__sim_0.8__teacher_rf__seed_3,condition_recombine_pseudolabel,0.25,0.8,random_forest,3,31,4,1.1290322580645162,True,0.8394867599010468,0.807947039604187,0.85,reaction_role_concat,6144,random_forest,False,valid,rmse,21.82692660771947,0,0.01,random,,
condition_recombine_pseudolabel__mult_0.25__sim_0.8__teacher_rf__seed_3,condition_recombine_pseudolabel,0.25,0.8,random_forest,3,31,4,1.1290322580645162,True,0.8394867599010468,0.807947039604187,0.85,reaction_role_concat,6144,random_forest,False,valid,mae,16.90019831233387,0,0.01,random,,
condition_recombine_pseudolabel__mult_0.25__sim_0.8__teacher_rf__seed_3,condition_recombine_pseudolabel,0.25,0.8,random_forest,3,31,4,1.1290322580645162,True,0.8394867599010468,0.807947039604187,0.85,reaction_role_concat,6144,random_forest,False,valid,r2,0.4037930001671217,0,0.01,random,,
condition_recombine_pseudolabel__mult_0.25__sim_0.8__teacher_rf__seed_3,condition_recombine_pseudolabel,0.25,0.8,random_forest,3,31,4,1.1290322580645162,True,0.8394867599010468,0.807947039604187,0.85,reaction_role_concat,6144,random_forest,False,valid,spearman,0.7183104818799545,0,0.01,random,,
condition_recombine_pseudolabel__mult_0.25__sim_0.8__teacher_rf__seed_4,condition_recombine_pseudolabel,0.25,0.8,random_forest,4,31,6,1.1935483870967742,True,0.8307746132214864,0.8098591566085815,0.85,reaction_role_concat,6144,random_forest,False,valid,rmse,21.81061170516234,0,0.01,random,,
condition_recombine_pseudolabel__mult_0.25__sim_0.8__teacher_rf__seed_4,condition_recombine_pseudolabel,0.25,0.8,random_forest,4,31,6,1.1935483870967742,True,0.8307746132214864,0.8098591566085815,0.85,reaction_role_concat,6144,random_forest,False,valid,mae,16.766239362345466,0,0.01,random,,
condition_recombine_pseudolabel__mult_0.25__sim_0.8__teacher_rf__seed_4,condition_recombine_pseudolabel,0.25,0.8,random_forest,4,31,6,1.1935483870967742,True,0.8307746132214864,0.8098591566085815,0.85,reaction_role_concat,6144,random_forest,False,valid,r2,0.40468395691555736,0,0.01,random,,
condition_recombine_pseudolabel__mult_0.25__sim_0.8__teacher_rf__seed_4,condition_recombine_pseudolabel,0.25,0.8,random_forest,4,31,6,1.1935483870967742,True,0.8307746132214864,0.8098591566085815,0.85,reaction_role_concat,6144,random_forest,False,valid,spearman,0.71580067896752,0,0.01,random,,
condition_recombine_pseudolabel__mult_0.25__sim_0.85__teacher_ridge__seed_0,condition_recombine_pseudolabel,0.25,0.85,ridge,0,31,2,1.064516129032258,True,0.85,0.85,0.85,reaction_role_concat,6144,random_forest,False,valid,rmse,21.785432318469706,0,0.01,random,,
condition_recombine_pseudolabel__mult_0.25__sim_0.85__teacher_ridge__seed_0,condition_recombine_pseudolabel,0.25,0.85,ridge,0,31,2,1.064516129032258,True,0.85,0.85,0.85,reaction_role_concat,6144,random_forest,False,valid,mae,16.89925009629998,0,0.01,random,,
condition_recombine_pseudolabel__mult_0.25__sim_0.85__teacher_ridge__seed_0,condition_recombine_pseudolabel,0.25,0.85,ridge,0,31,2,1.064516129032258,True,0.85,0.85,0.85,reaction_role_concat,6144,random_forest,False,valid,r2,0.40605769558798965,0,0.01,random,,
condition_recombine_pseudolabel__mult_0.25__sim_0.85__teacher_ridge__seed_0,condition_recombine_pseudolabel,0.25,0.85,ridge,0,31,2,1.064516129032258,True,0.85,0.85,0.85,reaction_role_concat,6144,random_forest,False,valid,spearman,0.7160923588833832,0,0.01,random,,
condition_recombine_pseudolabel__mult_0.25__sim_0.85__teacher_ridge__seed_1,condition_recombine_pseudolabel,0.25,0.85,ridge,1,31,2,1.064516129032258,True,0.85,0.85,0.85,reaction_role_concat,6144,random_forest,False,valid,rmse,22.111451755316818,0,0.01,random,,
condition_recombine_pseudolabel__mult_0.25__sim_0.85__teacher_ridge__seed_1,condition_recombine_pseudolabel,0.25,0.85,ridge,1,31,2,1.064516129032258,True,0.85,0.85,0.85,reaction_role_concat,6144,random_forest,False,valid,mae,17.197457572426977,0,0.01,random,,
condition_recombine_pseudolabel__mult_0.25__sim_0.85__teacher_ridge__seed_1,condition_recombine_pseudolabel,0.25,0.85,ridge,1,31,2,1.064516129032258,True,0.85,0.85,0.85,reaction_role_concat,6144,random_forest,False,valid,r2,0.3881479638377444,0,0.01,random,,
condition_recombine_pseudolabel__mult_0.25__sim_0.85__teacher_ridge__seed_1,condition_recombine_pseudolabel,0.25,0.85,ridge,1,31,2,1.064516129032258,True,0.85,0.85,0.85,reaction_role_concat,6144,random_forest,False,valid,spearman,0.7100178297490116,0,0.01,random,,
condition_recombine_pseudolabel__mult_0.25__sim_0.85__teacher_ridge__seed_2,condition_recombine_pseudolabel,0.25,0.85,ridge,2,31,0,1.0,True,,,,reaction_role_concat,6144,random_forest,False,valid,rmse,21.686243649115106,0,0.01,random,,
condition_recombine_pseudolabel__mult_0.25__sim_0.85__teacher_ridge__seed_2,condition_recombine_pseudolabel,0.25,0.85,ridge,2,31,0,1.0,True,,,,reaction_role_concat,6144,random_forest,False,valid,mae,16.569035775652413,0,0.01,random,,
condition_recombine_pseudolabel__mult_0.25__sim_0.85__teacher_ridge__seed_2,condition_recombine_pseudolabel,0.25,0.85,ridge,2,31,0,1.0,True,,,,reaction_role_concat,6144,random_forest,False,valid,r2,0.411453799973473,0,0.01,random,,
condition_recombine_pseudolabel__mult_0.25__sim_0.85__teacher_ridge__seed_2,condition_recombine_pseudolabel,0.25,0.85,ridge,2,31,0,1.0,True,,,,reaction_role_concat,6144,random_forest,False,valid,spearman,0.732012930736291,0,0.01,random,,
condition_recombine_pseudolabel__mult_0.25__sim_0.85__teacher_ridge__seed_3,condition_recombine_pseudolabel,0.25,0.85,ridge,3,31,3,1.096774193548387,True,0.85,0.85,0.85,reaction_role_concat,6144,random_forest,False,valid,rmse,22.091611679506126,0,0.01,random,,
condition_recombine_pseudolabel__mult_0.25__sim_0.85__teacher_ridge__seed_3,condition_recombine_pseudolabel,0.25,0.85,ridge,3,31,3,1.096774193548387,True,0.85,0.85,0.85,reaction_role_concat,6144,random_forest,False,valid,mae,16.99218539703647,0,0.01,random,,
condition_recombine_pseudolabel__mult_0.25__sim_0.85__teacher_ridge__seed_3,condition_recombine_pseudolabel,0.25,0.85,ridge,3,31,3,1.096774193548387,True,0.85,0.85,0.85,reaction_role_concat,6144,random_forest,False,valid,r2,0.3892454715739305,0,0.01,random,,
condition_recombine_pseudolabel__mult_0.25__sim_0.85__teacher_ridge__seed_3,condition_recombine_pseudolabel,0.25,0.85,ridge,3,31,3,1.096774193548387,True,0.85,0.85,0.85,reaction_role_concat,6144,random_forest,False,valid,spearman,0.7255075418417423,0,0.01,random,,
condition_recombine_pseudolabel__mult_0.25__sim_0.85__teacher_ridge__seed_4,condition_recombine_pseudolabel,0.25,0.85,ridge,4,31,3,1.096774193548387,True,0.85,0.85,0.85,reaction_role_concat,6144,random_forest,False,valid,rmse,21.869026244952078,0,0.01,random,,
condition_recombine_pseudolabel__mult_0.25__sim_0.85__teacher_ridge__seed_4,condition_recombine_pseudolabel,0.25,0.85,ridge,4,31,3,1.096774193548387,True,0.85,0.85,0.85,reaction_role_concat,6144,random_forest,False,valid,mae,17.052162306963645,0,0.01,random,,
condition_recombine_pseudolabel__mult_0.25__sim_0.85__teacher_ridge__seed_4,condition_recombine_pseudolabel,0.25,0.85,ridge,4,31,3,1.096774193548387,True,0.85,0.85,0.85,reaction_role_concat,6144,random_forest,False,valid,r2,0.4014908615916697,0,0.01,random,,
condition_recombine_pseudolabel__mult_0.25__sim_0.85__teacher_ridge__seed_4,condition_recombine_pseudolabel,0.25,0.85,ridge,4,31,3,1.096774193548387,True,0.85,0.85,0.85,reaction_role_concat,6144,random_forest,False,valid,spearman,0.7235488945312469,0,0.01,random,,
condition_recombine_pseudolabel__mult_0.25__sim_0.85__teacher_rf__seed_0,condition_recombine_pseudolabel,0.25,0.85,random_forest,0,31,2,1.064516129032258,True,0.85,0.85,0.85,reaction_role_concat,6144,random_forest,False,valid,rmse,21.829379674024118,0,0.01,random,,
condition_recombine_pseudolabel__mult_0.25__sim_0.85__teacher_rf__seed_0,condition_recombine_pseudolabel,0.25,0.85,random_forest,0,31,2,1.064516129032258,True,0.85,0.85,0.85,reaction_role_concat,6144,random_forest,False,valid,mae,16.78806846047957,0,0.01,random,,
condition_recombine_pseudolabel__mult_0.25__sim_0.85__teacher_rf__seed_0,condition_recombine_pseudolabel,0.25,0.85,random_forest,0,31,2,1.064516129032258,True,0.85,0.85,0.85,reaction_role_concat,6144,random_forest,False,valid,r2,0.40365898061290184,0,0.01,random,,
condition_recombine_pseudolabel__mult_0.25__sim_0.85__teacher_rf__seed_0,condition_recombine_pseudolabel,0.25,0.85,random_forest,0,31,2,1.064516129032258,True,0.85,0.85,0.85,reaction_role_concat,6144,random_forest,False,valid,spearman,0.7205331541650701,0,0.01,random,,
condition_recombine_pseudolabel__mult_0.25__sim_0.85__teacher_rf__seed_1,condition_recombine_pseudolabel,0.25,0.85,random_forest,1,31,2,1.064516129032258,True,0.85,0.85,0.85,reaction_role_concat,6144,random_forest,False,valid,rmse,21.95941994033431,0,0.01,random,,
condition_recombine_pseudolabel__mult_0.25__sim_0.85__teacher_rf__seed_1,condition_recombine_pseudolabel,0.25,0.85,random_forest,1,31,2,1.064516129032258,True,0.85,0.85,0.85,reaction_role_concat,6144,random_forest,False,valid,mae,16.927439170936996,0,0.01,random,,
condition_recombine_pseudolabel__mult_0.25__sim_0.85__teacher_rf__seed_1,condition_recombine_pseudolabel,0.25,0.85,random_forest,1,31,2,1.064516129032258,True,0.85,0.85,0.85,reaction_role_concat,6144,random_forest,False,valid,r2,0.3965328663036892,0,0.01,random,,
condition_recombine_pseudolabel__mult_0.25__sim_0.85__teacher_rf__seed_1,condition_recombine_pseudolabel,0.25,0.85,random_forest,1,31,2,1.064516129032258,True,0.85,0.85,0.85,reaction_role_concat,6144,random_forest,False,valid,spearman,0.7196038473755297,0,0.01,random,,
condition_recombine_pseudolabel__mult_0.25__sim_0.85__teacher_rf__seed_2,condition_recombine_pseudolabel,0.25,0.85,random_forest,2,31,0,1.0,True,,,,reaction_role_concat,6144,random_forest,False,valid,rmse,21.686243649115106,0,0.01,random,,
condition_recombine_pseudolabel__mult_0.25__sim_0.85__teacher_rf__seed_2,condition_recombine_pseudolabel,0.25,0.85,random_forest,2,31,0,1.0,True,,,,reaction_role_concat,6144,random_forest,False,valid,mae,16.569035775652413,0,0.01,random,,
condition_recombine_pseudolabel__mult_0.25__sim_0.85__teacher_rf__seed_2,condition_recombine_pseudolabel,0.25,0.85,random_forest,2,31,0,1.0,True,,,,reaction_role_concat,6144,random_forest,False,valid,r2,0.411453799973473,0,0.01,random,,
condition_recombine_pseudolabel__mult_0.25__sim_0.85__teacher_rf__seed_2,condition_recombine_pseudolabel,0.25,0.85,random_forest,2,31,0,1.0,True,,,,reaction_role_concat,6144,random_forest,False,valid,spearman,0.732012930736291,0,0.01,random,,
condition_recombine_pseudolabel__mult_0.25__sim_0.85__teacher_rf__seed_3,condition_recombine_pseudolabel,0.25,0.85,random_forest,3,31,3,1.096774193548387,True,0.85,0.85,0.85,reaction_role_concat,6144,random_forest,False,valid,rmse,21.88144362755961,0,0.01,random,,
condition_recombine_pseudolabel__mult_0.25__sim_0.85__teacher_rf__seed_3,condition_recombine_pseudolabel,0.25,0.85,random_forest,3,31,3,1.096774193548387,True,0.85,0.85,0.85,reaction_role_concat,6144,random_forest,False,valid,mae,16.834496899088727,0,0.01,random,,
condition_recombine_pseudolabel__mult_0.25__sim_0.85__teacher_rf__seed_3,condition_recombine_pseudolabel,0.25,0.85,random_forest,3,31,3,1.096774193548387,True,0.85,0.85,0.85,reaction_role_concat,6144,random_forest,False,valid,r2,0.4008109934686831,0,0.01,random,,
condition_recombine_pseudolabel__mult_0.25__sim_0.85__teacher_rf__seed_3,condition_recombine_pseudolabel,0.25,0.85,random_forest,3,31,3,1.096774193548387,True,0.85,0.85,0.85,reaction_role_concat,6144,random_forest,False,valid,spearman,0.7223394682810554,0,0.01,random,,
condition_recombine_pseudolabel__mult_0.25__sim_0.85__teacher_rf__seed_4,condition_recombine_pseudolabel,0.25,0.85,random_forest,4,31,3,1.096774193548387,True,0.85,0.85,0.85,reaction_role_concat,6144,random_forest,False,valid,rmse,21.643434723160144,0,0.01,random,,
condition_recombine_pseudolabel__mult_0.25__sim_0.85__teacher_rf__seed_4,condition_recombine_pseudolabel,0.25,0.85,random_forest,4,31,3,1.096774193548387,True,0.85,0.85,0.85,reaction_role_concat,6144,random_forest,False,valid,mae,16.681588985723785,0,0.01,random,,
condition_recombine_pseudolabel__mult_0.25__sim_0.85__teacher_rf__seed_4,condition_recombine_pseudolabel,0.25,0.85,random_forest,4,31,3,1.096774193548387,True,0.85,0.85,0.85,reaction_role_concat,6144,random_forest,False,valid,r2,0.4137751022189644,0,0.01,random,,
condition_recombine_pseudolabel__mult_0.25__sim_0.85__teacher_rf__seed_4,condition_recombine_pseudolabel,0.25,0.85,random_forest,4,31,3,1.096774193548387,True,0.85,0.85,0.85,reaction_role_concat,6144,random_forest,False,valid,spearman,0.7332184975855022,0,0.01,random,,
condition_recombine_pseudolabel__mult_0.25__sim_0.9__teacher_ridge__seed_0,condition_recombine_pseudolabel,0.25,0.9,ridge,0,31,1,1.032258064516129,True,0.85,0.85,0.85,reaction_role_concat,6144,random_forest,False,valid,rmse,21.904654708231405,0,0.01,random,,
condition_recombine_pseudolabel__mult_0.25__sim_0.9__teacher_ridge__seed_0,condition_recombine_pseudolabel,0.25,0.9,ridge,0,31,1,1.032258064516129,True,0.85,0.85,0.85,reaction_role_concat,6144,random_forest,False,valid,mae,16.75728411138812,0,0.01,random,,
condition_recombine_pseudolabel__mult_0.25__sim_0.9__teacher_ridge__seed_0,condition_recombine_pseudolabel,0.25,0.9,ridge,0,31,1,1.032258064516129,True,0.85,0.85,0.85,reaction_role_concat,6144,random_forest,False,valid,r2,0.3995391211849988,0,0.01,random,,
condition_recombine_pseudolabel__mult_0.25__sim_0.9__teacher_ridge__seed_0,condition_recombine_pseudolabel,0.25,0.9,ridge,0,31,1,1.032258064516129,True,0.85,0.85,0.85,reaction_role_concat,6144,random_forest,False,valid,spearman,0.7262872420015881,0,0.01,random,,
condition_recombine_pseudolabel__mult_0.25__sim_0.9__teacher_ridge__seed_1,condition_recombine_pseudolabel,0.25,0.9,ridge,1,31,0,1.0,True,,,,reaction_role_concat,6144,random_forest,False,valid,rmse,21.686243649115106,0,0.01,random,,
condition_recombine_pseudolabel__mult_0.25__sim_0.9__teacher_ridge__seed_1,condition_recombine_pseudolabel,0.25,0.9,ridge,1,31,0,1.0,True,,,,reaction_role_concat,6144,random_forest,False,valid,mae,16.569035775652413,0,0.01,random,,
condition_recombine_pseudolabel__mult_0.25__sim_0.9__teacher_ridge__seed_1,condition_recombine_pseudolabel,0.25,0.9,ridge,1,31,0,1.0,True,,,,reaction_role_concat,6144,random_forest,False,valid,r2,0.411453799973473,0,0.01,random,,
condition_recombine_pseudolabel__mult_0.25__sim_0.9__teacher_ridge__seed_1,condition_recombine_pseudolabel,0.25,0.9,ridge,1,31,0,1.0,True,,,,reaction_role_concat,6144,random_forest,False,valid,spearman,0.732012930736291,0,0.01,random,,
condition_recombine_pseudolabel__mult_0.25__sim_0.9__teacher_ridge__seed_2,condition_recombine_pseudolabel,0.25,0.9,ridge,2,31,0,1.0,True,,,,reaction_role_concat,6144,random_forest,False,valid,rmse,21.686243649115106,0,0.01,random,,
condition_recombine_pseudolabel__mult_0.25__sim_0.9__teacher_ridge__seed_2,condition_recombine_pseudolabel,0.25,0.9,ridge,2,31,0,1.0,True,,,,reaction_role_concat,6144,random_forest,False,valid,mae,16.569035775652413,0,0.01,random,,
condition_recombine_pseudolabel__mult_0.25__sim_0.9__teacher_ridge__seed_2,condition_recombine_pseudolabel,0.25,0.9,ridge,2,31,0,1.0,True,,,,reaction_role_concat,6144,random_forest,False,valid,r2,0.411453799973473,0,0.01,random,,
condition_recombine_pseudolabel__mult_0.25__sim_0.9__teacher_ridge__seed_2,condition_recombine_pseudolabel,0.25,0.9,ridge,2,31,0,1.0,True,,,,reaction_role_concat,6144,random_forest,False,valid,spearman,0.732012930736291,0,0.01,random,,
condition_recombine_pseudolabel__mult_0.25__sim_0.9__teacher_ridge__seed_3,condition_recombine_pseudolabel,0.25,0.9,ridge,3,31,2,1.064516129032258,True,0.85,0.85,0.85,reaction_role_concat,6144,random_forest,False,valid,rmse,22.078502213547676,0,0.01,random,,
condition_recombine_pseudolabel__mult_0.25__sim_0.9__teacher_ridge__seed_3,condition_recombine_pseudolabel,0.25,0.9,ridge,3,31,2,1.064516129032258,True,0.85,0.85,0.85,reaction_role_concat,6144,random_forest,False,valid,mae,16.98433061100863,0,0.01,random,,
condition_recombine_pseudolabel__mult_0.25__sim_0.9__teacher_ridge__seed_3,condition_recombine_pseudolabel,0.25,0.9,ridge,3,31,2,1.064516129032258,True,0.85,0.85,0.85,reaction_role_concat,6144,random_forest,False,valid,r2,0.38997011676349536,0,0.01,random,,
condition_recombine_pseudolabel__mult_0.25__sim_0.9__teacher_ridge__seed_3,condition_recombine_pseudolabel,0.25,0.9,ridge,3,31,2,1.064516129032258,True,0.85,0.85,0.85,reaction_role_concat,6144,random_forest,False,valid,spearman,0.7158877342869782,0,0.01,random,,
condition_recombine_pseudolabel__mult_0.25__sim_0.9__teacher_ridge__seed_4,condition_recombine_pseudolabel,0.25,0.9,ridge,4,31,2,1.064516129032258,True,0.85,0.85,0.85,reaction_role_concat,6144,random_forest,False,valid,rmse,21.92053545735381,0,0.01,random,,
condition_recombine_pseudolabel__mult_0.25__sim_0.9__teacher_ridge__seed_4,condition_recombine_pseudolabel,0.25,0.9,ridge,4,31,2,1.064516129032258,True,0.85,0.85,0.85,reaction_role_concat,6144,random_forest,False,valid,mae,16.864134352161916,0,0.01,random,,
condition_recombine_pseudolabel__mult_0.25__sim_0.9__teacher_ridge__seed_4,condition_recombine_pseudolabel,0.25,0.9,ridge,4,31,2,1.064516129032258,True,0.85,0.85,0.85,reaction_role_concat,6144,random_forest,False,valid,r2,0.3986681441812411,0,0.01,random,,
condition_recombine_pseudolabel__mult_0.25__sim_0.9__teacher_ridge__seed_4,condition_recombine_pseudolabel,0.25,0.9,ridge,4,31,2,1.064516129032258,True,0.85,0.85,0.85,reaction_role_concat,6144,random_forest,False,valid,spearman,0.7186535421601014,0,0.01,random,,
condition_recombine_pseudolabel__mult_0.25__sim_0.9__teacher_rf__seed_0,condition_recombine_pseudolabel,0.25,0.9,random_forest,0,31,1,1.032258064516129,True,0.85,0.85,0.85,reaction_role_concat,6144,random_forest,False,valid,rmse,21.946468015646964,0,0.01,random,,
condition_recombine_pseudolabel__mult_0.25__sim_0.9__teacher_rf__seed_0,condition_recombine_pseudolabel,0.25,0.9,random_forest,0,31,1,1.032258064516129,True,0.85,0.85,0.85,reaction_role_concat,6144,random_forest,False,valid,mae,16.699447282516502,0,0.01,random,,
condition_recombine_pseudolabel__mult_0.25__sim_0.9__teacher_rf__seed_0,condition_recombine_pseudolabel,0.25,0.9,random_forest,0,31,1,1.032258064516129,True,0.85,0.85,0.85,reaction_role_concat,6144,random_forest,False,valid,r2,0.39724452042622493,0,0.01,random,,
condition_recombine_pseudolabel__mult_0.25__sim_0.9__teacher_rf__seed_0,condition_recombine_pseudolabel,0.25,0.9,random_forest,0,31,1,1.032258064516129,True,0.85,0.85,0.85,reaction_role_concat,6144,random_forest,False,valid,spearman,0.7271083275202366,0,0.01,random,,
condition_recombine_pseudolabel__mult_0.25__sim_0.9__teacher_rf__seed_1,condition_recombine_pseudolabel,0.25,0.9,random_forest,1,31,0,1.0,True,,,,reaction_role_concat,6144,random_forest,False,valid,rmse,21.686243649115106,0,0.01,random,,
condition_recombine_pseudolabel__mult_0.25__sim_0.9__teacher_rf__seed_1,condition_recombine_pseudolabel,0.25,0.9,random_forest,1,31,0,1.0,True,,,,reaction_role_concat,6144,random_forest,False,valid,mae,16.569035775652413,0,0.01,random,,
condition_recombine_pseudolabel__mult_0.25__sim_0.9__teacher_rf__seed_1,condition_recombine_pseudolabel,0.25,0.9,random_forest,1,31,0,1.0,True,,,,reaction_role_concat,6144,random_forest,False,valid,r2,0.411453799973473,0,0.01,random,,
condition_recombine_pseudolabel__mult_0.25__sim_0.9__teacher_rf__seed_1,condition_recombine_pseudolabel,0.25,0.9,random_forest,1,31,0,1.0,True,,,,reaction_role_concat,6144,random_forest,False,valid,spearman,0.732012930736291,0,0.01,random,,
condition_recombine_pseudolabel__mult_0.25__sim_0.9__teacher_rf__seed_2,condition_recombine_pseudolabel,0.25,0.9,random_forest,2,31,0,1.0,True,,,,reaction_role_concat,6144,random_forest,False,valid,rmse,21.686243649115106,0,0.01,random,,
condition_recombine_pseudolabel__mult_0.25__sim_0.9__teacher_rf__seed_2,condition_recombine_pseudolabel,0.25,0.9,random_forest,2,31,0,1.0,True,,,,reaction_role_concat,6144,random_forest,False,valid,mae,16.569035775652413,0,0.01,random,,
condition_recombine_pseudolabel__mult_0.25__sim_0.9__teacher_rf__seed_2,condition_recombine_pseudolabel,0.25,0.9,random_forest,2,31,0,1.0,True,,,,reaction_role_concat,6144,random_forest,False,valid,r2,0.411453799973473,0,0.01,random,,
condition_recombine_pseudolabel__mult_0.25__sim_0.9__teacher_rf__seed_2,condition_recombine_pseudolabel,0.25,0.9,random_forest,2,31,0,1.0,True,,,,reaction_role_concat,6144,random_forest,False,valid,spearman,0.732012930736291,0,0.01,random,,
condition_recombine_pseudolabel__mult_0.25__sim_0.9__teacher_rf__seed_3,condition_recombine_pseudolabel,0.25,0.9,random_forest,3,31,2,1.064516129032258,True,0.85,0.85,0.85,reaction_role_concat,6144,random_forest,False,valid,rmse,21.691242378925143,0,0.01,random,,
condition_recombine_pseudolabel__mult_0.25__sim_0.9__teacher_rf__seed_3,condition_recombine_pseudolabel,0.25,0.9,random_forest,3,31,2,1.064516129032258,True,0.85,0.85,0.85,reaction_role_concat,6144,random_forest,False,valid,mae,16.773723987340926,0,0.01,random,,
condition_recombine_pseudolabel__mult_0.25__sim_0.9__teacher_rf__seed_3,condition_recombine_pseudolabel,0.25,0.9,random_forest,3,31,2,1.064516129032258,True,0.85,0.85,0.85,reaction_role_concat,6144,random_forest,False,valid,r2,0.4111824461558832,0,0.01,random,,
condition_recombine_pseudolabel__mult_0.25__sim_0.9__teacher_rf__seed_3,condition_recombine_pseudolabel,0.25,0.9,random_forest,3,31,2,1.064516129032258,True,0.85,0.85,0.85,reaction_role_concat,6144,random_forest,False,valid,spearman,0.7175984589539159,0,0.01,random,,
condition_recombine_pseudolabel__mult_0.25__sim_0.9__teacher_rf__seed_4,condition_recombine_pseudolabel,0.25,0.9,random_forest,4,31,2,1.064516129032258,True,0.85,0.85,0.85,reaction_role_concat,6144,random_forest,False,valid,rmse,21.844416226091532,0,0.01,random,,
condition_recombine_pseudolabel__mult_0.25__sim_0.9__teacher_rf__seed_4,condition_recombine_pseudolabel,0.25,0.9,random_forest,4,31,2,1.064516129032258,True,0.85,0.85,0.85,reaction_role_concat,6144,random_forest,False,valid,mae,16.7760614126634,0,0.01,random,,
condition_recombine_pseudolabel__mult_0.25__sim_0.9__teacher_rf__seed_4,condition_recombine_pseudolabel,0.25,0.9,random_forest,4,31,2,1.064516129032258,True,0.85,0.85,0.85,reaction_role_concat,6144,random_forest,False,valid,r2,0.4028371523040546,0,0.01,random,,
condition_recombine_pseudolabel__mult_0.25__sim_0.9__teacher_rf__seed_4,condition_recombine_pseudolabel,0.25,0.9,random_forest,4,31,2,1.064516129032258,True,0.85,0.85,0.85,reaction_role_concat,6144,random_forest,False,valid,spearman,0.7161169604860885,0,0.01,random,,
condition_recombine_pseudolabel__mult_0.25__sim_0.95__teacher_ridge__seed_0,condition_recombine_pseudolabel,0.25,0.95,ridge,0,31,0,1.0,True,,,,reaction_role_concat,6144,random_forest,False,valid,rmse,21.686243649115106,0,0.01,random,,
condition_recombine_pseudolabel__mult_0.25__sim_0.95__teacher_ridge__seed_0,condition_recombine_pseudolabel,0.25,0.95,ridge,0,31,0,1.0,True,,,,reaction_role_concat,6144,random_forest,False,valid,mae,16.569035775652413,0,0.01,random,,
condition_recombine_pseudolabel__mult_0.25__sim_0.95__teacher_ridge__seed_0,condition_recombine_pseudolabel,0.25,0.95,ridge,0,31,0,1.0,True,,,,reaction_role_concat,6144,random_forest,False,valid,r2,0.411453799973473,0,0.01,random,,
condition_recombine_pseudolabel__mult_0.25__sim_0.95__teacher_ridge__seed_0,condition_recombine_pseudolabel,0.25,0.95,ridge,0,31,0,1.0,True,,,,reaction_role_concat,6144,random_forest,False,valid,spearman,0.732012930736291,0,0.01,random,,
condition_recombine_pseudolabel__mult_0.25__sim_0.95__teacher_ridge__seed_1,condition_recombine_pseudolabel,0.25,0.95,ridge,1,31,0,1.0,True,,,,reaction_role_concat,6144,random_forest,False,valid,rmse,21.686243649115106,0,0.01,random,,
condition_recombine_pseudolabel__mult_0.25__sim_0.95__teacher_ridge__seed_1,condition_recombine_pseudolabel,0.25,0.95,ridge,1,31,0,1.0,True,,,,reaction_role_concat,6144,random_forest,False,valid,mae,16.569035775652413,0,0.01,random,,
condition_recombine_pseudolabel__mult_0.25__sim_0.95__teacher_ridge__seed_1,condition_recombine_pseudolabel,0.25,0.95,ridge,1,31,0,1.0,True,,,,reaction_role_concat,6144,random_forest,False,valid,r2,0.411453799973473,0,0.01,random,,
condition_recombine_pseudolabel__mult_0.25__sim_0.95__teacher_ridge__seed_1,condition_recombine_pseudolabel,0.25,0.95,ridge,1,31,0,1.0,True,,,,reaction_role_concat,6144,random_forest,False,valid,spearman,0.732012930736291,0,0.01,random,,
condition_recombine_pseudolabel__mult_0.25__sim_0.95__teacher_ridge__seed_2,condition_recombine_pseudolabel,0.25,0.95,ridge,2,31,0,1.0,True,,,,reaction_role_concat,6144,random_forest,False,valid,rmse,21.686243649115106,0,0.01,random,,
condition_recombine_pseudolabel__mult_0.25__sim_0.95__teacher_ridge__seed_2,condition_recombine_pseudolabel,0.25,0.95,ridge,2,31,0,1.0,True,,,,reaction_role_concat,6144,random_forest,False,valid,mae,16.569035775652413,0,0.01,random,,
condition_recombine_pseudolabel__mult_0.25__sim_0.95__teacher_ridge__seed_2,condition_recombine_pseudolabel,0.25,0.95,ridge,2,31,0,1.0,True,,,,reaction_role_concat,6144,random_forest,False,valid,r2,0.411453799973473,0,0.01,random,,
condition_recombine_pseudolabel__mult_0.25__sim_0.95__teacher_ridge__seed_2,condition_recombine_pseudolabel,0.25,0.95,ridge,2,31,0,1.0,True,,,,reaction_role_concat,6144,random_forest,False,valid,spearman,0.732012930736291,0,0.01,random,,
condition_recombine_pseudolabel__mult_0.25__sim_0.95__teacher_ridge__seed_3,condition_recombine_pseudolabel,0.25,0.95,ridge,3,31,0,1.0,True,,,,reaction_role_concat,6144,random_forest,False,valid,rmse,21.686243649115106,0,0.01,random,,
condition_recombine_pseudolabel__mult_0.25__sim_0.95__teacher_ridge__seed_3,condition_recombine_pseudolabel,0.25,0.95,ridge,3,31,0,1.0,True,,,,reaction_role_concat,6144,random_forest,False,valid,mae,16.569035775652413,0,0.01,random,,
condition_recombine_pseudolabel__mult_0.25__sim_0.95__teacher_ridge__seed_3,condition_recombine_pseudolabel,0.25,0.95,ridge,3,31,0,1.0,True,,,,reaction_role_concat,6144,random_forest,False,valid,r2,0.411453799973473,0,0.01,random,,
condition_recombine_pseudolabel__mult_0.25__sim_0.95__teacher_ridge__seed_3,condition_recombine_pseudolabel,0.25,0.95,ridge,3,31,0,1.0,True,,,,reaction_role_concat,6144,random_forest,False,valid,spearman,0.732012930736291,0,0.01,random,,
condition_recombine_pseudolabel__mult_0.25__sim_0.95__teacher_ridge__seed_4,condition_recombine_pseudolabel,0.25,0.95,ridge,4,31,0,1.0,True,,,,reaction_role_concat,6144,random_forest,False,valid,rmse,21.686243649115106,0,0.01,random,,
condition_recombine_pseudolabel__mult_0.25__sim_0.95__teacher_ridge__seed_4,condition_recombine_pseudolabel,0.25,0.95,ridge,4,31,0,1.0,True,,,,reaction_role_concat,6144,random_forest,False,valid,mae,16.569035775652413,0,0.01,random,,
condition_recombine_pseudolabel__mult_0.25__sim_0.95__teacher_ridge__seed_4,condition_recombine_pseudolabel,0.25,0.95,ridge,4,31,0,1.0,True,,,,reaction_role_concat,6144,random_forest,False,valid,r2,0.411453799973473,0,0.01,random,,
condition_recombine_pseudolabel__mult_0.25__sim_0.95__teacher_ridge__seed_4,condition_recombine_pseudolabel,0.25,0.95,ridge,4,31,0,1.0,True,,,,reaction_role_concat,6144,random_forest,False,valid,spearman,0.732012930736291,0,0.01,random,,
condition_recombine_pseudolabel__mult_0.25__sim_0.95__teacher_rf__seed_0,condition_recombine_pseudolabel,0.25,0.95,random_forest,0,31,0,1.0,True,,,,reaction_role_concat,6144,random_forest,False,valid,rmse,21.686243649115106,0,0.01,random,,
condition_recombine_pseudolabel__mult_0.25__sim_0.95__teacher_rf__seed_0,condition_recombine_pseudolabel,0.25,0.95,random_forest,0,31,0,1.0,True,,,,reaction_role_concat,6144,random_forest,False,valid,mae,16.569035775652413,0,0.01,random,,
condition_recombine_pseudolabel__mult_0.25__sim_0.95__teacher_rf__seed_0,condition_recombine_pseudolabel,0.25,0.95,random_forest,0,31,0,1.0,True,,,,reaction_role_concat,6144,random_forest,False,valid,r2,0.411453799973473,0,0.01,random,,
condition_recombine_pseudolabel__mult_0.25__sim_0.95__teacher_rf__seed_0,condition_recombine_pseudolabel,0.25,0.95,random_forest,0,31,0,1.0,True,,,,reaction_role_concat,6144,random_forest,False,valid,spearman,0.732012930736291,0,0.01,random,,
condition_recombine_pseudolabel__mult_0.25__sim_0.95__teacher_rf__seed_1,condition_recombine_pseudolabel,0.25,0.95,random_forest,1,31,0,1.0,True,,,,reaction_role_concat,6144,random_forest,False,valid,rmse,21.686243649115106,0,0.01,random,,
condition_recombine_pseudolabel__mult_0.25__sim_0.95__teacher_rf__seed_1,condition_recombine_pseudolabel,0.25,0.95,random_forest,1,31,0,1.0,True,,,,reaction_role_concat,6144,random_forest,False,valid,mae,16.569035775652413,0,0.01,random,,
condition_recombine_pseudolabel__mult_0.25__sim_0.95__teacher_rf__seed_1,condition_recombine_pseudolabel,0.25,0.95,random_forest,1,31,0,1.0,True,,,,reaction_role_concat,6144,random_forest,False,valid,r2,0.411453799973473,0,0.01,random,,
condition_recombine_pseudolabel__mult_0.25__sim_0.95__teacher_rf__seed_1,condition_recombine_pseudolabel,0.25,0.95,random_forest,1,31,0,1.0,True,,,,reaction_role_concat,6144,random_forest,False,valid,spearman,0.732012930736291,0,0.01,random,,
condition_recombine_pseudolabel__mult_0.25__sim_0.95__teacher_rf__seed_2,condition_recombine_pseudolabel,0.25,0.95,random_forest,2,31,0,1.0,True,,,,reaction_role_concat,6144,random_forest,False,valid,rmse,21.686243649115106,0,0.01,random,,
condition_recombine_pseudolabel__mult_0.25__sim_0.95__teacher_rf__seed_2,condition_recombine_pseudolabel,0.25,0.95,random_forest,2,31,0,1.0,True,,,,reaction_role_concat,6144,random_forest,False,valid,mae,16.569035775652413,0,0.01,random,,
condition_recombine_pseudolabel__mult_0.25__sim_0.95__teacher_rf__seed_2,condition_recombine_pseudolabel,0.25,0.95,random_forest,2,31,0,1.0,True,,,,reaction_role_concat,6144,random_forest,False,valid,r2,0.411453799973473,0,0.01,random,,
condition_recombine_pseudolabel__mult_0.25__sim_0.95__teacher_rf__seed_2,condition_recombine_pseudolabel,0.25,0.95,random_forest,2,31,0,1.0,True,,,,reaction_role_concat,6144,random_forest,False,valid,spearman,0.732012930736291,0,0.01,random,,
condition_recombine_pseudolabel__mult_0.25__sim_0.95__teacher_rf__seed_3,condition_recombine_pseudolabel,0.25,0.95,random_forest,3,31,0,1.0,True,,,,reaction_role_concat,6144,random_forest,False,valid,rmse,21.686243649115106,0,0.01,random,,
condition_recombine_pseudolabel__mult_0.25__sim_0.95__teacher_rf__seed_3,condition_recombine_pseudolabel,0.25,0.95,random_forest,3,31,0,1.0,True,,,,reaction_role_concat,6144,random_forest,False,valid,mae,16.569035775652413,0,0.01,random,,
condition_recombine_pseudolabel__mult_0.25__sim_0.95__teacher_rf__seed_3,condition_recombine_pseudolabel,0.25,0.95,random_forest,3,31,0,1.0,True,,,,reaction_role_concat,6144,random_forest,False,valid,r2,0.411453799973473,0,0.01,random,,
condition_recombine_pseudolabel__mult_0.25__sim_0.95__teacher_rf__seed_3,condition_recombine_pseudolabel,0.25,0.95,random_forest,3,31,0,1.0,True,,,,reaction_role_concat,6144,random_forest,False,valid,spearman,0.732012930736291,0,0.01,random,,
condition_recombine_pseudolabel__mult_0.25__sim_0.95__teacher_rf__seed_4,condition_recombine_pseudolabel,0.25,0.95,random_forest,4,31,0,1.0,True,,,,reaction_role_concat,6144,random_forest,False,valid,rmse,21.686243649115106,0,0.01,random,,
condition_recombine_pseudolabel__mult_0.25__sim_0.95__teacher_rf__seed_4,condition_recombine_pseudolabel,0.25,0.95,random_forest,4,31,0,1.0,True,,,,reaction_role_concat,6144,random_forest,False,valid,mae,16.569035775652413,0,0.01,random,,
condition_recombine_pseudolabel__mult_0.25__sim_0.95__teacher_rf__seed_4,condition_recombine_pseudolabel,0.25,0.95,random_forest,4,31,0,1.0,True,,,,reaction_role_concat,6144,random_forest,False,valid,r2,0.411453799973473,0,0.01,random,,
condition_recombine_pseudolabel__mult_0.25__sim_0.95__teacher_rf__seed_4,condition_recombine_pseudolabel,0.25,0.95,random_forest,4,31,0,1.0,True,,,,reaction_role_concat,6144,random_forest,False,valid,spearman,0.732012930736291,0,0.01,random,,
condition_recombine_pseudolabel__mult_0.5__sim_0.7__teacher_ridge__seed_0,condition_recombine_pseudolabel,0.5,0.7,ridge,0,31,15,1.4838709677419355,True,0.7929947924613951,0.7530120611190796,0.85,reaction_role_concat,6144,random_forest,False,valid,rmse,22.37299159481897,0,0.01,random,,
condition_recombine_pseudolabel__mult_0.5__sim_0.7__teacher_ridge__seed_0,condition_recombine_pseudolabel,0.5,0.7,ridge,0,31,15,1.4838709677419355,True,0.7929947924613951,0.7530120611190796,0.85,reaction_role_concat,6144,random_forest,False,valid,mae,17.031204441978964,0,0.01,random,,
condition_recombine_pseudolabel__mult_0.5__sim_0.7__teacher_ridge__seed_0,condition_recombine_pseudolabel,0.5,0.7,ridge,0,31,15,1.4838709677419355,True,0.7929947924613951,0.7530120611190796,0.85,reaction_role_concat,6144,random_forest,False,valid,r2,0.37358808008134947,0,0.01,random,,
condition_recombine_pseudolabel__mult_0.5__sim_0.7__teacher_ridge__seed_0,condition_recombine_pseudolabel,0.5,0.7,ridge,0,31,15,1.4838709677419355,True,0.7929947924613951,0.7530120611190796,0.85,reaction_role_concat,6144,random_forest,False,valid,spearman,0.6895980015837408,0,0.01,random,,
condition_recombine_pseudolabel__mult_0.5__sim_0.7__teacher_ridge__seed_1,condition_recombine_pseudolabel,0.5,0.7,ridge,1,31,15,1.4838709677419355,True,0.7882176129023234,0.7412587404251099,0.85,reaction_role_concat,6144,random_forest,False,valid,rmse,22.41245878710714,0,0.01,random,,
condition_recombine_pseudolabel__mult_0.5__sim_0.7__teacher_ridge__seed_1,condition_recombine_pseudolabel,0.5,0.7,ridge,1,31,15,1.4838709677419355,True,0.7882176129023234,0.7412587404251099,0.85,reaction_role_concat,6144,random_forest,False,valid,mae,17.23675833938997,0,0.01,random,,
condition_recombine_pseudolabel__mult_0.5__sim_0.7__teacher_ridge__seed_1,condition_recombine_pseudolabel,0.5,0.7,ridge,1,31,15,1.4838709677419355,True,0.7882176129023234,0.7412587404251099,0.85,reaction_role_concat,6144,random_forest,False,valid,r2,0.37137608033948655,0,0.01,random,,
condition_recombine_pseudolabel__mult_0.5__sim_0.7__teacher_ridge__seed_1,condition_recombine_pseudolabel,0.5,0.7,ridge,1,31,15,1.4838709677419355,True,0.7882176129023234,0.7412587404251099,0.85,reaction_role_concat,6144,random_forest,False,valid,spearman,0.6996514303214441,0,0.01,random,,
condition_recombine_pseudolabel__mult_0.5__sim_0.7__teacher_ridge__seed_2,condition_recombine_pseudolabel,0.5,0.7,ridge,2,31,15,1.4838709677419355,True,0.789688659509023,0.746835470199585,0.85,reaction_role_concat,6144,random_forest,False,valid,rmse,21.91405260095249,0,0.01,random,,
condition_recombine_pseudolabel__mult_0.5__sim_0.7__teacher_ridge__seed_2,condition_recombine_pseudolabel,0.5,0.7,ridge,2,31,15,1.4838709677419355,True,0.789688659509023,0.746835470199585,0.85,reaction_role_concat,6144,random_forest,False,valid,mae,17.100393911618223,0,0.01,random,,
condition_recombine_pseudolabel__mult_0.5__sim_0.7__teacher_ridge__seed_2,condition_recombine_pseudolabel,0.5,0.7,ridge,2,31,15,1.4838709677419355,True,0.789688659509023,0.746835470199585,0.85,reaction_role_concat,6144,random_forest,False,valid,r2,0.39902377159032476,0,0.01,random,,
condition_recombine_pseudolabel__mult_0.5__sim_0.7__teacher_ridge__seed_2,condition_recombine_pseudolabel,0.5,0.7,ridge,2,31,15,1.4838709677419355,True,0.789688659509023,0.746835470199585,0.85,reaction_role_concat,6144,random_forest,False,valid,spearman,0.7007644530299537,0,0.01,random,,
condition_recombine_pseudolabel__mult_0.5__sim_0.7__teacher_ridge__seed_3,condition_recombine_pseudolabel,0.5,0.7,ridge,3,31,15,1.4838709677419355,True,0.8158713269233703,0.7260273694992065,0.85,reaction_role_concat,6144,random_forest,False,valid,rmse,22.559286350068728,0,0.01,random,,
condition_recombine_pseudolabel__mult_0.5__sim_0.7__teacher_ridge__seed_3,condition_recombine_pseudolabel,0.5,0.7,ridge,3,31,15,1.4838709677419355,True,0.8158713269233703,0.7260273694992065,0.85,reaction_role_concat,6144,random_forest,False,valid,mae,17.700093810169005,0,0.01,random,,
condition_recombine_pseudolabel__mult_0.5__sim_0.7__teacher_ridge__seed_3,condition_recombine_pseudolabel,0.5,0.7,ridge,3,31,15,1.4838709677419355,True,0.8158713269233703,0.7260273694992065,0.85,reaction_role_concat,6144,random_forest,False,valid,r2,0.36311267178268714,0,0.01,random,,
condition_recombine_pseudolabel__mult_0.5__sim_0.7__teacher_ridge__seed_3,condition_recombine_pseudolabel,0.5,0.7,ridge,3,31,15,1.4838709677419355,True,0.8158713269233703,0.7260273694992065,0.85,reaction_role_concat,6144,random_forest,False,valid,spearman,0.7031998596738579,0,0.01,random,,
condition_recombine_pseudolabel__mult_0.5__sim_0.7__teacher_ridge__seed_4,condition_recombine_pseudolabel,0.5,0.7,ridge,4,31,15,1.4838709677419355,True,0.8113105185826619,0.7241379022598267,0.85,reaction_role_concat,6144,random_forest,False,valid,rmse,21.932393177118726,0,0.01,random,,
condition_recombine_pseudolabel__mult_0.5__sim_0.7__teacher_ridge__seed_4,condition_recombine_pseudolabel,0.5,0.7,ridge,4,31,15,1.4838709677419355,True,0.8113105185826619,0.7241379022598267,0.85,reaction_role_concat,6144,random_forest,False,valid,mae,16.69434542595284,0,0.01,random,,
condition_recombine_pseudolabel__mult_0.5__sim_0.7__teacher_ridge__seed_4,condition_recombine_pseudolabel,0.5,0.7,ridge,4,31,15,1.4838709677419355,True,0.8113105185826619,0.7241379022598267,0.85,reaction_role_concat,6144,random_forest,False,valid,r2,0.3980173979240652,0,0.01,random,,
condition_recombine_pseudolabel__mult_0.5__sim_0.7__teacher_ridge__seed_4,condition_recombine_pseudolabel,0.5,0.7,ridge,4,31,15,1.4838709677419355,True,0.8113105185826619,0.7241379022598267,0.85,reaction_role_concat,6144,random_forest,False,valid,spearman,0.713889357032032,0,0.01,random,,
condition_recombine_pseudolabel__mult_0.5__sim_0.7__teacher_rf__seed_0,condition_recombine_pseudolabel,0.5,0.7,random_forest,0,31,15,1.4838709677419355,True,0.7929947924613951,0.7530120611190796,0.85,reaction_role_concat,6144,random_forest,False,valid,rmse,21.758836933673425,0,0.01,random,,
condition_recombine_pseudolabel__mult_0.5__sim_0.7__teacher_rf__seed_0,condition_recombine_pseudolabel,0.5,0.7,random_forest,0,31,15,1.4838709677419355,True,0.7929947924613951,0.7530120611190796,0.85,reaction_role_concat,6144,random_forest,False,valid,mae,16.596371095014526,0,0.01,random,,
condition_recombine_pseudolabel__mult_0.5__sim_0.7__teacher_rf__seed_0,condition_recombine_pseudolabel,0.5,0.7,random_forest,0,31,15,1.4838709677419355,True,0.7929947924613951,0.7530120611190796,0.85,reaction_role_concat,6144,random_forest,False,valid,r2,0.4075069651774954,0,0.01,random,,
condition_recombine_pseudolabel__mult_0.5__sim_0.7__teacher_rf__seed_0,condition_recombine_pseudolabel,0.5,0.7,random_forest,0,31,15,1.4838709677419355,True,0.7929947924613951,0.7530120611190796,0.85,reaction_role_concat,6144,random_forest,False,valid,spearman,0.7138782560181415,0,0.01,random,,
condition_recombine_pseudolabel__mult_0.5__sim_0.7__teacher_rf__seed_1,condition_recombine_pseudolabel,0.5,0.7,random_forest,1,31,15,1.4838709677419355,True,0.7882176129023234,0.7412587404251099,0.85,reaction_role_concat,6144,random_forest,False,valid,rmse,21.65126208353797,0,0.01,random,,
condition_recombine_pseudolabel__mult_0.5__sim_0.7__teacher_rf__seed_1,condition_recombine_pseudolabel,0.5,0.7,random_forest,1,31,15,1.4838709677419355,True,0.7882176129023234,0.7412587404251099,0.85,reaction_role_concat,6144,random_forest,False,valid,mae,16.698583945289446,0,0.01,random,,
condition_recombine_pseudolabel__mult_0.5__sim_0.7__teacher_rf__seed_1,condition_recombine_pseudolabel,0.5,0.7,random_forest,1,31,15,1.4838709677419355,True,0.7882176129023234,0.7412587404251099,0.85,reaction_role_concat,6144,random_forest,False,valid,r2,0.41335100841594197,0,0.01,random,,
condition_recombine_pseudolabel__mult_0.5__sim_0.7__teacher_rf__seed_1,condition_recombine_pseudolabel,0.5,0.7,random_forest,1,31,15,1.4838709677419355,True,0.7882176129023234,0.7412587404251099,0.85,reaction_role_concat,6144,random_forest,False,valid,spearman,0.7299015339489767,0,0.01,random,,
condition_recombine_pseudolabel__mult_0.5__sim_0.7__teacher_rf__seed_2,condition_recombine_pseudolabel,0.5,0.7,random_forest,2,31,15,1.4838709677419355,True,0.789688659509023,0.746835470199585,0.85,reaction_role_concat,6144,random_forest,False,valid,rmse,21.64985603780102,0,0.01,random,,
condition_recombine_pseudolabel__mult_0.5__sim_0.7__teacher_rf__seed_2,condition_recombine_pseudolabel,0.5,0.7,random_forest,2,31,15,1.4838709677419355,True,0.789688659509023,0.746835470199585,0.85,reaction_role_concat,6144,random_forest,False,valid,mae,16.576715106393717,0,0.01,random,,
condition_recombine_pseudolabel__mult_0.5__sim_0.7__teacher_rf__seed_2,condition_recombine_pseudolabel,0.5,0.7,random_forest,2,31,15,1.4838709677419355,True,0.789688659509023,0.746835470199585,0.85,reaction_role_concat,6144,random_forest,False,valid,r2,0.413427200605314,0,0.01,random,,
condition_recombine_pseudolabel__mult_0.5__sim_0.7__teacher_rf__seed_2,condition_recombine_pseudolabel,0.5,0.7,random_forest,2,31,15,1.4838709677419355,True,0.789688659509023,0.746835470199585,0.85,reaction_role_concat,6144,random_forest,False,valid,spearman,0.7226345215449911,0,0.01,random,,
condition_recombine_pseudolabel__mult_0.5__sim_0.7__teacher_rf__seed_3,condition_recombine_pseudolabel,0.5,0.7,random_forest,3,31,15,1.4838709677419355,True,0.8158713269233703,0.7260273694992065,0.85,reaction_role_concat,6144,random_forest,False,valid,rmse,21.28345961131131,0,0.01,random,,
condition_recombine_pseudolabel__mult_0.5__sim_0.7__teacher_rf__seed_3,condition_recombine_pseudolabel,0.5,0.7,random_forest,3,31,15,1.4838709677419355,True,0.8158713269233703,0.7260273694992065,0.85,reaction_role_concat,6144,random_forest,False,valid,mae,16.493499924705,0,0.01,random,,
condition_recombine_pseudolabel__mult_0.5__sim_0.7__teacher_rf__seed_3,condition_recombine_pseudolabel,0.5,0.7,random_forest,3,31,15,1.4838709677419355,True,0.8158713269233703,0.7260273694992065,0.85,reaction_role_concat,6144,random_forest,False,valid,r2,0.4331132038803144,0,0.01,random,,
condition_recombine_pseudolabel__mult_0.5__sim_0.7__teacher_rf__seed_3,condition_recombine_pseudolabel,0.5,0.7,random_forest,3,31,15,1.4838709677419355,True,0.8158713269233703,0.7260273694992065,0.85,reaction_role_concat,6144,random_forest,False,valid,spearman,0.7402464748371319,0,0.01,random,,
condition_recombine_pseudolabel__mult_0.5__sim_0.7__teacher_rf__seed_4,condition_recombine_pseudolabel,0.5,0.7,random_forest,4,31,15,1.4838709677419355,True,0.8113105185826619,0.7241379022598267,0.85,reaction_role_concat,6144,random_forest,False,valid,rmse,21.774344364683152,0,0.01,random,,
condition_recombine_pseudolabel__mult_0.5__sim_0.7__teacher_rf__seed_4,condition_recombine_pseudolabel,0.5,0.7,random_forest,4,31,15,1.4838709677419355,True,0.8113105185826619,0.7241379022598267,0.85,reaction_role_concat,6144,random_forest,False,valid,mae,16.503712553745583,0,0.01,random,,
condition_recombine_pseudolabel__mult_0.5__sim_0.7__teacher_rf__seed_4,condition_recombine_pseudolabel,0.5,0.7,random_forest,4,31,15,1.4838709677419355,True,0.8113105185826619,0.7241379022598267,0.85,reaction_role_concat,6144,random_forest,False,valid,r2,0.406662129671846,0,0.01,random,,
condition_recombine_pseudolabel__mult_0.5__sim_0.7__teacher_rf__seed_4,condition_recombine_pseudolabel,0.5,0.7,random_forest,4,31,15,1.4838709677419355,True,0.8113105185826619,0.7241379022598267,0.85,reaction_role_concat,6144,random_forest,False,valid,spearman,0.7287569254603125,0,0.01,random,,
condition_recombine_pseudolabel__mult_0.5__sim_0.8__teacher_ridge__seed_0,condition_recombine_pseudolabel,0.5,0.8,ridge,0,31,6,1.1935483870967742,True,0.829487003882726,0.8047337532043457,0.85,reaction_role_concat,6144,random_forest,False,valid,rmse,21.89057670499875,0,0.01,random,,
condition_recombine_pseudolabel__mult_0.5__sim_0.8__teacher_ridge__seed_0,condition_recombine_pseudolabel,0.5,0.8,ridge,0,31,6,1.1935483870967742,True,0.829487003882726,0.8047337532043457,0.85,reaction_role_concat,6144,random_forest,False,valid,mae,16.69405730970902,0,0.01,random,,
condition_recombine_pseudolabel__mult_0.5__sim_0.8__teacher_ridge__seed_0,condition_recombine_pseudolabel,0.5,0.8,ridge,0,31,6,1.1935483870967742,True,0.829487003882726,0.8047337532043457,0.85,reaction_role_concat,6144,random_forest,False,valid,r2,0.4003106990860098,0,0.01,random,,
condition_recombine_pseudolabel__mult_0.5__sim_0.8__teacher_ridge__seed_0,condition_recombine_pseudolabel,0.5,0.8,ridge,0,31,6,1.1935483870967742,True,0.829487003882726,0.8047337532043457,0.85,reaction_role_concat,6144,random_forest,False,valid,spearman,0.7074489188064751,0,0.01,random,,
condition_recombine_pseudolabel__mult_0.5__sim_0.8__teacher_ridge__seed_1,condition_recombine_pseudolabel,0.5,0.8,ridge,1,31,5,1.1612903225806452,True,0.8340616846084595,0.8101266026496887,0.85,reaction_role_concat,6144,random_forest,False,valid,rmse,22.084028277295424,0,0.01,random,,
condition_recombine_pseudolabel__mult_0.5__sim_0.8__teacher_ridge__seed_1,condition_recombine_pseudolabel,0.5,0.8,ridge,1,31,5,1.1612903225806452,True,0.8340616846084595,0.8101266026496887,0.85,reaction_role_concat,6144,random_forest,False,valid,mae,17.18227731659141,0,0.01,random,,
condition_recombine_pseudolabel__mult_0.5__sim_0.8__teacher_ridge__seed_1,condition_recombine_pseudolabel,0.5,0.8,ridge,1,31,5,1.1612903225806452,True,0.8340616846084595,0.8101266026496887,0.85,reaction_role_concat,6144,random_forest,False,valid,r2,0.3896647078308877,0,0.01,random,,
condition_recombine_pseudolabel__mult_0.5__sim_0.8__teacher_ridge__seed_1,condition_recombine_pseudolabel,0.5,0.8,ridge,1,31,5,1.1612903225806452,True,0.8340616846084595,0.8101266026496887,0.85,reaction_role_concat,6144,random_forest,False,valid,spearman,0.7030205880372553,0,0.01,random,,
condition_recombine_pseudolabel__mult_0.5__sim_0.8__teacher_ridge__seed_2,condition_recombine_pseudolabel,0.5,0.8,ridge,2,31,6,1.1935483870967742,True,0.8283551255861917,0.804347813129425,0.85,reaction_role_concat,6144,random_forest,False,valid,rmse,21.675214703439245,0,0.01,random,,
condition_recombine_pseudolabel__mult_0.5__sim_0.8__teacher_ridge__seed_2,condition_recombine_pseudolabel,0.5,0.8,ridge,2,31,6,1.1935483870967742,True,0.8283551255861917,0.804347813129425,0.85,reaction_role_concat,6144,random_forest,False,valid,mae,17.046751400437536,0,0.01,random,,
condition_recombine_pseudolabel__mult_0.5__sim_0.8__teacher_ridge__seed_2,condition_recombine_pseudolabel,0.5,0.8,ridge,2,31,6,1.1935483870967742,True,0.8283551255861917,0.804347813129425,0.85,reaction_role_concat,6144,random_forest,False,valid,r2,0.4120522801530525,0,0.01,random,,
condition_recombine_pseudolabel__mult_0.5__sim_0.8__teacher_ridge__seed_2,condition_recombine_pseudolabel,0.5,0.8,ridge,2,31,6,1.1935483870967742,True,0.8283551255861917,0.804347813129425,0.85,reaction_role_concat,6144,random_forest,False,valid,spearman,0.7218304770564379,0,0.01,random,,
condition_recombine_pseudolabel__mult_0.5__sim_0.8__teacher_ridge__seed_3,condition_recombine_pseudolabel,0.5,0.8,ridge,3,31,10,1.3225806451612903,True,0.8407932412624358,0.804347813129425,0.85,reaction_role_concat,6144,random_forest,False,valid,rmse,22.624128358943008,0,0.01,random,,
condition_recombine_pseudolabel__mult_0.5__sim_0.8__teacher_ridge__seed_3,condition_recombine_pseudolabel,0.5,0.8,ridge,3,31,10,1.3225806451612903,True,0.8407932412624358,0.804347813129425,0.85,reaction_role_concat,6144,random_forest,False,valid,mae,17.606474380459964,0,0.01,random,,
condition_recombine_pseudolabel__mult_0.5__sim_0.8__teacher_ridge__seed_3,condition_recombine_pseudolabel,0.5,0.8,ridge,3,31,10,1.3225806451612903,True,0.8407932412624358,0.804347813129425,0.85,reaction_role_concat,6144,random_forest,False,valid,r2,0.35944620795294346,0,0.01,random,,
condition_recombine_pseudolabel__mult_0.5__sim_0.8__teacher_ridge__seed_3,condition_recombine_pseudolabel,0.5,0.8,ridge,3,31,10,1.3225806451612903,True,0.8407932412624358,0.804347813129425,0.85,reaction_role_concat,6144,random_forest,False,valid,spearman,0.7053226851371569,0,0.01,random,,
condition_recombine_pseudolabel__mult_0.5__sim_0.8__teacher_ridge__seed_4,condition_recombine_pseudolabel,0.5,0.8,ridge,4,31,10,1.3225806451612903,True,0.8384647679328918,0.8098591566085815,0.85,reaction_role_concat,6144,random_forest,False,valid,rmse,21.872300662802427,0,0.01,random,,
condition_recombine_pseudolabel__mult_0.5__sim_0.8__teacher_ridge__seed_4,condition_recombine_pseudolabel,0.5,0.8,ridge,4,31,10,1.3225806451612903,True,0.8384647679328918,0.8098591566085815,0.85,reaction_role_concat,6144,random_forest,False,valid,mae,16.970662942732435,0,0.01,random,,
condition_recombine_pseudolabel__mult_0.5__sim_0.8__teacher_ridge__seed_4,condition_recombine_pseudolabel,0.5,0.8,ridge,4,31,10,1.3225806451612903,True,0.8384647679328918,0.8098591566085815,0.85,reaction_role_concat,6144,random_forest,False,valid,r2,0.40131162034872203,0,0.01,random,,
condition_recombine_pseudolabel__mult_0.5__sim_0.8__teacher_ridge__seed_4,condition_recombine_pseudolabel,0.5,0.8,ridge,4,31,10,1.3225806451612903,True,0.8384647679328918,0.8098591566085815,0.85,reaction_role_concat,6144,random_forest,False,valid,spearman,0.7193210986683779,0,0.01,random,,
condition_recombine_pseudolabel__mult_0.5__sim_0.8__teacher_rf__seed_0,condition_recombine_pseudolabel,0.5,0.8,random_forest,0,31,6,1.1935483870967742,True,0.829487003882726,0.8047337532043457,0.85,reaction_role_concat,6144,random_forest,False,valid,rmse,21.862435349922226,0,0.01,random,,
condition_recombine_pseudolabel__mult_0.5__sim_0.8__teacher_rf__seed_0,condition_recombine_pseudolabel,0.5,0.8,random_forest,0,31,6,1.1935483870967742,True,0.829487003882726,0.8047337532043457,0.85,reaction_role_concat,6144,random_forest,False,valid,mae,16.533017465594448,0,0.01,random,,
condition_recombine_pseudolabel__mult_0.5__sim_0.8__teacher_rf__seed_0,condition_recombine_pseudolabel,0.5,0.8,random_forest,0,31,6,1.1935483870967742,True,0.829487003882726,0.8047337532043457,0.85,reaction_role_concat,6144,random_forest,False,valid,r2,0.4018515650296992,0,0.01,random,,
condition_recombine_pseudolabel__mult_0.5__sim_0.8__teacher_rf__seed_0,condition_recombine_pseudolabel,0.5,0.8,random_forest,0,31,6,1.1935483870967742,True,0.829487003882726,0.8047337532043457,0.85,reaction_role_concat,6144,random_forest,False,valid,spearman,0.7203419674219427,0,0.01,random,,
condition_recombine_pseudolabel__mult_0.5__sim_0.8__teacher_rf__seed_1,condition_recombine_pseudolabel,0.5,0.8,random_forest,1,31,5,1.1612903225806452,True,0.8340616846084595,0.8101266026496887,0.85,reaction_role_concat,6144,random_forest,False,valid,rmse,22.1165365795067,0,0.01,random,,
condition_recombine_pseudolabel__mult_0.5__sim_0.8__teacher_rf__seed_1,condition_recombine_pseudolabel,0.5,0.8,random_forest,1,31,5,1.1612903225806452,True,0.8340616846084595,0.8101266026496887,0.85,reaction_role_concat,6144,random_forest,False,valid,mae,17.070258755463588,0,0.01,random,,
condition_recombine_pseudolabel__mult_0.5__sim_0.8__teacher_rf__seed_1,condition_recombine_pseudolabel,0.5,0.8,random_forest,1,31,5,1.1612903225806452,True,0.8340616846084595,0.8101266026496887,0.85,reaction_role_concat,6144,random_forest,False,valid,r2,0.3878665243560697,0,0.01,random,,
condition_recombine_pseudolabel__mult_0.5__sim_0.8__teacher_rf__seed_1,condition_recombine_pseudolabel,0.5,0.8,random_forest,1,31,5,1.1612903225806452,True,0.8340616846084595,0.8101266026496887,0.85,reaction_role_concat,6144,random_forest,False,valid,spearman,0.723896434167876,0,0.01,random,,
condition_recombine_pseudolabel__mult_0.5__sim_0.8__teacher_rf__seed_2,condition_recombine_pseudolabel,0.5,0.8,random_forest,2,31,6,1.1935483870967742,True,0.8283551255861917,0.804347813129425,0.85,reaction_role_concat,6144,random_forest,False,valid,rmse,21.744126957113192,0,0.01,random,,
condition_recombine_pseudolabel__mult_0.5__sim_0.8__teacher_rf__seed_2,condition_recombine_pseudolabel,0.5,0.8,random_forest,2,31,6,1.1935483870967742,True,0.8283551255861917,0.804347813129425,0.85,reaction_role_concat,6144,random_forest,False,valid,mae,16.790935754688483,0,0.01,random,,
condition_recombine_pseudolabel__mult_0.5__sim_0.8__teacher_rf__seed_2,condition_recombine_pseudolabel,0.5,0.8,random_forest,2,31,6,1.1935483870967742,True,0.8283551255861917,0.804347813129425,0.85,reaction_role_concat,6144,random_forest,False,valid,r2,0.4083077995806611,0,0.01,random,,
condition_recombine_pseudolabel__mult_0.5__sim_0.8__teacher_rf__seed_2,condition_recombine_pseudolabel,0.5,0.8,random_forest,2,31,6,1.1935483870967742,True,0.8283551255861917,0.804347813129425,0.85,reaction_role_concat,6144,random_forest,False,valid,spearman,0.718851120731892,0,0.01,random,,
condition_recombine_pseudolabel__mult_0.5__sim_0.8__teacher_rf__seed_3,condition_recombine_pseudolabel,0.5,0.8,random_forest,3,31,10,1.3225806451612903,True,0.8407932412624358,0.804347813129425,0.85,reaction_role_concat,6144,random_forest,False,valid,rmse,21.471118557022457,0,0.01,random,,
condition_recombine_pseudolabel__mult_0.5__sim_0.8__teacher_rf__seed_3,condition_recombine_pseudolabel,0.5,0.8,random_forest,3,31,10,1.3225806451612903,True,0.8407932412624358,0.804347813129425,0.85,reaction_role_concat,6144,random_forest,False,valid,mae,16.577586206421067,0,0.01,random,,
condition_recombine_pseudolabel__mult_0.5__sim_0.8__teacher_rf__seed_3,condition_recombine_pseudolabel,0.5,0.8,random_forest,3,31,10,1.3225806451612903,True,0.8407932412624358,0.804347813129425,0.85,reaction_role_concat,6144,random_forest,False,valid,r2,0.42307250848028255,0,0.01,random,,
condition_recombine_pseudolabel__mult_0.5__sim_0.8__teacher_rf__seed_3,condition_recombine_pseudolabel,0.5,0.8,random_forest,3,31,10,1.3225806451612903,True,0.8407932412624358,0.804347813129425,0.85,reaction_role_concat,6144,random_forest,False,valid,spearman,0.733169383727215,0,0.01,random,,
condition_recombine_pseudolabel__mult_0.5__sim_0.8__teacher_rf__seed_4,condition_recombine_pseudolabel,0.5,0.8,random_forest,4,31,10,1.3225806451612903,True,0.8384647679328918,0.8098591566085815,0.85,reaction_role_concat,6144,random_forest,False,valid,rmse,21.537937776030716,0,0.01,random,,
condition_recombine_pseudolabel__mult_0.5__sim_0.8__teacher_rf__seed_4,condition_recombine_pseudolabel,0.5,0.8,random_forest,4,31,10,1.3225806451612903,True,0.8384647679328918,0.8098591566085815,0.85,reaction_role_concat,6144,random_forest,False,valid,mae,16.4982098523484,0,0.01,random,,
condition_recombine_pseudolabel__mult_0.5__sim_0.8__teacher_rf__seed_4,condition_recombine_pseudolabel,0.5,0.8,random_forest,4,31,10,1.3225806451612903,True,0.8384647679328918,0.8098591566085815,0.85,reaction_role_concat,6144,random_forest,False,valid,r2,0.41947606530021786,0,0.01,random,,
condition_recombine_pseudolabel__mult_0.5__sim_0.8__teacher_rf__seed_4,condition_recombine_pseudolabel,0.5,0.8,random_forest,4,31,10,1.3225806451612903,True,0.8384647679328918,0.8098591566085815,0.85,reaction_role_concat,6144,random_forest,False,valid,spearman,0.7204901756951145,0,0.01,random,,
condition_recombine_pseudolabel__mult_0.5__sim_0.85__teacher_ridge__seed_0,condition_recombine_pseudolabel,0.5,0.85,ridge,0,31,3,1.096774193548387,True,0.85,0.85,0.85,reaction_role_concat,6144,random_forest,False,valid,rmse,21.593853511851574,0,0.01,random,,
condition_recombine_pseudolabel__mult_0.5__sim_0.85__teacher_ridge__seed_0,condition_recombine_pseudolabel,0.5,0.85,ridge,0,31,3,1.096774193548387,True,0.85,0.85,0.85,reaction_role_concat,6144,random_forest,False,valid,mae,16.628218434735192,0,0.01,random,,
condition_recombine_pseudolabel__mult_0.5__sim_0.85__teacher_ridge__seed_0,condition_recombine_pseudolabel,0.5,0.85,ridge,0,31,3,1.096774193548387,True,0.85,0.85,0.85,reaction_role_concat,6144,random_forest,False,valid,r2,0.4164578971370485,0,0.01,random,,
condition_recombine_pseudolabel__mult_0.5__sim_0.85__teacher_ridge__seed_0,condition_recombine_pseudolabel,0.5,0.85,ridge,0,31,3,1.096774193548387,True,0.85,0.85,0.85,reaction_role_concat,6144,random_forest,False,valid,spearman,0.7273114565989725,0,0.01,random,,
condition_recombine_pseudolabel__mult_0.5__sim_0.85__teacher_ridge__seed_1,condition_recombine_pseudolabel,0.5,0.85,ridge,1,31,2,1.064516129032258,True,0.85,0.85,0.85,reaction_role_concat,6144,random_forest,False,valid,rmse,22.111451755316818,0,0.01,random,,
condition_recombine_pseudolabel__mult_0.5__sim_0.85__teacher_ridge__seed_1,condition_recombine_pseudolabel,0.5,0.85,ridge,1,31,2,1.064516129032258,True,0.85,0.85,0.85,reaction_role_concat,6144,random_forest,False,valid,mae,17.197457572426977,0,0.01,random,,
condition_recombine_pseudolabel__mult_0.5__sim_0.85__teacher_ridge__seed_1,condition_recombine_pseudolabel,0.5,0.85,ridge,1,31,2,1.064516129032258,True,0.85,0.85,0.85,reaction_role_concat,6144,random_forest,False,valid,r2,0.3881479638377444,0,0.01,random,,
condition_recombine_pseudolabel__mult_0.5__sim_0.85__teacher_ridge__seed_1,condition_recombine_pseudolabel,0.5,0.85,ridge,1,31,2,1.064516129032258,True,0.85,0.85,0.85,reaction_role_concat,6144,random_forest,False,valid,spearman,0.7100178297490116,0,0.01,random,,
condition_recombine_pseudolabel__mult_0.5__sim_0.85__teacher_ridge__seed_2,condition_recombine_pseudolabel,0.5,0.85,ridge,2,31,2,1.064516129032258,True,0.85,0.85,0.85,reaction_role_concat,6144,random_forest,False,valid,rmse,22.350622612114734,0,0.01,random,,
condition_recombine_pseudolabel__mult_0.5__sim_0.85__teacher_ridge__seed_2,condition_recombine_pseudolabel,0.5,0.85,ridge,2,31,2,1.064516129032258,True,0.85,0.85,0.85,reaction_role_concat,6144,random_forest,False,valid,mae,17.295125898635842,0,0.01,random,,
condition_recombine_pseudolabel__mult_0.5__sim_0.85__teacher_ridge__seed_2,condition_recombine_pseudolabel,0.5,0.85,ridge,2,31,2,1.064516129032258,True,0.85,0.85,0.85,reaction_role_concat,6144,random_forest,False,valid,r2,0.37484005324727276,0,0.01,random,,
condition_recombine_pseudolabel__mult_0.5__sim_0.85__teacher_ridge__seed_2,condition_recombine_pseudolabel,0.5,0.85,ridge,2,31,2,1.064516129032258,True,0.85,0.85,0.85,reaction_role_concat,6144,random_forest,False,valid,spearman,0.7083769246168073,0,0.01,random,,
condition_recombine_pseudolabel__mult_0.5__sim_0.85__teacher_ridge__seed_3,condition_recombine_pseudolabel,0.5,0.85,ridge,3,31,7,1.2258064516129032,True,0.8499999999999999,0.85,0.85,reaction_role_concat,6144,random_forest,False,valid,rmse,22.50506792437016,0,0.01,random,,
condition_recombine_pseudolabel__mult_0.5__sim_0.85__teacher_ridge__seed_3,condition_recombine_pseudolabel,0.5,0.85,ridge,3,31,7,1.2258064516129032,True,0.8499999999999999,0.85,0.85,reaction_role_concat,6144,random_forest,False,valid,mae,17.852516339214542,0,0.01,random,,
condition_recombine_pseudolabel__mult_0.5__sim_0.85__teacher_ridge__seed_3,condition_recombine_pseudolabel,0.5,0.85,ridge,3,31,7,1.2258064516129032,True,0.8499999999999999,0.85,0.85,reaction_role_concat,6144,random_forest,False,valid,r2,0.3661703512005905,0,0.01,random,,
condition_recombine_pseudolabel__mult_0.5__sim_0.85__teacher_ridge__seed_3,condition_recombine_pseudolabel,0.5,0.85,ridge,3,31,7,1.2258064516129032,True,0.8499999999999999,0.85,0.85,reaction_role_concat,6144,random_forest,False,valid,spearman,0.706262181470639,0,0.01,random,,
condition_recombine_pseudolabel__mult_0.5__sim_0.85__teacher_ridge__seed_4,condition_recombine_pseudolabel,0.5,0.85,ridge,4,31,7,1.2258064516129032,True,0.8499999999999999,0.85,0.85,reaction_role_concat,6144,random_forest,False,valid,rmse,21.521230285945382,0,0.01,random,,
condition_recombine_pseudolabel__mult_0.5__sim_0.85__teacher_ridge__seed_4,condition_recombine_pseudolabel,0.5,0.85,ridge,4,31,7,1.2258064516129032,True,0.8499999999999999,0.85,0.85,reaction_role_concat,6144,random_forest,False,valid,mae,16.59994569179378,0,0.01,random,,
condition_recombine_pseudolabel__mult_0.5__sim_0.85__teacher_ridge__seed_4,condition_recombine_pseudolabel,0.5,0.85,ridge,4,31,7,1.2258064516129032,True,0.8499999999999999,0.85,0.85,reaction_role_concat,6144,random_forest,False,valid,r2,0.42037636839086423,0,0.01,random,,
condition_recombine_pseudolabel__mult_0.5__sim_0.85__teacher_ridge__seed_4,condition_recombine_pseudolabel,0.5,0.85,ridge,4,31,7,1.2258064516129032,True,0.8499999999999999,0.85,0.85,reaction_role_concat,6144,random_forest,False,valid,spearman,0.7287842265842264,0,0.01,random,,
condition_recombine_pseudolabel__mult_0.5__sim_0.85__teacher_rf__seed_0,condition_recombine_pseudolabel,0.5,0.85,random_forest,0,31,3,1.096774193548387,True,0.85,0.85,0.85,reaction_role_concat,6144,random_forest,False,valid,rmse,21.946473038135505,0,0.01,random,,
condition_recombine_pseudolabel__mult_0.5__sim_0.85__teacher_rf__seed_0,condition_recombine_pseudolabel,0.5,0.85,random_forest,0,31,3,1.096774193548387,True,0.85,0.85,0.85,reaction_role_concat,6144,random_forest,False,valid,mae,16.880549889827076,0,0.01,random,,
condition_recombine_pseudolabel__mult_0.5__sim_0.85__teacher_rf__seed_0,condition_recombine_pseudolabel,0.5,0.85,random_forest,0,31,3,1.096774193548387,True,0.85,0.85,0.85,reaction_role_concat,6144,random_forest,False,valid,r2,0.39724424454284957,0,0.01,random,,
condition_recombine_pseudolabel__mult_0.5__sim_0.85__teacher_rf__seed_0,condition_recombine_pseudolabel,0.5,0.85,random_forest,0,31,3,1.096774193548387,True,0.85,0.85,0.85,reaction_role_concat,6144,random_forest,False,valid,spearman,0.7145648634650095,0,0.01,random,,
condition_recombine_pseudolabel__mult_0.5__sim_0.85__teacher_rf__seed_1,condition_recombine_pseudolabel,0.5,0.85,random_forest,1,31,2,1.064516129032258,True,0.85,0.85,0.85,reaction_role_concat,6144,random_forest,False,valid,rmse,21.95941994033431,0,0.01,random,,
condition_recombine_pseudolabel__mult_0.5__sim_0.85__teacher_rf__seed_1,condition_recombine_pseudolabel,0.5,0.85,random_forest,1,31,2,1.064516129032258,True,0.85,0.85,0.85,reaction_role_concat,6144,random_forest,False,valid,mae,16.927439170936996,0,0.01,random,,
condition_recombine_pseudolabel__mult_0.5__sim_0.85__teacher_rf__seed_1,condition_recombine_pseudolabel,0.5,0.85,random_forest,1,31,2,1.064516129032258,True,0.85,0.85,0.85,reaction_role_concat,6144,random_forest,False,valid,r2,0.3965328663036892,0,0.01,random,,
condition_recombine_pseudolabel__mult_0.5__sim_0.85__teacher_rf__seed_1,condition_recombine_pseudolabel,0.5,0.85,random_forest,1,31,2,1.064516129032258,True,0.85,0.85,0.85,reaction_role_concat,6144,random_forest,False,valid,spearman,0.7196038473755297,0,0.01,random,,
condition_recombine_pseudolabel__mult_0.5__sim_0.85__teacher_rf__seed_2,condition_recombine_pseudolabel,0.5,0.85,random_forest,2,31,2,1.064516129032258,True,0.85,0.85,0.85,reaction_role_concat,6144,random_forest,False,valid,rmse,21.911072617186452,0,0.01,random,,
condition_recombine_pseudolabel__mult_0.5__sim_0.85__teacher_rf__seed_2,condition_recombine_pseudolabel,0.5,0.85,random_forest,2,31,2,1.064516129032258,True,0.85,0.85,0.85,reaction_role_concat,6144,random_forest,False,valid,mae,16.856939411329318,0,0.01,random,,
condition_recombine_pseudolabel__mult_0.5__sim_0.85__teacher_rf__seed_2,condition_recombine_pseudolabel,0.5,0.85,random_forest,2,31,2,1.064516129032258,True,0.85,0.85,0.85,reaction_role_concat,6144,random_forest,False,valid,r2,0.3991872080545211,0,0.01,random,,
condition_recombine_pseudolabel__mult_0.5__sim_0.85__teacher_rf__seed_2,condition_recombine_pseudolabel,0.5,0.85,random_forest,2,31,2,1.064516129032258,True,0.85,0.85,0.85,reaction_role_concat,6144,random_forest,False,valid,spearman,0.7123511849669737,0,0.01,random,,
condition_recombine_pseudolabel__mult_0.5__sim_0.85__teacher_rf__seed_3,condition_recombine_pseudolabel,0.5,0.85,random_forest,3,31,7,1.2258064516129032,True,0.8499999999999999,0.85,0.85,reaction_role_concat,6144,random_forest,False,valid,rmse,21.603543407891443,0,0.01,random,,
condition_recombine_pseudolabel__mult_0.5__sim_0.85__teacher_rf__seed_3,condition_recombine_pseudolabel,0.5,0.85,random_forest,3,31,7,1.2258064516129032,True,0.8499999999999999,0.85,0.85,reaction_role_concat,6144,random_forest,False,valid,mae,16.52461177652395,0,0.01,random,,
condition_recombine_pseudolabel__mult_0.5__sim_0.85__teacher_rf__seed_3,condition_recombine_pseudolabel,0.5,0.85,random_forest,3,31,7,1.2258064516129032,True,0.8499999999999999,0.85,0.85,reaction_role_concat,6144,random_forest,False,valid,r2,0.41593406928175247,0,0.01,random,,
condition_recombine_pseudolabel__mult_0.5__sim_0.85__teacher_rf__seed_3,condition_recombine_pseudolabel,0.5,0.85,random_forest,3,31,7,1.2258064516129032,True,0.8499999999999999,0.85,0.85,reaction_role_concat,6144,random_forest,False,valid,spearman,0.736972844267169,0,0.01,random,,
condition_recombine_pseudolabel__mult_0.5__sim_0.85__teacher_rf__seed_4,condition_recombine_pseudolabel,0.5,0.85,random_forest,4,31,7,1.2258064516129032,True,0.8499999999999999,0.85,0.85,reaction_role_concat,6144,random_forest,False,valid,rmse,21.517614546402026,0,0.01,random,,
condition_recombine_pseudolabel__mult_0.5__sim_0.85__teacher_rf__seed_4,condition_recombine_pseudolabel,0.5,0.85,random_forest,4,31,7,1.2258064516129032,True,0.8499999999999999,0.85,0.85,reaction_role_concat,6144,random_forest,False,valid,mae,16.383729177640962,0,0.01,random,,
condition_recombine_pseudolabel__mult_0.5__sim_0.85__teacher_rf__seed_4,condition_recombine_pseudolabel,0.5,0.85,random_forest,4,31,7,1.2258064516129032,True,0.8499999999999999,0.85,0.85,reaction_role_concat,6144,random_forest,False,valid,r2,0.42057111488112453,0,0.01,random,,
condition_recombine_pseudolabel__mult_0.5__sim_0.85__teacher_rf__seed_4,condition_recombine_pseudolabel,0.5,0.85,random_forest,4,31,7,1.2258064516129032,True,0.8499999999999999,0.85,0.85,reaction_role_concat,6144,random_forest,False,valid,spearman,0.724042208008177,0,0.01,random,,
condition_recombine_pseudolabel__mult_0.5__sim_0.9__teacher_ridge__seed_0,condition_recombine_pseudolabel,0.5,0.9,ridge,0,31,2,1.064516129032258,True,0.85,0.85,0.85,reaction_role_concat,6144,random_forest,False,valid,rmse,21.6220000246,0,0.01,random,,
condition_recombine_pseudolabel__mult_0.5__sim_0.9__teacher_ridge__seed_0,condition_recombine_pseudolabel,0.5,0.9,ridge,0,31,2,1.064516129032258,True,0.85,0.85,0.85,reaction_role_concat,6144,random_forest,False,valid,mae,16.70919482839862,0,0.01,random,,
condition_recombine_pseudolabel__mult_0.5__sim_0.9__teacher_ridge__seed_0,condition_recombine_pseudolabel,0.5,0.9,ridge,0,31,2,1.064516129032258,True,0.85,0.85,0.85,reaction_role_concat,6144,random_forest,False,valid,r2,0.4149356695641335,0,0.01,random,,
condition_recombine_pseudolabel__mult_0.5__sim_0.9__teacher_ridge__seed_0,condition_recombine_pseudolabel,0.5,0.9,ridge,0,31,2,1.064516129032258,True,0.85,0.85,0.85,reaction_role_concat,6144,random_forest,False,valid,spearman,0.7198137928663038,0,0.01,random,,
condition_recombine_pseudolabel__mult_0.5__sim_0.9__teacher_ridge__seed_1,condition_recombine_pseudolabel,0.5,0.9,ridge,1,31,0,1.0,True,,,,reaction_role_concat,6144,random_forest,False,valid,rmse,21.686243649115106,0,0.01,random,,
condition_recombine_pseudolabel__mult_0.5__sim_0.9__teacher_ridge__seed_1,condition_recombine_pseudolabel,0.5,0.9,ridge,1,31,0,1.0,True,,,,reaction_role_concat,6144,random_forest,False,valid,mae,16.569035775652413,0,0.01,random,,
condition_recombine_pseudolabel__mult_0.5__sim_0.9__teacher_ridge__seed_1,condition_recombine_pseudolabel,0.5,0.9,ridge,1,31,0,1.0,True,,,,reaction_role_concat,6144,random_forest,False,valid,r2,0.411453799973473,0,0.01,random,,
condition_recombine_pseudolabel__mult_0.5__sim_0.9__teacher_ridge__seed_1,condition_recombine_pseudolabel,0.5,0.9,ridge,1,31,0,1.0,True,,,,reaction_role_concat,6144,random_forest,False,valid,spearman,0.732012930736291,0,0.01,random,,
condition_recombine_pseudolabel__mult_0.5__sim_0.9__teacher_ridge__seed_2,condition_recombine_pseudolabel,0.5,0.9,ridge,2,31,1,1.032258064516129,True,0.85,0.85,0.85,reaction_role_concat,6144,random_forest,False,valid,rmse,22.05378013564073,0,0.01,random,,
condition_recombine_pseudolabel__mult_0.5__sim_0.9__teacher_ridge__seed_2,condition_recombine_pseudolabel,0.5,0.9,ridge,2,31,1,1.032258064516129,True,0.85,0.85,0.85,reaction_role_concat,6144,random_forest,False,valid,mae,16.771371152144447,0,0.01,random,,
condition_recombine_pseudolabel__mult_0.5__sim_0.9__teacher_ridge__seed_2,condition_recombine_pseudolabel,0.5,0.9,ridge,2,31,1,1.032258064516129,True,0.85,0.85,0.85,reaction_role_concat,6144,random_forest,False,valid,r2,0.39133549587062466,0,0.01,random,,
condition_recombine_pseudolabel__mult_0.5__sim_0.9__teacher_ridge__seed_2,condition_recombine_pseudolabel,0.5,0.9,ridge,2,31,1,1.032258064516129,True,0.85,0.85,0.85,reaction_role_concat,6144,random_forest,False,valid,spearman,0.7276186820272619,0,0.01,random,,
condition_recombine_pseudolabel__mult_0.5__sim_0.9__teacher_ridge__seed_3,condition_recombine_pseudolabel,0.5,0.9,ridge,3,31,3,1.096774193548387,True,0.85,0.85,0.85,reaction_role_concat,6144,random_forest,False,valid,rmse,21.870473491159487,0,0.01,random,,
condition_recombine_pseudolabel__mult_0.5__sim_0.9__teacher_ridge__seed_3,condition_recombine_pseudolabel,0.5,0.9,ridge,3,31,3,1.096774193548387,True,0.85,0.85,0.85,reaction_role_concat,6144,random_forest,False,valid,mae,16.8080386561774,0,0.01,random,,
condition_recombine_pseudolabel__mult_0.5__sim_0.9__teacher_ridge__seed_3,condition_recombine_pseudolabel,0.5,0.9,ridge,3,31,3,1.096774193548387,True,0.85,0.85,0.85,reaction_role_concat,6144,random_forest,False,valid,r2,0.4014116428160114,0,0.01,random,,
condition_recombine_pseudolabel__mult_0.5__sim_0.9__teacher_ridge__seed_3,condition_recombine_pseudolabel,0.5,0.9,ridge,3,31,3,1.096774193548387,True,0.85,0.85,0.85,reaction_role_concat,6144,random_forest,False,valid,spearman,0.7308498560879587,0,0.01,random,,
condition_recombine_pseudolabel__mult_0.5__sim_0.9__teacher_ridge__seed_4,condition_recombine_pseudolabel,0.5,0.9,ridge,4,31,5,1.1612903225806452,True,0.85,0.85,0.85,reaction_role_concat,6144,random_forest,False,valid,rmse,21.981918096267997,0,0.01,random,,
condition_recombine_pseudolabel__mult_0.5__sim_0.9__teacher_ridge__seed_4,condition_recombine_pseudolabel,0.5,0.9,ridge,4,31,5,1.1612903225806452,True,0.85,0.85,0.85,reaction_role_concat,6144,random_forest,False,valid,mae,17.024843754698956,0,0.01,random,,
condition_recombine_pseudolabel__mult_0.5__sim_0.9__teacher_ridge__seed_4,condition_recombine_pseudolabel,0.5,0.9,ridge,4,31,5,1.1612903225806452,True,0.85,0.85,0.85,reaction_role_concat,6144,random_forest,False,valid,r2,0.3952956885728358,0,0.01,random,,
condition_recombine_pseudolabel__mult_0.5__sim_0.9__teacher_ridge__seed_4,condition_recombine_pseudolabel,0.5,0.9,ridge,4,31,5,1.1612903225806452,True,0.85,0.85,0.85,reaction_role_concat,6144,random_forest,False,valid,spearman,0.7129971860735574,0,0.01,random,,
condition_recombine_pseudolabel__mult_0.5__sim_0.9__teacher_rf__seed_0,condition_recombine_pseudolabel,0.5,0.9,random_forest,0,31,2,1.064516129032258,True,0.85,0.85,0.85,reaction_role_concat,6144,random_forest,False,valid,rmse,21.939762232007126,0,0.01,random,,
condition_recombine_pseudolabel__mult_0.5__sim_0.9__teacher_rf__seed_0,condition_recombine_pseudolabel,0.5,0.9,random_forest,0,31,2,1.064516129032258,True,0.85,0.85,0.85,reaction_role_concat,6144,random_forest,False,valid,mae,16.829766544870186,0,0.01,random,,
condition_recombine_pseudolabel__mult_0.5__sim_0.9__teacher_rf__seed_0,condition_recombine_pseudolabel,0.5,0.9,random_forest,0,31,2,1.064516129032258,True,0.85,0.85,0.85,reaction_role_concat,6144,random_forest,False,valid,r2,0.39761281024111184,0,0.01,random,,
condition_recombine_pseudolabel__mult_0.5__sim_0.9__teacher_rf__seed_0,condition_recombine_pseudolabel,0.5,0.9,random_forest,0,31,2,1.064516129032258,True,0.85,0.85,0.85,reaction_role_concat,6144,random_forest,False,valid,spearman,0.7224801785009851,0,0.01,random,,
condition_recombine_pseudolabel__mult_0.5__sim_0.9__teacher_rf__seed_1,condition_recombine_pseudolabel,0.5,0.9,random_forest,1,31,0,1.0,True,,,,reaction_role_concat,6144,random_forest,False,valid,rmse,21.686243649115106,0,0.01,random,,
condition_recombine_pseudolabel__mult_0.5__sim_0.9__teacher_rf__seed_1,condition_recombine_pseudolabel,0.5,0.9,random_forest,1,31,0,1.0,True,,,,reaction_role_concat,6144,random_forest,False,valid,mae,16.569035775652413,0,0.01,random,,
condition_recombine_pseudolabel__mult_0.5__sim_0.9__teacher_rf__seed_1,condition_recombine_pseudolabel,0.5,0.9,random_forest,1,31,0,1.0,True,,,,reaction_role_concat,6144,random_forest,False,valid,r2,0.411453799973473,0,0.01,random,,
condition_recombine_pseudolabel__mult_0.5__sim_0.9__teacher_rf__seed_1,condition_recombine_pseudolabel,0.5,0.9,random_forest,1,31,0,1.0,True,,,,reaction_role_concat,6144,random_forest,False,valid,spearman,0.732012930736291,0,0.01,random,,
condition_recombine_pseudolabel__mult_0.5__sim_0.9__teacher_rf__seed_2,condition_recombine_pseudolabel,0.5,0.9,random_forest,2,31,1,1.032258064516129,True,0.85,0.85,0.85,reaction_role_concat,6144,random_forest,False,valid,rmse,21.949866983965833,0,0.01,random,,
condition_recombine_pseudolabel__mult_0.5__sim_0.9__teacher_rf__seed_2,condition_recombine_pseudolabel,0.5,0.9,random_forest,2,31,1,1.032258064516129,True,0.85,0.85,0.85,reaction_role_concat,6144,random_forest,False,valid,mae,16.709053038093106,0,0.01,random,,
condition_recombine_pseudolabel__mult_0.5__sim_0.9__teacher_rf__seed_2,condition_recombine_pseudolabel,0.5,0.9,random_forest,2,31,1,1.032258064516129,True,0.85,0.85,0.85,reaction_role_concat,6144,random_forest,False,valid,r2,0.39705780195946394,0,0.01,random,,
condition_recombine_pseudolabel__mult_0.5__sim_0.9__teacher_rf__seed_2,condition_recombine_pseudolabel,0.5,0.9,random_forest,2,31,1,1.032258064516129,True,0.85,0.85,0.85,reaction_role_concat,6144,random_forest,False,valid,spearman,0.724977711871751,0,0.01,random,,
condition_recombine_pseudolabel__mult_0.5__sim_0.9__teacher_rf__seed_3,condition_recombine_pseudolabel,0.5,0.9,random_forest,3,31,3,1.096774193548387,True,0.85,0.85,0.85,reaction_role_concat,6144,random_forest,False,valid,rmse,21.58205734571403,0,0.01,random,,
condition_recombine_pseudolabel__mult_0.5__sim_0.9__teacher_rf__seed_3,condition_recombine_pseudolabel,0.5,0.9,random_forest,3,31,3,1.096774193548387,True,0.85,0.85,0.85,reaction_role_concat,6144,random_forest,False,valid,mae,16.761810535965086,0,0.01,random,,
condition_recombine_pseudolabel__mult_0.5__sim_0.9__teacher_rf__seed_3,condition_recombine_pseudolabel,0.5,0.9,random_forest,3,31,3,1.096774193548387,True,0.85,0.85,0.85,reaction_role_concat,6144,random_forest,False,valid,r2,0.4170952710484874,0,0.01,random,,
condition_recombine_pseudolabel__mult_0.5__sim_0.9__teacher_rf__seed_3,condition_recombine_pseudolabel,0.5,0.9,random_forest,3,31,3,1.096774193548387,True,0.85,0.85,0.85,reaction_role_concat,6144,random_forest,False,valid,spearman,0.7279143195550863,0,0.01,random,,
condition_recombine_pseudolabel__mult_0.5__sim_0.9__teacher_rf__seed_4,condition_recombine_pseudolabel,0.5,0.9,random_forest,4,31,5,1.1612903225806452,True,0.85,0.85,0.85,reaction_role_concat,6144,random_forest,False,valid,rmse,21.774627728389873,0,0.01,random,,
condition_recombine_pseudolabel__mult_0.5__sim_0.9__teacher_rf__seed_4,condition_recombine_pseudolabel,0.5,0.9,random_forest,4,31,5,1.1612903225806452,True,0.85,0.85,0.85,reaction_role_concat,6144,random_forest,False,valid,mae,16.60972864736183,0,0.01,random,,
condition_recombine_pseudolabel__mult_0.5__sim_0.9__teacher_rf__seed_4,condition_recombine_pseudolabel,0.5,0.9,random_forest,4,31,5,1.1612903225806452,True,0.85,0.85,0.85,reaction_role_concat,6144,random_forest,False,valid,r2,0.40664668658805403,0,0.01,random,,
condition_recombine_pseudolabel__mult_0.5__sim_0.9__teacher_rf__seed_4,condition_recombine_pseudolabel,0.5,0.9,random_forest,4,31,5,1.1612903225806452,True,0.85,0.85,0.85,reaction_role_concat,6144,random_forest,False,valid,spearman,0.7137894479070163,0,0.01,random,,
condition_recombine_pseudolabel__mult_0.5__sim_0.95__teacher_ridge__seed_0,condition_recombine_pseudolabel,0.5,0.95,ridge,0,31,0,1.0,True,,,,reaction_role_concat,6144,random_forest,False,valid,rmse,21.686243649115106,0,0.01,random,,
condition_recombine_pseudolabel__mult_0.5__sim_0.95__teacher_ridge__seed_0,condition_recombine_pseudolabel,0.5,0.95,ridge,0,31,0,1.0,True,,,,reaction_role_concat,6144,random_forest,False,valid,mae,16.569035775652413,0,0.01,random,,
condition_recombine_pseudolabel__mult_0.5__sim_0.95__teacher_ridge__seed_0,condition_recombine_pseudolabel,0.5,0.95,ridge,0,31,0,1.0,True,,,,reaction_role_concat,6144,random_forest,False,valid,r2,0.411453799973473,0,0.01,random,,
condition_recombine_pseudolabel__mult_0.5__sim_0.95__teacher_ridge__seed_0,condition_recombine_pseudolabel,0.5,0.95,ridge,0,31,0,1.0,True,,,,reaction_role_concat,6144,random_forest,False,valid,spearman,0.732012930736291,0,0.01,random,,
condition_recombine_pseudolabel__mult_0.5__sim_0.95__teacher_ridge__seed_1,condition_recombine_pseudolabel,0.5,0.95,ridge,1,31,0,1.0,True,,,,reaction_role_concat,6144,random_forest,False,valid,rmse,21.686243649115106,0,0.01,random,,
condition_recombine_pseudolabel__mult_0.5__sim_0.95__teacher_ridge__seed_1,condition_recombine_pseudolabel,0.5,0.95,ridge,1,31,0,1.0,True,,,,reaction_role_concat,6144,random_forest,False,valid,mae,16.569035775652413,0,0.01,random,,
condition_recombine_pseudolabel__mult_0.5__sim_0.95__teacher_ridge__seed_1,condition_recombine_pseudolabel,0.5,0.95,ridge,1,31,0,1.0,True,,,,reaction_role_concat,6144,random_forest,False,valid,r2,0.411453799973473,0,0.01,random,,
condition_recombine_pseudolabel__mult_0.5__sim_0.95__teacher_ridge__seed_1,condition_recombine_pseudolabel,0.5,0.95,ridge,1,31,0,1.0,True,,,,reaction_role_concat,6144,random_forest,False,valid,spearman,0.732012930736291,0,0.01,random,,
condition_recombine_pseudolabel__mult_0.5__sim_0.95__teacher_ridge__seed_2,condition_recombine_pseudolabel,0.5,0.95,ridge,2,31,0,1.0,True,,,,reaction_role_concat,6144,random_forest,False,valid,rmse,21.686243649115106,0,0.01,random,,
condition_recombine_pseudolabel__mult_0.5__sim_0.95__teacher_ridge__seed_2,condition_recombine_pseudolabel,0.5,0.95,ridge,2,31,0,1.0,True,,,,reaction_role_concat,6144,random_forest,False,valid,mae,16.569035775652413,0,0.01,random,,
condition_recombine_pseudolabel__mult_0.5__sim_0.95__teacher_ridge__seed_2,condition_recombine_pseudolabel,0.5,0.95,ridge,2,31,0,1.0,True,,,,reaction_role_concat,6144,random_forest,False,valid,r2,0.411453799973473,0,0.01,random,,
condition_recombine_pseudolabel__mult_0.5__sim_0.95__teacher_ridge__seed_2,condition_recombine_pseudolabel,0.5,0.95,ridge,2,31,0,1.0,True,,,,reaction_role_concat,6144,random_forest,False,valid,spearman,0.732012930736291,0,0.01,random,,
condition_recombine_pseudolabel__mult_0.5__sim_0.95__teacher_ridge__seed_3,condition_recombine_pseudolabel,0.5,0.95,ridge,3,31,0,1.0,True,,,,reaction_role_concat,6144,random_forest,False,valid,rmse,21.686243649115106,0,0.01,random,,
condition_recombine_pseudolabel__mult_0.5__sim_0.95__teacher_ridge__seed_3,condition_recombine_pseudolabel,0.5,0.95,ridge,3,31,0,1.0,True,,,,reaction_role_concat,6144,random_forest,False,valid,mae,16.569035775652413,0,0.01,random,,
condition_recombine_pseudolabel__mult_0.5__sim_0.95__teacher_ridge__seed_3,condition_recombine_pseudolabel,0.5,0.95,ridge,3,31,0,1.0,True,,,,reaction_role_concat,6144,random_forest,False,valid,r2,0.411453799973473,0,0.01,random,,
condition_recombine_pseudolabel__mult_0.5__sim_0.95__teacher_ridge__seed_3,condition_recombine_pseudolabel,0.5,0.95,ridge,3,31,0,1.0,True,,,,reaction_role_concat,6144,random_forest,False,valid,spearman,0.732012930736291,0,0.01,random,,
condition_recombine_pseudolabel__mult_0.5__sim_0.95__teacher_ridge__seed_4,condition_recombine_pseudolabel,0.5,0.95,ridge,4,31,0,1.0,True,,,,reaction_role_concat,6144,random_forest,False,valid,rmse,21.686243649115106,0,0.01,random,,
condition_recombine_pseudolabel__mult_0.5__sim_0.95__teacher_ridge__seed_4,condition_recombine_pseudolabel,0.5,0.95,ridge,4,31,0,1.0,True,,,,reaction_role_concat,6144,random_forest,False,valid,mae,16.569035775652413,0,0.01,random,,
condition_recombine_pseudolabel__mult_0.5__sim_0.95__teacher_ridge__seed_4,condition_recombine_pseudolabel,0.5,0.95,ridge,4,31,0,1.0,True,,,,reaction_role_concat,6144,random_forest,False,valid,r2,0.411453799973473,0,0.01,random,,
condition_recombine_pseudolabel__mult_0.5__sim_0.95__teacher_ridge__seed_4,condition_recombine_pseudolabel,0.5,0.95,ridge,4,31,0,1.0,True,,,,reaction_role_concat,6144,random_forest,False,valid,spearman,0.732012930736291,0,0.01,random,,
condition_recombine_pseudolabel__mult_0.5__sim_0.95__teacher_rf__seed_0,condition_recombine_pseudolabel,0.5,0.95,random_forest,0,31,0,1.0,True,,,,reaction_role_concat,6144,random_forest,False,valid,rmse,21.686243649115106,0,0.01,random,,
condition_recombine_pseudolabel__mult_0.5__sim_0.95__teacher_rf__seed_0,condition_recombine_pseudolabel,0.5,0.95,random_forest,0,31,0,1.0,True,,,,reaction_role_concat,6144,random_forest,False,valid,mae,16.569035775652413,0,0.01,random,,
condition_recombine_pseudolabel__mult_0.5__sim_0.95__teacher_rf__seed_0,condition_recombine_pseudolabel,0.5,0.95,random_forest,0,31,0,1.0,True,,,,reaction_role_concat,6144,random_forest,False,valid,r2,0.411453799973473,0,0.01,random,,
condition_recombine_pseudolabel__mult_0.5__sim_0.95__teacher_rf__seed_0,condition_recombine_pseudolabel,0.5,0.95,random_forest,0,31,0,1.0,True,,,,reaction_role_concat,6144,random_forest,False,valid,spearman,0.732012930736291,0,0.01,random,,
condition_recombine_pseudolabel__mult_0.5__sim_0.95__teacher_rf__seed_1,condition_recombine_pseudolabel,0.5,0.95,random_forest,1,31,0,1.0,True,,,,reaction_role_concat,6144,random_forest,False,valid,rmse,21.686243649115106,0,0.01,random,,
condition_recombine_pseudolabel__mult_0.5__sim_0.95__teacher_rf__seed_1,condition_recombine_pseudolabel,0.5,0.95,random_forest,1,31,0,1.0,True,,,,reaction_role_concat,6144,random_forest,False,valid,mae,16.569035775652413,0,0.01,random,,
condition_recombine_pseudolabel__mult_0.5__sim_0.95__teacher_rf__seed_1,condition_recombine_pseudolabel,0.5,0.95,random_forest,1,31,0,1.0,True,,,,reaction_role_concat,6144,random_forest,False,valid,r2,0.411453799973473,0,0.01,random,,
condition_recombine_pseudolabel__mult_0.5__sim_0.95__teacher_rf__seed_1,condition_recombine_pseudolabel,0.5,0.95,random_forest,1,31,0,1.0,True,,,,reaction_role_concat,6144,random_forest,False,valid,spearman,0.732012930736291,0,0.01,random,,
condition_recombine_pseudolabel__mult_0.5__sim_0.95__teacher_rf__seed_2,condition_recombine_pseudolabel,0.5,0.95,random_forest,2,31,0,1.0,True,,,,reaction_role_concat,6144,random_forest,False,valid,rmse,21.686243649115106,0,0.01,random,,
condition_recombine_pseudolabel__mult_0.5__sim_0.95__teacher_rf__seed_2,condition_recombine_pseudolabel,0.5,0.95,random_forest,2,31,0,1.0,True,,,,reaction_role_concat,6144,random_forest,False,valid,mae,16.569035775652413,0,0.01,random,,
condition_recombine_pseudolabel__mult_0.5__sim_0.95__teacher_rf__seed_2,condition_recombine_pseudolabel,0.5,0.95,random_forest,2,31,0,1.0,True,,,,reaction_role_concat,6144,random_forest,False,valid,r2,0.411453799973473,0,0.01,random,,
condition_recombine_pseudolabel__mult_0.5__sim_0.95__teacher_rf__seed_2,condition_recombine_pseudolabel,0.5,0.95,random_forest,2,31,0,1.0,True,,,,reaction_role_concat,6144,random_forest,False,valid,spearman,0.732012930736291,0,0.01,random,,
condition_recombine_pseudolabel__mult_0.5__sim_0.95__teacher_rf__seed_3,condition_recombine_pseudolabel,0.5,0.95,random_forest,3,31,0,1.0,True,,,,reaction_role_concat,6144,random_forest,False,valid,rmse,21.686243649115106,0,0.01,random,,
condition_recombine_pseudolabel__mult_0.5__sim_0.95__teacher_rf__seed_3,condition_recombine_pseudolabel,0.5,0.95,random_forest,3,31,0,1.0,True,,,,reaction_role_concat,6144,random_forest,False,valid,mae,16.569035775652413,0,0.01,random,,
condition_recombine_pseudolabel__mult_0.5__sim_0.95__teacher_rf__seed_3,condition_recombine_pseudolabel,0.5,0.95,random_forest,3,31,0,1.0,True,,,,reaction_role_concat,6144,random_forest,False,valid,r2,0.411453799973473,0,0.01,random,,
condition_recombine_pseudolabel__mult_0.5__sim_0.95__teacher_rf__seed_3,condition_recombine_pseudolabel,0.5,0.95,random_forest,3,31,0,1.0,True,,,,reaction_role_concat,6144,random_forest,False,valid,spearman,0.732012930736291,0,0.01,random,,
condition_recombine_pseudolabel__mult_0.5__sim_0.95__teacher_rf__seed_4,condition_recombine_pseudolabel,0.5,0.95,random_forest,4,31,0,1.0,True,,,,reaction_role_concat,6144,random_forest,False,valid,rmse,21.686243649115106,0,0.01,random,,
condition_recombine_pseudolabel__mult_0.5__sim_0.95__teacher_rf__seed_4,condition_recombine_pseudolabel,0.5,0.95,random_forest,4,31,0,1.0,True,,,,reaction_role_concat,6144,random_forest,False,valid,mae,16.569035775652413,0,0.01,random,,
condition_recombine_pseudolabel__mult_0.5__sim_0.95__teacher_rf__seed_4,condition_recombine_pseudolabel,0.5,0.95,random_forest,4,31,0,1.0,True,,,,reaction_role_concat,6144,random_forest,False,valid,r2,0.411453799973473,0,0.01,random,,
condition_recombine_pseudolabel__mult_0.5__sim_0.95__teacher_rf__seed_4,condition_recombine_pseudolabel,0.5,0.95,random_forest,4,31,0,1.0,True,,,,reaction_role_concat,6144,random_forest,False,valid,spearman,0.732012930736291,0,0.01,random,,
condition_recombine_pseudolabel__mult_1__sim_0.7__teacher_ridge__seed_0,condition_recombine_pseudolabel,1.0,0.7,ridge,0,31,31,2.0,True,0.8036164579852936,0.7482993006706238,0.85,reaction_role_concat,6144,random_forest,False,valid,rmse,21.835622899203397,0,0.01,random,,
condition_recombine_pseudolabel__mult_1__sim_0.7__teacher_ridge__seed_0,condition_recombine_pseudolabel,1.0,0.7,ridge,0,31,31,2.0,True,0.8036164579852936,0.7482993006706238,0.85,reaction_role_concat,6144,random_forest,False,valid,mae,16.432443136163904,0,0.01,random,,
condition_recombine_pseudolabel__mult_1__sim_0.7__teacher_ridge__seed_0,condition_recombine_pseudolabel,1.0,0.7,ridge,0,31,31,2.0,True,0.8036164579852936,0.7482993006706238,0.85,reaction_role_concat,6144,random_forest,False,valid,r2,0.4033178235367727,0,0.01,random,,
condition_recombine_pseudolabel__mult_1__sim_0.7__teacher_ridge__seed_0,condition_recombine_pseudolabel,1.0,0.7,ridge,0,31,31,2.0,True,0.8036164579852936,0.7482993006706238,0.85,reaction_role_concat,6144,random_forest,False,valid,spearman,0.7159599744174273,0,0.01,random,,
condition_recombine_pseudolabel__mult_1__sim_0.7__teacher_ridge__seed_1,condition_recombine_pseudolabel,1.0,0.7,ridge,1,31,31,2.0,True,0.7966823185643842,0.7371794581413269,0.85,reaction_role_concat,6144,random_forest,False,valid,rmse,22.729815578842636,0,0.01,random,,
condition_recombine_pseudolabel__mult_1__sim_0.7__teacher_ridge__seed_1,condition_recombine_pseudolabel,1.0,0.7,ridge,1,31,31,2.0,True,0.7966823185643842,0.7371794581413269,0.85,reaction_role_concat,6144,random_forest,False,valid,mae,16.966952014352703,0,0.01,random,,
condition_recombine_pseudolabel__mult_1__sim_0.7__teacher_ridge__seed_1,condition_recombine_pseudolabel,1.0,0.7,ridge,1,31,31,2.0,True,0.7966823185643842,0.7371794581413269,0.85,reaction_role_concat,6144,random_forest,False,valid,r2,0.3534476145280292,0,0.01,random,,
condition_recombine_pseudolabel__mult_1__sim_0.7__teacher_ridge__seed_1,condition_recombine_pseudolabel,1.0,0.7,ridge,1,31,31,2.0,True,0.7966823185643842,0.7371794581413269,0.85,reaction_role_concat,6144,random_forest,False,valid,spearman,0.6758886389380514,0,0.01,random,,
condition_recombine_pseudolabel__mult_1__sim_0.7__teacher_ridge__seed_2,condition_recombine_pseudolabel,1.0,0.7,ridge,2,31,31,2.0,True,0.7921284640988996,0.7302631735801697,0.85,reaction_role_concat,6144,random_forest,False,valid,rmse,21.77947617642929,0,0.01,random,,
condition_recombine_pseudolabel__mult_1__sim_0.7__teacher_ridge__seed_2,condition_recombine_pseudolabel,1.0,0.7,ridge,2,31,31,2.0,True,0.7921284640988996,0.7302631735801697,0.85,reaction_role_concat,6144,random_forest,False,valid,mae,17.064049695621563,0,0.01,random,,
condition_recombine_pseudolabel__mult_1__sim_0.7__teacher_ridge__seed_2,condition_recombine_pseudolabel,1.0,0.7,ridge,2,31,31,2.0,True,0.7921284640988996,0.7302631735801697,0.85,reaction_role_concat,6144,random_forest,False,valid,r2,0.4063824191083881,0,0.01,random,,
condition_recombine_pseudolabel__mult_1__sim_0.7__teacher_ridge__seed_2,condition_recombine_pseudolabel,1.0,0.7,ridge,2,31,31,2.0,True,0.7921284640988996,0.7302631735801697,0.85,reaction_role_concat,6144,random_forest,False,valid,spearman,0.7122963615387242,0,0.01,random,,
condition_recombine_pseudolabel__mult_1__sim_0.7__teacher_ridge__seed_3,condition_recombine_pseudolabel,1.0,0.7,ridge,3,31,31,2.0,True,0.8125310924745375,0.7260273694992065,0.85,reaction_role_concat,6144,random_forest,False,valid,rmse,22.51946770326331,0,0.01,random,,
condition_recombine_pseudolabel__mult_1__sim_0.7__teacher_ridge__seed_3,condition_recombine_pseudolabel,1.0,0.7,ridge,3,31,31,2.0,True,0.8125310924745375,0.7260273694992065,0.85,reaction_role_concat,6144,random_forest,False,valid,mae,17.82704922785638,0,0.01,random,,
condition_recombine_pseudolabel__mult_1__sim_0.7__teacher_ridge__seed_3,condition_recombine_pseudolabel,1.0,0.7,ridge,3,31,31,2.0,True,0.8125310924745375,0.7260273694992065,0.85,reaction_role_concat,6144,random_forest,False,valid,r2,0.36535898491021046,0,0.01,random,,
condition_recombine_pseudolabel__mult_1__sim_0.7__teacher_ridge__seed_3,condition_recombine_pseudolabel,1.0,0.7,ridge,3,31,31,2.0,True,0.8125310924745375,0.7260273694992065,0.85,reaction_role_concat,6144,random_forest,False,valid,spearman,0.6886419511067378,0,0.01,random,,
condition_recombine_pseudolabel__mult_1__sim_0.7__teacher_ridge__seed_4,condition_recombine_pseudolabel,1.0,0.7,ridge,4,31,31,2.0,True,0.8051974188896918,0.7241379022598267,0.85,reaction_role_concat,6144,random_forest,False,valid,rmse,21.739007683230735,0,0.01,random,,
condition_recombine_pseudolabel__mult_1__sim_0.7__teacher_ridge__seed_4,condition_recombine_pseudolabel,1.0,0.7,ridge,4,31,31,2.0,True,0.8051974188896918,0.7241379022598267,0.85,reaction_role_concat,6144,random_forest,False,valid,mae,16.383238802635216,0,0.01,random,,
condition_recombine_pseudolabel__mult_1__sim_0.7__teacher_ridge__seed_4,condition_recombine_pseudolabel,1.0,0.7,ridge,4,31,31,2.0,True,0.8051974188896918,0.7241379022598267,0.85,reaction_role_concat,6144,random_forest,False,valid,r2,0.40858637391638686,0,0.01,random,,
condition_recombine_pseudolabel__mult_1__sim_0.7__teacher_ridge__seed_4,condition_recombine_pseudolabel,1.0,0.7,ridge,4,31,31,2.0,True,0.8051974188896918,0.7241379022598267,0.85,reaction_role_concat,6144,random_forest,False,valid,spearman,0.71442113454832,0,0.01,random,,
condition_recombine_pseudolabel__mult_1__sim_0.7__teacher_rf__seed_0,condition_recombine_pseudolabel,1.0,0.7,random_forest,0,31,31,2.0,True,0.8036164579852936,0.7482993006706238,0.85,reaction_role_concat,6144,random_forest,False,valid,rmse,21.88816070328282,0,0.01,random,,
condition_recombine_pseudolabel__mult_1__sim_0.7__teacher_rf__seed_0,condition_recombine_pseudolabel,1.0,0.7,random_forest,0,31,31,2.0,True,0.8036164579852936,0.7482993006706238,0.85,reaction_role_concat,6144,random_forest,False,valid,mae,16.443627274365365,0,0.01,random,,
condition_recombine_pseudolabel__mult_1__sim_0.7__teacher_rf__seed_0,condition_recombine_pseudolabel,1.0,0.7,random_forest,0,31,31,2.0,True,0.8036164579852936,0.7482993006706238,0.85,reaction_role_concat,6144,random_forest,False,valid,r2,0.40044306384247774,0,0.01,random,,
condition_recombine_pseudolabel__mult_1__sim_0.7__teacher_rf__seed_0,condition_recombine_pseudolabel,1.0,0.7,random_forest,0,31,31,2.0,True,0.8036164579852936,0.7482993006706238,0.85,reaction_role_concat,6144,random_forest,False,valid,spearman,0.7128607604554803,0,0.01,random,,
condition_recombine_pseudolabel__mult_1__sim_0.7__teacher_rf__seed_1,condition_recombine_pseudolabel,1.0,0.7,random_forest,1,31,31,2.0,True,0.7966823185643842,0.7371794581413269,0.85,reaction_role_concat,6144,random_forest,False,valid,rmse,21.671495192908633,0,0.01,random,,
condition_recombine_pseudolabel__mult_1__sim_0.7__teacher_rf__seed_1,condition_recombine_pseudolabel,1.0,0.7,random_forest,1,31,31,2.0,True,0.7966823185643842,0.7371794581413269,0.85,reaction_role_concat,6144,random_forest,False,valid,mae,16.409758611356157,0,0.01,random,,
condition_recombine_pseudolabel__mult_1__sim_0.7__teacher_rf__seed_1,condition_recombine_pseudolabel,1.0,0.7,random_forest,1,31,31,2.0,True,0.7966823185643842,0.7371794581413269,0.85,reaction_role_concat,6144,random_forest,False,valid,r2,0.4122540488671367,0,0.01,random,,
condition_recombine_pseudolabel__mult_1__sim_0.7__teacher_rf__seed_1,condition_recombine_pseudolabel,1.0,0.7,random_forest,1,31,31,2.0,True,0.7966823185643842,0.7371794581413269,0.85,reaction_role_concat,6144,random_forest,False,valid,spearman,0.7136345205991215,0,0.01,random,,
condition_recombine_pseudolabel__mult_1__sim_0.7__teacher_rf__seed_2,condition_recombine_pseudolabel,1.0,0.7,random_forest,2,31,31,2.0,True,0.7921284640988996,0.7302631735801697,0.85,reaction_role_concat,6144,random_forest,False,valid,rmse,21.246297501242438,0,0.01,random,,
condition_recombine_pseudolabel__mult_1__sim_0.7__teacher_rf__seed_2,condition_recombine_pseudolabel,1.0,0.7,random_forest,2,31,31,2.0,True,0.7921284640988996,0.7302631735801697,0.85,reaction_role_concat,6144,random_forest,False,valid,mae,16.423188191139243,0,0.01,random,,
condition_recombine_pseudolabel__mult_1__sim_0.7__teacher_rf__seed_2,condition_recombine_pseudolabel,1.0,0.7,random_forest,2,31,31,2.0,True,0.7921284640988996,0.7302631735801697,0.85,reaction_role_concat,6144,random_forest,False,valid,r2,0.43509110766778525,0,0.01,random,,
condition_recombine_pseudolabel__mult_1__sim_0.7__teacher_rf__seed_2,condition_recombine_pseudolabel,1.0,0.7,random_forest,2,31,31,2.0,True,0.7921284640988996,0.7302631735801697,0.85,reaction_role_concat,6144,random_forest,False,valid,spearman,0.7344679102204762,0,0.01,random,,
condition_recombine_pseudolabel__mult_1__sim_0.7__teacher_rf__seed_3,condition_recombine_pseudolabel,1.0,0.7,random_forest,3,31,31,2.0,True,0.8125310924745375,0.7260273694992065,0.85,reaction_role_concat,6144,random_forest,False,valid,rmse,21.925371521357413,0,0.01,random,,
condition_recombine_pseudolabel__mult_1__sim_0.7__teacher_rf__seed_3,condition_recombine_pseudolabel,1.0,0.7,random_forest,3,31,31,2.0,True,0.8125310924745375,0.7260273694992065,0.85,reaction_role_concat,6144,random_forest,False,valid,mae,16.949055675901942,0,0.01,random,,
condition_recombine_pseudolabel__mult_1__sim_0.7__teacher_rf__seed_3,condition_recombine_pseudolabel,1.0,0.7,random_forest,3,31,31,2.0,True,0.8125310924745375,0.7260273694992065,0.85,reaction_role_concat,6144,random_forest,False,valid,r2,0.39840278568805276,0,0.01,random,,
condition_recombine_pseudolabel__mult_1__sim_0.7__teacher_rf__seed_3,condition_recombine_pseudolabel,1.0,0.7,random_forest,3,31,31,2.0,True,0.8125310924745375,0.7260273694992065,0.85,reaction_role_concat,6144,random_forest,False,valid,spearman,0.7142062228144896,0,0.01,random,,
condition_recombine_pseudolabel__mult_1__sim_0.7__teacher_rf__seed_4,condition_recombine_pseudolabel,1.0,0.7,random_forest,4,31,31,2.0,True,0.8051974188896918,0.7241379022598267,0.85,reaction_role_concat,6144,random_forest,False,valid,rmse,21.806929961445068,0,0.01,random,,
condition_recombine_pseudolabel__mult_1__sim_0.7__teacher_rf__seed_4,condition_recombine_pseudolabel,1.0,0.7,random_forest,4,31,31,2.0,True,0.8051974188896918,0.7241379022598267,0.85,reaction_role_concat,6144,random_forest,False,valid,mae,16.607396361112592,0,0.01,random,,
condition_recombine_pseudolabel__mult_1__sim_0.7__teacher_rf__seed_4,condition_recombine_pseudolabel,1.0,0.7,random_forest,4,31,31,2.0,True,0.8051974188896918,0.7241379022598267,0.85,reaction_role_concat,6144,random_forest,False,valid,r2,0.4048849247872869,0,0.01,random,,
condition_recombine_pseudolabel__mult_1__sim_0.7__teacher_rf__seed_4,condition_recombine_pseudolabel,1.0,0.7,random_forest,4,31,31,2.0,True,0.8051974188896918,0.7241379022598267,0.85,reaction_role_concat,6144,random_forest,False,valid,spearman,0.7204069531589071,0,0.01,random,,
condition_recombine_pseudolabel__mult_1__sim_0.8__teacher_ridge__seed_0,condition_recombine_pseudolabel,1.0,0.8,ridge,0,31,17,1.5483870967741935,True,0.8350799812990077,0.8047337532043457,0.85,reaction_role_concat,6144,random_forest,False,valid,rmse,21.218512036066503,0,0.01,random,,
condition_recombine_pseudolabel__mult_1__sim_0.8__teacher_ridge__seed_0,condition_recombine_pseudolabel,1.0,0.8,ridge,0,31,17,1.5483870967741935,True,0.8350799812990077,0.8047337532043457,0.85,reaction_role_concat,6144,random_forest,False,valid,mae,16.031299736689917,0,0.01,random,,
condition_recombine_pseudolabel__mult_1__sim_0.8__teacher_ridge__seed_0,condition_recombine_pseudolabel,1.0,0.8,ridge,0,31,17,1.5483870967741935,True,0.8350799812990077,0.8047337532043457,0.85,reaction_role_concat,6144,random_forest,False,valid,r2,0.4365676936692805,0,0.01,random,,
condition_recombine_pseudolabel__mult_1__sim_0.8__teacher_ridge__seed_0,condition_recombine_pseudolabel,1.0,0.8,ridge,0,31,17,1.5483870967741935,True,0.8350799812990077,0.8047337532043457,0.85,reaction_role_concat,6144,random_forest,False,valid,spearman,0.7399307775824523,0,0.01,random,,
condition_recombine_pseudolabel__mult_1__sim_0.8__teacher_ridge__seed_1,condition_recombine_pseudolabel,1.0,0.8,ridge,1,31,12,1.3870967741935485,True,0.837618800997734,0.8101266026496887,0.85,reaction_role_concat,6144,random_forest,False,valid,rmse,21.578171506646896,0,0.01,random,,
condition_recombine_pseudolabel__mult_1__sim_0.8__teacher_ridge__seed_1,condition_recombine_pseudolabel,1.0,0.8,ridge,1,31,12,1.3870967741935485,True,0.837618800997734,0.8101266026496887,0.85,reaction_role_concat,6144,random_forest,False,valid,mae,16.55977923032,0,0.01,random,,
condition_recombine_pseudolabel__mult_1__sim_0.8__teacher_ridge__seed_1,condition_recombine_pseudolabel,1.0,0.8,ridge,1,31,12,1.3870967741935485,True,0.837618800997734,0.8101266026496887,0.85,reaction_role_concat,6144,random_forest,False,valid,r2,0.4173051555853651,0,0.01,random,,
condition_recombine_pseudolabel__mult_1__sim_0.8__teacher_ridge__seed_1,condition_recombine_pseudolabel,1.0,0.8,ridge,1,31,12,1.3870967741935485,True,0.837618800997734,0.8101266026496887,0.85,reaction_role_concat,6144,random_forest,False,valid,spearman,0.6972339411034686,0,0.01,random,,
condition_recombine_pseudolabel__mult_1__sim_0.8__teacher_ridge__seed_2,condition_recombine_pseudolabel,1.0,0.8,ridge,2,31,13,1.4193548387096775,True,0.8371765732765197,0.804347813129425,0.85,reaction_role_concat,6144,random_forest,False,valid,rmse,21.822153527433866,0,0.01,random,,
condition_recombine_pseudolabel__mult_1__sim_0.8__teacher_ridge__seed_2,condition_recombine_pseudolabel,1.0,0.8,ridge,2,31,13,1.4193548387096775,True,0.8371765732765197,0.804347813129425,0.85,reaction_role_concat,6144,random_forest,False,valid,mae,17.546843687760678,0,0.01,random,,
condition_recombine_pseudolabel__mult_1__sim_0.8__teacher_ridge__seed_2,condition_recombine_pseudolabel,1.0,0.8,ridge,2,31,13,1.4193548387096775,True,0.8371765732765197,0.804347813129425,0.85,reaction_role_concat,6144,random_forest,False,valid,r2,0.40405372700023334,0,0.01,random,,
condition_recombine_pseudolabel__mult_1__sim_0.8__teacher_ridge__seed_2,condition_recombine_pseudolabel,1.0,0.8,ridge,2,31,13,1.4193548387096775,True,0.8371765732765197,0.804347813129425,0.85,reaction_role_concat,6144,random_forest,False,valid,spearman,0.7238048994919356,0,0.01,random,,
condition_recombine_pseudolabel__mult_1__sim_0.8__teacher_ridge__seed_3,condition_recombine_pseudolabel,1.0,0.8,ridge,3,31,19,1.6129032258064515,True,0.8358698361798337,0.804347813129425,0.85,reaction_role_concat,6144,random_forest,False,valid,rmse,22.450971778125485,0,0.01,random,,
condition_recombine_pseudolabel__mult_1__sim_0.8__teacher_ridge__seed_3,condition_recombine_pseudolabel,1.0,0.8,ridge,3,31,19,1.6129032258064515,True,0.8358698361798337,0.804347813129425,0.85,reaction_role_concat,6144,random_forest,False,valid,mae,17.865211466025702,0,0.01,random,,
condition_recombine_pseudolabel__mult_1__sim_0.8__teacher_ridge__seed_3,condition_recombine_pseudolabel,1.0,0.8,ridge,3,31,19,1.6129032258064515,True,0.8358698361798337,0.804347813129425,0.85,reaction_role_concat,6144,random_forest,False,valid,r2,0.3692138018779674,0,0.01,random,,
condition_recombine_pseudolabel__mult_1__sim_0.8__teacher_ridge__seed_3,condition_recombine_pseudolabel,1.0,0.8,ridge,3,31,19,1.6129032258064515,True,0.8358698361798337,0.804347813129425,0.85,reaction_role_concat,6144,random_forest,False,valid,spearman,0.7058489121464995,0,0.01,random,,
condition_recombine_pseudolabel__mult_1__sim_0.8__teacher_ridge__seed_4,condition_recombine_pseudolabel,1.0,0.8,ridge,4,31,17,1.5483870967741935,True,0.8395800190813401,0.8098591566085815,0.85,reaction_role_concat,6144,random_forest,False,valid,rmse,22.01648122574957,0,0.01,random,,
condition_recombine_pseudolabel__mult_1__sim_0.8__teacher_ridge__seed_4,condition_recombine_pseudolabel,1.0,0.8,ridge,4,31,17,1.5483870967741935,True,0.8395800190813401,0.8098591566085815,0.85,reaction_role_concat,6144,random_forest,False,valid,mae,17.040565057932575,0,0.01,random,,
condition_recombine_pseudolabel__mult_1__sim_0.8__teacher_ridge__seed_4,condition_recombine_pseudolabel,1.0,0.8,ridge,4,31,17,1.5483870967741935,True,0.8395800190813401,0.8098591566085815,0.85,reaction_role_concat,6144,random_forest,False,valid,r2,0.3933925876072406,0,0.01,random,,
condition_recombine_pseudolabel__mult_1__sim_0.8__teacher_ridge__seed_4,condition_recombine_pseudolabel,1.0,0.8,ridge,4,31,17,1.5483870967741935,True,0.8395800190813401,0.8098591566085815,0.85,reaction_role_concat,6144,random_forest,False,valid,spearman,0.7031564293914436,0,0.01,random,,
condition_recombine_pseudolabel__mult_1__sim_0.8__teacher_rf__seed_0,condition_recombine_pseudolabel,1.0,0.8,random_forest,0,31,17,1.5483870967741935,True,0.8350799812990077,0.8047337532043457,0.85,reaction_role_concat,6144,random_forest,False,valid,rmse,21.520958763461,0,0.01,random,,
condition_recombine_pseudolabel__mult_1__sim_0.8__teacher_rf__seed_0,condition_recombine_pseudolabel,1.0,0.8,random_forest,0,31,17,1.5483870967741935,True,0.8350799812990077,0.8047337532043457,0.85,reaction_role_concat,6144,random_forest,False,valid,mae,16.250738675277443,0,0.01,random,,
condition_recombine_pseudolabel__mult_1__sim_0.8__teacher_rf__seed_0,condition_recombine_pseudolabel,1.0,0.8,random_forest,0,31,17,1.5483870967741935,True,0.8350799812990077,0.8047337532043457,0.85,reaction_role_concat,6144,random_forest,False,valid,r2,0.42039099393536805,0,0.01,random,,
condition_recombine_pseudolabel__mult_1__sim_0.8__teacher_rf__seed_0,condition_recombine_pseudolabel,1.0,0.8,random_forest,0,31,17,1.5483870967741935,True,0.8350799812990077,0.8047337532043457,0.85,reaction_role_concat,6144,random_forest,False,valid,spearman,0.7153859489836579,0,0.01,random,,
condition_recombine_pseudolabel__mult_1__sim_0.8__teacher_rf__seed_1,condition_recombine_pseudolabel,1.0,0.8,random_forest,1,31,12,1.3870967741935485,True,0.837618800997734,0.8101266026496887,0.85,reaction_role_concat,6144,random_forest,False,valid,rmse,21.883085486339112,0,0.01,random,,
condition_recombine_pseudolabel__mult_1__sim_0.8__teacher_rf__seed_1,condition_recombine_pseudolabel,1.0,0.8,random_forest,1,31,12,1.3870967741935485,True,0.837618800997734,0.8101266026496887,0.85,reaction_role_concat,6144,random_forest,False,valid,mae,16.720976200517217,0,0.01,random,,
condition_recombine_pseudolabel__mult_1__sim_0.8__teacher_rf__seed_1,condition_recombine_pseudolabel,1.0,0.8,random_forest,1,31,12,1.3870967741935485,True,0.837618800997734,0.8101266026496887,0.85,reaction_role_concat,6144,random_forest,False,valid,r2,0.4007210706412442,0,0.01,random,,
condition_recombine_pseudolabel__mult_1__sim_0.8__teacher_rf__seed_1,condition_recombine_pseudolabel,1.0,0.8,random_forest,1,31,12,1.3870967741935485,True,0.837618800997734,0.8101266026496887,0.85,reaction_role_concat,6144,random_forest,False,valid,spearman,0.7273824446614836,0,0.01,random,,
condition_recombine_pseudolabel__mult_1__sim_0.8__teacher_rf__seed_2,condition_recombine_pseudolabel,1.0,0.8,random_forest,2,31,13,1.4193548387096775,True,0.8371765732765197,0.804347813129425,0.85,reaction_role_concat,6144,random_forest,False,valid,rmse,21.352376510710663,0,0.01,random,,
condition_recombine_pseudolabel__mult_1__sim_0.8__teacher_rf__seed_2,condition_recombine_pseudolabel,1.0,0.8,random_forest,2,31,13,1.4193548387096775,True,0.8371765732765197,0.804347813129425,0.85,reaction_role_concat,6144,random_forest,False,valid,mae,16.525037900891487,0,0.01,random,,
condition_recombine_pseudolabel__mult_1__sim_0.8__teacher_rf__seed_2,condition_recombine_pseudolabel,1.0,0.8,random_forest,2,31,13,1.4193548387096775,True,0.8371765732765197,0.804347813129425,0.85,reaction_role_concat,6144,random_forest,False,valid,r2,0.4294360448839931,0,0.01,random,,
condition_recombine_pseudolabel__mult_1__sim_0.8__teacher_rf__seed_2,condition_recombine_pseudolabel,1.0,0.8,random_forest,2,31,13,1.4193548387096775,True,0.8371765732765197,0.804347813129425,0.85,reaction_role_concat,6144,random_forest,False,valid,spearman,0.7296609764511964,0,0.01,random,,
condition_recombine_pseudolabel__mult_1__sim_0.8__teacher_rf__seed_3,condition_recombine_pseudolabel,1.0,0.8,random_forest,3,31,19,1.6129032258064515,True,0.8358698361798337,0.804347813129425,0.85,reaction_role_concat,6144,random_forest,False,valid,rmse,21.381680974098217,0,0.01,random,,
condition_recombine_pseudolabel__mult_1__sim_0.8__teacher_rf__seed_3,condition_recombine_pseudolabel,1.0,0.8,random_forest,3,31,19,1.6129032258064515,True,0.8358698361798337,0.804347813129425,0.85,reaction_role_concat,6144,random_forest,False,valid,mae,16.670095844821084,0,0.01,random,,
condition_recombine_pseudolabel__mult_1__sim_0.8__teacher_rf__seed_3,condition_recombine_pseudolabel,1.0,0.8,random_forest,3,31,19,1.6129032258064515,True,0.8358698361798337,0.804347813129425,0.85,reaction_role_concat,6144,random_forest,False,valid,r2,0.42786886157605586,0,0.01,random,,
condition_recombine_pseudolabel__mult_1__sim_0.8__teacher_rf__seed_3,condition_recombine_pseudolabel,1.0,0.8,random_forest,3,31,19,1.6129032258064515,True,0.8358698361798337,0.804347813129425,0.85,reaction_role_concat,6144,random_forest,False,valid,spearman,0.7349550889265719,0,0.01,random,,
condition_recombine_pseudolabel__mult_1__sim_0.8__teacher_rf__seed_4,condition_recombine_pseudolabel,1.0,0.8,random_forest,4,31,17,1.5483870967741935,True,0.8395800190813401,0.8098591566085815,0.85,reaction_role_concat,6144,random_forest,False,valid,rmse,21.7633487316404,0,0.01,random,,
condition_recombine_pseudolabel__mult_1__sim_0.8__teacher_rf__seed_4,condition_recombine_pseudolabel,1.0,0.8,random_forest,4,31,17,1.5483870967741935,True,0.8395800190813401,0.8098591566085815,0.85,reaction_role_concat,6144,random_forest,False,valid,mae,16.85014516067203,0,0.01,random,,
condition_recombine_pseudolabel__mult_1__sim_0.8__teacher_rf__seed_4,condition_recombine_pseudolabel,1.0,0.8,random_forest,4,31,17,1.5483870967741935,True,0.8395800190813401,0.8098591566085815,0.85,reaction_role_concat,6144,random_forest,False,valid,r2,0.4072612272247388,0,0.01,random,,
condition_recombine_pseudolabel__mult_1__sim_0.8__teacher_rf__seed_4,condition_recombine_pseudolabel,1.0,0.8,random_forest,4,31,17,1.5483870967741935,True,0.8395800190813401,0.8098591566085815,0.85,reaction_role_concat,6144,random_forest,False,valid,spearman,0.6960226646842953,0,0.01,random,,
condition_recombine_pseudolabel__mult_1__sim_0.85__teacher_ridge__seed_0,condition_recombine_pseudolabel,1.0,0.85,ridge,0,31,8,1.2580645161290323,True,0.85,0.85,0.85,reaction_role_concat,6144,random_forest,False,valid,rmse,21.57064743362105,0,0.01,random,,
condition_recombine_pseudolabel__mult_1__sim_0.85__teacher_ridge__seed_0,condition_recombine_pseudolabel,1.0,0.85,ridge,0,31,8,1.2580645161290323,True,0.85,0.85,0.85,reaction_role_concat,6144,random_forest,False,valid,mae,16.358425366000287,0,0.01,random,,
condition_recombine_pseudolabel__mult_1__sim_0.85__teacher_ridge__seed_0,condition_recombine_pseudolabel,1.0,0.85,ridge,0,31,8,1.2580645161290323,True,0.85,0.85,0.85,reaction_role_concat,6144,random_forest,False,valid,r2,0.4177114434111643,0,0.01,random,,
condition_recombine_pseudolabel__mult_1__sim_0.85__teacher_ridge__seed_0,condition_recombine_pseudolabel,1.0,0.85,ridge,0,31,8,1.2580645161290323,True,0.85,0.85,0.85,reaction_role_concat,6144,random_forest,False,valid,spearman,0.7342652680283143,0,0.01,random,,
condition_recombine_pseudolabel__mult_1__sim_0.85__teacher_ridge__seed_1,condition_recombine_pseudolabel,1.0,0.85,ridge,1,31,6,1.1935483870967742,True,0.85,0.85,0.85,reaction_role_concat,6144,random_forest,False,valid,rmse,21.85276084391096,0,0.01,random,,
condition_recombine_pseudolabel__mult_1__sim_0.85__teacher_ridge__seed_1,condition_recombine_pseudolabel,1.0,0.85,ridge,1,31,6,1.1935483870967742,True,0.85,0.85,0.85,reaction_role_concat,6144,random_forest,False,valid,mae,16.713902854898304,0,0.01,random,,
condition_recombine_pseudolabel__mult_1__sim_0.85__teacher_ridge__seed_1,condition_recombine_pseudolabel,1.0,0.85,ridge,1,31,6,1.1935483870967742,True,0.85,0.85,0.85,reaction_role_concat,6144,random_forest,False,valid,r2,0.402380829968362,0,0.01,random,,
condition_recombine_pseudolabel__mult_1__sim_0.85__teacher_ridge__seed_1,condition_recombine_pseudolabel,1.0,0.85,ridge,1,31,6,1.1935483870967742,True,0.85,0.85,0.85,reaction_role_concat,6144,random_forest,False,valid,spearman,0.7215147798017582,0,0.01,random,,
condition_recombine_pseudolabel__mult_1__sim_0.85__teacher_ridge__seed_2,condition_recombine_pseudolabel,1.0,0.85,ridge,2,31,6,1.1935483870967742,True,0.85,0.85,0.85,reaction_role_concat,6144,random_forest,False,valid,rmse,22.322595446632523,0,0.01,random,,
condition_recombine_pseudolabel__mult_1__sim_0.85__teacher_ridge__seed_2,condition_recombine_pseudolabel,1.0,0.85,ridge,2,31,6,1.1935483870967742,True,0.85,0.85,0.85,reaction_role_concat,6144,random_forest,False,valid,mae,17.737919139243377,0,0.01,random,,
condition_recombine_pseudolabel__mult_1__sim_0.85__teacher_ridge__seed_2,condition_recombine_pseudolabel,1.0,0.85,ridge,2,31,6,1.1935483870967742,True,0.85,0.85,0.85,reaction_role_concat,6144,random_forest,False,valid,r2,0.37640694253086215,0,0.01,random,,
condition_recombine_pseudolabel__mult_1__sim_0.85__teacher_ridge__seed_2,condition_recombine_pseudolabel,1.0,0.85,ridge,2,31,6,1.1935483870967742,True,0.85,0.85,0.85,reaction_role_concat,6144,random_forest,False,valid,spearman,0.7026472434121963,0,0.01,random,,
condition_recombine_pseudolabel__mult_1__sim_0.85__teacher_ridge__seed_3,condition_recombine_pseudolabel,1.0,0.85,ridge,3,31,10,1.3225806451612903,True,0.85,0.85,0.85,reaction_role_concat,6144,random_forest,False,valid,rmse,22.29024603512238,0,0.01,random,,
condition_recombine_pseudolabel__mult_1__sim_0.85__teacher_ridge__seed_3,condition_recombine_pseudolabel,1.0,0.85,ridge,3,31,10,1.3225806451612903,True,0.85,0.85,0.85,reaction_role_concat,6144,random_forest,False,valid,mae,17.73037993266613,0,0.01,random,,
condition_recombine_pseudolabel__mult_1__sim_0.85__teacher_ridge__seed_3,condition_recombine_pseudolabel,1.0,0.85,ridge,3,31,10,1.3225806451612903,True,0.85,0.85,0.85,reaction_role_concat,6144,random_forest,False,valid,r2,0.3782130274408174,0,0.01,random,,
condition_recombine_pseudolabel__mult_1__sim_0.85__teacher_ridge__seed_3,condition_recombine_pseudolabel,1.0,0.85,ridge,3,31,10,1.3225806451612903,True,0.85,0.85,0.85,reaction_role_concat,6144,random_forest,False,valid,spearman,0.699839660671011,0,0.01,random,,
condition_recombine_pseudolabel__mult_1__sim_0.85__teacher_ridge__seed_4,condition_recombine_pseudolabel,1.0,0.85,ridge,4,31,11,1.3548387096774193,True,0.85,0.85,0.85,reaction_role_concat,6144,random_forest,False,valid,rmse,21.619120903828254,0,0.01,random,,
condition_recombine_pseudolabel__mult_1__sim_0.85__teacher_ridge__seed_4,condition_recombine_pseudolabel,1.0,0.85,ridge,4,31,11,1.3548387096774193,True,0.85,0.85,0.85,reaction_role_concat,6144,random_forest,False,valid,mae,16.641716118984583,0,0.01,random,,
condition_recombine_pseudolabel__mult_1__sim_0.85__teacher_ridge__seed_4,condition_recombine_pseudolabel,1.0,0.85,ridge,4,31,11,1.3548387096774193,True,0.85,0.85,0.85,reaction_role_concat,6144,random_forest,False,valid,r2,0.41509147001877245,0,0.01,random,,
condition_recombine_pseudolabel__mult_1__sim_0.85__teacher_ridge__seed_4,condition_recombine_pseudolabel,1.0,0.85,ridge,4,31,11,1.3548387096774193,True,0.85,0.85,0.85,reaction_role_concat,6144,random_forest,False,valid,spearman,0.7158445961365084,0,0.01,random,,
condition_recombine_pseudolabel__mult_1__sim_0.85__teacher_rf__seed_0,condition_recombine_pseudolabel,1.0,0.85,random_forest,0,31,8,1.2580645161290323,True,0.85,0.85,0.85,reaction_role_concat,6144,random_forest,False,valid,rmse,21.46063206714775,0,0.01,random,,
condition_recombine_pseudolabel__mult_1__sim_0.85__teacher_rf__seed_0,condition_recombine_pseudolabel,1.0,0.85,random_forest,0,31,8,1.2580645161290323,True,0.85,0.85,0.85,reaction_role_concat,6144,random_forest,False,valid,mae,16.445562792974183,0,0.01,random,,
condition_recombine_pseudolabel__mult_1__sim_0.85__teacher_rf__seed_0,condition_recombine_pseudolabel,1.0,0.85,random_forest,0,31,8,1.2580645161290323,True,0.85,0.85,0.85,reaction_role_concat,6144,random_forest,False,valid,r2,0.42363591339898066,0,0.01,random,,
condition_recombine_pseudolabel__mult_1__sim_0.85__teacher_rf__seed_0,condition_recombine_pseudolabel,1.0,0.85,random_forest,0,31,8,1.2580645161290323,True,0.85,0.85,0.85,reaction_role_concat,6144,random_forest,False,valid,spearman,0.7289709607983093,0,0.01,random,,
condition_recombine_pseudolabel__mult_1__sim_0.85__teacher_rf__seed_1,condition_recombine_pseudolabel,1.0,0.85,random_forest,1,31,6,1.1935483870967742,True,0.85,0.85,0.85,reaction_role_concat,6144,random_forest,False,valid,rmse,21.807396390461413,0,0.01,random,,
condition_recombine_pseudolabel__mult_1__sim_0.85__teacher_rf__seed_1,condition_recombine_pseudolabel,1.0,0.85,random_forest,1,31,6,1.1935483870967742,True,0.85,0.85,0.85,reaction_role_concat,6144,random_forest,False,valid,mae,16.731723991970473,0,0.01,random,,
condition_recombine_pseudolabel__mult_1__sim_0.85__teacher_rf__seed_1,condition_recombine_pseudolabel,1.0,0.85,random_forest,1,31,6,1.1935483870967742,True,0.85,0.85,0.85,reaction_role_concat,6144,random_forest,False,valid,r2,0.40485946665006123,0,0.01,random,,
condition_recombine_pseudolabel__mult_1__sim_0.85__teacher_rf__seed_1,condition_recombine_pseudolabel,1.0,0.85,random_forest,1,31,6,1.1935483870967742,True,0.85,0.85,0.85,reaction_role_concat,6144,random_forest,False,valid,spearman,0.7260393193580302,0,0.01,random,,
condition_recombine_pseudolabel__mult_1__sim_0.85__teacher_rf__seed_2,condition_recombine_pseudolabel,1.0,0.85,random_forest,2,31,6,1.1935483870967742,True,0.85,0.85,0.85,reaction_role_concat,6144,random_forest,False,valid,rmse,21.42970140963701,0,0.01,random,,
condition_recombine_pseudolabel__mult_1__sim_0.85__teacher_rf__seed_2,condition_recombine_pseudolabel,1.0,0.85,random_forest,2,31,6,1.1935483870967742,True,0.85,0.85,0.85,reaction_role_concat,6144,random_forest,False,valid,mae,16.484884777114363,0,0.01,random,,
condition_recombine_pseudolabel__mult_1__sim_0.85__teacher_rf__seed_2,condition_recombine_pseudolabel,1.0,0.85,random_forest,2,31,6,1.1935483870967742,True,0.85,0.85,0.85,reaction_role_concat,6144,random_forest,False,valid,r2,0.4252961136278641,0,0.01,random,,
condition_recombine_pseudolabel__mult_1__sim_0.85__teacher_rf__seed_2,condition_recombine_pseudolabel,1.0,0.85,random_forest,2,31,6,1.1935483870967742,True,0.85,0.85,0.85,reaction_role_concat,6144,random_forest,False,valid,spearman,0.7284929355598078,0,0.01,random,,
condition_recombine_pseudolabel__mult_1__sim_0.85__teacher_rf__seed_3,condition_recombine_pseudolabel,1.0,0.85,random_forest,3,31,10,1.3225806451612903,True,0.85,0.85,0.85,reaction_role_concat,6144,random_forest,False,valid,rmse,21.257827887383122,0,0.01,random,,
condition_recombine_pseudolabel__mult_1__sim_0.85__teacher_rf__seed_3,condition_recombine_pseudolabel,1.0,0.85,random_forest,3,31,10,1.3225806451612903,True,0.85,0.85,0.85,reaction_role_concat,6144,random_forest,False,valid,mae,16.434235503187665,0,0.01,random,,
condition_recombine_pseudolabel__mult_1__sim_0.85__teacher_rf__seed_3,condition_recombine_pseudolabel,1.0,0.85,random_forest,3,31,10,1.3225806451612903,True,0.85,0.85,0.85,reaction_role_concat,6144,random_forest,False,valid,r2,0.4344777880872033,0,0.01,random,,
condition_recombine_pseudolabel__mult_1__sim_0.85__teacher_rf__seed_3,condition_recombine_pseudolabel,1.0,0.85,random_forest,3,31,10,1.3225806451612903,True,0.85,0.85,0.85,reaction_role_concat,6144,random_forest,False,valid,spearman,0.7433930641981318,0,0.01,random,,
condition_recombine_pseudolabel__mult_1__sim_0.85__teacher_rf__seed_4,condition_recombine_pseudolabel,1.0,0.85,random_forest,4,31,11,1.3548387096774193,True,0.85,0.85,0.85,reaction_role_concat,6144,random_forest,False,valid,rmse,21.40799236964376,0,0.01,random,,
condition_recombine_pseudolabel__mult_1__sim_0.85__teacher_rf__seed_4,condition_recombine_pseudolabel,1.0,0.85,random_forest,4,31,11,1.3548387096774193,True,0.85,0.85,0.85,reaction_role_concat,6144,random_forest,False,valid,mae,16.365967246644107,0,0.01,random,,
condition_recombine_pseudolabel__mult_1__sim_0.85__teacher_rf__seed_4,condition_recombine_pseudolabel,1.0,0.85,random_forest,4,31,11,1.3548387096774193,True,0.85,0.85,0.85,reaction_role_concat,6144,random_forest,False,valid,r2,0.42645991427683627,0,0.01,random,,
condition_recombine_pseudolabel__mult_1__sim_0.85__teacher_rf__seed_4,condition_recombine_pseudolabel,1.0,0.85,random_forest,4,31,11,1.3548387096774193,True,0.85,0.85,0.85,reaction_role_concat,6144,random_forest,False,valid,spearman,0.7166082290394072,0,0.01,random,,
condition_recombine_pseudolabel__mult_1__sim_0.9__teacher_ridge__seed_0,condition_recombine_pseudolabel,1.0,0.9,ridge,0,31,5,1.1612903225806452,True,0.85,0.85,0.85,reaction_role_concat,6144,random_forest,False,valid,rmse,21.687567441991114,0,0.01,random,,
condition_recombine_pseudolabel__mult_1__sim_0.9__teacher_ridge__seed_0,condition_recombine_pseudolabel,1.0,0.9,ridge,0,31,5,1.1612903225806452,True,0.85,0.85,0.85,reaction_role_concat,6144,random_forest,False,valid,mae,16.40512385071682,0,0.01,random,,
condition_recombine_pseudolabel__mult_1__sim_0.9__teacher_ridge__seed_0,condition_recombine_pseudolabel,1.0,0.9,ridge,0,31,5,1.1612903225806452,True,0.85,0.85,0.85,reaction_role_concat,6144,random_forest,False,valid,r2,0.4113819445559005,0,0.01,random,,
condition_recombine_pseudolabel__mult_1__sim_0.9__teacher_ridge__seed_0,condition_recombine_pseudolabel,1.0,0.9,ridge,0,31,5,1.1612903225806452,True,0.85,0.85,0.85,reaction_role_concat,6144,random_forest,False,valid,spearman,0.7338563806833422,0,0.01,random,,
condition_recombine_pseudolabel__mult_1__sim_0.9__teacher_ridge__seed_1,condition_recombine_pseudolabel,1.0,0.9,ridge,1,31,3,1.096774193548387,True,0.85,0.85,0.85,reaction_role_concat,6144,random_forest,False,valid,rmse,21.71179464167836,0,0.01,random,,
condition_recombine_pseudolabel__mult_1__sim_0.9__teacher_ridge__seed_1,condition_recombine_pseudolabel,1.0,0.9,ridge,1,31,3,1.096774193548387,True,0.85,0.85,0.85,reaction_role_concat,6144,random_forest,False,valid,mae,16.74587703588039,0,0.01,random,,
condition_recombine_pseudolabel__mult_1__sim_0.9__teacher_ridge__seed_1,condition_recombine_pseudolabel,1.0,0.9,ridge,1,31,3,1.096774193548387,True,0.85,0.85,0.85,reaction_role_concat,6144,random_forest,False,valid,r2,0.41006611856917596,0,0.01,random,,
condition_recombine_pseudolabel__mult_1__sim_0.9__teacher_ridge__seed_1,condition_recombine_pseudolabel,1.0,0.9,ridge,1,31,3,1.096774193548387,True,0.85,0.85,0.85,reaction_role_concat,6144,random_forest,False,valid,spearman,0.7247086936282477,0,0.01,random,,
condition_recombine_pseudolabel__mult_1__sim_0.9__teacher_ridge__seed_2,condition_recombine_pseudolabel,1.0,0.9,ridge,2,31,3,1.096774193548387,True,0.85,0.85,0.85,reaction_role_concat,6144,random_forest,False,valid,rmse,22.029856665314835,0,0.01,random,,
condition_recombine_pseudolabel__mult_1__sim_0.9__teacher_ridge__seed_2,condition_recombine_pseudolabel,1.0,0.9,ridge,2,31,3,1.096774193548387,True,0.85,0.85,0.85,reaction_role_concat,6144,random_forest,False,valid,mae,17.34217217320732,0,0.01,random,,
condition_recombine_pseudolabel__mult_1__sim_0.9__teacher_ridge__seed_2,condition_recombine_pseudolabel,1.0,0.9,ridge,2,31,3,1.096774193548387,True,0.85,0.85,0.85,reaction_role_concat,6144,random_forest,False,valid,r2,0.39265531217269767,0,0.01,random,,
condition_recombine_pseudolabel__mult_1__sim_0.9__teacher_ridge__seed_2,condition_recombine_pseudolabel,1.0,0.9,ridge,2,31,3,1.096774193548387,True,0.85,0.85,0.85,reaction_role_concat,6144,random_forest,False,valid,spearman,0.7113693295015405,0,0.01,random,,
condition_recombine_pseudolabel__mult_1__sim_0.9__teacher_ridge__seed_3,condition_recombine_pseudolabel,1.0,0.9,ridge,3,31,4,1.1290322580645162,True,0.85,0.85,0.85,reaction_role_concat,6144,random_forest,False,valid,rmse,21.84650214221342,0,0.01,random,,
condition_recombine_pseudolabel__mult_1__sim_0.9__teacher_ridge__seed_3,condition_recombine_pseudolabel,1.0,0.9,ridge,3,31,4,1.1290322580645162,True,0.85,0.85,0.85,reaction_role_concat,6144,random_forest,False,valid,mae,16.773905369109745,0,0.01,random,,
condition_recombine_pseudolabel__mult_1__sim_0.9__teacher_ridge__seed_3,condition_recombine_pseudolabel,1.0,0.9,ridge,3,31,4,1.1290322580645162,True,0.85,0.85,0.85,reaction_role_concat,6144,random_forest,False,valid,r2,0.4027231010910596,0,0.01,random,,
condition_recombine_pseudolabel__mult_1__sim_0.9__teacher_ridge__seed_3,condition_recombine_pseudolabel,1.0,0.9,ridge,3,31,4,1.1290322580645162,True,0.85,0.85,0.85,reaction_role_concat,6144,random_forest,False,valid,spearman,0.7329428223937985,0,0.01,random,,
condition_recombine_pseudolabel__mult_1__sim_0.9__teacher_ridge__seed_4,condition_recombine_pseudolabel,1.0,0.9,ridge,4,31,7,1.2258064516129032,True,0.8499999999999999,0.85,0.85,reaction_role_concat,6144,random_forest,False,valid,rmse,21.856028596995582,0,0.01,random,,
condition_recombine_pseudolabel__mult_1__sim_0.9__teacher_ridge__seed_4,condition_recombine_pseudolabel,1.0,0.9,ridge,4,31,7,1.2258064516129032,True,0.8499999999999999,0.85,0.85,reaction_role_concat,6144,random_forest,False,valid,mae,16.90599929920933,0,0.01,random,,
condition_recombine_pseudolabel__mult_1__sim_0.9__teacher_ridge__seed_4,condition_recombine_pseudolabel,1.0,0.9,ridge,4,31,7,1.2258064516129032,True,0.8499999999999999,0.85,0.85,reaction_role_concat,6144,random_forest,False,valid,r2,0.4022020866130833,0,0.01,random,,
condition_recombine_pseudolabel__mult_1__sim_0.9__teacher_ridge__seed_4,condition_recombine_pseudolabel,1.0,0.9,ridge,4,31,7,1.2258064516129032,True,0.8499999999999999,0.85,0.85,reaction_role_concat,6144,random_forest,False,valid,spearman,0.7143362215297879,0,0.01,random,,
condition_recombine_pseudolabel__mult_1__sim_0.9__teacher_rf__seed_0,condition_recombine_pseudolabel,1.0,0.9,random_forest,0,31,5,1.1612903225806452,True,0.85,0.85,0.85,reaction_role_concat,6144,random_forest,False,valid,rmse,21.554009358858952,0,0.01,random,,
condition_recombine_pseudolabel__mult_1__sim_0.9__teacher_rf__seed_0,condition_recombine_pseudolabel,1.0,0.9,random_forest,0,31,5,1.1612903225806452,True,0.85,0.85,0.85,reaction_role_concat,6144,random_forest,False,valid,mae,16.58134959405887,0,0.01,random,,
condition_recombine_pseudolabel__mult_1__sim_0.9__teacher_rf__seed_0,condition_recombine_pseudolabel,1.0,0.9,random_forest,0,31,5,1.1612903225806452,True,0.85,0.85,0.85,reaction_role_concat,6144,random_forest,False,valid,r2,0.41860936955694783,0,0.01,random,,
condition_recombine_pseudolabel__mult_1__sim_0.9__teacher_rf__seed_0,condition_recombine_pseudolabel,1.0,0.9,random_forest,0,31,5,1.1612903225806452,True,0.85,0.85,0.85,reaction_role_concat,6144,random_forest,False,valid,spearman,0.723617156028943,0,0.01,random,,
condition_recombine_pseudolabel__mult_1__sim_0.9__teacher_rf__seed_1,condition_recombine_pseudolabel,1.0,0.9,random_forest,1,31,3,1.096774193548387,True,0.85,0.85,0.85,reaction_role_concat,6144,random_forest,False,valid,rmse,21.928475601166944,0,0.01,random,,
condition_recombine_pseudolabel__mult_1__sim_0.9__teacher_rf__seed_1,condition_recombine_pseudolabel,1.0,0.9,random_forest,1,31,3,1.096774193548387,True,0.85,0.85,0.85,reaction_role_concat,6144,random_forest,False,valid,mae,16.94297056521343,0,0.01,random,,
condition_recombine_pseudolabel__mult_1__sim_0.9__teacher_rf__seed_1,condition_recombine_pseudolabel,1.0,0.9,random_forest,1,31,3,1.096774193548387,True,0.85,0.85,0.85,reaction_role_concat,6144,random_forest,False,valid,r2,0.39823243163467803,0,0.01,random,,
condition_recombine_pseudolabel__mult_1__sim_0.9__teacher_rf__seed_1,condition_recombine_pseudolabel,1.0,0.9,random_forest,1,31,3,1.096774193548387,True,0.85,0.85,0.85,reaction_role_concat,6144,random_forest,False,valid,spearman,0.7201356599465841,0,0.01,random,,
condition_recombine_pseudolabel__mult_1__sim_0.9__teacher_rf__seed_2,condition_recombine_pseudolabel,1.0,0.9,random_forest,2,31,3,1.096774193548387,True,0.85,0.85,0.85,reaction_role_concat,6144,random_forest,False,valid,rmse,21.652387720919823,0,0.01,random,,
condition_recombine_pseudolabel__mult_1__sim_0.9__teacher_rf__seed_2,condition_recombine_pseudolabel,1.0,0.9,random_forest,2,31,3,1.096774193548387,True,0.85,0.85,0.85,reaction_role_concat,6144,random_forest,False,valid,mae,16.584708776603772,0,0.01,random,,
condition_recombine_pseudolabel__mult_1__sim_0.9__teacher_rf__seed_2,condition_recombine_pseudolabel,1.0,0.9,random_forest,2,31,3,1.096774193548387,True,0.85,0.85,0.85,reaction_role_concat,6144,random_forest,False,valid,r2,0.4132900077040085,0,0.01,random,,
condition_recombine_pseudolabel__mult_1__sim_0.9__teacher_rf__seed_2,condition_recombine_pseudolabel,1.0,0.9,random_forest,2,31,3,1.096774193548387,True,0.85,0.85,0.85,reaction_role_concat,6144,random_forest,False,valid,spearman,0.724600277399469,0,0.01,random,,
condition_recombine_pseudolabel__mult_1__sim_0.9__teacher_rf__seed_3,condition_recombine_pseudolabel,1.0,0.9,random_forest,3,31,4,1.1290322580645162,True,0.85,0.85,0.85,reaction_role_concat,6144,random_forest,False,valid,rmse,21.63685868451019,0,0.01,random,,
condition_recombine_pseudolabel__mult_1__sim_0.9__teacher_rf__seed_3,condition_recombine_pseudolabel,1.0,0.9,random_forest,3,31,4,1.1290322580645162,True,0.85,0.85,0.85,reaction_role_concat,6144,random_forest,False,valid,mae,16.74865448823458,0,0.01,random,,
condition_recombine_pseudolabel__mult_1__sim_0.9__teacher_rf__seed_3,condition_recombine_pseudolabel,1.0,0.9,random_forest,3,31,4,1.1290322580645162,True,0.85,0.85,0.85,reaction_role_concat,6144,random_forest,False,valid,r2,0.41413127969139396,0,0.01,random,,
condition_recombine_pseudolabel__mult_1__sim_0.9__teacher_rf__seed_3,condition_recombine_pseudolabel,1.0,0.9,random_forest,3,31,4,1.1290322580645162,True,0.85,0.85,0.85,reaction_role_concat,6144,random_forest,False,valid,spearman,0.7263935780293825,0,0.01,random,,
condition_recombine_pseudolabel__mult_1__sim_0.9__teacher_rf__seed_4,condition_recombine_pseudolabel,1.0,0.9,random_forest,4,31,7,1.2258064516129032,True,0.8499999999999999,0.85,0.85,reaction_role_concat,6144,random_forest,False,valid,rmse,21.790508525789548,0,0.01,random,,
condition_recombine_pseudolabel__mult_1__sim_0.9__teacher_rf__seed_4,condition_recombine_pseudolabel,1.0,0.9,random_forest,4,31,7,1.2258064516129032,True,0.8499999999999999,0.85,0.85,reaction_role_concat,6144,random_forest,False,valid,mae,16.650952339954017,0,0.01,random,,
condition_recombine_pseudolabel__mult_1__sim_0.9__teacher_rf__seed_4,condition_recombine_pseudolabel,1.0,0.9,random_forest,4,31,7,1.2258064516129032,True,0.8499999999999999,0.85,0.85,reaction_role_concat,6144,random_forest,False,valid,r2,0.4057808752350499,0,0.01,random,,
condition_recombine_pseudolabel__mult_1__sim_0.9__teacher_rf__seed_4,condition_recombine_pseudolabel,1.0,0.9,random_forest,4,31,7,1.2258064516129032,True,0.8499999999999999,0.85,0.85,reaction_role_concat,6144,random_forest,False,valid,spearman,0.7127805215480603,0,0.01,random,,
condition_recombine_pseudolabel__mult_1__sim_0.95__teacher_ridge__seed_0,condition_recombine_pseudolabel,1.0,0.95,ridge,0,31,0,1.0,True,,,,reaction_role_concat,6144,random_forest,False,valid,rmse,21.686243649115106,0,0.01,random,,
condition_recombine_pseudolabel__mult_1__sim_0.95__teacher_ridge__seed_0,condition_recombine_pseudolabel,1.0,0.95,ridge,0,31,0,1.0,True,,,,reaction_role_concat,6144,random_forest,False,valid,mae,16.569035775652413,0,0.01,random,,
condition_recombine_pseudolabel__mult_1__sim_0.95__teacher_ridge__seed_0,condition_recombine_pseudolabel,1.0,0.95,ridge,0,31,0,1.0,True,,,,reaction_role_concat,6144,random_forest,False,valid,r2,0.411453799973473,0,0.01,random,,
condition_recombine_pseudolabel__mult_1__sim_0.95__teacher_ridge__seed_0,condition_recombine_pseudolabel,1.0,0.95,ridge,0,31,0,1.0,True,,,,reaction_role_concat,6144,random_forest,False,valid,spearman,0.732012930736291,0,0.01,random,,
condition_recombine_pseudolabel__mult_1__sim_0.95__teacher_ridge__seed_1,condition_recombine_pseudolabel,1.0,0.95,ridge,1,31,0,1.0,True,,,,reaction_role_concat,6144,random_forest,False,valid,rmse,21.686243649115106,0,0.01,random,,
condition_recombine_pseudolabel__mult_1__sim_0.95__teacher_ridge__seed_1,condition_recombine_pseudolabel,1.0,0.95,ridge,1,31,0,1.0,True,,,,reaction_role_concat,6144,random_forest,False,valid,mae,16.569035775652413,0,0.01,random,,
condition_recombine_pseudolabel__mult_1__sim_0.95__teacher_ridge__seed_1,condition_recombine_pseudolabel,1.0,0.95,ridge,1,31,0,1.0,True,,,,reaction_role_concat,6144,random_forest,False,valid,r2,0.411453799973473,0,0.01,random,,
condition_recombine_pseudolabel__mult_1__sim_0.95__teacher_ridge__seed_1,condition_recombine_pseudolabel,1.0,0.95,ridge,1,31,0,1.0,True,,,,reaction_role_concat,6144,random_forest,False,valid,spearman,0.732012930736291,0,0.01,random,,
condition_recombine_pseudolabel__mult_1__sim_0.95__teacher_ridge__seed_2,condition_recombine_pseudolabel,1.0,0.95,ridge,2,31,0,1.0,True,,,,reaction_role_concat,6144,random_forest,False,valid,rmse,21.686243649115106,0,0.01,random,,
condition_recombine_pseudolabel__mult_1__sim_0.95__teacher_ridge__seed_2,condition_recombine_pseudolabel,1.0,0.95,ridge,2,31,0,1.0,True,,,,reaction_role_concat,6144,random_forest,False,valid,mae,16.569035775652413,0,0.01,random,,
condition_recombine_pseudolabel__mult_1__sim_0.95__teacher_ridge__seed_2,condition_recombine_pseudolabel,1.0,0.95,ridge,2,31,0,1.0,True,,,,reaction_role_concat,6144,random_forest,False,valid,r2,0.411453799973473,0,0.01,random,,
condition_recombine_pseudolabel__mult_1__sim_0.95__teacher_ridge__seed_2,condition_recombine_pseudolabel,1.0,0.95,ridge,2,31,0,1.0,True,,,,reaction_role_concat,6144,random_forest,False,valid,spearman,0.732012930736291,0,0.01,random,,
condition_recombine_pseudolabel__mult_1__sim_0.95__teacher_ridge__seed_3,condition_recombine_pseudolabel,1.0,0.95,ridge,3,31,0,1.0,True,,,,reaction_role_concat,6144,random_forest,False,valid,rmse,21.686243649115106,0,0.01,random,,
condition_recombine_pseudolabel__mult_1__sim_0.95__teacher_ridge__seed_3,condition_recombine_pseudolabel,1.0,0.95,ridge,3,31,0,1.0,True,,,,reaction_role_concat,6144,random_forest,False,valid,mae,16.569035775652413,0,0.01,random,,
condition_recombine_pseudolabel__mult_1__sim_0.95__teacher_ridge__seed_3,condition_recombine_pseudolabel,1.0,0.95,ridge,3,31,0,1.0,True,,,,reaction_role_concat,6144,random_forest,False,valid,r2,0.411453799973473,0,0.01,random,,
condition_recombine_pseudolabel__mult_1__sim_0.95__teacher_ridge__seed_3,condition_recombine_pseudolabel,1.0,0.95,ridge,3,31,0,1.0,True,,,,reaction_role_concat,6144,random_forest,False,valid,spearman,0.732012930736291,0,0.01,random,,
condition_recombine_pseudolabel__mult_1__sim_0.95__teacher_ridge__seed_4,condition_recombine_pseudolabel,1.0,0.95,ridge,4,31,0,1.0,True,,,,reaction_role_concat,6144,random_forest,False,valid,rmse,21.686243649115106,0,0.01,random,,
condition_recombine_pseudolabel__mult_1__sim_0.95__teacher_ridge__seed_4,condition_recombine_pseudolabel,1.0,0.95,ridge,4,31,0,1.0,True,,,,reaction_role_concat,6144,random_forest,False,valid,mae,16.569035775652413,0,0.01,random,,
condition_recombine_pseudolabel__mult_1__sim_0.95__teacher_ridge__seed_4,condition_recombine_pseudolabel,1.0,0.95,ridge,4,31,0,1.0,True,,,,reaction_role_concat,6144,random_forest,False,valid,r2,0.411453799973473,0,0.01,random,,
condition_recombine_pseudolabel__mult_1__sim_0.95__teacher_ridge__seed_4,condition_recombine_pseudolabel,1.0,0.95,ridge,4,31,0,1.0,True,,,,reaction_role_concat,6144,random_forest,False,valid,spearman,0.732012930736291,0,0.01,random,,
condition_recombine_pseudolabel__mult_1__sim_0.95__teacher_rf__seed_0,condition_recombine_pseudolabel,1.0,0.95,random_forest,0,31,0,1.0,True,,,,reaction_role_concat,6144,random_forest,False,valid,rmse,21.686243649115106,0,0.01,random,,
condition_recombine_pseudolabel__mult_1__sim_0.95__teacher_rf__seed_0,condition_recombine_pseudolabel,1.0,0.95,random_forest,0,31,0,1.0,True,,,,reaction_role_concat,6144,random_forest,False,valid,mae,16.569035775652413,0,0.01,random,,
condition_recombine_pseudolabel__mult_1__sim_0.95__teacher_rf__seed_0,condition_recombine_pseudolabel,1.0,0.95,random_forest,0,31,0,1.0,True,,,,reaction_role_concat,6144,random_forest,False,valid,r2,0.411453799973473,0,0.01,random,,
condition_recombine_pseudolabel__mult_1__sim_0.95__teacher_rf__seed_0,condition_recombine_pseudolabel,1.0,0.95,random_forest,0,31,0,1.0,True,,,,reaction_role_concat,6144,random_forest,False,valid,spearman,0.732012930736291,0,0.01,random,,
condition_recombine_pseudolabel__mult_1__sim_0.95__teacher_rf__seed_1,condition_recombine_pseudolabel,1.0,0.95,random_forest,1,31,0,1.0,True,,,,reaction_role_concat,6144,random_forest,False,valid,rmse,21.686243649115106,0,0.01,random,,
condition_recombine_pseudolabel__mult_1__sim_0.95__teacher_rf__seed_1,condition_recombine_pseudolabel,1.0,0.95,random_forest,1,31,0,1.0,True,,,,reaction_role_concat,6144,random_forest,False,valid,mae,16.569035775652413,0,0.01,random,,
condition_recombine_pseudolabel__mult_1__sim_0.95__teacher_rf__seed_1,condition_recombine_pseudolabel,1.0,0.95,random_forest,1,31,0,1.0,True,,,,reaction_role_concat,6144,random_forest,False,valid,r2,0.411453799973473,0,0.01,random,,
condition_recombine_pseudolabel__mult_1__sim_0.95__teacher_rf__seed_1,condition_recombine_pseudolabel,1.0,0.95,random_forest,1,31,0,1.0,True,,,,reaction_role_concat,6144,random_forest,False,valid,spearman,0.732012930736291,0,0.01,random,,
condition_recombine_pseudolabel__mult_1__sim_0.95__teacher_rf__seed_2,condition_recombine_pseudolabel,1.0,0.95,random_forest,2,31,0,1.0,True,,,,reaction_role_concat,6144,random_forest,False,valid,rmse,21.686243649115106,0,0.01,random,,
condition_recombine_pseudolabel__mult_1__sim_0.95__teacher_rf__seed_2,condition_recombine_pseudolabel,1.0,0.95,random_forest,2,31,0,1.0,True,,,,reaction_role_concat,6144,random_forest,False,valid,mae,16.569035775652413,0,0.01,random,,
condition_recombine_pseudolabel__mult_1__sim_0.95__teacher_rf__seed_2,condition_recombine_pseudolabel,1.0,0.95,random_forest,2,31,0,1.0,True,,,,reaction_role_concat,6144,random_forest,False,valid,r2,0.411453799973473,0,0.01,random,,
condition_recombine_pseudolabel__mult_1__sim_0.95__teacher_rf__seed_2,condition_recombine_pseudolabel,1.0,0.95,random_forest,2,31,0,1.0,True,,,,reaction_role_concat,6144,random_forest,False,valid,spearman,0.732012930736291,0,0.01,random,,
condition_recombine_pseudolabel__mult_1__sim_0.95__teacher_rf__seed_3,condition_recombine_pseudolabel,1.0,0.95,random_forest,3,31,0,1.0,True,,,,reaction_role_concat,6144,random_forest,False,valid,rmse,21.686243649115106,0,0.01,random,,
condition_recombine_pseudolabel__mult_1__sim_0.95__teacher_rf__seed_3,condition_recombine_pseudolabel,1.0,0.95,random_forest,3,31,0,1.0,True,,,,reaction_role_concat,6144,random_forest,False,valid,mae,16.569035775652413,0,0.01,random,,
condition_recombine_pseudolabel__mult_1__sim_0.95__teacher_rf__seed_3,condition_recombine_pseudolabel,1.0,0.95,random_forest,3,31,0,1.0,True,,,,reaction_role_concat,6144,random_forest,False,valid,r2,0.411453799973473,0,0.01,random,,
condition_recombine_pseudolabel__mult_1__sim_0.95__teacher_rf__seed_3,condition_recombine_pseudolabel,1.0,0.95,random_forest,3,31,0,1.0,True,,,,reaction_role_concat,6144,random_forest,False,valid,spearman,0.732012930736291,0,0.01,random,,
condition_recombine_pseudolabel__mult_1__sim_0.95__teacher_rf__seed_4,condition_recombine_pseudolabel,1.0,0.95,random_forest,4,31,0,1.0,True,,,,reaction_role_concat,6144,random_forest,False,valid,rmse,21.686243649115106,0,0.01,random,,
condition_recombine_pseudolabel__mult_1__sim_0.95__teacher_rf__seed_4,condition_recombine_pseudolabel,1.0,0.95,random_forest,4,31,0,1.0,True,,,,reaction_role_concat,6144,random_forest,False,valid,mae,16.569035775652413,0,0.01,random,,
condition_recombine_pseudolabel__mult_1__sim_0.95__teacher_rf__seed_4,condition_recombine_pseudolabel,1.0,0.95,random_forest,4,31,0,1.0,True,,,,reaction_role_concat,6144,random_forest,False,valid,r2,0.411453799973473,0,0.01,random,,
condition_recombine_pseudolabel__mult_1__sim_0.95__teacher_rf__seed_4,condition_recombine_pseudolabel,1.0,0.95,random_forest,4,31,0,1.0,True,,,,reaction_role_concat,6144,random_forest,False,valid,spearman,0.732012930736291,0,0.01,random,,
condition_recombine_pseudolabel__mult_1.5__sim_0.7__teacher_ridge__seed_0,condition_recombine_pseudolabel,1.5,0.7,ridge,0,31,46,2.4838709677419355,True,0.8055552474830463,0.716312050819397,0.85,reaction_role_concat,6144,random_forest,False,valid,rmse,21.918431694537976,0,0.01,random,,
condition_recombine_pseudolabel__mult_1.5__sim_0.7__teacher_ridge__seed_0,condition_recombine_pseudolabel,1.5,0.7,ridge,0,31,46,2.4838709677419355,True,0.8055552474830463,0.716312050819397,0.85,reaction_role_concat,6144,random_forest,False,valid,mae,16.44479577156562,0,0.01,random,,
condition_recombine_pseudolabel__mult_1.5__sim_0.7__teacher_ridge__seed_0,condition_recombine_pseudolabel,1.5,0.7,ridge,0,31,46,2.4838709677419355,True,0.8055552474830463,0.716312050819397,0.85,reaction_role_concat,6144,random_forest,False,valid,r2,0.3987835609688839,0,0.01,random,,
condition_recombine_pseudolabel__mult_1.5__sim_0.7__teacher_ridge__seed_0,condition_recombine_pseudolabel,1.5,0.7,ridge,0,31,46,2.4838709677419355,True,0.8055552474830463,0.716312050819397,0.85,reaction_role_concat,6144,random_forest,False,valid,spearman,0.7097218027119278,0,0.01,random,,
condition_recombine_pseudolabel__mult_1.5__sim_0.7__teacher_ridge__seed_1,condition_recombine_pseudolabel,1.5,0.7,ridge,1,31,46,2.4838709677419355,True,0.7979310157506362,0.7371794581413269,0.85,reaction_role_concat,6144,random_forest,False,valid,rmse,22.84495791480096,0,0.01,random,,
condition_recombine_pseudolabel__mult_1.5__sim_0.7__teacher_ridge__seed_1,condition_recombine_pseudolabel,1.5,0.7,ridge,1,31,46,2.4838709677419355,True,0.7979310157506362,0.7371794581413269,0.85,reaction_role_concat,6144,random_forest,False,valid,mae,16.81874974980837,0,0.01,random,,
condition_recombine_pseudolabel__mult_1.5__sim_0.7__teacher_ridge__seed_1,condition_recombine_pseudolabel,1.5,0.7,ridge,1,31,46,2.4838709677419355,True,0.7979310157506362,0.7371794581413269,0.85,reaction_role_concat,6144,random_forest,False,valid,r2,0.3468805474973796,0,0.01,random,,
condition_recombine_pseudolabel__mult_1.5__sim_0.7__teacher_ridge__seed_1,condition_recombine_pseudolabel,1.5,0.7,ridge,1,31,46,2.4838709677419355,True,0.7979310157506362,0.7371794581413269,0.85,reaction_role_concat,6144,random_forest,False,valid,spearman,0.6706991096988036,0,0.01,random,,
condition_recombine_pseudolabel__mult_1.5__sim_0.7__teacher_ridge__seed_2,condition_recombine_pseudolabel,1.5,0.7,ridge,2,31,46,2.4838709677419355,True,0.7970661593520123,0.7302631735801697,0.85,reaction_role_concat,6144,random_forest,False,valid,rmse,22.29375000108272,0,0.01,random,,
condition_recombine_pseudolabel__mult_1.5__sim_0.7__teacher_ridge__seed_2,condition_recombine_pseudolabel,1.5,0.7,ridge,2,31,46,2.4838709677419355,True,0.7970661593520123,0.7302631735801697,0.85,reaction_role_concat,6144,random_forest,False,valid,mae,17.19377644189702,0,0.01,random,,
condition_recombine_pseudolabel__mult_1.5__sim_0.7__teacher_ridge__seed_2,condition_recombine_pseudolabel,1.5,0.7,ridge,2,31,46,2.4838709677419355,True,0.7970661593520123,0.7302631735801697,0.85,reaction_role_concat,6144,random_forest,False,valid,r2,0.378017525639047,0,0.01,random,,
condition_recombine_pseudolabel__mult_1.5__sim_0.7__teacher_ridge__seed_2,condition_recombine_pseudolabel,1.5,0.7,ridge,2,31,46,2.4838709677419355,True,0.7970661593520123,0.7302631735801697,0.85,reaction_role_concat,6144,random_forest,False,valid,spearman,0.6703907483760199,0,0.01,random,,
condition_recombine_pseudolabel__mult_1.5__sim_0.7__teacher_ridge__seed_3,condition_recombine_pseudolabel,1.5,0.7,ridge,3,31,46,2.4838709677419355,True,0.8155402953210086,0.7260273694992065,0.85,reaction_role_concat,6144,random_forest,False,valid,rmse,22.597829348958943,0,0.01,random,,
condition_recombine_pseudolabel__mult_1.5__sim_0.7__teacher_ridge__seed_3,condition_recombine_pseudolabel,1.5,0.7,ridge,3,31,46,2.4838709677419355,True,0.8155402953210086,0.7260273694992065,0.85,reaction_role_concat,6144,random_forest,False,valid,mae,17.59258775612976,0,0.01,random,,
condition_recombine_pseudolabel__mult_1.5__sim_0.7__teacher_ridge__seed_3,condition_recombine_pseudolabel,1.5,0.7,ridge,3,31,46,2.4838709677419355,True,0.8155402953210086,0.7260273694992065,0.85,reaction_role_concat,6144,random_forest,False,valid,r2,0.3609345428121853,0,0.01,random,,
condition_recombine_pseudolabel__mult_1.5__sim_0.7__teacher_ridge__seed_3,condition_recombine_pseudolabel,1.5,0.7,ridge,3,31,46,2.4838709677419355,True,0.8155402953210086,0.7260273694992065,0.85,reaction_role_concat,6144,random_forest,False,valid,spearman,0.6850872896061747,0,0.01,random,,
condition_recombine_pseudolabel__mult_1.5__sim_0.7__teacher_ridge__seed_4,condition_recombine_pseudolabel,1.5,0.7,ridge,4,31,46,2.4838709677419355,True,0.8020252720169401,0.7241379022598267,0.85,reaction_role_concat,6144,random_forest,False,valid,rmse,21.619363177371863,0,0.01,random,,
condition_recombine_pseudolabel__mult_1.5__sim_0.7__teacher_ridge__seed_4,condition_recombine_pseudolabel,1.5,0.7,ridge,4,31,46,2.4838709677419355,True,0.8020252720169401,0.7241379022598267,0.85,reaction_role_concat,6144,random_forest,False,valid,mae,16.384748005055176,0,0.01,random,,
condition_recombine_pseudolabel__mult_1.5__sim_0.7__teacher_ridge__seed_4,condition_recombine_pseudolabel,1.5,0.7,ridge,4,31,46,2.4838709677419355,True,0.8020252720169401,0.7241379022598267,0.85,reaction_role_concat,6144,random_forest,False,valid,r2,0.4150783604518389,0,0.01,random,,
condition_recombine_pseudolabel__mult_1.5__sim_0.7__teacher_ridge__seed_4,condition_recombine_pseudolabel,1.5,0.7,ridge,4,31,46,2.4838709677419355,True,0.8020252720169401,0.7241379022598267,0.85,reaction_role_concat,6144,random_forest,False,valid,spearman,0.7025821953658897,0,0.01,random,,
condition_recombine_pseudolabel__mult_1.5__sim_0.7__teacher_rf__seed_0,condition_recombine_pseudolabel,1.5,0.7,random_forest,0,31,46,2.4838709677419355,True,0.8055552474830463,0.716312050819397,0.85,reaction_role_concat,6144,random_forest,False,valid,rmse,21.899486428227075,0,0.01,random,,
condition_recombine_pseudolabel__mult_1.5__sim_0.7__teacher_rf__seed_0,condition_recombine_pseudolabel,1.5,0.7,random_forest,0,31,46,2.4838709677419355,True,0.8055552474830463,0.716312050819397,0.85,reaction_role_concat,6144,random_forest,False,valid,mae,16.527134382172477,0,0.01,random,,
condition_recombine_pseudolabel__mult_1.5__sim_0.7__teacher_rf__seed_0,condition_recombine_pseudolabel,1.5,0.7,random_forest,0,31,46,2.4838709677419355,True,0.8055552474830463,0.716312050819397,0.85,reaction_role_concat,6144,random_forest,False,valid,r2,0.3998224384877107,0,0.01,random,,
condition_recombine_pseudolabel__mult_1.5__sim_0.7__teacher_rf__seed_0,condition_recombine_pseudolabel,1.5,0.7,random_forest,0,31,46,2.4838709677419355,True,0.8055552474830463,0.716312050819397,0.85,reaction_role_concat,6144,random_forest,False,valid,spearman,0.7154862476179331,0,0.01,random,,
condition_recombine_pseudolabel__mult_1.5__sim_0.7__teacher_rf__seed_1,condition_recombine_pseudolabel,1.5,0.7,random_forest,1,31,46,2.4838709677419355,True,0.7979310157506362,0.7371794581413269,0.85,reaction_role_concat,6144,random_forest,False,valid,rmse,21.868677907992286,0,0.01,random,,
condition_recombine_pseudolabel__mult_1.5__sim_0.7__teacher_rf__seed_1,condition_recombine_pseudolabel,1.5,0.7,random_forest,1,31,46,2.4838709677419355,True,0.7979310157506362,0.7371794581413269,0.85,reaction_role_concat,6144,random_forest,False,valid,mae,16.56488694686829,0,0.01,random,,
condition_recombine_pseudolabel__mult_1.5__sim_0.7__teacher_rf__seed_1,condition_recombine_pseudolabel,1.5,0.7,random_forest,1,31,46,2.4838709677419355,True,0.7979310157506362,0.7371794581413269,0.85,reaction_role_concat,6144,random_forest,False,valid,r2,0.4015099279360924,0,0.01,random,,
condition_recombine_pseudolabel__mult_1.5__sim_0.7__teacher_rf__seed_1,condition_recombine_pseudolabel,1.5,0.7,random_forest,1,31,46,2.4838709677419355,True,0.7979310157506362,0.7371794581413269,0.85,reaction_role_concat,6144,random_forest,False,valid,spearman,0.7066903839242249,0,0.01,random,,
condition_recombine_pseudolabel__mult_1.5__sim_0.7__teacher_rf__seed_2,condition_recombine_pseudolabel,1.5,0.7,random_forest,2,31,46,2.4838709677419355,True,0.7970661593520123,0.7302631735801697,0.85,reaction_role_concat,6144,random_forest,False,valid,rmse,22.014311323489576,0,0.01,random,,
condition_recombine_pseudolabel__mult_1.5__sim_0.7__teacher_rf__seed_2,condition_recombine_pseudolabel,1.5,0.7,random_forest,2,31,46,2.4838709677419355,True,0.7970661593520123,0.7302631735801697,0.85,reaction_role_concat,6144,random_forest,False,valid,mae,16.76332587502576,0,0.01,random,,
condition_recombine_pseudolabel__mult_1.5__sim_0.7__teacher_rf__seed_2,condition_recombine_pseudolabel,1.5,0.7,random_forest,2,31,46,2.4838709677419355,True,0.7970661593520123,0.7302631735801697,0.85,reaction_role_concat,6144,random_forest,False,valid,r2,0.39351215384642513,0,0.01,random,,
condition_recombine_pseudolabel__mult_1.5__sim_0.7__teacher_rf__seed_2,condition_recombine_pseudolabel,1.5,0.7,random_forest,2,31,46,2.4838709677419355,True,0.7970661593520123,0.7302631735801697,0.85,reaction_role_concat,6144,random_forest,False,valid,spearman,0.7281047895828944,0,0.01,random,,
condition_recombine_pseudolabel__mult_1.5__sim_0.7__teacher_rf__seed_3,condition_recombine_pseudolabel,1.5,0.7,random_forest,3,31,46,2.4838709677419355,True,0.8155402953210086,0.7260273694992065,0.85,reaction_role_concat,6144,random_forest,False,valid,rmse,22.025077334677047,0,0.01,random,,
condition_recombine_pseudolabel__mult_1.5__sim_0.7__teacher_rf__seed_3,condition_recombine_pseudolabel,1.5,0.7,random_forest,3,31,46,2.4838709677419355,True,0.8155402953210086,0.7260273694992065,0.85,reaction_role_concat,6144,random_forest,False,valid,mae,17.048550760302362,0,0.01,random,,
condition_recombine_pseudolabel__mult_1.5__sim_0.7__teacher_rf__seed_3,condition_recombine_pseudolabel,1.5,0.7,random_forest,3,31,46,2.4838709677419355,True,0.8155402953210086,0.7260273694992065,0.85,reaction_role_concat,6144,random_forest,False,valid,r2,0.39291880786864397,0,0.01,random,,
condition_recombine_pseudolabel__mult_1.5__sim_0.7__teacher_rf__seed_3,condition_recombine_pseudolabel,1.5,0.7,random_forest,3,31,46,2.4838709677419355,True,0.8155402953210086,0.7260273694992065,0.85,reaction_role_concat,6144,random_forest,False,valid,spearman,0.7139992960204755,0,0.01,random,,
condition_recombine_pseudolabel__mult_1.5__sim_0.7__teacher_rf__seed_4,condition_recombine_pseudolabel,1.5,0.7,random_forest,4,31,46,2.4838709677419355,True,0.8020252720169401,0.7241379022598267,0.85,reaction_role_concat,6144,random_forest,False,valid,rmse,21.53417416846146,0,0.01,random,,
condition_recombine_pseudolabel__mult_1.5__sim_0.7__teacher_rf__seed_4,condition_recombine_pseudolabel,1.5,0.7,random_forest,4,31,46,2.4838709677419355,True,0.8020252720169401,0.7241379022598267,0.85,reaction_role_concat,6144,random_forest,False,valid,mae,16.406565123210978,0,0.01,random,,
condition_recombine_pseudolabel__mult_1.5__sim_0.7__teacher_rf__seed_4,condition_recombine_pseudolabel,1.5,0.7,random_forest,4,31,46,2.4838709677419355,True,0.8020252720169401,0.7241379022598267,0.85,reaction_role_concat,6144,random_forest,False,valid,r2,0.419678932761572,0,0.01,random,,
condition_recombine_pseudolabel__mult_1.5__sim_0.7__teacher_rf__seed_4,condition_recombine_pseudolabel,1.5,0.7,random_forest,4,31,46,2.4838709677419355,True,0.8020252720169401,0.7241379022598267,0.85,reaction_role_concat,6144,random_forest,False,valid,spearman,0.7296349767081366,0,0.01,random,,
condition_recombine_pseudolabel__mult_1.5__sim_0.8__teacher_ridge__seed_0,condition_recombine_pseudolabel,1.5,0.8,ridge,0,31,26,1.8387096774193548,True,0.8353718560475569,0.8047337532043457,0.85,reaction_role_concat,6144,random_forest,True,valid,rmse,20.96534411793503,0,0.01,random,,
condition_recombine_pseudolabel__mult_1.5__sim_0.8__teacher_ridge__seed_0,condition_recombine_pseudolabel,1.5,0.8,ridge,0,31,26,1.8387096774193548,True,0.8353718560475569,0.8047337532043457,0.85,reaction_role_concat,6144,random_forest,True,valid,mae,16.07838155108162,0,0.01,random,,
condition_recombine_pseudolabel__mult_1.5__sim_0.8__teacher_ridge__seed_0,condition_recombine_pseudolabel,1.5,0.8,ridge,0,31,26,1.8387096774193548,True,0.8353718560475569,0.8047337532043457,0.85,reaction_role_concat,6144,random_forest,True,valid,r2,0.4499326283949161,0,0.01,random,,
condition_recombine_pseudolabel__mult_1.5__sim_0.8__teacher_ridge__seed_0,condition_recombine_pseudolabel,1.5,0.8,ridge,0,31,26,1.8387096774193548,True,0.8353718560475569,0.8047337532043457,0.85,reaction_role_concat,6144,random_forest,True,valid,spearman,0.7361582830286141,0,0.01,random,,
condition_recombine_pseudolabel__mult_1.5__sim_0.8__teacher_ridge__seed_1,condition_recombine_pseudolabel,1.5,0.8,ridge,1,31,19,1.6129032258064515,True,0.8394958163562575,0.8101266026496887,0.85,reaction_role_concat,6144,random_forest,False,valid,rmse,21.953720134817445,0,0.01,random,,
condition_recombine_pseudolabel__mult_1.5__sim_0.8__teacher_ridge__seed_1,condition_recombine_pseudolabel,1.5,0.8,ridge,1,31,19,1.6129032258064515,True,0.8394958163562575,0.8101266026496887,0.85,reaction_role_concat,6144,random_forest,False,valid,mae,16.90201124944868,0,0.01,random,,
condition_recombine_pseudolabel__mult_1.5__sim_0.8__teacher_ridge__seed_1,condition_recombine_pseudolabel,1.5,0.8,ridge,1,31,19,1.6129032258064515,True,0.8394958163562575,0.8101266026496887,0.85,reaction_role_concat,6144,random_forest,False,valid,r2,0.39684609852099006,0,0.01,random,,
condition_recombine_pseudolabel__mult_1.5__sim_0.8__teacher_ridge__seed_1,condition_recombine_pseudolabel,1.5,0.8,ridge,1,31,19,1.6129032258064515,True,0.8394958163562575,0.8101266026496887,0.85,reaction_role_concat,6144,random_forest,False,valid,spearman,0.6843496564463357,0,0.01,random,,
condition_recombine_pseudolabel__mult_1.5__sim_0.8__teacher_ridge__seed_2,condition_recombine_pseudolabel,1.5,0.8,ridge,2,31,20,1.6451612903225807,True,0.8397703754901886,0.804347813129425,0.85,reaction_role_concat,6144,random_forest,False,valid,rmse,21.689421593426324,0,0.01,random,,
condition_recombine_pseudolabel__mult_1.5__sim_0.8__teacher_ridge__seed_2,condition_recombine_pseudolabel,1.5,0.8,ridge,2,31,20,1.6451612903225807,True,0.8397703754901886,0.804347813129425,0.85,reaction_role_concat,6144,random_forest,False,valid,mae,17.25515613084805,0,0.01,random,,
condition_recombine_pseudolabel__mult_1.5__sim_0.8__teacher_ridge__seed_2,condition_recombine_pseudolabel,1.5,0.8,ridge,2,31,20,1.6451612903225807,True,0.8397703754901886,0.804347813129425,0.85,reaction_role_concat,6144,random_forest,False,valid,r2,0.4112812939256629,0,0.01,random,,
condition_recombine_pseudolabel__mult_1.5__sim_0.8__teacher_ridge__seed_2,condition_recombine_pseudolabel,1.5,0.8,ridge,2,31,20,1.6451612903225807,True,0.8397703754901886,0.804347813129425,0.85,reaction_role_concat,6144,random_forest,False,valid,spearman,0.7109550864042528,0,0.01,random,,
condition_recombine_pseudolabel__mult_1.5__sim_0.8__teacher_ridge__seed_3,condition_recombine_pseudolabel,1.5,0.8,ridge,3,31,30,1.967741935483871,True,0.8379426177342736,0.804347813129425,0.85,reaction_role_concat,6144,random_forest,False,valid,rmse,22.16291338165436,0,0.01,random,,
condition_recombine_pseudolabel__mult_1.5__sim_0.8__teacher_ridge__seed_3,condition_recombine_pseudolabel,1.5,0.8,ridge,3,31,30,1.967741935483871,True,0.8379426177342736,0.804347813129425,0.85,reaction_role_concat,6144,random_forest,False,valid,mae,17.367190454244614,0,0.01,random,,
condition_recombine_pseudolabel__mult_1.5__sim_0.8__teacher_ridge__seed_3,condition_recombine_pseudolabel,1.5,0.8,ridge,3,31,30,1.967741935483871,True,0.8379426177342736,0.804347813129425,0.85,reaction_role_concat,6144,random_forest,False,valid,r2,0.3852966321286483,0,0.01,random,,
condition_recombine_pseudolabel__mult_1.5__sim_0.8__teacher_ridge__seed_3,condition_recombine_pseudolabel,1.5,0.8,ridge,3,31,30,1.967741935483871,True,0.8379426177342736,0.804347813129425,0.85,reaction_role_concat,6144,random_forest,False,valid,spearman,0.7141071900853073,0,0.01,random,,
condition_recombine_pseudolabel__mult_1.5__sim_0.8__teacher_ridge__seed_4,condition_recombine_pseudolabel,1.5,0.8,ridge,4,31,24,1.7741935483870968,True,0.8376519342263541,0.8048780560493469,0.85,reaction_role_concat,6144,random_forest,False,valid,rmse,21.723061549506017,0,0.01,random,,
condition_recombine_pseudolabel__mult_1.5__sim_0.8__teacher_ridge__seed_4,condition_recombine_pseudolabel,1.5,0.8,ridge,4,31,24,1.7741935483870968,True,0.8376519342263541,0.8048780560493469,0.85,reaction_role_concat,6144,random_forest,False,valid,mae,16.865198645926732,0,0.01,random,,
condition_recombine_pseudolabel__mult_1.5__sim_0.8__teacher_ridge__seed_4,condition_recombine_pseudolabel,1.5,0.8,ridge,4,31,24,1.7741935483870968,True,0.8376519342263541,0.8048780560493469,0.85,reaction_role_concat,6144,random_forest,False,valid,r2,0.4094536905897166,0,0.01,random,,
condition_recombine_pseudolabel__mult_1.5__sim_0.8__teacher_ridge__seed_4,condition_recombine_pseudolabel,1.5,0.8,ridge,4,31,24,1.7741935483870968,True,0.8376519342263541,0.8048780560493469,0.85,reaction_role_concat,6144,random_forest,False,valid,spearman,0.7138554697264713,0,0.01,random,,
condition_recombine_pseudolabel__mult_1.5__sim_0.8__teacher_rf__seed_0,condition_recombine_pseudolabel,1.5,0.8,random_forest,0,31,26,1.8387096774193548,True,0.8353718560475569,0.8047337532043457,0.85,reaction_role_concat,6144,random_forest,False,valid,rmse,21.780398432350346,0,0.01,random,,
condition_recombine_pseudolabel__mult_1.5__sim_0.8__teacher_rf__seed_0,condition_recombine_pseudolabel,1.5,0.8,random_forest,0,31,26,1.8387096774193548,True,0.8353718560475569,0.8047337532043457,0.85,reaction_role_concat,6144,random_forest,False,valid,mae,16.321773073724554,0,0.01,random,,
condition_recombine_pseudolabel__mult_1.5__sim_0.8__teacher_rf__seed_0,condition_recombine_pseudolabel,1.5,0.8,random_forest,0,31,26,1.8387096774193548,True,0.8353718560475569,0.8047337532043457,0.85,reaction_role_concat,6144,random_forest,False,valid,r2,0.4063321443528628,0,0.01,random,,
condition_recombine_pseudolabel__mult_1.5__sim_0.8__teacher_rf__seed_0,condition_recombine_pseudolabel,1.5,0.8,random_forest,0,31,26,1.8387096774193548,True,0.8353718560475569,0.8047337532043457,0.85,reaction_role_concat,6144,random_forest,False,valid,spearman,0.7147060605715133,0,0.01,random,,
condition_recombine_pseudolabel__mult_1.5__sim_0.8__teacher_rf__seed_1,condition_recombine_pseudolabel,1.5,0.8,random_forest,1,31,19,1.6129032258064515,True,0.8394958163562575,0.8101266026496887,0.85,reaction_role_concat,6144,random_forest,False,valid,rmse,21.922362844005406,0,0.01,random,,
condition_recombine_pseudolabel__mult_1.5__sim_0.8__teacher_rf__seed_1,condition_recombine_pseudolabel,1.5,0.8,random_forest,1,31,19,1.6129032258064515,True,0.8394958163562575,0.8101266026496887,0.85,reaction_role_concat,6144,random_forest,False,valid,mae,16.831515719591817,0,0.01,random,,
condition_recombine_pseudolabel__mult_1.5__sim_0.8__teacher_rf__seed_1,condition_recombine_pseudolabel,1.5,0.8,random_forest,1,31,19,1.6129032258064515,True,0.8394958163562575,0.8101266026496887,0.85,reaction_role_concat,6144,random_forest,False,valid,r2,0.39856788097264906,0,0.01,random,,
condition_recombine_pseudolabel__mult_1.5__sim_0.8__teacher_rf__seed_1,condition_recombine_pseudolabel,1.5,0.8,random_forest,1,31,19,1.6129032258064515,True,0.8394958163562575,0.8101266026496887,0.85,reaction_role_concat,6144,random_forest,False,valid,spearman,0.7141218940598466,0,0.01,random,,
condition_recombine_pseudolabel__mult_1.5__sim_0.8__teacher_rf__seed_2,condition_recombine_pseudolabel,1.5,0.8,random_forest,2,31,20,1.6451612903225807,True,0.8397703754901886,0.804347813129425,0.85,reaction_role_concat,6144,random_forest,False,valid,rmse,21.385985229324845,0,0.01,random,,
condition_recombine_pseudolabel__mult_1.5__sim_0.8__teacher_rf__seed_2,condition_recombine_pseudolabel,1.5,0.8,random_forest,2,31,20,1.6451612903225807,True,0.8397703754901886,0.804347813129425,0.85,reaction_role_concat,6144,random_forest,False,valid,mae,16.372659331433383,0,0.01,random,,
condition_recombine_pseudolabel__mult_1.5__sim_0.8__teacher_rf__seed_2,condition_recombine_pseudolabel,1.5,0.8,random_forest,2,31,20,1.6451612903225807,True,0.8397703754901886,0.804347813129425,0.85,reaction_role_concat,6144,random_forest,False,valid,r2,0.42763849182042557,0,0.01,random,,
condition_recombine_pseudolabel__mult_1.5__sim_0.8__teacher_rf__seed_2,condition_recombine_pseudolabel,1.5,0.8,random_forest,2,31,20,1.6451612903225807,True,0.8397703754901886,0.804347813129425,0.85,reaction_role_concat,6144,random_forest,False,valid,spearman,0.7393266487212455,0,0.01,random,,
condition_recombine_pseudolabel__mult_1.5__sim_0.8__teacher_rf__seed_3,condition_recombine_pseudolabel,1.5,0.8,random_forest,3,31,30,1.967741935483871,True,0.8379426177342736,0.804347813129425,0.85,reaction_role_concat,6144,random_forest,False,valid,rmse,21.445215915631103,0,0.01,random,,
condition_recombine_pseudolabel__mult_1.5__sim_0.8__teacher_rf__seed_3,condition_recombine_pseudolabel,1.5,0.8,random_forest,3,31,30,1.967741935483871,True,0.8379426177342736,0.804347813129425,0.85,reaction_role_concat,6144,random_forest,False,valid,mae,16.60646328434461,0,0.01,random,,
condition_recombine_pseudolabel__mult_1.5__sim_0.8__teacher_rf__seed_3,condition_recombine_pseudolabel,1.5,0.8,random_forest,3,31,30,1.967741935483871,True,0.8379426177342736,0.804347813129425,0.85,reaction_role_concat,6144,random_forest,False,valid,r2,0.4244636732427691,0,0.01,random,,
condition_recombine_pseudolabel__mult_1.5__sim_0.8__teacher_rf__seed_3,condition_recombine_pseudolabel,1.5,0.8,random_forest,3,31,30,1.967741935483871,True,0.8379426177342736,0.804347813129425,0.85,reaction_role_concat,6144,random_forest,False,valid,spearman,0.7404285704158644,0,0.01,random,,
condition_recombine_pseudolabel__mult_1.5__sim_0.8__teacher_rf__seed_4,condition_recombine_pseudolabel,1.5,0.8,random_forest,4,31,24,1.7741935483870968,True,0.8376519342263541,0.8048780560493469,0.85,reaction_role_concat,6144,random_forest,False,valid,rmse,21.50092645343108,0,0.01,random,,
condition_recombine_pseudolabel__mult_1.5__sim_0.8__teacher_rf__seed_4,condition_recombine_pseudolabel,1.5,0.8,random_forest,4,31,24,1.7741935483870968,True,0.8376519342263541,0.8048780560493469,0.85,reaction_role_concat,6144,random_forest,False,valid,mae,16.629836775698237,0,0.01,random,,
condition_recombine_pseudolabel__mult_1.5__sim_0.8__teacher_rf__seed_4,condition_recombine_pseudolabel,1.5,0.8,random_forest,4,31,24,1.7741935483870968,True,0.8376519342263541,0.8048780560493469,0.85,reaction_role_concat,6144,random_forest,False,valid,r2,0.4214695242698785,0,0.01,random,,
condition_recombine_pseudolabel__mult_1.5__sim_0.8__teacher_rf__seed_4,condition_recombine_pseudolabel,1.5,0.8,random_forest,4,31,24,1.7741935483870968,True,0.8376519342263541,0.8048780560493469,0.85,reaction_role_concat,6144,random_forest,False,valid,spearman,0.7143069457290605,0,0.01,random,,
condition_recombine_pseudolabel__mult_1.5__sim_0.85__teacher_ridge__seed_0,condition_recombine_pseudolabel,1.5,0.85,ridge,0,31,13,1.4193548387096775,True,0.8499999999999999,0.85,0.85,reaction_role_concat,6144,random_forest,False,valid,rmse,21.410792807195165,0,0.01,random,,
condition_recombine_pseudolabel__mult_1.5__sim_0.85__teacher_ridge__seed_0,condition_recombine_pseudolabel,1.5,0.85,ridge,0,31,13,1.4193548387096775,True,0.8499999999999999,0.85,0.85,reaction_role_concat,6144,random_forest,False,valid,mae,16.347461937255495,0,0.01,random,,
condition_recombine_pseudolabel__mult_1.5__sim_0.85__teacher_ridge__seed_0,condition_recombine_pseudolabel,1.5,0.85,ridge,0,31,13,1.4193548387096775,True,0.8499999999999999,0.85,0.85,reaction_role_concat,6144,random_forest,False,valid,r2,0.42630985179373726,0,0.01,random,,
condition_recombine_pseudolabel__mult_1.5__sim_0.85__teacher_ridge__seed_0,condition_recombine_pseudolabel,1.5,0.85,ridge,0,31,13,1.4193548387096775,True,0.8499999999999999,0.85,0.85,reaction_role_concat,6144,random_forest,False,valid,spearman,0.7272966552471183,0,0.01,random,,
condition_recombine_pseudolabel__mult_1.5__sim_0.85__teacher_ridge__seed_1,condition_recombine_pseudolabel,1.5,0.85,ridge,1,31,7,1.2258064516129032,True,0.8499999999999999,0.85,0.85,reaction_role_concat,6144,random_forest,False,valid,rmse,21.940148000859526,0,0.01,random,,
condition_recombine_pseudolabel__mult_1.5__sim_0.85__teacher_ridge__seed_1,condition_recombine_pseudolabel,1.5,0.85,ridge,1,31,7,1.2258064516129032,True,0.8499999999999999,0.85,0.85,reaction_role_concat,6144,random_forest,False,valid,mae,16.71771756871441,0,0.01,random,,
condition_recombine_pseudolabel__mult_1.5__sim_0.85__teacher_ridge__seed_1,condition_recombine_pseudolabel,1.5,0.85,ridge,1,31,7,1.2258064516129032,True,0.8499999999999999,0.85,0.85,reaction_role_concat,6144,random_forest,False,valid,r2,0.3975916263964161,0,0.01,random,,
condition_recombine_pseudolabel__mult_1.5__sim_0.85__teacher_ridge__seed_1,condition_recombine_pseudolabel,1.5,0.85,ridge,1,31,7,1.2258064516129032,True,0.8499999999999999,0.85,0.85,reaction_role_concat,6144,random_forest,False,valid,spearman,0.7197806845792613,0,0.01,random,,
condition_recombine_pseudolabel__mult_1.5__sim_0.85__teacher_ridge__seed_2,condition_recombine_pseudolabel,1.5,0.85,ridge,2,31,11,1.3548387096774193,True,0.85,0.85,0.85,reaction_role_concat,6144,random_forest,False,valid,rmse,22.083532399359864,0,0.01,random,,
condition_recombine_pseudolabel__mult_1.5__sim_0.85__teacher_ridge__seed_2,condition_recombine_pseudolabel,1.5,0.85,ridge,2,31,11,1.3548387096774193,True,0.85,0.85,0.85,reaction_role_concat,6144,random_forest,False,valid,mae,17.381173325463184,0,0.01,random,,
condition_recombine_pseudolabel__mult_1.5__sim_0.85__teacher_ridge__seed_2,condition_recombine_pseudolabel,1.5,0.85,ridge,2,31,11,1.3548387096774193,True,0.85,0.85,0.85,reaction_role_concat,6144,random_forest,False,valid,r2,0.3896921166353853,0,0.01,random,,
condition_recombine_pseudolabel__mult_1.5__sim_0.85__teacher_ridge__seed_2,condition_recombine_pseudolabel,1.5,0.85,ridge,2,31,11,1.3548387096774193,True,0.85,0.85,0.85,reaction_role_concat,6144,random_forest,False,valid,spearman,0.7058345003039048,0,0.01,random,,
condition_recombine_pseudolabel__mult_1.5__sim_0.85__teacher_ridge__seed_3,condition_recombine_pseudolabel,1.5,0.85,ridge,3,31,18,1.5806451612903225,True,0.85,0.85,0.85,reaction_role_concat,6144,random_forest,False,valid,rmse,21.883664975271074,0,0.01,random,,
condition_recombine_pseudolabel__mult_1.5__sim_0.85__teacher_ridge__seed_3,condition_recombine_pseudolabel,1.5,0.85,ridge,3,31,18,1.5806451612903225,True,0.85,0.85,0.85,reaction_role_concat,6144,random_forest,False,valid,mae,17.095902545014514,0,0.01,random,,
condition_recombine_pseudolabel__mult_1.5__sim_0.85__teacher_ridge__seed_3,condition_recombine_pseudolabel,1.5,0.85,ridge,3,31,18,1.5806451612903225,True,0.85,0.85,0.85,reaction_role_concat,6144,random_forest,False,valid,r2,0.4006893310490315,0,0.01,random,,
condition_recombine_pseudolabel__mult_1.5__sim_0.85__teacher_ridge__seed_3,condition_recombine_pseudolabel,1.5,0.85,ridge,3,31,18,1.5806451612903225,True,0.85,0.85,0.85,reaction_role_concat,6144,random_forest,False,valid,spearman,0.7310799586829025,0,0.01,random,,
condition_recombine_pseudolabel__mult_1.5__sim_0.85__teacher_ridge__seed_4,condition_recombine_pseudolabel,1.5,0.85,ridge,4,31,14,1.4516129032258065,True,0.8499999999999999,0.85,0.85,reaction_role_concat,6144,random_forest,False,valid,rmse,21.355289872529912,0,0.01,random,,
condition_recombine_pseudolabel__mult_1.5__sim_0.85__teacher_ridge__seed_4,condition_recombine_pseudolabel,1.5,0.85,ridge,4,31,14,1.4516129032258065,True,0.8499999999999999,0.85,0.85,reaction_role_concat,6144,random_forest,False,valid,mae,16.504740176276318,0,0.01,random,,
condition_recombine_pseudolabel__mult_1.5__sim_0.85__teacher_ridge__seed_4,condition_recombine_pseudolabel,1.5,0.85,ridge,4,31,14,1.4516129032258065,True,0.8499999999999999,0.85,0.85,reaction_role_concat,6144,random_forest,False,valid,r2,0.42928033644165997,0,0.01,random,,
condition_recombine_pseudolabel__mult_1.5__sim_0.85__teacher_ridge__seed_4,condition_recombine_pseudolabel,1.5,0.85,ridge,4,31,14,1.4516129032258065,True,0.8499999999999999,0.85,0.85,reaction_role_concat,6144,random_forest,False,valid,spearman,0.72428432326956,0,0.01,random,,
condition_recombine_pseudolabel__mult_1.5__sim_0.85__teacher_rf__seed_0,condition_recombine_pseudolabel,1.5,0.85,random_forest,0,31,13,1.4193548387096775,True,0.8499999999999999,0.85,0.85,reaction_role_concat,6144,random_forest,False,valid,rmse,21.66361954299397,0,0.01,random,,
condition_recombine_pseudolabel__mult_1.5__sim_0.85__teacher_rf__seed_0,condition_recombine_pseudolabel,1.5,0.85,random_forest,0,31,13,1.4193548387096775,True,0.8499999999999999,0.85,0.85,reaction_role_concat,6144,random_forest,False,valid,mae,16.617190280929396,0,0.01,random,,
condition_recombine_pseudolabel__mult_1.5__sim_0.85__teacher_rf__seed_0,condition_recombine_pseudolabel,1.5,0.85,random_forest,0,31,13,1.4193548387096775,True,0.8499999999999999,0.85,0.85,reaction_role_concat,6144,random_forest,False,valid,r2,0.4126811573999386,0,0.01,random,,
condition_recombine_pseudolabel__mult_1.5__sim_0.85__teacher_rf__seed_0,condition_recombine_pseudolabel,1.5,0.85,random_forest,0,31,13,1.4193548387096775,True,0.8499999999999999,0.85,0.85,reaction_role_concat,6144,random_forest,False,valid,spearman,0.7124759253072712,0,0.01,random,,
condition_recombine_pseudolabel__mult_1.5__sim_0.85__teacher_rf__seed_1,condition_recombine_pseudolabel,1.5,0.85,random_forest,1,31,7,1.2258064516129032,True,0.8499999999999999,0.85,0.85,reaction_role_concat,6144,random_forest,False,valid,rmse,21.711198411302217,0,0.01,random,,
condition_recombine_pseudolabel__mult_1.5__sim_0.85__teacher_rf__seed_1,condition_recombine_pseudolabel,1.5,0.85,random_forest,1,31,7,1.2258064516129032,True,0.8499999999999999,0.85,0.85,reaction_role_concat,6144,random_forest,False,valid,mae,16.659842909725405,0,0.01,random,,
condition_recombine_pseudolabel__mult_1.5__sim_0.85__teacher_rf__seed_1,condition_recombine_pseudolabel,1.5,0.85,random_forest,1,31,7,1.2258064516129032,True,0.8499999999999999,0.85,0.85,reaction_role_concat,6144,random_forest,False,valid,r2,0.4100985186241958,0,0.01,random,,
condition_recombine_pseudolabel__mult_1.5__sim_0.85__teacher_rf__seed_1,condition_recombine_pseudolabel,1.5,0.85,random_forest,1,31,7,1.2258064516129032,True,0.8499999999999999,0.85,0.85,reaction_role_concat,6144,random_forest,False,valid,spearman,0.7304206524396064,0,0.01,random,,
condition_recombine_pseudolabel__mult_1.5__sim_0.85__teacher_rf__seed_2,condition_recombine_pseudolabel,1.5,0.85,random_forest,2,31,11,1.3548387096774193,True,0.85,0.85,0.85,reaction_role_concat,6144,random_forest,False,valid,rmse,21.654963788580623,0,0.01,random,,
condition_recombine_pseudolabel__mult_1.5__sim_0.85__teacher_rf__seed_2,condition_recombine_pseudolabel,1.5,0.85,random_forest,2,31,11,1.3548387096774193,True,0.85,0.85,0.85,reaction_role_concat,6144,random_forest,False,valid,mae,16.53275678453868,0,0.01,random,,
condition_recombine_pseudolabel__mult_1.5__sim_0.85__teacher_rf__seed_2,condition_recombine_pseudolabel,1.5,0.85,random_forest,2,31,11,1.3548387096774193,True,0.85,0.85,0.85,reaction_role_concat,6144,random_forest,False,valid,r2,0.4131503931205537,0,0.01,random,,
condition_recombine_pseudolabel__mult_1.5__sim_0.85__teacher_rf__seed_2,condition_recombine_pseudolabel,1.5,0.85,random_forest,2,31,11,1.3548387096774193,True,0.85,0.85,0.85,reaction_role_concat,6144,random_forest,False,valid,spearman,0.7353889406614061,0,0.01,random,,
condition_recombine_pseudolabel__mult_1.5__sim_0.85__teacher_rf__seed_3,condition_recombine_pseudolabel,1.5,0.85,random_forest,3,31,18,1.5806451612903225,True,0.85,0.85,0.85,reaction_role_concat,6144,random_forest,False,valid,rmse,21.744283402461335,0,0.01,random,,
condition_recombine_pseudolabel__mult_1.5__sim_0.85__teacher_rf__seed_3,condition_recombine_pseudolabel,1.5,0.85,random_forest,3,31,18,1.5806451612903225,True,0.85,0.85,0.85,reaction_role_concat,6144,random_forest,False,valid,mae,16.821250189977356,0,0.01,random,,
condition_recombine_pseudolabel__mult_1.5__sim_0.85__teacher_rf__seed_3,condition_recombine_pseudolabel,1.5,0.85,random_forest,3,31,18,1.5806451612903225,True,0.85,0.85,0.85,reaction_role_concat,6144,random_forest,False,valid,r2,0.40829928529765736,0,0.01,random,,
condition_recombine_pseudolabel__mult_1.5__sim_0.85__teacher_rf__seed_3,condition_recombine_pseudolabel,1.5,0.85,random_forest,3,31,18,1.5806451612903225,True,0.85,0.85,0.85,reaction_role_concat,6144,random_forest,False,valid,spearman,0.7212296941319571,0,0.01,random,,
condition_recombine_pseudolabel__mult_1.5__sim_0.85__teacher_rf__seed_4,condition_recombine_pseudolabel,1.5,0.85,random_forest,4,31,14,1.4516129032258065,True,0.8499999999999999,0.85,0.85,reaction_role_concat,6144,random_forest,False,valid,rmse,21.466076836212466,0,0.01,random,,
condition_recombine_pseudolabel__mult_1.5__sim_0.85__teacher_rf__seed_4,condition_recombine_pseudolabel,1.5,0.85,random_forest,4,31,14,1.4516129032258065,True,0.8499999999999999,0.85,0.85,reaction_role_concat,6144,random_forest,False,valid,mae,16.369976009196876,0,0.01,random,,
condition_recombine_pseudolabel__mult_1.5__sim_0.85__teacher_rf__seed_4,condition_recombine_pseudolabel,1.5,0.85,random_forest,4,31,14,1.4516129032258065,True,0.8499999999999999,0.85,0.85,reaction_role_concat,6144,random_forest,False,valid,r2,0.42334341805859976,0,0.01,random,,
condition_recombine_pseudolabel__mult_1.5__sim_0.85__teacher_rf__seed_4,condition_recombine_pseudolabel,1.5,0.85,random_forest,4,31,14,1.4516129032258065,True,0.8499999999999999,0.85,0.85,reaction_role_concat,6144,random_forest,False,valid,spearman,0.7240544775498456,0,0.01,random,,
condition_recombine_pseudolabel__mult_1.5__sim_0.9__teacher_ridge__seed_0,condition_recombine_pseudolabel,1.5,0.9,ridge,0,31,9,1.2903225806451613,True,0.85,0.85,0.85,reaction_role_concat,6144,random_forest,False,valid,rmse,21.57722775714227,0,0.01,random,,
condition_recombine_pseudolabel__mult_1.5__sim_0.9__teacher_ridge__seed_0,condition_recombine_pseudolabel,1.5,0.9,ridge,0,31,9,1.2903225806451613,True,0.85,0.85,0.85,reaction_role_concat,6144,random_forest,False,valid,mae,16.396235153044326,0,0.01,random,,
condition_recombine_pseudolabel__mult_1.5__sim_0.9__teacher_ridge__seed_0,condition_recombine_pseudolabel,1.5,0.9,ridge,0,31,9,1.2903225806451613,True,0.85,0.85,0.85,reaction_role_concat,6144,random_forest,False,valid,r2,0.41735612431039393,0,0.01,random,,
condition_recombine_pseudolabel__mult_1.5__sim_0.9__teacher_ridge__seed_0,condition_recombine_pseudolabel,1.5,0.9,ridge,0,31,9,1.2903225806451613,True,0.85,0.85,0.85,reaction_role_concat,6144,random_forest,False,valid,spearman,0.7307979539791541,0,0.01,random,,
condition_recombine_pseudolabel__mult_1.5__sim_0.9__teacher_ridge__seed_1,condition_recombine_pseudolabel,1.5,0.9,ridge,1,31,4,1.1290322580645162,True,0.85,0.85,0.85,reaction_role_concat,6144,random_forest,False,valid,rmse,21.6426376799374,0,0.01,random,,
condition_recombine_pseudolabel__mult_1.5__sim_0.9__teacher_ridge__seed_1,condition_recombine_pseudolabel,1.5,0.9,ridge,1,31,4,1.1290322580645162,True,0.85,0.85,0.85,reaction_role_concat,6144,random_forest,False,valid,mae,16.57817021210284,0,0.01,random,,
condition_recombine_pseudolabel__mult_1.5__sim_0.9__teacher_ridge__seed_1,condition_recombine_pseudolabel,1.5,0.9,ridge,1,31,4,1.1290322580645162,True,0.85,0.85,0.85,reaction_role_concat,6144,random_forest,False,valid,r2,0.4138182781736427,0,0.01,random,,
condition_recombine_pseudolabel__mult_1.5__sim_0.9__teacher_ridge__seed_1,condition_recombine_pseudolabel,1.5,0.9,ridge,1,31,4,1.1290322580645162,True,0.85,0.85,0.85,reaction_role_concat,6144,random_forest,False,valid,spearman,0.7260682404205349,0,0.01,random,,
condition_recombine_pseudolabel__mult_1.5__sim_0.9__teacher_ridge__seed_2,condition_recombine_pseudolabel,1.5,0.9,ridge,2,31,8,1.2580645161290323,True,0.85,0.85,0.85,reaction_role_concat,6144,random_forest,False,valid,rmse,22.1059923846671,0,0.01,random,,
condition_recombine_pseudolabel__mult_1.5__sim_0.9__teacher_ridge__seed_2,condition_recombine_pseudolabel,1.5,0.9,ridge,2,31,8,1.2580645161290323,True,0.85,0.85,0.85,reaction_role_concat,6144,random_forest,False,valid,mae,17.231331944468657,0,0.01,random,,
condition_recombine_pseudolabel__mult_1.5__sim_0.9__teacher_ridge__seed_2,condition_recombine_pseudolabel,1.5,0.9,ridge,2,31,8,1.2580645161290323,True,0.85,0.85,0.85,reaction_role_concat,6144,random_forest,False,valid,r2,0.3884500620190632,0,0.01,random,,
condition_recombine_pseudolabel__mult_1.5__sim_0.9__teacher_ridge__seed_2,condition_recombine_pseudolabel,1.5,0.9,ridge,2,31,8,1.2580645161290323,True,0.85,0.85,0.85,reaction_role_concat,6144,random_forest,False,valid,spearman,0.7031235158590309,0,0.01,random,,
condition_recombine_pseudolabel__mult_1.5__sim_0.9__teacher_ridge__seed_3,condition_recombine_pseudolabel,1.5,0.9,ridge,3,31,12,1.3870967741935485,True,0.85,0.85,0.85,reaction_role_concat,6144,random_forest,False,valid,rmse,21.64930637506846,0,0.01,random,,
condition_recombine_pseudolabel__mult_1.5__sim_0.9__teacher_ridge__seed_3,condition_recombine_pseudolabel,1.5,0.9,ridge,3,31,12,1.3870967741935485,True,0.85,0.85,0.85,reaction_role_concat,6144,random_forest,False,valid,mae,16.64439603205874,0,0.01,random,,
condition_recombine_pseudolabel__mult_1.5__sim_0.9__teacher_ridge__seed_3,condition_recombine_pseudolabel,1.5,0.9,ridge,3,31,12,1.3870967741935485,True,0.85,0.85,0.85,reaction_role_concat,6144,random_forest,False,valid,r2,0.4134569849248322,0,0.01,random,,
condition_recombine_pseudolabel__mult_1.5__sim_0.9__teacher_ridge__seed_3,condition_recombine_pseudolabel,1.5,0.9,ridge,3,31,12,1.3870967741935485,True,0.85,0.85,0.85,reaction_role_concat,6144,random_forest,False,valid,spearman,0.7330582762109937,0,0.01,random,,
condition_recombine_pseudolabel__mult_1.5__sim_0.9__teacher_ridge__seed_4,condition_recombine_pseudolabel,1.5,0.9,ridge,4,31,8,1.2580645161290323,True,0.85,0.85,0.85,reaction_role_concat,6144,random_forest,False,valid,rmse,21.95665711723087,0,0.01,random,,
condition_recombine_pseudolabel__mult_1.5__sim_0.9__teacher_ridge__seed_4,condition_recombine_pseudolabel,1.5,0.9,ridge,4,31,8,1.2580645161290323,True,0.85,0.85,0.85,reaction_role_concat,6144,random_forest,False,valid,mae,16.869887122133107,0,0.01,random,,
condition_recombine_pseudolabel__mult_1.5__sim_0.9__teacher_ridge__seed_4,condition_recombine_pseudolabel,1.5,0.9,ridge,4,31,8,1.2580645161290323,True,0.85,0.85,0.85,reaction_role_concat,6144,random_forest,False,valid,r2,0.3966847071136699,0,0.01,random,,
condition_recombine_pseudolabel__mult_1.5__sim_0.9__teacher_ridge__seed_4,condition_recombine_pseudolabel,1.5,0.9,ridge,4,31,8,1.2580645161290323,True,0.85,0.85,0.85,reaction_role_concat,6144,random_forest,False,valid,spearman,0.7099209393207555,0,0.01,random,,
condition_recombine_pseudolabel__mult_1.5__sim_0.9__teacher_rf__seed_0,condition_recombine_pseudolabel,1.5,0.9,random_forest,0,31,9,1.2903225806451613,True,0.85,0.85,0.85,reaction_role_concat,6144,random_forest,False,valid,rmse,21.596710507283515,0,0.01,random,,
condition_recombine_pseudolabel__mult_1.5__sim_0.9__teacher_rf__seed_0,condition_recombine_pseudolabel,1.5,0.9,random_forest,0,31,9,1.2903225806451613,True,0.85,0.85,0.85,reaction_role_concat,6144,random_forest,False,valid,mae,16.561529168795936,0,0.01,random,,
condition_recombine_pseudolabel__mult_1.5__sim_0.9__teacher_rf__seed_0,condition_recombine_pseudolabel,1.5,0.9,random_forest,0,31,9,1.2903225806451613,True,0.85,0.85,0.85,reaction_role_concat,6144,random_forest,False,valid,r2,0.4163034747306872,0,0.01,random,,
condition_recombine_pseudolabel__mult_1.5__sim_0.9__teacher_rf__seed_0,condition_recombine_pseudolabel,1.5,0.9,random_forest,0,31,9,1.2903225806451613,True,0.85,0.85,0.85,reaction_role_concat,6144,random_forest,False,valid,spearman,0.7143061319395055,0,0.01,random,,
condition_recombine_pseudolabel__mult_1.5__sim_0.9__teacher_rf__seed_1,condition_recombine_pseudolabel,1.5,0.9,random_forest,1,31,4,1.1290322580645162,True,0.85,0.85,0.85,reaction_role_concat,6144,random_forest,False,valid,rmse,21.70517202614076,0,0.01,random,,
condition_recombine_pseudolabel__mult_1.5__sim_0.9__teacher_rf__seed_1,condition_recombine_pseudolabel,1.5,0.9,random_forest,1,31,4,1.1290322580645162,True,0.85,0.85,0.85,reaction_role_concat,6144,random_forest,False,valid,mae,16.787214306556727,0,0.01,random,,
condition_recombine_pseudolabel__mult_1.5__sim_0.9__teacher_rf__seed_1,condition_recombine_pseudolabel,1.5,0.9,random_forest,1,31,4,1.1290322580645162,True,0.85,0.85,0.85,reaction_role_concat,6144,random_forest,False,valid,r2,0.41042595150828665,0,0.01,random,,
condition_recombine_pseudolabel__mult_1.5__sim_0.9__teacher_rf__seed_1,condition_recombine_pseudolabel,1.5,0.9,random_forest,1,31,4,1.1290322580645162,True,0.85,0.85,0.85,reaction_role_concat,6144,random_forest,False,valid,spearman,0.7246953176587433,0,0.01,random,,
condition_recombine_pseudolabel__mult_1.5__sim_0.9__teacher_rf__seed_2,condition_recombine_pseudolabel,1.5,0.9,random_forest,2,31,8,1.2580645161290323,True,0.85,0.85,0.85,reaction_role_concat,6144,random_forest,False,valid,rmse,22.00215158049348,0,0.01,random,,
condition_recombine_pseudolabel__mult_1.5__sim_0.9__teacher_rf__seed_2,condition_recombine_pseudolabel,1.5,0.9,random_forest,2,31,8,1.2580645161290323,True,0.85,0.85,0.85,reaction_role_concat,6144,random_forest,False,valid,mae,16.77083763237543,0,0.01,random,,
condition_recombine_pseudolabel__mult_1.5__sim_0.9__teacher_rf__seed_2,condition_recombine_pseudolabel,1.5,0.9,random_forest,2,31,8,1.2580645161290323,True,0.85,0.85,0.85,reaction_role_concat,6144,random_forest,False,valid,r2,0.3941819635434173,0,0.01,random,,
condition_recombine_pseudolabel__mult_1.5__sim_0.9__teacher_rf__seed_2,condition_recombine_pseudolabel,1.5,0.9,random_forest,2,31,8,1.2580645161290323,True,0.85,0.85,0.85,reaction_role_concat,6144,random_forest,False,valid,spearman,0.727100634712365,0,0.01,random,,
condition_recombine_pseudolabel__mult_1.5__sim_0.9__teacher_rf__seed_3,condition_recombine_pseudolabel,1.5,0.9,random_forest,3,31,12,1.3870967741935485,True,0.85,0.85,0.85,reaction_role_concat,6144,random_forest,False,valid,rmse,21.845768432471257,0,0.01,random,,
condition_recombine_pseudolabel__mult_1.5__sim_0.9__teacher_rf__seed_3,condition_recombine_pseudolabel,1.5,0.9,random_forest,3,31,12,1.3870967741935485,True,0.85,0.85,0.85,reaction_role_concat,6144,random_forest,False,valid,mae,16.84458957808833,0,0.01,random,,
condition_recombine_pseudolabel__mult_1.5__sim_0.9__teacher_rf__seed_3,condition_recombine_pseudolabel,1.5,0.9,random_forest,3,31,12,1.3870967741935485,True,0.85,0.85,0.85,reaction_role_concat,6144,random_forest,False,valid,r2,0.4027632192315065,0,0.01,random,,
condition_recombine_pseudolabel__mult_1.5__sim_0.9__teacher_rf__seed_3,condition_recombine_pseudolabel,1.5,0.9,random_forest,3,31,12,1.3870967741935485,True,0.85,0.85,0.85,reaction_role_concat,6144,random_forest,False,valid,spearman,0.7277729631204881,0,0.01,random,,
condition_recombine_pseudolabel__mult_1.5__sim_0.9__teacher_rf__seed_4,condition_recombine_pseudolabel,1.5,0.9,random_forest,4,31,8,1.2580645161290323,True,0.85,0.85,0.85,reaction_role_concat,6144,random_forest,False,valid,rmse,21.838456332307945,0,0.01,random,,
condition_recombine_pseudolabel__mult_1.5__sim_0.9__teacher_rf__seed_4,condition_recombine_pseudolabel,1.5,0.9,random_forest,4,31,8,1.2580645161290323,True,0.85,0.85,0.85,reaction_role_concat,6144,random_forest,False,valid,mae,16.679092010965828,0,0.01,random,,
condition_recombine_pseudolabel__mult_1.5__sim_0.9__teacher_rf__seed_4,condition_recombine_pseudolabel,1.5,0.9,random_forest,4,31,8,1.2580645161290323,True,0.85,0.85,0.85,reaction_role_concat,6144,random_forest,False,valid,r2,0.40316296019890496,0,0.01,random,,
condition_recombine_pseudolabel__mult_1.5__sim_0.9__teacher_rf__seed_4,condition_recombine_pseudolabel,1.5,0.9,random_forest,4,31,8,1.2580645161290323,True,0.85,0.85,0.85,reaction_role_concat,6144,random_forest,False,valid,spearman,0.7135044245065082,0,0.01,random,,
condition_recombine_pseudolabel__mult_1.5__sim_0.95__teacher_ridge__seed_0,condition_recombine_pseudolabel,1.5,0.95,ridge,0,31,0,1.0,True,,,,reaction_role_concat,6144,random_forest,False,valid,rmse,21.686243649115106,0,0.01,random,,
condition_recombine_pseudolabel__mult_1.5__sim_0.95__teacher_ridge__seed_0,condition_recombine_pseudolabel,1.5,0.95,ridge,0,31,0,1.0,True,,,,reaction_role_concat,6144,random_forest,False,valid,mae,16.569035775652413,0,0.01,random,,
condition_recombine_pseudolabel__mult_1.5__sim_0.95__teacher_ridge__seed_0,condition_recombine_pseudolabel,1.5,0.95,ridge,0,31,0,1.0,True,,,,reaction_role_concat,6144,random_forest,False,valid,r2,0.411453799973473,0,0.01,random,,
condition_recombine_pseudolabel__mult_1.5__sim_0.95__teacher_ridge__seed_0,condition_recombine_pseudolabel,1.5,0.95,ridge,0,31,0,1.0,True,,,,reaction_role_concat,6144,random_forest,False,valid,spearman,0.732012930736291,0,0.01,random,,
condition_recombine_pseudolabel__mult_1.5__sim_0.95__teacher_ridge__seed_1,condition_recombine_pseudolabel,1.5,0.95,ridge,1,31,0,1.0,True,,,,reaction_role_concat,6144,random_forest,False,valid,rmse,21.686243649115106,0,0.01,random,,
condition_recombine_pseudolabel__mult_1.5__sim_0.95__teacher_ridge__seed_1,condition_recombine_pseudolabel,1.5,0.95,ridge,1,31,0,1.0,True,,,,reaction_role_concat,6144,random_forest,False,valid,mae,16.569035775652413,0,0.01,random,,
condition_recombine_pseudolabel__mult_1.5__sim_0.95__teacher_ridge__seed_1,condition_recombine_pseudolabel,1.5,0.95,ridge,1,31,0,1.0,True,,,,reaction_role_concat,6144,random_forest,False,valid,r2,0.411453799973473,0,0.01,random,,
condition_recombine_pseudolabel__mult_1.5__sim_0.95__teacher_ridge__seed_1,condition_recombine_pseudolabel,1.5,0.95,ridge,1,31,0,1.0,True,,,,reaction_role_concat,6144,random_forest,False,valid,spearman,0.732012930736291,0,0.01,random,,
condition_recombine_pseudolabel__mult_1.5__sim_0.95__teacher_ridge__seed_2,condition_recombine_pseudolabel,1.5,0.95,ridge,2,31,0,1.0,True,,,,reaction_role_concat,6144,random_forest,False,valid,rmse,21.686243649115106,0,0.01,random,,
condition_recombine_pseudolabel__mult_1.5__sim_0.95__teacher_ridge__seed_2,condition_recombine_pseudolabel,1.5,0.95,ridge,2,31,0,1.0,True,,,,reaction_role_concat,6144,random_forest,False,valid,mae,16.569035775652413,0,0.01,random,,
condition_recombine_pseudolabel__mult_1.5__sim_0.95__teacher_ridge__seed_2,condition_recombine_pseudolabel,1.5,0.95,ridge,2,31,0,1.0,True,,,,reaction_role_concat,6144,random_forest,False,valid,r2,0.411453799973473,0,0.01,random,,
condition_recombine_pseudolabel__mult_1.5__sim_0.95__teacher_ridge__seed_2,condition_recombine_pseudolabel,1.5,0.95,ridge,2,31,0,1.0,True,,,,reaction_role_concat,6144,random_forest,False,valid,spearman,0.732012930736291,0,0.01,random,,
condition_recombine_pseudolabel__mult_1.5__sim_0.95__teacher_ridge__seed_3,condition_recombine_pseudolabel,1.5,0.95,ridge,3,31,0,1.0,True,,,,reaction_role_concat,6144,random_forest,False,valid,rmse,21.686243649115106,0,0.01,random,,
condition_recombine_pseudolabel__mult_1.5__sim_0.95__teacher_ridge__seed_3,condition_recombine_pseudolabel,1.5,0.95,ridge,3,31,0,1.0,True,,,,reaction_role_concat,6144,random_forest,False,valid,mae,16.569035775652413,0,0.01,random,,
condition_recombine_pseudolabel__mult_1.5__sim_0.95__teacher_ridge__seed_3,condition_recombine_pseudolabel,1.5,0.95,ridge,3,31,0,1.0,True,,,,reaction_role_concat,6144,random_forest,False,valid,r2,0.411453799973473,0,0.01,random,,
condition_recombine_pseudolabel__mult_1.5__sim_0.95__teacher_ridge__seed_3,condition_recombine_pseudolabel,1.5,0.95,ridge,3,31,0,1.0,True,,,,reaction_role_concat,6144,random_forest,False,valid,spearman,0.732012930736291,0,0.01,random,,
condition_recombine_pseudolabel__mult_1.5__sim_0.95__teacher_ridge__seed_4,condition_recombine_pseudolabel,1.5,0.95,ridge,4,31,0,1.0,True,,,,reaction_role_concat,6144,random_forest,False,valid,rmse,21.686243649115106,0,0.01,random,,
condition_recombine_pseudolabel__mult_1.5__sim_0.95__teacher_ridge__seed_4,condition_recombine_pseudolabel,1.5,0.95,ridge,4,31,0,1.0,True,,,,reaction_role_concat,6144,random_forest,False,valid,mae,16.569035775652413,0,0.01,random,,
condition_recombine_pseudolabel__mult_1.5__sim_0.95__teacher_ridge__seed_4,condition_recombine_pseudolabel,1.5,0.95,ridge,4,31,0,1.0,True,,,,reaction_role_concat,6144,random_forest,False,valid,r2,0.411453799973473,0,0.01,random,,
condition_recombine_pseudolabel__mult_1.5__sim_0.95__teacher_ridge__seed_4,condition_recombine_pseudolabel,1.5,0.95,ridge,4,31,0,1.0,True,,,,reaction_role_concat,6144,random_forest,False,valid,spearman,0.732012930736291,0,0.01,random,,
condition_recombine_pseudolabel__mult_1.5__sim_0.95__teacher_rf__seed_0,condition_recombine_pseudolabel,1.5,0.95,random_forest,0,31,0,1.0,True,,,,reaction_role_concat,6144,random_forest,False,valid,rmse,21.686243649115106,0,0.01,random,,
condition_recombine_pseudolabel__mult_1.5__sim_0.95__teacher_rf__seed_0,condition_recombine_pseudolabel,1.5,0.95,random_forest,0,31,0,1.0,True,,,,reaction_role_concat,6144,random_forest,False,valid,mae,16.569035775652413,0,0.01,random,,
condition_recombine_pseudolabel__mult_1.5__sim_0.95__teacher_rf__seed_0,condition_recombine_pseudolabel,1.5,0.95,random_forest,0,31,0,1.0,True,,,,reaction_role_concat,6144,random_forest,False,valid,r2,0.411453799973473,0,0.01,random,,
condition_recombine_pseudolabel__mult_1.5__sim_0.95__teacher_rf__seed_0,condition_recombine_pseudolabel,1.5,0.95,random_forest,0,31,0,1.0,True,,,,reaction_role_concat,6144,random_forest,False,valid,spearman,0.732012930736291,0,0.01,random,,
condition_recombine_pseudolabel__mult_1.5__sim_0.95__teacher_rf__seed_1,condition_recombine_pseudolabel,1.5,0.95,random_forest,1,31,0,1.0,True,,,,reaction_role_concat,6144,random_forest,False,valid,rmse,21.686243649115106,0,0.01,random,,
condition_recombine_pseudolabel__mult_1.5__sim_0.95__teacher_rf__seed_1,condition_recombine_pseudolabel,1.5,0.95,random_forest,1,31,0,1.0,True,,,,reaction_role_concat,6144,random_forest,False,valid,mae,16.569035775652413,0,0.01,random,,
condition_recombine_pseudolabel__mult_1.5__sim_0.95__teacher_rf__seed_1,condition_recombine_pseudolabel,1.5,0.95,random_forest,1,31,0,1.0,True,,,,reaction_role_concat,6144,random_forest,False,valid,r2,0.411453799973473,0,0.01,random,,
condition_recombine_pseudolabel__mult_1.5__sim_0.95__teacher_rf__seed_1,condition_recombine_pseudolabel,1.5,0.95,random_forest,1,31,0,1.0,True,,,,reaction_role_concat,6144,random_forest,False,valid,spearman,0.732012930736291,0,0.01,random,,
condition_recombine_pseudolabel__mult_1.5__sim_0.95__teacher_rf__seed_2,condition_recombine_pseudolabel,1.5,0.95,random_forest,2,31,0,1.0,True,,,,reaction_role_concat,6144,random_forest,False,valid,rmse,21.686243649115106,0,0.01,random,,
condition_recombine_pseudolabel__mult_1.5__sim_0.95__teacher_rf__seed_2,condition_recombine_pseudolabel,1.5,0.95,random_forest,2,31,0,1.0,True,,,,reaction_role_concat,6144,random_forest,False,valid,mae,16.569035775652413,0,0.01,random,,
condition_recombine_pseudolabel__mult_1.5__sim_0.95__teacher_rf__seed_2,condition_recombine_pseudolabel,1.5,0.95,random_forest,2,31,0,1.0,True,,,,reaction_role_concat,6144,random_forest,False,valid,r2,0.411453799973473,0,0.01,random,,
condition_recombine_pseudolabel__mult_1.5__sim_0.95__teacher_rf__seed_2,condition_recombine_pseudolabel,1.5,0.95,random_forest,2,31,0,1.0,True,,,,reaction_role_concat,6144,random_forest,False,valid,spearman,0.732012930736291,0,0.01,random,,
condition_recombine_pseudolabel__mult_1.5__sim_0.95__teacher_rf__seed_3,condition_recombine_pseudolabel,1.5,0.95,random_forest,3,31,0,1.0,True,,,,reaction_role_concat,6144,random_forest,False,valid,rmse,21.686243649115106,0,0.01,random,,
condition_recombine_pseudolabel__mult_1.5__sim_0.95__teacher_rf__seed_3,condition_recombine_pseudolabel,1.5,0.95,random_forest,3,31,0,1.0,True,,,,reaction_role_concat,6144,random_forest,False,valid,mae,16.569035775652413,0,0.01,random,,
condition_recombine_pseudolabel__mult_1.5__sim_0.95__teacher_rf__seed_3,condition_recombine_pseudolabel,1.5,0.95,random_forest,3,31,0,1.0,True,,,,reaction_role_concat,6144,random_forest,False,valid,r2,0.411453799973473,0,0.01,random,,
condition_recombine_pseudolabel__mult_1.5__sim_0.95__teacher_rf__seed_3,condition_recombine_pseudolabel,1.5,0.95,random_forest,3,31,0,1.0,True,,,,reaction_role_concat,6144,random_forest,False,valid,spearman,0.732012930736291,0,0.01,random,,
condition_recombine_pseudolabel__mult_1.5__sim_0.95__teacher_rf__seed_4,condition_recombine_pseudolabel,1.5,0.95,random_forest,4,31,0,1.0,True,,,,reaction_role_concat,6144,random_forest,False,valid,rmse,21.686243649115106,0,0.01,random,,
condition_recombine_pseudolabel__mult_1.5__sim_0.95__teacher_rf__seed_4,condition_recombine_pseudolabel,1.5,0.95,random_forest,4,31,0,1.0,True,,,,reaction_role_concat,6144,random_forest,False,valid,mae,16.569035775652413,0,0.01,random,,
condition_recombine_pseudolabel__mult_1.5__sim_0.95__teacher_rf__seed_4,condition_recombine_pseudolabel,1.5,0.95,random_forest,4,31,0,1.0,True,,,,reaction_role_concat,6144,random_forest,False,valid,r2,0.411453799973473,0,0.01,random,,
condition_recombine_pseudolabel__mult_1.5__sim_0.95__teacher_rf__seed_4,condition_recombine_pseudolabel,1.5,0.95,random_forest,4,31,0,1.0,True,,,,reaction_role_concat,6144,random_forest,False,valid,spearman,0.732012930736291,0,0.01,random,,
condition_recombine_pseudolabel__mult_2__sim_0.8__teacher_ridge__seed_0,condition_recombine_pseudolabel,2.0,0.8,ridge,0,31,33,2.064516129032258,True,0.8341566876931624,0.8012048006057739,0.85,reaction_role_concat,6144,random_forest,False,valid,rmse,21.354095072549658,0,0.01,random,,
condition_recombine_pseudolabel__mult_2__sim_0.8__teacher_ridge__seed_0,condition_recombine_pseudolabel,2.0,0.8,ridge,0,31,33,2.064516129032258,True,0.8341566876931624,0.8012048006057739,0.85,reaction_role_concat,6144,random_forest,False,valid,mae,16.34177007662797,0,0.01,random,,
condition_recombine_pseudolabel__mult_2__sim_0.8__teacher_ridge__seed_0,condition_recombine_pseudolabel,2.0,0.8,ridge,0,31,33,2.064516129032258,True,0.8341566876931624,0.8012048006057739,0.85,reaction_role_concat,6144,random_forest,False,valid,r2,0.4293441966628265,0,0.01,random,,
condition_recombine_pseudolabel__mult_2__sim_0.8__teacher_ridge__seed_0,condition_recombine_pseudolabel,2.0,0.8,ridge,0,31,33,2.064516129032258,True,0.8341566876931624,0.8012048006057739,0.85,reaction_role_concat,6144,random_forest,False,valid,spearman,0.7193560221092866,0,0.01,random,,
condition_recombine_pseudolabel__mult_2__sim_0.8__teacher_ridge__seed_1,condition_recombine_pseudolabel,2.0,0.8,ridge,1,31,31,2.0,True,0.8385286388858675,0.804347813129425,0.85,reaction_role_concat,6144,random_forest,False,valid,rmse,22.003083680474795,0,0.01,random,,
condition_recombine_pseudolabel__mult_2__sim_0.8__teacher_ridge__seed_1,condition_recombine_pseudolabel,2.0,0.8,ridge,1,31,31,2.0,True,0.8385286388858675,0.804347813129425,0.85,reaction_role_concat,6144,random_forest,False,valid,mae,16.977420187977295,0,0.01,random,,
condition_recombine_pseudolabel__mult_2__sim_0.8__teacher_ridge__seed_1,condition_recombine_pseudolabel,2.0,0.8,ridge,1,31,31,2.0,True,0.8385286388858675,0.804347813129425,0.85,reaction_role_concat,6144,random_forest,False,valid,r2,0.39413063265975146,0,0.01,random,,
condition_recombine_pseudolabel__mult_2__sim_0.8__teacher_ridge__seed_1,condition_recombine_pseudolabel,2.0,0.8,ridge,1,31,31,2.0,True,0.8385286388858675,0.804347813129425,0.85,reaction_role_concat,6144,random_forest,False,valid,spearman,0.6827339720386724,0,0.01,random,,
condition_recombine_pseudolabel__mult_2__sim_0.8__teacher_ridge__seed_2,condition_recombine_pseudolabel,2.0,0.8,ridge,2,31,31,2.0,True,0.8390485386694634,0.804347813129425,0.85,reaction_role_concat,6144,random_forest,False,valid,rmse,22.314963627339203,0,0.01,random,,
condition_recombine_pseudolabel__mult_2__sim_0.8__teacher_ridge__seed_2,condition_recombine_pseudolabel,2.0,0.8,ridge,2,31,31,2.0,True,0.8390485386694634,0.804347813129425,0.85,reaction_role_concat,6144,random_forest,False,valid,mae,17.706126821158808,0,0.01,random,,
condition_recombine_pseudolabel__mult_2__sim_0.8__teacher_ridge__seed_2,condition_recombine_pseudolabel,2.0,0.8,ridge,2,31,31,2.0,True,0.8390485386694634,0.804347813129425,0.85,reaction_role_concat,6144,random_forest,False,valid,r2,0.3768332671481198,0,0.01,random,,
condition_recombine_pseudolabel__mult_2__sim_0.8__teacher_ridge__seed_2,condition_recombine_pseudolabel,2.0,0.8,ridge,2,31,31,2.0,True,0.8390485386694634,0.804347813129425,0.85,reaction_role_concat,6144,random_forest,False,valid,spearman,0.6922981771466685,0,0.01,random,,
condition_recombine_pseudolabel__mult_2__sim_0.8__teacher_ridge__seed_3,condition_recombine_pseudolabel,2.0,0.8,ridge,3,31,39,2.2580645161290325,True,0.8391310104956995,0.804347813129425,0.85,reaction_role_concat,6144,random_forest,False,valid,rmse,22.31934114078869,0,0.01,random,,
condition_recombine_pseudolabel__mult_2__sim_0.8__teacher_ridge__seed_3,condition_recombine_pseudolabel,2.0,0.8,ridge,3,31,39,2.2580645161290325,True,0.8391310104956995,0.804347813129425,0.85,reaction_role_concat,6144,random_forest,False,valid,mae,17.39967267135729,0,0.01,random,,
condition_recombine_pseudolabel__mult_2__sim_0.8__teacher_ridge__seed_3,condition_recombine_pseudolabel,2.0,0.8,ridge,3,31,39,2.2580645161290325,True,0.8391310104956995,0.804347813129425,0.85,reaction_role_concat,6144,random_forest,False,valid,r2,0.3765887506553117,0,0.01,random,,
condition_recombine_pseudolabel__mult_2__sim_0.8__teacher_ridge__seed_3,condition_recombine_pseudolabel,2.0,0.8,ridge,3,31,39,2.2580645161290325,True,0.8391310104956995,0.804347813129425,0.85,reaction_role_concat,6144,random_forest,False,valid,spearman,0.7145818071177898,0,0.01,random,,
condition_recombine_pseudolabel__mult_2__sim_0.8__teacher_ridge__seed_4,condition_recombine_pseudolabel,2.0,0.8,ridge,4,31,33,2.064516129032258,True,0.836248249357397,0.800000011920929,0.85,reaction_role_concat,6144,random_forest,False,valid,rmse,21.7342143797938,0,0.01,random,,
condition_recombine_pseudolabel__mult_2__sim_0.8__teacher_ridge__seed_4,condition_recombine_pseudolabel,2.0,0.8,ridge,4,31,33,2.064516129032258,True,0.836248249357397,0.800000011920929,0.85,reaction_role_concat,6144,random_forest,False,valid,mae,16.700944031507156,0,0.01,random,,
condition_recombine_pseudolabel__mult_2__sim_0.8__teacher_ridge__seed_4,condition_recombine_pseudolabel,2.0,0.8,ridge,4,31,33,2.064516129032258,True,0.836248249357397,0.800000011920929,0.85,reaction_role_concat,6144,random_forest,False,valid,r2,0.4088471505330604,0,0.01,random,,
condition_recombine_pseudolabel__mult_2__sim_0.8__teacher_ridge__seed_4,condition_recombine_pseudolabel,2.0,0.8,ridge,4,31,33,2.064516129032258,True,0.836248249357397,0.800000011920929,0.85,reaction_role_concat,6144,random_forest,False,valid,spearman,0.7141349773826992,0,0.01,random,,
condition_recombine_pseudolabel__mult_2__sim_0.8__teacher_rf__seed_0,condition_recombine_pseudolabel,2.0,0.8,random_forest,0,31,33,2.064516129032258,True,0.8341566876931624,0.8012048006057739,0.85,reaction_role_concat,6144,random_forest,False,valid,rmse,21.85624521500819,0,0.01,random,,
condition_recombine_pseudolabel__mult_2__sim_0.8__teacher_rf__seed_0,condition_recombine_pseudolabel,2.0,0.8,random_forest,0,31,33,2.064516129032258,True,0.8341566876931624,0.8012048006057739,0.85,reaction_role_concat,6144,random_forest,False,valid,mae,16.357061666135547,0,0.01,random,,
condition_recombine_pseudolabel__mult_2__sim_0.8__teacher_rf__seed_0,condition_recombine_pseudolabel,2.0,0.8,random_forest,0,31,33,2.064516129032258,True,0.8341566876931624,0.8012048006057739,0.85,reaction_role_concat,6144,random_forest,False,valid,r2,0.40219023684476163,0,0.01,random,,
condition_recombine_pseudolabel__mult_2__sim_0.8__teacher_rf__seed_0,condition_recombine_pseudolabel,2.0,0.8,random_forest,0,31,33,2.064516129032258,True,0.8341566876931624,0.8012048006057739,0.85,reaction_role_concat,6144,random_forest,False,valid,spearman,0.7236281596655187,0,0.01,random,,
condition_recombine_pseudolabel__mult_2__sim_0.8__teacher_rf__seed_1,condition_recombine_pseudolabel,2.0,0.8,random_forest,1,31,31,2.0,True,0.8385286388858675,0.804347813129425,0.85,reaction_role_concat,6144,random_forest,False,valid,rmse,21.581148804868235,0,0.01,random,,
condition_recombine_pseudolabel__mult_2__sim_0.8__teacher_rf__seed_1,condition_recombine_pseudolabel,2.0,0.8,random_forest,1,31,31,2.0,True,0.8385286388858675,0.804347813129425,0.85,reaction_role_concat,6144,random_forest,False,valid,mae,16.48292482821247,0,0.01,random,,
condition_recombine_pseudolabel__mult_2__sim_0.8__teacher_rf__seed_1,condition_recombine_pseudolabel,2.0,0.8,random_forest,1,31,31,2.0,True,0.8385286388858675,0.804347813129425,0.85,reaction_role_concat,6144,random_forest,False,valid,r2,0.41714434714904924,0,0.01,random,,
condition_recombine_pseudolabel__mult_2__sim_0.8__teacher_rf__seed_1,condition_recombine_pseudolabel,2.0,0.8,random_forest,1,31,31,2.0,True,0.8385286388858675,0.804347813129425,0.85,reaction_role_concat,6144,random_forest,False,valid,spearman,0.7239970249340957,0,0.01,random,,
condition_recombine_pseudolabel__mult_2__sim_0.8__teacher_rf__seed_2,condition_recombine_pseudolabel,2.0,0.8,random_forest,2,31,31,2.0,True,0.8390485386694634,0.804347813129425,0.85,reaction_role_concat,6144,random_forest,False,valid,rmse,21.81960243151221,0,0.01,random,,
condition_recombine_pseudolabel__mult_2__sim_0.8__teacher_rf__seed_2,condition_recombine_pseudolabel,2.0,0.8,random_forest,2,31,31,2.0,True,0.8390485386694634,0.804347813129425,0.85,reaction_role_concat,6144,random_forest,False,valid,mae,16.641498215280002,0,0.01,random,,
condition_recombine_pseudolabel__mult_2__sim_0.8__teacher_rf__seed_2,condition_recombine_pseudolabel,2.0,0.8,random_forest,2,31,31,2.0,True,0.8390485386694634,0.804347813129425,0.85,reaction_role_concat,6144,random_forest,False,valid,r2,0.40419305580104925,0,0.01,random,,
condition_recombine_pseudolabel__mult_2__sim_0.8__teacher_rf__seed_2,condition_recombine_pseudolabel,2.0,0.8,random_forest,2,31,31,2.0,True,0.8390485386694634,0.804347813129425,0.85,reaction_role_concat,6144,random_forest,False,valid,spearman,0.7192410195004723,0,0.01,random,,
condition_recombine_pseudolabel__mult_2__sim_0.8__teacher_rf__seed_3,condition_recombine_pseudolabel,2.0,0.8,random_forest,3,31,39,2.2580645161290325,True,0.8391310104956995,0.804347813129425,0.85,reaction_role_concat,6144,random_forest,False,valid,rmse,21.468092986675376,0,0.01,random,,
condition_recombine_pseudolabel__mult_2__sim_0.8__teacher_rf__seed_3,condition_recombine_pseudolabel,2.0,0.8,random_forest,3,31,39,2.2580645161290325,True,0.8391310104956995,0.804347813129425,0.85,reaction_role_concat,6144,random_forest,False,valid,mae,16.508619536143314,0,0.01,random,,
condition_recombine_pseudolabel__mult_2__sim_0.8__teacher_rf__seed_3,condition_recombine_pseudolabel,2.0,0.8,random_forest,3,31,39,2.2580645161290325,True,0.8391310104956995,0.804347813129425,0.85,reaction_role_concat,6144,random_forest,False,valid,r2,0.4232350907622838,0,0.01,random,,
condition_recombine_pseudolabel__mult_2__sim_0.8__teacher_rf__seed_3,condition_recombine_pseudolabel,2.0,0.8,random_forest,3,31,39,2.2580645161290325,True,0.8391310104956995,0.804347813129425,0.85,reaction_role_concat,6144,random_forest,False,valid,spearman,0.7536992482582437,0,0.01,random,,
condition_recombine_pseudolabel__mult_2__sim_0.8__teacher_rf__seed_4,condition_recombine_pseudolabel,2.0,0.8,random_forest,4,31,33,2.064516129032258,True,0.836248249357397,0.800000011920929,0.85,reaction_role_concat,6144,random_forest,False,valid,rmse,21.20944136857634,0,0.01,random,,
condition_recombine_pseudolabel__mult_2__sim_0.8__teacher_rf__seed_4,condition_recombine_pseudolabel,2.0,0.8,random_forest,4,31,33,2.064516129032258,True,0.836248249357397,0.800000011920929,0.85,reaction_role_concat,6144,random_forest,False,valid,mae,16.180063929192627,0,0.01,random,,
condition_recombine_pseudolabel__mult_2__sim_0.8__teacher_rf__seed_4,condition_recombine_pseudolabel,2.0,0.8,random_forest,4,31,33,2.064516129032258,True,0.836248249357397,0.800000011920929,0.85,reaction_role_concat,6144,random_forest,False,valid,r2,0.4370493122400161,0,0.01,random,,
condition_recombine_pseudolabel__mult_2__sim_0.8__teacher_rf__seed_4,condition_recombine_pseudolabel,2.0,0.8,random_forest,4,31,33,2.064516129032258,True,0.836248249357397,0.800000011920929,0.85,reaction_role_concat,6144,random_forest,False,valid,spearman,0.7338640734912137,0,0.01,random,,
condition_recombine_pseudolabel__mult_2__sim_0.85__teacher_ridge__seed_0,condition_recombine_pseudolabel,2.0,0.85,ridge,0,31,16,1.5161290322580645,True,0.85,0.85,0.85,reaction_role_concat,6144,random_forest,False,valid,rmse,21.460006918265982,0,0.01,random,,
condition_recombine_pseudolabel__mult_2__sim_0.85__teacher_ridge__seed_0,condition_recombine_pseudolabel,2.0,0.85,ridge,0,31,16,1.5161290322580645,True,0.85,0.85,0.85,reaction_role_concat,6144,random_forest,False,valid,mae,16.53888544095015,0,0.01,random,,
condition_recombine_pseudolabel__mult_2__sim_0.85__teacher_ridge__seed_0,condition_recombine_pseudolabel,2.0,0.85,ridge,0,31,16,1.5161290322580645,True,0.85,0.85,0.85,reaction_role_concat,6144,random_forest,False,valid,r2,0.42366949191755665,0,0.01,random,,
condition_recombine_pseudolabel__mult_2__sim_0.85__teacher_ridge__seed_0,condition_recombine_pseudolabel,2.0,0.85,ridge,0,31,16,1.5161290322580645,True,0.85,0.85,0.85,reaction_role_concat,6144,random_forest,False,valid,spearman,0.7198011338153757,0,0.01,random,,
condition_recombine_pseudolabel__mult_2__sim_0.85__teacher_ridge__seed_1,condition_recombine_pseudolabel,2.0,0.85,ridge,1,31,15,1.4838709677419355,True,0.8499999999999999,0.85,0.85,reaction_role_concat,6144,random_forest,False,valid,rmse,21.622428905017326,0,0.01,random,,
condition_recombine_pseudolabel__mult_2__sim_0.85__teacher_ridge__seed_1,condition_recombine_pseudolabel,2.0,0.85,ridge,1,31,15,1.4838709677419355,True,0.8499999999999999,0.85,0.85,reaction_role_concat,6144,random_forest,False,valid,mae,16.30227424266972,0,0.01,random,,
condition_recombine_pseudolabel__mult_2__sim_0.85__teacher_ridge__seed_1,condition_recombine_pseudolabel,2.0,0.85,ridge,1,31,15,1.4838709677419355,True,0.8499999999999999,0.85,0.85,reaction_role_concat,6144,random_forest,False,valid,r2,0.41491245939648147,0,0.01,random,,
condition_recombine_pseudolabel__mult_2__sim_0.85__teacher_ridge__seed_1,condition_recombine_pseudolabel,2.0,0.85,ridge,1,31,15,1.4838709677419355,True,0.8499999999999999,0.85,0.85,reaction_role_concat,6144,random_forest,False,valid,spearman,0.7097972701309211,0,0.01,random,,
condition_recombine_pseudolabel__mult_2__sim_0.85__teacher_ridge__seed_2,condition_recombine_pseudolabel,2.0,0.85,ridge,2,31,16,1.5161290322580645,True,0.85,0.85,0.85,reaction_role_concat,6144,random_forest,False,valid,rmse,21.939475706738186,0,0.01,random,,
condition_recombine_pseudolabel__mult_2__sim_0.85__teacher_ridge__seed_2,condition_recombine_pseudolabel,2.0,0.85,ridge,2,31,16,1.5161290322580645,True,0.85,0.85,0.85,reaction_role_concat,6144,random_forest,False,valid,mae,17.45459024014956,0,0.01,random,,
condition_recombine_pseudolabel__mult_2__sim_0.85__teacher_ridge__seed_2,condition_recombine_pseudolabel,2.0,0.85,ridge,2,31,16,1.5161290322580645,True,0.85,0.85,0.85,reaction_role_concat,6144,random_forest,False,valid,r2,0.39762854405104886,0,0.01,random,,
condition_recombine_pseudolabel__mult_2__sim_0.85__teacher_ridge__seed_2,condition_recombine_pseudolabel,2.0,0.85,ridge,2,31,16,1.5161290322580645,True,0.85,0.85,0.85,reaction_role_concat,6144,random_forest,False,valid,spearman,0.7140275354417762,0,0.01,random,,
condition_recombine_pseudolabel__mult_2__sim_0.85__teacher_ridge__seed_3,condition_recombine_pseudolabel,2.0,0.85,ridge,3,31,24,1.7741935483870968,True,0.85,0.85,0.85,reaction_role_concat,6144,random_forest,False,valid,rmse,21.71723233241787,0,0.01,random,,
condition_recombine_pseudolabel__mult_2__sim_0.85__teacher_ridge__seed_3,condition_recombine_pseudolabel,2.0,0.85,ridge,3,31,24,1.7741935483870968,True,0.85,0.85,0.85,reaction_role_concat,6144,random_forest,False,valid,mae,16.75621354149263,0,0.01,random,,
condition_recombine_pseudolabel__mult_2__sim_0.85__teacher_ridge__seed_3,condition_recombine_pseudolabel,2.0,0.85,ridge,3,31,24,1.7741935483870968,True,0.85,0.85,0.85,reaction_role_concat,6144,random_forest,False,valid,r2,0.4097705852186294,0,0.01,random,,
condition_recombine_pseudolabel__mult_2__sim_0.85__teacher_ridge__seed_3,condition_recombine_pseudolabel,2.0,0.85,ridge,3,31,24,1.7741935483870968,True,0.85,0.85,0.85,reaction_role_concat,6144,random_forest,False,valid,spearman,0.7319717401321179,0,0.01,random,,
condition_recombine_pseudolabel__mult_2__sim_0.85__teacher_ridge__seed_4,condition_recombine_pseudolabel,2.0,0.85,ridge,4,31,18,1.5806451612903225,True,0.85,0.85,0.85,reaction_role_concat,6144,random_forest,False,valid,rmse,21.857560742323926,0,0.01,random,,
condition_recombine_pseudolabel__mult_2__sim_0.85__teacher_ridge__seed_4,condition_recombine_pseudolabel,2.0,0.85,ridge,4,31,18,1.5806451612903225,True,0.85,0.85,0.85,reaction_role_concat,6144,random_forest,False,valid,mae,17.118316018469724,0,0.01,random,,
condition_recombine_pseudolabel__mult_2__sim_0.85__teacher_ridge__seed_4,condition_recombine_pseudolabel,2.0,0.85,ridge,4,31,18,1.5806451612903225,True,0.85,0.85,0.85,reaction_role_concat,6144,random_forest,False,valid,r2,0.40211827034428815,0,0.01,random,,
condition_recombine_pseudolabel__mult_2__sim_0.85__teacher_ridge__seed_4,condition_recombine_pseudolabel,2.0,0.85,ridge,4,31,18,1.5806451612903225,True,0.85,0.85,0.85,reaction_role_concat,6144,random_forest,False,valid,spearman,0.6954037344712344,0,0.01,random,,
condition_recombine_pseudolabel__mult_2__sim_0.85__teacher_rf__seed_0,condition_recombine_pseudolabel,2.0,0.85,random_forest,0,31,16,1.5161290322580645,True,0.85,0.85,0.85,reaction_role_concat,6144,random_forest,False,valid,rmse,21.501536043541194,0,0.01,random,,
condition_recombine_pseudolabel__mult_2__sim_0.85__teacher_rf__seed_0,condition_recombine_pseudolabel,2.0,0.85,random_forest,0,31,16,1.5161290322580645,True,0.85,0.85,0.85,reaction_role_concat,6144,random_forest,False,valid,mae,16.499210246584084,0,0.01,random,,
condition_recombine_pseudolabel__mult_2__sim_0.85__teacher_rf__seed_0,condition_recombine_pseudolabel,2.0,0.85,random_forest,0,31,16,1.5161290322580645,True,0.85,0.85,0.85,reaction_role_concat,6144,random_forest,False,valid,r2,0.42143671903643587,0,0.01,random,,
condition_recombine_pseudolabel__mult_2__sim_0.85__teacher_rf__seed_0,condition_recombine_pseudolabel,2.0,0.85,random_forest,0,31,16,1.5161290322580645,True,0.85,0.85,0.85,reaction_role_concat,6144,random_forest,False,valid,spearman,0.714709079268273,0,0.01,random,,
condition_recombine_pseudolabel__mult_2__sim_0.85__teacher_rf__seed_1,condition_recombine_pseudolabel,2.0,0.85,random_forest,1,31,15,1.4838709677419355,True,0.8499999999999999,0.85,0.85,reaction_role_concat,6144,random_forest,False,valid,rmse,21.430367273714875,0,0.01,random,,
condition_recombine_pseudolabel__mult_2__sim_0.85__teacher_rf__seed_1,condition_recombine_pseudolabel,2.0,0.85,random_forest,1,31,15,1.4838709677419355,True,0.8499999999999999,0.85,0.85,reaction_role_concat,6144,random_forest,False,valid,mae,16.37440119161183,0,0.01,random,,
condition_recombine_pseudolabel__mult_2__sim_0.85__teacher_rf__seed_1,condition_recombine_pseudolabel,2.0,0.85,random_forest,1,31,15,1.4838709677419355,True,0.8499999999999999,0.85,0.85,reaction_role_concat,6144,random_forest,False,valid,r2,0.4252603986534679,0,0.01,random,,
condition_recombine_pseudolabel__mult_2__sim_0.85__teacher_rf__seed_1,condition_recombine_pseudolabel,2.0,0.85,random_forest,1,31,15,1.4838709677419355,True,0.8499999999999999,0.85,0.85,reaction_role_concat,6144,random_forest,False,valid,spearman,0.7418082122123792,0,0.01,random,,
condition_recombine_pseudolabel__mult_2__sim_0.85__teacher_rf__seed_2,condition_recombine_pseudolabel,2.0,0.85,random_forest,2,31,16,1.5161290322580645,True,0.85,0.85,0.85,reaction_role_concat,6144,random_forest,False,valid,rmse,21.688653965081727,0,0.01,random,,
condition_recombine_pseudolabel__mult_2__sim_0.85__teacher_rf__seed_2,condition_recombine_pseudolabel,2.0,0.85,random_forest,2,31,16,1.5161290322580645,True,0.85,0.85,0.85,reaction_role_concat,6144,random_forest,False,valid,mae,16.54225646739972,0,0.01,random,,
condition_recombine_pseudolabel__mult_2__sim_0.85__teacher_rf__seed_2,condition_recombine_pseudolabel,2.0,0.85,random_forest,2,31,16,1.5161290322580645,True,0.85,0.85,0.85,reaction_role_concat,6144,random_forest,False,valid,r2,0.41132296485420705,0,0.01,random,,
condition_recombine_pseudolabel__mult_2__sim_0.85__teacher_rf__seed_2,condition_recombine_pseudolabel,2.0,0.85,random_forest,2,31,16,1.5161290322580645,True,0.85,0.85,0.85,reaction_role_concat,6144,random_forest,False,valid,spearman,0.729965183182726,0,0.01,random,,
condition_recombine_pseudolabel__mult_2__sim_0.85__teacher_rf__seed_3,condition_recombine_pseudolabel,2.0,0.85,random_forest,3,31,24,1.7741935483870968,True,0.85,0.85,0.85,reaction_role_concat,6144,random_forest,False,valid,rmse,21.54590445132075,0,0.01,random,,
condition_recombine_pseudolabel__mult_2__sim_0.85__teacher_rf__seed_3,condition_recombine_pseudolabel,2.0,0.85,random_forest,3,31,24,1.7741935483870968,True,0.85,0.85,0.85,reaction_role_concat,6144,random_forest,False,valid,mae,16.69650218071817,0,0.01,random,,
condition_recombine_pseudolabel__mult_2__sim_0.85__teacher_rf__seed_3,condition_recombine_pseudolabel,2.0,0.85,random_forest,3,31,24,1.7741935483870968,True,0.85,0.85,0.85,reaction_role_concat,6144,random_forest,False,valid,r2,0.41904652547362553,0,0.01,random,,
condition_recombine_pseudolabel__mult_2__sim_0.85__teacher_rf__seed_3,condition_recombine_pseudolabel,2.0,0.85,random_forest,3,31,24,1.7741935483870968,True,0.85,0.85,0.85,reaction_role_concat,6144,random_forest,False,valid,spearman,0.7358604058225485,0,0.01,random,,
condition_recombine_pseudolabel__mult_2__sim_0.85__teacher_rf__seed_4,condition_recombine_pseudolabel,2.0,0.85,random_forest,4,31,18,1.5806451612903225,True,0.85,0.85,0.85,reaction_role_concat,6144,random_forest,False,valid,rmse,21.342756709253482,0,0.01,random,,
condition_recombine_pseudolabel__mult_2__sim_0.85__teacher_rf__seed_4,condition_recombine_pseudolabel,2.0,0.85,random_forest,4,31,18,1.5806451612903225,True,0.85,0.85,0.85,reaction_role_concat,6144,random_forest,False,valid,mae,16.32254425669622,0,0.01,random,,
condition_recombine_pseudolabel__mult_2__sim_0.85__teacher_rf__seed_4,condition_recombine_pseudolabel,2.0,0.85,random_forest,4,31,18,1.5806451612903225,True,0.85,0.85,0.85,reaction_role_concat,6144,random_forest,False,valid,r2,0.4299500369035958,0,0.01,random,,
condition_recombine_pseudolabel__mult_2__sim_0.85__teacher_rf__seed_4,condition_recombine_pseudolabel,2.0,0.85,random_forest,4,31,18,1.5806451612903225,True,0.85,0.85,0.85,reaction_role_concat,6144,random_forest,False,valid,spearman,0.7244548930684276,0,0.01,random,,
condition_recombine_pseudolabel__mult_2__sim_0.9__teacher_ridge__seed_0,condition_recombine_pseudolabel,2.0,0.9,ridge,0,31,11,1.3548387096774193,True,0.85,0.85,0.85,reaction_role_concat,6144,random_forest,False,valid,rmse,21.174942019306414,0,0.01,random,,
condition_recombine_pseudolabel__mult_2__sim_0.9__teacher_ridge__seed_0,condition_recombine_pseudolabel,2.0,0.9,ridge,0,31,11,1.3548387096774193,True,0.85,0.85,0.85,reaction_role_concat,6144,random_forest,False,valid,mae,16.192916374879548,0,0.01,random,,
condition_recombine_pseudolabel__mult_2__sim_0.9__teacher_ridge__seed_0,condition_recombine_pseudolabel,2.0,0.9,ridge,0,31,11,1.3548387096774193,True,0.85,0.85,0.85,reaction_role_concat,6144,random_forest,False,valid,r2,0.4388792177596984,0,0.01,random,,
condition_recombine_pseudolabel__mult_2__sim_0.9__teacher_ridge__seed_0,condition_recombine_pseudolabel,2.0,0.9,ridge,0,31,11,1.3548387096774193,True,0.85,0.85,0.85,reaction_role_concat,6144,random_forest,False,valid,spearman,0.7437940277937122,0,0.01,random,,
condition_recombine_pseudolabel__mult_2__sim_0.9__teacher_ridge__seed_1,condition_recombine_pseudolabel,2.0,0.9,ridge,1,31,9,1.2903225806451613,True,0.85,0.85,0.85,reaction_role_concat,6144,random_forest,False,valid,rmse,21.65290090897574,0,0.01,random,,
condition_recombine_pseudolabel__mult_2__sim_0.9__teacher_ridge__seed_1,condition_recombine_pseudolabel,2.0,0.9,ridge,1,31,9,1.2903225806451613,True,0.85,0.85,0.85,reaction_role_concat,6144,random_forest,False,valid,mae,16.47105773368968,0,0.01,random,,
condition_recombine_pseudolabel__mult_2__sim_0.9__teacher_ridge__seed_1,condition_recombine_pseudolabel,2.0,0.9,ridge,1,31,9,1.2903225806451613,True,0.85,0.85,0.85,reaction_role_concat,6144,random_forest,False,valid,r2,0.4132621958864531,0,0.01,random,,
condition_recombine_pseudolabel__mult_2__sim_0.9__teacher_ridge__seed_1,condition_recombine_pseudolabel,2.0,0.9,ridge,1,31,9,1.2903225806451613,True,0.85,0.85,0.85,reaction_role_concat,6144,random_forest,False,valid,spearman,0.7229285036584636,0,0.01,random,,
condition_recombine_pseudolabel__mult_2__sim_0.9__teacher_ridge__seed_2,condition_recombine_pseudolabel,2.0,0.9,ridge,2,31,10,1.3225806451612903,True,0.85,0.85,0.85,reaction_role_concat,6144,random_forest,False,valid,rmse,22.150162764636455,0,0.01,random,,
condition_recombine_pseudolabel__mult_2__sim_0.9__teacher_ridge__seed_2,condition_recombine_pseudolabel,2.0,0.9,ridge,2,31,10,1.3225806451612903,True,0.85,0.85,0.85,reaction_role_concat,6144,random_forest,False,valid,mae,17.18074204393278,0,0.01,random,,
condition_recombine_pseudolabel__mult_2__sim_0.9__teacher_ridge__seed_2,condition_recombine_pseudolabel,2.0,0.9,ridge,2,31,10,1.3225806451612903,True,0.85,0.85,0.85,reaction_role_concat,6144,random_forest,False,valid,r2,0.38600372261624416,0,0.01,random,,
condition_recombine_pseudolabel__mult_2__sim_0.9__teacher_ridge__seed_2,condition_recombine_pseudolabel,2.0,0.9,ridge,2,31,10,1.3225806451612903,True,0.85,0.85,0.85,reaction_role_concat,6144,random_forest,False,valid,spearman,0.7111330921357623,0,0.01,random,,
condition_recombine_pseudolabel__mult_2__sim_0.9__teacher_ridge__seed_3,condition_recombine_pseudolabel,2.0,0.9,ridge,3,31,16,1.5161290322580645,True,0.85,0.85,0.85,reaction_role_concat,6144,random_forest,False,valid,rmse,21.476071102201008,0,0.01,random,,
condition_recombine_pseudolabel__mult_2__sim_0.9__teacher_ridge__seed_3,condition_recombine_pseudolabel,2.0,0.9,ridge,3,31,16,1.5161290322580645,True,0.85,0.85,0.85,reaction_role_concat,6144,random_forest,False,valid,mae,16.39583221312716,0,0.01,random,,
condition_recombine_pseudolabel__mult_2__sim_0.9__teacher_ridge__seed_3,condition_recombine_pseudolabel,2.0,0.9,ridge,3,31,16,1.5161290322580645,True,0.85,0.85,0.85,reaction_role_concat,6144,random_forest,False,valid,r2,0.4228063286827304,0,0.01,random,,
condition_recombine_pseudolabel__mult_2__sim_0.9__teacher_ridge__seed_3,condition_recombine_pseudolabel,2.0,0.9,ridge,3,31,16,1.5161290322580645,True,0.85,0.85,0.85,reaction_role_concat,6144,random_forest,False,valid,spearman,0.7415735328836384,0,0.01,random,,
condition_recombine_pseudolabel__mult_2__sim_0.9__teacher_ridge__seed_4,condition_recombine_pseudolabel,2.0,0.9,ridge,4,31,9,1.2903225806451613,True,0.85,0.85,0.85,reaction_role_concat,6144,random_forest,False,valid,rmse,21.752839763806982,0,0.01,random,,
condition_recombine_pseudolabel__mult_2__sim_0.9__teacher_ridge__seed_4,condition_recombine_pseudolabel,2.0,0.9,ridge,4,31,9,1.2903225806451613,True,0.85,0.85,0.85,reaction_role_concat,6144,random_forest,False,valid,mae,16.80307461693619,0,0.01,random,,
condition_recombine_pseudolabel__mult_2__sim_0.9__teacher_ridge__seed_4,condition_recombine_pseudolabel,2.0,0.9,ridge,4,31,9,1.2903225806451613,True,0.85,0.85,0.85,reaction_role_concat,6144,random_forest,False,valid,r2,0.4078335259865773,0,0.01,random,,
condition_recombine_pseudolabel__mult_2__sim_0.9__teacher_ridge__seed_4,condition_recombine_pseudolabel,2.0,0.9,ridge,4,31,9,1.2903225806451613,True,0.85,0.85,0.85,reaction_role_concat,6144,random_forest,False,valid,spearman,0.7124025374902228,0,0.01,random,,
condition_recombine_pseudolabel__mult_2__sim_0.9__teacher_rf__seed_0,condition_recombine_pseudolabel,2.0,0.9,random_forest,0,31,11,1.3548387096774193,True,0.85,0.85,0.85,reaction_role_concat,6144,random_forest,False,valid,rmse,21.462740018871404,0,0.01,random,,
condition_recombine_pseudolabel__mult_2__sim_0.9__teacher_rf__seed_0,condition_recombine_pseudolabel,2.0,0.9,random_forest,0,31,11,1.3548387096774193,True,0.85,0.85,0.85,reaction_role_concat,6144,random_forest,False,valid,mae,16.38149438554124,0,0.01,random,,
condition_recombine_pseudolabel__mult_2__sim_0.9__teacher_rf__seed_0,condition_recombine_pseudolabel,2.0,0.9,random_forest,0,31,11,1.3548387096774193,True,0.85,0.85,0.85,reaction_role_concat,6144,random_forest,False,valid,r2,0.42352268212652,0,0.01,random,,
condition_recombine_pseudolabel__mult_2__sim_0.9__teacher_rf__seed_0,condition_recombine_pseudolabel,2.0,0.9,random_forest,0,31,11,1.3548387096774193,True,0.85,0.85,0.85,reaction_role_concat,6144,random_forest,False,valid,spearman,0.7245172145499188,0,0.01,random,,
condition_recombine_pseudolabel__mult_2__sim_0.9__teacher_rf__seed_1,condition_recombine_pseudolabel,2.0,0.9,random_forest,1,31,9,1.2903225806451613,True,0.85,0.85,0.85,reaction_role_concat,6144,random_forest,False,valid,rmse,21.617056660306677,0,0.01,random,,
condition_recombine_pseudolabel__mult_2__sim_0.9__teacher_rf__seed_1,condition_recombine_pseudolabel,2.0,0.9,random_forest,1,31,9,1.2903225806451613,True,0.85,0.85,0.85,reaction_role_concat,6144,random_forest,False,valid,mae,16.59424465334868,0,0.01,random,,
condition_recombine_pseudolabel__mult_2__sim_0.9__teacher_rf__seed_1,condition_recombine_pseudolabel,2.0,0.9,random_forest,1,31,9,1.2903225806451613,True,0.85,0.85,0.85,reaction_role_concat,6144,random_forest,False,valid,r2,0.4152031615169359,0,0.01,random,,
condition_recombine_pseudolabel__mult_2__sim_0.9__teacher_rf__seed_1,condition_recombine_pseudolabel,2.0,0.9,random_forest,1,31,9,1.2903225806451613,True,0.85,0.85,0.85,reaction_role_concat,6144,random_forest,False,valid,spearman,0.7296756804257357,0,0.01,random,,
condition_recombine_pseudolabel__mult_2__sim_0.9__teacher_rf__seed_2,condition_recombine_pseudolabel,2.0,0.9,random_forest,2,31,10,1.3225806451612903,True,0.85,0.85,0.85,reaction_role_concat,6144,random_forest,False,valid,rmse,21.750413594125778,0,0.01,random,,
condition_recombine_pseudolabel__mult_2__sim_0.9__teacher_rf__seed_2,condition_recombine_pseudolabel,2.0,0.9,random_forest,2,31,10,1.3225806451612903,True,0.85,0.85,0.85,reaction_role_concat,6144,random_forest,False,valid,mae,16.473889226095586,0,0.01,random,,
condition_recombine_pseudolabel__mult_2__sim_0.9__teacher_rf__seed_2,condition_recombine_pseudolabel,2.0,0.9,random_forest,2,31,10,1.3225806451612903,True,0.85,0.85,0.85,reaction_role_concat,6144,random_forest,False,valid,r2,0.4079656113824349,0,0.01,random,,
condition_recombine_pseudolabel__mult_2__sim_0.9__teacher_rf__seed_2,condition_recombine_pseudolabel,2.0,0.9,random_forest,2,31,10,1.3225806451612903,True,0.85,0.85,0.85,reaction_role_concat,6144,random_forest,False,valid,spearman,0.7327989960927931,0,0.01,random,,
condition_recombine_pseudolabel__mult_2__sim_0.9__teacher_rf__seed_3,condition_recombine_pseudolabel,2.0,0.9,random_forest,3,31,16,1.5161290322580645,True,0.85,0.85,0.85,reaction_role_concat,6144,random_forest,False,valid,rmse,21.747574763765392,0,0.01,random,,
condition_recombine_pseudolabel__mult_2__sim_0.9__teacher_rf__seed_3,condition_recombine_pseudolabel,2.0,0.9,random_forest,3,31,16,1.5161290322580645,True,0.85,0.85,0.85,reaction_role_concat,6144,random_forest,False,valid,mae,16.797855354807048,0,0.01,random,,
condition_recombine_pseudolabel__mult_2__sim_0.9__teacher_rf__seed_3,condition_recombine_pseudolabel,2.0,0.9,random_forest,3,31,16,1.5161290322580645,True,0.85,0.85,0.85,reaction_role_concat,6144,random_forest,False,valid,r2,0.40812014412355346,0,0.01,random,,
condition_recombine_pseudolabel__mult_2__sim_0.9__teacher_rf__seed_3,condition_recombine_pseudolabel,2.0,0.9,random_forest,3,31,16,1.5161290322580645,True,0.85,0.85,0.85,reaction_role_concat,6144,random_forest,False,valid,spearman,0.7292533550113169,0,0.01,random,,
condition_recombine_pseudolabel__mult_2__sim_0.9__teacher_rf__seed_4,condition_recombine_pseudolabel,2.0,0.9,random_forest,4,31,9,1.2903225806451613,True,0.85,0.85,0.85,reaction_role_concat,6144,random_forest,False,valid,rmse,21.63275148951727,0,0.01,random,,
condition_recombine_pseudolabel__mult_2__sim_0.9__teacher_rf__seed_4,condition_recombine_pseudolabel,2.0,0.9,random_forest,4,31,9,1.2903225806451613,True,0.85,0.85,0.85,reaction_role_concat,6144,random_forest,False,valid,mae,16.583123307098315,0,0.01,random,,
condition_recombine_pseudolabel__mult_2__sim_0.9__teacher_rf__seed_4,condition_recombine_pseudolabel,2.0,0.9,random_forest,4,31,9,1.2903225806451613,True,0.85,0.85,0.85,reaction_role_concat,6144,random_forest,False,valid,r2,0.4143536824648354,0,0.01,random,,
condition_recombine_pseudolabel__mult_2__sim_0.9__teacher_rf__seed_4,condition_recombine_pseudolabel,2.0,0.9,random_forest,4,31,9,1.2903225806451613,True,0.85,0.85,0.85,reaction_role_concat,6144,random_forest,False,valid,spearman,0.7196646108199837,0,0.01,random,,
condition_recombine_pseudolabel__mult_2__sim_0.95__teacher_ridge__seed_0,condition_recombine_pseudolabel,2.0,0.95,ridge,0,31,0,1.0,True,,,,reaction_role_concat,6144,random_forest,False,valid,rmse,21.686243649115106,0,0.01,random,,
condition_recombine_pseudolabel__mult_2__sim_0.95__teacher_ridge__seed_0,condition_recombine_pseudolabel,2.0,0.95,ridge,0,31,0,1.0,True,,,,reaction_role_concat,6144,random_forest,False,valid,mae,16.569035775652413,0,0.01,random,,
condition_recombine_pseudolabel__mult_2__sim_0.95__teacher_ridge__seed_0,condition_recombine_pseudolabel,2.0,0.95,ridge,0,31,0,1.0,True,,,,reaction_role_concat,6144,random_forest,False,valid,r2,0.411453799973473,0,0.01,random,,
condition_recombine_pseudolabel__mult_2__sim_0.95__teacher_ridge__seed_0,condition_recombine_pseudolabel,2.0,0.95,ridge,0,31,0,1.0,True,,,,reaction_role_concat,6144,random_forest,False,valid,spearman,0.732012930736291,0,0.01,random,,
condition_recombine_pseudolabel__mult_2__sim_0.95__teacher_ridge__seed_1,condition_recombine_pseudolabel,2.0,0.95,ridge,1,31,0,1.0,True,,,,reaction_role_concat,6144,random_forest,False,valid,rmse,21.686243649115106,0,0.01,random,,
condition_recombine_pseudolabel__mult_2__sim_0.95__teacher_ridge__seed_1,condition_recombine_pseudolabel,2.0,0.95,ridge,1,31,0,1.0,True,,,,reaction_role_concat,6144,random_forest,False,valid,mae,16.569035775652413,0,0.01,random,,
condition_recombine_pseudolabel__mult_2__sim_0.95__teacher_ridge__seed_1,condition_recombine_pseudolabel,2.0,0.95,ridge,1,31,0,1.0,True,,,,reaction_role_concat,6144,random_forest,False,valid,r2,0.411453799973473,0,0.01,random,,
condition_recombine_pseudolabel__mult_2__sim_0.95__teacher_ridge__seed_1,condition_recombine_pseudolabel,2.0,0.95,ridge,1,31,0,1.0,True,,,,reaction_role_concat,6144,random_forest,False,valid,spearman,0.732012930736291,0,0.01,random,,
condition_recombine_pseudolabel__mult_2__sim_0.95__teacher_ridge__seed_2,condition_recombine_pseudolabel,2.0,0.95,ridge,2,31,0,1.0,True,,,,reaction_role_concat,6144,random_forest,False,valid,rmse,21.686243649115106,0,0.01,random,,
condition_recombine_pseudolabel__mult_2__sim_0.95__teacher_ridge__seed_2,condition_recombine_pseudolabel,2.0,0.95,ridge,2,31,0,1.0,True,,,,reaction_role_concat,6144,random_forest,False,valid,mae,16.569035775652413,0,0.01,random,,
condition_recombine_pseudolabel__mult_2__sim_0.95__teacher_ridge__seed_2,condition_recombine_pseudolabel,2.0,0.95,ridge,2,31,0,1.0,True,,,,reaction_role_concat,6144,random_forest,False,valid,r2,0.411453799973473,0,0.01,random,,
condition_recombine_pseudolabel__mult_2__sim_0.95__teacher_ridge__seed_2,condition_recombine_pseudolabel,2.0,0.95,ridge,2,31,0,1.0,True,,,,reaction_role_concat,6144,random_forest,False,valid,spearman,0.732012930736291,0,0.01,random,,
condition_recombine_pseudolabel__mult_2__sim_0.95__teacher_ridge__seed_3,condition_recombine_pseudolabel,2.0,0.95,ridge,3,31,0,1.0,True,,,,reaction_role_concat,6144,random_forest,False,valid,rmse,21.686243649115106,0,0.01,random,,
condition_recombine_pseudolabel__mult_2__sim_0.95__teacher_ridge__seed_3,condition_recombine_pseudolabel,2.0,0.95,ridge,3,31,0,1.0,True,,,,reaction_role_concat,6144,random_forest,False,valid,mae,16.569035775652413,0,0.01,random,,
condition_recombine_pseudolabel__mult_2__sim_0.95__teacher_ridge__seed_3,condition_recombine_pseudolabel,2.0,0.95,ridge,3,31,0,1.0,True,,,,reaction_role_concat,6144,random_forest,False,valid,r2,0.411453799973473,0,0.01,random,,
condition_recombine_pseudolabel__mult_2__sim_0.95__teacher_ridge__seed_3,condition_recombine_pseudolabel,2.0,0.95,ridge,3,31,0,1.0,True,,,,reaction_role_concat,6144,random_forest,False,valid,spearman,0.732012930736291,0,0.01,random,,
condition_recombine_pseudolabel__mult_2__sim_0.95__teacher_ridge__seed_4,condition_recombine_pseudolabel,2.0,0.95,ridge,4,31,0,1.0,True,,,,reaction_role_concat,6144,random_forest,False,valid,rmse,21.686243649115106,0,0.01,random,,
condition_recombine_pseudolabel__mult_2__sim_0.95__teacher_ridge__seed_4,condition_recombine_pseudolabel,2.0,0.95,ridge,4,31,0,1.0,True,,,,reaction_role_concat,6144,random_forest,False,valid,mae,16.569035775652413,0,0.01,random,,
condition_recombine_pseudolabel__mult_2__sim_0.95__teacher_ridge__seed_4,condition_recombine_pseudolabel,2.0,0.95,ridge,4,31,0,1.0,True,,,,reaction_role_concat,6144,random_forest,False,valid,r2,0.411453799973473,0,0.01,random,,
condition_recombine_pseudolabel__mult_2__sim_0.95__teacher_ridge__seed_4,condition_recombine_pseudolabel,2.0,0.95,ridge,4,31,0,1.0,True,,,,reaction_role_concat,6144,random_forest,False,valid,spearman,0.732012930736291,0,0.01,random,,
condition_recombine_pseudolabel__mult_2__sim_0.95__teacher_rf__seed_0,condition_recombine_pseudolabel,2.0,0.95,random_forest,0,31,0,1.0,True,,,,reaction_role_concat,6144,random_forest,False,valid,rmse,21.686243649115106,0,0.01,random,,
condition_recombine_pseudolabel__mult_2__sim_0.95__teacher_rf__seed_0,condition_recombine_pseudolabel,2.0,0.95,random_forest,0,31,0,1.0,True,,,,reaction_role_concat,6144,random_forest,False,valid,mae,16.569035775652413,0,0.01,random,,
condition_recombine_pseudolabel__mult_2__sim_0.95__teacher_rf__seed_0,condition_recombine_pseudolabel,2.0,0.95,random_forest,0,31,0,1.0,True,,,,reaction_role_concat,6144,random_forest,False,valid,r2,0.411453799973473,0,0.01,random,,
condition_recombine_pseudolabel__mult_2__sim_0.95__teacher_rf__seed_0,condition_recombine_pseudolabel,2.0,0.95,random_forest,0,31,0,1.0,True,,,,reaction_role_concat,6144,random_forest,False,valid,spearman,0.732012930736291,0,0.01,random,,
condition_recombine_pseudolabel__mult_2__sim_0.95__teacher_rf__seed_1,condition_recombine_pseudolabel,2.0,0.95,random_forest,1,31,0,1.0,True,,,,reaction_role_concat,6144,random_forest,False,valid,rmse,21.686243649115106,0,0.01,random,,
condition_recombine_pseudolabel__mult_2__sim_0.95__teacher_rf__seed_1,condition_recombine_pseudolabel,2.0,0.95,random_forest,1,31,0,1.0,True,,,,reaction_role_concat,6144,random_forest,False,valid,mae,16.569035775652413,0,0.01,random,,
condition_recombine_pseudolabel__mult_2__sim_0.95__teacher_rf__seed_1,condition_recombine_pseudolabel,2.0,0.95,random_forest,1,31,0,1.0,True,,,,reaction_role_concat,6144,random_forest,False,valid,r2,0.411453799973473,0,0.01,random,,
condition_recombine_pseudolabel__mult_2__sim_0.95__teacher_rf__seed_1,condition_recombine_pseudolabel,2.0,0.95,random_forest,1,31,0,1.0,True,,,,reaction_role_concat,6144,random_forest,False,valid,spearman,0.732012930736291,0,0.01,random,,
condition_recombine_pseudolabel__mult_2__sim_0.95__teacher_rf__seed_2,condition_recombine_pseudolabel,2.0,0.95,random_forest,2,31,0,1.0,True,,,,reaction_role_concat,6144,random_forest,False,valid,rmse,21.686243649115106,0,0.01,random,,
condition_recombine_pseudolabel__mult_2__sim_0.95__teacher_rf__seed_2,condition_recombine_pseudolabel,2.0,0.95,random_forest,2,31,0,1.0,True,,,,reaction_role_concat,6144,random_forest,False,valid,mae,16.569035775652413,0,0.01,random,,
condition_recombine_pseudolabel__mult_2__sim_0.95__teacher_rf__seed_2,condition_recombine_pseudolabel,2.0,0.95,random_forest,2,31,0,1.0,True,,,,reaction_role_concat,6144,random_forest,False,valid,r2,0.411453799973473,0,0.01,random,,
condition_recombine_pseudolabel__mult_2__sim_0.95__teacher_rf__seed_2,condition_recombine_pseudolabel,2.0,0.95,random_forest,2,31,0,1.0,True,,,,reaction_role_concat,6144,random_forest,False,valid,spearman,0.732012930736291,0,0.01,random,,
condition_recombine_pseudolabel__mult_2__sim_0.95__teacher_rf__seed_3,condition_recombine_pseudolabel,2.0,0.95,random_forest,3,31,0,1.0,True,,,,reaction_role_concat,6144,random_forest,False,valid,rmse,21.686243649115106,0,0.01,random,,
condition_recombine_pseudolabel__mult_2__sim_0.95__teacher_rf__seed_3,condition_recombine_pseudolabel,2.0,0.95,random_forest,3,31,0,1.0,True,,,,reaction_role_concat,6144,random_forest,False,valid,mae,16.569035775652413,0,0.01,random,,
condition_recombine_pseudolabel__mult_2__sim_0.95__teacher_rf__seed_3,condition_recombine_pseudolabel,2.0,0.95,random_forest,3,31,0,1.0,True,,,,reaction_role_concat,6144,random_forest,False,valid,r2,0.411453799973473,0,0.01,random,,
condition_recombine_pseudolabel__mult_2__sim_0.95__teacher_rf__seed_3,condition_recombine_pseudolabel,2.0,0.95,random_forest,3,31,0,1.0,True,,,,reaction_role_concat,6144,random_forest,False,valid,spearman,0.732012930736291,0,0.01,random,,
condition_recombine_pseudolabel__mult_2__sim_0.95__teacher_rf__seed_4,condition_recombine_pseudolabel,2.0,0.95,random_forest,4,31,0,1.0,True,,,,reaction_role_concat,6144,random_forest,False,valid,rmse,21.686243649115106,0,0.01,random,,
condition_recombine_pseudolabel__mult_2__sim_0.95__teacher_rf__seed_4,condition_recombine_pseudolabel,2.0,0.95,random_forest,4,31,0,1.0,True,,,,reaction_role_concat,6144,random_forest,False,valid,mae,16.569035775652413,0,0.01,random,,
condition_recombine_pseudolabel__mult_2__sim_0.95__teacher_rf__seed_4,condition_recombine_pseudolabel,2.0,0.95,random_forest,4,31,0,1.0,True,,,,reaction_role_concat,6144,random_forest,False,valid,r2,0.411453799973473,0,0.01,random,,
condition_recombine_pseudolabel__mult_2__sim_0.95__teacher_rf__seed_4,condition_recombine_pseudolabel,2.0,0.95,random_forest,4,31,0,1.0,True,,,,reaction_role_concat,6144,random_forest,False,valid,spearman,0.732012930736291,0,0.01,random,,
condition_recombine_pseudolabel__mult_3__sim_0.85__teacher_ridge__seed_0,condition_recombine_pseudolabel,3.0,0.85,ridge,0,31,30,1.967741935483871,True,0.8500000000000002,0.85,0.85,reaction_role_concat,6144,random_forest,False,valid,rmse,21.43476017143615,0,0.01,random,,
condition_recombine_pseudolabel__mult_3__sim_0.85__teacher_ridge__seed_0,condition_recombine_pseudolabel,3.0,0.85,ridge,0,31,30,1.967741935483871,True,0.8500000000000002,0.85,0.85,reaction_role_concat,6144,random_forest,False,valid,mae,16.388551405010347,0,0.01,random,,
condition_recombine_pseudolabel__mult_3__sim_0.85__teacher_ridge__seed_0,condition_recombine_pseudolabel,3.0,0.85,ridge,0,31,30,1.967741935483871,True,0.8500000000000002,0.85,0.85,reaction_role_concat,6144,random_forest,False,valid,r2,0.4250247488372333,0,0.01,random,,
condition_recombine_pseudolabel__mult_3__sim_0.85__teacher_ridge__seed_0,condition_recombine_pseudolabel,3.0,0.85,ridge,0,31,30,1.967741935483871,True,0.8500000000000002,0.85,0.85,reaction_role_concat,6144,random_forest,False,valid,spearman,0.7196140096456455,0,0.01,random,,
condition_recombine_pseudolabel__mult_3__sim_0.85__teacher_ridge__seed_1,condition_recombine_pseudolabel,3.0,0.85,ridge,1,31,26,1.8387096774193548,True,0.8500000000000001,0.85,0.85,reaction_role_concat,6144,random_forest,False,valid,rmse,21.547472069111812,0,0.01,random,,
condition_recombine_pseudolabel__mult_3__sim_0.85__teacher_ridge__seed_1,condition_recombine_pseudolabel,3.0,0.85,ridge,1,31,26,1.8387096774193548,True,0.8500000000000001,0.85,0.85,reaction_role_concat,6144,random_forest,False,valid,mae,16.30060284720493,0,0.01,random,,
condition_recombine_pseudolabel__mult_3__sim_0.85__teacher_ridge__seed_1,condition_recombine_pseudolabel,3.0,0.85,ridge,1,31,26,1.8387096774193548,True,0.8500000000000001,0.85,0.85,reaction_role_concat,6144,random_forest,False,valid,r2,0.41896198540384777,0,0.01,random,,
condition_recombine_pseudolabel__mult_3__sim_0.85__teacher_ridge__seed_1,condition_recombine_pseudolabel,3.0,0.85,ridge,1,31,26,1.8387096774193548,True,0.8500000000000001,0.85,0.85,reaction_role_concat,6144,random_forest,False,valid,spearman,0.7042101835947676,0,0.01,random,,
condition_recombine_pseudolabel__mult_3__sim_0.85__teacher_ridge__seed_2,condition_recombine_pseudolabel,3.0,0.85,ridge,2,31,24,1.7741935483870968,True,0.85,0.85,0.85,reaction_role_concat,6144,random_forest,False,valid,rmse,21.76579966731494,0,0.01,random,,
condition_recombine_pseudolabel__mult_3__sim_0.85__teacher_ridge__seed_2,condition_recombine_pseudolabel,3.0,0.85,ridge,2,31,24,1.7741935483870968,True,0.85,0.85,0.85,reaction_role_concat,6144,random_forest,False,valid,mae,17.041087944969345,0,0.01,random,,
condition_recombine_pseudolabel__mult_3__sim_0.85__teacher_ridge__seed_2,condition_recombine_pseudolabel,3.0,0.85,ridge,2,31,24,1.7741935483870968,True,0.85,0.85,0.85,reaction_role_concat,6144,random_forest,False,valid,r2,0.40712771409445625,0,0.01,random,,
condition_recombine_pseudolabel__mult_3__sim_0.85__teacher_ridge__seed_2,condition_recombine_pseudolabel,3.0,0.85,ridge,2,31,24,1.7741935483870968,True,0.85,0.85,0.85,reaction_role_concat,6144,random_forest,False,valid,spearman,0.7079392135866455,0,0.01,random,,
condition_recombine_pseudolabel__mult_3__sim_0.85__teacher_ridge__seed_3,condition_recombine_pseudolabel,3.0,0.85,ridge,3,31,27,1.8709677419354838,True,0.8500000000000001,0.85,0.85,reaction_role_concat,6144,random_forest,False,valid,rmse,21.657987401125176,0,0.01,random,,
condition_recombine_pseudolabel__mult_3__sim_0.85__teacher_ridge__seed_3,condition_recombine_pseudolabel,3.0,0.85,ridge,3,31,27,1.8709677419354838,True,0.8500000000000001,0.85,0.85,reaction_role_concat,6144,random_forest,False,valid,mae,16.6500756810979,0,0.01,random,,
condition_recombine_pseudolabel__mult_3__sim_0.85__teacher_ridge__seed_3,condition_recombine_pseudolabel,3.0,0.85,ridge,3,31,27,1.8709677419354838,True,0.8500000000000001,0.85,0.85,reaction_role_concat,6144,random_forest,False,valid,r2,0.4129865018550013,0,0.01,random,,
condition_recombine_pseudolabel__mult_3__sim_0.85__teacher_ridge__seed_3,condition_recombine_pseudolabel,3.0,0.85,ridge,3,31,27,1.8709677419354838,True,0.8500000000000001,0.85,0.85,reaction_role_concat,6144,random_forest,False,valid,spearman,0.7363428130402174,0,0.01,random,,
condition_recombine_pseudolabel__mult_3__sim_0.85__teacher_ridge__seed_4,condition_recombine_pseudolabel,3.0,0.85,ridge,4,31,26,1.8387096774193548,True,0.8500000000000001,0.85,0.85,reaction_role_concat,6144,random_forest,False,valid,rmse,21.63662336608089,0,0.01,random,,
condition_recombine_pseudolabel__mult_3__sim_0.85__teacher_ridge__seed_4,condition_recombine_pseudolabel,3.0,0.85,ridge,4,31,26,1.8387096774193548,True,0.8500000000000001,0.85,0.85,reaction_role_concat,6144,random_forest,False,valid,mae,16.44365535552894,0,0.01,random,,
condition_recombine_pseudolabel__mult_3__sim_0.85__teacher_ridge__seed_4,condition_recombine_pseudolabel,3.0,0.85,ridge,4,31,26,1.8387096774193548,True,0.8500000000000001,0.85,0.85,reaction_role_concat,6144,random_forest,False,valid,r2,0.41414402321940336,0,0.01,random,,
condition_recombine_pseudolabel__mult_3__sim_0.85__teacher_ridge__seed_4,condition_recombine_pseudolabel,3.0,0.85,ridge,4,31,26,1.8387096774193548,True,0.8500000000000001,0.85,0.85,reaction_role_concat,6144,random_forest,False,valid,spearman,0.7019765084676455,0,0.01,random,,
condition_recombine_pseudolabel__mult_3__sim_0.85__teacher_rf__seed_0,condition_recombine_pseudolabel,3.0,0.85,random_forest,0,31,30,1.967741935483871,True,0.8500000000000002,0.85,0.85,reaction_role_concat,6144,random_forest,False,valid,rmse,21.92767178457064,0,0.01,random,,
condition_recombine_pseudolabel__mult_3__sim_0.85__teacher_rf__seed_0,condition_recombine_pseudolabel,3.0,0.85,random_forest,0,31,30,1.967741935483871,True,0.8500000000000002,0.85,0.85,reaction_role_concat,6144,random_forest,False,valid,mae,16.570259576130518,0,0.01,random,,
condition_recombine_pseudolabel__mult_3__sim_0.85__teacher_rf__seed_0,condition_recombine_pseudolabel,3.0,0.85,random_forest,0,31,30,1.967741935483871,True,0.8500000000000002,0.85,0.85,reaction_role_concat,6144,random_forest,False,valid,r2,0.3982765479610334,0,0.01,random,,
condition_recombine_pseudolabel__mult_3__sim_0.85__teacher_rf__seed_0,condition_recombine_pseudolabel,3.0,0.85,random_forest,0,31,30,1.967741935483871,True,0.8500000000000002,0.85,0.85,reaction_role_concat,6144,random_forest,False,valid,spearman,0.7319734668084864,0,0.01,random,,
condition_recombine_pseudolabel__mult_3__sim_0.85__teacher_rf__seed_1,condition_recombine_pseudolabel,3.0,0.85,random_forest,1,31,26,1.8387096774193548,True,0.8500000000000001,0.85,0.85,reaction_role_concat,6144,random_forest,False,valid,rmse,21.63112056766496,0,0.01,random,,
condition_recombine_pseudolabel__mult_3__sim_0.85__teacher_rf__seed_1,condition_recombine_pseudolabel,3.0,0.85,random_forest,1,31,26,1.8387096774193548,True,0.8500000000000001,0.85,0.85,reaction_role_concat,6144,random_forest,False,valid,mae,16.43544805444947,0,0.01,random,,
condition_recombine_pseudolabel__mult_3__sim_0.85__teacher_rf__seed_1,condition_recombine_pseudolabel,3.0,0.85,random_forest,1,31,26,1.8387096774193548,True,0.8500000000000001,0.85,0.85,reaction_role_concat,6144,random_forest,False,valid,r2,0.4144419844427589,0,0.01,random,,
condition_recombine_pseudolabel__mult_3__sim_0.85__teacher_rf__seed_1,condition_recombine_pseudolabel,3.0,0.85,random_forest,1,31,26,1.8387096774193548,True,0.8500000000000001,0.85,0.85,reaction_role_concat,6144,random_forest,False,valid,spearman,0.7326979184350789,0,0.01,random,,
condition_recombine_pseudolabel__mult_3__sim_0.85__teacher_rf__seed_2,condition_recombine_pseudolabel,3.0,0.85,random_forest,2,31,24,1.7741935483870968,True,0.85,0.85,0.85,reaction_role_concat,6144,random_forest,False,valid,rmse,22.01205226599018,0,0.01,random,,
condition_recombine_pseudolabel__mult_3__sim_0.85__teacher_rf__seed_2,condition_recombine_pseudolabel,3.0,0.85,random_forest,2,31,24,1.7741935483870968,True,0.85,0.85,0.85,reaction_role_concat,6144,random_forest,False,valid,mae,16.64327350278746,0,0.01,random,,
condition_recombine_pseudolabel__mult_3__sim_0.85__teacher_rf__seed_2,condition_recombine_pseudolabel,3.0,0.85,random_forest,2,31,24,1.7741935483870968,True,0.85,0.85,0.85,reaction_role_concat,6144,random_forest,False,valid,r2,0.3936366202082604,0,0.01,random,,
condition_recombine_pseudolabel__mult_3__sim_0.85__teacher_rf__seed_2,condition_recombine_pseudolabel,3.0,0.85,random_forest,2,31,24,1.7741935483870968,True,0.85,0.85,0.85,reaction_role_concat,6144,random_forest,False,valid,spearman,0.7227449474200086,0,0.01,random,,
condition_recombine_pseudolabel__mult_3__sim_0.85__teacher_rf__seed_3,condition_recombine_pseudolabel,3.0,0.85,random_forest,3,31,27,1.8709677419354838,True,0.8500000000000001,0.85,0.85,reaction_role_concat,6144,random_forest,False,valid,rmse,21.47705773905354,0,0.01,random,,
condition_recombine_pseudolabel__mult_3__sim_0.85__teacher_rf__seed_3,condition_recombine_pseudolabel,3.0,0.85,random_forest,3,31,27,1.8709677419354838,True,0.8500000000000001,0.85,0.85,reaction_role_concat,6144,random_forest,False,valid,mae,16.59770063051091,0,0.01,random,,
condition_recombine_pseudolabel__mult_3__sim_0.85__teacher_rf__seed_3,condition_recombine_pseudolabel,3.0,0.85,random_forest,3,31,27,1.8709677419354838,True,0.8500000000000001,0.85,0.85,reaction_role_concat,6144,random_forest,False,valid,r2,0.4227532935045757,0,0.01,random,,
condition_recombine_pseudolabel__mult_3__sim_0.85__teacher_rf__seed_3,condition_recombine_pseudolabel,3.0,0.85,random_forest,3,31,27,1.8709677419354838,True,0.8500000000000001,0.85,0.85,reaction_role_concat,6144,random_forest,False,valid,spearman,0.7451954210060598,0,0.01,random,,
condition_recombine_pseudolabel__mult_3__sim_0.85__teacher_rf__seed_4,condition_recombine_pseudolabel,3.0,0.85,random_forest,4,31,26,1.8387096774193548,True,0.8500000000000001,0.85,0.85,reaction_role_concat,6144,random_forest,False,valid,rmse,21.76517895123552,0,0.01,random,,
condition_recombine_pseudolabel__mult_3__sim_0.85__teacher_rf__seed_4,condition_recombine_pseudolabel,3.0,0.85,random_forest,4,31,26,1.8387096774193548,True,0.8500000000000001,0.85,0.85,reaction_role_concat,6144,random_forest,False,valid,mae,16.51207096142407,0,0.01,random,,
condition_recombine_pseudolabel__mult_3__sim_0.85__teacher_rf__seed_4,condition_recombine_pseudolabel,3.0,0.85,random_forest,4,31,26,1.8387096774193548,True,0.8500000000000001,0.85,0.85,reaction_role_concat,6144,random_forest,False,valid,r2,0.4071615286217559,0,0.01,random,,
condition_recombine_pseudolabel__mult_3__sim_0.85__teacher_rf__seed_4,condition_recombine_pseudolabel,3.0,0.85,random_forest,4,31,26,1.8387096774193548,True,0.8500000000000001,0.85,0.85,reaction_role_concat,6144,random_forest,False,valid,spearman,0.7192464726301027,0,0.01,random,,
condition_recombine_pseudolabel__mult_3__sim_0.9__teacher_ridge__seed_0,condition_recombine_pseudolabel,3.0,0.9,ridge,0,31,19,1.6129032258064515,True,0.85,0.85,0.85,reaction_role_concat,6144,random_forest,False,valid,rmse,21.316189692455975,0,0.01,random,,
condition_recombine_pseudolabel__mult_3__sim_0.9__teacher_ridge__seed_0,condition_recombine_pseudolabel,3.0,0.9,ridge,0,31,19,1.6129032258064515,True,0.85,0.85,0.85,reaction_role_concat,6144,random_forest,False,valid,mae,16.444327371117435,0,0.01,random,,
condition_recombine_pseudolabel__mult_3__sim_0.9__teacher_ridge__seed_0,condition_recombine_pseudolabel,3.0,0.9,ridge,0,31,19,1.6129032258064515,True,0.85,0.85,0.85,reaction_role_concat,6144,random_forest,False,valid,r2,0.43136832614861853,0,0.01,random,,
condition_recombine_pseudolabel__mult_3__sim_0.9__teacher_ridge__seed_0,condition_recombine_pseudolabel,3.0,0.9,ridge,0,31,19,1.6129032258064515,True,0.85,0.85,0.85,reaction_role_concat,6144,random_forest,False,valid,spearman,0.7221934996861249,0,0.01,random,,
condition_recombine_pseudolabel__mult_3__sim_0.9__teacher_ridge__seed_1,condition_recombine_pseudolabel,3.0,0.9,ridge,1,31,16,1.5161290322580645,True,0.85,0.85,0.85,reaction_role_concat,6144,random_forest,False,valid,rmse,21.763082185050067,0,0.01,random,,
condition_recombine_pseudolabel__mult_3__sim_0.9__teacher_ridge__seed_1,condition_recombine_pseudolabel,3.0,0.9,ridge,1,31,16,1.5161290322580645,True,0.85,0.85,0.85,reaction_role_concat,6144,random_forest,False,valid,mae,16.640449255095252,0,0.01,random,,
condition_recombine_pseudolabel__mult_3__sim_0.9__teacher_ridge__seed_1,condition_recombine_pseudolabel,3.0,0.9,ridge,1,31,16,1.5161290322580645,True,0.85,0.85,0.85,reaction_role_concat,6144,random_forest,False,valid,r2,0.40727574627079943,0,0.01,random,,
condition_recombine_pseudolabel__mult_3__sim_0.9__teacher_ridge__seed_1,condition_recombine_pseudolabel,3.0,0.9,ridge,1,31,16,1.5161290322580645,True,0.85,0.85,0.85,reaction_role_concat,6144,random_forest,False,valid,spearman,0.7078808216559728,0,0.01,random,,
condition_recombine_pseudolabel__mult_3__sim_0.9__teacher_ridge__seed_2,condition_recombine_pseudolabel,3.0,0.9,ridge,2,31,15,1.4838709677419355,True,0.8499999999999999,0.85,0.85,reaction_role_concat,6144,random_forest,False,valid,rmse,22.032533668724678,0,0.01,random,,
condition_recombine_pseudolabel__mult_3__sim_0.9__teacher_ridge__seed_2,condition_recombine_pseudolabel,3.0,0.9,ridge,2,31,15,1.4838709677419355,True,0.8499999999999999,0.85,0.85,reaction_role_concat,6144,random_forest,False,valid,mae,17.22230487809302,0,0.01,random,,
condition_recombine_pseudolabel__mult_3__sim_0.9__teacher_ridge__seed_2,condition_recombine_pseudolabel,3.0,0.9,ridge,2,31,15,1.4838709677419355,True,0.8499999999999999,0.85,0.85,reaction_role_concat,6144,random_forest,False,valid,r2,0.3925076977229025,0,0.01,random,,
condition_recombine_pseudolabel__mult_3__sim_0.9__teacher_ridge__seed_2,condition_recombine_pseudolabel,3.0,0.9,ridge,2,31,15,1.4838709677419355,True,0.8499999999999999,0.85,0.85,reaction_role_concat,6144,random_forest,False,valid,spearman,0.7089789111770878,0,0.01,random,,
condition_recombine_pseudolabel__mult_3__sim_0.9__teacher_ridge__seed_3,condition_recombine_pseudolabel,3.0,0.9,ridge,3,31,17,1.5483870967741935,True,0.85,0.85,0.85,reaction_role_concat,6144,random_forest,False,valid,rmse,21.317932301272062,0,0.01,random,,
condition_recombine_pseudolabel__mult_3__sim_0.9__teacher_ridge__seed_3,condition_recombine_pseudolabel,3.0,0.9,ridge,3,31,17,1.5483870967741935,True,0.85,0.85,0.85,reaction_role_concat,6144,random_forest,False,valid,mae,16.235018915348416,0,0.01,random,,
condition_recombine_pseudolabel__mult_3__sim_0.9__teacher_ridge__seed_3,condition_recombine_pseudolabel,3.0,0.9,ridge,3,31,17,1.5483870967741935,True,0.85,0.85,0.85,reaction_role_concat,6144,random_forest,False,valid,r2,0.43127535051970545,0,0.01,random,,
condition_recombine_pseudolabel__mult_3__sim_0.9__teacher_ridge__seed_3,condition_recombine_pseudolabel,3.0,0.9,ridge,3,31,17,1.5483870967741935,True,0.85,0.85,0.85,reaction_role_concat,6144,random_forest,False,valid,spearman,0.747464665676238,0,0.01,random,,
condition_recombine_pseudolabel__mult_3__sim_0.9__teacher_ridge__seed_4,condition_recombine_pseudolabel,3.0,0.9,ridge,4,31,16,1.5161290322580645,True,0.85,0.85,0.85,reaction_role_concat,6144,random_forest,False,valid,rmse,21.788410131673043,0,0.01,random,,
condition_recombine_pseudolabel__mult_3__sim_0.9__teacher_ridge__seed_4,condition_recombine_pseudolabel,3.0,0.9,ridge,4,31,16,1.5161290322580645,True,0.85,0.85,0.85,reaction_role_concat,6144,random_forest,False,valid,mae,16.40630899700032,0,0.01,random,,
condition_recombine_pseudolabel__mult_3__sim_0.9__teacher_ridge__seed_4,condition_recombine_pseudolabel,3.0,0.9,ridge,4,31,16,1.5161290322580645,True,0.85,0.85,0.85,reaction_role_concat,6144,random_forest,False,valid,r2,0.4058953145907205,0,0.01,random,,
condition_recombine_pseudolabel__mult_3__sim_0.9__teacher_ridge__seed_4,condition_recombine_pseudolabel,3.0,0.9,ridge,4,31,16,1.5161290322580645,True,0.85,0.85,0.85,reaction_role_concat,6144,random_forest,False,valid,spearman,0.7078014246861607,0,0.01,random,,
condition_recombine_pseudolabel__mult_3__sim_0.9__teacher_rf__seed_0,condition_recombine_pseudolabel,3.0,0.9,random_forest,0,31,19,1.6129032258064515,True,0.85,0.85,0.85,reaction_role_concat,6144,random_forest,False,valid,rmse,21.67359546667844,0,0.01,random,,
condition_recombine_pseudolabel__mult_3__sim_0.9__teacher_rf__seed_0,condition_recombine_pseudolabel,3.0,0.9,random_forest,0,31,19,1.6129032258064515,True,0.85,0.85,0.85,reaction_role_concat,6144,random_forest,False,valid,mae,16.414013057349603,0,0.01,random,,
condition_recombine_pseudolabel__mult_3__sim_0.9__teacher_rf__seed_0,condition_recombine_pseudolabel,3.0,0.9,random_forest,0,31,19,1.6129032258064515,True,0.85,0.85,0.85,reaction_role_concat,6144,random_forest,False,valid,r2,0.41214012158983515,0,0.01,random,,
condition_recombine_pseudolabel__mult_3__sim_0.9__teacher_rf__seed_0,condition_recombine_pseudolabel,3.0,0.9,random_forest,0,31,19,1.6129032258064515,True,0.85,0.85,0.85,reaction_role_concat,6144,random_forest,False,valid,spearman,0.7441276424743205,0,0.01,random,,
condition_recombine_pseudolabel__mult_3__sim_0.9__teacher_rf__seed_1,condition_recombine_pseudolabel,3.0,0.9,random_forest,1,31,16,1.5161290322580645,True,0.85,0.85,0.85,reaction_role_concat,6144,random_forest,False,valid,rmse,21.880917536495243,0,0.01,random,,
condition_recombine_pseudolabel__mult_3__sim_0.9__teacher_rf__seed_1,condition_recombine_pseudolabel,3.0,0.9,random_forest,1,31,16,1.5161290322580645,True,0.85,0.85,0.85,reaction_role_concat,6144,random_forest,False,valid,mae,16.59789300280885,0,0.01,random,,
condition_recombine_pseudolabel__mult_3__sim_0.9__teacher_rf__seed_1,condition_recombine_pseudolabel,3.0,0.9,random_forest,1,31,16,1.5161290322580645,True,0.85,0.85,0.85,reaction_role_concat,6144,random_forest,False,valid,r2,0.40083980547926934,0,0.01,random,,
condition_recombine_pseudolabel__mult_3__sim_0.9__teacher_rf__seed_1,condition_recombine_pseudolabel,3.0,0.9,random_forest,1,31,16,1.5161290322580645,True,0.85,0.85,0.85,reaction_role_concat,6144,random_forest,False,valid,spearman,0.7343580686093477,0,0.01,random,,
condition_recombine_pseudolabel__mult_3__sim_0.9__teacher_rf__seed_2,condition_recombine_pseudolabel,3.0,0.9,random_forest,2,31,15,1.4838709677419355,True,0.8499999999999999,0.85,0.85,reaction_role_concat,6144,random_forest,False,valid,rmse,22.336874094736604,0,0.01,random,,
condition_recombine_pseudolabel__mult_3__sim_0.9__teacher_rf__seed_2,condition_recombine_pseudolabel,3.0,0.9,random_forest,2,31,15,1.4838709677419355,True,0.8499999999999999,0.85,0.85,reaction_role_concat,6144,random_forest,False,valid,mae,16.83503860866873,0,0.01,random,,
condition_recombine_pseudolabel__mult_3__sim_0.9__teacher_rf__seed_2,condition_recombine_pseudolabel,3.0,0.9,random_forest,2,31,15,1.4838709677419355,True,0.8499999999999999,0.85,0.85,reaction_role_concat,6144,random_forest,False,valid,r2,0.3756089247921198,0,0.01,random,,
condition_recombine_pseudolabel__mult_3__sim_0.9__teacher_rf__seed_2,condition_recombine_pseudolabel,3.0,0.9,random_forest,2,31,15,1.4838709677419355,True,0.8499999999999999,0.85,0.85,reaction_role_concat,6144,random_forest,False,valid,spearman,0.7177697805903024,0,0.01,random,,
condition_recombine_pseudolabel__mult_3__sim_0.9__teacher_rf__seed_3,condition_recombine_pseudolabel,3.0,0.9,random_forest,3,31,17,1.5483870967741935,True,0.85,0.85,0.85,reaction_role_concat,6144,random_forest,False,valid,rmse,21.704874388177952,0,0.01,random,,
condition_recombine_pseudolabel__mult_3__sim_0.9__teacher_rf__seed_3,condition_recombine_pseudolabel,3.0,0.9,random_forest,3,31,17,1.5483870967741935,True,0.85,0.85,0.85,reaction_role_concat,6144,random_forest,False,valid,mae,16.736759889255595,0,0.01,random,,
condition_recombine_pseudolabel__mult_3__sim_0.9__teacher_rf__seed_3,condition_recombine_pseudolabel,3.0,0.9,random_forest,3,31,17,1.5483870967741935,True,0.85,0.85,0.85,reaction_role_concat,6144,random_forest,False,valid,r2,0.4104421207803248,0,0.01,random,,
condition_recombine_pseudolabel__mult_3__sim_0.9__teacher_rf__seed_3,condition_recombine_pseudolabel,3.0,0.9,random_forest,3,31,17,1.5483870967741935,True,0.85,0.85,0.85,reaction_role_concat,6144,random_forest,False,valid,spearman,0.7304336654443742,0,0.01,random,,
condition_recombine_pseudolabel__mult_3__sim_0.9__teacher_rf__seed_4,condition_recombine_pseudolabel,3.0,0.9,random_forest,4,31,16,1.5161290322580645,True,0.85,0.85,0.85,reaction_role_concat,6144,random_forest,False,valid,rmse,21.80010087051719,0,0.01,random,,
condition_recombine_pseudolabel__mult_3__sim_0.9__teacher_rf__seed_4,condition_recombine_pseudolabel,3.0,0.9,random_forest,4,31,16,1.5161290322580645,True,0.85,0.85,0.85,reaction_role_concat,6144,random_forest,False,valid,mae,16.561831569119345,0,0.01,random,,
condition_recombine_pseudolabel__mult_3__sim_0.9__teacher_rf__seed_4,condition_recombine_pseudolabel,3.0,0.9,random_forest,4,31,16,1.5161290322580645,True,0.85,0.85,0.85,reaction_role_concat,6144,random_forest,False,valid,r2,0.40525760068520766,0,0.01,random,,
condition_recombine_pseudolabel__mult_3__sim_0.9__teacher_rf__seed_4,condition_recombine_pseudolabel,3.0,0.9,random_forest,4,31,16,1.5161290322580645,True,0.85,0.85,0.85,reaction_role_concat,6144,random_forest,False,valid,spearman,0.7192461181323087,0,0.01,random,,
condition_recombine_pseudolabel__mult_3__sim_0.95__teacher_ridge__seed_0,condition_recombine_pseudolabel,3.0,0.95,ridge,0,31,0,1.0,True,,,,reaction_role_concat,6144,random_forest,False,valid,rmse,21.686243649115106,0,0.01,random,,
condition_recombine_pseudolabel__mult_3__sim_0.95__teacher_ridge__seed_0,condition_recombine_pseudolabel,3.0,0.95,ridge,0,31,0,1.0,True,,,,reaction_role_concat,6144,random_forest,False,valid,mae,16.569035775652413,0,0.01,random,,
condition_recombine_pseudolabel__mult_3__sim_0.95__teacher_ridge__seed_0,condition_recombine_pseudolabel,3.0,0.95,ridge,0,31,0,1.0,True,,,,reaction_role_concat,6144,random_forest,False,valid,r2,0.411453799973473,0,0.01,random,,
condition_recombine_pseudolabel__mult_3__sim_0.95__teacher_ridge__seed_0,condition_recombine_pseudolabel,3.0,0.95,ridge,0,31,0,1.0,True,,,,reaction_role_concat,6144,random_forest,False,valid,spearman,0.732012930736291,0,0.01,random,,
condition_recombine_pseudolabel__mult_3__sim_0.95__teacher_ridge__seed_1,condition_recombine_pseudolabel,3.0,0.95,ridge,1,31,0,1.0,True,,,,reaction_role_concat,6144,random_forest,False,valid,rmse,21.686243649115106,0,0.01,random,,
condition_recombine_pseudolabel__mult_3__sim_0.95__teacher_ridge__seed_1,condition_recombine_pseudolabel,3.0,0.95,ridge,1,31,0,1.0,True,,,,reaction_role_concat,6144,random_forest,False,valid,mae,16.569035775652413,0,0.01,random,,
condition_recombine_pseudolabel__mult_3__sim_0.95__teacher_ridge__seed_1,condition_recombine_pseudolabel,3.0,0.95,ridge,1,31,0,1.0,True,,,,reaction_role_concat,6144,random_forest,False,valid,r2,0.411453799973473,0,0.01,random,,
condition_recombine_pseudolabel__mult_3__sim_0.95__teacher_ridge__seed_1,condition_recombine_pseudolabel,3.0,0.95,ridge,1,31,0,1.0,True,,,,reaction_role_concat,6144,random_forest,False,valid,spearman,0.732012930736291,0,0.01,random,,
condition_recombine_pseudolabel__mult_3__sim_0.95__teacher_ridge__seed_2,condition_recombine_pseudolabel,3.0,0.95,ridge,2,31,0,1.0,True,,,,reaction_role_concat,6144,random_forest,False,valid,rmse,21.686243649115106,0,0.01,random,,
condition_recombine_pseudolabel__mult_3__sim_0.95__teacher_ridge__seed_2,condition_recombine_pseudolabel,3.0,0.95,ridge,2,31,0,1.0,True,,,,reaction_role_concat,6144,random_forest,False,valid,mae,16.569035775652413,0,0.01,random,,
condition_recombine_pseudolabel__mult_3__sim_0.95__teacher_ridge__seed_2,condition_recombine_pseudolabel,3.0,0.95,ridge,2,31,0,1.0,True,,,,reaction_role_concat,6144,random_forest,False,valid,r2,0.411453799973473,0,0.01,random,,
condition_recombine_pseudolabel__mult_3__sim_0.95__teacher_ridge__seed_2,condition_recombine_pseudolabel,3.0,0.95,ridge,2,31,0,1.0,True,,,,reaction_role_concat,6144,random_forest,False,valid,spearman,0.732012930736291,0,0.01,random,,
condition_recombine_pseudolabel__mult_3__sim_0.95__teacher_ridge__seed_3,condition_recombine_pseudolabel,3.0,0.95,ridge,3,31,0,1.0,True,,,,reaction_role_concat,6144,random_forest,False,valid,rmse,21.686243649115106,0,0.01,random,,
condition_recombine_pseudolabel__mult_3__sim_0.95__teacher_ridge__seed_3,condition_recombine_pseudolabel,3.0,0.95,ridge,3,31,0,1.0,True,,,,reaction_role_concat,6144,random_forest,False,valid,mae,16.569035775652413,0,0.01,random,,
condition_recombine_pseudolabel__mult_3__sim_0.95__teacher_ridge__seed_3,condition_recombine_pseudolabel,3.0,0.95,ridge,3,31,0,1.0,True,,,,reaction_role_concat,6144,random_forest,False,valid,r2,0.411453799973473,0,0.01,random,,
condition_recombine_pseudolabel__mult_3__sim_0.95__teacher_ridge__seed_3,condition_recombine_pseudolabel,3.0,0.95,ridge,3,31,0,1.0,True,,,,reaction_role_concat,6144,random_forest,False,valid,spearman,0.732012930736291,0,0.01,random,,
condition_recombine_pseudolabel__mult_3__sim_0.95__teacher_ridge__seed_4,condition_recombine_pseudolabel,3.0,0.95,ridge,4,31,0,1.0,True,,,,reaction_role_concat,6144,random_forest,False,valid,rmse,21.686243649115106,0,0.01,random,,
condition_recombine_pseudolabel__mult_3__sim_0.95__teacher_ridge__seed_4,condition_recombine_pseudolabel,3.0,0.95,ridge,4,31,0,1.0,True,,,,reaction_role_concat,6144,random_forest,False,valid,mae,16.569035775652413,0,0.01,random,,
condition_recombine_pseudolabel__mult_3__sim_0.95__teacher_ridge__seed_4,condition_recombine_pseudolabel,3.0,0.95,ridge,4,31,0,1.0,True,,,,reaction_role_concat,6144,random_forest,False,valid,r2,0.411453799973473,0,0.01,random,,
condition_recombine_pseudolabel__mult_3__sim_0.95__teacher_ridge__seed_4,condition_recombine_pseudolabel,3.0,0.95,ridge,4,31,0,1.0,True,,,,reaction_role_concat,6144,random_forest,False,valid,spearman,0.732012930736291,0,0.01,random,,
condition_recombine_pseudolabel__mult_3__sim_0.95__teacher_rf__seed_0,condition_recombine_pseudolabel,3.0,0.95,random_forest,0,31,0,1.0,True,,,,reaction_role_concat,6144,random_forest,False,valid,rmse,21.686243649115106,0,0.01,random,,
condition_recombine_pseudolabel__mult_3__sim_0.95__teacher_rf__seed_0,condition_recombine_pseudolabel,3.0,0.95,random_forest,0,31,0,1.0,True,,,,reaction_role_concat,6144,random_forest,False,valid,mae,16.569035775652413,0,0.01,random,,
condition_recombine_pseudolabel__mult_3__sim_0.95__teacher_rf__seed_0,condition_recombine_pseudolabel,3.0,0.95,random_forest,0,31,0,1.0,True,,,,reaction_role_concat,6144,random_forest,False,valid,r2,0.411453799973473,0,0.01,random,,
condition_recombine_pseudolabel__mult_3__sim_0.95__teacher_rf__seed_0,condition_recombine_pseudolabel,3.0,0.95,random_forest,0,31,0,1.0,True,,,,reaction_role_concat,6144,random_forest,False,valid,spearman,0.732012930736291,0,0.01,random,,
condition_recombine_pseudolabel__mult_3__sim_0.95__teacher_rf__seed_1,condition_recombine_pseudolabel,3.0,0.95,random_forest,1,31,0,1.0,True,,,,reaction_role_concat,6144,random_forest,False,valid,rmse,21.686243649115106,0,0.01,random,,
condition_recombine_pseudolabel__mult_3__sim_0.95__teacher_rf__seed_1,condition_recombine_pseudolabel,3.0,0.95,random_forest,1,31,0,1.0,True,,,,reaction_role_concat,6144,random_forest,False,valid,mae,16.569035775652413,0,0.01,random,,
condition_recombine_pseudolabel__mult_3__sim_0.95__teacher_rf__seed_1,condition_recombine_pseudolabel,3.0,0.95,random_forest,1,31,0,1.0,True,,,,reaction_role_concat,6144,random_forest,False,valid,r2,0.411453799973473,0,0.01,random,,
condition_recombine_pseudolabel__mult_3__sim_0.95__teacher_rf__seed_1,condition_recombine_pseudolabel,3.0,0.95,random_forest,1,31,0,1.0,True,,,,reaction_role_concat,6144,random_forest,False,valid,spearman,0.732012930736291,0,0.01,random,,
condition_recombine_pseudolabel__mult_3__sim_0.95__teacher_rf__seed_2,condition_recombine_pseudolabel,3.0,0.95,random_forest,2,31,0,1.0,True,,,,reaction_role_concat,6144,random_forest,False,valid,rmse,21.686243649115106,0,0.01,random,,
condition_recombine_pseudolabel__mult_3__sim_0.95__teacher_rf__seed_2,condition_recombine_pseudolabel,3.0,0.95,random_forest,2,31,0,1.0,True,,,,reaction_role_concat,6144,random_forest,False,valid,mae,16.569035775652413,0,0.01,random,,
condition_recombine_pseudolabel__mult_3__sim_0.95__teacher_rf__seed_2,condition_recombine_pseudolabel,3.0,0.95,random_forest,2,31,0,1.0,True,,,,reaction_role_concat,6144,random_forest,False,valid,r2,0.411453799973473,0,0.01,random,,
condition_recombine_pseudolabel__mult_3__sim_0.95__teacher_rf__seed_2,condition_recombine_pseudolabel,3.0,0.95,random_forest,2,31,0,1.0,True,,,,reaction_role_concat,6144,random_forest,False,valid,spearman,0.732012930736291,0,0.01,random,,
condition_recombine_pseudolabel__mult_3__sim_0.95__teacher_rf__seed_3,condition_recombine_pseudolabel,3.0,0.95,random_forest,3,31,0,1.0,True,,,,reaction_role_concat,6144,random_forest,False,valid,rmse,21.686243649115106,0,0.01,random,,
condition_recombine_pseudolabel__mult_3__sim_0.95__teacher_rf__seed_3,condition_recombine_pseudolabel,3.0,0.95,random_forest,3,31,0,1.0,True,,,,reaction_role_concat,6144,random_forest,False,valid,mae,16.569035775652413,0,0.01,random,,
condition_recombine_pseudolabel__mult_3__sim_0.95__teacher_rf__seed_3,condition_recombine_pseudolabel,3.0,0.95,random_forest,3,31,0,1.0,True,,,,reaction_role_concat,6144,random_forest,False,valid,r2,0.411453799973473,0,0.01,random,,
condition_recombine_pseudolabel__mult_3__sim_0.95__teacher_rf__seed_3,condition_recombine_pseudolabel,3.0,0.95,random_forest,3,31,0,1.0,True,,,,reaction_role_concat,6144,random_forest,False,valid,spearman,0.732012930736291,0,0.01,random,,
condition_recombine_pseudolabel__mult_3__sim_0.95__teacher_rf__seed_4,condition_recombine_pseudolabel,3.0,0.95,random_forest,4,31,0,1.0,True,,,,reaction_role_concat,6144,random_forest,False,valid,rmse,21.686243649115106,0,0.01,random,,
condition_recombine_pseudolabel__mult_3__sim_0.95__teacher_rf__seed_4,condition_recombine_pseudolabel,3.0,0.95,random_forest,4,31,0,1.0,True,,,,reaction_role_concat,6144,random_forest,False,valid,mae,16.569035775652413,0,0.01,random,,
condition_recombine_pseudolabel__mult_3__sim_0.95__teacher_rf__seed_4,condition_recombine_pseudolabel,3.0,0.95,random_forest,4,31,0,1.0,True,,,,reaction_role_concat,6144,random_forest,False,valid,r2,0.411453799973473,0,0.01,random,,
condition_recombine_pseudolabel__mult_3__sim_0.95__teacher_rf__seed_4,condition_recombine_pseudolabel,3.0,0.95,random_forest,4,31,0,1.0,True,,,,reaction_role_concat,6144,random_forest,False,valid,spearman,0.732012930736291,0,0.01,random,,
condition_recombine_pseudolabel__mult_0.25__sim_0.7__teacher_ridge__seed_0,condition_recombine_pseudolabel,0.25,0.7,ridge,0,158,39,1.2468354430379747,True,0.8343377825541376,0.7412587404251099,0.85,reaction_role_concat,6144,random_forest,False,valid,rmse,16.213713274051553,1,0.05,random,,
condition_recombine_pseudolabel__mult_0.25__sim_0.7__teacher_ridge__seed_0,condition_recombine_pseudolabel,0.25,0.7,ridge,0,158,39,1.2468354430379747,True,0.8343377825541376,0.7412587404251099,0.85,reaction_role_concat,6144,random_forest,False,valid,mae,12.58739132828803,1,0.05,random,,
condition_recombine_pseudolabel__mult_0.25__sim_0.7__teacher_ridge__seed_0,condition_recombine_pseudolabel,0.25,0.7,ridge,0,158,39,1.2468354430379747,True,0.8343377825541376,0.7412587404251099,0.85,reaction_role_concat,6144,random_forest,False,valid,r2,0.6710144131483626,1,0.05,random,,
condition_recombine_pseudolabel__mult_0.25__sim_0.7__teacher_ridge__seed_0,condition_recombine_pseudolabel,0.25,0.7,ridge,0,158,39,1.2468354430379747,True,0.8343377825541376,0.7412587404251099,0.85,reaction_role_concat,6144,random_forest,False,valid,spearman,0.8476724469166438,1,0.05,random,,
condition_recombine_pseudolabel__mult_0.25__sim_0.7__teacher_ridge__seed_1,condition_recombine_pseudolabel,0.25,0.7,ridge,1,158,39,1.2468354430379747,True,0.8338542161843717,0.7421383857727051,0.85,reaction_role_concat,6144,random_forest,False,valid,rmse,15.58418937610294,1,0.05,random,,
condition_recombine_pseudolabel__mult_0.25__sim_0.7__teacher_ridge__seed_1,condition_recombine_pseudolabel,0.25,0.7,ridge,1,158,39,1.2468354430379747,True,0.8338542161843717,0.7421383857727051,0.85,reaction_role_concat,6144,random_forest,False,valid,mae,12.161363950533202,1,0.05,random,,
condition_recombine_pseudolabel__mult_0.25__sim_0.7__teacher_ridge__seed_1,condition_recombine_pseudolabel,0.25,0.7,ridge,1,158,39,1.2468354430379747,True,0.8338542161843717,0.7421383857727051,0.85,reaction_role_concat,6144,random_forest,False,valid,r2,0.6960652703382575,1,0.05,random,,
condition_recombine_pseudolabel__mult_0.25__sim_0.7__teacher_ridge__seed_1,condition_recombine_pseudolabel,0.25,0.7,ridge,1,158,39,1.2468354430379747,True,0.8338542161843717,0.7421383857727051,0.85,reaction_role_concat,6144,random_forest,False,valid,spearman,0.8636885807733468,1,0.05,random,,
condition_recombine_pseudolabel__mult_0.25__sim_0.7__teacher_ridge__seed_2,condition_recombine_pseudolabel,0.25,0.7,ridge,2,158,39,1.2468354430379747,True,0.8316669289882367,0.7682119011878967,0.85,reaction_role_concat,6144,random_forest,False,valid,rmse,16.076073119080263,1,0.05,random,,
condition_recombine_pseudolabel__mult_0.25__sim_0.7__teacher_ridge__seed_2,condition_recombine_pseudolabel,0.25,0.7,ridge,2,158,39,1.2468354430379747,True,0.8316669289882367,0.7682119011878967,0.85,reaction_role_concat,6144,random_forest,False,valid,mae,12.257566457745394,1,0.05,random,,
condition_recombine_pseudolabel__mult_0.25__sim_0.7__teacher_ridge__seed_2,condition_recombine_pseudolabel,0.25,0.7,ridge,2,158,39,1.2468354430379747,True,0.8316669289882367,0.7682119011878967,0.85,reaction_role_concat,6144,random_forest,False,valid,r2,0.6765763008931132,1,0.05,random,,
condition_recombine_pseudolabel__mult_0.25__sim_0.7__teacher_ridge__seed_2,condition_recombine_pseudolabel,0.25,0.7,ridge,2,158,39,1.2468354430379747,True,0.8316669289882367,0.7682119011878967,0.85,reaction_role_concat,6144,random_forest,False,valid,spearman,0.8468580804327186,1,0.05,random,,
condition_recombine_pseudolabel__mult_0.25__sim_0.7__teacher_ridge__seed_3,condition_recombine_pseudolabel,0.25,0.7,ridge,3,158,39,1.2468354430379747,True,0.8392161864500781,0.7828947305679321,0.85,reaction_role_concat,6144,random_forest,False,valid,rmse,16.247262734122362,1,0.05,random,,
condition_recombine_pseudolabel__mult_0.25__sim_0.7__teacher_ridge__seed_3,condition_recombine_pseudolabel,0.25,0.7,ridge,3,158,39,1.2468354430379747,True,0.8392161864500781,0.7828947305679321,0.85,reaction_role_concat,6144,random_forest,False,valid,mae,12.445724251870868,1,0.05,random,,
condition_recombine_pseudolabel__mult_0.25__sim_0.7__teacher_ridge__seed_3,condition_recombine_pseudolabel,0.25,0.7,ridge,3,158,39,1.2468354430379747,True,0.8392161864500781,0.7828947305679321,0.85,reaction_role_concat,6144,random_forest,False,valid,r2,0.6696515288025782,1,0.05,random,,
condition_recombine_pseudolabel__mult_0.25__sim_0.7__teacher_ridge__seed_3,condition_recombine_pseudolabel,0.25,0.7,ridge,3,158,39,1.2468354430379747,True,0.8392161864500781,0.7828947305679321,0.85,reaction_role_concat,6144,random_forest,False,valid,spearman,0.8481144425486582,1,0.05,random,,
condition_recombine_pseudolabel__mult_0.25__sim_0.7__teacher_ridge__seed_4,condition_recombine_pseudolabel,0.25,0.7,ridge,4,158,39,1.2468354430379747,True,0.8314908470862954,0.7607361674308777,0.85,reaction_role_concat,6144,random_forest,False,valid,rmse,15.595976164508864,1,0.05,random,,
condition_recombine_pseudolabel__mult_0.25__sim_0.7__teacher_ridge__seed_4,condition_recombine_pseudolabel,0.25,0.7,ridge,4,158,39,1.2468354430379747,True,0.8314908470862954,0.7607361674308777,0.85,reaction_role_concat,6144,random_forest,False,valid,mae,12.305155590236941,1,0.05,random,,
condition_recombine_pseudolabel__mult_0.25__sim_0.7__teacher_ridge__seed_4,condition_recombine_pseudolabel,0.25,0.7,ridge,4,158,39,1.2468354430379747,True,0.8314908470862954,0.7607361674308777,0.85,reaction_role_concat,6144,random_forest,False,valid,r2,0.6956053466290686,1,0.05,random,,
condition_recombine_pseudolabel__mult_0.25__sim_0.7__teacher_ridge__seed_4,condition_recombine_pseudolabel,0.25,0.7,ridge,4,158,39,1.2468354430379747,True,0.8314908470862954,0.7607361674308777,0.85,reaction_role_concat,6144,random_forest,False,valid,spearman,0.8580272584437465,1,0.05,random,,
condition_recombine_pseudolabel__mult_0.25__sim_0.7__teacher_rf__seed_0,condition_recombine_pseudolabel,0.25,0.7,random_forest,0,158,39,1.2468354430379747,True,0.8343377825541376,0.7412587404251099,0.85,reaction_role_concat,6144,random_forest,False,valid,rmse,16.18419822084489,1,0.05,random,,
condition_recombine_pseudolabel__mult_0.25__sim_0.7__teacher_rf__seed_0,condition_recombine_pseudolabel,0.25,0.7,random_forest,0,158,39,1.2468354430379747,True,0.8343377825541376,0.7412587404251099,0.85,reaction_role_concat,6144,random_forest,False,valid,mae,12.103884821122207,1,0.05,random,,
condition_recombine_pseudolabel__mult_0.25__sim_0.7__teacher_rf__seed_0,condition_recombine_pseudolabel,0.25,0.7,random_forest,0,158,39,1.2468354430379747,True,0.8343377825541376,0.7412587404251099,0.85,reaction_role_concat,6144,random_forest,False,valid,r2,0.6722110778465007,1,0.05,random,,
condition_recombine_pseudolabel__mult_0.25__sim_0.7__teacher_rf__seed_0,condition_recombine_pseudolabel,0.25,0.7,random_forest,0,158,39,1.2468354430379747,True,0.8343377825541376,0.7412587404251099,0.85,reaction_role_concat,6144,random_forest,False,valid,spearman,0.8404488029479071,1,0.05,random,,
condition_recombine_pseudolabel__mult_0.25__sim_0.7__teacher_rf__seed_1,condition_recombine_pseudolabel,0.25,0.7,random_forest,1,158,39,1.2468354430379747,True,0.8338542161843717,0.7421383857727051,0.85,reaction_role_concat,6144,random_forest,False,valid,rmse,16.321713880390355,1,0.05,random,,
condition_recombine_pseudolabel__mult_0.25__sim_0.7__teacher_rf__seed_1,condition_recombine_pseudolabel,0.25,0.7,random_forest,1,158,39,1.2468354430379747,True,0.8338542161843717,0.7421383857727051,0.85,reaction_role_concat,6144,random_forest,False,valid,mae,12.256323158991488,1,0.05,random,,
condition_recombine_pseudolabel__mult_0.25__sim_0.7__teacher_rf__seed_1,condition_recombine_pseudolabel,0.25,0.7,random_forest,1,158,39,1.2468354430379747,True,0.8338542161843717,0.7421383857727051,0.85,reaction_role_concat,6144,random_forest,False,valid,r2,0.6666170270315547,1,0.05,random,,
condition_recombine_pseudolabel__mult_0.25__sim_0.7__teacher_rf__seed_1,condition_recombine_pseudolabel,0.25,0.7,random_forest,1,158,39,1.2468354430379747,True,0.8338542161843717,0.7421383857727051,0.85,reaction_role_concat,6144,random_forest,False,valid,spearman,0.8368733027019707,1,0.05,random,,
condition_recombine_pseudolabel__mult_0.25__sim_0.7__teacher_rf__seed_2,condition_recombine_pseudolabel,0.25,0.7,random_forest,2,158,39,1.2468354430379747,True,0.8316669289882367,0.7682119011878967,0.85,reaction_role_concat,6144,random_forest,False,valid,rmse,16.27541114637081,1,0.05,random,,
condition_recombine_pseudolabel__mult_0.25__sim_0.7__teacher_rf__seed_2,condition_recombine_pseudolabel,0.25,0.7,random_forest,2,158,39,1.2468354430379747,True,0.8316669289882367,0.7682119011878967,0.85,reaction_role_concat,6144,random_forest,False,valid,mae,12.189632217395157,1,0.05,random,,
condition_recombine_pseudolabel__mult_0.25__sim_0.7__teacher_rf__seed_2,condition_recombine_pseudolabel,0.25,0.7,random_forest,2,158,39,1.2468354430379747,True,0.8316669289882367,0.7682119011878967,0.85,reaction_role_concat,6144,random_forest,False,valid,r2,0.6685058785861525,1,0.05,random,,
condition_recombine_pseudolabel__mult_0.25__sim_0.7__teacher_rf__seed_2,condition_recombine_pseudolabel,0.25,0.7,random_forest,2,158,39,1.2468354430379747,True,0.8316669289882367,0.7682119011878967,0.85,reaction_role_concat,6144,random_forest,False,valid,spearman,0.8372558007946237,1,0.05,random,,
condition_recombine_pseudolabel__mult_0.25__sim_0.7__teacher_rf__seed_3,condition_recombine_pseudolabel,0.25,0.7,random_forest,3,158,39,1.2468354430379747,True,0.8392161864500781,0.7828947305679321,0.85,reaction_role_concat,6144,random_forest,False,valid,rmse,16.468245842416863,1,0.05,random,,
condition_recombine_pseudolabel__mult_0.25__sim_0.7__teacher_rf__seed_3,condition_recombine_pseudolabel,0.25,0.7,random_forest,3,158,39,1.2468354430379747,True,0.8392161864500781,0.7828947305679321,0.85,reaction_role_concat,6144,random_forest,False,valid,mae,12.461320033013065,1,0.05,random,,
condition_recombine_pseudolabel__mult_0.25__sim_0.7__teacher_rf__seed_3,condition_recombine_pseudolabel,0.25,0.7,random_forest,3,158,39,1.2468354430379747,True,0.8392161864500781,0.7828947305679321,0.85,reaction_role_concat,6144,random_forest,False,valid,r2,0.6606041109562399,1,0.05,random,,
condition_recombine_pseudolabel__mult_0.25__sim_0.7__teacher_rf__seed_3,condition_recombine_pseudolabel,0.25,0.7,random_forest,3,158,39,1.2468354430379747,True,0.8392161864500781,0.7828947305679321,0.85,reaction_role_concat,6144,random_forest,False,valid,spearman,0.8335446539491288,1,0.05,random,,
condition_recombine_pseudolabel__mult_0.25__sim_0.7__teacher_rf__seed_4,condition_recombine_pseudolabel,0.25,0.7,random_forest,4,158,39,1.2468354430379747,True,0.8314908470862954,0.7607361674308777,0.85,reaction_role_concat,6144,random_forest,False,valid,rmse,16.294873823125922,1,0.05,random,,
condition_recombine_pseudolabel__mult_0.25__sim_0.7__teacher_rf__seed_4,condition_recombine_pseudolabel,0.25,0.7,random_forest,4,158,39,1.2468354430379747,True,0.8314908470862954,0.7607361674308777,0.85,reaction_role_concat,6144,random_forest,False,valid,mae,12.157617281018933,1,0.05,random,,
condition_recombine_pseudolabel__mult_0.25__sim_0.7__teacher_rf__seed_4,condition_recombine_pseudolabel,0.25,0.7,random_forest,4,158,39,1.2468354430379747,True,0.8314908470862954,0.7607361674308777,0.85,reaction_role_concat,6144,random_forest,False,valid,r2,0.6677125812016074,1,0.05,random,,
condition_recombine_pseudolabel__mult_0.25__sim_0.7__teacher_rf__seed_4,condition_recombine_pseudolabel,0.25,0.7,random_forest,4,158,39,1.2468354430379747,True,0.8314908470862954,0.7607361674308777,0.85,reaction_role_concat,6144,random_forest,False,valid,spearman,0.8407463880220284,1,0.05,random,,
condition_recombine_pseudolabel__mult_0.25__sim_0.8__teacher_ridge__seed_0,condition_recombine_pseudolabel,0.25,0.8,ridge,0,158,35,1.2215189873417722,True,0.8412671916825433,0.8055555820465088,0.85,reaction_role_concat,6144,random_forest,False,valid,rmse,16.023378793230947,1,0.05,random,,
condition_recombine_pseudolabel__mult_0.25__sim_0.8__teacher_ridge__seed_0,condition_recombine_pseudolabel,0.25,0.8,ridge,0,158,35,1.2215189873417722,True,0.8412671916825433,0.8055555820465088,0.85,reaction_role_concat,6144,random_forest,False,valid,mae,12.384785164565981,1,0.05,random,,
condition_recombine_pseudolabel__mult_0.25__sim_0.8__teacher_ridge__seed_0,condition_recombine_pseudolabel,0.25,0.8,ridge,0,158,35,1.2215189873417722,True,0.8412671916825433,0.8055555820465088,0.85,reaction_role_concat,6144,random_forest,False,valid,r2,0.6786930693928874,1,0.05,random,,
condition_recombine_pseudolabel__mult_0.25__sim_0.8__teacher_ridge__seed_0,condition_recombine_pseudolabel,0.25,0.8,ridge,0,158,35,1.2215189873417722,True,0.8412671916825433,0.8055555820465088,0.85,reaction_role_concat,6144,random_forest,False,valid,spearman,0.8470101837984833,1,0.05,random,,
condition_recombine_pseudolabel__mult_0.25__sim_0.8__teacher_ridge__seed_1,condition_recombine_pseudolabel,0.25,0.8,ridge,1,158,34,1.2151898734177216,True,0.8431972451069776,0.8108108043670654,0.85,reaction_role_concat,6144,random_forest,False,valid,rmse,15.478943540928958,1,0.05,random,,
condition_recombine_pseudolabel__mult_0.25__sim_0.8__teacher_ridge__seed_1,condition_recombine_pseudolabel,0.25,0.8,ridge,1,158,34,1.2151898734177216,True,0.8431972451069776,0.8108108043670654,0.85,reaction_role_concat,6144,random_forest,False,valid,mae,12.113401135370701,1,0.05,random,,
condition_recombine_pseudolabel__mult_0.25__sim_0.8__teacher_ridge__seed_1,condition_recombine_pseudolabel,0.25,0.8,ridge,1,158,34,1.2151898734177216,True,0.8431972451069776,0.8108108043670654,0.85,reaction_role_concat,6144,random_forest,False,valid,r2,0.7001565773303597,1,0.05,random,,
condition_recombine_pseudolabel__mult_0.25__sim_0.8__teacher_ridge__seed_1,condition_recombine_pseudolabel,0.25,0.8,ridge,1,158,34,1.2151898734177216,True,0.8431972451069776,0.8108108043670654,0.85,reaction_role_concat,6144,random_forest,False,valid,spearman,0.8638032912502168,1,0.05,random,,
condition_recombine_pseudolabel__mult_0.25__sim_0.8__teacher_ridge__seed_2,condition_recombine_pseudolabel,0.25,0.8,ridge,2,158,36,1.2278481012658229,True,0.8367474403646258,0.800000011920929,0.85,reaction_role_concat,6144,random_forest,False,valid,rmse,16.50874552414183,1,0.05,random,,
condition_recombine_pseudolabel__mult_0.25__sim_0.8__teacher_ridge__seed_2,condition_recombine_pseudolabel,0.25,0.8,ridge,2,158,36,1.2278481012658229,True,0.8367474403646258,0.800000011920929,0.85,reaction_role_concat,6144,random_forest,False,valid,mae,12.439447965318644,1,0.05,random,,
condition_recombine_pseudolabel__mult_0.25__sim_0.8__teacher_ridge__seed_2,condition_recombine_pseudolabel,0.25,0.8,ridge,2,158,36,1.2278481012658229,True,0.8367474403646258,0.800000011920929,0.85,reaction_role_concat,6144,random_forest,False,valid,r2,0.6589327335190363,1,0.05,random,,
condition_recombine_pseudolabel__mult_0.25__sim_0.8__teacher_ridge__seed_2,condition_recombine_pseudolabel,0.25,0.8,ridge,2,158,36,1.2278481012658229,True,0.8367474403646258,0.800000011920929,0.85,reaction_role_concat,6144,random_forest,False,valid,spearman,0.8379291649266749,1,0.05,random,,
condition_recombine_pseudolabel__mult_0.25__sim_0.8__teacher_ridge__seed_3,condition_recombine_pseudolabel,0.25,0.8,ridge,3,158,36,1.2278481012658229,True,0.843554445438915,0.8064516186714172,0.85,reaction_role_concat,6144,random_forest,False,valid,rmse,16.246053647855245,1,0.05,random,,
condition_recombine_pseudolabel__mult_0.25__sim_0.8__teacher_ridge__seed_3,condition_recombine_pseudolabel,0.25,0.8,ridge,3,158,36,1.2278481012658229,True,0.843554445438915,0.8064516186714172,0.85,reaction_role_concat,6144,random_forest,False,valid,mae,12.452069733059858,1,0.05,random,,
condition_recombine_pseudolabel__mult_0.25__sim_0.8__teacher_ridge__seed_3,condition_recombine_pseudolabel,0.25,0.8,ridge,3,158,36,1.2278481012658229,True,0.843554445438915,0.8064516186714172,0.85,reaction_role_concat,6144,random_forest,False,valid,r2,0.6697006946152376,1,0.05,random,,
condition_recombine_pseudolabel__mult_0.25__sim_0.8__teacher_ridge__seed_3,condition_recombine_pseudolabel,0.25,0.8,ridge,3,158,36,1.2278481012658229,True,0.843554445438915,0.8064516186714172,0.85,reaction_role_concat,6144,random_forest,False,valid,spearman,0.8481268094676416,1,0.05,random,,
condition_recombine_pseudolabel__mult_0.25__sim_0.8__teacher_ridge__seed_4,condition_recombine_pseudolabel,0.25,0.8,ridge,4,158,35,1.2215189873417722,True,0.8375813640866961,0.8051947951316833,0.85,reaction_role_concat,6144,random_forest,False,valid,rmse,16.537608764209043,1,0.05,random,,
condition_recombine_pseudolabel__mult_0.25__sim_0.8__teacher_ridge__seed_4,condition_recombine_pseudolabel,0.25,0.8,ridge,4,158,35,1.2215189873417722,True,0.8375813640866961,0.8051947951316833,0.85,reaction_role_concat,6144,random_forest,False,valid,mae,12.848399349315256,1,0.05,random,,
condition_recombine_pseudolabel__mult_0.25__sim_0.8__teacher_ridge__seed_4,condition_recombine_pseudolabel,0.25,0.8,ridge,4,158,35,1.2215189873417722,True,0.8375813640866961,0.8051947951316833,0.85,reaction_role_concat,6144,random_forest,False,valid,r2,0.657739073822027,1,0.05,random,,
condition_recombine_pseudolabel__mult_0.25__sim_0.8__teacher_ridge__seed_4,condition_recombine_pseudolabel,0.25,0.8,ridge,4,158,35,1.2215189873417722,True,0.8375813640866961,0.8051947951316833,0.85,reaction_role_concat,6144,random_forest,False,valid,spearman,0.83672451016491,1,0.05,random,,
condition_recombine_pseudolabel__mult_0.25__sim_0.8__teacher_rf__seed_0,condition_recombine_pseudolabel,0.25,0.8,random_forest,0,158,35,1.2215189873417722,True,0.8412671916825433,0.8055555820465088,0.85,reaction_role_concat,6144,random_forest,False,valid,rmse,16.10468399657271,1,0.05,random,,
condition_recombine_pseudolabel__mult_0.25__sim_0.8__teacher_rf__seed_0,condition_recombine_pseudolabel,0.25,0.8,random_forest,0,158,35,1.2215189873417722,True,0.8412671916825433,0.8055555820465088,0.85,reaction_role_concat,6144,random_forest,False,valid,mae,12.068095257496532,1,0.05,random,,
condition_recombine_pseudolabel__mult_0.25__sim_0.8__teacher_rf__seed_0,condition_recombine_pseudolabel,0.25,0.8,random_forest,0,158,35,1.2215189873417722,True,0.8412671916825433,0.8055555820465088,0.85,reaction_role_concat,6144,random_forest,False,valid,r2,0.6754240704923079,1,0.05,random,,
condition_recombine_pseudolabel__mult_0.25__sim_0.8__teacher_rf__seed_0,condition_recombine_pseudolabel,0.25,0.8,random_forest,0,158,35,1.2215189873417722,True,0.8412671916825433,0.8055555820465088,0.85,reaction_role_concat,6144,random_forest,False,valid,spearman,0.8407295417465629,1,0.05,random,,
condition_recombine_pseudolabel__mult_0.25__sim_0.8__teacher_rf__seed_1,condition_recombine_pseudolabel,0.25,0.8,random_forest,1,158,34,1.2151898734177216,True,0.8431972451069776,0.8108108043670654,0.85,reaction_role_concat,6144,random_forest,False,valid,rmse,16.314710344723935,1,0.05,random,,
condition_recombine_pseudolabel__mult_0.25__sim_0.8__teacher_rf__seed_1,condition_recombine_pseudolabel,0.25,0.8,random_forest,1,158,34,1.2151898734177216,True,0.8431972451069776,0.8108108043670654,0.85,reaction_role_concat,6144,random_forest,False,valid,mae,12.309870968239215,1,0.05,random,,
condition_recombine_pseudolabel__mult_0.25__sim_0.8__teacher_rf__seed_1,condition_recombine_pseudolabel,0.25,0.8,random_forest,1,158,34,1.2151898734177216,True,0.8431972451069776,0.8108108043670654,0.85,reaction_role_concat,6144,random_forest,False,valid,r2,0.6669030703506261,1,0.05,random,,
condition_recombine_pseudolabel__mult_0.25__sim_0.8__teacher_rf__seed_1,condition_recombine_pseudolabel,0.25,0.8,random_forest,1,158,34,1.2151898734177216,True,0.8431972451069776,0.8108108043670654,0.85,reaction_role_concat,6144,random_forest,False,valid,spearman,0.8360325469657264,1,0.05,random,,
condition_recombine_pseudolabel__mult_0.25__sim_0.8__teacher_rf__seed_2,condition_recombine_pseudolabel,0.25,0.8,random_forest,2,158,36,1.2278481012658229,True,0.8367474403646258,0.800000011920929,0.85,reaction_role_concat,6144,random_forest,False,valid,rmse,16.564730557844182,1,0.05,random,,
condition_recombine_pseudolabel__mult_0.25__sim_0.8__teacher_rf__seed_2,condition_recombine_pseudolabel,0.25,0.8,random_forest,2,158,36,1.2278481012658229,True,0.8367474403646258,0.800000011920929,0.85,reaction_role_concat,6144,random_forest,False,valid,mae,12.335406840632235,1,0.05,random,,
condition_recombine_pseudolabel__mult_0.25__sim_0.8__teacher_rf__seed_2,condition_recombine_pseudolabel,0.25,0.8,random_forest,2,158,36,1.2278481012658229,True,0.8367474403646258,0.800000011920929,0.85,reaction_role_concat,6144,random_forest,False,valid,r2,0.6566155326604539,1,0.05,random,,
condition_recombine_pseudolabel__mult_0.25__sim_0.8__teacher_rf__seed_2,condition_recombine_pseudolabel,0.25,0.8,random_forest,2,158,36,1.2278481012658229,True,0.8367474403646258,0.800000011920929,0.85,reaction_role_concat,6144,random_forest,False,valid,spearman,0.8325875323216623,1,0.05,random,,
condition_recombine_pseudolabel__mult_0.25__sim_0.8__teacher_rf__seed_3,condition_recombine_pseudolabel,0.25,0.8,random_forest,3,158,36,1.2278481012658229,True,0.843554445438915,0.8064516186714172,0.85,reaction_role_concat,6144,random_forest,False,valid,rmse,16.361408353805817,1,0.05,random,,
condition_recombine_pseudolabel__mult_0.25__sim_0.8__teacher_rf__seed_3,condition_recombine_pseudolabel,0.25,0.8,random_forest,3,158,36,1.2278481012658229,True,0.843554445438915,0.8064516186714172,0.85,reaction_role_concat,6144,random_forest,False,valid,mae,12.331214218986187,1,0.05,random,,
condition_recombine_pseudolabel__mult_0.25__sim_0.8__teacher_rf__seed_3,condition_recombine_pseudolabel,0.25,0.8,random_forest,3,158,36,1.2278481012658229,True,0.843554445438915,0.8064516186714172,0.85,reaction_role_concat,6144,random_forest,False,valid,r2,0.6649934777437201,1,0.05,random,,
condition_recombine_pseudolabel__mult_0.25__sim_0.8__teacher_rf__seed_3,condition_recombine_pseudolabel,0.25,0.8,random_forest,3,158,36,1.2278481012658229,True,0.843554445438915,0.8064516186714172,0.85,reaction_role_concat,6144,random_forest,False,valid,spearman,0.8372514188154564,1,0.05,random,,
condition_recombine_pseudolabel__mult_0.25__sim_0.8__teacher_rf__seed_4,condition_recombine_pseudolabel,0.25,0.8,random_forest,4,158,35,1.2215189873417722,True,0.8375813640866961,0.8051947951316833,0.85,reaction_role_concat,6144,random_forest,False,valid,rmse,16.300885938032508,1,0.05,random,,
condition_recombine_pseudolabel__mult_0.25__sim_0.8__teacher_rf__seed_4,condition_recombine_pseudolabel,0.25,0.8,random_forest,4,158,35,1.2215189873417722,True,0.8375813640866961,0.8051947951316833,0.85,reaction_role_concat,6144,random_forest,False,valid,mae,12.133162022616288,1,0.05,random,,
condition_recombine_pseudolabel__mult_0.25__sim_0.8__teacher_rf__seed_4,condition_recombine_pseudolabel,0.25,0.8,random_forest,4,158,35,1.2215189873417722,True,0.8375813640866961,0.8051947951316833,0.85,reaction_role_concat,6144,random_forest,False,valid,r2,0.6674673361376805,1,0.05,random,,
condition_recombine_pseudolabel__mult_0.25__sim_0.8__teacher_rf__seed_4,condition_recombine_pseudolabel,0.25,0.8,random_forest,4,158,35,1.2215189873417722,True,0.8375813640866961,0.8051947951316833,0.85,reaction_role_concat,6144,random_forest,False,valid,spearman,0.839922381183935,1,0.05,random,,
condition_recombine_pseudolabel__mult_0.25__sim_0.85__teacher_ridge__seed_0,condition_recombine_pseudolabel,0.25,0.85,ridge,0,158,21,1.1329113924050633,True,0.8500000000000001,0.85,0.85,reaction_role_concat,6144,random_forest,False,valid,rmse,16.139789242488472,1,0.05,random,,
condition_recombine_pseudolabel__mult_0.25__sim_0.85__teacher_ridge__seed_0,condition_recombine_pseudolabel,0.25,0.85,ridge,0,158,21,1.1329113924050633,True,0.8500000000000001,0.85,0.85,reaction_role_concat,6144,random_forest,False,valid,mae,12.27482749959185,1,0.05,random,,
condition_recombine_pseudolabel__mult_0.25__sim_0.85__teacher_ridge__seed_0,condition_recombine_pseudolabel,0.25,0.85,ridge,0,158,21,1.1329113924050633,True,0.8500000000000001,0.85,0.85,reaction_role_concat,6144,random_forest,False,valid,r2,0.6740074967074887,1,0.05,random,,
condition_recombine_pseudolabel__mult_0.25__sim_0.85__teacher_ridge__seed_0,condition_recombine_pseudolabel,0.25,0.85,ridge,0,158,21,1.1329113924050633,True,0.8500000000000001,0.85,0.85,reaction_role_concat,6144,random_forest,False,valid,spearman,0.843974348631336,1,0.05,random,,
condition_recombine_pseudolabel__mult_0.25__sim_0.85__teacher_ridge__seed_1,condition_recombine_pseudolabel,0.25,0.85,ridge,1,158,26,1.1645569620253164,True,0.8500000000000001,0.85,0.85,reaction_role_concat,6144,random_forest,True,valid,rmse,15.440493050958755,1,0.05,random,,
condition_recombine_pseudolabel__mult_0.25__sim_0.85__teacher_ridge__seed_1,condition_recombine_pseudolabel,0.25,0.85,ridge,1,158,26,1.1645569620253164,True,0.8500000000000001,0.85,0.85,reaction_role_concat,6144,random_forest,True,valid,mae,11.986331775755822,1,0.05,random,,
condition_recombine_pseudolabel__mult_0.25__sim_0.85__teacher_ridge__seed_1,condition_recombine_pseudolabel,0.25,0.85,ridge,1,158,26,1.1645569620253164,True,0.8500000000000001,0.85,0.85,reaction_role_concat,6144,random_forest,True,valid,r2,0.7016443800366148,1,0.05,random,,
condition_recombine_pseudolabel__mult_0.25__sim_0.85__teacher_ridge__seed_1,condition_recombine_pseudolabel,0.25,0.85,ridge,1,158,26,1.1645569620253164,True,0.8500000000000001,0.85,0.85,reaction_role_concat,6144,random_forest,True,valid,spearman,0.863466463118219,1,0.05,random,,
condition_recombine_pseudolabel__mult_0.25__sim_0.85__teacher_ridge__seed_2,condition_recombine_pseudolabel,0.25,0.85,ridge,2,158,21,1.1329113924050633,True,0.8500000000000001,0.85,0.85,reaction_role_concat,6144,random_forest,False,valid,rmse,15.882820495528241,1,0.05,random,,
condition_recombine_pseudolabel__mult_0.25__sim_0.85__teacher_ridge__seed_2,condition_recombine_pseudolabel,0.25,0.85,ridge,2,158,21,1.1329113924050633,True,0.8500000000000001,0.85,0.85,reaction_role_concat,6144,random_forest,False,valid,mae,12.065725619669202,1,0.05,random,,
condition_recombine_pseudolabel__mult_0.25__sim_0.85__teacher_ridge__seed_2,condition_recombine_pseudolabel,0.25,0.85,ridge,2,158,21,1.1329113924050633,True,0.8500000000000001,0.85,0.85,reaction_role_concat,6144,random_forest,False,valid,r2,0.6843054027189254,1,0.05,random,,
condition_recombine_pseudolabel__mult_0.25__sim_0.85__teacher_ridge__seed_2,condition_recombine_pseudolabel,0.25,0.85,ridge,2,158,21,1.1329113924050633,True,0.8500000000000001,0.85,0.85,reaction_role_concat,6144,random_forest,False,valid,spearman,0.8494851256322086,1,0.05,random,,
condition_recombine_pseudolabel__mult_0.25__sim_0.85__teacher_ridge__seed_3,condition_recombine_pseudolabel,0.25,0.85,ridge,3,158,25,1.1582278481012658,True,0.85,0.85,0.85,reaction_role_concat,6144,random_forest,False,valid,rmse,16.082747782245068,1,0.05,random,,
condition_recombine_pseudolabel__mult_0.25__sim_0.85__teacher_ridge__seed_3,condition_recombine_pseudolabel,0.25,0.85,ridge,3,158,25,1.1582278481012658,True,0.85,0.85,0.85,reaction_role_concat,6144,random_forest,False,valid,mae,12.369432332695283,1,0.05,random,,
condition_recombine_pseudolabel__mult_0.25__sim_0.85__teacher_ridge__seed_3,condition_recombine_pseudolabel,0.25,0.85,ridge,3,158,25,1.1582278481012658,True,0.85,0.85,0.85,reaction_role_concat,6144,random_forest,False,valid,r2,0.6763076790248063,1,0.05,random,,
condition_recombine_pseudolabel__mult_0.25__sim_0.85__teacher_ridge__seed_3,condition_recombine_pseudolabel,0.25,0.85,ridge,3,158,25,1.1582278481012658,True,0.85,0.85,0.85,reaction_role_concat,6144,random_forest,False,valid,spearman,0.8477072106180382,1,0.05,random,,
condition_recombine_pseudolabel__mult_0.25__sim_0.85__teacher_ridge__seed_4,condition_recombine_pseudolabel,0.25,0.85,ridge,4,158,17,1.1075949367088607,True,0.85,0.85,0.85,reaction_role_concat,6144,random_forest,False,valid,rmse,16.134197973540136,1,0.05,random,,
condition_recombine_pseudolabel__mult_0.25__sim_0.85__teacher_ridge__seed_4,condition_recombine_pseudolabel,0.25,0.85,ridge,4,158,17,1.1075949367088607,True,0.85,0.85,0.85,reaction_role_concat,6144,random_forest,False,valid,mae,12.452252845133406,1,0.05,random,,
condition_recombine_pseudolabel__mult_0.25__sim_0.85__teacher_ridge__seed_4,condition_recombine_pseudolabel,0.25,0.85,ridge,4,158,17,1.1075949367088607,True,0.85,0.85,0.85,reaction_role_concat,6144,random_forest,False,valid,r2,0.6742333232055688,1,0.05,random,,
condition_recombine_pseudolabel__mult_0.25__sim_0.85__teacher_ridge__seed_4,condition_recombine_pseudolabel,0.25,0.85,ridge,4,158,17,1.1075949367088607,True,0.85,0.85,0.85,reaction_role_concat,6144,random_forest,False,valid,spearman,0.8426215829737143,1,0.05,random,,
condition_recombine_pseudolabel__mult_0.25__sim_0.85__teacher_rf__seed_0,condition_recombine_pseudolabel,0.25,0.85,random_forest,0,158,21,1.1329113924050633,True,0.8500000000000001,0.85,0.85,reaction_role_concat,6144,random_forest,False,valid,rmse,16.036880408895,1,0.05,random,,
condition_recombine_pseudolabel__mult_0.25__sim_0.85__teacher_rf__seed_0,condition_recombine_pseudolabel,0.25,0.85,random_forest,0,158,21,1.1329113924050633,True,0.8500000000000001,0.85,0.85,reaction_role_concat,6144,random_forest,False,valid,mae,11.998902157692969,1,0.05,random,,
condition_recombine_pseudolabel__mult_0.25__sim_0.85__teacher_rf__seed_0,condition_recombine_pseudolabel,0.25,0.85,random_forest,0,158,21,1.1329113924050633,True,0.8500000000000001,0.85,0.85,reaction_role_concat,6144,random_forest,False,valid,r2,0.6781513621220217,1,0.05,random,,
condition_recombine_pseudolabel__mult_0.25__sim_0.85__teacher_rf__seed_0,condition_recombine_pseudolabel,0.25,0.85,random_forest,0,158,21,1.1329113924050633,True,0.8500000000000001,0.85,0.85,reaction_role_concat,6144,random_forest,False,valid,spearman,0.8448705120597186,1,0.05,random,,
condition_recombine_pseudolabel__mult_0.25__sim_0.85__teacher_rf__seed_1,condition_recombine_pseudolabel,0.25,0.85,random_forest,1,158,26,1.1645569620253164,True,0.8500000000000001,0.85,0.85,reaction_role_concat,6144,random_forest,False,valid,rmse,16.079519060191508,1,0.05,random,,
condition_recombine_pseudolabel__mult_0.25__sim_0.85__teacher_rf__seed_1,condition_recombine_pseudolabel,0.25,0.85,random_forest,1,158,26,1.1645569620253164,True,0.8500000000000001,0.85,0.85,reaction_role_concat,6144,random_forest,False,valid,mae,12.146920892375935,1,0.05,random,,
condition_recombine_pseudolabel__mult_0.25__sim_0.85__teacher_rf__seed_1,condition_recombine_pseudolabel,0.25,0.85,random_forest,1,158,26,1.1645569620253164,True,0.8500000000000001,0.85,0.85,reaction_role_concat,6144,random_forest,False,valid,r2,0.6764376328912339,1,0.05,random,,
condition_recombine_pseudolabel__mult_0.25__sim_0.85__teacher_rf__seed_1,condition_recombine_pseudolabel,0.25,0.85,random_forest,1,158,26,1.1645569620253164,True,0.8500000000000001,0.85,0.85,reaction_role_concat,6144,random_forest,False,valid,spearman,0.8415935706610516,1,0.05,random,,
condition_recombine_pseudolabel__mult_0.25__sim_0.85__teacher_rf__seed_2,condition_recombine_pseudolabel,0.25,0.85,random_forest,2,158,21,1.1329113924050633,True,0.8500000000000001,0.85,0.85,reaction_role_concat,6144,random_forest,False,valid,rmse,16.166524382216952,1,0.05,random,,
condition_recombine_pseudolabel__mult_0.25__sim_0.85__teacher_rf__seed_2,condition_recombine_pseudolabel,0.25,0.85,random_forest,2,158,21,1.1329113924050633,True,0.8500000000000001,0.85,0.85,reaction_role_concat,6144,random_forest,False,valid,mae,12.152770467996595,1,0.05,random,,
condition_recombine_pseudolabel__mult_0.25__sim_0.85__teacher_rf__seed_2,condition_recombine_pseudolabel,0.25,0.85,random_forest,2,158,21,1.1329113924050633,True,0.8500000000000001,0.85,0.85,reaction_role_concat,6144,random_forest,False,valid,r2,0.672926606064258,1,0.05,random,,
condition_recombine_pseudolabel__mult_0.25__sim_0.85__teacher_rf__seed_2,condition_recombine_pseudolabel,0.25,0.85,random_forest,2,158,21,1.1329113924050633,True,0.8500000000000001,0.85,0.85,reaction_role_concat,6144,random_forest,False,valid,spearman,0.8406161945521003,1,0.05,random,,
condition_recombine_pseudolabel__mult_0.25__sim_0.85__teacher_rf__seed_3,condition_recombine_pseudolabel,0.25,0.85,random_forest,3,158,25,1.1582278481012658,True,0.85,0.85,0.85,reaction_role_concat,6144,random_forest,False,valid,rmse,16.22972030616679,1,0.05,random,,
condition_recombine_pseudolabel__mult_0.25__sim_0.85__teacher_rf__seed_3,condition_recombine_pseudolabel,0.25,0.85,random_forest,3,158,25,1.1582278481012658,True,0.85,0.85,0.85,reaction_role_concat,6144,random_forest,False,valid,mae,12.290060999651498,1,0.05,random,,
condition_recombine_pseudolabel__mult_0.25__sim_0.85__teacher_rf__seed_3,condition_recombine_pseudolabel,0.25,0.85,random_forest,3,158,25,1.1582278481012658,True,0.85,0.85,0.85,reaction_role_concat,6144,random_forest,False,valid,r2,0.6703645086826338,1,0.05,random,,
condition_recombine_pseudolabel__mult_0.25__sim_0.85__teacher_rf__seed_3,condition_recombine_pseudolabel,0.25,0.85,random_forest,3,158,25,1.1582278481012658,True,0.85,0.85,0.85,reaction_role_concat,6144,random_forest,False,valid,spearman,0.8403082874826073,1,0.05,random,,
condition_recombine_pseudolabel__mult_0.25__sim_0.85__teacher_rf__seed_4,condition_recombine_pseudolabel,0.25,0.85,random_forest,4,158,17,1.1075949367088607,True,0.85,0.85,0.85,reaction_role_concat,6144,random_forest,False,valid,rmse,16.005620576164134,1,0.05,random,,
condition_recombine_pseudolabel__mult_0.25__sim_0.85__teacher_rf__seed_4,condition_recombine_pseudolabel,0.25,0.85,random_forest,4,158,17,1.1075949367088607,True,0.85,0.85,0.85,reaction_role_concat,6144,random_forest,False,valid,mae,12.126628503210938,1,0.05,random,,
condition_recombine_pseudolabel__mult_0.25__sim_0.85__teacher_rf__seed_4,condition_recombine_pseudolabel,0.25,0.85,random_forest,4,158,17,1.1075949367088607,True,0.85,0.85,0.85,reaction_role_concat,6144,random_forest,False,valid,r2,0.6794048638889204,1,0.05,random,,
condition_recombine_pseudolabel__mult_0.25__sim_0.85__teacher_rf__seed_4,condition_recombine_pseudolabel,0.25,0.85,random_forest,4,158,17,1.1075949367088607,True,0.85,0.85,0.85,reaction_role_concat,6144,random_forest,False,valid,spearman,0.8446615403420928,1,0.05,random,,
condition_recombine_pseudolabel__mult_0.25__sim_0.9__teacher_ridge__seed_0,condition_recombine_pseudolabel,0.25,0.9,ridge,0,158,11,1.0696202531645569,True,0.85,0.85,0.85,reaction_role_concat,6144,random_forest,False,valid,rmse,16.006416759726672,1,0.05,random,,
condition_recombine_pseudolabel__mult_0.25__sim_0.9__teacher_ridge__seed_0,condition_recombine_pseudolabel,0.25,0.9,ridge,0,158,11,1.0696202531645569,True,0.85,0.85,0.85,reaction_role_concat,6144,random_forest,False,valid,mae,12.244035993900477,1,0.05,random,,
condition_recombine_pseudolabel__mult_0.25__sim_0.9__teacher_ridge__seed_0,condition_recombine_pseudolabel,0.25,0.9,ridge,0,158,11,1.0696202531645569,True,0.85,0.85,0.85,reaction_role_concat,6144,random_forest,False,valid,r2,0.6793729677278152,1,0.05,random,,
condition_recombine_pseudolabel__mult_0.25__sim_0.9__teacher_ridge__seed_0,condition_recombine_pseudolabel,0.25,0.9,ridge,0,158,11,1.0696202531645569,True,0.85,0.85,0.85,reaction_role_concat,6144,random_forest,False,valid,spearman,0.8468531141896622,1,0.05,random,,
condition_recombine_pseudolabel__mult_0.25__sim_0.9__teacher_ridge__seed_1,condition_recombine_pseudolabel,0.25,0.9,ridge,1,158,14,1.0886075949367089,True,0.8499999999999999,0.85,0.85,reaction_role_concat,6144,random_forest,False,valid,rmse,15.975557647379526,1,0.05,random,,
condition_recombine_pseudolabel__mult_0.25__sim_0.9__teacher_ridge__seed_1,condition_recombine_pseudolabel,0.25,0.9,ridge,1,158,14,1.0886075949367089,True,0.8499999999999999,0.85,0.85,reaction_role_concat,6144,random_forest,False,valid,mae,12.17185339067103,1,0.05,random,,
condition_recombine_pseudolabel__mult_0.25__sim_0.9__teacher_ridge__seed_1,condition_recombine_pseudolabel,0.25,0.9,ridge,1,158,14,1.0886075949367089,True,0.8499999999999999,0.85,0.85,reaction_role_concat,6144,random_forest,False,valid,r2,0.6806080633867528,1,0.05,random,,
condition_recombine_pseudolabel__mult_0.25__sim_0.9__teacher_ridge__seed_1,condition_recombine_pseudolabel,0.25,0.9,ridge,1,158,14,1.0886075949367089,True,0.8499999999999999,0.85,0.85,reaction_role_concat,6144,random_forest,False,valid,spearman,0.8458222779348693,1,0.05,random,,
condition_recombine_pseudolabel__mult_0.25__sim_0.9__teacher_ridge__seed_2,condition_recombine_pseudolabel,0.25,0.9,ridge,2,158,12,1.0759493670886076,True,0.85,0.85,0.85,reaction_role_concat,6144,random_forest,False,valid,rmse,15.950025676201442,1,0.05,random,,
condition_recombine_pseudolabel__mult_0.25__sim_0.9__teacher_ridge__seed_2,condition_recombine_pseudolabel,0.25,0.9,ridge,2,158,12,1.0759493670886076,True,0.85,0.85,0.85,reaction_role_concat,6144,random_forest,False,valid,mae,12.167307461424718,1,0.05,random,,
condition_recombine_pseudolabel__mult_0.25__sim_0.9__teacher_ridge__seed_2,condition_recombine_pseudolabel,0.25,0.9,ridge,2,158,12,1.0759493670886076,True,0.85,0.85,0.85,reaction_role_concat,6144,random_forest,False,valid,r2,0.6816281453791011,1,0.05,random,,
condition_recombine_pseudolabel__mult_0.25__sim_0.9__teacher_ridge__seed_2,condition_recombine_pseudolabel,0.25,0.9,ridge,2,158,12,1.0759493670886076,True,0.85,0.85,0.85,reaction_role_concat,6144,random_forest,False,valid,spearman,0.8497028613081691,1,0.05,random,,
condition_recombine_pseudolabel__mult_0.25__sim_0.9__teacher_ridge__seed_3,condition_recombine_pseudolabel,0.25,0.9,ridge,3,158,15,1.0949367088607596,True,0.8499999999999999,0.85,0.85,reaction_role_concat,6144,random_forest,False,valid,rmse,16.040498104838235,1,0.05,random,,
condition_recombine_pseudolabel__mult_0.25__sim_0.9__teacher_ridge__seed_3,condition_recombine_pseudolabel,0.25,0.9,ridge,3,158,15,1.0949367088607596,True,0.8499999999999999,0.85,0.85,reaction_role_concat,6144,random_forest,False,valid,mae,12.084674364517006,1,0.05,random,,
condition_recombine_pseudolabel__mult_0.25__sim_0.9__teacher_ridge__seed_3,condition_recombine_pseudolabel,0.25,0.9,ridge,3,158,15,1.0949367088607596,True,0.8499999999999999,0.85,0.85,reaction_role_concat,6144,random_forest,False,valid,r2,0.6780061366401957,1,0.05,random,,
condition_recombine_pseudolabel__mult_0.25__sim_0.9__teacher_ridge__seed_3,condition_recombine_pseudolabel,0.25,0.9,ridge,3,158,15,1.0949367088607596,True,0.8499999999999999,0.85,0.85,reaction_role_concat,6144,random_forest,False,valid,spearman,0.8463909614534778,1,0.05,random,,
condition_recombine_pseudolabel__mult_0.25__sim_0.9__teacher_ridge__seed_4,condition_recombine_pseudolabel,0.25,0.9,ridge,4,158,8,1.0506329113924051,True,0.85,0.85,0.85,reaction_role_concat,6144,random_forest,False,valid,rmse,16.04626762589323,1,0.05,random,,
condition_recombine_pseudolabel__mult_0.25__sim_0.9__teacher_ridge__seed_4,condition_recombine_pseudolabel,0.25,0.9,ridge,4,158,8,1.0506329113924051,True,0.85,0.85,0.85,reaction_role_concat,6144,random_forest,False,valid,mae,12.213568242204339,1,0.05,random,,
condition_recombine_pseudolabel__mult_0.25__sim_0.9__teacher_ridge__seed_4,condition_recombine_pseudolabel,0.25,0.9,ridge,4,158,8,1.0506329113924051,True,0.85,0.85,0.85,reaction_role_concat,6144,random_forest,False,valid,r2,0.6777744624784283,1,0.05,random,,
condition_recombine_pseudolabel__mult_0.25__sim_0.9__teacher_ridge__seed_4,condition_recombine_pseudolabel,0.25,0.9,ridge,4,158,8,1.0506329113924051,True,0.85,0.85,0.85,reaction_role_concat,6144,random_forest,False,valid,spearman,0.844855321198605,1,0.05,random,,
condition_recombine_pseudolabel__mult_0.25__sim_0.9__teacher_rf__seed_0,condition_recombine_pseudolabel,0.25,0.9,random_forest,0,158,11,1.0696202531645569,True,0.85,0.85,0.85,reaction_role_concat,6144,random_forest,False,valid,rmse,15.886522107681044,1,0.05,random,,
condition_recombine_pseudolabel__mult_0.25__sim_0.9__teacher_rf__seed_0,condition_recombine_pseudolabel,0.25,0.9,random_forest,0,158,11,1.0696202531645569,True,0.85,0.85,0.85,reaction_role_concat,6144,random_forest,False,valid,mae,11.978006181393997,1,0.05,random,,
condition_recombine_pseudolabel__mult_0.25__sim_0.9__teacher_rf__seed_0,condition_recombine_pseudolabel,0.25,0.9,random_forest,0,158,11,1.0696202531645569,True,0.85,0.85,0.85,reaction_role_concat,6144,random_forest,False,valid,r2,0.6841582355163107,1,0.05,random,,
condition_recombine_pseudolabel__mult_0.25__sim_0.9__teacher_rf__seed_0,condition_recombine_pseudolabel,0.25,0.9,random_forest,0,158,11,1.0696202531645569,True,0.85,0.85,0.85,reaction_role_concat,6144,random_forest,False,valid,spearman,0.8491067173867783,1,0.05,random,,
condition_recombine_pseudolabel__mult_0.25__sim_0.9__teacher_rf__seed_1,condition_recombine_pseudolabel,0.25,0.9,random_forest,1,158,14,1.0886075949367089,True,0.8499999999999999,0.85,0.85,reaction_role_concat,6144,random_forest,False,valid,rmse,16.093224343264886,1,0.05,random,,
condition_recombine_pseudolabel__mult_0.25__sim_0.9__teacher_rf__seed_1,condition_recombine_pseudolabel,0.25,0.9,random_forest,1,158,14,1.0886075949367089,True,0.8499999999999999,0.85,0.85,reaction_role_concat,6144,random_forest,False,valid,mae,12.177592400300352,1,0.05,random,,
condition_recombine_pseudolabel__mult_0.25__sim_0.9__teacher_rf__seed_1,condition_recombine_pseudolabel,0.25,0.9,random_forest,1,158,14,1.0886075949367089,True,0.8499999999999999,0.85,0.85,reaction_role_concat,6144,random_forest,False,valid,r2,0.6758858248822576,1,0.05,random,,
condition_recombine_pseudolabel__mult_0.25__sim_0.9__teacher_rf__seed_1,condition_recombine_pseudolabel,0.25,0.9,random_forest,1,158,14,1.0886075949367089,True,0.8499999999999999,0.85,0.85,reaction_role_concat,6144,random_forest,False,valid,spearman,0.8430578333441537,1,0.05,random,,
condition_recombine_pseudolabel__mult_0.25__sim_0.9__teacher_rf__seed_2,condition_recombine_pseudolabel,0.25,0.9,random_forest,2,158,12,1.0759493670886076,True,0.85,0.85,0.85,reaction_role_concat,6144,random_forest,False,valid,rmse,16.081791477951352,1,0.05,random,,
condition_recombine_pseudolabel__mult_0.25__sim_0.9__teacher_rf__seed_2,condition_recombine_pseudolabel,0.25,0.9,random_forest,2,158,12,1.0759493670886076,True,0.85,0.85,0.85,reaction_role_concat,6144,random_forest,False,valid,mae,12.127378542385523,1,0.05,random,,
condition_recombine_pseudolabel__mult_0.25__sim_0.9__teacher_rf__seed_2,condition_recombine_pseudolabel,0.25,0.9,random_forest,2,158,12,1.0759493670886076,True,0.85,0.85,0.85,reaction_role_concat,6144,random_forest,False,valid,r2,0.6763461723416795,1,0.05,random,,
condition_recombine_pseudolabel__mult_0.25__sim_0.9__teacher_rf__seed_2,condition_recombine_pseudolabel,0.25,0.9,random_forest,2,158,12,1.0759493670886076,True,0.85,0.85,0.85,reaction_role_concat,6144,random_forest,False,valid,spearman,0.8439295550665139,1,0.05,random,,
condition_recombine_pseudolabel__mult_0.25__sim_0.9__teacher_rf__seed_3,condition_recombine_pseudolabel,0.25,0.9,random_forest,3,158,15,1.0949367088607596,True,0.8499999999999999,0.85,0.85,reaction_role_concat,6144,random_forest,False,valid,rmse,16.177090352274238,1,0.05,random,,
condition_recombine_pseudolabel__mult_0.25__sim_0.9__teacher_rf__seed_3,condition_recombine_pseudolabel,0.25,0.9,random_forest,3,158,15,1.0949367088607596,True,0.8499999999999999,0.85,0.85,reaction_role_concat,6144,random_forest,False,valid,mae,12.167129750497732,1,0.05,random,,
condition_recombine_pseudolabel__mult_0.25__sim_0.9__teacher_rf__seed_3,condition_recombine_pseudolabel,0.25,0.9,random_forest,3,158,15,1.0949367088607596,True,0.8499999999999999,0.85,0.85,reaction_role_concat,6144,random_forest,False,valid,r2,0.6724989350416082,1,0.05,random,,
condition_recombine_pseudolabel__mult_0.25__sim_0.9__teacher_rf__seed_3,condition_recombine_pseudolabel,0.25,0.9,random_forest,3,158,15,1.0949367088607596,True,0.8499999999999999,0.85,0.85,reaction_role_concat,6144,random_forest,False,valid,spearman,0.8421117153532631,1,0.05,random,,
condition_recombine_pseudolabel__mult_0.25__sim_0.9__teacher_rf__seed_4,condition_recombine_pseudolabel,0.25,0.9,random_forest,4,158,8,1.0506329113924051,True,0.85,0.85,0.85,reaction_role_concat,6144,random_forest,False,valid,rmse,15.943933291656132,1,0.05,random,,
condition_recombine_pseudolabel__mult_0.25__sim_0.9__teacher_rf__seed_4,condition_recombine_pseudolabel,0.25,0.9,random_forest,4,158,8,1.0506329113924051,True,0.85,0.85,0.85,reaction_role_concat,6144,random_forest,False,valid,mae,12.026232575473905,1,0.05,random,,
condition_recombine_pseudolabel__mult_0.25__sim_0.9__teacher_rf__seed_4,condition_recombine_pseudolabel,0.25,0.9,random_forest,4,158,8,1.0506329113924051,True,0.85,0.85,0.85,reaction_role_concat,6144,random_forest,False,valid,r2,0.6818713140568327,1,0.05,random,,
condition_recombine_pseudolabel__mult_0.25__sim_0.9__teacher_rf__seed_4,condition_recombine_pseudolabel,0.25,0.9,random_forest,4,158,8,1.0506329113924051,True,0.85,0.85,0.85,reaction_role_concat,6144,random_forest,False,valid,spearman,0.8495722783289816,1,0.05,random,,
condition_recombine_pseudolabel__mult_0.25__sim_0.95__teacher_ridge__seed_0,condition_recombine_pseudolabel,0.25,0.95,ridge,0,158,0,1.0,True,,,,reaction_role_concat,6144,random_forest,False,valid,rmse,16.074816518459752,1,0.05,random,,
condition_recombine_pseudolabel__mult_0.25__sim_0.95__teacher_ridge__seed_0,condition_recombine_pseudolabel,0.25,0.95,ridge,0,158,0,1.0,True,,,,reaction_role_concat,6144,random_forest,False,valid,mae,12.086281774744203,1,0.05,random,,
condition_recombine_pseudolabel__mult_0.25__sim_0.95__teacher_ridge__seed_0,condition_recombine_pseudolabel,0.25,0.95,ridge,0,158,0,1.0,True,,,,reaction_role_concat,6144,random_forest,False,valid,r2,0.6766268603219118,1,0.05,random,,
condition_recombine_pseudolabel__mult_0.25__sim_0.95__teacher_ridge__seed_0,condition_recombine_pseudolabel,0.25,0.95,ridge,0,158,0,1.0,True,,,,reaction_role_concat,6144,random_forest,False,valid,spearman,0.8448850212796283,1,0.05,random,,
condition_recombine_pseudolabel__mult_0.25__sim_0.95__teacher_ridge__seed_1,condition_recombine_pseudolabel,0.25,0.95,ridge,1,158,0,1.0,True,,,,reaction_role_concat,6144,random_forest,False,valid,rmse,16.074816518459752,1,0.05,random,,
condition_recombine_pseudolabel__mult_0.25__sim_0.95__teacher_ridge__seed_1,condition_recombine_pseudolabel,0.25,0.95,ridge,1,158,0,1.0,True,,,,reaction_role_concat,6144,random_forest,False,valid,mae,12.086281774744203,1,0.05,random,,
condition_recombine_pseudolabel__mult_0.25__sim_0.95__teacher_ridge__seed_1,condition_recombine_pseudolabel,0.25,0.95,ridge,1,158,0,1.0,True,,,,reaction_role_concat,6144,random_forest,False,valid,r2,0.6766268603219118,1,0.05,random,,
condition_recombine_pseudolabel__mult_0.25__sim_0.95__teacher_ridge__seed_1,condition_recombine_pseudolabel,0.25,0.95,ridge,1,158,0,1.0,True,,,,reaction_role_concat,6144,random_forest,False,valid,spearman,0.8448850212796283,1,0.05,random,,
condition_recombine_pseudolabel__mult_0.25__sim_0.95__teacher_ridge__seed_2,condition_recombine_pseudolabel,0.25,0.95,ridge,2,158,0,1.0,True,,,,reaction_role_concat,6144,random_forest,False,valid,rmse,16.074816518459752,1,0.05,random,,
condition_recombine_pseudolabel__mult_0.25__sim_0.95__teacher_ridge__seed_2,condition_recombine_pseudolabel,0.25,0.95,ridge,2,158,0,1.0,True,,,,reaction_role_concat,6144,random_forest,False,valid,mae,12.086281774744203,1,0.05,random,,
condition_recombine_pseudolabel__mult_0.25__sim_0.95__teacher_ridge__seed_2,condition_recombine_pseudolabel,0.25,0.95,ridge,2,158,0,1.0,True,,,,reaction_role_concat,6144,random_forest,False,valid,r2,0.6766268603219118,1,0.05,random,,
condition_recombine_pseudolabel__mult_0.25__sim_0.95__teacher_ridge__seed_2,condition_recombine_pseudolabel,0.25,0.95,ridge,2,158,0,1.0,True,,,,reaction_role_concat,6144,random_forest,False,valid,spearman,0.8448850212796283,1,0.05,random,,
condition_recombine_pseudolabel__mult_0.25__sim_0.95__teacher_ridge__seed_3,condition_recombine_pseudolabel,0.25,0.95,ridge,3,158,0,1.0,True,,,,reaction_role_concat,6144,random_forest,False,valid,rmse,16.074816518459752,1,0.05,random,,
condition_recombine_pseudolabel__mult_0.25__sim_0.95__teacher_ridge__seed_3,condition_recombine_pseudolabel,0.25,0.95,ridge,3,158,0,1.0,True,,,,reaction_role_concat,6144,random_forest,False,valid,mae,12.086281774744203,1,0.05,random,,
condition_recombine_pseudolabel__mult_0.25__sim_0.95__teacher_ridge__seed_3,condition_recombine_pseudolabel,0.25,0.95,ridge,3,158,0,1.0,True,,,,reaction_role_concat,6144,random_forest,False,valid,r2,0.6766268603219118,1,0.05,random,,
condition_recombine_pseudolabel__mult_0.25__sim_0.95__teacher_ridge__seed_3,condition_recombine_pseudolabel,0.25,0.95,ridge,3,158,0,1.0,True,,,,reaction_role_concat,6144,random_forest,False,valid,spearman,0.8448850212796283,1,0.05,random,,
condition_recombine_pseudolabel__mult_0.25__sim_0.95__teacher_ridge__seed_4,condition_recombine_pseudolabel,0.25,0.95,ridge,4,158,0,1.0,True,,,,reaction_role_concat,6144,random_forest,False,valid,rmse,16.074816518459752,1,0.05,random,,
condition_recombine_pseudolabel__mult_0.25__sim_0.95__teacher_ridge__seed_4,condition_recombine_pseudolabel,0.25,0.95,ridge,4,158,0,1.0,True,,,,reaction_role_concat,6144,random_forest,False,valid,mae,12.086281774744203,1,0.05,random,,
condition_recombine_pseudolabel__mult_0.25__sim_0.95__teacher_ridge__seed_4,condition_recombine_pseudolabel,0.25,0.95,ridge,4,158,0,1.0,True,,,,reaction_role_concat,6144,random_forest,False,valid,r2,0.6766268603219118,1,0.05,random,,
condition_recombine_pseudolabel__mult_0.25__sim_0.95__teacher_ridge__seed_4,condition_recombine_pseudolabel,0.25,0.95,ridge,4,158,0,1.0,True,,,,reaction_role_concat,6144,random_forest,False,valid,spearman,0.8448850212796283,1,0.05,random,,
condition_recombine_pseudolabel__mult_0.25__sim_0.95__teacher_rf__seed_0,condition_recombine_pseudolabel,0.25,0.95,random_forest,0,158,0,1.0,True,,,,reaction_role_concat,6144,random_forest,False,valid,rmse,16.074816518459752,1,0.05,random,,
condition_recombine_pseudolabel__mult_0.25__sim_0.95__teacher_rf__seed_0,condition_recombine_pseudolabel,0.25,0.95,random_forest,0,158,0,1.0,True,,,,reaction_role_concat,6144,random_forest,False,valid,mae,12.086281774744203,1,0.05,random,,
condition_recombine_pseudolabel__mult_0.25__sim_0.95__teacher_rf__seed_0,condition_recombine_pseudolabel,0.25,0.95,random_forest,0,158,0,1.0,True,,,,reaction_role_concat,6144,random_forest,False,valid,r2,0.6766268603219118,1,0.05,random,,
condition_recombine_pseudolabel__mult_0.25__sim_0.95__teacher_rf__seed_0,condition_recombine_pseudolabel,0.25,0.95,random_forest,0,158,0,1.0,True,,,,reaction_role_concat,6144,random_forest,False,valid,spearman,0.8448850212796283,1,0.05,random,,
condition_recombine_pseudolabel__mult_0.25__sim_0.95__teacher_rf__seed_1,condition_recombine_pseudolabel,0.25,0.95,random_forest,1,158,0,1.0,True,,,,reaction_role_concat,6144,random_forest,False,valid,rmse,16.074816518459752,1,0.05,random,,
condition_recombine_pseudolabel__mult_0.25__sim_0.95__teacher_rf__seed_1,condition_recombine_pseudolabel,0.25,0.95,random_forest,1,158,0,1.0,True,,,,reaction_role_concat,6144,random_forest,False,valid,mae,12.086281774744203,1,0.05,random,,
condition_recombine_pseudolabel__mult_0.25__sim_0.95__teacher_rf__seed_1,condition_recombine_pseudolabel,0.25,0.95,random_forest,1,158,0,1.0,True,,,,reaction_role_concat,6144,random_forest,False,valid,r2,0.6766268603219118,1,0.05,random,,
condition_recombine_pseudolabel__mult_0.25__sim_0.95__teacher_rf__seed_1,condition_recombine_pseudolabel,0.25,0.95,random_forest,1,158,0,1.0,True,,,,reaction_role_concat,6144,random_forest,False,valid,spearman,0.8448850212796283,1,0.05,random,,
condition_recombine_pseudolabel__mult_0.25__sim_0.95__teacher_rf__seed_2,condition_recombine_pseudolabel,0.25,0.95,random_forest,2,158,0,1.0,True,,,,reaction_role_concat,6144,random_forest,False,valid,rmse,16.074816518459752,1,0.05,random,,
condition_recombine_pseudolabel__mult_0.25__sim_0.95__teacher_rf__seed_2,condition_recombine_pseudolabel,0.25,0.95,random_forest,2,158,0,1.0,True,,,,reaction_role_concat,6144,random_forest,False,valid,mae,12.086281774744203,1,0.05,random,,
condition_recombine_pseudolabel__mult_0.25__sim_0.95__teacher_rf__seed_2,condition_recombine_pseudolabel,0.25,0.95,random_forest,2,158,0,1.0,True,,,,reaction_role_concat,6144,random_forest,False,valid,r2,0.6766268603219118,1,0.05,random,,
condition_recombine_pseudolabel__mult_0.25__sim_0.95__teacher_rf__seed_2,condition_recombine_pseudolabel,0.25,0.95,random_forest,2,158,0,1.0,True,,,,reaction_role_concat,6144,random_forest,False,valid,spearman,0.8448850212796283,1,0.05,random,,
condition_recombine_pseudolabel__mult_0.25__sim_0.95__teacher_rf__seed_3,condition_recombine_pseudolabel,0.25,0.95,random_forest,3,158,0,1.0,True,,,,reaction_role_concat,6144,random_forest,False,valid,rmse,16.074816518459752,1,0.05,random,,
condition_recombine_pseudolabel__mult_0.25__sim_0.95__teacher_rf__seed_3,condition_recombine_pseudolabel,0.25,0.95,random_forest,3,158,0,1.0,True,,,,reaction_role_concat,6144,random_forest,False,valid,mae,12.086281774744203,1,0.05,random,,
condition_recombine_pseudolabel__mult_0.25__sim_0.95__teacher_rf__seed_3,condition_recombine_pseudolabel,0.25,0.95,random_forest,3,158,0,1.0,True,,,,reaction_role_concat,6144,random_forest,False,valid,r2,0.6766268603219118,1,0.05,random,,
condition_recombine_pseudolabel__mult_0.25__sim_0.95__teacher_rf__seed_3,condition_recombine_pseudolabel,0.25,0.95,random_forest,3,158,0,1.0,True,,,,reaction_role_concat,6144,random_forest,False,valid,spearman,0.8448850212796283,1,0.05,random,,
condition_recombine_pseudolabel__mult_0.25__sim_0.95__teacher_rf__seed_4,condition_recombine_pseudolabel,0.25,0.95,random_forest,4,158,0,1.0,True,,,,reaction_role_concat,6144,random_forest,False,valid,rmse,16.074816518459752,1,0.05,random,,
condition_recombine_pseudolabel__mult_0.25__sim_0.95__teacher_rf__seed_4,condition_recombine_pseudolabel,0.25,0.95,random_forest,4,158,0,1.0,True,,,,reaction_role_concat,6144,random_forest,False,valid,mae,12.086281774744203,1,0.05,random,,
condition_recombine_pseudolabel__mult_0.25__sim_0.95__teacher_rf__seed_4,condition_recombine_pseudolabel,0.25,0.95,random_forest,4,158,0,1.0,True,,,,reaction_role_concat,6144,random_forest,False,valid,r2,0.6766268603219118,1,0.05,random,,
condition_recombine_pseudolabel__mult_0.25__sim_0.95__teacher_rf__seed_4,condition_recombine_pseudolabel,0.25,0.95,random_forest,4,158,0,1.0,True,,,,reaction_role_concat,6144,random_forest,False,valid,spearman,0.8448850212796283,1,0.05,random,,
condition_recombine_pseudolabel__mult_0.5__sim_0.7__teacher_ridge__seed_0,condition_recombine_pseudolabel,0.5,0.7,ridge,0,158,79,1.5,True,0.836830702914467,0.7412587404251099,0.85,reaction_role_concat,6144,random_forest,False,valid,rmse,16.242574170190565,1,0.05,random,,
condition_recombine_pseudolabel__mult_0.5__sim_0.7__teacher_ridge__seed_0,condition_recombine_pseudolabel,0.5,0.7,ridge,0,158,79,1.5,True,0.836830702914467,0.7412587404251099,0.85,reaction_role_concat,6144,random_forest,False,valid,mae,12.710746055829377,1,0.05,random,,
condition_recombine_pseudolabel__mult_0.5__sim_0.7__teacher_ridge__seed_0,condition_recombine_pseudolabel,0.5,0.7,ridge,0,158,79,1.5,True,0.836830702914467,0.7412587404251099,0.85,reaction_role_concat,6144,random_forest,False,valid,r2,0.6698421623229089,1,0.05,random,,
condition_recombine_pseudolabel__mult_0.5__sim_0.7__teacher_ridge__seed_0,condition_recombine_pseudolabel,0.5,0.7,ridge,0,158,79,1.5,True,0.836830702914467,0.7412587404251099,0.85,reaction_role_concat,6144,random_forest,False,valid,spearman,0.8476316458217299,1,0.05,random,,
condition_recombine_pseudolabel__mult_0.5__sim_0.7__teacher_ridge__seed_1,condition_recombine_pseudolabel,0.5,0.7,ridge,1,158,79,1.5,True,0.8330305256421051,0.7421383857727051,0.85,reaction_role_concat,6144,random_forest,False,valid,rmse,16.133139573158374,1,0.05,random,,
condition_recombine_pseudolabel__mult_0.5__sim_0.7__teacher_ridge__seed_1,condition_recombine_pseudolabel,0.5,0.7,ridge,1,158,79,1.5,True,0.8330305256421051,0.7421383857727051,0.85,reaction_role_concat,6144,random_forest,False,valid,mae,12.542144593179978,1,0.05,random,,
condition_recombine_pseudolabel__mult_0.5__sim_0.7__teacher_ridge__seed_1,condition_recombine_pseudolabel,0.5,0.7,ridge,1,158,79,1.5,True,0.8330305256421051,0.7421383857727051,0.85,reaction_role_concat,6144,random_forest,False,valid,r2,0.6742760622703203,1,0.05,random,,
condition_recombine_pseudolabel__mult_0.5__sim_0.7__teacher_ridge__seed_1,condition_recombine_pseudolabel,0.5,0.7,ridge,1,158,79,1.5,True,0.8330305256421051,0.7421383857727051,0.85,reaction_role_concat,6144,random_forest,False,valid,spearman,0.8536072047462872,1,0.05,random,,
condition_recombine_pseudolabel__mult_0.5__sim_0.7__teacher_ridge__seed_2,condition_recombine_pseudolabel,0.5,0.7,ridge,2,158,79,1.5,True,0.8340284745904463,0.7682119011878967,0.85,reaction_role_concat,6144,random_forest,False,valid,rmse,16.327361968641636,1,0.05,random,,
condition_recombine_pseudolabel__mult_0.5__sim_0.7__teacher_ridge__seed_2,condition_recombine_pseudolabel,0.5,0.7,ridge,2,158,79,1.5,True,0.8340284745904463,0.7682119011878967,0.85,reaction_role_concat,6144,random_forest,False,valid,mae,12.625229903652698,1,0.05,random,,
condition_recombine_pseudolabel__mult_0.5__sim_0.7__teacher_ridge__seed_2,condition_recombine_pseudolabel,0.5,0.7,ridge,2,158,79,1.5,True,0.8340284745904463,0.7682119011878967,0.85,reaction_role_concat,6144,random_forest,False,valid,r2,0.666386254421981,1,0.05,random,,
condition_recombine_pseudolabel__mult_0.5__sim_0.7__teacher_ridge__seed_2,condition_recombine_pseudolabel,0.5,0.7,ridge,2,158,79,1.5,True,0.8340284745904463,0.7682119011878967,0.85,reaction_role_concat,6144,random_forest,False,valid,spearman,0.8450703303097501,1,0.05,random,,
condition_recombine_pseudolabel__mult_0.5__sim_0.7__teacher_ridge__seed_3,condition_recombine_pseudolabel,0.5,0.7,ridge,3,158,79,1.5,True,0.8364127492602866,0.7607361674308777,0.85,reaction_role_concat,6144,random_forest,False,valid,rmse,16.269853770337228,1,0.05,random,,
condition_recombine_pseudolabel__mult_0.5__sim_0.7__teacher_ridge__seed_3,condition_recombine_pseudolabel,0.5,0.7,ridge,3,158,79,1.5,True,0.8364127492602866,0.7607361674308777,0.85,reaction_role_concat,6144,random_forest,False,valid,mae,12.892621413685099,1,0.05,random,,
condition_recombine_pseudolabel__mult_0.5__sim_0.7__teacher_ridge__seed_3,condition_recombine_pseudolabel,0.5,0.7,ridge,3,158,79,1.5,True,0.8364127492602866,0.7607361674308777,0.85,reaction_role_concat,6144,random_forest,False,valid,r2,0.6687322228480961,1,0.05,random,,
condition_recombine_pseudolabel__mult_0.5__sim_0.7__teacher_ridge__seed_3,condition_recombine_pseudolabel,0.5,0.7,ridge,3,158,79,1.5,True,0.8364127492602866,0.7607361674308777,0.85,reaction_role_concat,6144,random_forest,False,valid,spearman,0.8465013873284953,1,0.05,random,,
condition_recombine_pseudolabel__mult_0.5__sim_0.7__teacher_ridge__seed_4,condition_recombine_pseudolabel,0.5,0.7,ridge,4,158,79,1.5,True,0.8325911128068271,0.7607361674308777,0.85,reaction_role_concat,6144,random_forest,False,valid,rmse,15.758593065344396,1,0.05,random,,
condition_recombine_pseudolabel__mult_0.5__sim_0.7__teacher_ridge__seed_4,condition_recombine_pseudolabel,0.5,0.7,ridge,4,158,79,1.5,True,0.8325911128068271,0.7607361674308777,0.85,reaction_role_concat,6144,random_forest,False,valid,mae,12.395301453691495,1,0.05,random,,
condition_recombine_pseudolabel__mult_0.5__sim_0.7__teacher_ridge__seed_4,condition_recombine_pseudolabel,0.5,0.7,ridge,4,158,79,1.5,True,0.8325911128068271,0.7607361674308777,0.85,reaction_role_concat,6144,random_forest,False,valid,r2,0.6892244984301975,1,0.05,random,,
condition_recombine_pseudolabel__mult_0.5__sim_0.7__teacher_ridge__seed_4,condition_recombine_pseudolabel,0.5,0.7,ridge,4,158,79,1.5,True,0.8325911128068271,0.7607361674308777,0.85,reaction_role_concat,6144,random_forest,False,valid,spearman,0.857925401772434,1,0.05,random,,
condition_recombine_pseudolabel__mult_0.5__sim_0.7__teacher_rf__seed_0,condition_recombine_pseudolabel,0.5,0.7,random_forest,0,158,79,1.5,True,0.836830702914467,0.7412587404251099,0.85,reaction_role_concat,6144,random_forest,False,valid,rmse,16.010020777285458,1,0.05,random,,
condition_recombine_pseudolabel__mult_0.5__sim_0.7__teacher_rf__seed_0,condition_recombine_pseudolabel,0.5,0.7,random_forest,0,158,79,1.5,True,0.836830702914467,0.7412587404251099,0.85,reaction_role_concat,6144,random_forest,False,valid,mae,12.062830638031418,1,0.05,random,,
condition_recombine_pseudolabel__mult_0.5__sim_0.7__teacher_rf__seed_0,condition_recombine_pseudolabel,0.5,0.7,random_forest,0,158,79,1.5,True,0.836830702914467,0.7412587404251099,0.85,reaction_role_concat,6144,random_forest,False,valid,r2,0.6792285661964486,1,0.05,random,,
condition_recombine_pseudolabel__mult_0.5__sim_0.7__teacher_rf__seed_0,condition_recombine_pseudolabel,0.5,0.7,random_forest,0,158,79,1.5,True,0.836830702914467,0.7412587404251099,0.85,reaction_role_concat,6144,random_forest,False,valid,spearman,0.844840422469436,1,0.05,random,,
condition_recombine_pseudolabel__mult_0.5__sim_0.7__teacher_rf__seed_1,condition_recombine_pseudolabel,0.5,0.7,random_forest,1,158,79,1.5,True,0.8330305256421051,0.7421383857727051,0.85,reaction_role_concat,6144,random_forest,False,valid,rmse,16.508087555917804,1,0.05,random,,
condition_recombine_pseudolabel__mult_0.5__sim_0.7__teacher_rf__seed_1,condition_recombine_pseudolabel,0.5,0.7,random_forest,1,158,79,1.5,True,0.8330305256421051,0.7421383857727051,0.85,reaction_role_concat,6144,random_forest,False,valid,mae,12.323663751713836,1,0.05,random,,
condition_recombine_pseudolabel__mult_0.5__sim_0.7__teacher_rf__seed_1,condition_recombine_pseudolabel,0.5,0.7,random_forest,1,158,79,1.5,True,0.8330305256421051,0.7421383857727051,0.85,reaction_role_concat,6144,random_forest,False,valid,r2,0.6589599199519764,1,0.05,random,,
condition_recombine_pseudolabel__mult_0.5__sim_0.7__teacher_rf__seed_1,condition_recombine_pseudolabel,0.5,0.7,random_forest,1,158,79,1.5,True,0.8330305256421051,0.7421383857727051,0.85,reaction_role_concat,6144,random_forest,False,valid,spearman,0.8328479192615184,1,0.05,random,,
condition_recombine_pseudolabel__mult_0.5__sim_0.7__teacher_rf__seed_2,condition_recombine_pseudolabel,0.5,0.7,random_forest,2,158,79,1.5,True,0.8340284745904463,0.7682119011878967,0.85,reaction_role_concat,6144,random_forest,False,valid,rmse,16.934869875838757,1,0.05,random,,
condition_recombine_pseudolabel__mult_0.5__sim_0.7__teacher_rf__seed_2,condition_recombine_pseudolabel,0.5,0.7,random_forest,2,158,79,1.5,True,0.8340284745904463,0.7682119011878967,0.85,reaction_role_concat,6144,random_forest,False,valid,mae,12.516201899766923,1,0.05,random,,
condition_recombine_pseudolabel__mult_0.5__sim_0.7__teacher_rf__seed_2,condition_recombine_pseudolabel,0.5,0.7,random_forest,2,158,79,1.5,True,0.8340284745904463,0.7682119011878967,0.85,reaction_role_concat,6144,random_forest,False,valid,r2,0.6410982117510324,1,0.05,random,,
condition_recombine_pseudolabel__mult_0.5__sim_0.7__teacher_rf__seed_2,condition_recombine_pseudolabel,0.5,0.7,random_forest,2,158,79,1.5,True,0.8340284745904463,0.7682119011878967,0.85,reaction_role_concat,6144,random_forest,False,valid,spearman,0.8244090064037005,1,0.05,random,,
condition_recombine_pseudolabel__mult_0.5__sim_0.7__teacher_rf__seed_3,condition_recombine_pseudolabel,0.5,0.7,random_forest,3,158,79,1.5,True,0.8364127492602866,0.7607361674308777,0.85,reaction_role_concat,6144,random_forest,False,valid,rmse,16.296730410165402,1,0.05,random,,
condition_recombine_pseudolabel__mult_0.5__sim_0.7__teacher_rf__seed_3,condition_recombine_pseudolabel,0.5,0.7,random_forest,3,158,79,1.5,True,0.8364127492602866,0.7607361674308777,0.85,reaction_role_concat,6144,random_forest,False,valid,mae,12.292276619997205,1,0.05,random,,
condition_recombine_pseudolabel__mult_0.5__sim_0.7__teacher_rf__seed_3,condition_recombine_pseudolabel,0.5,0.7,random_forest,3,158,79,1.5,True,0.8364127492602866,0.7607361674308777,0.85,reaction_role_concat,6144,random_forest,False,valid,r2,0.6676368573062501,1,0.05,random,,
condition_recombine_pseudolabel__mult_0.5__sim_0.7__teacher_rf__seed_3,condition_recombine_pseudolabel,0.5,0.7,random_forest,3,158,79,1.5,True,0.8364127492602866,0.7607361674308777,0.85,reaction_role_concat,6144,random_forest,False,valid,spearman,0.8369415641996667,1,0.05,random,,
condition_recombine_pseudolabel__mult_0.5__sim_0.7__teacher_rf__seed_4,condition_recombine_pseudolabel,0.5,0.7,random_forest,4,158,79,1.5,True,0.8325911128068271,0.7607361674308777,0.85,reaction_role_concat,6144,random_forest,False,valid,rmse,16.359055890209493,1,0.05,random,,
condition_recombine_pseudolabel__mult_0.5__sim_0.7__teacher_rf__seed_4,condition_recombine_pseudolabel,0.5,0.7,random_forest,4,158,79,1.5,True,0.8325911128068271,0.7607361674308777,0.85,reaction_role_concat,6144,random_forest,False,valid,mae,12.2590503426247,1,0.05,random,,
condition_recombine_pseudolabel__mult_0.5__sim_0.7__teacher_rf__seed_4,condition_recombine_pseudolabel,0.5,0.7,random_forest,4,158,79,1.5,True,0.8325911128068271,0.7607361674308777,0.85,reaction_role_concat,6144,random_forest,False,valid,r2,0.6650898061250883,1,0.05,random,,
condition_recombine_pseudolabel__mult_0.5__sim_0.7__teacher_rf__seed_4,condition_recombine_pseudolabel,0.5,0.7,random_forest,4,158,79,1.5,True,0.8325911128068271,0.7607361674308777,0.85,reaction_role_concat,6144,random_forest,False,valid,spearman,0.836827145854741,1,0.05,random,,
condition_recombine_pseudolabel__mult_0.5__sim_0.8__teacher_ridge__seed_0,condition_recombine_pseudolabel,0.5,0.8,ridge,0,158,73,1.4620253164556962,True,0.8420507272628888,0.8055555820465088,0.85,reaction_role_concat,6144,random_forest,False,valid,rmse,16.08632382669189,1,0.05,random,,
condition_recombine_pseudolabel__mult_0.5__sim_0.8__teacher_ridge__seed_0,condition_recombine_pseudolabel,0.5,0.8,ridge,0,158,73,1.4620253164556962,True,0.8420507272628888,0.8055555820465088,0.85,reaction_role_concat,6144,random_forest,False,valid,mae,12.537402046796641,1,0.05,random,,
condition_recombine_pseudolabel__mult_0.5__sim_0.8__teacher_ridge__seed_0,condition_recombine_pseudolabel,0.5,0.8,ridge,0,158,73,1.4620253164556962,True,0.8420507272628888,0.8055555820465088,0.85,reaction_role_concat,6144,random_forest,False,valid,r2,0.676163715215448,1,0.05,random,,
condition_recombine_pseudolabel__mult_0.5__sim_0.8__teacher_ridge__seed_0,condition_recombine_pseudolabel,0.5,0.8,ridge,0,158,73,1.4620253164556962,True,0.8420507272628888,0.8055555820465088,0.85,reaction_role_concat,6144,random_forest,False,valid,spearman,0.847041344539229,1,0.05,random,,
condition_recombine_pseudolabel__mult_0.5__sim_0.8__teacher_ridge__seed_1,condition_recombine_pseudolabel,0.5,0.8,ridge,1,158,70,1.4430379746835442,True,0.8405371214662279,0.805031418800354,0.85,reaction_role_concat,6144,random_forest,False,valid,rmse,16.254755456267322,1,0.05,random,,
condition_recombine_pseudolabel__mult_0.5__sim_0.8__teacher_ridge__seed_1,condition_recombine_pseudolabel,0.5,0.8,ridge,1,158,70,1.4430379746835442,True,0.8405371214662279,0.805031418800354,0.85,reaction_role_concat,6144,random_forest,False,valid,mae,12.647641907554638,1,0.05,random,,
condition_recombine_pseudolabel__mult_0.5__sim_0.8__teacher_ridge__seed_1,condition_recombine_pseudolabel,0.5,0.8,ridge,1,158,70,1.4430379746835442,True,0.8405371214662279,0.805031418800354,0.85,reaction_role_concat,6144,random_forest,False,valid,r2,0.6693467660754389,1,0.05,random,,
condition_recombine_pseudolabel__mult_0.5__sim_0.8__teacher_ridge__seed_1,condition_recombine_pseudolabel,0.5,0.8,ridge,1,158,70,1.4430379746835442,True,0.8405371214662279,0.805031418800354,0.85,reaction_role_concat,6144,random_forest,False,valid,spearman,0.850966526722721,1,0.05,random,,
condition_recombine_pseudolabel__mult_0.5__sim_0.8__teacher_ridge__seed_2,condition_recombine_pseudolabel,0.5,0.8,ridge,2,158,71,1.4493670886075949,True,0.8397611611325976,0.800000011920929,0.85,reaction_role_concat,6144,random_forest,False,valid,rmse,16.34747283700719,1,0.05,random,,
condition_recombine_pseudolabel__mult_0.5__sim_0.8__teacher_ridge__seed_2,condition_recombine_pseudolabel,0.5,0.8,ridge,2,158,71,1.4493670886075949,True,0.8397611611325976,0.800000011920929,0.85,reaction_role_concat,6144,random_forest,False,valid,mae,12.61392678046981,1,0.05,random,,
condition_recombine_pseudolabel__mult_0.5__sim_0.8__teacher_ridge__seed_2,condition_recombine_pseudolabel,0.5,0.8,ridge,2,158,71,1.4493670886075949,True,0.8397611611325976,0.800000011920929,0.85,reaction_role_concat,6144,random_forest,False,valid,r2,0.665563905517357,1,0.05,random,,
condition_recombine_pseudolabel__mult_0.5__sim_0.8__teacher_ridge__seed_2,condition_recombine_pseudolabel,0.5,0.8,ridge,2,158,71,1.4493670886075949,True,0.8397611611325976,0.800000011920929,0.85,reaction_role_concat,6144,random_forest,False,valid,spearman,0.8411758219804296,1,0.05,random,,
condition_recombine_pseudolabel__mult_0.5__sim_0.8__teacher_ridge__seed_3,condition_recombine_pseudolabel,0.5,0.8,ridge,3,158,70,1.4430379746835442,True,0.8431956703322275,0.800000011920929,0.85,reaction_role_concat,6144,random_forest,False,valid,rmse,16.556997181580527,1,0.05,random,,
condition_recombine_pseudolabel__mult_0.5__sim_0.8__teacher_ridge__seed_3,condition_recombine_pseudolabel,0.5,0.8,ridge,3,158,70,1.4430379746835442,True,0.8431956703322275,0.800000011920929,0.85,reaction_role_concat,6144,random_forest,False,valid,mae,12.918543396127376,1,0.05,random,,
condition_recombine_pseudolabel__mult_0.5__sim_0.8__teacher_ridge__seed_3,condition_recombine_pseudolabel,0.5,0.8,ridge,3,158,70,1.4430379746835442,True,0.8431956703322275,0.800000011920929,0.85,reaction_role_concat,6144,random_forest,False,valid,r2,0.6569360813592859,1,0.05,random,,
condition_recombine_pseudolabel__mult_0.5__sim_0.8__teacher_ridge__seed_3,condition_recombine_pseudolabel,0.5,0.8,ridge,3,158,70,1.4430379746835442,True,0.8431956703322275,0.800000011920929,0.85,reaction_role_concat,6144,random_forest,False,valid,spearman,0.8358626235513477,1,0.05,random,,
condition_recombine_pseudolabel__mult_0.5__sim_0.8__teacher_ridge__seed_4,condition_recombine_pseudolabel,0.5,0.8,ridge,4,158,72,1.4556962025316456,True,0.8375402235322528,0.8051947951316833,0.85,reaction_role_concat,6144,random_forest,False,valid,rmse,16.204466644057465,1,0.05,random,,
condition_recombine_pseudolabel__mult_0.5__sim_0.8__teacher_ridge__seed_4,condition_recombine_pseudolabel,0.5,0.8,ridge,4,158,72,1.4556962025316456,True,0.8375402235322528,0.8051947951316833,0.85,reaction_role_concat,6144,random_forest,False,valid,mae,12.60001929020429,1,0.05,random,,
condition_recombine_pseudolabel__mult_0.5__sim_0.8__teacher_ridge__seed_4,condition_recombine_pseudolabel,0.5,0.8,ridge,4,158,72,1.4556962025316456,True,0.8375402235322528,0.8051947951316833,0.85,reaction_role_concat,6144,random_forest,False,valid,r2,0.6713895450530383,1,0.05,random,,
condition_recombine_pseudolabel__mult_0.5__sim_0.8__teacher_ridge__seed_4,condition_recombine_pseudolabel,0.5,0.8,ridge,4,158,72,1.4556962025316456,True,0.8375402235322528,0.8051947951316833,0.85,reaction_role_concat,6144,random_forest,False,valid,spearman,0.8471053214350726,1,0.05,random,,
condition_recombine_pseudolabel__mult_0.5__sim_0.8__teacher_rf__seed_0,condition_recombine_pseudolabel,0.5,0.8,random_forest,0,158,73,1.4620253164556962,True,0.8420507272628888,0.8055555820465088,0.85,reaction_role_concat,6144,random_forest,False,valid,rmse,15.98366655568431,1,0.05,random,,
condition_recombine_pseudolabel__mult_0.5__sim_0.8__teacher_rf__seed_0,condition_recombine_pseudolabel,0.5,0.8,random_forest,0,158,73,1.4620253164556962,True,0.8420507272628888,0.8055555820465088,0.85,reaction_role_concat,6144,random_forest,False,valid,mae,11.94538647074488,1,0.05,random,,
condition_recombine_pseudolabel__mult_0.5__sim_0.8__teacher_rf__seed_0,condition_recombine_pseudolabel,0.5,0.8,random_forest,0,158,73,1.4620253164556962,True,0.8420507272628888,0.8055555820465088,0.85,reaction_role_concat,6144,random_forest,False,valid,r2,0.6802837457907027,1,0.05,random,,
condition_recombine_pseudolabel__mult_0.5__sim_0.8__teacher_rf__seed_0,condition_recombine_pseudolabel,0.5,0.8,random_forest,0,158,73,1.4620253164556962,True,0.8420507272628888,0.8055555820465088,0.85,reaction_role_concat,6144,random_forest,False,valid,spearman,0.8441195382077478,1,0.05,random,,
condition_recombine_pseudolabel__mult_0.5__sim_0.8__teacher_rf__seed_1,condition_recombine_pseudolabel,0.5,0.8,random_forest,1,158,70,1.4430379746835442,True,0.8405371214662279,0.805031418800354,0.85,reaction_role_concat,6144,random_forest,False,valid,rmse,16.78366565971856,1,0.05,random,,
condition_recombine_pseudolabel__mult_0.5__sim_0.8__teacher_rf__seed_1,condition_recombine_pseudolabel,0.5,0.8,random_forest,1,158,70,1.4430379746835442,True,0.8405371214662279,0.805031418800354,0.85,reaction_role_concat,6144,random_forest,False,valid,mae,12.535733386180068,1,0.05,random,,
condition_recombine_pseudolabel__mult_0.5__sim_0.8__teacher_rf__seed_1,condition_recombine_pseudolabel,0.5,0.8,random_forest,1,158,70,1.4430379746835442,True,0.8405371214662279,0.805031418800354,0.85,reaction_role_concat,6144,random_forest,False,valid,r2,0.6474785616984233,1,0.05,random,,
condition_recombine_pseudolabel__mult_0.5__sim_0.8__teacher_rf__seed_1,condition_recombine_pseudolabel,0.5,0.8,random_forest,1,158,70,1.4430379746835442,True,0.8405371214662279,0.805031418800354,0.85,reaction_role_concat,6144,random_forest,False,valid,spearman,0.8263798258785495,1,0.05,random,,
condition_recombine_pseudolabel__mult_0.5__sim_0.8__teacher_rf__seed_2,condition_recombine_pseudolabel,0.5,0.8,random_forest,2,158,71,1.4493670886075949,True,0.8397611611325976,0.800000011920929,0.85,reaction_role_concat,6144,random_forest,False,valid,rmse,16.81277341803548,1,0.05,random,,
condition_recombine_pseudolabel__mult_0.5__sim_0.8__teacher_rf__seed_2,condition_recombine_pseudolabel,0.5,0.8,random_forest,2,158,71,1.4493670886075949,True,0.8397611611325976,0.800000011920929,0.85,reaction_role_concat,6144,random_forest,False,valid,mae,12.463667457084112,1,0.05,random,,
condition_recombine_pseudolabel__mult_0.5__sim_0.8__teacher_rf__seed_2,condition_recombine_pseudolabel,0.5,0.8,random_forest,2,158,71,1.4493670886075949,True,0.8397611611325976,0.800000011920929,0.85,reaction_role_concat,6144,random_forest,False,valid,r2,0.6462547519646532,1,0.05,random,,
condition_recombine_pseudolabel__mult_0.5__sim_0.8__teacher_rf__seed_2,condition_recombine_pseudolabel,0.5,0.8,random_forest,2,158,71,1.4493670886075949,True,0.8397611611325976,0.800000011920929,0.85,reaction_role_concat,6144,random_forest,False,valid,spearman,0.8272427836425752,1,0.05,random,,
condition_recombine_pseudolabel__mult_0.5__sim_0.8__teacher_rf__seed_3,condition_recombine_pseudolabel,0.5,0.8,random_forest,3,158,70,1.4430379746835442,True,0.8431956703322275,0.800000011920929,0.85,reaction_role_concat,6144,random_forest,False,valid,rmse,16.247911855029063,1,0.05,random,,
condition_recombine_pseudolabel__mult_0.5__sim_0.8__teacher_rf__seed_3,condition_recombine_pseudolabel,0.5,0.8,random_forest,3,158,70,1.4430379746835442,True,0.8431956703322275,0.800000011920929,0.85,reaction_role_concat,6144,random_forest,False,valid,mae,12.215856117846092,1,0.05,random,,
condition_recombine_pseudolabel__mult_0.5__sim_0.8__teacher_rf__seed_3,condition_recombine_pseudolabel,0.5,0.8,random_forest,3,158,70,1.4430379746835442,True,0.8431956703322275,0.800000011920929,0.85,reaction_role_concat,6144,random_forest,False,valid,r2,0.669625131693563,1,0.05,random,,
condition_recombine_pseudolabel__mult_0.5__sim_0.8__teacher_rf__seed_3,condition_recombine_pseudolabel,0.5,0.8,random_forest,3,158,70,1.4430379746835442,True,0.8431956703322275,0.800000011920929,0.85,reaction_role_concat,6144,random_forest,False,valid,spearman,0.8388550284360808,1,0.05,random,,
condition_recombine_pseudolabel__mult_0.5__sim_0.8__teacher_rf__seed_4,condition_recombine_pseudolabel,0.5,0.8,random_forest,4,158,72,1.4556962025316456,True,0.8375402235322528,0.8051947951316833,0.85,reaction_role_concat,6144,random_forest,False,valid,rmse,16.372260125717794,1,0.05,random,,
condition_recombine_pseudolabel__mult_0.5__sim_0.8__teacher_rf__seed_4,condition_recombine_pseudolabel,0.5,0.8,random_forest,4,158,72,1.4556962025316456,True,0.8375402235322528,0.8051947951316833,0.85,reaction_role_concat,6144,random_forest,False,valid,mae,12.238842725316182,1,0.05,random,,
condition_recombine_pseudolabel__mult_0.5__sim_0.8__teacher_rf__seed_4,condition_recombine_pseudolabel,0.5,0.8,random_forest,4,158,72,1.4556962025316456,True,0.8375402235322528,0.8051947951316833,0.85,reaction_role_concat,6144,random_forest,False,valid,r2,0.6645489414432092,1,0.05,random,,
condition_recombine_pseudolabel__mult_0.5__sim_0.8__teacher_rf__seed_4,condition_recombine_pseudolabel,0.5,0.8,random_forest,4,158,72,1.4556962025316456,True,0.8375402235322528,0.8051947951316833,0.85,reaction_role_concat,6144,random_forest,False,valid,spearman,0.839134793461588,1,0.05,random,,
condition_recombine_pseudolabel__mult_0.5__sim_0.85__teacher_ridge__seed_0,condition_recombine_pseudolabel,0.5,0.85,ridge,0,158,47,1.2974683544303798,True,0.8500000000000002,0.85,0.85,reaction_role_concat,6144,random_forest,False,valid,rmse,16.169551740667437,1,0.05,random,,
condition_recombine_pseudolabel__mult_0.5__sim_0.85__teacher_ridge__seed_0,condition_recombine_pseudolabel,0.5,0.85,ridge,0,158,47,1.2974683544303798,True,0.8500000000000002,0.85,0.85,reaction_role_concat,6144,random_forest,False,valid,mae,12.419345156155055,1,0.05,random,,
condition_recombine_pseudolabel__mult_0.5__sim_0.85__teacher_ridge__seed_0,condition_recombine_pseudolabel,0.5,0.85,ridge,0,158,47,1.2974683544303798,True,0.8500000000000002,0.85,0.85,reaction_role_concat,6144,random_forest,False,valid,r2,0.6728040984566144,1,0.05,random,,
condition_recombine_pseudolabel__mult_0.5__sim_0.85__teacher_ridge__seed_0,condition_recombine_pseudolabel,0.5,0.85,ridge,0,158,47,1.2974683544303798,True,0.8500000000000002,0.85,0.85,reaction_role_concat,6144,random_forest,False,valid,spearman,0.8460124558307327,1,0.05,random,,
condition_recombine_pseudolabel__mult_0.5__sim_0.85__teacher_ridge__seed_1,condition_recombine_pseudolabel,0.5,0.85,ridge,1,158,45,1.2848101265822784,True,0.8500000000000002,0.85,0.85,reaction_role_concat,6144,random_forest,False,valid,rmse,15.568766380681927,1,0.05,random,,
condition_recombine_pseudolabel__mult_0.5__sim_0.85__teacher_ridge__seed_1,condition_recombine_pseudolabel,0.5,0.85,ridge,1,158,45,1.2848101265822784,True,0.8500000000000002,0.85,0.85,reaction_role_concat,6144,random_forest,False,valid,mae,12.126504188948037,1,0.05,random,,
condition_recombine_pseudolabel__mult_0.5__sim_0.85__teacher_ridge__seed_1,condition_recombine_pseudolabel,0.5,0.85,ridge,1,158,45,1.2848101265822784,True,0.8500000000000002,0.85,0.85,reaction_role_concat,6144,random_forest,False,valid,r2,0.6966665546632436,1,0.05,random,,
condition_recombine_pseudolabel__mult_0.5__sim_0.85__teacher_ridge__seed_1,condition_recombine_pseudolabel,0.5,0.85,ridge,1,158,45,1.2848101265822784,True,0.8500000000000002,0.85,0.85,reaction_role_concat,6144,random_forest,False,valid,spearman,0.8625834456273384,1,0.05,random,,
condition_recombine_pseudolabel__mult_0.5__sim_0.85__teacher_ridge__seed_2,condition_recombine_pseudolabel,0.5,0.85,ridge,2,158,46,1.2911392405063291,True,0.8500000000000002,0.85,0.85,reaction_role_concat,6144,random_forest,False,valid,rmse,15.974669035881872,1,0.05,random,,
condition_recombine_pseudolabel__mult_0.5__sim_0.85__teacher_ridge__seed_2,condition_recombine_pseudolabel,0.5,0.85,ridge,2,158,46,1.2911392405063291,True,0.8500000000000002,0.85,0.85,reaction_role_concat,6144,random_forest,False,valid,mae,12.401982942751692,1,0.05,random,,
condition_recombine_pseudolabel__mult_0.5__sim_0.85__teacher_ridge__seed_2,condition_recombine_pseudolabel,0.5,0.85,ridge,2,158,46,1.2911392405063291,True,0.8500000000000002,0.85,0.85,reaction_role_concat,6144,random_forest,False,valid,r2,0.6806435935960938,1,0.05,random,,
condition_recombine_pseudolabel__mult_0.5__sim_0.85__teacher_ridge__seed_2,condition_recombine_pseudolabel,0.5,0.85,ridge,2,158,46,1.2911392405063291,True,0.8500000000000002,0.85,0.85,reaction_role_concat,6144,random_forest,False,valid,spearman,0.8486775755603214,1,0.05,random,,
condition_recombine_pseudolabel__mult_0.5__sim_0.85__teacher_ridge__seed_3,condition_recombine_pseudolabel,0.5,0.85,ridge,3,158,49,1.3101265822784811,True,0.85,0.85,0.85,reaction_role_concat,6144,random_forest,False,valid,rmse,16.53349947744387,1,0.05,random,,
condition_recombine_pseudolabel__mult_0.5__sim_0.85__teacher_ridge__seed_3,condition_recombine_pseudolabel,0.5,0.85,ridge,3,158,49,1.3101265822784811,True,0.85,0.85,0.85,reaction_role_concat,6144,random_forest,False,valid,mae,12.91980537793908,1,0.05,random,,
condition_recombine_pseudolabel__mult_0.5__sim_0.85__teacher_ridge__seed_3,condition_recombine_pseudolabel,0.5,0.85,ridge,3,158,49,1.3101265822784811,True,0.85,0.85,0.85,reaction_role_concat,6144,random_forest,False,valid,r2,0.6579091435795319,1,0.05,random,,
condition_recombine_pseudolabel__mult_0.5__sim_0.85__teacher_ridge__seed_3,condition_recombine_pseudolabel,0.5,0.85,ridge,3,158,49,1.3101265822784811,True,0.85,0.85,0.85,reaction_role_concat,6144,random_forest,False,valid,spearman,0.8353251007734848,1,0.05,random,,
condition_recombine_pseudolabel__mult_0.5__sim_0.85__teacher_ridge__seed_4,condition_recombine_pseudolabel,0.5,0.85,ridge,4,158,37,1.2341772151898733,True,0.8500000000000002,0.85,0.85,reaction_role_concat,6144,random_forest,False,valid,rmse,16.031273891988203,1,0.05,random,,
condition_recombine_pseudolabel__mult_0.5__sim_0.85__teacher_ridge__seed_4,condition_recombine_pseudolabel,0.5,0.85,ridge,4,158,37,1.2341772151898733,True,0.8500000000000002,0.85,0.85,reaction_role_concat,6144,random_forest,False,valid,mae,12.347423119083235,1,0.05,random,,
condition_recombine_pseudolabel__mult_0.5__sim_0.85__teacher_ridge__seed_4,condition_recombine_pseudolabel,0.5,0.85,ridge,4,158,37,1.2341772151898733,True,0.8500000000000002,0.85,0.85,reaction_role_concat,6144,random_forest,False,valid,r2,0.6783763602967962,1,0.05,random,,
condition_recombine_pseudolabel__mult_0.5__sim_0.85__teacher_ridge__seed_4,condition_recombine_pseudolabel,0.5,0.85,ridge,4,158,37,1.2341772151898733,True,0.8500000000000002,0.85,0.85,reaction_role_concat,6144,random_forest,False,valid,spearman,0.8473765172568746,1,0.05,random,,
condition_recombine_pseudolabel__mult_0.5__sim_0.85__teacher_rf__seed_0,condition_recombine_pseudolabel,0.5,0.85,random_forest,0,158,47,1.2974683544303798,True,0.8500000000000002,0.85,0.85,reaction_role_concat,6144,random_forest,False,valid,rmse,15.918583485605922,1,0.05,random,,
condition_recombine_pseudolabel__mult_0.5__sim_0.85__teacher_rf__seed_0,condition_recombine_pseudolabel,0.5,0.85,random_forest,0,158,47,1.2974683544303798,True,0.8500000000000002,0.85,0.85,reaction_role_concat,6144,random_forest,False,valid,mae,11.86367569985118,1,0.05,random,,
condition_recombine_pseudolabel__mult_0.5__sim_0.85__teacher_rf__seed_0,condition_recombine_pseudolabel,0.5,0.85,random_forest,0,158,47,1.2974683544303798,True,0.8500000000000002,0.85,0.85,reaction_role_concat,6144,random_forest,False,valid,r2,0.6828821172667292,1,0.05,random,,
condition_recombine_pseudolabel__mult_0.5__sim_0.85__teacher_rf__seed_0,condition_recombine_pseudolabel,0.5,0.85,random_forest,0,158,47,1.2974683544303798,True,0.8500000000000002,0.85,0.85,reaction_role_concat,6144,random_forest,False,valid,spearman,0.8450147278629822,1,0.05,random,,
condition_recombine_pseudolabel__mult_0.5__sim_0.85__teacher_rf__seed_1,condition_recombine_pseudolabel,0.5,0.85,random_forest,1,158,45,1.2848101265822784,True,0.8500000000000002,0.85,0.85,reaction_role_concat,6144,random_forest,False,valid,rmse,16.426364157666953,1,0.05,random,,
condition_recombine_pseudolabel__mult_0.5__sim_0.85__teacher_rf__seed_1,condition_recombine_pseudolabel,0.5,0.85,random_forest,1,158,45,1.2848101265822784,True,0.8500000000000002,0.85,0.85,reaction_role_concat,6144,random_forest,False,valid,mae,12.292754730583745,1,0.05,random,,
condition_recombine_pseudolabel__mult_0.5__sim_0.85__teacher_rf__seed_1,condition_recombine_pseudolabel,0.5,0.85,random_forest,1,158,45,1.2848101265822784,True,0.8500000000000002,0.85,0.85,reaction_role_concat,6144,random_forest,False,valid,r2,0.662328204317318,1,0.05,random,,
condition_recombine_pseudolabel__mult_0.5__sim_0.85__teacher_rf__seed_1,condition_recombine_pseudolabel,0.5,0.85,random_forest,1,158,45,1.2848101265822784,True,0.8500000000000002,0.85,0.85,reaction_role_concat,6144,random_forest,False,valid,spearman,0.8361012953499966,1,0.05,random,,
condition_recombine_pseudolabel__mult_0.5__sim_0.85__teacher_rf__seed_2,condition_recombine_pseudolabel,0.5,0.85,random_forest,2,158,46,1.2911392405063291,True,0.8500000000000002,0.85,0.85,reaction_role_concat,6144,random_forest,False,valid,rmse,16.42218856285456,1,0.05,random,,
condition_recombine_pseudolabel__mult_0.5__sim_0.85__teacher_rf__seed_2,condition_recombine_pseudolabel,0.5,0.85,random_forest,2,158,46,1.2911392405063291,True,0.8500000000000002,0.85,0.85,reaction_role_concat,6144,random_forest,False,valid,mae,12.209492920626568,1,0.05,random,,
condition_recombine_pseudolabel__mult_0.5__sim_0.85__teacher_rf__seed_2,condition_recombine_pseudolabel,0.5,0.85,random_forest,2,158,46,1.2911392405063291,True,0.8500000000000002,0.85,0.85,reaction_role_concat,6144,random_forest,False,valid,r2,0.6624998553748154,1,0.05,random,,
condition_recombine_pseudolabel__mult_0.5__sim_0.85__teacher_rf__seed_2,condition_recombine_pseudolabel,0.5,0.85,random_forest,2,158,46,1.2911392405063291,True,0.8500000000000002,0.85,0.85,reaction_role_concat,6144,random_forest,False,valid,spearman,0.8322233411641973,1,0.05,random,,
condition_recombine_pseudolabel__mult_0.5__sim_0.85__teacher_rf__seed_3,condition_recombine_pseudolabel,0.5,0.85,random_forest,3,158,49,1.3101265822784811,True,0.85,0.85,0.85,reaction_role_concat,6144,random_forest,False,valid,rmse,16.3178760587841,1,0.05,random,,
condition_recombine_pseudolabel__mult_0.5__sim_0.85__teacher_rf__seed_3,condition_recombine_pseudolabel,0.5,0.85,random_forest,3,158,49,1.3101265822784811,True,0.85,0.85,0.85,reaction_role_concat,6144,random_forest,False,valid,mae,12.213217736159699,1,0.05,random,,
condition_recombine_pseudolabel__mult_0.5__sim_0.85__teacher_rf__seed_3,condition_recombine_pseudolabel,0.5,0.85,random_forest,3,158,49,1.3101265822784811,True,0.85,0.85,0.85,reaction_role_concat,6144,random_forest,False,valid,r2,0.6667737892395138,1,0.05,random,,
condition_recombine_pseudolabel__mult_0.5__sim_0.85__teacher_rf__seed_3,condition_recombine_pseudolabel,0.5,0.85,random_forest,3,158,49,1.3101265822784811,True,0.85,0.85,0.85,reaction_role_concat,6144,random_forest,False,valid,spearman,0.8375742246141187,1,0.05,random,,
condition_recombine_pseudolabel__mult_0.5__sim_0.85__teacher_rf__seed_4,condition_recombine_pseudolabel,0.5,0.85,random_forest,4,158,37,1.2341772151898733,True,0.8500000000000002,0.85,0.85,reaction_role_concat,6144,random_forest,False,valid,rmse,16.051863452457262,1,0.05,random,,
condition_recombine_pseudolabel__mult_0.5__sim_0.85__teacher_rf__seed_4,condition_recombine_pseudolabel,0.5,0.85,random_forest,4,158,37,1.2341772151898733,True,0.8500000000000002,0.85,0.85,reaction_role_concat,6144,random_forest,False,valid,mae,12.169073594429825,1,0.05,random,,
condition_recombine_pseudolabel__mult_0.5__sim_0.85__teacher_rf__seed_4,condition_recombine_pseudolabel,0.5,0.85,random_forest,4,158,37,1.2341772151898733,True,0.8500000000000002,0.85,0.85,reaction_role_concat,6144,random_forest,False,valid,r2,0.6775496834000927,1,0.05,random,,
condition_recombine_pseudolabel__mult_0.5__sim_0.85__teacher_rf__seed_4,condition_recombine_pseudolabel,0.5,0.85,random_forest,4,158,37,1.2341772151898733,True,0.8500000000000002,0.85,0.85,reaction_role_concat,6144,random_forest,False,valid,spearman,0.8439063792655843,1,0.05,random,,
condition_recombine_pseudolabel__mult_0.5__sim_0.9__teacher_ridge__seed_0,condition_recombine_pseudolabel,0.5,0.9,ridge,0,158,24,1.1518987341772151,True,0.85,0.85,0.85,reaction_role_concat,6144,random_forest,False,valid,rmse,16.301053722095073,1,0.05,random,,
condition_recombine_pseudolabel__mult_0.5__sim_0.9__teacher_ridge__seed_0,condition_recombine_pseudolabel,0.5,0.9,ridge,0,158,24,1.1518987341772151,True,0.85,0.85,0.85,reaction_role_concat,6144,random_forest,False,valid,mae,12.462995321963406,1,0.05,random,,
condition_recombine_pseudolabel__mult_0.5__sim_0.9__teacher_ridge__seed_0,condition_recombine_pseudolabel,0.5,0.9,ridge,0,158,24,1.1518987341772151,True,0.85,0.85,0.85,reaction_role_concat,6144,random_forest,False,valid,r2,0.6674604906240524,1,0.05,random,,
condition_recombine_pseudolabel__mult_0.5__sim_0.9__teacher_ridge__seed_0,condition_recombine_pseudolabel,0.5,0.9,ridge,0,158,24,1.1518987341772151,True,0.85,0.85,0.85,reaction_role_concat,6144,random_forest,False,valid,spearman,0.8418834629273011,1,0.05,random,,
condition_recombine_pseudolabel__mult_0.5__sim_0.9__teacher_ridge__seed_1,condition_recombine_pseudolabel,0.5,0.9,ridge,1,158,22,1.139240506329114,True,0.8500000000000001,0.85,0.85,reaction_role_concat,6144,random_forest,False,valid,rmse,15.99576455605922,1,0.05,random,,
condition_recombine_pseudolabel__mult_0.5__sim_0.9__teacher_ridge__seed_1,condition_recombine_pseudolabel,0.5,0.9,ridge,1,158,22,1.139240506329114,True,0.8500000000000001,0.85,0.85,reaction_role_concat,6144,random_forest,False,valid,mae,12.184236848446389,1,0.05,random,,
condition_recombine_pseudolabel__mult_0.5__sim_0.9__teacher_ridge__seed_1,condition_recombine_pseudolabel,0.5,0.9,ridge,1,158,22,1.139240506329114,True,0.8500000000000001,0.85,0.85,reaction_role_concat,6144,random_forest,False,valid,r2,0.6797995776353597,1,0.05,random,,
condition_recombine_pseudolabel__mult_0.5__sim_0.9__teacher_ridge__seed_1,condition_recombine_pseudolabel,0.5,0.9,ridge,1,158,22,1.139240506329114,True,0.8500000000000001,0.85,0.85,reaction_role_concat,6144,random_forest,False,valid,spearman,0.8452121116801431,1,0.05,random,,
condition_recombine_pseudolabel__mult_0.5__sim_0.9__teacher_ridge__seed_2,condition_recombine_pseudolabel,0.5,0.9,ridge,2,158,23,1.1455696202531647,True,0.8500000000000002,0.85,0.85,reaction_role_concat,6144,random_forest,False,valid,rmse,16.111355100795013,1,0.05,random,,
condition_recombine_pseudolabel__mult_0.5__sim_0.9__teacher_ridge__seed_2,condition_recombine_pseudolabel,0.5,0.9,ridge,2,158,23,1.1455696202531647,True,0.8500000000000002,0.85,0.85,reaction_role_concat,6144,random_forest,False,valid,mae,12.356266285674481,1,0.05,random,,
condition_recombine_pseudolabel__mult_0.5__sim_0.9__teacher_ridge__seed_2,condition_recombine_pseudolabel,0.5,0.9,ridge,2,158,23,1.1455696202531647,True,0.8500000000000002,0.85,0.85,reaction_role_concat,6144,random_forest,False,valid,r2,0.6751551141662733,1,0.05,random,,
condition_recombine_pseudolabel__mult_0.5__sim_0.9__teacher_ridge__seed_2,condition_recombine_pseudolabel,0.5,0.9,ridge,2,158,23,1.1455696202531647,True,0.8500000000000002,0.85,0.85,reaction_role_concat,6144,random_forest,False,valid,spearman,0.846548615326188,1,0.05,random,,
condition_recombine_pseudolabel__mult_0.5__sim_0.9__teacher_ridge__seed_3,condition_recombine_pseudolabel,0.5,0.9,ridge,3,158,26,1.1645569620253164,True,0.8500000000000001,0.85,0.85,reaction_role_concat,6144,random_forest,False,valid,rmse,16.16721985110335,1,0.05,random,,
condition_recombine_pseudolabel__mult_0.5__sim_0.9__teacher_ridge__seed_3,condition_recombine_pseudolabel,0.5,0.9,ridge,3,158,26,1.1645569620253164,True,0.8500000000000001,0.85,0.85,reaction_role_concat,6144,random_forest,False,valid,mae,12.32468828867206,1,0.05,random,,
condition_recombine_pseudolabel__mult_0.5__sim_0.9__teacher_ridge__seed_3,condition_recombine_pseudolabel,0.5,0.9,ridge,3,158,26,1.1645569620253164,True,0.8500000000000001,0.85,0.85,reaction_role_concat,6144,random_forest,False,valid,r2,0.6728984646707918,1,0.05,random,,
condition_recombine_pseudolabel__mult_0.5__sim_0.9__teacher_ridge__seed_3,condition_recombine_pseudolabel,0.5,0.9,ridge,3,158,26,1.1645569620253164,True,0.8500000000000001,0.85,0.85,reaction_role_concat,6144,random_forest,False,valid,spearman,0.841900114448137,1,0.05,random,,
condition_recombine_pseudolabel__mult_0.5__sim_0.9__teacher_ridge__seed_4,condition_recombine_pseudolabel,0.5,0.9,ridge,4,158,16,1.1012658227848102,True,0.85,0.85,0.85,reaction_role_concat,6144,random_forest,False,valid,rmse,16.06878842764536,1,0.05,random,,
condition_recombine_pseudolabel__mult_0.5__sim_0.9__teacher_ridge__seed_4,condition_recombine_pseudolabel,0.5,0.9,ridge,4,158,16,1.1012658227848102,True,0.85,0.85,0.85,reaction_role_concat,6144,random_forest,False,valid,mae,12.270227241034748,1,0.05,random,,
condition_recombine_pseudolabel__mult_0.5__sim_0.9__teacher_ridge__seed_4,condition_recombine_pseudolabel,0.5,0.9,ridge,4,158,16,1.1012658227848102,True,0.85,0.85,0.85,reaction_role_concat,6144,random_forest,False,valid,r2,0.6768693460946831,1,0.05,random,,
condition_recombine_pseudolabel__mult_0.5__sim_0.9__teacher_ridge__seed_4,condition_recombine_pseudolabel,0.5,0.9,ridge,4,158,16,1.1012658227848102,True,0.85,0.85,0.85,reaction_role_concat,6144,random_forest,False,valid,spearman,0.8461617352543676,1,0.05,random,,
condition_recombine_pseudolabel__mult_0.5__sim_0.9__teacher_rf__seed_0,condition_recombine_pseudolabel,0.5,0.9,random_forest,0,158,24,1.1518987341772151,True,0.85,0.85,0.85,reaction_role_concat,6144,random_forest,False,valid,rmse,15.989733636791858,1,0.05,random,,
condition_recombine_pseudolabel__mult_0.5__sim_0.9__teacher_rf__seed_0,condition_recombine_pseudolabel,0.5,0.9,random_forest,0,158,24,1.1518987341772151,True,0.85,0.85,0.85,reaction_role_concat,6144,random_forest,False,valid,mae,11.952133742000486,1,0.05,random,,
condition_recombine_pseudolabel__mult_0.5__sim_0.9__teacher_rf__seed_0,condition_recombine_pseudolabel,0.5,0.9,random_forest,0,158,24,1.1518987341772151,True,0.85,0.85,0.85,reaction_role_concat,6144,random_forest,False,valid,r2,0.6800409838958539,1,0.05,random,,
condition_recombine_pseudolabel__mult_0.5__sim_0.9__teacher_rf__seed_0,condition_recombine_pseudolabel,0.5,0.9,random_forest,0,158,24,1.1518987341772151,True,0.85,0.85,0.85,reaction_role_concat,6144,random_forest,False,valid,spearman,0.8439612026938338,1,0.05,random,,
condition_recombine_pseudolabel__mult_0.5__sim_0.9__teacher_rf__seed_1,condition_recombine_pseudolabel,0.5,0.9,random_forest,1,158,22,1.139240506329114,True,0.8500000000000001,0.85,0.85,reaction_role_concat,6144,random_forest,False,valid,rmse,16.327987842080365,1,0.05,random,,
condition_recombine_pseudolabel__mult_0.5__sim_0.9__teacher_rf__seed_1,condition_recombine_pseudolabel,0.5,0.9,random_forest,1,158,22,1.139240506329114,True,0.8500000000000001,0.85,0.85,reaction_role_concat,6144,random_forest,False,valid,mae,12.299438838441162,1,0.05,random,,
condition_recombine_pseudolabel__mult_0.5__sim_0.9__teacher_rf__seed_1,condition_recombine_pseudolabel,0.5,0.9,random_forest,1,158,22,1.139240506329114,True,0.8500000000000001,0.85,0.85,reaction_role_concat,6144,random_forest,False,valid,r2,0.6663606772363344,1,0.05,random,,
condition_recombine_pseudolabel__mult_0.5__sim_0.9__teacher_rf__seed_1,condition_recombine_pseudolabel,0.5,0.9,random_forest,1,158,22,1.139240506329114,True,0.8500000000000001,0.85,0.85,reaction_role_concat,6144,random_forest,False,valid,spearman,0.8383231535424781,1,0.05,random,,
condition_recombine_pseudolabel__mult_0.5__sim_0.9__teacher_rf__seed_2,condition_recombine_pseudolabel,0.5,0.9,random_forest,2,158,23,1.1455696202531647,True,0.8500000000000002,0.85,0.85,reaction_role_concat,6144,random_forest,False,valid,rmse,16.549680576685184,1,0.05,random,,
condition_recombine_pseudolabel__mult_0.5__sim_0.9__teacher_rf__seed_2,condition_recombine_pseudolabel,0.5,0.9,random_forest,2,158,23,1.1455696202531647,True,0.8500000000000002,0.85,0.85,reaction_role_concat,6144,random_forest,False,valid,mae,12.271543885329102,1,0.05,random,,
condition_recombine_pseudolabel__mult_0.5__sim_0.9__teacher_rf__seed_2,condition_recombine_pseudolabel,0.5,0.9,random_forest,2,158,23,1.1455696202531647,True,0.8500000000000002,0.85,0.85,reaction_role_concat,6144,random_forest,False,valid,r2,0.6572392170686692,1,0.05,random,,
condition_recombine_pseudolabel__mult_0.5__sim_0.9__teacher_rf__seed_2,condition_recombine_pseudolabel,0.5,0.9,random_forest,2,158,23,1.1455696202531647,True,0.8500000000000002,0.85,0.85,reaction_role_concat,6144,random_forest,False,valid,spearman,0.8327972830578066,1,0.05,random,,
condition_recombine_pseudolabel__mult_0.5__sim_0.9__teacher_rf__seed_3,condition_recombine_pseudolabel,0.5,0.9,random_forest,3,158,26,1.1645569620253164,True,0.8500000000000001,0.85,0.85,reaction_role_concat,6144,random_forest,False,valid,rmse,16.15237950755426,1,0.05,random,,
condition_recombine_pseudolabel__mult_0.5__sim_0.9__teacher_rf__seed_3,condition_recombine_pseudolabel,0.5,0.9,random_forest,3,158,26,1.1645569620253164,True,0.8500000000000001,0.85,0.85,reaction_role_concat,6144,random_forest,False,valid,mae,12.142549229688283,1,0.05,random,,
condition_recombine_pseudolabel__mult_0.5__sim_0.9__teacher_rf__seed_3,condition_recombine_pseudolabel,0.5,0.9,random_forest,3,158,26,1.1645569620253164,True,0.8500000000000001,0.85,0.85,reaction_role_concat,6144,random_forest,False,valid,r2,0.6734987003644833,1,0.05,random,,
condition_recombine_pseudolabel__mult_0.5__sim_0.9__teacher_rf__seed_3,condition_recombine_pseudolabel,0.5,0.9,random_forest,3,158,26,1.1645569620253164,True,0.8500000000000001,0.85,0.85,reaction_role_concat,6144,random_forest,False,valid,spearman,0.8418793730800783,1,0.05,random,,
condition_recombine_pseudolabel__mult_0.5__sim_0.9__teacher_rf__seed_4,condition_recombine_pseudolabel,0.5,0.9,random_forest,4,158,16,1.1012658227848102,True,0.85,0.85,0.85,reaction_role_concat,6144,random_forest,False,valid,rmse,16.02848104656332,1,0.05,random,,
condition_recombine_pseudolabel__mult_0.5__sim_0.9__teacher_rf__seed_4,condition_recombine_pseudolabel,0.5,0.9,random_forest,4,158,16,1.1012658227848102,True,0.85,0.85,0.85,reaction_role_concat,6144,random_forest,False,valid,mae,12.108697328558451,1,0.05,random,,
condition_recombine_pseudolabel__mult_0.5__sim_0.9__teacher_rf__seed_4,condition_recombine_pseudolabel,0.5,0.9,random_forest,4,158,16,1.1012658227848102,True,0.85,0.85,0.85,reaction_role_concat,6144,random_forest,False,valid,r2,0.6784884121367245,1,0.05,random,,
condition_recombine_pseudolabel__mult_0.5__sim_0.9__teacher_rf__seed_4,condition_recombine_pseudolabel,0.5,0.9,random_forest,4,158,16,1.1012658227848102,True,0.85,0.85,0.85,reaction_role_concat,6144,random_forest,False,valid,spearman,0.8489201424515636,1,0.05,random,,
condition_recombine_pseudolabel__mult_0.5__sim_0.95__teacher_ridge__seed_0,condition_recombine_pseudolabel,0.5,0.95,ridge,0,158,0,1.0,True,,,,reaction_role_concat,6144,random_forest,False,valid,rmse,16.074816518459752,1,0.05,random,,
condition_recombine_pseudolabel__mult_0.5__sim_0.95__teacher_ridge__seed_0,condition_recombine_pseudolabel,0.5,0.95,ridge,0,158,0,1.0,True,,,,reaction_role_concat,6144,random_forest,False,valid,mae,12.086281774744203,1,0.05,random,,
condition_recombine_pseudolabel__mult_0.5__sim_0.95__teacher_ridge__seed_0,condition_recombine_pseudolabel,0.5,0.95,ridge,0,158,0,1.0,True,,,,reaction_role_concat,6144,random_forest,False,valid,r2,0.6766268603219118,1,0.05,random,,
condition_recombine_pseudolabel__mult_0.5__sim_0.95__teacher_ridge__seed_0,condition_recombine_pseudolabel,0.5,0.95,ridge,0,158,0,1.0,True,,,,reaction_role_concat,6144,random_forest,False,valid,spearman,0.8448850212796283,1,0.05,random,,
condition_recombine_pseudolabel__mult_0.5__sim_0.95__teacher_ridge__seed_1,condition_recombine_pseudolabel,0.5,0.95,ridge,1,158,0,1.0,True,,,,reaction_role_concat,6144,random_forest,False,valid,rmse,16.074816518459752,1,0.05,random,,
condition_recombine_pseudolabel__mult_0.5__sim_0.95__teacher_ridge__seed_1,condition_recombine_pseudolabel,0.5,0.95,ridge,1,158,0,1.0,True,,,,reaction_role_concat,6144,random_forest,False,valid,mae,12.086281774744203,1,0.05,random,,
condition_recombine_pseudolabel__mult_0.5__sim_0.95__teacher_ridge__seed_1,condition_recombine_pseudolabel,0.5,0.95,ridge,1,158,0,1.0,True,,,,reaction_role_concat,6144,random_forest,False,valid,r2,0.6766268603219118,1,0.05,random,,
condition_recombine_pseudolabel__mult_0.5__sim_0.95__teacher_ridge__seed_1,condition_recombine_pseudolabel,0.5,0.95,ridge,1,158,0,1.0,True,,,,reaction_role_concat,6144,random_forest,False,valid,spearman,0.8448850212796283,1,0.05,random,,
condition_recombine_pseudolabel__mult_0.5__sim_0.95__teacher_ridge__seed_2,condition_recombine_pseudolabel,0.5,0.95,ridge,2,158,0,1.0,True,,,,reaction_role_concat,6144,random_forest,False,valid,rmse,16.074816518459752,1,0.05,random,,
condition_recombine_pseudolabel__mult_0.5__sim_0.95__teacher_ridge__seed_2,condition_recombine_pseudolabel,0.5,0.95,ridge,2,158,0,1.0,True,,,,reaction_role_concat,6144,random_forest,False,valid,mae,12.086281774744203,1,0.05,random,,
condition_recombine_pseudolabel__mult_0.5__sim_0.95__teacher_ridge__seed_2,condition_recombine_pseudolabel,0.5,0.95,ridge,2,158,0,1.0,True,,,,reaction_role_concat,6144,random_forest,False,valid,r2,0.6766268603219118,1,0.05,random,,
condition_recombine_pseudolabel__mult_0.5__sim_0.95__teacher_ridge__seed_2,condition_recombine_pseudolabel,0.5,0.95,ridge,2,158,0,1.0,True,,,,reaction_role_concat,6144,random_forest,False,valid,spearman,0.8448850212796283,1,0.05,random,,
condition_recombine_pseudolabel__mult_0.5__sim_0.95__teacher_ridge__seed_3,condition_recombine_pseudolabel,0.5,0.95,ridge,3,158,0,1.0,True,,,,reaction_role_concat,6144,random_forest,False,valid,rmse,16.074816518459752,1,0.05,random,,
condition_recombine_pseudolabel__mult_0.5__sim_0.95__teacher_ridge__seed_3,condition_recombine_pseudolabel,0.5,0.95,ridge,3,158,0,1.0,True,,,,reaction_role_concat,6144,random_forest,False,valid,mae,12.086281774744203,1,0.05,random,,
condition_recombine_pseudolabel__mult_0.5__sim_0.95__teacher_ridge__seed_3,condition_recombine_pseudolabel,0.5,0.95,ridge,3,158,0,1.0,True,,,,reaction_role_concat,6144,random_forest,False,valid,r2,0.6766268603219118,1,0.05,random,,
condition_recombine_pseudolabel__mult_0.5__sim_0.95__teacher_ridge__seed_3,condition_recombine_pseudolabel,0.5,0.95,ridge,3,158,0,1.0,True,,,,reaction_role_concat,6144,random_forest,False,valid,spearman,0.8448850212796283,1,0.05,random,,
condition_recombine_pseudolabel__mult_0.5__sim_0.95__teacher_ridge__seed_4,condition_recombine_pseudolabel,0.5,0.95,ridge,4,158,0,1.0,True,,,,reaction_role_concat,6144,random_forest,False,valid,rmse,16.074816518459752,1,0.05,random,,
condition_recombine_pseudolabel__mult_0.5__sim_0.95__teacher_ridge__seed_4,condition_recombine_pseudolabel,0.5,0.95,ridge,4,158,0,1.0,True,,,,reaction_role_concat,6144,random_forest,False,valid,mae,12.086281774744203,1,0.05,random,,
condition_recombine_pseudolabel__mult_0.5__sim_0.95__teacher_ridge__seed_4,condition_recombine_pseudolabel,0.5,0.95,ridge,4,158,0,1.0,True,,,,reaction_role_concat,6144,random_forest,False,valid,r2,0.6766268603219118,1,0.05,random,,
condition_recombine_pseudolabel__mult_0.5__sim_0.95__teacher_ridge__seed_4,condition_recombine_pseudolabel,0.5,0.95,ridge,4,158,0,1.0,True,,,,reaction_role_concat,6144,random_forest,False,valid,spearman,0.8448850212796283,1,0.05,random,,
condition_recombine_pseudolabel__mult_0.5__sim_0.95__teacher_rf__seed_0,condition_recombine_pseudolabel,0.5,0.95,random_forest,0,158,0,1.0,True,,,,reaction_role_concat,6144,random_forest,False,valid,rmse,16.074816518459752,1,0.05,random,,
condition_recombine_pseudolabel__mult_0.5__sim_0.95__teacher_rf__seed_0,condition_recombine_pseudolabel,0.5,0.95,random_forest,0,158,0,1.0,True,,,,reaction_role_concat,6144,random_forest,False,valid,mae,12.086281774744203,1,0.05,random,,
condition_recombine_pseudolabel__mult_0.5__sim_0.95__teacher_rf__seed_0,condition_recombine_pseudolabel,0.5,0.95,random_forest,0,158,0,1.0,True,,,,reaction_role_concat,6144,random_forest,False,valid,r2,0.6766268603219118,1,0.05,random,,
condition_recombine_pseudolabel__mult_0.5__sim_0.95__teacher_rf__seed_0,condition_recombine_pseudolabel,0.5,0.95,random_forest,0,158,0,1.0,True,,,,reaction_role_concat,6144,random_forest,False,valid,spearman,0.8448850212796283,1,0.05,random,,
condition_recombine_pseudolabel__mult_0.5__sim_0.95__teacher_rf__seed_1,condition_recombine_pseudolabel,0.5,0.95,random_forest,1,158,0,1.0,True,,,,reaction_role_concat,6144,random_forest,False,valid,rmse,16.074816518459752,1,0.05,random,,
condition_recombine_pseudolabel__mult_0.5__sim_0.95__teacher_rf__seed_1,condition_recombine_pseudolabel,0.5,0.95,random_forest,1,158,0,1.0,True,,,,reaction_role_concat,6144,random_forest,False,valid,mae,12.086281774744203,1,0.05,random,,
condition_recombine_pseudolabel__mult_0.5__sim_0.95__teacher_rf__seed_1,condition_recombine_pseudolabel,0.5,0.95,random_forest,1,158,0,1.0,True,,,,reaction_role_concat,6144,random_forest,False,valid,r2,0.6766268603219118,1,0.05,random,,
condition_recombine_pseudolabel__mult_0.5__sim_0.95__teacher_rf__seed_1,condition_recombine_pseudolabel,0.5,0.95,random_forest,1,158,0,1.0,True,,,,reaction_role_concat,6144,random_forest,False,valid,spearman,0.8448850212796283,1,0.05,random,,
condition_recombine_pseudolabel__mult_0.5__sim_0.95__teacher_rf__seed_2,condition_recombine_pseudolabel,0.5,0.95,random_forest,2,158,0,1.0,True,,,,reaction_role_concat,6144,random_forest,False,valid,rmse,16.074816518459752,1,0.05,random,,
condition_recombine_pseudolabel__mult_0.5__sim_0.95__teacher_rf__seed_2,condition_recombine_pseudolabel,0.5,0.95,random_forest,2,158,0,1.0,True,,,,reaction_role_concat,6144,random_forest,False,valid,mae,12.086281774744203,1,0.05,random,,
condition_recombine_pseudolabel__mult_0.5__sim_0.95__teacher_rf__seed_2,condition_recombine_pseudolabel,0.5,0.95,random_forest,2,158,0,1.0,True,,,,reaction_role_concat,6144,random_forest,False,valid,r2,0.6766268603219118,1,0.05,random,,
condition_recombine_pseudolabel__mult_0.5__sim_0.95__teacher_rf__seed_2,condition_recombine_pseudolabel,0.5,0.95,random_forest,2,158,0,1.0,True,,,,reaction_role_concat,6144,random_forest,False,valid,spearman,0.8448850212796283,1,0.05,random,,
condition_recombine_pseudolabel__mult_0.5__sim_0.95__teacher_rf__seed_3,condition_recombine_pseudolabel,0.5,0.95,random_forest,3,158,0,1.0,True,,,,reaction_role_concat,6144,random_forest,False,valid,rmse,16.074816518459752,1,0.05,random,,
condition_recombine_pseudolabel__mult_0.5__sim_0.95__teacher_rf__seed_3,condition_recombine_pseudolabel,0.5,0.95,random_forest,3,158,0,1.0,True,,,,reaction_role_concat,6144,random_forest,False,valid,mae,12.086281774744203,1,0.05,random,,
condition_recombine_pseudolabel__mult_0.5__sim_0.95__teacher_rf__seed_3,condition_recombine_pseudolabel,0.5,0.95,random_forest,3,158,0,1.0,True,,,,reaction_role_concat,6144,random_forest,False,valid,r2,0.6766268603219118,1,0.05,random,,
condition_recombine_pseudolabel__mult_0.5__sim_0.95__teacher_rf__seed_3,condition_recombine_pseudolabel,0.5,0.95,random_forest,3,158,0,1.0,True,,,,reaction_role_concat,6144,random_forest,False,valid,spearman,0.8448850212796283,1,0.05,random,,
condition_recombine_pseudolabel__mult_0.5__sim_0.95__teacher_rf__seed_4,condition_recombine_pseudolabel,0.5,0.95,random_forest,4,158,0,1.0,True,,,,reaction_role_concat,6144,random_forest,False,valid,rmse,16.074816518459752,1,0.05,random,,
condition_recombine_pseudolabel__mult_0.5__sim_0.95__teacher_rf__seed_4,condition_recombine_pseudolabel,0.5,0.95,random_forest,4,158,0,1.0,True,,,,reaction_role_concat,6144,random_forest,False,valid,mae,12.086281774744203,1,0.05,random,,
condition_recombine_pseudolabel__mult_0.5__sim_0.95__teacher_rf__seed_4,condition_recombine_pseudolabel,0.5,0.95,random_forest,4,158,0,1.0,True,,,,reaction_role_concat,6144,random_forest,False,valid,r2,0.6766268603219118,1,0.05,random,,
condition_recombine_pseudolabel__mult_0.5__sim_0.95__teacher_rf__seed_4,condition_recombine_pseudolabel,0.5,0.95,random_forest,4,158,0,1.0,True,,,,reaction_role_concat,6144,random_forest,False,valid,spearman,0.8448850212796283,1,0.05,random,,
condition_recombine_pseudolabel__mult_1__sim_0.7__teacher_ridge__seed_0,condition_recombine_pseudolabel,1.0,0.7,ridge,0,158,158,2.0,True,0.8350649273848231,0.7412587404251099,0.85,reaction_role_concat,6144,random_forest,False,valid,rmse,16.235057346985943,1,0.05,random,,
condition_recombine_pseudolabel__mult_1__sim_0.7__teacher_ridge__seed_0,condition_recombine_pseudolabel,1.0,0.7,ridge,0,158,158,2.0,True,0.8350649273848231,0.7412587404251099,0.85,reaction_role_concat,6144,random_forest,False,valid,mae,12.674673701367801,1,0.05,random,,
condition_recombine_pseudolabel__mult_1__sim_0.7__teacher_ridge__seed_0,condition_recombine_pseudolabel,1.0,0.7,ridge,0,158,158,2.0,True,0.8350649273848231,0.7412587404251099,0.85,reaction_role_concat,6144,random_forest,False,valid,r2,0.6701476759457609,1,0.05,random,,
condition_recombine_pseudolabel__mult_1__sim_0.7__teacher_ridge__seed_0,condition_recombine_pseudolabel,1.0,0.7,ridge,0,158,158,2.0,True,0.8350649273848231,0.7412587404251099,0.85,reaction_role_concat,6144,random_forest,False,valid,spearman,0.844725127728677,1,0.05,random,,
condition_recombine_pseudolabel__mult_1__sim_0.7__teacher_ridge__seed_1,condition_recombine_pseudolabel,1.0,0.7,ridge,1,158,158,2.0,True,0.8353760091564322,0.7421383857727051,0.85,reaction_role_concat,6144,random_forest,False,valid,rmse,17.08631846248546,1,0.05,random,,
condition_recombine_pseudolabel__mult_1__sim_0.7__teacher_ridge__seed_1,condition_recombine_pseudolabel,1.0,0.7,ridge,1,158,158,2.0,True,0.8353760091564322,0.7421383857727051,0.85,reaction_role_concat,6144,random_forest,False,valid,mae,13.356871991168097,1,0.05,random,,
condition_recombine_pseudolabel__mult_1__sim_0.7__teacher_ridge__seed_1,condition_recombine_pseudolabel,1.0,0.7,ridge,1,158,158,2.0,True,0.8353760091564322,0.7421383857727051,0.85,reaction_role_concat,6144,random_forest,False,valid,r2,0.6346501884494499,1,0.05,random,,
condition_recombine_pseudolabel__mult_1__sim_0.7__teacher_ridge__seed_1,condition_recombine_pseudolabel,1.0,0.7,ridge,1,158,158,2.0,True,0.8353760091564322,0.7421383857727051,0.85,reaction_role_concat,6144,random_forest,False,valid,spearman,0.8340210237732781,1,0.05,random,,
condition_recombine_pseudolabel__mult_1__sim_0.7__teacher_ridge__seed_2,condition_recombine_pseudolabel,1.0,0.7,ridge,2,158,158,2.0,True,0.8341221901434885,0.7615894079208374,0.85,reaction_role_concat,6144,random_forest,False,valid,rmse,16.332233598719927,1,0.05,random,,
condition_recombine_pseudolabel__mult_1__sim_0.7__teacher_ridge__seed_2,condition_recombine_pseudolabel,1.0,0.7,ridge,2,158,158,2.0,True,0.8341221901434885,0.7615894079208374,0.85,reaction_role_concat,6144,random_forest,False,valid,mae,12.789854790879202,1,0.05,random,,
condition_recombine_pseudolabel__mult_1__sim_0.7__teacher_ridge__seed_2,condition_recombine_pseudolabel,1.0,0.7,ridge,2,158,158,2.0,True,0.8341221901434885,0.7615894079208374,0.85,reaction_role_concat,6144,random_forest,False,valid,r2,0.6661871426212875,1,0.05,random,,
condition_recombine_pseudolabel__mult_1__sim_0.7__teacher_ridge__seed_2,condition_recombine_pseudolabel,1.0,0.7,ridge,2,158,158,2.0,True,0.8341221901434885,0.7615894079208374,0.85,reaction_role_concat,6144,random_forest,False,valid,spearman,0.847061404266084,1,0.05,random,,
condition_recombine_pseudolabel__mult_1__sim_0.7__teacher_ridge__seed_3,condition_recombine_pseudolabel,1.0,0.7,ridge,3,158,158,2.0,True,0.8339948728114741,0.7607361674308777,0.85,reaction_role_concat,6144,random_forest,False,valid,rmse,16.60206138067868,1,0.05,random,,
condition_recombine_pseudolabel__mult_1__sim_0.7__teacher_ridge__seed_3,condition_recombine_pseudolabel,1.0,0.7,ridge,3,158,158,2.0,True,0.8339948728114741,0.7607361674308777,0.85,reaction_role_concat,6144,random_forest,False,valid,mae,13.144994210798528,1,0.05,random,,
condition_recombine_pseudolabel__mult_1__sim_0.7__teacher_ridge__seed_3,condition_recombine_pseudolabel,1.0,0.7,ridge,3,158,158,2.0,True,0.8339948728114741,0.7607361674308777,0.85,reaction_role_concat,6144,random_forest,False,valid,r2,0.6550660635480492,1,0.05,random,,
condition_recombine_pseudolabel__mult_1__sim_0.7__teacher_ridge__seed_3,condition_recombine_pseudolabel,1.0,0.7,ridge,3,158,158,2.0,True,0.8339948728114741,0.7607361674308777,0.85,reaction_role_concat,6144,random_forest,False,valid,spearman,0.8409987900220683,1,0.05,random,,
condition_recombine_pseudolabel__mult_1__sim_0.7__teacher_ridge__seed_4,condition_recombine_pseudolabel,1.0,0.7,ridge,4,158,158,2.0,True,0.8334867900685418,0.7569444179534912,0.85,reaction_role_concat,6144,random_forest,False,valid,rmse,16.257395241248286,1,0.05,random,,
condition_recombine_pseudolabel__mult_1__sim_0.7__teacher_ridge__seed_4,condition_recombine_pseudolabel,1.0,0.7,ridge,4,158,158,2.0,True,0.8334867900685418,0.7569444179534912,0.85,reaction_role_concat,6144,random_forest,False,valid,mae,12.841007073520105,1,0.05,random,,
condition_recombine_pseudolabel__mult_1__sim_0.7__teacher_ridge__seed_4,condition_recombine_pseudolabel,1.0,0.7,ridge,4,158,158,2.0,True,0.8334867900685418,0.7569444179534912,0.85,reaction_role_concat,6144,random_forest,False,valid,r2,0.669239360667931,1,0.05,random,,
condition_recombine_pseudolabel__mult_1__sim_0.7__teacher_ridge__seed_4,condition_recombine_pseudolabel,1.0,0.7,ridge,4,158,158,2.0,True,0.8334867900685418,0.7569444179534912,0.85,reaction_role_concat,6144,random_forest,False,valid,spearman,0.8566414818763973,1,0.05,random,,
condition_recombine_pseudolabel__mult_1__sim_0.7__teacher_rf__seed_0,condition_recombine_pseudolabel,1.0,0.7,random_forest,0,158,158,2.0,True,0.8350649273848231,0.7412587404251099,0.85,reaction_role_concat,6144,random_forest,False,valid,rmse,16.434069892385654,1,0.05,random,,
condition_recombine_pseudolabel__mult_1__sim_0.7__teacher_rf__seed_0,condition_recombine_pseudolabel,1.0,0.7,random_forest,0,158,158,2.0,True,0.8350649273848231,0.7412587404251099,0.85,reaction_role_concat,6144,random_forest,False,valid,mae,12.311179385494583,1,0.05,random,,
condition_recombine_pseudolabel__mult_1__sim_0.7__teacher_rf__seed_0,condition_recombine_pseudolabel,1.0,0.7,random_forest,0,158,158,2.0,True,0.8350649273848231,0.7412587404251099,0.85,reaction_role_concat,6144,random_forest,False,valid,r2,0.6620113210964305,1,0.05,random,,
condition_recombine_pseudolabel__mult_1__sim_0.7__teacher_rf__seed_0,condition_recombine_pseudolabel,1.0,0.7,random_forest,0,158,158,2.0,True,0.8350649273848231,0.7412587404251099,0.85,reaction_role_concat,6144,random_forest,False,valid,spearman,0.8358017627295787,1,0.05,random,,
condition_recombine_pseudolabel__mult_1__sim_0.7__teacher_rf__seed_1,condition_recombine_pseudolabel,1.0,0.7,random_forest,1,158,158,2.0,True,0.8353760091564322,0.7421383857727051,0.85,reaction_role_concat,6144,random_forest,False,valid,rmse,16.988864268857792,1,0.05,random,,
condition_recombine_pseudolabel__mult_1__sim_0.7__teacher_rf__seed_1,condition_recombine_pseudolabel,1.0,0.7,random_forest,1,158,158,2.0,True,0.8353760091564322,0.7421383857727051,0.85,reaction_role_concat,6144,random_forest,False,valid,mae,12.515429596166065,1,0.05,random,,
condition_recombine_pseudolabel__mult_1__sim_0.7__teacher_rf__seed_1,condition_recombine_pseudolabel,1.0,0.7,random_forest,1,158,158,2.0,True,0.8353760091564322,0.7421383857727051,0.85,reaction_role_concat,6144,random_forest,False,valid,r2,0.6388059499948169,1,0.05,random,,
condition_recombine_pseudolabel__mult_1__sim_0.7__teacher_rf__seed_1,condition_recombine_pseudolabel,1.0,0.7,random_forest,1,158,158,2.0,True,0.8353760091564322,0.7421383857727051,0.85,reaction_role_concat,6144,random_forest,False,valid,spearman,0.8242001320633896,1,0.05,random,,
condition_recombine_pseudolabel__mult_1__sim_0.7__teacher_rf__seed_2,condition_recombine_pseudolabel,1.0,0.7,random_forest,2,158,158,2.0,True,0.8341221901434885,0.7615894079208374,0.85,reaction_role_concat,6144,random_forest,False,valid,rmse,16.91021480615215,1,0.05,random,,
condition_recombine_pseudolabel__mult_1__sim_0.7__teacher_rf__seed_2,condition_recombine_pseudolabel,1.0,0.7,random_forest,2,158,158,2.0,True,0.8341221901434885,0.7615894079208374,0.85,reaction_role_concat,6144,random_forest,False,valid,mae,12.559253861505772,1,0.05,random,,
condition_recombine_pseudolabel__mult_1__sim_0.7__teacher_rf__seed_2,condition_recombine_pseudolabel,1.0,0.7,random_forest,2,158,158,2.0,True,0.8341221901434885,0.7615894079208374,0.85,reaction_role_concat,6144,random_forest,False,valid,r2,0.6421424839922294,1,0.05,random,,
condition_recombine_pseudolabel__mult_1__sim_0.7__teacher_rf__seed_2,condition_recombine_pseudolabel,1.0,0.7,random_forest,2,158,158,2.0,True,0.8341221901434885,0.7615894079208374,0.85,reaction_role_concat,6144,random_forest,False,valid,spearman,0.8255389727649906,1,0.05,random,,
condition_recombine_pseudolabel__mult_1__sim_0.7__teacher_rf__seed_3,condition_recombine_pseudolabel,1.0,0.7,random_forest,3,158,158,2.0,True,0.8339948728114741,0.7607361674308777,0.85,reaction_role_concat,6144,random_forest,False,valid,rmse,16.678348177426273,1,0.05,random,,
condition_recombine_pseudolabel__mult_1__sim_0.7__teacher_rf__seed_3,condition_recombine_pseudolabel,1.0,0.7,random_forest,3,158,158,2.0,True,0.8339948728114741,0.7607361674308777,0.85,reaction_role_concat,6144,random_forest,False,valid,mae,12.545170822934258,1,0.05,random,,
condition_recombine_pseudolabel__mult_1__sim_0.7__teacher_rf__seed_3,condition_recombine_pseudolabel,1.0,0.7,random_forest,3,158,158,2.0,True,0.8339948728114741,0.7607361674308777,0.85,reaction_role_concat,6144,random_forest,False,valid,r2,0.6518888241738536,1,0.05,random,,
condition_recombine_pseudolabel__mult_1__sim_0.7__teacher_rf__seed_3,condition_recombine_pseudolabel,1.0,0.7,random_forest,3,158,158,2.0,True,0.8339948728114741,0.7607361674308777,0.85,reaction_role_concat,6144,random_forest,False,valid,spearman,0.830838830501941,1,0.05,random,,
condition_recombine_pseudolabel__mult_1__sim_0.7__teacher_rf__seed_4,condition_recombine_pseudolabel,1.0,0.7,random_forest,4,158,158,2.0,True,0.8334867900685418,0.7569444179534912,0.85,reaction_role_concat,6144,random_forest,False,valid,rmse,16.479773517042908,1,0.05,random,,
condition_recombine_pseudolabel__mult_1__sim_0.7__teacher_rf__seed_4,condition_recombine_pseudolabel,1.0,0.7,random_forest,4,158,158,2.0,True,0.8334867900685418,0.7569444179534912,0.85,reaction_role_concat,6144,random_forest,False,valid,mae,12.308210578625713,1,0.05,random,,
condition_recombine_pseudolabel__mult_1__sim_0.7__teacher_rf__seed_4,condition_recombine_pseudolabel,1.0,0.7,random_forest,4,158,158,2.0,True,0.8334867900685418,0.7569444179534912,0.85,reaction_role_concat,6144,random_forest,False,valid,r2,0.660128794427683,1,0.05,random,,
condition_recombine_pseudolabel__mult_1__sim_0.7__teacher_rf__seed_4,condition_recombine_pseudolabel,1.0,0.7,random_forest,4,158,158,2.0,True,0.8334867900685418,0.7569444179534912,0.85,reaction_role_concat,6144,random_forest,False,valid,spearman,0.8332560275879719,1,0.05,random,,
condition_recombine_pseudolabel__mult_1__sim_0.8__teacher_ridge__seed_0,condition_recombine_pseudolabel,1.0,0.8,ridge,0,158,141,1.8924050632911393,True,0.8421810630365465,0.8039215803146362,0.85,reaction_role_concat,6144,random_forest,False,valid,rmse,16.152663650211355,1,0.05,random,,
condition_recombine_pseudolabel__mult_1__sim_0.8__teacher_ridge__seed_0,condition_recombine_pseudolabel,1.0,0.8,ridge,0,158,141,1.8924050632911393,True,0.8421810630365465,0.8039215803146362,0.85,reaction_role_concat,6144,random_forest,False,valid,mae,12.677992695858208,1,0.05,random,,
condition_recombine_pseudolabel__mult_1__sim_0.8__teacher_ridge__seed_0,condition_recombine_pseudolabel,1.0,0.8,ridge,0,158,141,1.8924050632911393,True,0.8421810630365465,0.8039215803146362,0.85,reaction_role_concat,6144,random_forest,False,valid,r2,0.6734872130461249,1,0.05,random,,
condition_recombine_pseudolabel__mult_1__sim_0.8__teacher_ridge__seed_0,condition_recombine_pseudolabel,1.0,0.8,ridge,0,158,141,1.8924050632911393,True,0.8421810630365465,0.8039215803146362,0.85,reaction_role_concat,6144,random_forest,False,valid,spearman,0.840600322049783,1,0.05,random,,
condition_recombine_pseudolabel__mult_1__sim_0.8__teacher_ridge__seed_1,condition_recombine_pseudolabel,1.0,0.8,ridge,1,158,144,1.9113924050632911,True,0.8409947943356301,0.8025477528572083,0.85,reaction_role_concat,6144,random_forest,False,valid,rmse,16.81134371419264,1,0.05,random,,
condition_recombine_pseudolabel__mult_1__sim_0.8__teacher_ridge__seed_1,condition_recombine_pseudolabel,1.0,0.8,ridge,1,158,144,1.9113924050632911,True,0.8409947943356301,0.8025477528572083,0.85,reaction_role_concat,6144,random_forest,False,valid,mae,13.036495655550233,1,0.05,random,,
condition_recombine_pseudolabel__mult_1__sim_0.8__teacher_ridge__seed_1,condition_recombine_pseudolabel,1.0,0.8,ridge,1,158,144,1.9113924050632911,True,0.8409947943356301,0.8025477528572083,0.85,reaction_role_concat,6144,random_forest,False,valid,r2,0.6463149121088743,1,0.05,random,,
condition_recombine_pseudolabel__mult_1__sim_0.8__teacher_ridge__seed_1,condition_recombine_pseudolabel,1.0,0.8,ridge,1,158,144,1.9113924050632911,True,0.8409947943356301,0.8025477528572083,0.85,reaction_role_concat,6144,random_forest,False,valid,spearman,0.837170206134888,1,0.05,random,,
condition_recombine_pseudolabel__mult_1__sim_0.8__teacher_ridge__seed_2,condition_recombine_pseudolabel,1.0,0.8,ridge,2,158,142,1.8987341772151898,True,0.8400985331602498,0.800000011920929,0.85,reaction_role_concat,6144,random_forest,False,valid,rmse,16.73157680851402,1,0.05,random,,
condition_recombine_pseudolabel__mult_1__sim_0.8__teacher_ridge__seed_2,condition_recombine_pseudolabel,1.0,0.8,ridge,2,158,142,1.8987341772151898,True,0.8400985331602498,0.800000011920929,0.85,reaction_role_concat,6144,random_forest,False,valid,mae,12.902267206597934,1,0.05,random,,
condition_recombine_pseudolabel__mult_1__sim_0.8__teacher_ridge__seed_2,condition_recombine_pseudolabel,1.0,0.8,ridge,2,158,142,1.8987341772151898,True,0.8400985331602498,0.800000011920929,0.85,reaction_role_concat,6144,random_forest,False,valid,r2,0.6496632980723653,1,0.05,random,,
condition_recombine_pseudolabel__mult_1__sim_0.8__teacher_ridge__seed_2,condition_recombine_pseudolabel,1.0,0.8,ridge,2,158,142,1.8987341772151898,True,0.8400985331602498,0.800000011920929,0.85,reaction_role_concat,6144,random_forest,False,valid,spearman,0.8345023598404842,1,0.05,random,,
condition_recombine_pseudolabel__mult_1__sim_0.8__teacher_ridge__seed_3,condition_recombine_pseudolabel,1.0,0.8,ridge,3,158,137,1.8670886075949367,True,0.8418904684755923,0.800000011920929,0.85,reaction_role_concat,6144,random_forest,False,valid,rmse,16.835275066106846,1,0.05,random,,
condition_recombine_pseudolabel__mult_1__sim_0.8__teacher_ridge__seed_3,condition_recombine_pseudolabel,1.0,0.8,ridge,3,158,137,1.8670886075949367,True,0.8418904684755923,0.800000011920929,0.85,reaction_role_concat,6144,random_forest,False,valid,mae,13.29269330648984,1,0.05,random,,
condition_recombine_pseudolabel__mult_1__sim_0.8__teacher_ridge__seed_3,condition_recombine_pseudolabel,1.0,0.8,ridge,3,158,137,1.8670886075949367,True,0.8418904684755923,0.800000011920929,0.85,reaction_role_concat,6144,random_forest,False,valid,r2,0.6453072369440107,1,0.05,random,,
condition_recombine_pseudolabel__mult_1__sim_0.8__teacher_ridge__seed_3,condition_recombine_pseudolabel,1.0,0.8,ridge,3,158,137,1.8670886075949367,True,0.8418904684755923,0.800000011920929,0.85,reaction_role_concat,6144,random_forest,False,valid,spearman,0.8301281708583098,1,0.05,random,,
condition_recombine_pseudolabel__mult_1__sim_0.8__teacher_ridge__seed_4,condition_recombine_pseudolabel,1.0,0.8,ridge,4,158,141,1.8924050632911393,True,0.8395506658452622,0.8024691343307495,0.85,reaction_role_concat,6144,random_forest,False,valid,rmse,16.78411807368399,1,0.05,random,,
condition_recombine_pseudolabel__mult_1__sim_0.8__teacher_ridge__seed_4,condition_recombine_pseudolabel,1.0,0.8,ridge,4,158,141,1.8924050632911393,True,0.8395506658452622,0.8024691343307495,0.85,reaction_role_concat,6144,random_forest,False,valid,mae,13.17407555888876,1,0.05,random,,
condition_recombine_pseudolabel__mult_1__sim_0.8__teacher_ridge__seed_4,condition_recombine_pseudolabel,1.0,0.8,ridge,4,158,141,1.8924050632911393,True,0.8395506658452622,0.8024691343307495,0.85,reaction_role_concat,6144,random_forest,False,valid,r2,0.6474595565806439,1,0.05,random,,
condition_recombine_pseudolabel__mult_1__sim_0.8__teacher_ridge__seed_4,condition_recombine_pseudolabel,1.0,0.8,ridge,4,158,141,1.8924050632911393,True,0.8395506658452622,0.8024691343307495,0.85,reaction_role_concat,6144,random_forest,False,valid,spearman,0.8419710051333334,1,0.05,random,,
condition_recombine_pseudolabel__mult_1__sim_0.8__teacher_rf__seed_0,condition_recombine_pseudolabel,1.0,0.8,random_forest,0,158,141,1.8924050632911393,True,0.8421810630365465,0.8039215803146362,0.85,reaction_role_concat,6144,random_forest,False,valid,rmse,16.34092956873812,1,0.05,random,,
condition_recombine_pseudolabel__mult_1__sim_0.8__teacher_rf__seed_0,condition_recombine_pseudolabel,1.0,0.8,random_forest,0,158,141,1.8924050632911393,True,0.8421810630365465,0.8039215803146362,0.85,reaction_role_concat,6144,random_forest,False,valid,mae,12.19395369743999,1,0.05,random,,
condition_recombine_pseudolabel__mult_1__sim_0.8__teacher_rf__seed_0,condition_recombine_pseudolabel,1.0,0.8,random_forest,0,158,141,1.8924050632911393,True,0.8421810630365465,0.8039215803146362,0.85,reaction_role_concat,6144,random_forest,False,valid,r2,0.6658315758979046,1,0.05,random,,
condition_recombine_pseudolabel__mult_1__sim_0.8__teacher_rf__seed_0,condition_recombine_pseudolabel,1.0,0.8,random_forest,0,158,141,1.8924050632911393,True,0.8421810630365465,0.8039215803146362,0.85,reaction_role_concat,6144,random_forest,False,valid,spearman,0.8356694269587244,1,0.05,random,,
condition_recombine_pseudolabel__mult_1__sim_0.8__teacher_rf__seed_1,condition_recombine_pseudolabel,1.0,0.8,random_forest,1,158,144,1.9113924050632911,True,0.8409947943356301,0.8025477528572083,0.85,reaction_role_concat,6144,random_forest,False,valid,rmse,17.420932291306237,1,0.05,random,,
condition_recombine_pseudolabel__mult_1__sim_0.8__teacher_rf__seed_1,condition_recombine_pseudolabel,1.0,0.8,random_forest,1,158,144,1.9113924050632911,True,0.8409947943356301,0.8025477528572083,0.85,reaction_role_concat,6144,random_forest,False,valid,mae,12.8568597700279,1,0.05,random,,
condition_recombine_pseudolabel__mult_1__sim_0.8__teacher_rf__seed_1,condition_recombine_pseudolabel,1.0,0.8,random_forest,1,158,144,1.9113924050632911,True,0.8409947943356301,0.8025477528572083,0.85,reaction_role_concat,6144,random_forest,False,valid,r2,0.6202002452663478,1,0.05,random,,
condition_recombine_pseudolabel__mult_1__sim_0.8__teacher_rf__seed_1,condition_recombine_pseudolabel,1.0,0.8,random_forest,1,158,144,1.9113924050632911,True,0.8409947943356301,0.8025477528572083,0.85,reaction_role_concat,6144,random_forest,False,valid,spearman,0.8148903738790452,1,0.05,random,,
condition_recombine_pseudolabel__mult_1__sim_0.8__teacher_rf__seed_2,condition_recombine_pseudolabel,1.0,0.8,random_forest,2,158,142,1.8987341772151898,True,0.8400985331602498,0.800000011920929,0.85,reaction_role_concat,6144,random_forest,False,valid,rmse,17.079860554044306,1,0.05,random,,
condition_recombine_pseudolabel__mult_1__sim_0.8__teacher_rf__seed_2,condition_recombine_pseudolabel,1.0,0.8,random_forest,2,158,142,1.8987341772151898,True,0.8400985331602498,0.800000011920929,0.85,reaction_role_concat,6144,random_forest,False,valid,mae,12.681870725452146,1,0.05,random,,
condition_recombine_pseudolabel__mult_1__sim_0.8__teacher_rf__seed_2,condition_recombine_pseudolabel,1.0,0.8,random_forest,2,158,142,1.8987341772151898,True,0.8400985331602498,0.800000011920929,0.85,reaction_role_concat,6144,random_forest,False,valid,r2,0.6349263099277072,1,0.05,random,,
condition_recombine_pseudolabel__mult_1__sim_0.8__teacher_rf__seed_2,condition_recombine_pseudolabel,1.0,0.8,random_forest,2,158,142,1.8987341772151898,True,0.8400985331602498,0.800000011920929,0.85,reaction_role_concat,6144,random_forest,False,valid,spearman,0.8220348500908247,1,0.05,random,,
condition_recombine_pseudolabel__mult_1__sim_0.8__teacher_rf__seed_3,condition_recombine_pseudolabel,1.0,0.8,random_forest,3,158,137,1.8670886075949367,True,0.8418904684755923,0.800000011920929,0.85,reaction_role_concat,6144,random_forest,False,valid,rmse,17.00648246104996,1,0.05,random,,
condition_recombine_pseudolabel__mult_1__sim_0.8__teacher_rf__seed_3,condition_recombine_pseudolabel,1.0,0.8,random_forest,3,158,137,1.8670886075949367,True,0.8418904684755923,0.800000011920929,0.85,reaction_role_concat,6144,random_forest,False,valid,mae,12.624936586539958,1,0.05,random,,
condition_recombine_pseudolabel__mult_1__sim_0.8__teacher_rf__seed_3,condition_recombine_pseudolabel,1.0,0.8,random_forest,3,158,137,1.8670886075949367,True,0.8418904684755923,0.800000011920929,0.85,reaction_role_concat,6144,random_forest,False,valid,r2,0.6380564136221762,1,0.05,random,,
condition_recombine_pseudolabel__mult_1__sim_0.8__teacher_rf__seed_3,condition_recombine_pseudolabel,1.0,0.8,random_forest,3,158,137,1.8670886075949367,True,0.8418904684755923,0.800000011920929,0.85,reaction_role_concat,6144,random_forest,False,valid,spearman,0.8245635442023361,1,0.05,random,,
condition_recombine_pseudolabel__mult_1__sim_0.8__teacher_rf__seed_4,condition_recombine_pseudolabel,1.0,0.8,random_forest,4,158,141,1.8924050632911393,True,0.8395506658452622,0.8024691343307495,0.85,reaction_role_concat,6144,random_forest,False,valid,rmse,16.478662758499514,1,0.05,random,,
condition_recombine_pseudolabel__mult_1__sim_0.8__teacher_rf__seed_4,condition_recombine_pseudolabel,1.0,0.8,random_forest,4,158,141,1.8924050632911393,True,0.8395506658452622,0.8024691343307495,0.85,reaction_role_concat,6144,random_forest,False,valid,mae,12.208093297973464,1,0.05,random,,
condition_recombine_pseudolabel__mult_1__sim_0.8__teacher_rf__seed_4,condition_recombine_pseudolabel,1.0,0.8,random_forest,4,158,141,1.8924050632911393,True,0.8395506658452622,0.8024691343307495,0.85,reaction_role_concat,6144,random_forest,False,valid,r2,0.6601746084217106,1,0.05,random,,
condition_recombine_pseudolabel__mult_1__sim_0.8__teacher_rf__seed_4,condition_recombine_pseudolabel,1.0,0.8,random_forest,4,158,141,1.8924050632911393,True,0.8395506658452622,0.8024691343307495,0.85,reaction_role_concat,6144,random_forest,False,valid,spearman,0.8368364940769649,1,0.05,random,,
condition_recombine_pseudolabel__mult_1__sim_0.85__teacher_ridge__seed_0,condition_recombine_pseudolabel,1.0,0.85,ridge,0,158,94,1.5949367088607596,True,0.8499999999999994,0.85,0.85,reaction_role_concat,6144,random_forest,False,valid,rmse,16.35564949462443,1,0.05,random,,
condition_recombine_pseudolabel__mult_1__sim_0.85__teacher_ridge__seed_0,condition_recombine_pseudolabel,1.0,0.85,ridge,0,158,94,1.5949367088607596,True,0.8499999999999994,0.85,0.85,reaction_role_concat,6144,random_forest,False,valid,mae,12.737470131858997,1,0.05,random,,
condition_recombine_pseudolabel__mult_1__sim_0.85__teacher_ridge__seed_0,condition_recombine_pseudolabel,1.0,0.85,ridge,0,158,94,1.5949367088607596,True,0.8499999999999994,0.85,0.85,reaction_role_concat,6144,random_forest,False,valid,r2,0.6652292662304913,1,0.05,random,,
condition_recombine_pseudolabel__mult_1__sim_0.85__teacher_ridge__seed_0,condition_recombine_pseudolabel,1.0,0.85,ridge,0,158,94,1.5949367088607596,True,0.8499999999999994,0.85,0.85,reaction_role_concat,6144,random_forest,False,valid,spearman,0.8376582612368171,1,0.05,random,,
condition_recombine_pseudolabel__mult_1__sim_0.85__teacher_ridge__seed_1,condition_recombine_pseudolabel,1.0,0.85,ridge,1,158,90,1.5696202531645569,True,0.8499999999999996,0.85,0.85,reaction_role_concat,6144,random_forest,False,valid,rmse,15.999953376398656,1,0.05,random,,
condition_recombine_pseudolabel__mult_1__sim_0.85__teacher_ridge__seed_1,condition_recombine_pseudolabel,1.0,0.85,ridge,1,158,90,1.5696202531645569,True,0.8499999999999996,0.85,0.85,reaction_role_concat,6144,random_forest,False,valid,mae,12.52797676719744,1,0.05,random,,
condition_recombine_pseudolabel__mult_1__sim_0.85__teacher_ridge__seed_1,condition_recombine_pseudolabel,1.0,0.85,ridge,1,158,90,1.5696202531645569,True,0.8499999999999996,0.85,0.85,reaction_role_concat,6144,random_forest,False,valid,r2,0.6796318535286765,1,0.05,random,,
condition_recombine_pseudolabel__mult_1__sim_0.85__teacher_ridge__seed_1,condition_recombine_pseudolabel,1.0,0.85,ridge,1,158,90,1.5696202531645569,True,0.8499999999999996,0.85,0.85,reaction_role_concat,6144,random_forest,False,valid,spearman,0.8538229928759511,1,0.05,random,,
condition_recombine_pseudolabel__mult_1__sim_0.85__teacher_ridge__seed_2,condition_recombine_pseudolabel,1.0,0.85,ridge,2,158,89,1.5632911392405062,True,0.8499999999999998,0.85,0.85,reaction_role_concat,6144,random_forest,False,valid,rmse,16.085710647003115,1,0.05,random,,
condition_recombine_pseudolabel__mult_1__sim_0.85__teacher_ridge__seed_2,condition_recombine_pseudolabel,1.0,0.85,ridge,2,158,89,1.5632911392405062,True,0.8499999999999998,0.85,0.85,reaction_role_concat,6144,random_forest,False,valid,mae,12.461620304534707,1,0.05,random,,
condition_recombine_pseudolabel__mult_1__sim_0.85__teacher_ridge__seed_2,condition_recombine_pseudolabel,1.0,0.85,ridge,2,158,89,1.5632911392405062,True,0.8499999999999998,0.85,0.85,reaction_role_concat,6144,random_forest,False,valid,r2,0.6761884027761247,1,0.05,random,,
condition_recombine_pseudolabel__mult_1__sim_0.85__teacher_ridge__seed_2,condition_recombine_pseudolabel,1.0,0.85,ridge,2,158,89,1.5632911392405062,True,0.8499999999999998,0.85,0.85,reaction_role_concat,6144,random_forest,False,valid,spearman,0.8456768936038277,1,0.05,random,,
condition_recombine_pseudolabel__mult_1__sim_0.85__teacher_ridge__seed_3,condition_recombine_pseudolabel,1.0,0.85,ridge,3,158,86,1.5443037974683544,True,0.8499999999999994,0.85,0.85,reaction_role_concat,6144,random_forest,False,valid,rmse,16.931022285883426,1,0.05,random,,
condition_recombine_pseudolabel__mult_1__sim_0.85__teacher_ridge__seed_3,condition_recombine_pseudolabel,1.0,0.85,ridge,3,158,86,1.5443037974683544,True,0.8499999999999994,0.85,0.85,reaction_role_concat,6144,random_forest,False,valid,mae,13.455000673787502,1,0.05,random,,
condition_recombine_pseudolabel__mult_1__sim_0.85__teacher_ridge__seed_3,condition_recombine_pseudolabel,1.0,0.85,ridge,3,158,86,1.5443037974683544,True,0.8499999999999994,0.85,0.85,reaction_role_concat,6144,random_forest,False,valid,r2,0.6412612776682818,1,0.05,random,,
condition_recombine_pseudolabel__mult_1__sim_0.85__teacher_ridge__seed_3,condition_recombine_pseudolabel,1.0,0.85,ridge,3,158,86,1.5443037974683544,True,0.8499999999999994,0.85,0.85,reaction_role_concat,6144,random_forest,False,valid,spearman,0.8265784756008033,1,0.05,random,,
condition_recombine_pseudolabel__mult_1__sim_0.85__teacher_ridge__seed_4,condition_recombine_pseudolabel,1.0,0.85,ridge,4,158,78,1.4936708860759493,True,0.8499999999999998,0.85,0.85,reaction_role_concat,6144,random_forest,False,valid,rmse,16.14282144821503,1,0.05,random,,
condition_recombine_pseudolabel__mult_1__sim_0.85__teacher_ridge__seed_4,condition_recombine_pseudolabel,1.0,0.85,ridge,4,158,78,1.4936708860759493,True,0.8499999999999998,0.85,0.85,reaction_role_concat,6144,random_forest,False,valid,mae,12.684471134252187,1,0.05,random,,
condition_recombine_pseudolabel__mult_1__sim_0.85__teacher_ridge__seed_4,condition_recombine_pseudolabel,1.0,0.85,ridge,4,158,78,1.4936708860759493,True,0.8499999999999998,0.85,0.85,reaction_role_concat,6144,random_forest,False,valid,r2,0.6738849958279927,1,0.05,random,,
condition_recombine_pseudolabel__mult_1__sim_0.85__teacher_ridge__seed_4,condition_recombine_pseudolabel,1.0,0.85,ridge,4,158,78,1.4936708860759493,True,0.8499999999999998,0.85,0.85,reaction_role_concat,6144,random_forest,False,valid,spearman,0.8489258877131385,1,0.05,random,,
condition_recombine_pseudolabel__mult_1__sim_0.85__teacher_rf__seed_0,condition_recombine_pseudolabel,1.0,0.85,random_forest,0,158,94,1.5949367088607596,True,0.8499999999999994,0.85,0.85,reaction_role_concat,6144,random_forest,False,valid,rmse,16.148562704994365,1,0.05,random,,
condition_recombine_pseudolabel__mult_1__sim_0.85__teacher_rf__seed_0,condition_recombine_pseudolabel,1.0,0.85,random_forest,0,158,94,1.5949367088607596,True,0.8499999999999994,0.85,0.85,reaction_role_concat,6144,random_forest,False,valid,mae,12.009662543087067,1,0.05,random,,
condition_recombine_pseudolabel__mult_1__sim_0.85__teacher_rf__seed_0,condition_recombine_pseudolabel,1.0,0.85,random_forest,0,158,94,1.5949367088607596,True,0.8499999999999994,0.85,0.85,reaction_role_concat,6144,random_forest,False,valid,r2,0.6736529864569307,1,0.05,random,,
condition_recombine_pseudolabel__mult_1__sim_0.85__teacher_rf__seed_0,condition_recombine_pseudolabel,1.0,0.85,random_forest,0,158,94,1.5949367088607596,True,0.8499999999999994,0.85,0.85,reaction_role_concat,6144,random_forest,False,valid,spearman,0.8407094820197079,1,0.05,random,,
condition_recombine_pseudolabel__mult_1__sim_0.85__teacher_rf__seed_1,condition_recombine_pseudolabel,1.0,0.85,random_forest,1,158,90,1.5696202531645569,True,0.8499999999999996,0.85,0.85,reaction_role_concat,6144,random_forest,False,valid,rmse,16.501003065130938,1,0.05,random,,
condition_recombine_pseudolabel__mult_1__sim_0.85__teacher_rf__seed_1,condition_recombine_pseudolabel,1.0,0.85,random_forest,1,158,90,1.5696202531645569,True,0.8499999999999996,0.85,0.85,reaction_role_concat,6144,random_forest,False,valid,mae,12.279558671242073,1,0.05,random,,
condition_recombine_pseudolabel__mult_1__sim_0.85__teacher_rf__seed_1,condition_recombine_pseudolabel,1.0,0.85,random_forest,1,158,90,1.5696202531645569,True,0.8499999999999996,0.85,0.85,reaction_role_concat,6144,random_forest,False,valid,r2,0.6592525737024396,1,0.05,random,,
condition_recombine_pseudolabel__mult_1__sim_0.85__teacher_rf__seed_1,condition_recombine_pseudolabel,1.0,0.85,random_forest,1,158,90,1.5696202531645569,True,0.8499999999999996,0.85,0.85,reaction_role_concat,6144,random_forest,False,valid,spearman,0.8356538465883516,1,0.05,random,,
condition_recombine_pseudolabel__mult_1__sim_0.85__teacher_rf__seed_2,condition_recombine_pseudolabel,1.0,0.85,random_forest,2,158,89,1.5632911392405062,True,0.8499999999999998,0.85,0.85,reaction_role_concat,6144,random_forest,False,valid,rmse,16.50039582692676,1,0.05,random,,
condition_recombine_pseudolabel__mult_1__sim_0.85__teacher_rf__seed_2,condition_recombine_pseudolabel,1.0,0.85,random_forest,2,158,89,1.5632911392405062,True,0.8499999999999998,0.85,0.85,reaction_role_concat,6144,random_forest,False,valid,mae,12.190569168701957,1,0.05,random,,
condition_recombine_pseudolabel__mult_1__sim_0.85__teacher_rf__seed_2,condition_recombine_pseudolabel,1.0,0.85,random_forest,2,158,89,1.5632911392405062,True,0.8499999999999998,0.85,0.85,reaction_role_concat,6144,random_forest,False,valid,r2,0.6592776523048938,1,0.05,random,,
condition_recombine_pseudolabel__mult_1__sim_0.85__teacher_rf__seed_2,condition_recombine_pseudolabel,1.0,0.85,random_forest,2,158,89,1.5632911392405062,True,0.8499999999999998,0.85,0.85,reaction_role_concat,6144,random_forest,False,valid,spearman,0.8335652979398727,1,0.05,random,,
condition_recombine_pseudolabel__mult_1__sim_0.85__teacher_rf__seed_3,condition_recombine_pseudolabel,1.0,0.85,random_forest,3,158,86,1.5443037974683544,True,0.8499999999999994,0.85,0.85,reaction_role_concat,6144,random_forest,False,valid,rmse,16.451901251045342,1,0.05,random,,
condition_recombine_pseudolabel__mult_1__sim_0.85__teacher_rf__seed_3,condition_recombine_pseudolabel,1.0,0.85,random_forest,3,158,86,1.5443037974683544,True,0.8499999999999994,0.85,0.85,reaction_role_concat,6144,random_forest,False,valid,mae,12.319000273964074,1,0.05,random,,
condition_recombine_pseudolabel__mult_1__sim_0.85__teacher_rf__seed_3,condition_recombine_pseudolabel,1.0,0.85,random_forest,3,158,86,1.5443037974683544,True,0.8499999999999994,0.85,0.85,reaction_role_concat,6144,random_forest,False,valid,r2,0.6612774715989505,1,0.05,random,,
condition_recombine_pseudolabel__mult_1__sim_0.85__teacher_rf__seed_3,condition_recombine_pseudolabel,1.0,0.85,random_forest,3,158,86,1.5443037974683544,True,0.8499999999999994,0.85,0.85,reaction_role_concat,6144,random_forest,False,valid,spearman,0.8346218418057808,1,0.05,random,,
condition_recombine_pseudolabel__mult_1__sim_0.85__teacher_rf__seed_4,condition_recombine_pseudolabel,1.0,0.85,random_forest,4,158,78,1.4936708860759493,True,0.8499999999999998,0.85,0.85,reaction_role_concat,6144,random_forest,False,valid,rmse,16.170628802675022,1,0.05,random,,
condition_recombine_pseudolabel__mult_1__sim_0.85__teacher_rf__seed_4,condition_recombine_pseudolabel,1.0,0.85,random_forest,4,158,78,1.4936708860759493,True,0.8499999999999998,0.85,0.85,reaction_role_concat,6144,random_forest,False,valid,mae,12.20567355293111,1,0.05,random,,
condition_recombine_pseudolabel__mult_1__sim_0.85__teacher_rf__seed_4,condition_recombine_pseudolabel,1.0,0.85,random_forest,4,158,78,1.4936708860759493,True,0.8499999999999998,0.85,0.85,reaction_role_concat,6144,random_forest,False,valid,r2,0.6727605076363671,1,0.05,random,,
condition_recombine_pseudolabel__mult_1__sim_0.85__teacher_rf__seed_4,condition_recombine_pseudolabel,1.0,0.85,random_forest,4,158,78,1.4936708860759493,True,0.8499999999999998,0.85,0.85,reaction_role_concat,6144,random_forest,False,valid,spearman,0.8411687134364472,1,0.05,random,,
condition_recombine_pseudolabel__mult_1__sim_0.9__teacher_ridge__seed_0,condition_recombine_pseudolabel,1.0,0.9,ridge,0,158,54,1.3417721518987342,True,0.8500000000000001,0.85,0.85,reaction_role_concat,6144,random_forest,False,valid,rmse,16.295326039562557,1,0.05,random,,
condition_recombine_pseudolabel__mult_1__sim_0.9__teacher_ridge__seed_0,condition_recombine_pseudolabel,1.0,0.9,ridge,0,158,54,1.3417721518987342,True,0.8500000000000001,0.85,0.85,reaction_role_concat,6144,random_forest,False,valid,mae,12.453713598194001,1,0.05,random,,
condition_recombine_pseudolabel__mult_1__sim_0.9__teacher_ridge__seed_0,condition_recombine_pseudolabel,1.0,0.9,ridge,0,158,54,1.3417721518987342,True,0.8500000000000001,0.85,0.85,reaction_role_concat,6144,random_forest,False,valid,r2,0.667694137620001,1,0.05,random,,
condition_recombine_pseudolabel__mult_1__sim_0.9__teacher_ridge__seed_0,condition_recombine_pseudolabel,1.0,0.9,ridge,0,158,54,1.3417721518987342,True,0.8500000000000001,0.85,0.85,reaction_role_concat,6144,random_forest,False,valid,spearman,0.8387601829314361,1,0.05,random,,
condition_recombine_pseudolabel__mult_1__sim_0.9__teacher_ridge__seed_1,condition_recombine_pseudolabel,1.0,0.9,ridge,1,158,40,1.2531645569620253,True,0.85,0.85,0.85,reaction_role_concat,6144,random_forest,False,valid,rmse,16.008429520379188,1,0.05,random,,
condition_recombine_pseudolabel__mult_1__sim_0.9__teacher_ridge__seed_1,condition_recombine_pseudolabel,1.0,0.9,ridge,1,158,40,1.2531645569620253,True,0.85,0.85,0.85,reaction_role_concat,6144,random_forest,False,valid,mae,12.362641016914875,1,0.05,random,,
condition_recombine_pseudolabel__mult_1__sim_0.9__teacher_ridge__seed_1,condition_recombine_pseudolabel,1.0,0.9,ridge,1,158,40,1.2531645569620253,True,0.85,0.85,0.85,reaction_role_concat,6144,random_forest,False,valid,r2,0.6792923268124195,1,0.05,random,,
condition_recombine_pseudolabel__mult_1__sim_0.9__teacher_ridge__seed_1,condition_recombine_pseudolabel,1.0,0.9,ridge,1,158,40,1.2531645569620253,True,0.85,0.85,0.85,reaction_role_concat,6144,random_forest,False,valid,spearman,0.8460372870460144,1,0.05,random,,
condition_recombine_pseudolabel__mult_1__sim_0.9__teacher_ridge__seed_2,condition_recombine_pseudolabel,1.0,0.9,ridge,2,158,44,1.2784810126582278,True,0.8500000000000001,0.85,0.85,reaction_role_concat,6144,random_forest,False,valid,rmse,16.250404580543275,1,0.05,random,,
condition_recombine_pseudolabel__mult_1__sim_0.9__teacher_ridge__seed_2,condition_recombine_pseudolabel,1.0,0.9,ridge,2,158,44,1.2784810126582278,True,0.8500000000000001,0.85,0.85,reaction_role_concat,6144,random_forest,False,valid,mae,12.470150726657879,1,0.05,random,,
condition_recombine_pseudolabel__mult_1__sim_0.9__teacher_ridge__seed_2,condition_recombine_pseudolabel,1.0,0.9,ridge,2,158,44,1.2784810126582278,True,0.8500000000000001,0.85,0.85,reaction_role_concat,6144,random_forest,False,valid,r2,0.6695237528772111,1,0.05,random,,
condition_recombine_pseudolabel__mult_1__sim_0.9__teacher_ridge__seed_2,condition_recombine_pseudolabel,1.0,0.9,ridge,2,158,44,1.2784810126582278,True,0.8500000000000001,0.85,0.85,reaction_role_concat,6144,random_forest,False,valid,spearman,0.8450943825065133,1,0.05,random,,
condition_recombine_pseudolabel__mult_1__sim_0.9__teacher_ridge__seed_3,condition_recombine_pseudolabel,1.0,0.9,ridge,3,158,48,1.3037974683544304,True,0.85,0.85,0.85,reaction_role_concat,6144,random_forest,False,valid,rmse,16.299486862007836,1,0.05,random,,
condition_recombine_pseudolabel__mult_1__sim_0.9__teacher_ridge__seed_3,condition_recombine_pseudolabel,1.0,0.9,ridge,3,158,48,1.3037974683544304,True,0.85,0.85,0.85,reaction_role_concat,6144,random_forest,False,valid,mae,12.707542986445791,1,0.05,random,,
condition_recombine_pseudolabel__mult_1__sim_0.9__teacher_ridge__seed_3,condition_recombine_pseudolabel,1.0,0.9,ridge,3,158,48,1.3037974683544304,True,0.85,0.85,0.85,reaction_role_concat,6144,random_forest,False,valid,r2,0.6675244150613543,1,0.05,random,,
condition_recombine_pseudolabel__mult_1__sim_0.9__teacher_ridge__seed_3,condition_recombine_pseudolabel,1.0,0.9,ridge,3,158,48,1.3037974683544304,True,0.85,0.85,0.85,reaction_role_concat,6144,random_forest,False,valid,spearman,0.8391742312740943,1,0.05,random,,
condition_recombine_pseudolabel__mult_1__sim_0.9__teacher_ridge__seed_4,condition_recombine_pseudolabel,1.0,0.9,ridge,4,158,34,1.2151898734177216,True,0.8500000000000001,0.85,0.85,reaction_role_concat,6144,random_forest,False,valid,rmse,16.206638776662007,1,0.05,random,,
condition_recombine_pseudolabel__mult_1__sim_0.9__teacher_ridge__seed_4,condition_recombine_pseudolabel,1.0,0.9,ridge,4,158,34,1.2151898734177216,True,0.8500000000000001,0.85,0.85,reaction_role_concat,6144,random_forest,False,valid,mae,12.541899803261213,1,0.05,random,,
condition_recombine_pseudolabel__mult_1__sim_0.9__teacher_ridge__seed_4,condition_recombine_pseudolabel,1.0,0.9,ridge,4,158,34,1.2151898734177216,True,0.8500000000000001,0.85,0.85,reaction_role_concat,6144,random_forest,False,valid,r2,0.6713014417740031,1,0.05,random,,
condition_recombine_pseudolabel__mult_1__sim_0.9__teacher_ridge__seed_4,condition_recombine_pseudolabel,1.0,0.9,ridge,4,158,34,1.2151898734177216,True,0.8500000000000001,0.85,0.85,reaction_role_concat,6144,random_forest,False,valid,spearman,0.8438287695456648,1,0.05,random,,
condition_recombine_pseudolabel__mult_1__sim_0.9__teacher_rf__seed_0,condition_recombine_pseudolabel,1.0,0.9,random_forest,0,158,54,1.3417721518987342,True,0.8500000000000001,0.85,0.85,reaction_role_concat,6144,random_forest,False,valid,rmse,16.433013438667277,1,0.05,random,,
condition_recombine_pseudolabel__mult_1__sim_0.9__teacher_rf__seed_0,condition_recombine_pseudolabel,1.0,0.9,random_forest,0,158,54,1.3417721518987342,True,0.8500000000000001,0.85,0.85,reaction_role_concat,6144,random_forest,False,valid,mae,12.243746158368978,1,0.05,random,,
condition_recombine_pseudolabel__mult_1__sim_0.9__teacher_rf__seed_0,condition_recombine_pseudolabel,1.0,0.9,random_forest,0,158,54,1.3417721518987342,True,0.8500000000000001,0.85,0.85,reaction_role_concat,6144,random_forest,False,valid,r2,0.6620547744737064,1,0.05,random,,
condition_recombine_pseudolabel__mult_1__sim_0.9__teacher_rf__seed_0,condition_recombine_pseudolabel,1.0,0.9,random_forest,0,158,54,1.3417721518987342,True,0.8500000000000001,0.85,0.85,reaction_role_concat,6144,random_forest,False,valid,spearman,0.8350396878637173,1,0.05,random,,
condition_recombine_pseudolabel__mult_1__sim_0.9__teacher_rf__seed_1,condition_recombine_pseudolabel,1.0,0.9,random_forest,1,158,40,1.2531645569620253,True,0.85,0.85,0.85,reaction_role_concat,6144,random_forest,False,valid,rmse,16.417633712870074,1,0.05,random,,
condition_recombine_pseudolabel__mult_1__sim_0.9__teacher_rf__seed_1,condition_recombine_pseudolabel,1.0,0.9,random_forest,1,158,40,1.2531645569620253,True,0.85,0.85,0.85,reaction_role_concat,6144,random_forest,False,valid,mae,12.22834436364717,1,0.05,random,,
condition_recombine_pseudolabel__mult_1__sim_0.9__teacher_rf__seed_1,condition_recombine_pseudolabel,1.0,0.9,random_forest,1,158,40,1.2531645569620253,True,0.85,0.85,0.85,reaction_role_concat,6144,random_forest,False,valid,r2,0.662687047153237,1,0.05,random,,
condition_recombine_pseudolabel__mult_1__sim_0.9__teacher_rf__seed_1,condition_recombine_pseudolabel,1.0,0.9,random_forest,1,158,40,1.2531645569620253,True,0.85,0.85,0.85,reaction_role_concat,6144,random_forest,False,valid,spearman,0.8351320015581764,1,0.05,random,,
condition_recombine_pseudolabel__mult_1__sim_0.9__teacher_rf__seed_2,condition_recombine_pseudolabel,1.0,0.9,random_forest,2,158,44,1.2784810126582278,True,0.8500000000000001,0.85,0.85,reaction_role_concat,6144,random_forest,False,valid,rmse,16.487684092513806,1,0.05,random,,
condition_recombine_pseudolabel__mult_1__sim_0.9__teacher_rf__seed_2,condition_recombine_pseudolabel,1.0,0.9,random_forest,2,158,44,1.2784810126582278,True,0.8500000000000001,0.85,0.85,reaction_role_concat,6144,random_forest,False,valid,mae,12.27210438772244,1,0.05,random,,
condition_recombine_pseudolabel__mult_1__sim_0.9__teacher_rf__seed_2,condition_recombine_pseudolabel,1.0,0.9,random_forest,2,158,44,1.2784810126582278,True,0.8500000000000001,0.85,0.85,reaction_role_concat,6144,random_forest,False,valid,r2,0.6598024280366762,1,0.05,random,,
condition_recombine_pseudolabel__mult_1__sim_0.9__teacher_rf__seed_2,condition_recombine_pseudolabel,1.0,0.9,random_forest,2,158,44,1.2784810126582278,True,0.8500000000000001,0.85,0.85,reaction_role_concat,6144,random_forest,False,valid,spearman,0.8356592997179821,1,0.05,random,,
condition_recombine_pseudolabel__mult_1__sim_0.9__teacher_rf__seed_3,condition_recombine_pseudolabel,1.0,0.9,random_forest,3,158,48,1.3037974683544304,True,0.85,0.85,0.85,reaction_role_concat,6144,random_forest,False,valid,rmse,16.45254758111129,1,0.05,random,,
condition_recombine_pseudolabel__mult_1__sim_0.9__teacher_rf__seed_3,condition_recombine_pseudolabel,1.0,0.9,random_forest,3,158,48,1.3037974683544304,True,0.85,0.85,0.85,reaction_role_concat,6144,random_forest,False,valid,mae,12.241272916748555,1,0.05,random,,
condition_recombine_pseudolabel__mult_1__sim_0.9__teacher_rf__seed_3,condition_recombine_pseudolabel,1.0,0.9,random_forest,3,158,48,1.3037974683544304,True,0.85,0.85,0.85,reaction_role_concat,6144,random_forest,False,valid,r2,0.6612508569419382,1,0.05,random,,
condition_recombine_pseudolabel__mult_1__sim_0.9__teacher_rf__seed_3,condition_recombine_pseudolabel,1.0,0.9,random_forest,3,158,48,1.3037974683544304,True,0.85,0.85,0.85,reaction_role_concat,6144,random_forest,False,valid,spearman,0.8380066772692798,1,0.05,random,,
condition_recombine_pseudolabel__mult_1__sim_0.9__teacher_rf__seed_4,condition_recombine_pseudolabel,1.0,0.9,random_forest,4,158,34,1.2151898734177216,True,0.8500000000000001,0.85,0.85,reaction_role_concat,6144,random_forest,False,valid,rmse,16.063072988931673,1,0.05,random,,
condition_recombine_pseudolabel__mult_1__sim_0.9__teacher_rf__seed_4,condition_recombine_pseudolabel,1.0,0.9,random_forest,4,158,34,1.2151898734177216,True,0.8500000000000001,0.85,0.85,reaction_role_concat,6144,random_forest,False,valid,mae,12.093540567354312,1,0.05,random,,
condition_recombine_pseudolabel__mult_1__sim_0.9__teacher_rf__seed_4,condition_recombine_pseudolabel,1.0,0.9,random_forest,4,158,34,1.2151898734177216,True,0.8500000000000001,0.85,0.85,reaction_role_concat,6144,random_forest,False,valid,r2,0.6770991711385654,1,0.05,random,,
condition_recombine_pseudolabel__mult_1__sim_0.9__teacher_rf__seed_4,condition_recombine_pseudolabel,1.0,0.9,random_forest,4,158,34,1.2151898734177216,True,0.8500000000000001,0.85,0.85,reaction_role_concat,6144,random_forest,False,valid,spearman,0.8441279126568232,1,0.05,random,,
condition_recombine_pseudolabel__mult_1__sim_0.95__teacher_ridge__seed_0,condition_recombine_pseudolabel,1.0,0.95,ridge,0,158,0,1.0,True,,,,reaction_role_concat,6144,random_forest,False,valid,rmse,16.074816518459752,1,0.05,random,,
condition_recombine_pseudolabel__mult_1__sim_0.95__teacher_ridge__seed_0,condition_recombine_pseudolabel,1.0,0.95,ridge,0,158,0,1.0,True,,,,reaction_role_concat,6144,random_forest,False,valid,mae,12.086281774744203,1,0.05,random,,
condition_recombine_pseudolabel__mult_1__sim_0.95__teacher_ridge__seed_0,condition_recombine_pseudolabel,1.0,0.95,ridge,0,158,0,1.0,True,,,,reaction_role_concat,6144,random_forest,False,valid,r2,0.6766268603219118,1,0.05,random,,
condition_recombine_pseudolabel__mult_1__sim_0.95__teacher_ridge__seed_0,condition_recombine_pseudolabel,1.0,0.95,ridge,0,158,0,1.0,True,,,,reaction_role_concat,6144,random_forest,False,valid,spearman,0.8448850212796283,1,0.05,random,,
condition_recombine_pseudolabel__mult_1__sim_0.95__teacher_ridge__seed_1,condition_recombine_pseudolabel,1.0,0.95,ridge,1,158,0,1.0,True,,,,reaction_role_concat,6144,random_forest,False,valid,rmse,16.074816518459752,1,0.05,random,,
condition_recombine_pseudolabel__mult_1__sim_0.95__teacher_ridge__seed_1,condition_recombine_pseudolabel,1.0,0.95,ridge,1,158,0,1.0,True,,,,reaction_role_concat,6144,random_forest,False,valid,mae,12.086281774744203,1,0.05,random,,
condition_recombine_pseudolabel__mult_1__sim_0.95__teacher_ridge__seed_1,condition_recombine_pseudolabel,1.0,0.95,ridge,1,158,0,1.0,True,,,,reaction_role_concat,6144,random_forest,False,valid,r2,0.6766268603219118,1,0.05,random,,
condition_recombine_pseudolabel__mult_1__sim_0.95__teacher_ridge__seed_1,condition_recombine_pseudolabel,1.0,0.95,ridge,1,158,0,1.0,True,,,,reaction_role_concat,6144,random_forest,False,valid,spearman,0.8448850212796283,1,0.05,random,,
condition_recombine_pseudolabel__mult_1__sim_0.95__teacher_ridge__seed_2,condition_recombine_pseudolabel,1.0,0.95,ridge,2,158,0,1.0,True,,,,reaction_role_concat,6144,random_forest,False,valid,rmse,16.074816518459752,1,0.05,random,,
condition_recombine_pseudolabel__mult_1__sim_0.95__teacher_ridge__seed_2,condition_recombine_pseudolabel,1.0,0.95,ridge,2,158,0,1.0,True,,,,reaction_role_concat,6144,random_forest,False,valid,mae,12.086281774744203,1,0.05,random,,
condition_recombine_pseudolabel__mult_1__sim_0.95__teacher_ridge__seed_2,condition_recombine_pseudolabel,1.0,0.95,ridge,2,158,0,1.0,True,,,,reaction_role_concat,6144,random_forest,False,valid,r2,0.6766268603219118,1,0.05,random,,
condition_recombine_pseudolabel__mult_1__sim_0.95__teacher_ridge__seed_2,condition_recombine_pseudolabel,1.0,0.95,ridge,2,158,0,1.0,True,,,,reaction_role_concat,6144,random_forest,False,valid,spearman,0.8448850212796283,1,0.05,random,,
condition_recombine_pseudolabel__mult_1__sim_0.95__teacher_ridge__seed_3,condition_recombine_pseudolabel,1.0,0.95,ridge,3,158,0,1.0,True,,,,reaction_role_concat,6144,random_forest,False,valid,rmse,16.074816518459752,1,0.05,random,,
condition_recombine_pseudolabel__mult_1__sim_0.95__teacher_ridge__seed_3,condition_recombine_pseudolabel,1.0,0.95,ridge,3,158,0,1.0,True,,,,reaction_role_concat,6144,random_forest,False,valid,mae,12.086281774744203,1,0.05,random,,
condition_recombine_pseudolabel__mult_1__sim_0.95__teacher_ridge__seed_3,condition_recombine_pseudolabel,1.0,0.95,ridge,3,158,0,1.0,True,,,,reaction_role_concat,6144,random_forest,False,valid,r2,0.6766268603219118,1,0.05,random,,
condition_recombine_pseudolabel__mult_1__sim_0.95__teacher_ridge__seed_3,condition_recombine_pseudolabel,1.0,0.95,ridge,3,158,0,1.0,True,,,,reaction_role_concat,6144,random_forest,False,valid,spearman,0.8448850212796283,1,0.05,random,,
condition_recombine_pseudolabel__mult_1__sim_0.95__teacher_ridge__seed_4,condition_recombine_pseudolabel,1.0,0.95,ridge,4,158,0,1.0,True,,,,reaction_role_concat,6144,random_forest,False,valid,rmse,16.074816518459752,1,0.05,random,,
condition_recombine_pseudolabel__mult_1__sim_0.95__teacher_ridge__seed_4,condition_recombine_pseudolabel,1.0,0.95,ridge,4,158,0,1.0,True,,,,reaction_role_concat,6144,random_forest,False,valid,mae,12.086281774744203,1,0.05,random,,
condition_recombine_pseudolabel__mult_1__sim_0.95__teacher_ridge__seed_4,condition_recombine_pseudolabel,1.0,0.95,ridge,4,158,0,1.0,True,,,,reaction_role_concat,6144,random_forest,False,valid,r2,0.6766268603219118,1,0.05,random,,
condition_recombine_pseudolabel__mult_1__sim_0.95__teacher_ridge__seed_4,condition_recombine_pseudolabel,1.0,0.95,ridge,4,158,0,1.0,True,,,,reaction_role_concat,6144,random_forest,False,valid,spearman,0.8448850212796283,1,0.05,random,,
condition_recombine_pseudolabel__mult_1__sim_0.95__teacher_rf__seed_0,condition_recombine_pseudolabel,1.0,0.95,random_forest,0,158,0,1.0,True,,,,reaction_role_concat,6144,random_forest,False,valid,rmse,16.074816518459752,1,0.05,random,,
condition_recombine_pseudolabel__mult_1__sim_0.95__teacher_rf__seed_0,condition_recombine_pseudolabel,1.0,0.95,random_forest,0,158,0,1.0,True,,,,reaction_role_concat,6144,random_forest,False,valid,mae,12.086281774744203,1,0.05,random,,
condition_recombine_pseudolabel__mult_1__sim_0.95__teacher_rf__seed_0,condition_recombine_pseudolabel,1.0,0.95,random_forest,0,158,0,1.0,True,,,,reaction_role_concat,6144,random_forest,False,valid,r2,0.6766268603219118,1,0.05,random,,
condition_recombine_pseudolabel__mult_1__sim_0.95__teacher_rf__seed_0,condition_recombine_pseudolabel,1.0,0.95,random_forest,0,158,0,1.0,True,,,,reaction_role_concat,6144,random_forest,False,valid,spearman,0.8448850212796283,1,0.05,random,,
condition_recombine_pseudolabel__mult_1__sim_0.95__teacher_rf__seed_1,condition_recombine_pseudolabel,1.0,0.95,random_forest,1,158,0,1.0,True,,,,reaction_role_concat,6144,random_forest,False,valid,rmse,16.074816518459752,1,0.05,random,,
condition_recombine_pseudolabel__mult_1__sim_0.95__teacher_rf__seed_1,condition_recombine_pseudolabel,1.0,0.95,random_forest,1,158,0,1.0,True,,,,reaction_role_concat,6144,random_forest,False,valid,mae,12.086281774744203,1,0.05,random,,
condition_recombine_pseudolabel__mult_1__sim_0.95__teacher_rf__seed_1,condition_recombine_pseudolabel,1.0,0.95,random_forest,1,158,0,1.0,True,,,,reaction_role_concat,6144,random_forest,False,valid,r2,0.6766268603219118,1,0.05,random,,
condition_recombine_pseudolabel__mult_1__sim_0.95__teacher_rf__seed_1,condition_recombine_pseudolabel,1.0,0.95,random_forest,1,158,0,1.0,True,,,,reaction_role_concat,6144,random_forest,False,valid,spearman,0.8448850212796283,1,0.05,random,,
condition_recombine_pseudolabel__mult_1__sim_0.95__teacher_rf__seed_2,condition_recombine_pseudolabel,1.0,0.95,random_forest,2,158,0,1.0,True,,,,reaction_role_concat,6144,random_forest,False,valid,rmse,16.074816518459752,1,0.05,random,,
condition_recombine_pseudolabel__mult_1__sim_0.95__teacher_rf__seed_2,condition_recombine_pseudolabel,1.0,0.95,random_forest,2,158,0,1.0,True,,,,reaction_role_concat,6144,random_forest,False,valid,mae,12.086281774744203,1,0.05,random,,
condition_recombine_pseudolabel__mult_1__sim_0.95__teacher_rf__seed_2,condition_recombine_pseudolabel,1.0,0.95,random_forest,2,158,0,1.0,True,,,,reaction_role_concat,6144,random_forest,False,valid,r2,0.6766268603219118,1,0.05,random,,
condition_recombine_pseudolabel__mult_1__sim_0.95__teacher_rf__seed_2,condition_recombine_pseudolabel,1.0,0.95,random_forest,2,158,0,1.0,True,,,,reaction_role_concat,6144,random_forest,False,valid,spearman,0.8448850212796283,1,0.05,random,,
condition_recombine_pseudolabel__mult_1__sim_0.95__teacher_rf__seed_3,condition_recombine_pseudolabel,1.0,0.95,random_forest,3,158,0,1.0,True,,,,reaction_role_concat,6144,random_forest,False,valid,rmse,16.074816518459752,1,0.05,random,,
condition_recombine_pseudolabel__mult_1__sim_0.95__teacher_rf__seed_3,condition_recombine_pseudolabel,1.0,0.95,random_forest,3,158,0,1.0,True,,,,reaction_role_concat,6144,random_forest,False,valid,mae,12.086281774744203,1,0.05,random,,
condition_recombine_pseudolabel__mult_1__sim_0.95__teacher_rf__seed_3,condition_recombine_pseudolabel,1.0,0.95,random_forest,3,158,0,1.0,True,,,,reaction_role_concat,6144,random_forest,False,valid,r2,0.6766268603219118,1,0.05,random,,
condition_recombine_pseudolabel__mult_1__sim_0.95__teacher_rf__seed_3,condition_recombine_pseudolabel,1.0,0.95,random_forest,3,158,0,1.0,True,,,,reaction_role_concat,6144,random_forest,False,valid,spearman,0.8448850212796283,1,0.05,random,,
condition_recombine_pseudolabel__mult_1__sim_0.95__teacher_rf__seed_4,condition_recombine_pseudolabel,1.0,0.95,random_forest,4,158,0,1.0,True,,,,reaction_role_concat,6144,random_forest,False,valid,rmse,16.074816518459752,1,0.05,random,,
condition_recombine_pseudolabel__mult_1__sim_0.95__teacher_rf__seed_4,condition_recombine_pseudolabel,1.0,0.95,random_forest,4,158,0,1.0,True,,,,reaction_role_concat,6144,random_forest,False,valid,mae,12.086281774744203,1,0.05,random,,
condition_recombine_pseudolabel__mult_1__sim_0.95__teacher_rf__seed_4,condition_recombine_pseudolabel,1.0,0.95,random_forest,4,158,0,1.0,True,,,,reaction_role_concat,6144,random_forest,False,valid,r2,0.6766268603219118,1,0.05,random,,
condition_recombine_pseudolabel__mult_1__sim_0.95__teacher_rf__seed_4,condition_recombine_pseudolabel,1.0,0.95,random_forest,4,158,0,1.0,True,,,,reaction_role_concat,6144,random_forest,False,valid,spearman,0.8448850212796283,1,0.05,random,,
condition_recombine_pseudolabel__mult_1.5__sim_0.7__teacher_ridge__seed_0,condition_recombine_pseudolabel,1.5,0.7,ridge,0,158,237,2.5,True,0.8350714856059238,0.7412587404251099,0.85,reaction_role_concat,6144,random_forest,False,valid,rmse,16.388415820345237,1,0.05,random,,
condition_recombine_pseudolabel__mult_1.5__sim_0.7__teacher_ridge__seed_0,condition_recombine_pseudolabel,1.5,0.7,ridge,0,158,237,2.5,True,0.8350714856059238,0.7412587404251099,0.85,reaction_role_concat,6144,random_forest,False,valid,mae,12.961481233136563,1,0.05,random,,
condition_recombine_pseudolabel__mult_1.5__sim_0.7__teacher_ridge__seed_0,condition_recombine_pseudolabel,1.5,0.7,ridge,0,158,237,2.5,True,0.8350714856059238,0.7412587404251099,0.85,reaction_role_concat,6144,random_forest,False,valid,r2,0.6638865871070084,1,0.05,random,,
condition_recombine_pseudolabel__mult_1.5__sim_0.7__teacher_ridge__seed_0,condition_recombine_pseudolabel,1.5,0.7,ridge,0,158,237,2.5,True,0.8350714856059238,0.7412587404251099,0.85,reaction_role_concat,6144,random_forest,False,valid,spearman,0.8465198890183131,1,0.05,random,,
condition_recombine_pseudolabel__mult_1.5__sim_0.7__teacher_ridge__seed_1,condition_recombine_pseudolabel,1.5,0.7,ridge,1,158,237,2.5,True,0.8350161026298747,0.7421383857727051,0.85,reaction_role_concat,6144,random_forest,False,valid,rmse,16.95053521039203,1,0.05,random,,
condition_recombine_pseudolabel__mult_1.5__sim_0.7__teacher_ridge__seed_1,condition_recombine_pseudolabel,1.5,0.7,ridge,1,158,237,2.5,True,0.8350161026298747,0.7421383857727051,0.85,reaction_role_concat,6144,random_forest,False,valid,mae,13.370153951672059,1,0.05,random,,
condition_recombine_pseudolabel__mult_1.5__sim_0.7__teacher_ridge__seed_1,condition_recombine_pseudolabel,1.5,0.7,ridge,1,158,237,2.5,True,0.8350161026298747,0.7421383857727051,0.85,reaction_role_concat,6144,random_forest,False,valid,r2,0.6404339117542078,1,0.05,random,,
condition_recombine_pseudolabel__mult_1.5__sim_0.7__teacher_ridge__seed_1,condition_recombine_pseudolabel,1.5,0.7,ridge,1,158,237,2.5,True,0.8350161026298747,0.7421383857727051,0.85,reaction_role_concat,6144,random_forest,False,valid,spearman,0.8362768666486355,1,0.05,random,,
condition_recombine_pseudolabel__mult_1.5__sim_0.7__teacher_ridge__seed_2,condition_recombine_pseudolabel,1.5,0.7,ridge,2,158,237,2.5,True,0.8334287802378334,0.7467532753944397,0.85,reaction_role_concat,6144,random_forest,False,valid,rmse,16.49080134308563,1,0.05,random,,
condition_recombine_pseudolabel__mult_1.5__sim_0.7__teacher_ridge__seed_2,condition_recombine_pseudolabel,1.5,0.7,ridge,2,158,237,2.5,True,0.8334287802378334,0.7467532753944397,0.85,reaction_role_concat,6144,random_forest,False,valid,mae,12.943349537624588,1,0.05,random,,
condition_recombine_pseudolabel__mult_1.5__sim_0.7__teacher_ridge__seed_2,condition_recombine_pseudolabel,1.5,0.7,ridge,2,158,237,2.5,True,0.8334287802378334,0.7467532753944397,0.85,reaction_role_concat,6144,random_forest,False,valid,r2,0.6596737766966914,1,0.05,random,,
condition_recombine_pseudolabel__mult_1.5__sim_0.7__teacher_ridge__seed_2,condition_recombine_pseudolabel,1.5,0.7,ridge,2,158,237,2.5,True,0.8334287802378334,0.7467532753944397,0.85,reaction_role_concat,6144,random_forest,False,valid,spearman,0.8501808865466706,1,0.05,random,,
condition_recombine_pseudolabel__mult_1.5__sim_0.7__teacher_ridge__seed_3,condition_recombine_pseudolabel,1.5,0.7,ridge,3,158,237,2.5,True,0.83327061596802,0.7435897588729858,0.85,reaction_role_concat,6144,random_forest,False,valid,rmse,16.42076490186204,1,0.05,random,,
condition_recombine_pseudolabel__mult_1.5__sim_0.7__teacher_ridge__seed_3,condition_recombine_pseudolabel,1.5,0.7,ridge,3,158,237,2.5,True,0.83327061596802,0.7435897588729858,0.85,reaction_role_concat,6144,random_forest,False,valid,mae,13.089049314136746,1,0.05,random,,
condition_recombine_pseudolabel__mult_1.5__sim_0.7__teacher_ridge__seed_3,condition_recombine_pseudolabel,1.5,0.7,ridge,3,158,237,2.5,True,0.83327061596802,0.7435897588729858,0.85,reaction_role_concat,6144,random_forest,False,valid,r2,0.6625583694957637,1,0.05,random,,
condition_recombine_pseudolabel__mult_1.5__sim_0.7__teacher_ridge__seed_3,condition_recombine_pseudolabel,1.5,0.7,ridge,3,158,237,2.5,True,0.83327061596802,0.7435897588729858,0.85,reaction_role_concat,6144,random_forest,False,valid,spearman,0.8490446880372315,1,0.05,random,,
condition_recombine_pseudolabel__mult_1.5__sim_0.7__teacher_ridge__seed_4,condition_recombine_pseudolabel,1.5,0.7,ridge,4,158,237,2.5,True,0.8333777863265087,0.7569444179534912,0.85,reaction_role_concat,6144,random_forest,False,valid,rmse,16.337815488685195,1,0.05,random,,
condition_recombine_pseudolabel__mult_1.5__sim_0.7__teacher_ridge__seed_4,condition_recombine_pseudolabel,1.5,0.7,ridge,4,158,237,2.5,True,0.8333777863265087,0.7569444179534912,0.85,reaction_role_concat,6144,random_forest,False,valid,mae,13.016625385251228,1,0.05,random,,
condition_recombine_pseudolabel__mult_1.5__sim_0.7__teacher_ridge__seed_4,condition_recombine_pseudolabel,1.5,0.7,ridge,4,158,237,2.5,True,0.8333777863265087,0.7569444179534912,0.85,reaction_role_concat,6144,random_forest,False,valid,r2,0.6659589282695819,1,0.05,random,,
condition_recombine_pseudolabel__mult_1.5__sim_0.7__teacher_ridge__seed_4,condition_recombine_pseudolabel,1.5,0.7,ridge,4,158,237,2.5,True,0.8333777863265087,0.7569444179534912,0.85,reaction_role_concat,6144,random_forest,False,valid,spearman,0.8515829251255964,1,0.05,random,,
condition_recombine_pseudolabel__mult_1.5__sim_0.7__teacher_rf__seed_0,condition_recombine_pseudolabel,1.5,0.7,random_forest,0,158,237,2.5,True,0.8350714856059238,0.7412587404251099,0.85,reaction_role_concat,6144,random_forest,False,valid,rmse,16.487324040341285,1,0.05,random,,
condition_recombine_pseudolabel__mult_1.5__sim_0.7__teacher_rf__seed_0,condition_recombine_pseudolabel,1.5,0.7,random_forest,0,158,237,2.5,True,0.8350714856059238,0.7412587404251099,0.85,reaction_role_concat,6144,random_forest,False,valid,mae,12.372331745328783,1,0.05,random,,
condition_recombine_pseudolabel__mult_1.5__sim_0.7__teacher_rf__seed_0,condition_recombine_pseudolabel,1.5,0.7,random_forest,0,158,237,2.5,True,0.8350714856059238,0.7412587404251099,0.85,reaction_role_concat,6144,random_forest,False,valid,r2,0.6598172861012475,1,0.05,random,,
condition_recombine_pseudolabel__mult_1.5__sim_0.7__teacher_rf__seed_0,condition_recombine_pseudolabel,1.5,0.7,random_forest,0,158,237,2.5,True,0.8350714856059238,0.7412587404251099,0.85,reaction_role_concat,6144,random_forest,False,valid,spearman,0.8353124417225568,1,0.05,random,,
condition_recombine_pseudolabel__mult_1.5__sim_0.7__teacher_rf__seed_1,condition_recombine_pseudolabel,1.5,0.7,random_forest,1,158,237,2.5,True,0.8350161026298747,0.7421383857727051,0.85,reaction_role_concat,6144,random_forest,False,valid,rmse,16.794103968302306,1,0.05,random,,
condition_recombine_pseudolabel__mult_1.5__sim_0.7__teacher_rf__seed_1,condition_recombine_pseudolabel,1.5,0.7,random_forest,1,158,237,2.5,True,0.8350161026298747,0.7421383857727051,0.85,reaction_role_concat,6144,random_forest,False,valid,mae,12.445590203780162,1,0.05,random,,
condition_recombine_pseudolabel__mult_1.5__sim_0.7__teacher_rf__seed_1,condition_recombine_pseudolabel,1.5,0.7,random_forest,1,158,237,2.5,True,0.8350161026298747,0.7421383857727051,0.85,reaction_role_concat,6144,random_forest,False,valid,r2,0.6470399362037023,1,0.05,random,,
condition_recombine_pseudolabel__mult_1.5__sim_0.7__teacher_rf__seed_1,condition_recombine_pseudolabel,1.5,0.7,random_forest,1,158,237,2.5,True,0.8350161026298747,0.7421383857727051,0.85,reaction_role_concat,6144,random_forest,False,valid,spearman,0.8259372459826462,1,0.05,random,,
condition_recombine_pseudolabel__mult_1.5__sim_0.7__teacher_rf__seed_2,condition_recombine_pseudolabel,1.5,0.7,random_forest,2,158,237,2.5,True,0.8334287802378334,0.7467532753944397,0.85,reaction_role_concat,6144,random_forest,False,valid,rmse,16.659281543708353,1,0.05,random,,
condition_recombine_pseudolabel__mult_1.5__sim_0.7__teacher_rf__seed_2,condition_recombine_pseudolabel,1.5,0.7,random_forest,2,158,237,2.5,True,0.8334287802378334,0.7467532753944397,0.85,reaction_role_concat,6144,random_forest,False,valid,mae,12.38788393792925,1,0.05,random,,
condition_recombine_pseudolabel__mult_1.5__sim_0.7__teacher_rf__seed_2,condition_recombine_pseudolabel,1.5,0.7,random_forest,2,158,237,2.5,True,0.8334287802378334,0.7467532753944397,0.85,reaction_role_concat,6144,random_forest,False,valid,r2,0.652684288369389,1,0.05,random,,
condition_recombine_pseudolabel__mult_1.5__sim_0.7__teacher_rf__seed_2,condition_recombine_pseudolabel,1.5,0.7,random_forest,2,158,237,2.5,True,0.8334287802378334,0.7467532753944397,0.85,reaction_role_concat,6144,random_forest,False,valid,spearman,0.8310716596617,1,0.05,random,,
condition_recombine_pseudolabel__mult_1.5__sim_0.7__teacher_rf__seed_3,condition_recombine_pseudolabel,1.5,0.7,random_forest,3,158,237,2.5,True,0.83327061596802,0.7435897588729858,0.85,reaction_role_concat,6144,random_forest,False,valid,rmse,16.385902932008076,1,0.05,random,,
condition_recombine_pseudolabel__mult_1.5__sim_0.7__teacher_rf__seed_3,condition_recombine_pseudolabel,1.5,0.7,random_forest,3,158,237,2.5,True,0.83327061596802,0.7435897588729858,0.85,reaction_role_concat,6144,random_forest,False,valid,mae,12.22630603502521,1,0.05,random,,
condition_recombine_pseudolabel__mult_1.5__sim_0.7__teacher_rf__seed_3,condition_recombine_pseudolabel,1.5,0.7,random_forest,3,158,237,2.5,True,0.83327061596802,0.7435897588729858,0.85,reaction_role_concat,6144,random_forest,False,valid,r2,0.6639896538989034,1,0.05,random,,
condition_recombine_pseudolabel__mult_1.5__sim_0.7__teacher_rf__seed_3,condition_recombine_pseudolabel,1.5,0.7,random_forest,3,158,237,2.5,True,0.83327061596802,0.7435897588729858,0.85,reaction_role_concat,6144,random_forest,False,valid,spearman,0.8351625780350331,1,0.05,random,,
condition_recombine_pseudolabel__mult_1.5__sim_0.7__teacher_rf__seed_4,condition_recombine_pseudolabel,1.5,0.7,random_forest,4,158,237,2.5,True,0.8333777863265087,0.7569444179534912,0.85,reaction_role_concat,6144,random_forest,False,valid,rmse,16.244473724868808,1,0.05,random,,
condition_recombine_pseudolabel__mult_1.5__sim_0.7__teacher_rf__seed_4,condition_recombine_pseudolabel,1.5,0.7,random_forest,4,158,237,2.5,True,0.8333777863265087,0.7569444179534912,0.85,reaction_role_concat,6144,random_forest,False,valid,mae,12.180878575048869,1,0.05,random,,
condition_recombine_pseudolabel__mult_1.5__sim_0.7__teacher_rf__seed_4,condition_recombine_pseudolabel,1.5,0.7,random_forest,4,158,237,2.5,True,0.8333777863265087,0.7569444179534912,0.85,reaction_role_concat,6144,random_forest,False,valid,r2,0.6697649344733043,1,0.05,random,,
condition_recombine_pseudolabel__mult_1.5__sim_0.7__teacher_rf__seed_4,condition_recombine_pseudolabel,1.5,0.7,random_forest,4,158,237,2.5,True,0.8333777863265087,0.7569444179534912,0.85,reaction_role_concat,6144,random_forest,False,valid,spearman,0.8379798011303866,1,0.05,random,,
condition_recombine_pseudolabel__mult_1.5__sim_0.8__teacher_ridge__seed_0,condition_recombine_pseudolabel,1.5,0.8,ridge,0,158,211,2.3354430379746836,True,0.8422154138438508,0.8013244867324829,0.85,reaction_role_concat,6144,random_forest,False,valid,rmse,16.386353574755656,1,0.05,random,,
condition_recombine_pseudolabel__mult_1.5__sim_0.8__teacher_ridge__seed_0,condition_recombine_pseudolabel,1.5,0.8,ridge,0,158,211,2.3354430379746836,True,0.8422154138438508,0.8013244867324829,0.85,reaction_role_concat,6144,random_forest,False,valid,mae,12.906621033614195,1,0.05,random,,
condition_recombine_pseudolabel__mult_1.5__sim_0.8__teacher_ridge__seed_0,condition_recombine_pseudolabel,1.5,0.8,ridge,0,158,211,2.3354430379746836,True,0.8422154138438508,0.8013244867324829,0.85,reaction_role_concat,6144,random_forest,False,valid,r2,0.6639711718282622,1,0.05,random,,
condition_recombine_pseudolabel__mult_1.5__sim_0.8__teacher_ridge__seed_0,condition_recombine_pseudolabel,1.5,0.8,ridge,0,158,211,2.3354430379746836,True,0.8422154138438508,0.8013244867324829,0.85,reaction_role_concat,6144,random_forest,False,valid,spearman,0.8448525946337898,1,0.05,random,,
condition_recombine_pseudolabel__mult_1.5__sim_0.8__teacher_ridge__seed_1,condition_recombine_pseudolabel,1.5,0.8,ridge,1,158,214,2.3544303797468356,True,0.8410415236080917,0.8025477528572083,0.85,reaction_role_concat,6144,random_forest,False,valid,rmse,17.305403771223943,1,0.05,random,,
condition_recombine_pseudolabel__mult_1.5__sim_0.8__teacher_ridge__seed_1,condition_recombine_pseudolabel,1.5,0.8,ridge,1,158,214,2.3544303797468356,True,0.8410415236080917,0.8025477528572083,0.85,reaction_role_concat,6144,random_forest,False,valid,mae,13.613387614796432,1,0.05,random,,
condition_recombine_pseudolabel__mult_1.5__sim_0.8__teacher_ridge__seed_1,condition_recombine_pseudolabel,1.5,0.8,ridge,1,158,214,2.3544303797468356,True,0.8410415236080917,0.8025477528572083,0.85,reaction_role_concat,6144,random_forest,False,valid,r2,0.6252208966689862,1,0.05,random,,
condition_recombine_pseudolabel__mult_1.5__sim_0.8__teacher_ridge__seed_1,condition_recombine_pseudolabel,1.5,0.8,ridge,1,158,214,2.3544303797468356,True,0.8410415236080917,0.8025477528572083,0.85,reaction_role_concat,6144,random_forest,False,valid,spearman,0.8224594151834843,1,0.05,random,,
condition_recombine_pseudolabel__mult_1.5__sim_0.8__teacher_ridge__seed_2,condition_recombine_pseudolabel,1.5,0.8,ridge,2,158,211,2.3354430379746836,True,0.8398547621699871,0.800000011920929,0.85,reaction_role_concat,6144,random_forest,False,valid,rmse,16.481493009282445,1,0.05,random,,
condition_recombine_pseudolabel__mult_1.5__sim_0.8__teacher_ridge__seed_2,condition_recombine_pseudolabel,1.5,0.8,ridge,2,158,211,2.3354430379746836,True,0.8398547621699871,0.800000011920929,0.85,reaction_role_concat,6144,random_forest,False,valid,mae,12.867633089928688,1,0.05,random,,
condition_recombine_pseudolabel__mult_1.5__sim_0.8__teacher_ridge__seed_2,condition_recombine_pseudolabel,1.5,0.8,ridge,2,158,211,2.3354430379746836,True,0.8398547621699871,0.800000011920929,0.85,reaction_role_concat,6144,random_forest,False,valid,r2,0.6600578667067231,1,0.05,random,,
condition_recombine_pseudolabel__mult_1.5__sim_0.8__teacher_ridge__seed_2,condition_recombine_pseudolabel,1.5,0.8,ridge,2,158,211,2.3354430379746836,True,0.8398547621699871,0.800000011920929,0.85,reaction_role_concat,6144,random_forest,False,valid,spearman,0.842029236767602,1,0.05,random,,
condition_recombine_pseudolabel__mult_1.5__sim_0.8__teacher_ridge__seed_3,condition_recombine_pseudolabel,1.5,0.8,ridge,3,158,207,2.310126582278481,True,0.8410930308742798,0.800000011920929,0.85,reaction_role_concat,6144,random_forest,False,valid,rmse,16.692337883737917,1,0.05,random,,
condition_recombine_pseudolabel__mult_1.5__sim_0.8__teacher_ridge__seed_3,condition_recombine_pseudolabel,1.5,0.8,ridge,3,158,207,2.310126582278481,True,0.8410930308742798,0.800000011920929,0.85,reaction_role_concat,6144,random_forest,False,valid,mae,13.214005984070937,1,0.05,random,,
condition_recombine_pseudolabel__mult_1.5__sim_0.8__teacher_ridge__seed_3,condition_recombine_pseudolabel,1.5,0.8,ridge,3,158,207,2.310126582278481,True,0.8410930308742798,0.800000011920929,0.85,reaction_role_concat,6144,random_forest,False,valid,r2,0.6513045917888416,1,0.05,random,,
condition_recombine_pseudolabel__mult_1.5__sim_0.8__teacher_ridge__seed_3,condition_recombine_pseudolabel,1.5,0.8,ridge,3,158,207,2.310126582278481,True,0.8410930308742798,0.800000011920929,0.85,reaction_role_concat,6144,random_forest,False,valid,spearman,0.8351811771021657,1,0.05,random,,
condition_recombine_pseudolabel__mult_1.5__sim_0.8__teacher_ridge__seed_4,condition_recombine_pseudolabel,1.5,0.8,ridge,4,158,216,2.367088607594937,True,0.8384397046433555,0.800000011920929,0.85,reaction_role_concat,6144,random_forest,False,valid,rmse,16.758978388302197,1,0.05,random,,
condition_recombine_pseudolabel__mult_1.5__sim_0.8__teacher_ridge__seed_4,condition_recombine_pseudolabel,1.5,0.8,ridge,4,158,216,2.367088607594937,True,0.8384397046433555,0.800000011920929,0.85,reaction_role_concat,6144,random_forest,False,valid,mae,13.220854148523717,1,0.05,random,,
condition_recombine_pseudolabel__mult_1.5__sim_0.8__teacher_ridge__seed_4,condition_recombine_pseudolabel,1.5,0.8,ridge,4,158,216,2.367088607594937,True,0.8384397046433555,0.800000011920929,0.85,reaction_role_concat,6144,random_forest,False,valid,r2,0.6485148540184706,1,0.05,random,,
condition_recombine_pseudolabel__mult_1.5__sim_0.8__teacher_ridge__seed_4,condition_recombine_pseudolabel,1.5,0.8,ridge,4,158,216,2.367088607594937,True,0.8384397046433555,0.800000011920929,0.85,reaction_role_concat,6144,random_forest,False,valid,spearman,0.8444707781823405,1,0.05,random,,
condition_recombine_pseudolabel__mult_1.5__sim_0.8__teacher_rf__seed_0,condition_recombine_pseudolabel,1.5,0.8,random_forest,0,158,211,2.3354430379746836,True,0.8422154138438508,0.8013244867324829,0.85,reaction_role_concat,6144,random_forest,False,valid,rmse,16.60841001484329,1,0.05,random,,
condition_recombine_pseudolabel__mult_1.5__sim_0.8__teacher_rf__seed_0,condition_recombine_pseudolabel,1.5,0.8,random_forest,0,158,211,2.3354430379746836,True,0.8422154138438508,0.8013244867324829,0.85,reaction_role_concat,6144,random_forest,False,valid,mae,12.358977985732164,1,0.05,random,,
condition_recombine_pseudolabel__mult_1.5__sim_0.8__teacher_rf__seed_0,condition_recombine_pseudolabel,1.5,0.8,random_forest,0,158,211,2.3354430379746836,True,0.8422154138438508,0.8013244867324829,0.85,reaction_role_concat,6144,random_forest,False,valid,r2,0.6548022073888927,1,0.05,random,,
condition_recombine_pseudolabel__mult_1.5__sim_0.8__teacher_rf__seed_0,condition_recombine_pseudolabel,1.5,0.8,random_forest,0,158,211,2.3354430379746836,True,0.8422154138438508,0.8013244867324829,0.85,reaction_role_concat,6144,random_forest,False,valid,spearman,0.8311865648931998,1,0.05,random,,
condition_recombine_pseudolabel__mult_1.5__sim_0.8__teacher_rf__seed_1,condition_recombine_pseudolabel,1.5,0.8,random_forest,1,158,214,2.3544303797468356,True,0.8410415236080917,0.8025477528572083,0.85,reaction_role_concat,6144,random_forest,False,valid,rmse,17.20829707026095,1,0.05,random,,
condition_recombine_pseudolabel__mult_1.5__sim_0.8__teacher_rf__seed_1,condition_recombine_pseudolabel,1.5,0.8,random_forest,1,158,214,2.3544303797468356,True,0.8410415236080917,0.8025477528572083,0.85,reaction_role_concat,6144,random_forest,False,valid,mae,12.630047173276735,1,0.05,random,,
condition_recombine_pseudolabel__mult_1.5__sim_0.8__teacher_rf__seed_1,condition_recombine_pseudolabel,1.5,0.8,random_forest,1,158,214,2.3544303797468356,True,0.8410415236080917,0.8025477528572083,0.85,reaction_role_concat,6144,random_forest,False,valid,r2,0.6294151303617037,1,0.05,random,,
condition_recombine_pseudolabel__mult_1.5__sim_0.8__teacher_rf__seed_1,condition_recombine_pseudolabel,1.5,0.8,random_forest,1,158,214,2.3544303797468356,True,0.8410415236080917,0.8025477528572083,0.85,reaction_role_concat,6144,random_forest,False,valid,spearman,0.8199392902756779,1,0.05,random,,
condition_recombine_pseudolabel__mult_1.5__sim_0.8__teacher_rf__seed_2,condition_recombine_pseudolabel,1.5,0.8,random_forest,2,158,211,2.3354430379746836,True,0.8398547621699871,0.800000011920929,0.85,reaction_role_concat,6144,random_forest,False,valid,rmse,16.944452877071665,1,0.05,random,,
condition_recombine_pseudolabel__mult_1.5__sim_0.8__teacher_rf__seed_2,condition_recombine_pseudolabel,1.5,0.8,random_forest,2,158,211,2.3354430379746836,True,0.8398547621699871,0.800000011920929,0.85,reaction_role_concat,6144,random_forest,False,valid,mae,12.52487350507024,1,0.05,random,,
condition_recombine_pseudolabel__mult_1.5__sim_0.8__teacher_rf__seed_2,condition_recombine_pseudolabel,1.5,0.8,random_forest,2,158,211,2.3354430379746836,True,0.8398547621699871,0.800000011920929,0.85,reaction_role_concat,6144,random_forest,False,valid,r2,0.6406919105009468,1,0.05,random,,
condition_recombine_pseudolabel__mult_1.5__sim_0.8__teacher_rf__seed_2,condition_recombine_pseudolabel,1.5,0.8,random_forest,2,158,211,2.3354430379746836,True,0.8398547621699871,0.800000011920929,0.85,reaction_role_concat,6144,random_forest,False,valid,spearman,0.8258992688298624,1,0.05,random,,
condition_recombine_pseudolabel__mult_1.5__sim_0.8__teacher_rf__seed_3,condition_recombine_pseudolabel,1.5,0.8,random_forest,3,158,207,2.310126582278481,True,0.8410930308742798,0.800000011920929,0.85,reaction_role_concat,6144,random_forest,False,valid,rmse,16.48366875111488,1,0.05,random,,
condition_recombine_pseudolabel__mult_1.5__sim_0.8__teacher_rf__seed_3,condition_recombine_pseudolabel,1.5,0.8,random_forest,3,158,207,2.310126582278481,True,0.8410930308742798,0.800000011920929,0.85,reaction_role_concat,6144,random_forest,False,valid,mae,12.142144854301138,1,0.05,random,,
condition_recombine_pseudolabel__mult_1.5__sim_0.8__teacher_rf__seed_3,condition_recombine_pseudolabel,1.5,0.8,random_forest,3,158,207,2.310126582278481,True,0.8410930308742798,0.800000011920929,0.85,reaction_role_concat,6144,random_forest,False,valid,r2,0.6599681084379692,1,0.05,random,,
condition_recombine_pseudolabel__mult_1.5__sim_0.8__teacher_rf__seed_3,condition_recombine_pseudolabel,1.5,0.8,random_forest,3,158,207,2.310126582278481,True,0.8410930308742798,0.800000011920929,0.85,reaction_role_concat,6144,random_forest,False,valid,spearman,0.8341900707918234,1,0.05,random,,
condition_recombine_pseudolabel__mult_1.5__sim_0.8__teacher_rf__seed_4,condition_recombine_pseudolabel,1.5,0.8,random_forest,4,158,216,2.367088607594937,True,0.8384397046433555,0.800000011920929,0.85,reaction_role_concat,6144,random_forest,False,valid,rmse,16.590799324135975,1,0.05,random,,
condition_recombine_pseudolabel__mult_1.5__sim_0.8__teacher_rf__seed_4,condition_recombine_pseudolabel,1.5,0.8,random_forest,4,158,216,2.367088607594937,True,0.8384397046433555,0.800000011920929,0.85,reaction_role_concat,6144,random_forest,False,valid,mae,12.326857697859595,1,0.05,random,,
condition_recombine_pseudolabel__mult_1.5__sim_0.8__teacher_rf__seed_4,condition_recombine_pseudolabel,1.5,0.8,random_forest,4,158,216,2.367088607594937,True,0.8384397046433555,0.800000011920929,0.85,reaction_role_concat,6144,random_forest,False,valid,r2,0.6555338786969896,1,0.05,random,,
condition_recombine_pseudolabel__mult_1.5__sim_0.8__teacher_rf__seed_4,condition_recombine_pseudolabel,1.5,0.8,random_forest,4,158,216,2.367088607594937,True,0.8384397046433555,0.800000011920929,0.85,reaction_role_concat,6144,random_forest,False,valid,spearman,0.8321390124095542,1,0.05,random,,
condition_recombine_pseudolabel__mult_1.5__sim_0.85__teacher_ridge__seed_0,condition_recombine_pseudolabel,1.5,0.85,ridge,0,158,139,1.879746835443038,True,0.8499999999999999,0.85,0.85,reaction_role_concat,6144,random_forest,False,valid,rmse,16.527267744701234,1,0.05,random,,
condition_recombine_pseudolabel__mult_1.5__sim_0.85__teacher_ridge__seed_0,condition_recombine_pseudolabel,1.5,0.85,ridge,0,158,139,1.879746835443038,True,0.8499999999999999,0.85,0.85,reaction_role_concat,6144,random_forest,False,valid,mae,12.962452785212783,1,0.05,random,,
condition_recombine_pseudolabel__mult_1.5__sim_0.85__teacher_ridge__seed_0,condition_recombine_pseudolabel,1.5,0.85,ridge,0,158,139,1.879746835443038,True,0.8499999999999999,0.85,0.85,reaction_role_concat,6144,random_forest,False,valid,r2,0.6581669736942045,1,0.05,random,,
condition_recombine_pseudolabel__mult_1.5__sim_0.85__teacher_ridge__seed_0,condition_recombine_pseudolabel,1.5,0.85,ridge,0,158,139,1.879746835443038,True,0.8499999999999999,0.85,0.85,reaction_role_concat,6144,random_forest,False,valid,spearman,0.8419105338208239,1,0.05,random,,
condition_recombine_pseudolabel__mult_1.5__sim_0.85__teacher_ridge__seed_1,condition_recombine_pseudolabel,1.5,0.85,ridge,1,158,131,1.8291139240506329,True,0.85,0.85,0.85,reaction_role_concat,6144,random_forest,False,valid,rmse,16.82117916136351,1,0.05,random,,
condition_recombine_pseudolabel__mult_1.5__sim_0.85__teacher_ridge__seed_1,condition_recombine_pseudolabel,1.5,0.85,ridge,1,158,131,1.8291139240506329,True,0.85,0.85,0.85,reaction_role_concat,6144,random_forest,False,valid,mae,13.18082905317711,1,0.05,random,,
condition_recombine_pseudolabel__mult_1.5__sim_0.85__teacher_ridge__seed_1,condition_recombine_pseudolabel,1.5,0.85,ridge,1,158,131,1.8291139240506329,True,0.85,0.85,0.85,reaction_role_concat,6144,random_forest,False,valid,r2,0.6459009453676583,1,0.05,random,,
condition_recombine_pseudolabel__mult_1.5__sim_0.85__teacher_ridge__seed_1,condition_recombine_pseudolabel,1.5,0.85,ridge,1,158,131,1.8291139240506329,True,0.85,0.85,0.85,reaction_role_concat,6144,random_forest,False,valid,spearman,0.8326458613332457,1,0.05,random,,
condition_recombine_pseudolabel__mult_1.5__sim_0.85__teacher_ridge__seed_2,condition_recombine_pseudolabel,1.5,0.85,ridge,2,158,125,1.7911392405063291,True,0.8499999999999995,0.85,0.85,reaction_role_concat,6144,random_forest,False,valid,rmse,16.412164346791286,1,0.05,random,,
condition_recombine_pseudolabel__mult_1.5__sim_0.85__teacher_ridge__seed_2,condition_recombine_pseudolabel,1.5,0.85,ridge,2,158,125,1.7911392405063291,True,0.8499999999999995,0.85,0.85,reaction_role_concat,6144,random_forest,False,valid,mae,12.838497531884833,1,0.05,random,,
condition_recombine_pseudolabel__mult_1.5__sim_0.85__teacher_ridge__seed_2,condition_recombine_pseudolabel,1.5,0.85,ridge,2,158,125,1.7911392405063291,True,0.8499999999999995,0.85,0.85,reaction_role_concat,6144,random_forest,False,valid,r2,0.6629117544102932,1,0.05,random,,
condition_recombine_pseudolabel__mult_1.5__sim_0.85__teacher_ridge__seed_2,condition_recombine_pseudolabel,1.5,0.85,ridge,2,158,125,1.7911392405063291,True,0.8499999999999995,0.85,0.85,reaction_role_concat,6144,random_forest,False,valid,spearman,0.8411628707975572,1,0.05,random,,
condition_recombine_pseudolabel__mult_1.5__sim_0.85__teacher_ridge__seed_3,condition_recombine_pseudolabel,1.5,0.85,ridge,3,158,127,1.8037974683544304,True,0.8499999999999994,0.85,0.85,reaction_role_concat,6144,random_forest,False,valid,rmse,16.609072340897793,1,0.05,random,,
condition_recombine_pseudolabel__mult_1.5__sim_0.85__teacher_ridge__seed_3,condition_recombine_pseudolabel,1.5,0.85,ridge,3,158,127,1.8037974683544304,True,0.8499999999999994,0.85,0.85,reaction_role_concat,6144,random_forest,False,valid,mae,13.228886017717894,1,0.05,random,,
condition_recombine_pseudolabel__mult_1.5__sim_0.85__teacher_ridge__seed_3,condition_recombine_pseudolabel,1.5,0.85,ridge,3,158,127,1.8037974683544304,True,0.8499999999999994,0.85,0.85,reaction_role_concat,6144,random_forest,False,valid,r2,0.654774674584653,1,0.05,random,,
condition_recombine_pseudolabel__mult_1.5__sim_0.85__teacher_ridge__seed_3,condition_recombine_pseudolabel,1.5,0.85,ridge,3,158,127,1.8037974683544304,True,0.8499999999999994,0.85,0.85,reaction_role_concat,6144,random_forest,False,valid,spearman,0.8383663890702626,1,0.05,random,,
condition_recombine_pseudolabel__mult_1.5__sim_0.85__teacher_ridge__seed_4,condition_recombine_pseudolabel,1.5,0.85,ridge,4,158,120,1.759493670886076,True,0.8499999999999998,0.85,0.85,reaction_role_concat,6144,random_forest,False,valid,rmse,16.63220897430107,1,0.05,random,,
condition_recombine_pseudolabel__mult_1.5__sim_0.85__teacher_ridge__seed_4,condition_recombine_pseudolabel,1.5,0.85,ridge,4,158,120,1.759493670886076,True,0.8499999999999998,0.85,0.85,reaction_role_concat,6144,random_forest,False,valid,mae,12.955777873404417,1,0.05,random,,
condition_recombine_pseudolabel__mult_1.5__sim_0.85__teacher_ridge__seed_4,condition_recombine_pseudolabel,1.5,0.85,ridge,4,158,120,1.759493670886076,True,0.8499999999999998,0.85,0.85,reaction_role_concat,6144,random_forest,False,valid,r2,0.6538121987920049,1,0.05,random,,
condition_recombine_pseudolabel__mult_1.5__sim_0.85__teacher_ridge__seed_4,condition_recombine_pseudolabel,1.5,0.85,ridge,4,158,120,1.759493670886076,True,0.8499999999999998,0.85,0.85,reaction_role_concat,6144,random_forest,False,valid,spearman,0.8391453102115897,1,0.05,random,,
condition_recombine_pseudolabel__mult_1.5__sim_0.85__teacher_rf__seed_0,condition_recombine_pseudolabel,1.5,0.85,random_forest,0,158,139,1.879746835443038,True,0.8499999999999999,0.85,0.85,reaction_role_concat,6144,random_forest,False,valid,rmse,16.41669360967354,1,0.05,random,,
condition_recombine_pseudolabel__mult_1.5__sim_0.85__teacher_rf__seed_0,condition_recombine_pseudolabel,1.5,0.85,random_forest,0,158,139,1.879746835443038,True,0.8499999999999999,0.85,0.85,reaction_role_concat,6144,random_forest,False,valid,mae,12.264411919311632,1,0.05,random,,
condition_recombine_pseudolabel__mult_1.5__sim_0.85__teacher_rf__seed_0,condition_recombine_pseudolabel,1.5,0.85,random_forest,0,158,139,1.879746835443038,True,0.8499999999999999,0.85,0.85,reaction_role_concat,6144,random_forest,False,valid,r2,0.6627256763383722,1,0.05,random,,
condition_recombine_pseudolabel__mult_1.5__sim_0.85__teacher_rf__seed_0,condition_recombine_pseudolabel,1.5,0.85,random_forest,0,158,139,1.879746835443038,True,0.8499999999999999,0.85,0.85,reaction_role_concat,6144,random_forest,False,valid,spearman,0.8337618053612003,1,0.05,random,,
condition_recombine_pseudolabel__mult_1.5__sim_0.85__teacher_rf__seed_1,condition_recombine_pseudolabel,1.5,0.85,random_forest,1,158,131,1.8291139240506329,True,0.85,0.85,0.85,reaction_role_concat,6144,random_forest,False,valid,rmse,17.25246494343171,1,0.05,random,,
condition_recombine_pseudolabel__mult_1.5__sim_0.85__teacher_rf__seed_1,condition_recombine_pseudolabel,1.5,0.85,random_forest,1,158,131,1.8291139240506329,True,0.85,0.85,0.85,reaction_role_concat,6144,random_forest,False,valid,mae,12.549272923142095,1,0.05,random,,
condition_recombine_pseudolabel__mult_1.5__sim_0.85__teacher_rf__seed_1,condition_recombine_pseudolabel,1.5,0.85,random_forest,1,158,131,1.8291139240506329,True,0.85,0.85,0.85,reaction_role_concat,6144,random_forest,False,valid,r2,0.6275103572232715,1,0.05,random,,
condition_recombine_pseudolabel__mult_1.5__sim_0.85__teacher_rf__seed_1,condition_recombine_pseudolabel,1.5,0.85,random_forest,1,158,131,1.8291139240506329,True,0.85,0.85,0.85,reaction_role_concat,6144,random_forest,False,valid,spearman,0.8170130045877144,1,0.05,random,,
condition_recombine_pseudolabel__mult_1.5__sim_0.85__teacher_rf__seed_2,condition_recombine_pseudolabel,1.5,0.85,random_forest,2,158,125,1.7911392405063291,True,0.8499999999999995,0.85,0.85,reaction_role_concat,6144,random_forest,False,valid,rmse,16.542572093943974,1,0.05,random,,
condition_recombine_pseudolabel__mult_1.5__sim_0.85__teacher_rf__seed_2,condition_recombine_pseudolabel,1.5,0.85,random_forest,2,158,125,1.7911392405063291,True,0.8499999999999995,0.85,0.85,reaction_role_concat,6144,random_forest,False,valid,mae,12.38428843545612,1,0.05,random,,
condition_recombine_pseudolabel__mult_1.5__sim_0.85__teacher_rf__seed_2,condition_recombine_pseudolabel,1.5,0.85,random_forest,2,158,125,1.7911392405063291,True,0.8499999999999995,0.85,0.85,reaction_role_concat,6144,random_forest,False,valid,r2,0.6575336017039666,1,0.05,random,,
condition_recombine_pseudolabel__mult_1.5__sim_0.85__teacher_rf__seed_2,condition_recombine_pseudolabel,1.5,0.85,random_forest,2,158,125,1.7911392405063291,True,0.8499999999999995,0.85,0.85,reaction_role_concat,6144,random_forest,False,valid,spearman,0.8336043462431195,1,0.05,random,,
condition_recombine_pseudolabel__mult_1.5__sim_0.85__teacher_rf__seed_3,condition_recombine_pseudolabel,1.5,0.85,random_forest,3,158,127,1.8037974683544304,True,0.8499999999999994,0.85,0.85,reaction_role_concat,6144,random_forest,False,valid,rmse,16.545798786971666,1,0.05,random,,
condition_recombine_pseudolabel__mult_1.5__sim_0.85__teacher_rf__seed_3,condition_recombine_pseudolabel,1.5,0.85,random_forest,3,158,127,1.8037974683544304,True,0.8499999999999994,0.85,0.85,reaction_role_concat,6144,random_forest,False,valid,mae,12.333554922395114,1,0.05,random,,
condition_recombine_pseudolabel__mult_1.5__sim_0.85__teacher_rf__seed_3,condition_recombine_pseudolabel,1.5,0.85,random_forest,3,158,127,1.8037974683544304,True,0.8499999999999994,0.85,0.85,reaction_role_concat,6144,random_forest,False,valid,r2,0.6573999898685267,1,0.05,random,,
condition_recombine_pseudolabel__mult_1.5__sim_0.85__teacher_rf__seed_3,condition_recombine_pseudolabel,1.5,0.85,random_forest,3,158,127,1.8037974683544304,True,0.8499999999999994,0.85,0.85,reaction_role_concat,6144,random_forest,False,valid,spearman,0.8331071376735965,1,0.05,random,,
condition_recombine_pseudolabel__mult_1.5__sim_0.85__teacher_rf__seed_4,condition_recombine_pseudolabel,1.5,0.85,random_forest,4,158,120,1.759493670886076,True,0.8499999999999998,0.85,0.85,reaction_role_concat,6144,random_forest,False,valid,rmse,16.312585403374936,1,0.05,random,,
condition_recombine_pseudolabel__mult_1.5__sim_0.85__teacher_rf__seed_4,condition_recombine_pseudolabel,1.5,0.85,random_forest,4,158,120,1.759493670886076,True,0.8499999999999998,0.85,0.85,reaction_role_concat,6144,random_forest,False,valid,mae,12.100318135161944,1,0.05,random,,
condition_recombine_pseudolabel__mult_1.5__sim_0.85__teacher_rf__seed_4,condition_recombine_pseudolabel,1.5,0.85,random_forest,4,158,120,1.759493670886076,True,0.8499999999999998,0.85,0.85,reaction_role_concat,6144,random_forest,False,valid,r2,0.6669898344216931,1,0.05,random,,
condition_recombine_pseudolabel__mult_1.5__sim_0.85__teacher_rf__seed_4,condition_recombine_pseudolabel,1.5,0.85,random_forest,4,158,120,1.759493670886076,True,0.8499999999999998,0.85,0.85,reaction_role_concat,6144,random_forest,False,valid,spearman,0.8391941936236345,1,0.05,random,,
condition_recombine_pseudolabel__mult_1.5__sim_0.9__teacher_ridge__seed_0,condition_recombine_pseudolabel,1.5,0.9,ridge,0,158,72,1.4556962025316456,True,0.8499999999999999,0.85,0.85,reaction_role_concat,6144,random_forest,False,valid,rmse,16.15806538314849,1,0.05,random,,
condition_recombine_pseudolabel__mult_1.5__sim_0.9__teacher_ridge__seed_0,condition_recombine_pseudolabel,1.5,0.9,ridge,0,158,72,1.4556962025316456,True,0.8499999999999999,0.85,0.85,reaction_role_concat,6144,random_forest,False,valid,mae,12.506451087827925,1,0.05,random,,
condition_recombine_pseudolabel__mult_1.5__sim_0.9__teacher_ridge__seed_0,condition_recombine_pseudolabel,1.5,0.9,ridge,0,158,72,1.4556962025316456,True,0.8499999999999999,0.85,0.85,reaction_role_concat,6144,random_forest,False,valid,r2,0.6732687933692512,1,0.05,random,,
condition_recombine_pseudolabel__mult_1.5__sim_0.9__teacher_ridge__seed_0,condition_recombine_pseudolabel,1.5,0.9,ridge,0,158,72,1.4556962025316456,True,0.8499999999999999,0.85,0.85,reaction_role_concat,6144,random_forest,False,valid,spearman,0.8466810484743571,1,0.05,random,,
condition_recombine_pseudolabel__mult_1.5__sim_0.9__teacher_ridge__seed_1,condition_recombine_pseudolabel,1.5,0.9,ridge,1,158,59,1.3734177215189873,True,0.85,0.85,0.85,reaction_role_concat,6144,random_forest,False,valid,rmse,16.14630002617297,1,0.05,random,,
condition_recombine_pseudolabel__mult_1.5__sim_0.9__teacher_ridge__seed_1,condition_recombine_pseudolabel,1.5,0.9,ridge,1,158,59,1.3734177215189873,True,0.85,0.85,0.85,reaction_role_concat,6144,random_forest,False,valid,mae,12.545630546855019,1,0.05,random,,
condition_recombine_pseudolabel__mult_1.5__sim_0.9__teacher_ridge__seed_1,condition_recombine_pseudolabel,1.5,0.9,ridge,1,158,59,1.3734177215189873,True,0.85,0.85,0.85,reaction_role_concat,6144,random_forest,False,valid,r2,0.6737444332014095,1,0.05,random,,
condition_recombine_pseudolabel__mult_1.5__sim_0.9__teacher_ridge__seed_1,condition_recombine_pseudolabel,1.5,0.9,ridge,1,158,59,1.3734177215189873,True,0.85,0.85,0.85,reaction_role_concat,6144,random_forest,False,valid,spearman,0.8423605143926544,1,0.05,random,,
condition_recombine_pseudolabel__mult_1.5__sim_0.9__teacher_ridge__seed_2,condition_recombine_pseudolabel,1.5,0.9,ridge,2,158,62,1.3924050632911393,True,0.8500000000000001,0.85,0.85,reaction_role_concat,6144,random_forest,False,valid,rmse,16.39099179656641,1,0.05,random,,
condition_recombine_pseudolabel__mult_1.5__sim_0.9__teacher_ridge__seed_2,condition_recombine_pseudolabel,1.5,0.9,ridge,2,158,62,1.3924050632911393,True,0.8500000000000001,0.85,0.85,reaction_role_concat,6144,random_forest,False,valid,mae,12.6900221245817,1,0.05,random,,
condition_recombine_pseudolabel__mult_1.5__sim_0.9__teacher_ridge__seed_2,condition_recombine_pseudolabel,1.5,0.9,ridge,2,158,62,1.3924050632911393,True,0.8500000000000001,0.85,0.85,reaction_role_concat,6144,random_forest,False,valid,r2,0.6637809163436206,1,0.05,random,,
condition_recombine_pseudolabel__mult_1.5__sim_0.9__teacher_ridge__seed_2,condition_recombine_pseudolabel,1.5,0.9,ridge,2,158,62,1.3924050632911393,True,0.8500000000000001,0.85,0.85,reaction_role_concat,6144,random_forest,False,valid,spearman,0.8435490045201575,1,0.05,random,,
condition_recombine_pseudolabel__mult_1.5__sim_0.9__teacher_ridge__seed_3,condition_recombine_pseudolabel,1.5,0.9,ridge,3,158,65,1.4113924050632911,True,0.8499999999999999,0.85,0.85,reaction_role_concat,6144,random_forest,False,valid,rmse,16.34891966730849,1,0.05,random,,
condition_recombine_pseudolabel__mult_1.5__sim_0.9__teacher_ridge__seed_3,condition_recombine_pseudolabel,1.5,0.9,ridge,3,158,65,1.4113924050632911,True,0.8499999999999999,0.85,0.85,reaction_role_concat,6144,random_forest,False,valid,mae,12.768481837381291,1,0.05,random,,
condition_recombine_pseudolabel__mult_1.5__sim_0.9__teacher_ridge__seed_3,condition_recombine_pseudolabel,1.5,0.9,ridge,3,158,65,1.4113924050632911,True,0.8499999999999999,0.85,0.85,reaction_role_concat,6144,random_forest,False,valid,r2,0.6655047044784335,1,0.05,random,,
condition_recombine_pseudolabel__mult_1.5__sim_0.9__teacher_ridge__seed_3,condition_recombine_pseudolabel,1.5,0.9,ridge,3,158,65,1.4113924050632911,True,0.8499999999999999,0.85,0.85,reaction_role_concat,6144,random_forest,False,valid,spearman,0.8401838392742541,1,0.05,random,,
condition_recombine_pseudolabel__mult_1.5__sim_0.9__teacher_ridge__seed_4,condition_recombine_pseudolabel,1.5,0.9,ridge,4,158,54,1.3417721518987342,True,0.8500000000000001,0.85,0.85,reaction_role_concat,6144,random_forest,False,valid,rmse,16.207153612499933,1,0.05,random,,
condition_recombine_pseudolabel__mult_1.5__sim_0.9__teacher_ridge__seed_4,condition_recombine_pseudolabel,1.5,0.9,ridge,4,158,54,1.3417721518987342,True,0.8500000000000001,0.85,0.85,reaction_role_concat,6144,random_forest,False,valid,mae,12.520052574565138,1,0.05,random,,
condition_recombine_pseudolabel__mult_1.5__sim_0.9__teacher_ridge__seed_4,condition_recombine_pseudolabel,1.5,0.9,ridge,4,158,54,1.3417721518987342,True,0.8500000000000001,0.85,0.85,reaction_role_concat,6144,random_forest,False,valid,r2,0.6712805579266025,1,0.05,random,,
condition_recombine_pseudolabel__mult_1.5__sim_0.9__teacher_ridge__seed_4,condition_recombine_pseudolabel,1.5,0.9,ridge,4,158,54,1.3417721518987342,True,0.8500000000000001,0.85,0.85,reaction_role_concat,6144,random_forest,False,valid,spearman,0.8440690967586657,1,0.05,random,,
condition_recombine_pseudolabel__mult_1.5__sim_0.9__teacher_rf__seed_0,condition_recombine_pseudolabel,1.5,0.9,random_forest,0,158,72,1.4556962025316456,True,0.8499999999999999,0.85,0.85,reaction_role_concat,6144,random_forest,False,valid,rmse,16.59869328645594,1,0.05,random,,
condition_recombine_pseudolabel__mult_1.5__sim_0.9__teacher_rf__seed_0,condition_recombine_pseudolabel,1.5,0.9,random_forest,0,158,72,1.4556962025316456,True,0.8499999999999999,0.85,0.85,reaction_role_concat,6144,random_forest,False,valid,mae,12.289517639215989,1,0.05,random,,
condition_recombine_pseudolabel__mult_1.5__sim_0.9__teacher_rf__seed_0,condition_recombine_pseudolabel,1.5,0.9,random_forest,0,158,72,1.4556962025316456,True,0.8499999999999999,0.85,0.85,reaction_role_concat,6144,random_forest,False,valid,r2,0.6552060042610275,1,0.05,random,,
condition_recombine_pseudolabel__mult_1.5__sim_0.9__teacher_rf__seed_0,condition_recombine_pseudolabel,1.5,0.9,random_forest,0,158,72,1.4556962025316456,True,0.8499999999999999,0.85,0.85,reaction_role_concat,6144,random_forest,False,valid,spearman,0.8315814299048364,1,0.05,random,,
condition_recombine_pseudolabel__mult_1.5__sim_0.9__teacher_rf__seed_1,condition_recombine_pseudolabel,1.5,0.9,random_forest,1,158,59,1.3734177215189873,True,0.85,0.85,0.85,reaction_role_concat,6144,random_forest,False,valid,rmse,16.70782291939344,1,0.05,random,,
condition_recombine_pseudolabel__mult_1.5__sim_0.9__teacher_rf__seed_1,condition_recombine_pseudolabel,1.5,0.9,random_forest,1,158,59,1.3734177215189873,True,0.85,0.85,0.85,reaction_role_concat,6144,random_forest,False,valid,mae,12.532978403355502,1,0.05,random,,
condition_recombine_pseudolabel__mult_1.5__sim_0.9__teacher_rf__seed_1,condition_recombine_pseudolabel,1.5,0.9,random_forest,1,158,59,1.3734177215189873,True,0.85,0.85,0.85,reaction_role_concat,6144,random_forest,False,valid,r2,0.650657340890757,1,0.05,random,,
condition_recombine_pseudolabel__mult_1.5__sim_0.9__teacher_rf__seed_1,condition_recombine_pseudolabel,1.5,0.9,random_forest,1,158,59,1.3734177215189873,True,0.85,0.85,0.85,reaction_role_concat,6144,random_forest,False,valid,spearman,0.825864602505783,1,0.05,random,,
condition_recombine_pseudolabel__mult_1.5__sim_0.9__teacher_rf__seed_2,condition_recombine_pseudolabel,1.5,0.9,random_forest,2,158,62,1.3924050632911393,True,0.8500000000000001,0.85,0.85,reaction_role_concat,6144,random_forest,False,valid,rmse,16.350291603198002,1,0.05,random,,
condition_recombine_pseudolabel__mult_1.5__sim_0.9__teacher_rf__seed_2,condition_recombine_pseudolabel,1.5,0.9,random_forest,2,158,62,1.3924050632911393,True,0.8500000000000001,0.85,0.85,reaction_role_concat,6144,random_forest,False,valid,mae,12.201521074043045,1,0.05,random,,
condition_recombine_pseudolabel__mult_1.5__sim_0.9__teacher_rf__seed_2,condition_recombine_pseudolabel,1.5,0.9,random_forest,2,158,62,1.3924050632911393,True,0.8500000000000001,0.85,0.85,reaction_role_concat,6144,random_forest,False,valid,r2,0.6654485631106956,1,0.05,random,,
condition_recombine_pseudolabel__mult_1.5__sim_0.9__teacher_rf__seed_2,condition_recombine_pseudolabel,1.5,0.9,random_forest,2,158,62,1.3924050632911393,True,0.8500000000000001,0.85,0.85,reaction_role_concat,6144,random_forest,False,valid,spearman,0.8377682976025754,1,0.05,random,,
condition_recombine_pseudolabel__mult_1.5__sim_0.9__teacher_rf__seed_3,condition_recombine_pseudolabel,1.5,0.9,random_forest,3,158,65,1.4113924050632911,True,0.8499999999999999,0.85,0.85,reaction_role_concat,6144,random_forest,False,valid,rmse,16.45128629933984,1,0.05,random,,
condition_recombine_pseudolabel__mult_1.5__sim_0.9__teacher_rf__seed_3,condition_recombine_pseudolabel,1.5,0.9,random_forest,3,158,65,1.4113924050632911,True,0.8499999999999999,0.85,0.85,reaction_role_concat,6144,random_forest,False,valid,mae,12.229918268944642,1,0.05,random,,
condition_recombine_pseudolabel__mult_1.5__sim_0.9__teacher_rf__seed_3,condition_recombine_pseudolabel,1.5,0.9,random_forest,3,158,65,1.4113924050632911,True,0.8499999999999999,0.85,0.85,reaction_role_concat,6144,random_forest,False,valid,r2,0.6613027931834158,1,0.05,random,,
condition_recombine_pseudolabel__mult_1.5__sim_0.9__teacher_rf__seed_3,condition_recombine_pseudolabel,1.5,0.9,random_forest,3,158,65,1.4113924050632911,True,0.8499999999999999,0.85,0.85,reaction_role_concat,6144,random_forest,False,valid,spearman,0.8336895513935961,1,0.05,random,,
condition_recombine_pseudolabel__mult_1.5__sim_0.9__teacher_rf__seed_4,condition_recombine_pseudolabel,1.5,0.9,random_forest,4,158,54,1.3417721518987342,True,0.8500000000000001,0.85,0.85,reaction_role_concat,6144,random_forest,False,valid,rmse,16.016811908640168,1,0.05,random,,
condition_recombine_pseudolabel__mult_1.5__sim_0.9__teacher_rf__seed_4,condition_recombine_pseudolabel,1.5,0.9,random_forest,4,158,54,1.3417721518987342,True,0.8500000000000001,0.85,0.85,reaction_role_concat,6144,random_forest,False,valid,mae,11.976847497244425,1,0.05,random,,
condition_recombine_pseudolabel__mult_1.5__sim_0.9__teacher_rf__seed_4,condition_recombine_pseudolabel,1.5,0.9,random_forest,4,158,54,1.3417721518987342,True,0.8500000000000001,0.85,0.85,reaction_role_concat,6144,random_forest,False,valid,r2,0.6789563787971672,1,0.05,random,,
condition_recombine_pseudolabel__mult_1.5__sim_0.9__teacher_rf__seed_4,condition_recombine_pseudolabel,1.5,0.9,random_forest,4,158,54,1.3417721518987342,True,0.8500000000000001,0.85,0.85,reaction_role_concat,6144,random_forest,False,valid,spearman,0.844668843640705,1,0.05,random,,
condition_recombine_pseudolabel__mult_1.5__sim_0.95__teacher_ridge__seed_0,condition_recombine_pseudolabel,1.5,0.95,ridge,0,158,0,1.0,True,,,,reaction_role_concat,6144,random_forest,False,valid,rmse,16.074816518459752,1,0.05,random,,
condition_recombine_pseudolabel__mult_1.5__sim_0.95__teacher_ridge__seed_0,condition_recombine_pseudolabel,1.5,0.95,ridge,0,158,0,1.0,True,,,,reaction_role_concat,6144,random_forest,False,valid,mae,12.086281774744203,1,0.05,random,,
condition_recombine_pseudolabel__mult_1.5__sim_0.95__teacher_ridge__seed_0,condition_recombine_pseudolabel,1.5,0.95,ridge,0,158,0,1.0,True,,,,reaction_role_concat,6144,random_forest,False,valid,r2,0.6766268603219118,1,0.05,random,,
condition_recombine_pseudolabel__mult_1.5__sim_0.95__teacher_ridge__seed_0,condition_recombine_pseudolabel,1.5,0.95,ridge,0,158,0,1.0,True,,,,reaction_role_concat,6144,random_forest,False,valid,spearman,0.8448850212796283,1,0.05,random,,
condition_recombine_pseudolabel__mult_1.5__sim_0.95__teacher_ridge__seed_1,condition_recombine_pseudolabel,1.5,0.95,ridge,1,158,0,1.0,True,,,,reaction_role_concat,6144,random_forest,False,valid,rmse,16.074816518459752,1,0.05,random,,
condition_recombine_pseudolabel__mult_1.5__sim_0.95__teacher_ridge__seed_1,condition_recombine_pseudolabel,1.5,0.95,ridge,1,158,0,1.0,True,,,,reaction_role_concat,6144,random_forest,False,valid,mae,12.086281774744203,1,0.05,random,,
condition_recombine_pseudolabel__mult_1.5__sim_0.95__teacher_ridge__seed_1,condition_recombine_pseudolabel,1.5,0.95,ridge,1,158,0,1.0,True,,,,reaction_role_concat,6144,random_forest,False,valid,r2,0.6766268603219118,1,0.05,random,,
condition_recombine_pseudolabel__mult_1.5__sim_0.95__teacher_ridge__seed_1,condition_recombine_pseudolabel,1.5,0.95,ridge,1,158,0,1.0,True,,,,reaction_role_concat,6144,random_forest,False,valid,spearman,0.8448850212796283,1,0.05,random,,
condition_recombine_pseudolabel__mult_1.5__sim_0.95__teacher_ridge__seed_2,condition_recombine_pseudolabel,1.5,0.95,ridge,2,158,0,1.0,True,,,,reaction_role_concat,6144,random_forest,False,valid,rmse,16.074816518459752,1,0.05,random,,
condition_recombine_pseudolabel__mult_1.5__sim_0.95__teacher_ridge__seed_2,condition_recombine_pseudolabel,1.5,0.95,ridge,2,158,0,1.0,True,,,,reaction_role_concat,6144,random_forest,False,valid,mae,12.086281774744203,1,0.05,random,,
condition_recombine_pseudolabel__mult_1.5__sim_0.95__teacher_ridge__seed_2,condition_recombine_pseudolabel,1.5,0.95,ridge,2,158,0,1.0,True,,,,reaction_role_concat,6144,random_forest,False,valid,r2,0.6766268603219118,1,0.05,random,,
condition_recombine_pseudolabel__mult_1.5__sim_0.95__teacher_ridge__seed_2,condition_recombine_pseudolabel,1.5,0.95,ridge,2,158,0,1.0,True,,,,reaction_role_concat,6144,random_forest,False,valid,spearman,0.8448850212796283,1,0.05,random,,
condition_recombine_pseudolabel__mult_1.5__sim_0.95__teacher_ridge__seed_3,condition_recombine_pseudolabel,1.5,0.95,ridge,3,158,0,1.0,True,,,,reaction_role_concat,6144,random_forest,False,valid,rmse,16.074816518459752,1,0.05,random,,
condition_recombine_pseudolabel__mult_1.5__sim_0.95__teacher_ridge__seed_3,condition_recombine_pseudolabel,1.5,0.95,ridge,3,158,0,1.0,True,,,,reaction_role_concat,6144,random_forest,False,valid,mae,12.086281774744203,1,0.05,random,,
condition_recombine_pseudolabel__mult_1.5__sim_0.95__teacher_ridge__seed_3,condition_recombine_pseudolabel,1.5,0.95,ridge,3,158,0,1.0,True,,,,reaction_role_concat,6144,random_forest,False,valid,r2,0.6766268603219118,1,0.05,random,,
condition_recombine_pseudolabel__mult_1.5__sim_0.95__teacher_ridge__seed_3,condition_recombine_pseudolabel,1.5,0.95,ridge,3,158,0,1.0,True,,,,reaction_role_concat,6144,random_forest,False,valid,spearman,0.8448850212796283,1,0.05,random,,
condition_recombine_pseudolabel__mult_1.5__sim_0.95__teacher_ridge__seed_4,condition_recombine_pseudolabel,1.5,0.95,ridge,4,158,0,1.0,True,,,,reaction_role_concat,6144,random_forest,False,valid,rmse,16.074816518459752,1,0.05,random,,
condition_recombine_pseudolabel__mult_1.5__sim_0.95__teacher_ridge__seed_4,condition_recombine_pseudolabel,1.5,0.95,ridge,4,158,0,1.0,True,,,,reaction_role_concat,6144,random_forest,False,valid,mae,12.086281774744203,1,0.05,random,,
condition_recombine_pseudolabel__mult_1.5__sim_0.95__teacher_ridge__seed_4,condition_recombine_pseudolabel,1.5,0.95,ridge,4,158,0,1.0,True,,,,reaction_role_concat,6144,random_forest,False,valid,r2,0.6766268603219118,1,0.05,random,,
condition_recombine_pseudolabel__mult_1.5__sim_0.95__teacher_ridge__seed_4,condition_recombine_pseudolabel,1.5,0.95,ridge,4,158,0,1.0,True,,,,reaction_role_concat,6144,random_forest,False,valid,spearman,0.8448850212796283,1,0.05,random,,
condition_recombine_pseudolabel__mult_1.5__sim_0.95__teacher_rf__seed_0,condition_recombine_pseudolabel,1.5,0.95,random_forest,0,158,0,1.0,True,,,,reaction_role_concat,6144,random_forest,False,valid,rmse,16.074816518459752,1,0.05,random,,
condition_recombine_pseudolabel__mult_1.5__sim_0.95__teacher_rf__seed_0,condition_recombine_pseudolabel,1.5,0.95,random_forest,0,158,0,1.0,True,,,,reaction_role_concat,6144,random_forest,False,valid,mae,12.086281774744203,1,0.05,random,,
condition_recombine_pseudolabel__mult_1.5__sim_0.95__teacher_rf__seed_0,condition_recombine_pseudolabel,1.5,0.95,random_forest,0,158,0,1.0,True,,,,reaction_role_concat,6144,random_forest,False,valid,r2,0.6766268603219118,1,0.05,random,,
condition_recombine_pseudolabel__mult_1.5__sim_0.95__teacher_rf__seed_0,condition_recombine_pseudolabel,1.5,0.95,random_forest,0,158,0,1.0,True,,,,reaction_role_concat,6144,random_forest,False,valid,spearman,0.8448850212796283,1,0.05,random,,
condition_recombine_pseudolabel__mult_1.5__sim_0.95__teacher_rf__seed_1,condition_recombine_pseudolabel,1.5,0.95,random_forest,1,158,0,1.0,True,,,,reaction_role_concat,6144,random_forest,False,valid,rmse,16.074816518459752,1,0.05,random,,
condition_recombine_pseudolabel__mult_1.5__sim_0.95__teacher_rf__seed_1,condition_recombine_pseudolabel,1.5,0.95,random_forest,1,158,0,1.0,True,,,,reaction_role_concat,6144,random_forest,False,valid,mae,12.086281774744203,1,0.05,random,,
condition_recombine_pseudolabel__mult_1.5__sim_0.95__teacher_rf__seed_1,condition_recombine_pseudolabel,1.5,0.95,random_forest,1,158,0,1.0,True,,,,reaction_role_concat,6144,random_forest,False,valid,r2,0.6766268603219118,1,0.05,random,,
condition_recombine_pseudolabel__mult_1.5__sim_0.95__teacher_rf__seed_1,condition_recombine_pseudolabel,1.5,0.95,random_forest,1,158,0,1.0,True,,,,reaction_role_concat,6144,random_forest,False,valid,spearman,0.8448850212796283,1,0.05,random,,
condition_recombine_pseudolabel__mult_1.5__sim_0.95__teacher_rf__seed_2,condition_recombine_pseudolabel,1.5,0.95,random_forest,2,158,0,1.0,True,,,,reaction_role_concat,6144,random_forest,False,valid,rmse,16.074816518459752,1,0.05,random,,
condition_recombine_pseudolabel__mult_1.5__sim_0.95__teacher_rf__seed_2,condition_recombine_pseudolabel,1.5,0.95,random_forest,2,158,0,1.0,True,,,,reaction_role_concat,6144,random_forest,False,valid,mae,12.086281774744203,1,0.05,random,,
condition_recombine_pseudolabel__mult_1.5__sim_0.95__teacher_rf__seed_2,condition_recombine_pseudolabel,1.5,0.95,random_forest,2,158,0,1.0,True,,,,reaction_role_concat,6144,random_forest,False,valid,r2,0.6766268603219118,1,0.05,random,,
condition_recombine_pseudolabel__mult_1.5__sim_0.95__teacher_rf__seed_2,condition_recombine_pseudolabel,1.5,0.95,random_forest,2,158,0,1.0,True,,,,reaction_role_concat,6144,random_forest,False,valid,spearman,0.8448850212796283,1,0.05,random,,
condition_recombine_pseudolabel__mult_1.5__sim_0.95__teacher_rf__seed_3,condition_recombine_pseudolabel,1.5,0.95,random_forest,3,158,0,1.0,True,,,,reaction_role_concat,6144,random_forest,False,valid,rmse,16.074816518459752,1,0.05,random,,
condition_recombine_pseudolabel__mult_1.5__sim_0.95__teacher_rf__seed_3,condition_recombine_pseudolabel,1.5,0.95,random_forest,3,158,0,1.0,True,,,,reaction_role_concat,6144,random_forest,False,valid,mae,12.086281774744203,1,0.05,random,,
condition_recombine_pseudolabel__mult_1.5__sim_0.95__teacher_rf__seed_3,condition_recombine_pseudolabel,1.5,0.95,random_forest,3,158,0,1.0,True,,,,reaction_role_concat,6144,random_forest,False,valid,r2,0.6766268603219118,1,0.05,random,,
condition_recombine_pseudolabel__mult_1.5__sim_0.95__teacher_rf__seed_3,condition_recombine_pseudolabel,1.5,0.95,random_forest,3,158,0,1.0,True,,,,reaction_role_concat,6144,random_forest,False,valid,spearman,0.8448850212796283,1,0.05,random,,
condition_recombine_pseudolabel__mult_1.5__sim_0.95__teacher_rf__seed_4,condition_recombine_pseudolabel,1.5,0.95,random_forest,4,158,0,1.0,True,,,,reaction_role_concat,6144,random_forest,False,valid,rmse,16.074816518459752,1,0.05,random,,
condition_recombine_pseudolabel__mult_1.5__sim_0.95__teacher_rf__seed_4,condition_recombine_pseudolabel,1.5,0.95,random_forest,4,158,0,1.0,True,,,,reaction_role_concat,6144,random_forest,False,valid,mae,12.086281774744203,1,0.05,random,,
condition_recombine_pseudolabel__mult_1.5__sim_0.95__teacher_rf__seed_4,condition_recombine_pseudolabel,1.5,0.95,random_forest,4,158,0,1.0,True,,,,reaction_role_concat,6144,random_forest,False,valid,r2,0.6766268603219118,1,0.05,random,,
condition_recombine_pseudolabel__mult_1.5__sim_0.95__teacher_rf__seed_4,condition_recombine_pseudolabel,1.5,0.95,random_forest,4,158,0,1.0,True,,,,reaction_role_concat,6144,random_forest,False,valid,spearman,0.8448850212796283,1,0.05,random,,
condition_recombine_pseudolabel__mult_2__sim_0.8__teacher_ridge__seed_0,condition_recombine_pseudolabel,2.0,0.8,ridge,0,158,278,2.759493670886076,True,0.8413585689428041,0.8013244867324829,0.85,reaction_role_concat,6144,random_forest,False,valid,rmse,16.366254821085345,1,0.05,random,,
condition_recombine_pseudolabel__mult_2__sim_0.8__teacher_ridge__seed_0,condition_recombine_pseudolabel,2.0,0.8,ridge,0,158,278,2.759493670886076,True,0.8413585689428041,0.8013244867324829,0.85,reaction_role_concat,6144,random_forest,False,valid,mae,12.830259378869322,1,0.05,random,,
condition_recombine_pseudolabel__mult_2__sim_0.8__teacher_ridge__seed_0,condition_recombine_pseudolabel,2.0,0.8,ridge,0,158,278,2.759493670886076,True,0.8413585689428041,0.8013244867324829,0.85,reaction_role_concat,6144,random_forest,False,valid,r2,0.6647949815532777,1,0.05,random,,
condition_recombine_pseudolabel__mult_2__sim_0.8__teacher_ridge__seed_0,condition_recombine_pseudolabel,2.0,0.8,ridge,0,158,278,2.759493670886076,True,0.8413585689428041,0.8013244867324829,0.85,reaction_role_concat,6144,random_forest,False,valid,spearman,0.8471294710091504,1,0.05,random,,
condition_recombine_pseudolabel__mult_2__sim_0.8__teacher_ridge__seed_1,condition_recombine_pseudolabel,2.0,0.8,ridge,1,158,286,2.810126582278481,True,0.8400808654881857,0.8013244867324829,0.85,reaction_role_concat,6144,random_forest,False,valid,rmse,16.766182993444694,1,0.05,random,,
condition_recombine_pseudolabel__mult_2__sim_0.8__teacher_ridge__seed_1,condition_recombine_pseudolabel,2.0,0.8,ridge,1,158,286,2.810126582278481,True,0.8400808654881857,0.8013244867324829,0.85,reaction_role_concat,6144,random_forest,False,valid,mae,13.25819389369216,1,0.05,random,,
condition_recombine_pseudolabel__mult_2__sim_0.8__teacher_ridge__seed_1,condition_recombine_pseudolabel,2.0,0.8,ridge,1,158,286,2.810126582278481,True,0.8400808654881857,0.8013244867324829,0.85,reaction_role_concat,6144,random_forest,False,valid,r2,0.648212585473701,1,0.05,random,,
condition_recombine_pseudolabel__mult_2__sim_0.8__teacher_ridge__seed_1,condition_recombine_pseudolabel,2.0,0.8,ridge,1,158,286,2.810126582278481,True,0.8400808654881857,0.8013244867324829,0.85,reaction_role_concat,6144,random_forest,False,valid,spearman,0.836003528525907,1,0.05,random,,
condition_recombine_pseudolabel__mult_2__sim_0.8__teacher_ridge__seed_2,condition_recombine_pseudolabel,2.0,0.8,ridge,2,158,278,2.759493670886076,True,0.8388666138374549,0.800000011920929,0.85,reaction_role_concat,6144,random_forest,False,valid,rmse,16.612581718166304,1,0.05,random,,
condition_recombine_pseudolabel__mult_2__sim_0.8__teacher_ridge__seed_2,condition_recombine_pseudolabel,2.0,0.8,ridge,2,158,278,2.759493670886076,True,0.8388666138374549,0.800000011920929,0.85,reaction_role_concat,6144,random_forest,False,valid,mae,13.04249073255213,1,0.05,random,,
condition_recombine_pseudolabel__mult_2__sim_0.8__teacher_ridge__seed_2,condition_recombine_pseudolabel,2.0,0.8,ridge,2,158,278,2.759493670886076,True,0.8388666138374549,0.800000011920929,0.85,reaction_role_concat,6144,random_forest,False,valid,r2,0.6546287719263945,1,0.05,random,,
condition_recombine_pseudolabel__mult_2__sim_0.8__teacher_ridge__seed_2,condition_recombine_pseudolabel,2.0,0.8,ridge,2,158,278,2.759493670886076,True,0.8388666138374549,0.800000011920929,0.85,reaction_role_concat,6144,random_forest,False,valid,spearman,0.8418777176657262,1,0.05,random,,
condition_recombine_pseudolabel__mult_2__sim_0.8__teacher_ridge__seed_3,condition_recombine_pseudolabel,2.0,0.8,ridge,3,158,283,2.7911392405063293,True,0.8408926034984655,0.800000011920929,0.85,reaction_role_concat,6144,random_forest,False,valid,rmse,17.03237911712221,1,0.05,random,,
condition_recombine_pseudolabel__mult_2__sim_0.8__teacher_ridge__seed_3,condition_recombine_pseudolabel,2.0,0.8,ridge,3,158,283,2.7911392405063293,True,0.8408926034984655,0.800000011920929,0.85,reaction_role_concat,6144,random_forest,False,valid,mae,13.56509066256843,1,0.05,random,,
condition_recombine_pseudolabel__mult_2__sim_0.8__teacher_ridge__seed_3,condition_recombine_pseudolabel,2.0,0.8,ridge,3,158,283,2.7911392405063293,True,0.8408926034984655,0.800000011920929,0.85,reaction_role_concat,6144,random_forest,False,valid,r2,0.6369532736788217,1,0.05,random,,
condition_recombine_pseudolabel__mult_2__sim_0.8__teacher_ridge__seed_3,condition_recombine_pseudolabel,2.0,0.8,ridge,3,158,283,2.7911392405063293,True,0.8408926034984655,0.800000011920929,0.85,reaction_role_concat,6144,random_forest,False,valid,spearman,0.8281722501126298,1,0.05,random,,
condition_recombine_pseudolabel__mult_2__sim_0.8__teacher_ridge__seed_4,condition_recombine_pseudolabel,2.0,0.8,ridge,4,158,290,2.8354430379746836,True,0.8392093575000762,0.800000011920929,0.85,reaction_role_concat,6144,random_forest,False,valid,rmse,16.310706086340733,1,0.05,random,,
condition_recombine_pseudolabel__mult_2__sim_0.8__teacher_ridge__seed_4,condition_recombine_pseudolabel,2.0,0.8,ridge,4,158,290,2.8354430379746836,True,0.8392093575000762,0.800000011920929,0.85,reaction_role_concat,6144,random_forest,False,valid,mae,12.885811216632023,1,0.05,random,,
condition_recombine_pseudolabel__mult_2__sim_0.8__teacher_ridge__seed_4,condition_recombine_pseudolabel,2.0,0.8,ridge,4,158,290,2.8354430379746836,True,0.8392093575000762,0.800000011920929,0.85,reaction_role_concat,6144,random_forest,False,valid,r2,0.6670665599206007,1,0.05,random,,
condition_recombine_pseudolabel__mult_2__sim_0.8__teacher_ridge__seed_4,condition_recombine_pseudolabel,2.0,0.8,ridge,4,158,290,2.8354430379746836,True,0.8392093575000762,0.800000011920929,0.85,reaction_role_concat,6144,random_forest,False,valid,spearman,0.8525827953942732,1,0.05,random,,
condition_recombine_pseudolabel__mult_2__sim_0.8__teacher_rf__seed_0,condition_recombine_pseudolabel,2.0,0.8,random_forest,0,158,278,2.759493670886076,True,0.8413585689428041,0.8013244867324829,0.85,reaction_role_concat,6144,random_forest,False,valid,rmse,16.47081869305364,1,0.05,random,,
condition_recombine_pseudolabel__mult_2__sim_0.8__teacher_rf__seed_0,condition_recombine_pseudolabel,2.0,0.8,random_forest,0,158,278,2.759493670886076,True,0.8413585689428041,0.8013244867324829,0.85,reaction_role_concat,6144,random_forest,False,valid,mae,12.284048017141187,1,0.05,random,,
condition_recombine_pseudolabel__mult_2__sim_0.8__teacher_rf__seed_0,condition_recombine_pseudolabel,2.0,0.8,random_forest,0,158,278,2.759493670886076,True,0.8413585689428041,0.8013244867324829,0.85,reaction_role_concat,6144,random_forest,False,valid,r2,0.6604980543489696,1,0.05,random,,
condition_recombine_pseudolabel__mult_2__sim_0.8__teacher_rf__seed_0,condition_recombine_pseudolabel,2.0,0.8,random_forest,0,158,278,2.759493670886076,True,0.8413585689428041,0.8013244867324829,0.85,reaction_role_concat,6144,random_forest,False,valid,spearman,0.834554554081233,1,0.05,random,,
condition_recombine_pseudolabel__mult_2__sim_0.8__teacher_rf__seed_1,condition_recombine_pseudolabel,2.0,0.8,random_forest,1,158,286,2.810126582278481,True,0.8400808654881857,0.8013244867324829,0.85,reaction_role_concat,6144,random_forest,False,valid,rmse,17.067663594717597,1,0.05,random,,
condition_recombine_pseudolabel__mult_2__sim_0.8__teacher_rf__seed_1,condition_recombine_pseudolabel,2.0,0.8,random_forest,1,158,286,2.810126582278481,True,0.8400808654881857,0.8013244867324829,0.85,reaction_role_concat,6144,random_forest,False,valid,mae,12.539133367102357,1,0.05,random,,
condition_recombine_pseudolabel__mult_2__sim_0.8__teacher_rf__seed_1,condition_recombine_pseudolabel,2.0,0.8,random_forest,1,158,286,2.810126582278481,True,0.8400808654881857,0.8013244867324829,0.85,reaction_role_concat,6144,random_forest,False,valid,r2,0.6354475318705428,1,0.05,random,,
condition_recombine_pseudolabel__mult_2__sim_0.8__teacher_rf__seed_1,condition_recombine_pseudolabel,2.0,0.8,random_forest,1,158,286,2.810126582278481,True,0.8400808654881857,0.8013244867324829,0.85,reaction_role_concat,6144,random_forest,False,valid,spearman,0.8233714511141844,1,0.05,random,,
condition_recombine_pseudolabel__mult_2__sim_0.8__teacher_rf__seed_2,condition_recombine_pseudolabel,2.0,0.8,random_forest,2,158,278,2.759493670886076,True,0.8388666138374549,0.800000011920929,0.85,reaction_role_concat,6144,random_forest,False,valid,rmse,16.91042474062476,1,0.05,random,,
condition_recombine_pseudolabel__mult_2__sim_0.8__teacher_rf__seed_2,condition_recombine_pseudolabel,2.0,0.8,random_forest,2,158,278,2.759493670886076,True,0.8388666138374549,0.800000011920929,0.85,reaction_role_concat,6144,random_forest,False,valid,mae,12.560987485647956,1,0.05,random,,
condition_recombine_pseudolabel__mult_2__sim_0.8__teacher_rf__seed_2,condition_recombine_pseudolabel,2.0,0.8,random_forest,2,158,278,2.759493670886076,True,0.8388666138374549,0.800000011920929,0.85,reaction_role_concat,6144,random_forest,False,valid,r2,0.6421335985823053,1,0.05,random,,
condition_recombine_pseudolabel__mult_2__sim_0.8__teacher_rf__seed_2,condition_recombine_pseudolabel,2.0,0.8,random_forest,2,158,278,2.759493670886076,True,0.8388666138374549,0.800000011920929,0.85,reaction_role_concat,6144,random_forest,False,valid,spearman,0.8260937313275784,1,0.05,random,,
condition_recombine_pseudolabel__mult_2__sim_0.8__teacher_rf__seed_3,condition_recombine_pseudolabel,2.0,0.8,random_forest,3,158,283,2.7911392405063293,True,0.8408926034984655,0.800000011920929,0.85,reaction_role_concat,6144,random_forest,False,valid,rmse,16.7986517760103,1,0.05,random,,
condition_recombine_pseudolabel__mult_2__sim_0.8__teacher_rf__seed_3,condition_recombine_pseudolabel,2.0,0.8,random_forest,3,158,283,2.7911392405063293,True,0.8408926034984655,0.800000011920929,0.85,reaction_role_concat,6144,random_forest,False,valid,mae,12.361029111062425,1,0.05,random,,
condition_recombine_pseudolabel__mult_2__sim_0.8__teacher_rf__seed_3,condition_recombine_pseudolabel,2.0,0.8,random_forest,3,158,283,2.7911392405063293,True,0.8408926034984655,0.800000011920929,0.85,reaction_role_concat,6144,random_forest,False,valid,r2,0.6468487486484258,1,0.05,random,,
condition_recombine_pseudolabel__mult_2__sim_0.8__teacher_rf__seed_3,condition_recombine_pseudolabel,2.0,0.8,random_forest,3,158,283,2.7911392405063293,True,0.8408926034984655,0.800000011920929,0.85,reaction_role_concat,6144,random_forest,False,valid,spearman,0.8248025081329294,1,0.05,random,,
condition_recombine_pseudolabel__mult_2__sim_0.8__teacher_rf__seed_4,condition_recombine_pseudolabel,2.0,0.8,random_forest,4,158,290,2.8354430379746836,True,0.8392093575000762,0.800000011920929,0.85,reaction_role_concat,6144,random_forest,False,valid,rmse,16.50184788503866,1,0.05,random,,
condition_recombine_pseudolabel__mult_2__sim_0.8__teacher_rf__seed_4,condition_recombine_pseudolabel,2.0,0.8,random_forest,4,158,290,2.8354430379746836,True,0.8392093575000762,0.800000011920929,0.85,reaction_role_concat,6144,random_forest,False,valid,mae,12.319055376897884,1,0.05,random,,
condition_recombine_pseudolabel__mult_2__sim_0.8__teacher_rf__seed_4,condition_recombine_pseudolabel,2.0,0.8,random_forest,4,158,290,2.8354430379746836,True,0.8392093575000762,0.800000011920929,0.85,reaction_role_concat,6144,random_forest,False,valid,r2,0.6592176815716633,1,0.05,random,,
condition_recombine_pseudolabel__mult_2__sim_0.8__teacher_rf__seed_4,condition_recombine_pseudolabel,2.0,0.8,random_forest,4,158,290,2.8354430379746836,True,0.8392093575000762,0.800000011920929,0.85,reaction_role_concat,6144,random_forest,False,valid,spearman,0.8333865131898445,1,0.05,random,,
condition_recombine_pseudolabel__mult_2__sim_0.85__teacher_ridge__seed_0,condition_recombine_pseudolabel,2.0,0.85,ridge,0,158,176,2.1139240506329116,True,0.8499999999999998,0.85,0.85,reaction_role_concat,6144,random_forest,False,valid,rmse,16.586575729903522,1,0.05,random,,
condition_recombine_pseudolabel__mult_2__sim_0.85__teacher_ridge__seed_0,condition_recombine_pseudolabel,2.0,0.85,ridge,0,158,176,2.1139240506329116,True,0.8499999999999998,0.85,0.85,reaction_role_concat,6144,random_forest,False,valid,mae,13.0626077282308,1,0.05,random,,
condition_recombine_pseudolabel__mult_2__sim_0.85__teacher_ridge__seed_0,condition_recombine_pseudolabel,2.0,0.85,ridge,0,158,176,2.1139240506329116,True,0.8499999999999998,0.85,0.85,reaction_role_concat,6144,random_forest,False,valid,r2,0.6557092409452423,1,0.05,random,,
condition_recombine_pseudolabel__mult_2__sim_0.85__teacher_ridge__seed_0,condition_recombine_pseudolabel,2.0,0.85,ridge,0,158,176,2.1139240506329116,True,0.8499999999999998,0.85,0.85,reaction_role_concat,6144,random_forest,False,valid,spearman,0.8427750496218868,1,0.05,random,,
condition_recombine_pseudolabel__mult_2__sim_0.85__teacher_ridge__seed_1,condition_recombine_pseudolabel,2.0,0.85,ridge,1,158,169,2.069620253164557,True,0.8499999999999999,0.85,0.85,reaction_role_concat,6144,random_forest,False,valid,rmse,16.596319206873613,1,0.05,random,,
condition_recombine_pseudolabel__mult_2__sim_0.85__teacher_ridge__seed_1,condition_recombine_pseudolabel,2.0,0.85,ridge,1,158,169,2.069620253164557,True,0.8499999999999999,0.85,0.85,reaction_role_concat,6144,random_forest,False,valid,mae,13.217546337612069,1,0.05,random,,
condition_recombine_pseudolabel__mult_2__sim_0.85__teacher_ridge__seed_1,condition_recombine_pseudolabel,2.0,0.85,ridge,1,158,169,2.069620253164557,True,0.8499999999999999,0.85,0.85,reaction_role_concat,6144,random_forest,False,valid,r2,0.6553046276685603,1,0.05,random,,
condition_recombine_pseudolabel__mult_2__sim_0.85__teacher_ridge__seed_1,condition_recombine_pseudolabel,2.0,0.85,ridge,1,158,169,2.069620253164557,True,0.8499999999999999,0.85,0.85,reaction_role_concat,6144,random_forest,False,valid,spearman,0.8402856959455666,1,0.05,random,,
condition_recombine_pseudolabel__mult_2__sim_0.85__teacher_ridge__seed_2,condition_recombine_pseudolabel,2.0,0.85,ridge,2,158,159,2.0063291139240507,True,0.8499999999999995,0.85,0.85,reaction_role_concat,6144,random_forest,False,valid,rmse,16.538486019812883,1,0.05,random,,
condition_recombine_pseudolabel__mult_2__sim_0.85__teacher_ridge__seed_2,condition_recombine_pseudolabel,2.0,0.85,ridge,2,158,159,2.0063291139240507,True,0.8499999999999995,0.85,0.85,reaction_role_concat,6144,random_forest,False,valid,mae,13.010250248647944,1,0.05,random,,
condition_recombine_pseudolabel__mult_2__sim_0.85__teacher_ridge__seed_2,condition_recombine_pseudolabel,2.0,0.85,ridge,2,158,159,2.0063291139240507,True,0.8499999999999995,0.85,0.85,reaction_role_concat,6144,random_forest,False,valid,r2,0.6577027616461497,1,0.05,random,,
condition_recombine_pseudolabel__mult_2__sim_0.85__teacher_ridge__seed_2,condition_recombine_pseudolabel,2.0,0.85,ridge,2,158,159,2.0063291139240507,True,0.8499999999999995,0.85,0.85,reaction_role_concat,6144,random_forest,False,valid,spearman,0.837727204375717,1,0.05,random,,
condition_recombine_pseudolabel__mult_2__sim_0.85__teacher_ridge__seed_3,condition_recombine_pseudolabel,2.0,0.85,ridge,3,158,172,2.088607594936709,True,0.8499999999999996,0.85,0.85,reaction_role_concat,6144,random_forest,False,valid,rmse,17.387118013877874,1,0.05,random,,
condition_recombine_pseudolabel__mult_2__sim_0.85__teacher_ridge__seed_3,condition_recombine_pseudolabel,2.0,0.85,ridge,3,158,172,2.088607594936709,True,0.8499999999999996,0.85,0.85,reaction_role_concat,6144,random_forest,False,valid,mae,13.854459853777403,1,0.05,random,,
condition_recombine_pseudolabel__mult_2__sim_0.85__teacher_ridge__seed_3,condition_recombine_pseudolabel,2.0,0.85,ridge,3,158,172,2.088607594936709,True,0.8499999999999996,0.85,0.85,reaction_role_concat,6144,random_forest,False,valid,r2,0.6216732078118551,1,0.05,random,,
condition_recombine_pseudolabel__mult_2__sim_0.85__teacher_ridge__seed_3,condition_recombine_pseudolabel,2.0,0.85,ridge,3,158,172,2.088607594936709,True,0.8499999999999996,0.85,0.85,reaction_role_concat,6144,random_forest,False,valid,spearman,0.8221298903500989,1,0.05,random,,
condition_recombine_pseudolabel__mult_2__sim_0.85__teacher_ridge__seed_4,condition_recombine_pseudolabel,2.0,0.85,ridge,4,158,169,2.069620253164557,True,0.8499999999999999,0.85,0.85,reaction_role_concat,6144,random_forest,False,valid,rmse,16.060610028039502,1,0.05,random,,
condition_recombine_pseudolabel__mult_2__sim_0.85__teacher_ridge__seed_4,condition_recombine_pseudolabel,2.0,0.85,ridge,4,158,169,2.069620253164557,True,0.8499999999999999,0.85,0.85,reaction_role_concat,6144,random_forest,False,valid,mae,12.620572354737716,1,0.05,random,,
condition_recombine_pseudolabel__mult_2__sim_0.85__teacher_ridge__seed_4,condition_recombine_pseudolabel,2.0,0.85,ridge,4,158,169,2.069620253164557,True,0.8499999999999999,0.85,0.85,reaction_role_concat,6144,random_forest,False,valid,r2,0.6771981847137098,1,0.05,random,,
condition_recombine_pseudolabel__mult_2__sim_0.85__teacher_ridge__seed_4,condition_recombine_pseudolabel,2.0,0.85,ridge,4,158,169,2.069620253164557,True,0.8499999999999999,0.85,0.85,reaction_role_concat,6144,random_forest,False,valid,spearman,0.8533393197531892,1,0.05,random,,
condition_recombine_pseudolabel__mult_2__sim_0.85__teacher_rf__seed_0,condition_recombine_pseudolabel,2.0,0.85,random_forest,0,158,176,2.1139240506329116,True,0.8499999999999998,0.85,0.85,reaction_role_concat,6144,random_forest,False,valid,rmse,16.427823223879194,1,0.05,random,,
condition_recombine_pseudolabel__mult_2__sim_0.85__teacher_rf__seed_0,condition_recombine_pseudolabel,2.0,0.85,random_forest,0,158,176,2.1139240506329116,True,0.8499999999999998,0.85,0.85,reaction_role_concat,6144,random_forest,False,valid,mae,12.213217726743672,1,0.05,random,,
condition_recombine_pseudolabel__mult_2__sim_0.85__teacher_rf__seed_0,condition_recombine_pseudolabel,2.0,0.85,random_forest,0,158,176,2.1139240506329116,True,0.8499999999999998,0.85,0.85,reaction_role_concat,6144,random_forest,False,valid,r2,0.662268214488225,1,0.05,random,,
condition_recombine_pseudolabel__mult_2__sim_0.85__teacher_rf__seed_0,condition_recombine_pseudolabel,2.0,0.85,random_forest,0,158,176,2.1139240506329116,True,0.8499999999999998,0.85,0.85,reaction_role_concat,6144,random_forest,False,valid,spearman,0.8341625130117265,1,0.05,random,,
condition_recombine_pseudolabel__mult_2__sim_0.85__teacher_rf__seed_1,condition_recombine_pseudolabel,2.0,0.85,random_forest,1,158,169,2.069620253164557,True,0.8499999999999999,0.85,0.85,reaction_role_concat,6144,random_forest,False,valid,rmse,17.145801630568894,1,0.05,random,,
condition_recombine_pseudolabel__mult_2__sim_0.85__teacher_rf__seed_1,condition_recombine_pseudolabel,2.0,0.85,random_forest,1,158,169,2.069620253164557,True,0.8499999999999999,0.85,0.85,reaction_role_concat,6144,random_forest,False,valid,mae,12.545921842363818,1,0.05,random,,
condition_recombine_pseudolabel__mult_2__sim_0.85__teacher_rf__seed_1,condition_recombine_pseudolabel,2.0,0.85,random_forest,1,158,169,2.069620253164557,True,0.8499999999999999,0.85,0.85,reaction_role_concat,6144,random_forest,False,valid,r2,0.6321019516540054,1,0.05,random,,
condition_recombine_pseudolabel__mult_2__sim_0.85__teacher_rf__seed_1,condition_recombine_pseudolabel,2.0,0.85,random_forest,1,158,169,2.069620253164557,True,0.8499999999999999,0.85,0.85,reaction_role_concat,6144,random_forest,False,valid,spearman,0.8208017611531292,1,0.05,random,,
condition_recombine_pseudolabel__mult_2__sim_0.85__teacher_rf__seed_2,condition_recombine_pseudolabel,2.0,0.85,random_forest,2,158,159,2.0063291139240507,True,0.8499999999999995,0.85,0.85,reaction_role_concat,6144,random_forest,False,valid,rmse,16.704165897222605,1,0.05,random,,
condition_recombine_pseudolabel__mult_2__sim_0.85__teacher_rf__seed_2,condition_recombine_pseudolabel,2.0,0.85,random_forest,2,158,159,2.0063291139240507,True,0.8499999999999995,0.85,0.85,reaction_role_concat,6144,random_forest,False,valid,mae,12.424366242059424,1,0.05,random,,
condition_recombine_pseudolabel__mult_2__sim_0.85__teacher_rf__seed_2,condition_recombine_pseudolabel,2.0,0.85,random_forest,2,158,159,2.0063291139240507,True,0.8499999999999995,0.85,0.85,reaction_role_concat,6144,random_forest,False,valid,r2,0.6508102529774746,1,0.05,random,,
condition_recombine_pseudolabel__mult_2__sim_0.85__teacher_rf__seed_2,condition_recombine_pseudolabel,2.0,0.85,random_forest,2,158,159,2.0063291139240507,True,0.8499999999999995,0.85,0.85,reaction_role_concat,6144,random_forest,False,valid,spearman,0.8307727113051713,1,0.05,random,,
condition_recombine_pseudolabel__mult_2__sim_0.85__teacher_rf__seed_3,condition_recombine_pseudolabel,2.0,0.85,random_forest,3,158,172,2.088607594936709,True,0.8499999999999996,0.85,0.85,reaction_role_concat,6144,random_forest,False,valid,rmse,17.03758064494249,1,0.05,random,,
condition_recombine_pseudolabel__mult_2__sim_0.85__teacher_rf__seed_3,condition_recombine_pseudolabel,2.0,0.85,random_forest,3,158,172,2.088607594936709,True,0.8499999999999996,0.85,0.85,reaction_role_concat,6144,random_forest,False,valid,mae,12.50317857716506,1,0.05,random,,
condition_recombine_pseudolabel__mult_2__sim_0.85__teacher_rf__seed_3,condition_recombine_pseudolabel,2.0,0.85,random_forest,3,158,172,2.088607594936709,True,0.8499999999999996,0.85,0.85,reaction_role_concat,6144,random_forest,False,valid,r2,0.6367314977327321,1,0.05,random,,
condition_recombine_pseudolabel__mult_2__sim_0.85__teacher_rf__seed_3,condition_recombine_pseudolabel,2.0,0.85,random_forest,3,158,172,2.088607594936709,True,0.8499999999999996,0.85,0.85,reaction_role_concat,6144,random_forest,False,valid,spearman,0.8220812990699986,1,0.05,random,,
condition_recombine_pseudolabel__mult_2__sim_0.85__teacher_rf__seed_4,condition_recombine_pseudolabel,2.0,0.85,random_forest,4,158,169,2.069620253164557,True,0.8499999999999999,0.85,0.85,reaction_role_concat,6144,random_forest,False,valid,rmse,16.428668446259618,1,0.05,random,,
condition_recombine_pseudolabel__mult_2__sim_0.85__teacher_rf__seed_4,condition_recombine_pseudolabel,2.0,0.85,random_forest,4,158,169,2.069620253164557,True,0.8499999999999999,0.85,0.85,reaction_role_concat,6144,random_forest,False,valid,mae,12.129538423683071,1,0.05,random,,
condition_recombine_pseudolabel__mult_2__sim_0.85__teacher_rf__seed_4,condition_recombine_pseudolabel,2.0,0.85,random_forest,4,158,169,2.069620253164557,True,0.8499999999999999,0.85,0.85,reaction_role_concat,6144,random_forest,False,valid,r2,0.6622334605462916,1,0.05,random,,
condition_recombine_pseudolabel__mult_2__sim_0.85__teacher_rf__seed_4,condition_recombine_pseudolabel,2.0,0.85,random_forest,4,158,169,2.069620253164557,True,0.8499999999999999,0.85,0.85,reaction_role_concat,6144,random_forest,False,valid,spearman,0.835189064664667,1,0.05,random,,
condition_recombine_pseudolabel__mult_2__sim_0.9__teacher_ridge__seed_0,condition_recombine_pseudolabel,2.0,0.9,ridge,0,158,92,1.5822784810126582,True,0.8499999999999995,0.85,0.85,reaction_role_concat,6144,random_forest,False,valid,rmse,16.50551801236565,1,0.05,random,,
condition_recombine_pseudolabel__mult_2__sim_0.9__teacher_ridge__seed_0,condition_recombine_pseudolabel,2.0,0.9,ridge,0,158,92,1.5822784810126582,True,0.8499999999999995,0.85,0.85,reaction_role_concat,6144,random_forest,False,valid,mae,12.819857071757317,1,0.05,random,,
condition_recombine_pseudolabel__mult_2__sim_0.9__teacher_ridge__seed_0,condition_recombine_pseudolabel,2.0,0.9,ridge,0,158,92,1.5822784810126582,True,0.8499999999999995,0.85,0.85,reaction_role_concat,6144,random_forest,False,valid,r2,0.6590660799338355,1,0.05,random,,
condition_recombine_pseudolabel__mult_2__sim_0.9__teacher_ridge__seed_0,condition_recombine_pseudolabel,2.0,0.9,ridge,0,158,92,1.5822784810126582,True,0.8499999999999995,0.85,0.85,reaction_role_concat,6144,random_forest,False,valid,spearman,0.8400442002047875,1,0.05,random,,
condition_recombine_pseudolabel__mult_2__sim_0.9__teacher_ridge__seed_1,condition_recombine_pseudolabel,2.0,0.9,ridge,1,158,76,1.481012658227848,True,0.85,0.85,0.85,reaction_role_concat,6144,random_forest,False,valid,rmse,16.067890763830444,1,0.05,random,,
condition_recombine_pseudolabel__mult_2__sim_0.9__teacher_ridge__seed_1,condition_recombine_pseudolabel,2.0,0.9,ridge,1,158,76,1.481012658227848,True,0.85,0.85,0.85,reaction_role_concat,6144,random_forest,False,valid,mae,12.637389648592926,1,0.05,random,,
condition_recombine_pseudolabel__mult_2__sim_0.9__teacher_ridge__seed_1,condition_recombine_pseudolabel,2.0,0.9,ridge,1,158,76,1.481012658227848,True,0.85,0.85,0.85,reaction_role_concat,6144,random_forest,False,valid,r2,0.676905447708044,1,0.05,random,,
condition_recombine_pseudolabel__mult_2__sim_0.9__teacher_ridge__seed_1,condition_recombine_pseudolabel,2.0,0.9,ridge,1,158,76,1.481012658227848,True,0.85,0.85,0.85,reaction_role_concat,6144,random_forest,False,valid,spearman,0.8470809771063649,1,0.05,random,,
condition_recombine_pseudolabel__mult_2__sim_0.9__teacher_ridge__seed_2,condition_recombine_pseudolabel,2.0,0.9,ridge,2,158,78,1.4936708860759493,True,0.8499999999999998,0.85,0.85,reaction_role_concat,6144,random_forest,False,valid,rmse,16.165840061238534,1,0.05,random,,
condition_recombine_pseudolabel__mult_2__sim_0.9__teacher_ridge__seed_2,condition_recombine_pseudolabel,2.0,0.9,ridge,2,158,78,1.4936708860759493,True,0.8499999999999998,0.85,0.85,reaction_role_concat,6144,random_forest,False,valid,mae,12.700668885279304,1,0.05,random,,
condition_recombine_pseudolabel__mult_2__sim_0.9__teacher_ridge__seed_2,condition_recombine_pseudolabel,2.0,0.9,ridge,2,158,78,1.4936708860759493,True,0.8499999999999998,0.85,0.85,reaction_role_concat,6144,random_forest,False,valid,r2,0.6729542951880919,1,0.05,random,,
condition_recombine_pseudolabel__mult_2__sim_0.9__teacher_ridge__seed_2,condition_recombine_pseudolabel,2.0,0.9,ridge,2,158,78,1.4936708860759493,True,0.8499999999999998,0.85,0.85,reaction_role_concat,6144,random_forest,False,valid,spearman,0.8458787567774709,1,0.05,random,,
condition_recombine_pseudolabel__mult_2__sim_0.9__teacher_ridge__seed_3,condition_recombine_pseudolabel,2.0,0.9,ridge,3,158,89,1.5632911392405062,True,0.8499999999999998,0.85,0.85,reaction_role_concat,6144,random_forest,False,valid,rmse,16.370437509811705,1,0.05,random,,
condition_recombine_pseudolabel__mult_2__sim_0.9__teacher_ridge__seed_3,condition_recombine_pseudolabel,2.0,0.9,ridge,3,158,89,1.5632911392405062,True,0.8499999999999998,0.85,0.85,reaction_role_concat,6144,random_forest,False,valid,mae,12.8885197277054,1,0.05,random,,
condition_recombine_pseudolabel__mult_2__sim_0.9__teacher_ridge__seed_3,condition_recombine_pseudolabel,2.0,0.9,ridge,3,158,89,1.5632911392405062,True,0.8499999999999998,0.85,0.85,reaction_role_concat,6144,random_forest,False,valid,r2,0.6646236244007073,1,0.05,random,,
condition_recombine_pseudolabel__mult_2__sim_0.9__teacher_ridge__seed_3,condition_recombine_pseudolabel,2.0,0.9,ridge,3,158,89,1.5632911392405062,True,0.8499999999999998,0.85,0.85,reaction_role_concat,6144,random_forest,False,valid,spearman,0.8402160711654629,1,0.05,random,,
condition_recombine_pseudolabel__mult_2__sim_0.9__teacher_ridge__seed_4,condition_recombine_pseudolabel,2.0,0.9,ridge,4,158,72,1.4556962025316456,True,0.8499999999999999,0.85,0.85,reaction_role_concat,6144,random_forest,False,valid,rmse,16.410297394593172,1,0.05,random,,
condition_recombine_pseudolabel__mult_2__sim_0.9__teacher_ridge__seed_4,condition_recombine_pseudolabel,2.0,0.9,ridge,4,158,72,1.4556962025316456,True,0.8499999999999999,0.85,0.85,reaction_role_concat,6144,random_forest,False,valid,mae,12.60101768625688,1,0.05,random,,
condition_recombine_pseudolabel__mult_2__sim_0.9__teacher_ridge__seed_4,condition_recombine_pseudolabel,2.0,0.9,ridge,4,158,72,1.4556962025316456,True,0.8499999999999999,0.85,0.85,reaction_role_concat,6144,random_forest,False,valid,r2,0.6629884404382225,1,0.05,random,,
condition_recombine_pseudolabel__mult_2__sim_0.9__teacher_ridge__seed_4,condition_recombine_pseudolabel,2.0,0.9,ridge,4,158,72,1.4556962025316456,True,0.8499999999999999,0.85,0.85,reaction_role_concat,6144,random_forest,False,valid,spearman,0.8390113190263833,1,0.05,random,,
condition_recombine_pseudolabel__mult_2__sim_0.9__teacher_rf__seed_0,condition_recombine_pseudolabel,2.0,0.9,random_forest,0,158,92,1.5822784810126582,True,0.8499999999999995,0.85,0.85,reaction_role_concat,6144,random_forest,False,valid,rmse,16.853345254791517,1,0.05,random,,
condition_recombine_pseudolabel__mult_2__sim_0.9__teacher_rf__seed_0,condition_recombine_pseudolabel,2.0,0.9,random_forest,0,158,92,1.5822784810126582,True,0.8499999999999995,0.85,0.85,reaction_role_concat,6144,random_forest,False,valid,mae,12.523351647896101,1,0.05,random,,
condition_recombine_pseudolabel__mult_2__sim_0.9__teacher_rf__seed_0,condition_recombine_pseudolabel,2.0,0.9,random_forest,0,158,92,1.5822784810126582,True,0.8499999999999995,0.85,0.85,reaction_role_concat,6144,random_forest,False,valid,r2,0.6445454074065466,1,0.05,random,,
condition_recombine_pseudolabel__mult_2__sim_0.9__teacher_rf__seed_0,condition_recombine_pseudolabel,2.0,0.9,random_forest,0,158,92,1.5822784810126582,True,0.8499999999999995,0.85,0.85,reaction_role_concat,6144,random_forest,False,valid,spearman,0.8253235741445861,1,0.05,random,,
condition_recombine_pseudolabel__mult_2__sim_0.9__teacher_rf__seed_1,condition_recombine_pseudolabel,2.0,0.9,random_forest,1,158,76,1.481012658227848,True,0.85,0.85,0.85,reaction_role_concat,6144,random_forest,False,valid,rmse,16.66774052482346,1,0.05,random,,
condition_recombine_pseudolabel__mult_2__sim_0.9__teacher_rf__seed_1,condition_recombine_pseudolabel,2.0,0.9,random_forest,1,158,76,1.481012658227848,True,0.85,0.85,0.85,reaction_role_concat,6144,random_forest,False,valid,mae,12.377785280242751,1,0.05,random,,
condition_recombine_pseudolabel__mult_2__sim_0.9__teacher_rf__seed_1,condition_recombine_pseudolabel,2.0,0.9,random_forest,1,158,76,1.481012658227848,True,0.85,0.85,0.85,reaction_role_concat,6144,random_forest,False,valid,r2,0.6523314900896933,1,0.05,random,,
condition_recombine_pseudolabel__mult_2__sim_0.9__teacher_rf__seed_1,condition_recombine_pseudolabel,2.0,0.9,random_forest,1,158,76,1.481012658227848,True,0.85,0.85,0.85,reaction_role_concat,6144,random_forest,False,valid,spearman,0.8273443481819432,1,0.05,random,,
condition_recombine_pseudolabel__mult_2__sim_0.9__teacher_rf__seed_2,condition_recombine_pseudolabel,2.0,0.9,random_forest,2,158,78,1.4936708860759493,True,0.8499999999999998,0.85,0.85,reaction_role_concat,6144,random_forest,False,valid,rmse,16.35042259966273,1,0.05,random,,
condition_recombine_pseudolabel__mult_2__sim_0.9__teacher_rf__seed_2,condition_recombine_pseudolabel,2.0,0.9,random_forest,2,158,78,1.4936708860759493,True,0.8499999999999998,0.85,0.85,reaction_role_concat,6144,random_forest,False,valid,mae,12.273798050222519,1,0.05,random,,
condition_recombine_pseudolabel__mult_2__sim_0.9__teacher_rf__seed_2,condition_recombine_pseudolabel,2.0,0.9,random_forest,2,158,78,1.4936708860759493,True,0.8499999999999998,0.85,0.85,reaction_role_concat,6144,random_forest,False,valid,r2,0.665443202321772,1,0.05,random,,
condition_recombine_pseudolabel__mult_2__sim_0.9__teacher_rf__seed_2,condition_recombine_pseudolabel,2.0,0.9,random_forest,2,158,78,1.4936708860759493,True,0.8499999999999998,0.85,0.85,reaction_role_concat,6144,random_forest,False,valid,spearman,0.838628431424471,1,0.05,random,,
condition_recombine_pseudolabel__mult_2__sim_0.9__teacher_rf__seed_3,condition_recombine_pseudolabel,2.0,0.9,random_forest,3,158,89,1.5632911392405062,True,0.8499999999999998,0.85,0.85,reaction_role_concat,6144,random_forest,False,valid,rmse,16.483629861838217,1,0.05,random,,
condition_recombine_pseudolabel__mult_2__sim_0.9__teacher_rf__seed_3,condition_recombine_pseudolabel,2.0,0.9,random_forest,3,158,89,1.5632911392405062,True,0.8499999999999998,0.85,0.85,reaction_role_concat,6144,random_forest,False,valid,mae,12.242331966430326,1,0.05,random,,
condition_recombine_pseudolabel__mult_2__sim_0.9__teacher_rf__seed_3,condition_recombine_pseudolabel,2.0,0.9,random_forest,3,158,89,1.5632911392405062,True,0.8499999999999998,0.85,0.85,reaction_role_concat,6144,random_forest,False,valid,r2,0.6599697128840311,1,0.05,random,,
condition_recombine_pseudolabel__mult_2__sim_0.9__teacher_rf__seed_3,condition_recombine_pseudolabel,2.0,0.9,random_forest,3,158,89,1.5632911392405062,True,0.8499999999999998,0.85,0.85,reaction_role_concat,6144,random_forest,False,valid,spearman,0.8344517236367723,1,0.05,random,,
condition_recombine_pseudolabel__mult_2__sim_0.9__teacher_rf__seed_4,condition_recombine_pseudolabel,2.0,0.9,random_forest,4,158,72,1.4556962025316456,True,0.8499999999999999,0.85,0.85,reaction_role_concat,6144,random_forest,False,valid,rmse,16.34179020388701,1,0.05,random,,
condition_recombine_pseudolabel__mult_2__sim_0.9__teacher_rf__seed_4,condition_recombine_pseudolabel,2.0,0.9,random_forest,4,158,72,1.4556962025316456,True,0.8499999999999999,0.85,0.85,reaction_role_concat,6144,random_forest,False,valid,mae,12.194962870632544,1,0.05,random,,
condition_recombine_pseudolabel__mult_2__sim_0.9__teacher_rf__seed_4,condition_recombine_pseudolabel,2.0,0.9,random_forest,4,158,72,1.4556962025316456,True,0.8499999999999999,0.85,0.85,reaction_role_concat,6144,random_forest,False,valid,r2,0.6657963753710647,1,0.05,random,,
condition_recombine_pseudolabel__mult_2__sim_0.9__teacher_rf__seed_4,condition_recombine_pseudolabel,2.0,0.9,random_forest,4,158,72,1.4556962025316456,True,0.8499999999999999,0.85,0.85,reaction_role_concat,6144,random_forest,False,valid,spearman,0.8393730757509776,1,0.05,random,,
condition_recombine_pseudolabel__mult_2__sim_0.95__teacher_ridge__seed_0,condition_recombine_pseudolabel,2.0,0.95,ridge,0,158,0,1.0,True,,,,reaction_role_concat,6144,random_forest,False,valid,rmse,16.074816518459752,1,0.05,random,,
condition_recombine_pseudolabel__mult_2__sim_0.95__teacher_ridge__seed_0,condition_recombine_pseudolabel,2.0,0.95,ridge,0,158,0,1.0,True,,,,reaction_role_concat,6144,random_forest,False,valid,mae,12.086281774744203,1,0.05,random,,
condition_recombine_pseudolabel__mult_2__sim_0.95__teacher_ridge__seed_0,condition_recombine_pseudolabel,2.0,0.95,ridge,0,158,0,1.0,True,,,,reaction_role_concat,6144,random_forest,False,valid,r2,0.6766268603219118,1,0.05,random,,
condition_recombine_pseudolabel__mult_2__sim_0.95__teacher_ridge__seed_0,condition_recombine_pseudolabel,2.0,0.95,ridge,0,158,0,1.0,True,,,,reaction_role_concat,6144,random_forest,False,valid,spearman,0.8448850212796283,1,0.05,random,,
condition_recombine_pseudolabel__mult_2__sim_0.95__teacher_ridge__seed_1,condition_recombine_pseudolabel,2.0,0.95,ridge,1,158,0,1.0,True,,,,reaction_role_concat,6144,random_forest,False,valid,rmse,16.074816518459752,1,0.05,random,,
condition_recombine_pseudolabel__mult_2__sim_0.95__teacher_ridge__seed_1,condition_recombine_pseudolabel,2.0,0.95,ridge,1,158,0,1.0,True,,,,reaction_role_concat,6144,random_forest,False,valid,mae,12.086281774744203,1,0.05,random,,
condition_recombine_pseudolabel__mult_2__sim_0.95__teacher_ridge__seed_1,condition_recombine_pseudolabel,2.0,0.95,ridge,1,158,0,1.0,True,,,,reaction_role_concat,6144,random_forest,False,valid,r2,0.6766268603219118,1,0.05,random,,
condition_recombine_pseudolabel__mult_2__sim_0.95__teacher_ridge__seed_1,condition_recombine_pseudolabel,2.0,0.95,ridge,1,158,0,1.0,True,,,,reaction_role_concat,6144,random_forest,False,valid,spearman,0.8448850212796283,1,0.05,random,,
condition_recombine_pseudolabel__mult_2__sim_0.95__teacher_ridge__seed_2,condition_recombine_pseudolabel,2.0,0.95,ridge,2,158,0,1.0,True,,,,reaction_role_concat,6144,random_forest,False,valid,rmse,16.074816518459752,1,0.05,random,,
condition_recombine_pseudolabel__mult_2__sim_0.95__teacher_ridge__seed_2,condition_recombine_pseudolabel,2.0,0.95,ridge,2,158,0,1.0,True,,,,reaction_role_concat,6144,random_forest,False,valid,mae,12.086281774744203,1,0.05,random,,
condition_recombine_pseudolabel__mult_2__sim_0.95__teacher_ridge__seed_2,condition_recombine_pseudolabel,2.0,0.95,ridge,2,158,0,1.0,True,,,,reaction_role_concat,6144,random_forest,False,valid,r2,0.6766268603219118,1,0.05,random,,
condition_recombine_pseudolabel__mult_2__sim_0.95__teacher_ridge__seed_2,condition_recombine_pseudolabel,2.0,0.95,ridge,2,158,0,1.0,True,,,,reaction_role_concat,6144,random_forest,False,valid,spearman,0.8448850212796283,1,0.05,random,,
condition_recombine_pseudolabel__mult_2__sim_0.95__teacher_ridge__seed_3,condition_recombine_pseudolabel,2.0,0.95,ridge,3,158,0,1.0,True,,,,reaction_role_concat,6144,random_forest,False,valid,rmse,16.074816518459752,1,0.05,random,,
condition_recombine_pseudolabel__mult_2__sim_0.95__teacher_ridge__seed_3,condition_recombine_pseudolabel,2.0,0.95,ridge,3,158,0,1.0,True,,,,reaction_role_concat,6144,random_forest,False,valid,mae,12.086281774744203,1,0.05,random,,
condition_recombine_pseudolabel__mult_2__sim_0.95__teacher_ridge__seed_3,condition_recombine_pseudolabel,2.0,0.95,ridge,3,158,0,1.0,True,,,,reaction_role_concat,6144,random_forest,False,valid,r2,0.6766268603219118,1,0.05,random,,
condition_recombine_pseudolabel__mult_2__sim_0.95__teacher_ridge__seed_3,condition_recombine_pseudolabel,2.0,0.95,ridge,3,158,0,1.0,True,,,,reaction_role_concat,6144,random_forest,False,valid,spearman,0.8448850212796283,1,0.05,random,,
condition_recombine_pseudolabel__mult_2__sim_0.95__teacher_ridge__seed_4,condition_recombine_pseudolabel,2.0,0.95,ridge,4,158,0,1.0,True,,,,reaction_role_concat,6144,random_forest,False,valid,rmse,16.074816518459752,1,0.05,random,,
condition_recombine_pseudolabel__mult_2__sim_0.95__teacher_ridge__seed_4,condition_recombine_pseudolabel,2.0,0.95,ridge,4,158,0,1.0,True,,,,reaction_role_concat,6144,random_forest,False,valid,mae,12.086281774744203,1,0.05,random,,
condition_recombine_pseudolabel__mult_2__sim_0.95__teacher_ridge__seed_4,condition_recombine_pseudolabel,2.0,0.95,ridge,4,158,0,1.0,True,,,,reaction_role_concat,6144,random_forest,False,valid,r2,0.6766268603219118,1,0.05,random,,
condition_recombine_pseudolabel__mult_2__sim_0.95__teacher_ridge__seed_4,condition_recombine_pseudolabel,2.0,0.95,ridge,4,158,0,1.0,True,,,,reaction_role_concat,6144,random_forest,False,valid,spearman,0.8448850212796283,1,0.05,random,,
condition_recombine_pseudolabel__mult_2__sim_0.95__teacher_rf__seed_0,condition_recombine_pseudolabel,2.0,0.95,random_forest,0,158,0,1.0,True,,,,reaction_role_concat,6144,random_forest,False,valid,rmse,16.074816518459752,1,0.05,random,,
condition_recombine_pseudolabel__mult_2__sim_0.95__teacher_rf__seed_0,condition_recombine_pseudolabel,2.0,0.95,random_forest,0,158,0,1.0,True,,,,reaction_role_concat,6144,random_forest,False,valid,mae,12.086281774744203,1,0.05,random,,
condition_recombine_pseudolabel__mult_2__sim_0.95__teacher_rf__seed_0,condition_recombine_pseudolabel,2.0,0.95,random_forest,0,158,0,1.0,True,,,,reaction_role_concat,6144,random_forest,False,valid,r2,0.6766268603219118,1,0.05,random,,
condition_recombine_pseudolabel__mult_2__sim_0.95__teacher_rf__seed_0,condition_recombine_pseudolabel,2.0,0.95,random_forest,0,158,0,1.0,True,,,,reaction_role_concat,6144,random_forest,False,valid,spearman,0.8448850212796283,1,0.05,random,,
condition_recombine_pseudolabel__mult_2__sim_0.95__teacher_rf__seed_1,condition_recombine_pseudolabel,2.0,0.95,random_forest,1,158,0,1.0,True,,,,reaction_role_concat,6144,random_forest,False,valid,rmse,16.074816518459752,1,0.05,random,,
condition_recombine_pseudolabel__mult_2__sim_0.95__teacher_rf__seed_1,condition_recombine_pseudolabel,2.0,0.95,random_forest,1,158,0,1.0,True,,,,reaction_role_concat,6144,random_forest,False,valid,mae,12.086281774744203,1,0.05,random,,
condition_recombine_pseudolabel__mult_2__sim_0.95__teacher_rf__seed_1,condition_recombine_pseudolabel,2.0,0.95,random_forest,1,158,0,1.0,True,,,,reaction_role_concat,6144,random_forest,False,valid,r2,0.6766268603219118,1,0.05,random,,
condition_recombine_pseudolabel__mult_2__sim_0.95__teacher_rf__seed_1,condition_recombine_pseudolabel,2.0,0.95,random_forest,1,158,0,1.0,True,,,,reaction_role_concat,6144,random_forest,False,valid,spearman,0.8448850212796283,1,0.05,random,,
condition_recombine_pseudolabel__mult_2__sim_0.95__teacher_rf__seed_2,condition_recombine_pseudolabel,2.0,0.95,random_forest,2,158,0,1.0,True,,,,reaction_role_concat,6144,random_forest,False,valid,rmse,16.074816518459752,1,0.05,random,,
condition_recombine_pseudolabel__mult_2__sim_0.95__teacher_rf__seed_2,condition_recombine_pseudolabel,2.0,0.95,random_forest,2,158,0,1.0,True,,,,reaction_role_concat,6144,random_forest,False,valid,mae,12.086281774744203,1,0.05,random,,
condition_recombine_pseudolabel__mult_2__sim_0.95__teacher_rf__seed_2,condition_recombine_pseudolabel,2.0,0.95,random_forest,2,158,0,1.0,True,,,,reaction_role_concat,6144,random_forest,False,valid,r2,0.6766268603219118,1,0.05,random,,
condition_recombine_pseudolabel__mult_2__sim_0.95__teacher_rf__seed_2,condition_recombine_pseudolabel,2.0,0.95,random_forest,2,158,0,1.0,True,,,,reaction_role_concat,6144,random_forest,False,valid,spearman,0.8448850212796283,1,0.05,random,,
condition_recombine_pseudolabel__mult_2__sim_0.95__teacher_rf__seed_3,condition_recombine_pseudolabel,2.0,0.95,random_forest,3,158,0,1.0,True,,,,reaction_role_concat,6144,random_forest,False,valid,rmse,16.074816518459752,1,0.05,random,,
condition_recombine_pseudolabel__mult_2__sim_0.95__teacher_rf__seed_3,condition_recombine_pseudolabel,2.0,0.95,random_forest,3,158,0,1.0,True,,,,reaction_role_concat,6144,random_forest,False,valid,mae,12.086281774744203,1,0.05,random,,
condition_recombine_pseudolabel__mult_2__sim_0.95__teacher_rf__seed_3,condition_recombine_pseudolabel,2.0,0.95,random_forest,3,158,0,1.0,True,,,,reaction_role_concat,6144,random_forest,False,valid,r2,0.6766268603219118,1,0.05,random,,
condition_recombine_pseudolabel__mult_2__sim_0.95__teacher_rf__seed_3,condition_recombine_pseudolabel,2.0,0.95,random_forest,3,158,0,1.0,True,,,,reaction_role_concat,6144,random_forest,False,valid,spearman,0.8448850212796283,1,0.05,random,,
condition_recombine_pseudolabel__mult_2__sim_0.95__teacher_rf__seed_4,condition_recombine_pseudolabel,2.0,0.95,random_forest,4,158,0,1.0,True,,,,reaction_role_concat,6144,random_forest,False,valid,rmse,16.074816518459752,1,0.05,random,,
condition_recombine_pseudolabel__mult_2__sim_0.95__teacher_rf__seed_4,condition_recombine_pseudolabel,2.0,0.95,random_forest,4,158,0,1.0,True,,,,reaction_role_concat,6144,random_forest,False,valid,mae,12.086281774744203,1,0.05,random,,
condition_recombine_pseudolabel__mult_2__sim_0.95__teacher_rf__seed_4,condition_recombine_pseudolabel,2.0,0.95,random_forest,4,158,0,1.0,True,,,,reaction_role_concat,6144,random_forest,False,valid,r2,0.6766268603219118,1,0.05,random,,
condition_recombine_pseudolabel__mult_2__sim_0.95__teacher_rf__seed_4,condition_recombine_pseudolabel,2.0,0.95,random_forest,4,158,0,1.0,True,,,,reaction_role_concat,6144,random_forest,False,valid,spearman,0.8448850212796283,1,0.05,random,,
condition_recombine_pseudolabel__mult_3__sim_0.85__teacher_ridge__seed_0,condition_recombine_pseudolabel,3.0,0.85,ridge,0,158,258,2.632911392405063,True,0.8499999999999999,0.85,0.85,reaction_role_concat,6144,random_forest,False,valid,rmse,16.912793949897107,1,0.05,random,,
condition_recombine_pseudolabel__mult_3__sim_0.85__teacher_ridge__seed_0,condition_recombine_pseudolabel,3.0,0.85,ridge,0,158,258,2.632911392405063,True,0.8499999999999999,0.85,0.85,reaction_role_concat,6144,random_forest,False,valid,mae,13.377870244810852,1,0.05,random,,
condition_recombine_pseudolabel__mult_3__sim_0.85__teacher_ridge__seed_0,condition_recombine_pseudolabel,3.0,0.85,ridge,0,158,258,2.632911392405063,True,0.8499999999999999,0.85,0.85,reaction_role_concat,6144,random_forest,False,valid,r2,0.6420333149047988,1,0.05,random,,
condition_recombine_pseudolabel__mult_3__sim_0.85__teacher_ridge__seed_0,condition_recombine_pseudolabel,3.0,0.85,ridge,0,158,258,2.632911392405063,True,0.8499999999999999,0.85,0.85,reaction_role_concat,6144,random_forest,False,valid,spearman,0.8414770100151997,1,0.05,random,,
condition_recombine_pseudolabel__mult_3__sim_0.85__teacher_ridge__seed_1,condition_recombine_pseudolabel,3.0,0.85,ridge,1,158,249,2.5759493670886076,True,0.8499999999999998,0.85,0.85,reaction_role_concat,6144,random_forest,False,valid,rmse,16.484744844456458,1,0.05,random,,
condition_recombine_pseudolabel__mult_3__sim_0.85__teacher_ridge__seed_1,condition_recombine_pseudolabel,3.0,0.85,ridge,1,158,249,2.5759493670886076,True,0.8499999999999998,0.85,0.85,reaction_role_concat,6144,random_forest,False,valid,mae,13.052204345449617,1,0.05,random,,
condition_recombine_pseudolabel__mult_3__sim_0.85__teacher_ridge__seed_1,condition_recombine_pseudolabel,3.0,0.85,ridge,1,158,249,2.5759493670886076,True,0.8499999999999998,0.85,0.85,reaction_role_concat,6144,random_forest,False,valid,r2,0.6599237107976661,1,0.05,random,,
condition_recombine_pseudolabel__mult_3__sim_0.85__teacher_ridge__seed_1,condition_recombine_pseudolabel,3.0,0.85,ridge,1,158,249,2.5759493670886076,True,0.8499999999999998,0.85,0.85,reaction_role_concat,6144,random_forest,False,valid,spearman,0.840980093577621,1,0.05,random,,
condition_recombine_pseudolabel__mult_3__sim_0.85__teacher_ridge__seed_2,condition_recombine_pseudolabel,3.0,0.85,ridge,2,158,239,2.5126582278481013,True,0.8499999999999996,0.85,0.85,reaction_role_concat,6144,random_forest,False,valid,rmse,16.84415259423088,1,0.05,random,,
condition_recombine_pseudolabel__mult_3__sim_0.85__teacher_ridge__seed_2,condition_recombine_pseudolabel,3.0,0.85,ridge,2,158,239,2.5126582278481013,True,0.8499999999999996,0.85,0.85,reaction_role_concat,6144,random_forest,False,valid,mae,13.263435355135156,1,0.05,random,,
condition_recombine_pseudolabel__mult_3__sim_0.85__teacher_ridge__seed_2,condition_recombine_pseudolabel,3.0,0.85,ridge,2,158,239,2.5126582278481013,True,0.8499999999999996,0.85,0.85,reaction_role_concat,6144,random_forest,False,valid,r2,0.6449330672112628,1,0.05,random,,
condition_recombine_pseudolabel__mult_3__sim_0.85__teacher_ridge__seed_2,condition_recombine_pseudolabel,3.0,0.85,ridge,2,158,239,2.5126582278481013,True,0.8499999999999996,0.85,0.85,reaction_role_concat,6144,random_forest,False,valid,spearman,0.8333737567616015,1,0.05,random,,
condition_recombine_pseudolabel__mult_3__sim_0.85__teacher_ridge__seed_3,condition_recombine_pseudolabel,3.0,0.85,ridge,3,158,253,2.6012658227848102,True,0.8499999999999999,0.85,0.85,reaction_role_concat,6144,random_forest,False,valid,rmse,17.41077576443232,1,0.05,random,,
condition_recombine_pseudolabel__mult_3__sim_0.85__teacher_ridge__seed_3,condition_recombine_pseudolabel,3.0,0.85,ridge,3,158,253,2.6012658227848102,True,0.8499999999999999,0.85,0.85,reaction_role_concat,6144,random_forest,False,valid,mae,13.771293948860109,1,0.05,random,,
condition_recombine_pseudolabel__mult_3__sim_0.85__teacher_ridge__seed_3,condition_recombine_pseudolabel,3.0,0.85,ridge,3,158,253,2.6012658227848102,True,0.8499999999999999,0.85,0.85,reaction_role_concat,6144,random_forest,False,valid,r2,0.6206429680657811,1,0.05,random,,
condition_recombine_pseudolabel__mult_3__sim_0.85__teacher_ridge__seed_3,condition_recombine_pseudolabel,3.0,0.85,ridge,3,158,253,2.6012658227848102,True,0.8499999999999999,0.85,0.85,reaction_role_concat,6144,random_forest,False,valid,spearman,0.8179999236735189,1,0.05,random,,
condition_recombine_pseudolabel__mult_3__sim_0.85__teacher_ridge__seed_4,condition_recombine_pseudolabel,3.0,0.85,ridge,4,158,241,2.5253164556962027,True,0.8499999999999998,0.85,0.85,reaction_role_concat,6144,random_forest,False,valid,rmse,16.31389328033688,1,0.05,random,,
condition_recombine_pseudolabel__mult_3__sim_0.85__teacher_ridge__seed_4,condition_recombine_pseudolabel,3.0,0.85,ridge,4,158,241,2.5253164556962027,True,0.8499999999999998,0.85,0.85,reaction_role_concat,6144,random_forest,False,valid,mae,12.975834860877146,1,0.05,random,,
condition_recombine_pseudolabel__mult_3__sim_0.85__teacher_ridge__seed_4,condition_recombine_pseudolabel,3.0,0.85,ridge,4,158,241,2.5253164556962027,True,0.8499999999999998,0.85,0.85,reaction_role_concat,6144,random_forest,False,valid,r2,0.6669364334711201,1,0.05,random,,
condition_recombine_pseudolabel__mult_3__sim_0.85__teacher_ridge__seed_4,condition_recombine_pseudolabel,3.0,0.85,ridge,4,158,241,2.5253164556962027,True,0.8499999999999998,0.85,0.85,reaction_role_concat,6144,random_forest,False,valid,spearman,0.8503556788267909,1,0.05,random,,
condition_recombine_pseudolabel__mult_3__sim_0.85__teacher_rf__seed_0,condition_recombine_pseudolabel,3.0,0.85,random_forest,0,158,258,2.632911392405063,True,0.8499999999999999,0.85,0.85,reaction_role_concat,6144,random_forest,False,valid,rmse,16.60589361006215,1,0.05,random,,
condition_recombine_pseudolabel__mult_3__sim_0.85__teacher_rf__seed_0,condition_recombine_pseudolabel,3.0,0.85,random_forest,0,158,258,2.632911392405063,True,0.8499999999999999,0.85,0.85,reaction_role_concat,6144,random_forest,False,valid,mae,12.330915191063399,1,0.05,random,,
condition_recombine_pseudolabel__mult_3__sim_0.85__teacher_rf__seed_0,condition_recombine_pseudolabel,3.0,0.85,random_forest,0,158,258,2.632911392405063,True,0.8499999999999999,0.85,0.85,reaction_role_concat,6144,random_forest,False,valid,r2,0.6549068039840106,1,0.05,random,,
condition_recombine_pseudolabel__mult_3__sim_0.85__teacher_rf__seed_0,condition_recombine_pseudolabel,3.0,0.85,random_forest,0,158,258,2.632911392405063,True,0.8499999999999999,0.85,0.85,reaction_role_concat,6144,random_forest,False,valid,spearman,0.8293897586799522,1,0.05,random,,
condition_recombine_pseudolabel__mult_3__sim_0.85__teacher_rf__seed_1,condition_recombine_pseudolabel,3.0,0.85,random_forest,1,158,249,2.5759493670886076,True,0.8499999999999998,0.85,0.85,reaction_role_concat,6144,random_forest,False,valid,rmse,17.089012112035768,1,0.05,random,,
condition_recombine_pseudolabel__mult_3__sim_0.85__teacher_rf__seed_1,condition_recombine_pseudolabel,3.0,0.85,random_forest,1,158,249,2.5759493670886076,True,0.8499999999999998,0.85,0.85,reaction_role_concat,6144,random_forest,False,valid,mae,12.492638019216965,1,0.05,random,,
condition_recombine_pseudolabel__mult_3__sim_0.85__teacher_rf__seed_1,condition_recombine_pseudolabel,3.0,0.85,random_forest,1,158,249,2.5759493670886076,True,0.8499999999999998,0.85,0.85,reaction_role_concat,6144,random_forest,False,valid,r2,0.634534984939565,1,0.05,random,,
condition_recombine_pseudolabel__mult_3__sim_0.85__teacher_rf__seed_1,condition_recombine_pseudolabel,3.0,0.85,random_forest,1,158,249,2.5759493670886076,True,0.8499999999999998,0.85,0.85,reaction_role_concat,6144,random_forest,False,valid,spearman,0.81988368782891,1,0.05,random,,
condition_recombine_pseudolabel__mult_3__sim_0.85__teacher_rf__seed_2,condition_recombine_pseudolabel,3.0,0.85,random_forest,2,158,239,2.5126582278481013,True,0.8499999999999996,0.85,0.85,reaction_role_concat,6144,random_forest,False,valid,rmse,16.979071437351685,1,0.05,random,,
condition_recombine_pseudolabel__mult_3__sim_0.85__teacher_rf__seed_2,condition_recombine_pseudolabel,3.0,0.85,random_forest,2,158,239,2.5126582278481013,True,0.8499999999999996,0.85,0.85,reaction_role_concat,6144,random_forest,False,valid,mae,12.508550885300847,1,0.05,random,,
condition_recombine_pseudolabel__mult_3__sim_0.85__teacher_rf__seed_2,condition_recombine_pseudolabel,3.0,0.85,random_forest,2,158,239,2.5126582278481013,True,0.8499999999999996,0.85,0.85,reaction_role_concat,6144,random_forest,False,valid,r2,0.639222233623207,1,0.05,random,,
condition_recombine_pseudolabel__mult_3__sim_0.85__teacher_rf__seed_2,condition_recombine_pseudolabel,3.0,0.85,random_forest,2,158,239,2.5126582278481013,True,0.8499999999999996,0.85,0.85,reaction_role_concat,6144,random_forest,False,valid,spearman,0.8276047351217992,1,0.05,random,,
condition_recombine_pseudolabel__mult_3__sim_0.85__teacher_rf__seed_3,condition_recombine_pseudolabel,3.0,0.85,random_forest,3,158,253,2.6012658227848102,True,0.8499999999999999,0.85,0.85,reaction_role_concat,6144,random_forest,False,valid,rmse,17.196795834198067,1,0.05,random,,
condition_recombine_pseudolabel__mult_3__sim_0.85__teacher_rf__seed_3,condition_recombine_pseudolabel,3.0,0.85,random_forest,3,158,253,2.6012658227848102,True,0.8499999999999999,0.85,0.85,reaction_role_concat,6144,random_forest,False,valid,mae,12.629127998246421,1,0.05,random,,
condition_recombine_pseudolabel__mult_3__sim_0.85__teacher_rf__seed_3,condition_recombine_pseudolabel,3.0,0.85,random_forest,3,158,253,2.6012658227848102,True,0.8499999999999999,0.85,0.85,reaction_role_concat,6144,random_forest,False,valid,r2,0.6299103286634915,1,0.05,random,,
condition_recombine_pseudolabel__mult_3__sim_0.85__teacher_rf__seed_3,condition_recombine_pseudolabel,3.0,0.85,random_forest,3,158,253,2.6012658227848102,True,0.8499999999999999,0.85,0.85,reaction_role_concat,6144,random_forest,False,valid,spearman,0.8196890305765642,1,0.05,random,,
condition_recombine_pseudolabel__mult_3__sim_0.85__teacher_rf__seed_4,condition_recombine_pseudolabel,3.0,0.85,random_forest,4,158,241,2.5253164556962027,True,0.8499999999999998,0.85,0.85,reaction_role_concat,6144,random_forest,False,valid,rmse,16.5093362316604,1,0.05,random,,
condition_recombine_pseudolabel__mult_3__sim_0.85__teacher_rf__seed_4,condition_recombine_pseudolabel,3.0,0.85,random_forest,4,158,241,2.5253164556962027,True,0.8499999999999998,0.85,0.85,reaction_role_concat,6144,random_forest,False,valid,mae,12.269366709273074,1,0.05,random,,
condition_recombine_pseudolabel__mult_3__sim_0.85__teacher_rf__seed_4,condition_recombine_pseudolabel,3.0,0.85,random_forest,4,158,241,2.5253164556962027,True,0.8499999999999998,0.85,0.85,reaction_role_concat,6144,random_forest,False,valid,r2,0.6589083252921579,1,0.05,random,,
condition_recombine_pseudolabel__mult_3__sim_0.85__teacher_rf__seed_4,condition_recombine_pseudolabel,3.0,0.85,random_forest,4,158,241,2.5253164556962027,True,0.8499999999999998,0.85,0.85,reaction_role_concat,6144,random_forest,False,valid,spearman,0.8334627596273565,1,0.05,random,,
condition_recombine_pseudolabel__mult_3__sim_0.9__teacher_ridge__seed_0,condition_recombine_pseudolabel,3.0,0.9,ridge,0,158,134,1.8481012658227849,True,0.85,0.85,0.85,reaction_role_concat,6144,random_forest,False,valid,rmse,16.80327644015396,1,0.05,random,,
condition_recombine_pseudolabel__mult_3__sim_0.9__teacher_ridge__seed_0,condition_recombine_pseudolabel,3.0,0.9,ridge,0,158,134,1.8481012658227849,True,0.85,0.85,0.85,reaction_role_concat,6144,random_forest,False,valid,mae,13.118793203020397,1,0.05,random,,
condition_recombine_pseudolabel__mult_3__sim_0.9__teacher_ridge__seed_0,condition_recombine_pseudolabel,3.0,0.9,ridge,0,158,134,1.8481012658227849,True,0.85,0.85,0.85,reaction_role_concat,6144,random_forest,False,valid,r2,0.6466542770013243,1,0.05,random,,
condition_recombine_pseudolabel__mult_3__sim_0.9__teacher_ridge__seed_0,condition_recombine_pseudolabel,3.0,0.9,ridge,0,158,134,1.8481012658227849,True,0.85,0.85,0.85,reaction_role_concat,6144,random_forest,False,valid,spearman,0.8399628901469043,1,0.05,random,,
condition_recombine_pseudolabel__mult_3__sim_0.9__teacher_ridge__seed_1,condition_recombine_pseudolabel,3.0,0.9,ridge,1,158,119,1.7531645569620253,True,0.8499999999999994,0.85,0.85,reaction_role_concat,6144,random_forest,False,valid,rmse,16.39847776650328,1,0.05,random,,
condition_recombine_pseudolabel__mult_3__sim_0.9__teacher_ridge__seed_1,condition_recombine_pseudolabel,3.0,0.9,ridge,1,158,119,1.7531645569620253,True,0.8499999999999994,0.85,0.85,reaction_role_concat,6144,random_forest,False,valid,mae,12.7683247040646,1,0.05,random,,
condition_recombine_pseudolabel__mult_3__sim_0.9__teacher_ridge__seed_1,condition_recombine_pseudolabel,3.0,0.9,ridge,1,158,119,1.7531645569620253,True,0.8499999999999994,0.85,0.85,reaction_role_concat,6144,random_forest,False,valid,r2,0.6634737353335388,1,0.05,random,,
condition_recombine_pseudolabel__mult_3__sim_0.9__teacher_ridge__seed_1,condition_recombine_pseudolabel,3.0,0.9,ridge,1,158,119,1.7531645569620253,True,0.8499999999999994,0.85,0.85,reaction_role_concat,6144,random_forest,False,valid,spearman,0.8463653512196775,1,0.05,random,,
condition_recombine_pseudolabel__mult_3__sim_0.9__teacher_ridge__seed_2,condition_recombine_pseudolabel,3.0,0.9,ridge,2,158,117,1.740506329113924,True,0.8499999999999995,0.85,0.85,reaction_role_concat,6144,random_forest,False,valid,rmse,16.451118771883984,1,0.05,random,,
condition_recombine_pseudolabel__mult_3__sim_0.9__teacher_ridge__seed_2,condition_recombine_pseudolabel,3.0,0.9,ridge,2,158,117,1.740506329113924,True,0.8499999999999995,0.85,0.85,reaction_role_concat,6144,random_forest,False,valid,mae,12.928186094617542,1,0.05,random,,
condition_recombine_pseudolabel__mult_3__sim_0.9__teacher_ridge__seed_2,condition_recombine_pseudolabel,3.0,0.9,ridge,2,158,117,1.740506329113924,True,0.8499999999999995,0.85,0.85,reaction_role_concat,6144,random_forest,False,valid,r2,0.661309691220618,1,0.05,random,,
condition_recombine_pseudolabel__mult_3__sim_0.9__teacher_ridge__seed_2,condition_recombine_pseudolabel,3.0,0.9,ridge,2,158,117,1.740506329113924,True,0.8499999999999995,0.85,0.85,reaction_role_concat,6144,random_forest,False,valid,spearman,0.8404629226585576,1,0.05,random,,
condition_recombine_pseudolabel__mult_3__sim_0.9__teacher_ridge__seed_3,condition_recombine_pseudolabel,3.0,0.9,ridge,3,158,128,1.8101265822784811,True,0.8499999999999998,0.85,0.85,reaction_role_concat,6144,random_forest,False,valid,rmse,16.695344745067604,1,0.05,random,,
condition_recombine_pseudolabel__mult_3__sim_0.9__teacher_ridge__seed_3,condition_recombine_pseudolabel,3.0,0.9,ridge,3,158,128,1.8101265822784811,True,0.8499999999999998,0.85,0.85,reaction_role_concat,6144,random_forest,False,valid,mae,13.1097565312627,1,0.05,random,,
condition_recombine_pseudolabel__mult_3__sim_0.9__teacher_ridge__seed_3,condition_recombine_pseudolabel,3.0,0.9,ridge,3,158,128,1.8101265822784811,True,0.8499999999999998,0.85,0.85,reaction_role_concat,6144,random_forest,False,valid,r2,0.6511789565207868,1,0.05,random,,
condition_recombine_pseudolabel__mult_3__sim_0.9__teacher_ridge__seed_3,condition_recombine_pseudolabel,3.0,0.9,ridge,3,158,128,1.8101265822784811,True,0.8499999999999998,0.85,0.85,reaction_role_concat,6144,random_forest,False,valid,spearman,0.8368703813825257,1,0.05,random,,
condition_recombine_pseudolabel__mult_3__sim_0.9__teacher_ridge__seed_4,condition_recombine_pseudolabel,3.0,0.9,ridge,4,158,102,1.6455696202531647,True,0.8499999999999994,0.85,0.85,reaction_role_concat,6144,random_forest,False,valid,rmse,16.19878140440846,1,0.05,random,,
condition_recombine_pseudolabel__mult_3__sim_0.9__teacher_ridge__seed_4,condition_recombine_pseudolabel,3.0,0.9,ridge,4,158,102,1.6455696202531647,True,0.8499999999999994,0.85,0.85,reaction_role_concat,6144,random_forest,False,valid,mae,12.463274846301804,1,0.05,random,,
condition_recombine_pseudolabel__mult_3__sim_0.9__teacher_ridge__seed_4,condition_recombine_pseudolabel,3.0,0.9,ridge,4,158,102,1.6455696202531647,True,0.8499999999999994,0.85,0.85,reaction_role_concat,6144,random_forest,False,valid,r2,0.6716200866068067,1,0.05,random,,
condition_recombine_pseudolabel__mult_3__sim_0.9__teacher_ridge__seed_4,condition_recombine_pseudolabel,3.0,0.9,ridge,4,158,102,1.6455696202531647,True,0.8499999999999994,0.85,0.85,reaction_role_concat,6144,random_forest,False,valid,spearman,0.8457091254950365,1,0.05,random,,
condition_recombine_pseudolabel__mult_3__sim_0.9__teacher_rf__seed_0,condition_recombine_pseudolabel,3.0,0.9,random_forest,0,158,134,1.8481012658227849,True,0.85,0.85,0.85,reaction_role_concat,6144,random_forest,False,valid,rmse,16.8966229109334,1,0.05,random,,
condition_recombine_pseudolabel__mult_3__sim_0.9__teacher_rf__seed_0,condition_recombine_pseudolabel,3.0,0.9,random_forest,0,158,134,1.8481012658227849,True,0.85,0.85,0.85,reaction_role_concat,6144,random_forest,False,valid,mae,12.517912416153314,1,0.05,random,,
condition_recombine_pseudolabel__mult_3__sim_0.9__teacher_rf__seed_0,condition_recombine_pseudolabel,3.0,0.9,random_forest,0,158,134,1.8481012658227849,True,0.85,0.85,0.85,reaction_role_concat,6144,random_forest,False,valid,r2,0.6427175218811373,1,0.05,random,,
condition_recombine_pseudolabel__mult_3__sim_0.9__teacher_rf__seed_0,condition_recombine_pseudolabel,3.0,0.9,random_forest,0,158,134,1.8481012658227849,True,0.85,0.85,0.85,reaction_role_concat,6144,random_forest,False,valid,spearman,0.8239514304013132,1,0.05,random,,
condition_recombine_pseudolabel__mult_3__sim_0.9__teacher_rf__seed_1,condition_recombine_pseudolabel,3.0,0.9,random_forest,1,158,119,1.7531645569620253,True,0.8499999999999994,0.85,0.85,reaction_role_concat,6144,random_forest,False,valid,rmse,16.80301146843028,1,0.05,random,,
condition_recombine_pseudolabel__mult_3__sim_0.9__teacher_rf__seed_1,condition_recombine_pseudolabel,3.0,0.9,random_forest,1,158,119,1.7531645569620253,True,0.8499999999999994,0.85,0.85,reaction_role_concat,6144,random_forest,False,valid,mae,12.470709038762353,1,0.05,random,,
condition_recombine_pseudolabel__mult_3__sim_0.9__teacher_rf__seed_1,condition_recombine_pseudolabel,3.0,0.9,random_forest,1,158,119,1.7531645569620253,True,0.8499999999999994,0.85,0.85,reaction_role_concat,6144,random_forest,False,valid,r2,0.6466654207669358,1,0.05,random,,
condition_recombine_pseudolabel__mult_3__sim_0.9__teacher_rf__seed_1,condition_recombine_pseudolabel,3.0,0.9,random_forest,1,158,119,1.7531645569620253,True,0.8499999999999994,0.85,0.85,reaction_role_concat,6144,random_forest,False,valid,spearman,0.8275160243879889,1,0.05,random,,
condition_recombine_pseudolabel__mult_3__sim_0.9__teacher_rf__seed_2,condition_recombine_pseudolabel,3.0,0.9,random_forest,2,158,117,1.740506329113924,True,0.8499999999999995,0.85,0.85,reaction_role_concat,6144,random_forest,False,valid,rmse,17.026815574254428,1,0.05,random,,
condition_recombine_pseudolabel__mult_3__sim_0.9__teacher_rf__seed_2,condition_recombine_pseudolabel,3.0,0.9,random_forest,2,158,117,1.740506329113924,True,0.8499999999999995,0.85,0.85,reaction_role_concat,6144,random_forest,False,valid,mae,12.454495505381235,1,0.05,random,,
condition_recombine_pseudolabel__mult_3__sim_0.9__teacher_rf__seed_2,condition_recombine_pseudolabel,3.0,0.9,random_forest,2,158,117,1.740506329113924,True,0.8499999999999995,0.85,0.85,reaction_role_concat,6144,random_forest,False,valid,r2,0.6371904097979617,1,0.05,random,,
condition_recombine_pseudolabel__mult_3__sim_0.9__teacher_rf__seed_2,condition_recombine_pseudolabel,3.0,0.9,random_forest,2,158,117,1.740506329113924,True,0.8499999999999995,0.85,0.85,reaction_role_concat,6144,random_forest,False,valid,spearman,0.8254478275983095,1,0.05,random,,
condition_recombine_pseudolabel__mult_3__sim_0.9__teacher_rf__seed_3,condition_recombine_pseudolabel,3.0,0.9,random_forest,3,158,128,1.8101265822784811,True,0.8499999999999998,0.85,0.85,reaction_role_concat,6144,random_forest,False,valid,rmse,16.692512669599765,1,0.05,random,,
condition_recombine_pseudolabel__mult_3__sim_0.9__teacher_rf__seed_3,condition_recombine_pseudolabel,3.0,0.9,random_forest,3,158,128,1.8101265822784811,True,0.8499999999999998,0.85,0.85,reaction_role_concat,6144,random_forest,False,valid,mae,12.39843470598625,1,0.05,random,,
condition_recombine_pseudolabel__mult_3__sim_0.9__teacher_rf__seed_3,condition_recombine_pseudolabel,3.0,0.9,random_forest,3,158,128,1.8101265822784811,True,0.8499999999999998,0.85,0.85,reaction_role_concat,6144,random_forest,False,valid,r2,0.6512972893549992,1,0.05,random,,
condition_recombine_pseudolabel__mult_3__sim_0.9__teacher_rf__seed_3,condition_recombine_pseudolabel,3.0,0.9,random_forest,3,158,128,1.8101265822784811,True,0.8499999999999998,0.85,0.85,reaction_role_concat,6144,random_forest,False,valid,spearman,0.8305662713977311,1,0.05,random,,
condition_recombine_pseudolabel__mult_3__sim_0.9__teacher_rf__seed_4,condition_recombine_pseudolabel,3.0,0.9,random_forest,4,158,102,1.6455696202531647,True,0.8499999999999994,0.85,0.85,reaction_role_concat,6144,random_forest,False,valid,rmse,16.271081640223294,1,0.05,random,,
condition_recombine_pseudolabel__mult_3__sim_0.9__teacher_rf__seed_4,condition_recombine_pseudolabel,3.0,0.9,random_forest,4,158,102,1.6455696202531647,True,0.8499999999999994,0.85,0.85,reaction_role_concat,6144,random_forest,False,valid,mae,12.205354781336423,1,0.05,random,,
condition_recombine_pseudolabel__mult_3__sim_0.9__teacher_rf__seed_4,condition_recombine_pseudolabel,3.0,0.9,random_forest,4,158,102,1.6455696202531647,True,0.8499999999999994,0.85,0.85,reaction_role_concat,6144,random_forest,False,valid,r2,0.6686822200537031,1,0.05,random,,
condition_recombine_pseudolabel__mult_3__sim_0.9__teacher_rf__seed_4,condition_recombine_pseudolabel,3.0,0.9,random_forest,4,158,102,1.6455696202531647,True,0.8499999999999994,0.85,0.85,reaction_role_concat,6144,random_forest,False,valid,spearman,0.8377199984544196,1,0.05,random,,
condition_recombine_pseudolabel__mult_3__sim_0.95__teacher_ridge__seed_0,condition_recombine_pseudolabel,3.0,0.95,ridge,0,158,0,1.0,True,,,,reaction_role_concat,6144,random_forest,False,valid,rmse,16.074816518459752,1,0.05,random,,
condition_recombine_pseudolabel__mult_3__sim_0.95__teacher_ridge__seed_0,condition_recombine_pseudolabel,3.0,0.95,ridge,0,158,0,1.0,True,,,,reaction_role_concat,6144,random_forest,False,valid,mae,12.086281774744203,1,0.05,random,,
condition_recombine_pseudolabel__mult_3__sim_0.95__teacher_ridge__seed_0,condition_recombine_pseudolabel,3.0,0.95,ridge,0,158,0,1.0,True,,,,reaction_role_concat,6144,random_forest,False,valid,r2,0.6766268603219118,1,0.05,random,,
condition_recombine_pseudolabel__mult_3__sim_0.95__teacher_ridge__seed_0,condition_recombine_pseudolabel,3.0,0.95,ridge,0,158,0,1.0,True,,,,reaction_role_concat,6144,random_forest,False,valid,spearman,0.8448850212796283,1,0.05,random,,
condition_recombine_pseudolabel__mult_3__sim_0.95__teacher_ridge__seed_1,condition_recombine_pseudolabel,3.0,0.95,ridge,1,158,0,1.0,True,,,,reaction_role_concat,6144,random_forest,False,valid,rmse,16.074816518459752,1,0.05,random,,
condition_recombine_pseudolabel__mult_3__sim_0.95__teacher_ridge__seed_1,condition_recombine_pseudolabel,3.0,0.95,ridge,1,158,0,1.0,True,,,,reaction_role_concat,6144,random_forest,False,valid,mae,12.086281774744203,1,0.05,random,,
condition_recombine_pseudolabel__mult_3__sim_0.95__teacher_ridge__seed_1,condition_recombine_pseudolabel,3.0,0.95,ridge,1,158,0,1.0,True,,,,reaction_role_concat,6144,random_forest,False,valid,r2,0.6766268603219118,1,0.05,random,,
condition_recombine_pseudolabel__mult_3__sim_0.95__teacher_ridge__seed_1,condition_recombine_pseudolabel,3.0,0.95,ridge,1,158,0,1.0,True,,,,reaction_role_concat,6144,random_forest,False,valid,spearman,0.8448850212796283,1,0.05,random,,
condition_recombine_pseudolabel__mult_3__sim_0.95__teacher_ridge__seed_2,condition_recombine_pseudolabel,3.0,0.95,ridge,2,158,0,1.0,True,,,,reaction_role_concat,6144,random_forest,False,valid,rmse,16.074816518459752,1,0.05,random,,
condition_recombine_pseudolabel__mult_3__sim_0.95__teacher_ridge__seed_2,condition_recombine_pseudolabel,3.0,0.95,ridge,2,158,0,1.0,True,,,,reaction_role_concat,6144,random_forest,False,valid,mae,12.086281774744203,1,0.05,random,,
condition_recombine_pseudolabel__mult_3__sim_0.95__teacher_ridge__seed_2,condition_recombine_pseudolabel,3.0,0.95,ridge,2,158,0,1.0,True,,,,reaction_role_concat,6144,random_forest,False,valid,r2,0.6766268603219118,1,0.05,random,,
condition_recombine_pseudolabel__mult_3__sim_0.95__teacher_ridge__seed_2,condition_recombine_pseudolabel,3.0,0.95,ridge,2,158,0,1.0,True,,,,reaction_role_concat,6144,random_forest,False,valid,spearman,0.8448850212796283,1,0.05,random,,
condition_recombine_pseudolabel__mult_3__sim_0.95__teacher_ridge__seed_3,condition_recombine_pseudolabel,3.0,0.95,ridge,3,158,0,1.0,True,,,,reaction_role_concat,6144,random_forest,False,valid,rmse,16.074816518459752,1,0.05,random,,
condition_recombine_pseudolabel__mult_3__sim_0.95__teacher_ridge__seed_3,condition_recombine_pseudolabel,3.0,0.95,ridge,3,158,0,1.0,True,,,,reaction_role_concat,6144,random_forest,False,valid,mae,12.086281774744203,1,0.05,random,,
condition_recombine_pseudolabel__mult_3__sim_0.95__teacher_ridge__seed_3,condition_recombine_pseudolabel,3.0,0.95,ridge,3,158,0,1.0,True,,,,reaction_role_concat,6144,random_forest,False,valid,r2,0.6766268603219118,1,0.05,random,,
condition_recombine_pseudolabel__mult_3__sim_0.95__teacher_ridge__seed_3,condition_recombine_pseudolabel,3.0,0.95,ridge,3,158,0,1.0,True,,,,reaction_role_concat,6144,random_forest,False,valid,spearman,0.8448850212796283,1,0.05,random,,
condition_recombine_pseudolabel__mult_3__sim_0.95__teacher_ridge__seed_4,condition_recombine_pseudolabel,3.0,0.95,ridge,4,158,0,1.0,True,,,,reaction_role_concat,6144,random_forest,False,valid,rmse,16.074816518459752,1,0.05,random,,
condition_recombine_pseudolabel__mult_3__sim_0.95__teacher_ridge__seed_4,condition_recombine_pseudolabel,3.0,0.95,ridge,4,158,0,1.0,True,,,,reaction_role_concat,6144,random_forest,False,valid,mae,12.086281774744203,1,0.05,random,,
condition_recombine_pseudolabel__mult_3__sim_0.95__teacher_ridge__seed_4,condition_recombine_pseudolabel,3.0,0.95,ridge,4,158,0,1.0,True,,,,reaction_role_concat,6144,random_forest,False,valid,r2,0.6766268603219118,1,0.05,random,,
condition_recombine_pseudolabel__mult_3__sim_0.95__teacher_ridge__seed_4,condition_recombine_pseudolabel,3.0,0.95,ridge,4,158,0,1.0,True,,,,reaction_role_concat,6144,random_forest,False,valid,spearman,0.8448850212796283,1,0.05,random,,
condition_recombine_pseudolabel__mult_3__sim_0.95__teacher_rf__seed_0,condition_recombine_pseudolabel,3.0,0.95,random_forest,0,158,0,1.0,True,,,,reaction_role_concat,6144,random_forest,False,valid,rmse,16.074816518459752,1,0.05,random,,
condition_recombine_pseudolabel__mult_3__sim_0.95__teacher_rf__seed_0,condition_recombine_pseudolabel,3.0,0.95,random_forest,0,158,0,1.0,True,,,,reaction_role_concat,6144,random_forest,False,valid,mae,12.086281774744203,1,0.05,random,,
condition_recombine_pseudolabel__mult_3__sim_0.95__teacher_rf__seed_0,condition_recombine_pseudolabel,3.0,0.95,random_forest,0,158,0,1.0,True,,,,reaction_role_concat,6144,random_forest,False,valid,r2,0.6766268603219118,1,0.05,random,,
condition_recombine_pseudolabel__mult_3__sim_0.95__teacher_rf__seed_0,condition_recombine_pseudolabel,3.0,0.95,random_forest,0,158,0,1.0,True,,,,reaction_role_concat,6144,random_forest,False,valid,spearman,0.8448850212796283,1,0.05,random,,
condition_recombine_pseudolabel__mult_3__sim_0.95__teacher_rf__seed_1,condition_recombine_pseudolabel,3.0,0.95,random_forest,1,158,0,1.0,True,,,,reaction_role_concat,6144,random_forest,False,valid,rmse,16.074816518459752,1,0.05,random,,
condition_recombine_pseudolabel__mult_3__sim_0.95__teacher_rf__seed_1,condition_recombine_pseudolabel,3.0,0.95,random_forest,1,158,0,1.0,True,,,,reaction_role_concat,6144,random_forest,False,valid,mae,12.086281774744203,1,0.05,random,,
condition_recombine_pseudolabel__mult_3__sim_0.95__teacher_rf__seed_1,condition_recombine_pseudolabel,3.0,0.95,random_forest,1,158,0,1.0,True,,,,reaction_role_concat,6144,random_forest,False,valid,r2,0.6766268603219118,1,0.05,random,,
condition_recombine_pseudolabel__mult_3__sim_0.95__teacher_rf__seed_1,condition_recombine_pseudolabel,3.0,0.95,random_forest,1,158,0,1.0,True,,,,reaction_role_concat,6144,random_forest,False,valid,spearman,0.8448850212796283,1,0.05,random,,
condition_recombine_pseudolabel__mult_3__sim_0.95__teacher_rf__seed_2,condition_recombine_pseudolabel,3.0,0.95,random_forest,2,158,0,1.0,True,,,,reaction_role_concat,6144,random_forest,False,valid,rmse,16.074816518459752,1,0.05,random,,
condition_recombine_pseudolabel__mult_3__sim_0.95__teacher_rf__seed_2,condition_recombine_pseudolabel,3.0,0.95,random_forest,2,158,0,1.0,True,,,,reaction_role_concat,6144,random_forest,False,valid,mae,12.086281774744203,1,0.05,random,,
condition_recombine_pseudolabel__mult_3__sim_0.95__teacher_rf__seed_2,condition_recombine_pseudolabel,3.0,0.95,random_forest,2,158,0,1.0,True,,,,reaction_role_concat,6144,random_forest,False,valid,r2,0.6766268603219118,1,0.05,random,,
condition_recombine_pseudolabel__mult_3__sim_0.95__teacher_rf__seed_2,condition_recombine_pseudolabel,3.0,0.95,random_forest,2,158,0,1.0,True,,,,reaction_role_concat,6144,random_forest,False,valid,spearman,0.8448850212796283,1,0.05,random,,
condition_recombine_pseudolabel__mult_3__sim_0.95__teacher_rf__seed_3,condition_recombine_pseudolabel,3.0,0.95,random_forest,3,158,0,1.0,True,,,,reaction_role_concat,6144,random_forest,False,valid,rmse,16.074816518459752,1,0.05,random,,
condition_recombine_pseudolabel__mult_3__sim_0.95__teacher_rf__seed_3,condition_recombine_pseudolabel,3.0,0.95,random_forest,3,158,0,1.0,True,,,,reaction_role_concat,6144,random_forest,False,valid,mae,12.086281774744203,1,0.05,random,,
condition_recombine_pseudolabel__mult_3__sim_0.95__teacher_rf__seed_3,condition_recombine_pseudolabel,3.0,0.95,random_forest,3,158,0,1.0,True,,,,reaction_role_concat,6144,random_forest,False,valid,r2,0.6766268603219118,1,0.05,random,,
condition_recombine_pseudolabel__mult_3__sim_0.95__teacher_rf__seed_3,condition_recombine_pseudolabel,3.0,0.95,random_forest,3,158,0,1.0,True,,,,reaction_role_concat,6144,random_forest,False,valid,spearman,0.8448850212796283,1,0.05,random,,
condition_recombine_pseudolabel__mult_3__sim_0.95__teacher_rf__seed_4,condition_recombine_pseudolabel,3.0,0.95,random_forest,4,158,0,1.0,True,,,,reaction_role_concat,6144,random_forest,False,valid,rmse,16.074816518459752,1,0.05,random,,
condition_recombine_pseudolabel__mult_3__sim_0.95__teacher_rf__seed_4,condition_recombine_pseudolabel,3.0,0.95,random_forest,4,158,0,1.0,True,,,,reaction_role_concat,6144,random_forest,False,valid,mae,12.086281774744203,1,0.05,random,,
condition_recombine_pseudolabel__mult_3__sim_0.95__teacher_rf__seed_4,condition_recombine_pseudolabel,3.0,0.95,random_forest,4,158,0,1.0,True,,,,reaction_role_concat,6144,random_forest,False,valid,r2,0.6766268603219118,1,0.05,random,,
condition_recombine_pseudolabel__mult_3__sim_0.95__teacher_rf__seed_4,condition_recombine_pseudolabel,3.0,0.95,random_forest,4,158,0,1.0,True,,,,reaction_role_concat,6144,random_forest,False,valid,spearman,0.8448850212796283,1,0.05,random,,
condition_recombine_pseudolabel__mult_0.25__sim_0.7__teacher_ridge__seed_0,condition_recombine_pseudolabel,0.25,0.7,ridge,0,316,79,1.25,True,0.8416171875181075,0.7770700454711914,0.85,reaction_role_concat,6144,random_forest,False,valid,rmse,14.051630002161398,2,0.1,random,,
condition_recombine_pseudolabel__mult_0.25__sim_0.7__teacher_ridge__seed_0,condition_recombine_pseudolabel,0.25,0.7,ridge,0,316,79,1.25,True,0.8416171875181075,0.7770700454711914,0.85,reaction_role_concat,6144,random_forest,False,valid,mae,10.252409673532354,2,0.1,random,,
condition_recombine_pseudolabel__mult_0.25__sim_0.7__teacher_ridge__seed_0,condition_recombine_pseudolabel,0.25,0.7,ridge,0,316,79,1.25,True,0.8416171875181075,0.7770700454711914,0.85,reaction_role_concat,6144,random_forest,False,valid,r2,0.7529042328829982,2,0.1,random,,
condition_recombine_pseudolabel__mult_0.25__sim_0.7__teacher_ridge__seed_0,condition_recombine_pseudolabel,0.25,0.7,ridge,0,316,79,1.25,True,0.8416171875181075,0.7770700454711914,0.85,reaction_role_concat,6144,random_forest,False,valid,spearman,0.8835389464014902,2,0.1,random,,
condition_recombine_pseudolabel__mult_0.25__sim_0.7__teacher_ridge__seed_1,condition_recombine_pseudolabel,0.25,0.7,ridge,1,316,79,1.25,True,0.8425492657890802,0.7745664715766907,0.85,reaction_role_concat,6144,random_forest,False,valid,rmse,13.917624859069559,2,0.1,random,,
condition_recombine_pseudolabel__mult_0.25__sim_0.7__teacher_ridge__seed_1,condition_recombine_pseudolabel,0.25,0.7,ridge,1,316,79,1.25,True,0.8425492657890802,0.7745664715766907,0.85,reaction_role_concat,6144,random_forest,False,valid,mae,10.444236306452298,2,0.1,random,,
condition_recombine_pseudolabel__mult_0.25__sim_0.7__teacher_ridge__seed_1,condition_recombine_pseudolabel,0.25,0.7,ridge,1,316,79,1.25,True,0.8425492657890802,0.7745664715766907,0.85,reaction_role_concat,6144,random_forest,False,valid,r2,0.7575946801474108,2,0.1,random,,
condition_recombine_pseudolabel__mult_0.25__sim_0.7__teacher_ridge__seed_1,condition_recombine_pseudolabel,0.25,0.7,ridge,1,316,79,1.25,True,0.8425492657890802,0.7745664715766907,0.85,reaction_role_concat,6144,random_forest,False,valid,spearman,0.8861045465153224,2,0.1,random,,
condition_recombine_pseudolabel__mult_0.25__sim_0.7__teacher_ridge__seed_2,condition_recombine_pseudolabel,0.25,0.7,ridge,2,316,79,1.25,True,0.8432997035074837,0.800000011920929,0.85,reaction_role_concat,6144,random_forest,False,valid,rmse,14.36837302544669,2,0.1,random,,
condition_recombine_pseudolabel__mult_0.25__sim_0.7__teacher_ridge__seed_2,condition_recombine_pseudolabel,0.25,0.7,ridge,2,316,79,1.25,True,0.8432997035074837,0.800000011920929,0.85,reaction_role_concat,6144,random_forest,False,valid,mae,10.61247427403625,2,0.1,random,,
condition_recombine_pseudolabel__mult_0.25__sim_0.7__teacher_ridge__seed_2,condition_recombine_pseudolabel,0.25,0.7,ridge,2,316,79,1.25,True,0.8432997035074837,0.800000011920929,0.85,reaction_role_concat,6144,random_forest,False,valid,r2,0.7416389248364128,2,0.1,random,,
condition_recombine_pseudolabel__mult_0.25__sim_0.7__teacher_ridge__seed_2,condition_recombine_pseudolabel,0.25,0.7,ridge,2,316,79,1.25,True,0.8432997035074837,0.800000011920929,0.85,reaction_role_concat,6144,random_forest,False,valid,spearman,0.8753399712474139,2,0.1,random,,
condition_recombine_pseudolabel__mult_0.25__sim_0.7__teacher_ridge__seed_3,condition_recombine_pseudolabel,0.25,0.7,ridge,3,316,79,1.25,True,0.8406737253635743,0.7770700454711914,0.85,reaction_role_concat,6144,random_forest,False,valid,rmse,13.692903479909807,2,0.1,random,,
condition_recombine_pseudolabel__mult_0.25__sim_0.7__teacher_ridge__seed_3,condition_recombine_pseudolabel,0.25,0.7,ridge,3,316,79,1.25,True,0.8406737253635743,0.7770700454711914,0.85,reaction_role_concat,6144,random_forest,False,valid,mae,10.263780693085133,2,0.1,random,,
condition_recombine_pseudolabel__mult_0.25__sim_0.7__teacher_ridge__seed_3,condition_recombine_pseudolabel,0.25,0.7,ridge,3,316,79,1.25,True,0.8406737253635743,0.7770700454711914,0.85,reaction_role_concat,6144,random_forest,False,valid,r2,0.7653594931816581,2,0.1,random,,
condition_recombine_pseudolabel__mult_0.25__sim_0.7__teacher_ridge__seed_3,condition_recombine_pseudolabel,0.25,0.7,ridge,3,316,79,1.25,True,0.8406737253635743,0.7770700454711914,0.85,reaction_role_concat,6144,random_forest,False,valid,spearman,0.8853031312142696,2,0.1,random,,
condition_recombine_pseudolabel__mult_0.25__sim_0.7__teacher_ridge__seed_4,condition_recombine_pseudolabel,0.25,0.7,ridge,4,316,79,1.25,True,0.8421540287476549,0.7710843086242676,0.85,reaction_role_concat,6144,random_forest,False,valid,rmse,14.313422592450177,2,0.1,random,,
condition_recombine_pseudolabel__mult_0.25__sim_0.7__teacher_ridge__seed_4,condition_recombine_pseudolabel,0.25,0.7,ridge,4,316,79,1.25,True,0.8421540287476549,0.7710843086242676,0.85,reaction_role_concat,6144,random_forest,False,valid,mae,10.550149884586093,2,0.1,random,,
condition_recombine_pseudolabel__mult_0.25__sim_0.7__teacher_ridge__seed_4,condition_recombine_pseudolabel,0.25,0.7,ridge,4,316,79,1.25,True,0.8421540287476549,0.7710843086242676,0.85,reaction_role_concat,6144,random_forest,False,valid,r2,0.7436112992042694,2,0.1,random,,
condition_recombine_pseudolabel__mult_0.25__sim_0.7__teacher_ridge__seed_4,condition_recombine_pseudolabel,0.25,0.7,ridge,4,316,79,1.25,True,0.8421540287476549,0.7710843086242676,0.85,reaction_role_concat,6144,random_forest,False,valid,spearman,0.8757177952289554,2,0.1,random,,
condition_recombine_pseudolabel__mult_0.25__sim_0.7__teacher_rf__seed_0,condition_recombine_pseudolabel,0.25,0.7,random_forest,0,316,79,1.25,True,0.8416171875181075,0.7770700454711914,0.85,reaction_role_concat,6144,random_forest,False,valid,rmse,14.09881800913882,2,0.1,random,,
condition_recombine_pseudolabel__mult_0.25__sim_0.7__teacher_rf__seed_0,condition_recombine_pseudolabel,0.25,0.7,random_forest,0,316,79,1.25,True,0.8416171875181075,0.7770700454711914,0.85,reaction_role_concat,6144,random_forest,False,valid,mae,10.245903062171573,2,0.1,random,,
condition_recombine_pseudolabel__mult_0.25__sim_0.7__teacher_rf__seed_0,condition_recombine_pseudolabel,0.25,0.7,random_forest,0,316,79,1.25,True,0.8416171875181075,0.7770700454711914,0.85,reaction_role_concat,6144,random_forest,False,valid,r2,0.7512418584906961,2,0.1,random,,
condition_recombine_pseudolabel__mult_0.25__sim_0.7__teacher_rf__seed_0,condition_recombine_pseudolabel,0.25,0.7,random_forest,0,316,79,1.25,True,0.8416171875181075,0.7770700454711914,0.85,reaction_role_concat,6144,random_forest,False,valid,spearman,0.8787621995998078,2,0.1,random,,
condition_recombine_pseudolabel__mult_0.25__sim_0.7__teacher_rf__seed_1,condition_recombine_pseudolabel,0.25,0.7,random_forest,1,316,79,1.25,True,0.8425492657890802,0.7745664715766907,0.85,reaction_role_concat,6144,random_forest,False,valid,rmse,14.091577807950758,2,0.1,random,,
condition_recombine_pseudolabel__mult_0.25__sim_0.7__teacher_rf__seed_1,condition_recombine_pseudolabel,0.25,0.7,random_forest,1,316,79,1.25,True,0.8425492657890802,0.7745664715766907,0.85,reaction_role_concat,6144,random_forest,False,valid,mae,10.122335189294967,2,0.1,random,,
condition_recombine_pseudolabel__mult_0.25__sim_0.7__teacher_rf__seed_1,condition_recombine_pseudolabel,0.25,0.7,random_forest,1,316,79,1.25,True,0.8425492657890802,0.7745664715766907,0.85,reaction_role_concat,6144,random_forest,False,valid,r2,0.7514972836673839,2,0.1,random,,
condition_recombine_pseudolabel__mult_0.25__sim_0.7__teacher_rf__seed_1,condition_recombine_pseudolabel,0.25,0.7,random_forest,1,316,79,1.25,True,0.8425492657890802,0.7745664715766907,0.85,reaction_role_concat,6144,random_forest,False,valid,spearman,0.878465588298835,2,0.1,random,,
condition_recombine_pseudolabel__mult_0.25__sim_0.7__teacher_rf__seed_2,condition_recombine_pseudolabel,0.25,0.7,random_forest,2,316,79,1.25,True,0.8432997035074837,0.800000011920929,0.85,reaction_role_concat,6144,random_forest,False,valid,rmse,14.026261035770585,2,0.1,random,,
condition_recombine_pseudolabel__mult_0.25__sim_0.7__teacher_rf__seed_2,condition_recombine_pseudolabel,0.25,0.7,random_forest,2,316,79,1.25,True,0.8432997035074837,0.800000011920929,0.85,reaction_role_concat,6144,random_forest,False,valid,mae,10.109261328234703,2,0.1,random,,
condition_recombine_pseudolabel__mult_0.25__sim_0.7__teacher_rf__seed_2,condition_recombine_pseudolabel,0.25,0.7,random_forest,2,316,79,1.25,True,0.8432997035074837,0.800000011920929,0.85,reaction_role_concat,6144,random_forest,False,valid,r2,0.7537956462696543,2,0.1,random,,
condition_recombine_pseudolabel__mult_0.25__sim_0.7__teacher_rf__seed_2,condition_recombine_pseudolabel,0.25,0.7,random_forest,2,316,79,1.25,True,0.8432997035074837,0.800000011920929,0.85,reaction_role_concat,6144,random_forest,False,valid,spearman,0.8812518454080726,2,0.1,random,,
condition_recombine_pseudolabel__mult_0.25__sim_0.7__teacher_rf__seed_3,condition_recombine_pseudolabel,0.25,0.7,random_forest,3,316,79,1.25,True,0.8406737253635743,0.7770700454711914,0.85,reaction_role_concat,6144,random_forest,False,valid,rmse,14.173022852808565,2,0.1,random,,
condition_recombine_pseudolabel__mult_0.25__sim_0.7__teacher_rf__seed_3,condition_recombine_pseudolabel,0.25,0.7,random_forest,3,316,79,1.25,True,0.8406737253635743,0.7770700454711914,0.85,reaction_role_concat,6144,random_forest,False,valid,mae,10.14994672577517,2,0.1,random,,
condition_recombine_pseudolabel__mult_0.25__sim_0.7__teacher_rf__seed_3,condition_recombine_pseudolabel,0.25,0.7,random_forest,3,316,79,1.25,True,0.8406737253635743,0.7770700454711914,0.85,reaction_role_concat,6144,random_forest,False,valid,r2,0.7486164418332483,2,0.1,random,,
condition_recombine_pseudolabel__mult_0.25__sim_0.7__teacher_rf__seed_3,condition_recombine_pseudolabel,0.25,0.7,random_forest,3,316,79,1.25,True,0.8406737253635743,0.7770700454711914,0.85,reaction_role_concat,6144,random_forest,False,valid,spearman,0.8780589406321039,2,0.1,random,,
condition_recombine_pseudolabel__mult_0.25__sim_0.7__teacher_rf__seed_4,condition_recombine_pseudolabel,0.25,0.7,random_forest,4,316,79,1.25,True,0.8421540287476549,0.7710843086242676,0.85,reaction_role_concat,6144,random_forest,False,valid,rmse,14.159003540464651,2,0.1,random,,
condition_recombine_pseudolabel__mult_0.25__sim_0.7__teacher_rf__seed_4,condition_recombine_pseudolabel,0.25,0.7,random_forest,4,316,79,1.25,True,0.8421540287476549,0.7710843086242676,0.85,reaction_role_concat,6144,random_forest,False,valid,mae,10.175438035321388,2,0.1,random,,
condition_recombine_pseudolabel__mult_0.25__sim_0.7__teacher_rf__seed_4,condition_recombine_pseudolabel,0.25,0.7,random_forest,4,316,79,1.25,True,0.8421540287476549,0.7710843086242676,0.85,reaction_role_concat,6144,random_forest,False,valid,r2,0.749113510335141,2,0.1,random,,
condition_recombine_pseudolabel__mult_0.25__sim_0.7__teacher_rf__seed_4,condition_recombine_pseudolabel,0.25,0.7,random_forest,4,316,79,1.25,True,0.8421540287476549,0.7710843086242676,0.85,reaction_role_concat,6144,random_forest,False,valid,spearman,0.8774747741204373,2,0.1,random,,
condition_recombine_pseudolabel__mult_0.25__sim_0.8__teacher_ridge__seed_0,condition_recombine_pseudolabel,0.25,0.8,ridge,0,316,76,1.240506329113924,True,0.8437432428723886,0.8053691387176514,0.85,reaction_role_concat,6144,random_forest,False,valid,rmse,14.06558465641772,2,0.1,random,,
condition_recombine_pseudolabel__mult_0.25__sim_0.8__teacher_ridge__seed_0,condition_recombine_pseudolabel,0.25,0.8,ridge,0,316,76,1.240506329113924,True,0.8437432428723886,0.8053691387176514,0.85,reaction_role_concat,6144,random_forest,False,valid,mae,10.261652545167674,2,0.1,random,,
condition_recombine_pseudolabel__mult_0.25__sim_0.8__teacher_ridge__seed_0,condition_recombine_pseudolabel,0.25,0.8,ridge,0,316,76,1.240506329113924,True,0.8437432428723886,0.8053691387176514,0.85,reaction_role_concat,6144,random_forest,False,valid,r2,0.7524132082591894,2,0.1,random,,
condition_recombine_pseudolabel__mult_0.25__sim_0.8__teacher_ridge__seed_0,condition_recombine_pseudolabel,0.25,0.8,ridge,0,316,76,1.240506329113924,True,0.8437432428723886,0.8053691387176514,0.85,reaction_role_concat,6144,random_forest,False,valid,spearman,0.8834522805912913,2,0.1,random,,
condition_recombine_pseudolabel__mult_0.25__sim_0.8__teacher_ridge__seed_1,condition_recombine_pseudolabel,0.25,0.8,ridge,1,316,76,1.240506329113924,True,0.8449240066503222,0.8116883039474487,0.85,reaction_role_concat,6144,random_forest,False,valid,rmse,13.968189290186075,2,0.1,random,,
condition_recombine_pseudolabel__mult_0.25__sim_0.8__teacher_ridge__seed_1,condition_recombine_pseudolabel,0.25,0.8,ridge,1,316,76,1.240506329113924,True,0.8449240066503222,0.8116883039474487,0.85,reaction_role_concat,6144,random_forest,False,valid,mae,10.471077808072295,2,0.1,random,,
condition_recombine_pseudolabel__mult_0.25__sim_0.8__teacher_ridge__seed_1,condition_recombine_pseudolabel,0.25,0.8,ridge,1,316,76,1.240506329113924,True,0.8449240066503222,0.8116883039474487,0.85,reaction_role_concat,6144,random_forest,False,valid,r2,0.7558301042273663,2,0.1,random,,
condition_recombine_pseudolabel__mult_0.25__sim_0.8__teacher_ridge__seed_1,condition_recombine_pseudolabel,0.25,0.8,ridge,1,316,76,1.240506329113924,True,0.8449240066503222,0.8116883039474487,0.85,reaction_role_concat,6144,random_forest,False,valid,spearman,0.8856187310916345,2,0.1,random,,
condition_recombine_pseudolabel__mult_0.25__sim_0.8__teacher_ridge__seed_2,condition_recombine_pseudolabel,0.25,0.8,ridge,2,316,79,1.25,True,0.8432997035074837,0.800000011920929,0.85,reaction_role_concat,6144,random_forest,False,valid,rmse,14.36837302544669,2,0.1,random,,
condition_recombine_pseudolabel__mult_0.25__sim_0.8__teacher_ridge__seed_2,condition_recombine_pseudolabel,0.25,0.8,ridge,2,316,79,1.25,True,0.8432997035074837,0.800000011920929,0.85,reaction_role_concat,6144,random_forest,False,valid,mae,10.61247427403625,2,0.1,random,,
condition_recombine_pseudolabel__mult_0.25__sim_0.8__teacher_ridge__seed_2,condition_recombine_pseudolabel,0.25,0.8,ridge,2,316,79,1.25,True,0.8432997035074837,0.800000011920929,0.85,reaction_role_concat,6144,random_forest,False,valid,r2,0.7416389248364128,2,0.1,random,,
condition_recombine_pseudolabel__mult_0.25__sim_0.8__teacher_ridge__seed_2,condition_recombine_pseudolabel,0.25,0.8,ridge,2,316,79,1.25,True,0.8432997035074837,0.800000011920929,0.85,reaction_role_concat,6144,random_forest,False,valid,spearman,0.8753399712474139,2,0.1,random,,
condition_recombine_pseudolabel__mult_0.25__sim_0.8__teacher_ridge__seed_3,condition_recombine_pseudolabel,0.25,0.8,ridge,3,316,77,1.2436708860759493,True,0.8422316950637023,0.801369845867157,0.85,reaction_role_concat,6144,random_forest,False,valid,rmse,13.721869779335737,2,0.1,random,,
condition_recombine_pseudolabel__mult_0.25__sim_0.8__teacher_ridge__seed_3,condition_recombine_pseudolabel,0.25,0.8,ridge,3,316,77,1.2436708860759493,True,0.8422316950637023,0.801369845867157,0.85,reaction_role_concat,6144,random_forest,False,valid,mae,10.150722413214702,2,0.1,random,,
condition_recombine_pseudolabel__mult_0.25__sim_0.8__teacher_ridge__seed_3,condition_recombine_pseudolabel,0.25,0.8,ridge,3,316,77,1.2436708860759493,True,0.8422316950637023,0.801369845867157,0.85,reaction_role_concat,6144,random_forest,False,valid,r2,0.7643657147467108,2,0.1,random,,
condition_recombine_pseudolabel__mult_0.25__sim_0.8__teacher_ridge__seed_3,condition_recombine_pseudolabel,0.25,0.8,ridge,3,316,77,1.2436708860759493,True,0.8422316950637023,0.801369845867157,0.85,reaction_role_concat,6144,random_forest,False,valid,spearman,0.8856261317675614,2,0.1,random,,
condition_recombine_pseudolabel__mult_0.25__sim_0.8__teacher_ridge__seed_4,condition_recombine_pseudolabel,0.25,0.8,ridge,4,316,77,1.2436708860759493,True,0.8436403046954759,0.8027210831642151,0.85,reaction_role_concat,6144,random_forest,False,valid,rmse,14.550794898491732,2,0.1,random,,
condition_recombine_pseudolabel__mult_0.25__sim_0.8__teacher_ridge__seed_4,condition_recombine_pseudolabel,0.25,0.8,ridge,4,316,77,1.2436708860759493,True,0.8436403046954759,0.8027210831642151,0.85,reaction_role_concat,6144,random_forest,False,valid,mae,10.666353878181948,2,0.1,random,,
condition_recombine_pseudolabel__mult_0.25__sim_0.8__teacher_ridge__seed_4,condition_recombine_pseudolabel,0.25,0.8,ridge,4,316,77,1.2436708860759493,True,0.8436403046954759,0.8027210831642151,0.85,reaction_role_concat,6144,random_forest,False,valid,r2,0.7350369388524268,2,0.1,random,,
condition_recombine_pseudolabel__mult_0.25__sim_0.8__teacher_ridge__seed_4,condition_recombine_pseudolabel,0.25,0.8,ridge,4,316,77,1.2436708860759493,True,0.8436403046954759,0.8027210831642151,0.85,reaction_role_concat,6144,random_forest,False,valid,spearman,0.8702744033299453,2,0.1,random,,
condition_recombine_pseudolabel__mult_0.25__sim_0.8__teacher_rf__seed_0,condition_recombine_pseudolabel,0.25,0.8,random_forest,0,316,76,1.240506329113924,True,0.8437432428723886,0.8053691387176514,0.85,reaction_role_concat,6144,random_forest,False,valid,rmse,14.171533725504851,2,0.1,random,,
condition_recombine_pseudolabel__mult_0.25__sim_0.8__teacher_rf__seed_0,condition_recombine_pseudolabel,0.25,0.8,random_forest,0,316,76,1.240506329113924,True,0.8437432428723886,0.8053691387176514,0.85,reaction_role_concat,6144,random_forest,False,valid,mae,10.290193994563591,2,0.1,random,,
condition_recombine_pseudolabel__mult_0.25__sim_0.8__teacher_rf__seed_0,condition_recombine_pseudolabel,0.25,0.8,random_forest,0,316,76,1.240506329113924,True,0.8437432428723886,0.8053691387176514,0.85,reaction_role_concat,6144,random_forest,False,valid,r2,0.7486692636565699,2,0.1,random,,
condition_recombine_pseudolabel__mult_0.25__sim_0.8__teacher_rf__seed_0,condition_recombine_pseudolabel,0.25,0.8,random_forest,0,316,76,1.240506329113924,True,0.8437432428723886,0.8053691387176514,0.85,reaction_role_concat,6144,random_forest,False,valid,spearman,0.8784932434562467,2,0.1,random,,
condition_recombine_pseudolabel__mult_0.25__sim_0.8__teacher_rf__seed_1,condition_recombine_pseudolabel,0.25,0.8,random_forest,1,316,76,1.240506329113924,True,0.8449240066503222,0.8116883039474487,0.85,reaction_role_concat,6144,random_forest,False,valid,rmse,14.273063997434884,2,0.1,random,,
condition_recombine_pseudolabel__mult_0.25__sim_0.8__teacher_rf__seed_1,condition_recombine_pseudolabel,0.25,0.8,random_forest,1,316,76,1.240506329113924,True,0.8449240066503222,0.8116883039474487,0.85,reaction_role_concat,6144,random_forest,False,valid,mae,10.223142959431003,2,0.1,random,,
condition_recombine_pseudolabel__mult_0.25__sim_0.8__teacher_rf__seed_1,condition_recombine_pseudolabel,0.25,0.8,random_forest,1,316,76,1.240506329113924,True,0.8449240066503222,0.8116883039474487,0.85,reaction_role_concat,6144,random_forest,False,valid,r2,0.7450551047815235,2,0.1,random,,
condition_recombine_pseudolabel__mult_0.25__sim_0.8__teacher_rf__seed_1,condition_recombine_pseudolabel,0.25,0.8,random_forest,1,316,76,1.240506329113924,True,0.8449240066503222,0.8116883039474487,0.85,reaction_role_concat,6144,random_forest,False,valid,spearman,0.8760976641341081,2,0.1,random,,
condition_recombine_pseudolabel__mult_0.25__sim_0.8__teacher_rf__seed_2,condition_recombine_pseudolabel,0.25,0.8,random_forest,2,316,79,1.25,True,0.8432997035074837,0.800000011920929,0.85,reaction_role_concat,6144,random_forest,False,valid,rmse,14.026261035770585,2,0.1,random,,
condition_recombine_pseudolabel__mult_0.25__sim_0.8__teacher_rf__seed_2,condition_recombine_pseudolabel,0.25,0.8,random_forest,2,316,79,1.25,True,0.8432997035074837,0.800000011920929,0.85,reaction_role_concat,6144,random_forest,False,valid,mae,10.109261328234703,2,0.1,random,,
condition_recombine_pseudolabel__mult_0.25__sim_0.8__teacher_rf__seed_2,condition_recombine_pseudolabel,0.25,0.8,random_forest,2,316,79,1.25,True,0.8432997035074837,0.800000011920929,0.85,reaction_role_concat,6144,random_forest,False,valid,r2,0.7537956462696543,2,0.1,random,,
condition_recombine_pseudolabel__mult_0.25__sim_0.8__teacher_rf__seed_2,condition_recombine_pseudolabel,0.25,0.8,random_forest,2,316,79,1.25,True,0.8432997035074837,0.800000011920929,0.85,reaction_role_concat,6144,random_forest,False,valid,spearman,0.8812518454080726,2,0.1,random,,
condition_recombine_pseudolabel__mult_0.25__sim_0.8__teacher_rf__seed_3,condition_recombine_pseudolabel,0.25,0.8,random_forest,3,316,77,1.2436708860759493,True,0.8422316950637023,0.801369845867157,0.85,reaction_role_concat,6144,random_forest,False,valid,rmse,14.084848596554238,2,0.1,random,,
condition_recombine_pseudolabel__mult_0.25__sim_0.8__teacher_rf__seed_3,condition_recombine_pseudolabel,0.25,0.8,random_forest,3,316,77,1.2436708860759493,True,0.8422316950637023,0.801369845867157,0.85,reaction_role_concat,6144,random_forest,False,valid,mae,10.10048324821116,2,0.1,random,,
condition_recombine_pseudolabel__mult_0.25__sim_0.8__teacher_rf__seed_3,condition_recombine_pseudolabel,0.25,0.8,random_forest,3,316,77,1.2436708860759493,True,0.8422316950637023,0.801369845867157,0.85,reaction_role_concat,6144,random_forest,False,valid,r2,0.7517345641281907,2,0.1,random,,
condition_recombine_pseudolabel__mult_0.25__sim_0.8__teacher_rf__seed_3,condition_recombine_pseudolabel,0.25,0.8,random_forest,3,316,77,1.2436708860759493,True,0.8422316950637023,0.801369845867157,0.85,reaction_role_concat,6144,random_forest,False,valid,spearman,0.8795967231879029,2,0.1,random,,
condition_recombine_pseudolabel__mult_0.25__sim_0.8__teacher_rf__seed_4,condition_recombine_pseudolabel,0.25,0.8,random_forest,4,316,77,1.2436708860759493,True,0.8436403046954759,0.8027210831642151,0.85,reaction_role_concat,6144,random_forest,False,valid,rmse,14.21211140364992,2,0.1,random,,
condition_recombine_pseudolabel__mult_0.25__sim_0.8__teacher_rf__seed_4,condition_recombine_pseudolabel,0.25,0.8,random_forest,4,316,77,1.2436708860759493,True,0.8436403046954759,0.8027210831642151,0.85,reaction_role_concat,6144,random_forest,False,valid,mae,10.205193128503577,2,0.1,random,,
condition_recombine_pseudolabel__mult_0.25__sim_0.8__teacher_rf__seed_4,condition_recombine_pseudolabel,0.25,0.8,random_forest,4,316,77,1.2436708860759493,True,0.8436403046954759,0.8027210831642151,0.85,reaction_role_concat,6144,random_forest,False,valid,r2,0.7472279209470178,2,0.1,random,,
condition_recombine_pseudolabel__mult_0.25__sim_0.8__teacher_rf__seed_4,condition_recombine_pseudolabel,0.25,0.8,random_forest,4,316,77,1.2436708860759493,True,0.8436403046954759,0.8027210831642151,0.85,reaction_role_concat,6144,random_forest,False,valid,spearman,0.877203578298635,2,0.1,random,,
condition_recombine_pseudolabel__mult_0.25__sim_0.85__teacher_ridge__seed_0,condition_recombine_pseudolabel,0.25,0.85,ridge,0,316,52,1.1645569620253164,True,0.8500000000000001,0.85,0.85,reaction_role_concat,6144,random_forest,False,valid,rmse,13.78923171187931,2,0.1,random,,
condition_recombine_pseudolabel__mult_0.25__sim_0.85__teacher_ridge__seed_0,condition_recombine_pseudolabel,0.25,0.85,ridge,0,316,52,1.1645569620253164,True,0.8500000000000001,0.85,0.85,reaction_role_concat,6144,random_forest,False,valid,mae,9.904586518230317,2,0.1,random,,
condition_recombine_pseudolabel__mult_0.25__sim_0.85__teacher_ridge__seed_0,condition_recombine_pseudolabel,0.25,0.85,ridge,0,316,52,1.1645569620253164,True,0.8500000000000001,0.85,0.85,reaction_role_concat,6144,random_forest,False,valid,r2,0.7620465349904034,2,0.1,random,,
condition_recombine_pseudolabel__mult_0.25__sim_0.85__teacher_ridge__seed_0,condition_recombine_pseudolabel,0.25,0.85,ridge,0,316,52,1.1645569620253164,True,0.8500000000000001,0.85,0.85,reaction_role_concat,6144,random_forest,False,valid,spearman,0.886465524221398,2,0.1,random,,
condition_recombine_pseudolabel__mult_0.25__sim_0.85__teacher_ridge__seed_1,condition_recombine_pseudolabel,0.25,0.85,ridge,1,316,53,1.1677215189873418,True,0.8500000000000001,0.85,0.85,reaction_role_concat,6144,random_forest,False,valid,rmse,14.028757925392817,2,0.1,random,,
condition_recombine_pseudolabel__mult_0.25__sim_0.85__teacher_ridge__seed_1,condition_recombine_pseudolabel,0.25,0.85,ridge,1,316,53,1.1677215189873418,True,0.8500000000000001,0.85,0.85,reaction_role_concat,6144,random_forest,False,valid,mae,10.366357075576543,2,0.1,random,,
condition_recombine_pseudolabel__mult_0.25__sim_0.85__teacher_ridge__seed_1,condition_recombine_pseudolabel,0.25,0.85,ridge,1,316,53,1.1677215189873418,True,0.8500000000000001,0.85,0.85,reaction_role_concat,6144,random_forest,False,valid,r2,0.7537079821642683,2,0.1,random,,
condition_recombine_pseudolabel__mult_0.25__sim_0.85__teacher_ridge__seed_1,condition_recombine_pseudolabel,0.25,0.85,ridge,1,316,53,1.1677215189873418,True,0.8500000000000001,0.85,0.85,reaction_role_concat,6144,random_forest,False,valid,spearman,0.8853994373786368,2,0.1,random,,
condition_recombine_pseudolabel__mult_0.25__sim_0.85__teacher_ridge__seed_2,condition_recombine_pseudolabel,0.25,0.85,ridge,2,316,55,1.1740506329113924,True,0.8500000000000001,0.85,0.85,reaction_role_concat,6144,random_forest,False,valid,rmse,14.39312258398399,2,0.1,random,,
condition_recombine_pseudolabel__mult_0.25__sim_0.85__teacher_ridge__seed_2,condition_recombine_pseudolabel,0.25,0.85,ridge,2,316,55,1.1740506329113924,True,0.8500000000000001,0.85,0.85,reaction_role_concat,6144,random_forest,False,valid,mae,10.54084980762835,2,0.1,random,,
condition_recombine_pseudolabel__mult_0.25__sim_0.85__teacher_ridge__seed_2,condition_recombine_pseudolabel,0.25,0.85,ridge,2,316,55,1.1740506329113924,True,0.8500000000000001,0.85,0.85,reaction_role_concat,6144,random_forest,False,valid,r2,0.7407481030766357,2,0.1,random,,
condition_recombine_pseudolabel__mult_0.25__sim_0.85__teacher_ridge__seed_2,condition_recombine_pseudolabel,0.25,0.85,ridge,2,316,55,1.1740506329113924,True,0.8500000000000001,0.85,0.85,reaction_role_concat,6144,random_forest,False,valid,spearman,0.8761090572799433,2,0.1,random,,
condition_recombine_pseudolabel__mult_0.25__sim_0.85__teacher_ridge__seed_3,condition_recombine_pseudolabel,0.25,0.85,ridge,3,316,54,1.1708860759493671,True,0.8500000000000001,0.85,0.85,reaction_role_concat,6144,random_forest,False,valid,rmse,14.089620659588716,2,0.1,random,,
condition_recombine_pseudolabel__mult_0.25__sim_0.85__teacher_ridge__seed_3,condition_recombine_pseudolabel,0.25,0.85,ridge,3,316,54,1.1708860759493671,True,0.8500000000000001,0.85,0.85,reaction_role_concat,6144,random_forest,False,valid,mae,10.453540972490854,2,0.1,random,,
condition_recombine_pseudolabel__mult_0.25__sim_0.85__teacher_ridge__seed_3,condition_recombine_pseudolabel,0.25,0.85,ridge,3,316,54,1.1708860759493671,True,0.8500000000000001,0.85,0.85,reaction_role_concat,6144,random_forest,False,valid,r2,0.7515663068692361,2,0.1,random,,
condition_recombine_pseudolabel__mult_0.25__sim_0.85__teacher_ridge__seed_3,condition_recombine_pseudolabel,0.25,0.85,ridge,3,316,54,1.1708860759493671,True,0.8500000000000001,0.85,0.85,reaction_role_concat,6144,random_forest,False,valid,spearman,0.8775194703079444,2,0.1,random,,
condition_recombine_pseudolabel__mult_0.25__sim_0.85__teacher_ridge__seed_4,condition_recombine_pseudolabel,0.25,0.85,ridge,4,316,56,1.1772151898734178,True,0.8499999999999999,0.85,0.85,reaction_role_concat,6144,random_forest,False,valid,rmse,14.357465924685352,2,0.1,random,,
condition_recombine_pseudolabel__mult_0.25__sim_0.85__teacher_ridge__seed_4,condition_recombine_pseudolabel,0.25,0.85,ridge,4,316,56,1.1772151898734178,True,0.8499999999999999,0.85,0.85,reaction_role_concat,6144,random_forest,False,valid,mae,10.503705508499205,2,0.1,random,,
condition_recombine_pseudolabel__mult_0.25__sim_0.85__teacher_ridge__seed_4,condition_recombine_pseudolabel,0.25,0.85,ridge,4,316,56,1.1772151898734178,True,0.8499999999999999,0.85,0.85,reaction_role_concat,6144,random_forest,False,valid,r2,0.7420310222168556,2,0.1,random,,
condition_recombine_pseudolabel__mult_0.25__sim_0.85__teacher_ridge__seed_4,condition_recombine_pseudolabel,0.25,0.85,ridge,4,316,56,1.1772151898734178,True,0.8499999999999999,0.85,0.85,reaction_role_concat,6144,random_forest,False,valid,spearman,0.8757182821155295,2,0.1,random,,
condition_recombine_pseudolabel__mult_0.25__sim_0.85__teacher_rf__seed_0,condition_recombine_pseudolabel,0.25,0.85,random_forest,0,316,52,1.1645569620253164,True,0.8500000000000001,0.85,0.85,reaction_role_concat,6144,random_forest,False,valid,rmse,14.294152370706296,2,0.1,random,,
condition_recombine_pseudolabel__mult_0.25__sim_0.85__teacher_rf__seed_0,condition_recombine_pseudolabel,0.25,0.85,random_forest,0,316,52,1.1645569620253164,True,0.8500000000000001,0.85,0.85,reaction_role_concat,6144,random_forest,False,valid,mae,10.248345202687421,2,0.1,random,,
condition_recombine_pseudolabel__mult_0.25__sim_0.85__teacher_rf__seed_0,condition_recombine_pseudolabel,0.25,0.85,random_forest,0,316,52,1.1645569620253164,True,0.8500000000000001,0.85,0.85,reaction_role_concat,6144,random_forest,False,valid,r2,0.7443011888885134,2,0.1,random,,
condition_recombine_pseudolabel__mult_0.25__sim_0.85__teacher_rf__seed_0,condition_recombine_pseudolabel,0.25,0.85,random_forest,0,316,52,1.1645569620253164,True,0.8500000000000001,0.85,0.85,reaction_role_concat,6144,random_forest,False,valid,spearman,0.8750097647728247,2,0.1,random,,
condition_recombine_pseudolabel__mult_0.25__sim_0.85__teacher_rf__seed_1,condition_recombine_pseudolabel,0.25,0.85,random_forest,1,316,53,1.1677215189873418,True,0.8500000000000001,0.85,0.85,reaction_role_concat,6144,random_forest,False,valid,rmse,14.376888285670843,2,0.1,random,,
condition_recombine_pseudolabel__mult_0.25__sim_0.85__teacher_rf__seed_1,condition_recombine_pseudolabel,0.25,0.85,random_forest,1,316,53,1.1677215189873418,True,0.8500000000000001,0.85,0.85,reaction_role_concat,6144,random_forest,False,valid,mae,10.358762544730041,2,0.1,random,,
condition_recombine_pseudolabel__mult_0.25__sim_0.85__teacher_rf__seed_1,condition_recombine_pseudolabel,0.25,0.85,random_forest,1,316,53,1.1677215189873418,True,0.8500000000000001,0.85,0.85,reaction_role_concat,6144,random_forest,False,valid,r2,0.7413326043240683,2,0.1,random,,
condition_recombine_pseudolabel__mult_0.25__sim_0.85__teacher_rf__seed_1,condition_recombine_pseudolabel,0.25,0.85,random_forest,1,316,53,1.1677215189873418,True,0.8500000000000001,0.85,0.85,reaction_role_concat,6144,random_forest,False,valid,spearman,0.8761057464512391,2,0.1,random,,
condition_recombine_pseudolabel__mult_0.25__sim_0.85__teacher_rf__seed_2,condition_recombine_pseudolabel,0.25,0.85,random_forest,2,316,55,1.1740506329113924,True,0.8500000000000001,0.85,0.85,reaction_role_concat,6144,random_forest,False,valid,rmse,13.808622865302196,2,0.1,random,,
condition_recombine_pseudolabel__mult_0.25__sim_0.85__teacher_rf__seed_2,condition_recombine_pseudolabel,0.25,0.85,random_forest,2,316,55,1.1740506329113924,True,0.8500000000000001,0.85,0.85,reaction_role_concat,6144,random_forest,False,valid,mae,9.999619103977198,2,0.1,random,,
condition_recombine_pseudolabel__mult_0.25__sim_0.85__teacher_rf__seed_2,condition_recombine_pseudolabel,0.25,0.85,random_forest,2,316,55,1.1740506329113924,True,0.8500000000000001,0.85,0.85,reaction_role_concat,6144,random_forest,False,valid,r2,0.761376818706626,2,0.1,random,,
condition_recombine_pseudolabel__mult_0.25__sim_0.85__teacher_rf__seed_2,condition_recombine_pseudolabel,0.25,0.85,random_forest,2,316,55,1.1740506329113924,True,0.8500000000000001,0.85,0.85,reaction_role_concat,6144,random_forest,False,valid,spearman,0.8863200425130416,2,0.1,random,,
condition_recombine_pseudolabel__mult_0.25__sim_0.85__teacher_rf__seed_3,condition_recombine_pseudolabel,0.25,0.85,random_forest,3,316,54,1.1708860759493671,True,0.8500000000000001,0.85,0.85,reaction_role_concat,6144,random_forest,False,valid,rmse,14.187257475974535,2,0.1,random,,
condition_recombine_pseudolabel__mult_0.25__sim_0.85__teacher_rf__seed_3,condition_recombine_pseudolabel,0.25,0.85,random_forest,3,316,54,1.1708860759493671,True,0.8500000000000001,0.85,0.85,reaction_role_concat,6144,random_forest,False,valid,mae,10.284608894852145,2,0.1,random,,
condition_recombine_pseudolabel__mult_0.25__sim_0.85__teacher_rf__seed_3,condition_recombine_pseudolabel,0.25,0.85,random_forest,3,316,54,1.1708860759493671,True,0.8500000000000001,0.85,0.85,reaction_role_concat,6144,random_forest,False,valid,r2,0.7481112359630226,2,0.1,random,,
condition_recombine_pseudolabel__mult_0.25__sim_0.85__teacher_rf__seed_3,condition_recombine_pseudolabel,0.25,0.85,random_forest,3,316,54,1.1708860759493671,True,0.8500000000000001,0.85,0.85,reaction_role_concat,6144,random_forest,False,valid,spearman,0.8781745275048075,2,0.1,random,,
condition_recombine_pseudolabel__mult_0.25__sim_0.85__teacher_rf__seed_4,condition_recombine_pseudolabel,0.25,0.85,random_forest,4,316,56,1.1772151898734178,True,0.8499999999999999,0.85,0.85,reaction_role_concat,6144,random_forest,False,valid,rmse,13.97120375485778,2,0.1,random,,
condition_recombine_pseudolabel__mult_0.25__sim_0.85__teacher_rf__seed_4,condition_recombine_pseudolabel,0.25,0.85,random_forest,4,316,56,1.1772151898734178,True,0.8499999999999999,0.85,0.85,reaction_role_concat,6144,random_forest,False,valid,mae,10.114613620217089,2,0.1,random,,
condition_recombine_pseudolabel__mult_0.25__sim_0.85__teacher_rf__seed_4,condition_recombine_pseudolabel,0.25,0.85,random_forest,4,316,56,1.1772151898734178,True,0.8499999999999999,0.85,0.85,reaction_role_concat,6144,random_forest,False,valid,r2,0.7557247046037361,2,0.1,random,,
condition_recombine_pseudolabel__mult_0.25__sim_0.85__teacher_rf__seed_4,condition_recombine_pseudolabel,0.25,0.85,random_forest,4,316,56,1.1772151898734178,True,0.8499999999999999,0.85,0.85,reaction_role_concat,6144,random_forest,False,valid,spearman,0.8800513778708453,2,0.1,random,,
condition_recombine_pseudolabel__mult_0.25__sim_0.9__teacher_ridge__seed_0,condition_recombine_pseudolabel,0.25,0.9,ridge,0,316,27,1.0854430379746836,True,0.8500000000000001,0.85,0.85,reaction_role_concat,6144,random_forest,False,valid,rmse,14.237736710465342,2,0.1,random,,
condition_recombine_pseudolabel__mult_0.25__sim_0.9__teacher_ridge__seed_0,condition_recombine_pseudolabel,0.25,0.9,ridge,0,316,27,1.0854430379746836,True,0.8500000000000001,0.85,0.85,reaction_role_concat,6144,random_forest,False,valid,mae,10.242681466242935,2,0.1,random,,
condition_recombine_pseudolabel__mult_0.25__sim_0.9__teacher_ridge__seed_0,condition_recombine_pseudolabel,0.25,0.9,ridge,0,316,27,1.0854430379746836,True,0.8500000000000001,0.85,0.85,reaction_role_concat,6144,random_forest,False,valid,r2,0.7463155721149364,2,0.1,random,,
condition_recombine_pseudolabel__mult_0.25__sim_0.9__teacher_ridge__seed_0,condition_recombine_pseudolabel,0.25,0.9,ridge,0,316,27,1.0854430379746836,True,0.8500000000000001,0.85,0.85,reaction_role_concat,6144,random_forest,False,valid,spearman,0.8784780525951332,2,0.1,random,,
condition_recombine_pseudolabel__mult_0.25__sim_0.9__teacher_ridge__seed_1,condition_recombine_pseudolabel,0.25,0.9,ridge,1,316,31,1.0981012658227849,True,0.8500000000000003,0.85,0.85,reaction_role_concat,6144,random_forest,False,valid,rmse,14.218454089060945,2,0.1,random,,
condition_recombine_pseudolabel__mult_0.25__sim_0.9__teacher_ridge__seed_1,condition_recombine_pseudolabel,0.25,0.9,ridge,1,316,31,1.0981012658227849,True,0.8500000000000003,0.85,0.85,reaction_role_concat,6144,random_forest,False,valid,mae,10.350469499576695,2,0.1,random,,
condition_recombine_pseudolabel__mult_0.25__sim_0.9__teacher_ridge__seed_1,condition_recombine_pseudolabel,0.25,0.9,ridge,1,316,31,1.0981012658227849,True,0.8500000000000003,0.85,0.85,reaction_role_concat,6144,random_forest,False,valid,r2,0.7470022526436235,2,0.1,random,,
condition_recombine_pseudolabel__mult_0.25__sim_0.9__teacher_ridge__seed_1,condition_recombine_pseudolabel,0.25,0.9,ridge,1,316,31,1.0981012658227849,True,0.8500000000000003,0.85,0.85,reaction_role_concat,6144,random_forest,False,valid,spearman,0.8789433214053921,2,0.1,random,,
condition_recombine_pseudolabel__mult_0.25__sim_0.9__teacher_ridge__seed_2,condition_recombine_pseudolabel,0.25,0.9,ridge,2,316,25,1.0791139240506329,True,0.85,0.85,0.85,reaction_role_concat,6144,random_forest,False,valid,rmse,14.161247597355162,2,0.1,random,,
condition_recombine_pseudolabel__mult_0.25__sim_0.9__teacher_ridge__seed_2,condition_recombine_pseudolabel,0.25,0.9,ridge,2,316,25,1.0791139240506329,True,0.85,0.85,0.85,reaction_role_concat,6144,random_forest,False,valid,mae,10.359938750817808,2,0.1,random,,
condition_recombine_pseudolabel__mult_0.25__sim_0.9__teacher_ridge__seed_2,condition_recombine_pseudolabel,0.25,0.9,ridge,2,316,25,1.0791139240506329,True,0.85,0.85,0.85,reaction_role_concat,6144,random_forest,False,valid,r2,0.7490339781605209,2,0.1,random,,
condition_recombine_pseudolabel__mult_0.25__sim_0.9__teacher_ridge__seed_2,condition_recombine_pseudolabel,0.25,0.9,ridge,2,316,25,1.0791139240506329,True,0.85,0.85,0.85,reaction_role_concat,6144,random_forest,False,valid,spearman,0.8789127449285353,2,0.1,random,,
condition_recombine_pseudolabel__mult_0.25__sim_0.9__teacher_ridge__seed_3,condition_recombine_pseudolabel,0.25,0.9,ridge,3,316,27,1.0854430379746836,True,0.8500000000000001,0.85,0.85,reaction_role_concat,6144,random_forest,False,valid,rmse,14.170421918549426,2,0.1,random,,
condition_recombine_pseudolabel__mult_0.25__sim_0.9__teacher_ridge__seed_3,condition_recombine_pseudolabel,0.25,0.9,ridge,3,316,27,1.0854430379746836,True,0.8500000000000001,0.85,0.85,reaction_role_concat,6144,random_forest,False,valid,mae,10.321701444940476,2,0.1,random,,
condition_recombine_pseudolabel__mult_0.25__sim_0.9__teacher_ridge__seed_3,condition_recombine_pseudolabel,0.25,0.9,ridge,3,316,27,1.0854430379746836,True,0.8500000000000001,0.85,0.85,reaction_role_concat,6144,random_forest,False,valid,r2,0.7487086976804387,2,0.1,random,,
condition_recombine_pseudolabel__mult_0.25__sim_0.9__teacher_ridge__seed_3,condition_recombine_pseudolabel,0.25,0.9,ridge,3,316,27,1.0854430379746836,True,0.8500000000000001,0.85,0.85,reaction_role_concat,6144,random_forest,False,valid,spearman,0.8771647247500177,2,0.1,random,,
condition_recombine_pseudolabel__mult_0.25__sim_0.9__teacher_ridge__seed_4,condition_recombine_pseudolabel,0.25,0.9,ridge,4,316,34,1.1075949367088607,True,0.8500000000000001,0.85,0.85,reaction_role_concat,6144,random_forest,False,valid,rmse,14.08233175917436,2,0.1,random,,
condition_recombine_pseudolabel__mult_0.25__sim_0.9__teacher_ridge__seed_4,condition_recombine_pseudolabel,0.25,0.9,ridge,4,316,34,1.1075949367088607,True,0.8500000000000001,0.85,0.85,reaction_role_concat,6144,random_forest,False,valid,mae,10.225578208179412,2,0.1,random,,
condition_recombine_pseudolabel__mult_0.25__sim_0.9__teacher_ridge__seed_4,condition_recombine_pseudolabel,0.25,0.9,ridge,4,316,34,1.1075949367088607,True,0.8500000000000001,0.85,0.85,reaction_role_concat,6144,random_forest,False,valid,r2,0.7518232818588554,2,0.1,random,,
condition_recombine_pseudolabel__mult_0.25__sim_0.9__teacher_ridge__seed_4,condition_recombine_pseudolabel,0.25,0.9,ridge,4,316,34,1.1075949367088607,True,0.8500000000000001,0.85,0.85,reaction_role_concat,6144,random_forest,False,valid,spearman,0.8788440939215801,2,0.1,random,,
condition_recombine_pseudolabel__mult_0.25__sim_0.9__teacher_rf__seed_0,condition_recombine_pseudolabel,0.25,0.9,random_forest,0,316,27,1.0854430379746836,True,0.8500000000000001,0.85,0.85,reaction_role_concat,6144,random_forest,False,valid,rmse,14.21454522440879,2,0.1,random,,
condition_recombine_pseudolabel__mult_0.25__sim_0.9__teacher_rf__seed_0,condition_recombine_pseudolabel,0.25,0.9,random_forest,0,316,27,1.0854430379746836,True,0.8500000000000001,0.85,0.85,reaction_role_concat,6144,random_forest,False,valid,mae,10.219648628746407,2,0.1,random,,
condition_recombine_pseudolabel__mult_0.25__sim_0.9__teacher_rf__seed_0,condition_recombine_pseudolabel,0.25,0.9,random_forest,0,316,27,1.0854430379746836,True,0.8500000000000001,0.85,0.85,reaction_role_concat,6144,random_forest,False,valid,r2,0.7471413392150879,2,0.1,random,,
condition_recombine_pseudolabel__mult_0.25__sim_0.9__teacher_rf__seed_0,condition_recombine_pseudolabel,0.25,0.9,random_forest,0,316,27,1.0854430379746836,True,0.8500000000000001,0.85,0.85,reaction_role_concat,6144,random_forest,False,valid,spearman,0.8777154908426976,2,0.1,random,,
condition_recombine_pseudolabel__mult_0.25__sim_0.9__teacher_rf__seed_1,condition_recombine_pseudolabel,0.25,0.9,random_forest,1,316,31,1.0981012658227849,True,0.8500000000000003,0.85,0.85,reaction_role_concat,6144,random_forest,False,valid,rmse,14.371096644609066,2,0.1,random,,
condition_recombine_pseudolabel__mult_0.25__sim_0.9__teacher_rf__seed_1,condition_recombine_pseudolabel,0.25,0.9,random_forest,1,316,31,1.0981012658227849,True,0.8500000000000003,0.85,0.85,reaction_role_concat,6144,random_forest,False,valid,mae,10.422109965790675,2,0.1,random,,
condition_recombine_pseudolabel__mult_0.25__sim_0.9__teacher_rf__seed_1,condition_recombine_pseudolabel,0.25,0.9,random_forest,1,316,31,1.0981012658227849,True,0.8500000000000003,0.85,0.85,reaction_role_concat,6144,random_forest,False,valid,r2,0.7415409674870054,2,0.1,random,,
condition_recombine_pseudolabel__mult_0.25__sim_0.9__teacher_rf__seed_1,condition_recombine_pseudolabel,0.25,0.9,random_forest,1,316,31,1.0981012658227849,True,0.8500000000000003,0.85,0.85,reaction_role_concat,6144,random_forest,False,valid,spearman,0.8768626603194144,2,0.1,random,,
condition_recombine_pseudolabel__mult_0.25__sim_0.9__teacher_rf__seed_2,condition_recombine_pseudolabel,0.25,0.9,random_forest,2,316,25,1.0791139240506329,True,0.85,0.85,0.85,reaction_role_concat,6144,random_forest,False,valid,rmse,14.129016212230209,2,0.1,random,,
condition_recombine_pseudolabel__mult_0.25__sim_0.9__teacher_rf__seed_2,condition_recombine_pseudolabel,0.25,0.9,random_forest,2,316,25,1.0791139240506329,True,0.85,0.85,0.85,reaction_role_concat,6144,random_forest,False,valid,mae,10.226665562106085,2,0.1,random,,
condition_recombine_pseudolabel__mult_0.25__sim_0.9__teacher_rf__seed_2,condition_recombine_pseudolabel,0.25,0.9,random_forest,2,316,25,1.0791139240506329,True,0.85,0.85,0.85,reaction_role_concat,6144,random_forest,False,valid,r2,0.7501750890796577,2,0.1,random,,
condition_recombine_pseudolabel__mult_0.25__sim_0.9__teacher_rf__seed_2,condition_recombine_pseudolabel,0.25,0.9,random_forest,2,316,25,1.0791139240506329,True,0.85,0.85,0.85,reaction_role_concat,6144,random_forest,False,valid,spearman,0.8790950352618977,2,0.1,random,,
condition_recombine_pseudolabel__mult_0.25__sim_0.9__teacher_rf__seed_3,condition_recombine_pseudolabel,0.25,0.9,random_forest,3,316,27,1.0854430379746836,True,0.8500000000000001,0.85,0.85,reaction_role_concat,6144,random_forest,False,valid,rmse,14.071804307415794,2,0.1,random,,
condition_recombine_pseudolabel__mult_0.25__sim_0.9__teacher_rf__seed_3,condition_recombine_pseudolabel,0.25,0.9,random_forest,3,316,27,1.0854430379746836,True,0.8500000000000001,0.85,0.85,reaction_role_concat,6144,random_forest,False,valid,mae,10.087443331034123,2,0.1,random,,
condition_recombine_pseudolabel__mult_0.25__sim_0.9__teacher_rf__seed_3,condition_recombine_pseudolabel,0.25,0.9,random_forest,3,316,27,1.0854430379746836,True,0.8500000000000001,0.85,0.85,reaction_role_concat,6144,random_forest,False,valid,r2,0.752194199389186,2,0.1,random,,
condition_recombine_pseudolabel__mult_0.25__sim_0.9__teacher_rf__seed_3,condition_recombine_pseudolabel,0.25,0.9,random_forest,3,316,27,1.0854430379746836,True,0.8500000000000001,0.85,0.85,reaction_role_concat,6144,random_forest,False,valid,spearman,0.8788631798752867,2,0.1,random,,
condition_recombine_pseudolabel__mult_0.25__sim_0.9__teacher_rf__seed_4,condition_recombine_pseudolabel,0.25,0.9,random_forest,4,316,34,1.1075949367088607,True,0.8500000000000001,0.85,0.85,reaction_role_concat,6144,random_forest,False,valid,rmse,14.091019879193116,2,0.1,random,,
condition_recombine_pseudolabel__mult_0.25__sim_0.9__teacher_rf__seed_4,condition_recombine_pseudolabel,0.25,0.9,random_forest,4,316,34,1.1075949367088607,True,0.8500000000000001,0.85,0.85,reaction_role_concat,6144,random_forest,False,valid,mae,10.129904801313636,2,0.1,random,,
condition_recombine_pseudolabel__mult_0.25__sim_0.9__teacher_rf__seed_4,condition_recombine_pseudolabel,0.25,0.9,random_forest,4,316,34,1.1075949367088607,True,0.8500000000000001,0.85,0.85,reaction_role_concat,6144,random_forest,False,valid,r2,0.7515169612462835,2,0.1,random,,
condition_recombine_pseudolabel__mult_0.25__sim_0.9__teacher_rf__seed_4,condition_recombine_pseudolabel,0.25,0.9,random_forest,4,316,34,1.1075949367088607,True,0.8500000000000001,0.85,0.85,reaction_role_concat,6144,random_forest,False,valid,spearman,0.8782709310464893,2,0.1,random,,
condition_recombine_pseudolabel__mult_0.25__sim_0.95__teacher_ridge__seed_0,condition_recombine_pseudolabel,0.25,0.95,ridge,0,316,0,1.0,True,,,,reaction_role_concat,6144,random_forest,False,valid,rmse,14.101153008847355,2,0.1,random,,
condition_recombine_pseudolabel__mult_0.25__sim_0.95__teacher_ridge__seed_0,condition_recombine_pseudolabel,0.25,0.95,ridge,0,316,0,1.0,True,,,,reaction_role_concat,6144,random_forest,False,valid,mae,10.215592575794533,2,0.1,random,,
condition_recombine_pseudolabel__mult_0.25__sim_0.95__teacher_ridge__seed_0,condition_recombine_pseudolabel,0.25,0.95,ridge,0,316,0,1.0,True,,,,reaction_role_concat,6144,random_forest,False,valid,r2,0.7511594546626889,2,0.1,random,,
condition_recombine_pseudolabel__mult_0.25__sim_0.95__teacher_ridge__seed_0,condition_recombine_pseudolabel,0.25,0.95,ridge,0,316,0,1.0,True,,,,reaction_role_concat,6144,random_forest,False,valid,spearman,0.8785523514863487,2,0.1,random,,
condition_recombine_pseudolabel__mult_0.25__sim_0.95__teacher_ridge__seed_1,condition_recombine_pseudolabel,0.25,0.95,ridge,1,316,0,1.0,True,,,,reaction_role_concat,6144,random_forest,False,valid,rmse,14.101153008847355,2,0.1,random,,
condition_recombine_pseudolabel__mult_0.25__sim_0.95__teacher_ridge__seed_1,condition_recombine_pseudolabel,0.25,0.95,ridge,1,316,0,1.0,True,,,,reaction_role_concat,6144,random_forest,False,valid,mae,10.215592575794533,2,0.1,random,,
condition_recombine_pseudolabel__mult_0.25__sim_0.95__teacher_ridge__seed_1,condition_recombine_pseudolabel,0.25,0.95,ridge,1,316,0,1.0,True,,,,reaction_role_concat,6144,random_forest,False,valid,r2,0.7511594546626889,2,0.1,random,,
condition_recombine_pseudolabel__mult_0.25__sim_0.95__teacher_ridge__seed_1,condition_recombine_pseudolabel,0.25,0.95,ridge,1,316,0,1.0,True,,,,reaction_role_concat,6144,random_forest,False,valid,spearman,0.8785523514863487,2,0.1,random,,
condition_recombine_pseudolabel__mult_0.25__sim_0.95__teacher_ridge__seed_2,condition_recombine_pseudolabel,0.25,0.95,ridge,2,316,0,1.0,True,,,,reaction_role_concat,6144,random_forest,False,valid,rmse,14.101153008847355,2,0.1,random,,
condition_recombine_pseudolabel__mult_0.25__sim_0.95__teacher_ridge__seed_2,condition_recombine_pseudolabel,0.25,0.95,ridge,2,316,0,1.0,True,,,,reaction_role_concat,6144,random_forest,False,valid,mae,10.215592575794533,2,0.1,random,,
condition_recombine_pseudolabel__mult_0.25__sim_0.95__teacher_ridge__seed_2,condition_recombine_pseudolabel,0.25,0.95,ridge,2,316,0,1.0,True,,,,reaction_role_concat,6144,random_forest,False,valid,r2,0.7511594546626889,2,0.1,random,,
condition_recombine_pseudolabel__mult_0.25__sim_0.95__teacher_ridge__seed_2,condition_recombine_pseudolabel,0.25,0.95,ridge,2,316,0,1.0,True,,,,reaction_role_concat,6144,random_forest,False,valid,spearman,0.8785523514863487,2,0.1,random,,
condition_recombine_pseudolabel__mult_0.25__sim_0.95__teacher_ridge__seed_3,condition_recombine_pseudolabel,0.25,0.95,ridge,3,316,0,1.0,True,,,,reaction_role_concat,6144,random_forest,False,valid,rmse,14.101153008847355,2,0.1,random,,
condition_recombine_pseudolabel__mult_0.25__sim_0.95__teacher_ridge__seed_3,condition_recombine_pseudolabel,0.25,0.95,ridge,3,316,0,1.0,True,,,,reaction_role_concat,6144,random_forest,False,valid,mae,10.215592575794533,2,0.1,random,,
condition_recombine_pseudolabel__mult_0.25__sim_0.95__teacher_ridge__seed_3,condition_recombine_pseudolabel,0.25,0.95,ridge,3,316,0,1.0,True,,,,reaction_role_concat,6144,random_forest,False,valid,r2,0.7511594546626889,2,0.1,random,,
condition_recombine_pseudolabel__mult_0.25__sim_0.95__teacher_ridge__seed_3,condition_recombine_pseudolabel,0.25,0.95,ridge,3,316,0,1.0,True,,,,reaction_role_concat,6144,random_forest,False,valid,spearman,0.8785523514863487,2,0.1,random,,
condition_recombine_pseudolabel__mult_0.25__sim_0.95__teacher_ridge__seed_4,condition_recombine_pseudolabel,0.25,0.95,ridge,4,316,0,1.0,True,,,,reaction_role_concat,6144,random_forest,False,valid,rmse,14.101153008847355,2,0.1,random,,
condition_recombine_pseudolabel__mult_0.25__sim_0.95__teacher_ridge__seed_4,condition_recombine_pseudolabel,0.25,0.95,ridge,4,316,0,1.0,True,,,,reaction_role_concat,6144,random_forest,False,valid,mae,10.215592575794533,2,0.1,random,,
condition_recombine_pseudolabel__mult_0.25__sim_0.95__teacher_ridge__seed_4,condition_recombine_pseudolabel,0.25,0.95,ridge,4,316,0,1.0,True,,,,reaction_role_concat,6144,random_forest,False,valid,r2,0.7511594546626889,2,0.1,random,,
condition_recombine_pseudolabel__mult_0.25__sim_0.95__teacher_ridge__seed_4,condition_recombine_pseudolabel,0.25,0.95,ridge,4,316,0,1.0,True,,,,reaction_role_concat,6144,random_forest,False,valid,spearman,0.8785523514863487,2,0.1,random,,
condition_recombine_pseudolabel__mult_0.25__sim_0.95__teacher_rf__seed_0,condition_recombine_pseudolabel,0.25,0.95,random_forest,0,316,0,1.0,True,,,,reaction_role_concat,6144,random_forest,False,valid,rmse,14.101153008847355,2,0.1,random,,
condition_recombine_pseudolabel__mult_0.25__sim_0.95__teacher_rf__seed_0,condition_recombine_pseudolabel,0.25,0.95,random_forest,0,316,0,1.0,True,,,,reaction_role_concat,6144,random_forest,False,valid,mae,10.215592575794533,2,0.1,random,,
condition_recombine_pseudolabel__mult_0.25__sim_0.95__teacher_rf__seed_0,condition_recombine_pseudolabel,0.25,0.95,random_forest,0,316,0,1.0,True,,,,reaction_role_concat,6144,random_forest,False,valid,r2,0.7511594546626889,2,0.1,random,,
condition_recombine_pseudolabel__mult_0.25__sim_0.95__teacher_rf__seed_0,condition_recombine_pseudolabel,0.25,0.95,random_forest,0,316,0,1.0,True,,,,reaction_role_concat,6144,random_forest,False,valid,spearman,0.8785523514863487,2,0.1,random,,
condition_recombine_pseudolabel__mult_0.25__sim_0.95__teacher_rf__seed_1,condition_recombine_pseudolabel,0.25,0.95,random_forest,1,316,0,1.0,True,,,,reaction_role_concat,6144,random_forest,False,valid,rmse,14.101153008847355,2,0.1,random,,
condition_recombine_pseudolabel__mult_0.25__sim_0.95__teacher_rf__seed_1,condition_recombine_pseudolabel,0.25,0.95,random_forest,1,316,0,1.0,True,,,,reaction_role_concat,6144,random_forest,False,valid,mae,10.215592575794533,2,0.1,random,,
condition_recombine_pseudolabel__mult_0.25__sim_0.95__teacher_rf__seed_1,condition_recombine_pseudolabel,0.25,0.95,random_forest,1,316,0,1.0,True,,,,reaction_role_concat,6144,random_forest,False,valid,r2,0.7511594546626889,2,0.1,random,,
condition_recombine_pseudolabel__mult_0.25__sim_0.95__teacher_rf__seed_1,condition_recombine_pseudolabel,0.25,0.95,random_forest,1,316,0,1.0,True,,,,reaction_role_concat,6144,random_forest,False,valid,spearman,0.8785523514863487,2,0.1,random,,
condition_recombine_pseudolabel__mult_0.25__sim_0.95__teacher_rf__seed_2,condition_recombine_pseudolabel,0.25,0.95,random_forest,2,316,0,1.0,True,,,,reaction_role_concat,6144,random_forest,False,valid,rmse,14.101153008847355,2,0.1,random,,
condition_recombine_pseudolabel__mult_0.25__sim_0.95__teacher_rf__seed_2,condition_recombine_pseudolabel,0.25,0.95,random_forest,2,316,0,1.0,True,,,,reaction_role_concat,6144,random_forest,False,valid,mae,10.215592575794533,2,0.1,random,,
condition_recombine_pseudolabel__mult_0.25__sim_0.95__teacher_rf__seed_2,condition_recombine_pseudolabel,0.25,0.95,random_forest,2,316,0,1.0,True,,,,reaction_role_concat,6144,random_forest,False,valid,r2,0.7511594546626889,2,0.1,random,,
condition_recombine_pseudolabel__mult_0.25__sim_0.95__teacher_rf__seed_2,condition_recombine_pseudolabel,0.25,0.95,random_forest,2,316,0,1.0,True,,,,reaction_role_concat,6144,random_forest,False,valid,spearman,0.8785523514863487,2,0.1,random,,
condition_recombine_pseudolabel__mult_0.25__sim_0.95__teacher_rf__seed_3,condition_recombine_pseudolabel,0.25,0.95,random_forest,3,316,0,1.0,True,,,,reaction_role_concat,6144,random_forest,False,valid,rmse,14.101153008847355,2,0.1,random,,
condition_recombine_pseudolabel__mult_0.25__sim_0.95__teacher_rf__seed_3,condition_recombine_pseudolabel,0.25,0.95,random_forest,3,316,0,1.0,True,,,,reaction_role_concat,6144,random_forest,False,valid,mae,10.215592575794533,2,0.1,random,,
condition_recombine_pseudolabel__mult_0.25__sim_0.95__teacher_rf__seed_3,condition_recombine_pseudolabel,0.25,0.95,random_forest,3,316,0,1.0,True,,,,reaction_role_concat,6144,random_forest,False,valid,r2,0.7511594546626889,2,0.1,random,,
condition_recombine_pseudolabel__mult_0.25__sim_0.95__teacher_rf__seed_3,condition_recombine_pseudolabel,0.25,0.95,random_forest,3,316,0,1.0,True,,,,reaction_role_concat,6144,random_forest,False,valid,spearman,0.8785523514863487,2,0.1,random,,
condition_recombine_pseudolabel__mult_0.25__sim_0.95__teacher_rf__seed_4,condition_recombine_pseudolabel,0.25,0.95,random_forest,4,316,0,1.0,True,,,,reaction_role_concat,6144,random_forest,False,valid,rmse,14.101153008847355,2,0.1,random,,
condition_recombine_pseudolabel__mult_0.25__sim_0.95__teacher_rf__seed_4,condition_recombine_pseudolabel,0.25,0.95,random_forest,4,316,0,1.0,True,,,,reaction_role_concat,6144,random_forest,False,valid,mae,10.215592575794533,2,0.1,random,,
condition_recombine_pseudolabel__mult_0.25__sim_0.95__teacher_rf__seed_4,condition_recombine_pseudolabel,0.25,0.95,random_forest,4,316,0,1.0,True,,,,reaction_role_concat,6144,random_forest,False,valid,r2,0.7511594546626889,2,0.1,random,,
condition_recombine_pseudolabel__mult_0.25__sim_0.95__teacher_rf__seed_4,condition_recombine_pseudolabel,0.25,0.95,random_forest,4,316,0,1.0,True,,,,reaction_role_concat,6144,random_forest,False,valid,spearman,0.8785523514863487,2,0.1,random,,
condition_recombine_pseudolabel__mult_0.5__sim_0.7__teacher_ridge__seed_0,condition_recombine_pseudolabel,0.5,0.7,ridge,0,316,158,1.5,True,0.8431232444093195,0.7770700454711914,0.85,reaction_role_concat,6144,random_forest,False,valid,rmse,13.61891589980602,2,0.1,random,,
condition_recombine_pseudolabel__mult_0.5__sim_0.7__teacher_ridge__seed_0,condition_recombine_pseudolabel,0.5,0.7,ridge,0,316,158,1.5,True,0.8431232444093195,0.7770700454711914,0.85,reaction_role_concat,6144,random_forest,False,valid,mae,10.279802311182777,2,0.1,random,,
condition_recombine_pseudolabel__mult_0.5__sim_0.7__teacher_ridge__seed_0,condition_recombine_pseudolabel,0.5,0.7,ridge,0,316,158,1.5,True,0.8431232444093195,0.7770700454711914,0.85,reaction_role_concat,6144,random_forest,False,valid,r2,0.7678883331631045,2,0.1,random,,
condition_recombine_pseudolabel__mult_0.5__sim_0.7__teacher_ridge__seed_0,condition_recombine_pseudolabel,0.5,0.7,ridge,0,316,158,1.5,True,0.8431232444093195,0.7770700454711914,0.85,reaction_role_concat,6144,random_forest,False,valid,spearman,0.890108506946512,2,0.1,random,,
condition_recombine_pseudolabel__mult_0.5__sim_0.7__teacher_ridge__seed_1,condition_recombine_pseudolabel,0.5,0.7,ridge,1,316,158,1.5,True,0.8433830209925202,0.7745664715766907,0.85,reaction_role_concat,6144,random_forest,False,valid,rmse,14.136892825505655,2,0.1,random,,
condition_recombine_pseudolabel__mult_0.5__sim_0.7__teacher_ridge__seed_1,condition_recombine_pseudolabel,0.5,0.7,ridge,1,316,158,1.5,True,0.8433830209925202,0.7745664715766907,0.85,reaction_role_concat,6144,random_forest,False,valid,mae,10.643193374955201,2,0.1,random,,
condition_recombine_pseudolabel__mult_0.5__sim_0.7__teacher_ridge__seed_1,condition_recombine_pseudolabel,0.5,0.7,ridge,1,316,158,1.5,True,0.8433830209925202,0.7745664715766907,0.85,reaction_role_concat,6144,random_forest,False,valid,r2,0.7498964677410488,2,0.1,random,,
condition_recombine_pseudolabel__mult_0.5__sim_0.7__teacher_ridge__seed_1,condition_recombine_pseudolabel,0.5,0.7,ridge,1,316,158,1.5,True,0.8433830209925202,0.7745664715766907,0.85,reaction_role_concat,6144,random_forest,False,valid,spearman,0.8832060133620856,2,0.1,random,,
condition_recombine_pseudolabel__mult_0.5__sim_0.7__teacher_ridge__seed_2,condition_recombine_pseudolabel,0.5,0.7,ridge,2,316,158,1.5,True,0.8440225879602792,0.7891156673431396,0.85,reaction_role_concat,6144,random_forest,False,valid,rmse,14.341441837359717,2,0.1,random,,
condition_recombine_pseudolabel__mult_0.5__sim_0.7__teacher_ridge__seed_2,condition_recombine_pseudolabel,0.5,0.7,ridge,2,316,158,1.5,True,0.8440225879602792,0.7891156673431396,0.85,reaction_role_concat,6144,random_forest,False,valid,mae,10.685674558319622,2,0.1,random,,
condition_recombine_pseudolabel__mult_0.5__sim_0.7__teacher_ridge__seed_2,condition_recombine_pseudolabel,0.5,0.7,ridge,2,316,158,1.5,True,0.8440225879602792,0.7891156673431396,0.85,reaction_role_concat,6144,random_forest,False,valid,r2,0.74260652915775,2,0.1,random,,
condition_recombine_pseudolabel__mult_0.5__sim_0.7__teacher_ridge__seed_2,condition_recombine_pseudolabel,0.5,0.7,ridge,2,316,158,1.5,True,0.8440225879602792,0.7891156673431396,0.85,reaction_role_concat,6144,random_forest,False,valid,spearman,0.8766906919814242,2,0.1,random,,
condition_recombine_pseudolabel__mult_0.5__sim_0.7__teacher_ridge__seed_3,condition_recombine_pseudolabel,0.5,0.7,ridge,3,316,158,1.5,True,0.8434854140764548,0.7770700454711914,0.85,reaction_role_concat,6144,random_forest,False,valid,rmse,13.861190964416092,2,0.1,random,,
condition_recombine_pseudolabel__mult_0.5__sim_0.7__teacher_ridge__seed_3,condition_recombine_pseudolabel,0.5,0.7,ridge,3,316,158,1.5,True,0.8434854140764548,0.7770700454711914,0.85,reaction_role_concat,6144,random_forest,False,valid,mae,10.565954042187974,2,0.1,random,,
condition_recombine_pseudolabel__mult_0.5__sim_0.7__teacher_ridge__seed_3,condition_recombine_pseudolabel,0.5,0.7,ridge,3,316,158,1.5,True,0.8434854140764548,0.7770700454711914,0.85,reaction_role_concat,6144,random_forest,False,valid,r2,0.759556529456102,2,0.1,random,,
condition_recombine_pseudolabel__mult_0.5__sim_0.7__teacher_ridge__seed_3,condition_recombine_pseudolabel,0.5,0.7,ridge,3,316,158,1.5,True,0.8434854140764548,0.7770700454711914,0.85,reaction_role_concat,6144,random_forest,False,valid,spearman,0.8837309744663354,2,0.1,random,,
condition_recombine_pseudolabel__mult_0.5__sim_0.7__teacher_ridge__seed_4,condition_recombine_pseudolabel,0.5,0.7,ridge,4,316,158,1.5,True,0.8423171189012405,0.7710843086242676,0.85,reaction_role_concat,6144,random_forest,False,valid,rmse,14.35584598772173,2,0.1,random,,
condition_recombine_pseudolabel__mult_0.5__sim_0.7__teacher_ridge__seed_4,condition_recombine_pseudolabel,0.5,0.7,ridge,4,316,158,1.5,True,0.8423171189012405,0.7710843086242676,0.85,reaction_role_concat,6144,random_forest,False,valid,mae,10.718502584237843,2,0.1,random,,
condition_recombine_pseudolabel__mult_0.5__sim_0.7__teacher_ridge__seed_4,condition_recombine_pseudolabel,0.5,0.7,ridge,4,316,158,1.5,True,0.8423171189012405,0.7710843086242676,0.85,reaction_role_concat,6144,random_forest,False,valid,r2,0.7420892316403767,2,0.1,random,,
condition_recombine_pseudolabel__mult_0.5__sim_0.7__teacher_ridge__seed_4,condition_recombine_pseudolabel,0.5,0.7,ridge,4,316,158,1.5,True,0.8423171189012405,0.7710843086242676,0.85,reaction_role_concat,6144,random_forest,False,valid,spearman,0.8766077265091888,2,0.1,random,,
condition_recombine_pseudolabel__mult_0.5__sim_0.7__teacher_rf__seed_0,condition_recombine_pseudolabel,0.5,0.7,random_forest,0,316,158,1.5,True,0.8431232444093195,0.7770700454711914,0.85,reaction_role_concat,6144,random_forest,False,valid,rmse,14.274622633421519,2,0.1,random,,
condition_recombine_pseudolabel__mult_0.5__sim_0.7__teacher_rf__seed_0,condition_recombine_pseudolabel,0.5,0.7,random_forest,0,316,158,1.5,True,0.8431232444093195,0.7770700454711914,0.85,reaction_role_concat,6144,random_forest,False,valid,mae,10.243393731199866,2,0.1,random,,
condition_recombine_pseudolabel__mult_0.5__sim_0.7__teacher_rf__seed_0,condition_recombine_pseudolabel,0.5,0.7,random_forest,0,316,158,1.5,True,0.8431232444093195,0.7770700454711914,0.85,reaction_role_concat,6144,random_forest,False,valid,r2,0.7449994211546849,2,0.1,random,,
condition_recombine_pseudolabel__mult_0.5__sim_0.7__teacher_rf__seed_0,condition_recombine_pseudolabel,0.5,0.7,random_forest,0,316,158,1.5,True,0.8431232444093195,0.7770700454711914,0.85,reaction_role_concat,6144,random_forest,False,valid,spearman,0.87723512854864,2,0.1,random,,
condition_recombine_pseudolabel__mult_0.5__sim_0.7__teacher_rf__seed_1,condition_recombine_pseudolabel,0.5,0.7,random_forest,1,316,158,1.5,True,0.8433830209925202,0.7745664715766907,0.85,reaction_role_concat,6144,random_forest,False,valid,rmse,14.16829596647533,2,0.1,random,,
condition_recombine_pseudolabel__mult_0.5__sim_0.7__teacher_rf__seed_1,condition_recombine_pseudolabel,0.5,0.7,random_forest,1,316,158,1.5,True,0.8433830209925202,0.7745664715766907,0.85,reaction_role_concat,6144,random_forest,False,valid,mae,10.18170404586083,2,0.1,random,,
condition_recombine_pseudolabel__mult_0.5__sim_0.7__teacher_rf__seed_1,condition_recombine_pseudolabel,0.5,0.7,random_forest,1,316,158,1.5,True,0.8433830209925202,0.7745664715766907,0.85,reaction_role_concat,6144,random_forest,False,valid,r2,0.7487840932041027,2,0.1,random,,
condition_recombine_pseudolabel__mult_0.5__sim_0.7__teacher_rf__seed_1,condition_recombine_pseudolabel,0.5,0.7,random_forest,1,316,158,1.5,True,0.8433830209925202,0.7745664715766907,0.85,reaction_role_concat,6144,random_forest,False,valid,spearman,0.878507363166897,2,0.1,random,,
condition_recombine_pseudolabel__mult_0.5__sim_0.7__teacher_rf__seed_2,condition_recombine_pseudolabel,0.5,0.7,random_forest,2,316,158,1.5,True,0.8440225879602792,0.7891156673431396,0.85,reaction_role_concat,6144,random_forest,False,valid,rmse,14.525875667038619,2,0.1,random,,
condition_recombine_pseudolabel__mult_0.5__sim_0.7__teacher_rf__seed_2,condition_recombine_pseudolabel,0.5,0.7,random_forest,2,316,158,1.5,True,0.8440225879602792,0.7891156673431396,0.85,reaction_role_concat,6144,random_forest,False,valid,mae,10.272538387327254,2,0.1,random,,
condition_recombine_pseudolabel__mult_0.5__sim_0.7__teacher_rf__seed_2,condition_recombine_pseudolabel,0.5,0.7,random_forest,2,316,158,1.5,True,0.8440225879602792,0.7891156673431396,0.85,reaction_role_concat,6144,random_forest,False,valid,r2,0.735943696473065,2,0.1,random,,
condition_recombine_pseudolabel__mult_0.5__sim_0.7__teacher_rf__seed_2,condition_recombine_pseudolabel,0.5,0.7,random_forest,2,316,158,1.5,True,0.8440225879602792,0.7891156673431396,0.85,reaction_role_concat,6144,random_forest,False,valid,spearman,0.87511288734923,2,0.1,random,,
condition_recombine_pseudolabel__mult_0.5__sim_0.7__teacher_rf__seed_3,condition_recombine_pseudolabel,0.5,0.7,random_forest,3,316,158,1.5,True,0.8434854140764548,0.7770700454711914,0.85,reaction_role_concat,6144,random_forest,False,valid,rmse,13.846640508943853,2,0.1,random,,
condition_recombine_pseudolabel__mult_0.5__sim_0.7__teacher_rf__seed_3,condition_recombine_pseudolabel,0.5,0.7,random_forest,3,316,158,1.5,True,0.8434854140764548,0.7770700454711914,0.85,reaction_role_concat,6144,random_forest,False,valid,mae,9.906376641902742,2,0.1,random,,
condition_recombine_pseudolabel__mult_0.5__sim_0.7__teacher_rf__seed_3,condition_recombine_pseudolabel,0.5,0.7,random_forest,3,316,158,1.5,True,0.8434854140764548,0.7770700454711914,0.85,reaction_role_concat,6144,random_forest,False,valid,r2,0.7600610641320319,2,0.1,random,,
condition_recombine_pseudolabel__mult_0.5__sim_0.7__teacher_rf__seed_3,condition_recombine_pseudolabel,0.5,0.7,random_forest,3,316,158,1.5,True,0.8434854140764548,0.7770700454711914,0.85,reaction_role_concat,6144,random_forest,False,valid,spearman,0.882005253692914,2,0.1,random,,
condition_recombine_pseudolabel__mult_0.5__sim_0.7__teacher_rf__seed_4,condition_recombine_pseudolabel,0.5,0.7,random_forest,4,316,158,1.5,True,0.8423171189012405,0.7710843086242676,0.85,reaction_role_concat,6144,random_forest,False,valid,rmse,14.33020245177804,2,0.1,random,,
condition_recombine_pseudolabel__mult_0.5__sim_0.7__teacher_rf__seed_4,condition_recombine_pseudolabel,0.5,0.7,random_forest,4,316,158,1.5,True,0.8423171189012405,0.7710843086242676,0.85,reaction_role_concat,6144,random_forest,False,valid,mae,10.252551090297064,2,0.1,random,,
condition_recombine_pseudolabel__mult_0.5__sim_0.7__teacher_rf__seed_4,condition_recombine_pseudolabel,0.5,0.7,random_forest,4,316,158,1.5,True,0.8423171189012405,0.7710843086242676,0.85,reaction_role_concat,6144,random_forest,False,valid,r2,0.7430098095109738,2,0.1,random,,
condition_recombine_pseudolabel__mult_0.5__sim_0.7__teacher_rf__seed_4,condition_recombine_pseudolabel,0.5,0.7,random_forest,4,316,158,1.5,True,0.8423171189012405,0.7710843086242676,0.85,reaction_role_concat,6144,random_forest,False,valid,spearman,0.8760779939165124,2,0.1,random,,
condition_recombine_pseudolabel__mult_0.5__sim_0.8__teacher_ridge__seed_0,condition_recombine_pseudolabel,0.5,0.8,ridge,0,316,153,1.4841772151898733,True,0.8449278735647013,0.800000011920929,0.85,reaction_role_concat,6144,random_forest,False,valid,rmse,13.520360637623696,2,0.1,random,,
condition_recombine_pseudolabel__mult_0.5__sim_0.8__teacher_ridge__seed_0,condition_recombine_pseudolabel,0.5,0.8,ridge,0,316,153,1.4841772151898733,True,0.8449278735647013,0.800000011920929,0.85,reaction_role_concat,6144,random_forest,False,valid,mae,10.141463272269013,2,0.1,random,,
condition_recombine_pseudolabel__mult_0.5__sim_0.8__teacher_ridge__seed_0,condition_recombine_pseudolabel,0.5,0.8,ridge,0,316,153,1.4841772151898733,True,0.8449278735647013,0.800000011920929,0.85,reaction_role_concat,6144,random_forest,False,valid,r2,0.7712355972522101,2,0.1,random,,
condition_recombine_pseudolabel__mult_0.5__sim_0.8__teacher_ridge__seed_0,condition_recombine_pseudolabel,0.5,0.8,ridge,0,316,153,1.4841772151898733,True,0.8449278735647013,0.800000011920929,0.85,reaction_role_concat,6144,random_forest,False,valid,spearman,0.8928019634747163,2,0.1,random,,
condition_recombine_pseudolabel__mult_0.5__sim_0.8__teacher_ridge__seed_1,condition_recombine_pseudolabel,0.5,0.8,ridge,1,316,154,1.4873417721518987,True,0.8448977036909622,0.8024691343307495,0.85,reaction_role_concat,6144,random_forest,False,valid,rmse,13.90969095328277,2,0.1,random,,
condition_recombine_pseudolabel__mult_0.5__sim_0.8__teacher_ridge__seed_1,condition_recombine_pseudolabel,0.5,0.8,ridge,1,316,154,1.4873417721518987,True,0.8448977036909622,0.8024691343307495,0.85,reaction_role_concat,6144,random_forest,False,valid,mae,10.47177126518986,2,0.1,random,,
condition_recombine_pseudolabel__mult_0.5__sim_0.8__teacher_ridge__seed_1,condition_recombine_pseudolabel,0.5,0.8,ridge,1,316,154,1.4873417721518987,True,0.8448977036909622,0.8024691343307495,0.85,reaction_role_concat,6144,random_forest,False,valid,r2,0.7578709733816409,2,0.1,random,,
condition_recombine_pseudolabel__mult_0.5__sim_0.8__teacher_ridge__seed_1,condition_recombine_pseudolabel,0.5,0.8,ridge,1,316,154,1.4873417721518987,True,0.8448977036909622,0.8024691343307495,0.85,reaction_role_concat,6144,random_forest,False,valid,spearman,0.8880296960295161,2,0.1,random,,
condition_recombine_pseudolabel__mult_0.5__sim_0.8__teacher_ridge__seed_2,condition_recombine_pseudolabel,0.5,0.8,ridge,2,316,157,1.4968354430379747,True,0.8443723135693055,0.800000011920929,0.85,reaction_role_concat,6144,random_forest,False,valid,rmse,14.335438308016686,2,0.1,random,,
condition_recombine_pseudolabel__mult_0.5__sim_0.8__teacher_ridge__seed_2,condition_recombine_pseudolabel,0.5,0.8,ridge,2,316,157,1.4968354430379747,True,0.8443723135693055,0.800000011920929,0.85,reaction_role_concat,6144,random_forest,False,valid,mae,10.709516485165189,2,0.1,random,,
condition_recombine_pseudolabel__mult_0.5__sim_0.8__teacher_ridge__seed_2,condition_recombine_pseudolabel,0.5,0.8,ridge,2,316,157,1.4968354430379747,True,0.8443723135693055,0.800000011920929,0.85,reaction_role_concat,6144,random_forest,False,valid,r2,0.7428219811097505,2,0.1,random,,
condition_recombine_pseudolabel__mult_0.5__sim_0.8__teacher_ridge__seed_2,condition_recombine_pseudolabel,0.5,0.8,ridge,2,316,157,1.4968354430379747,True,0.8443723135693055,0.800000011920929,0.85,reaction_role_concat,6144,random_forest,False,valid,spearman,0.8766513515462329,2,0.1,random,,
condition_recombine_pseudolabel__mult_0.5__sim_0.8__teacher_ridge__seed_3,condition_recombine_pseudolabel,0.5,0.8,ridge,3,316,156,1.4936708860759493,True,0.8442904592324524,0.801369845867157,0.85,reaction_role_concat,6144,random_forest,False,valid,rmse,13.818126247628383,2,0.1,random,,
condition_recombine_pseudolabel__mult_0.5__sim_0.8__teacher_ridge__seed_3,condition_recombine_pseudolabel,0.5,0.8,ridge,3,316,156,1.4936708860759493,True,0.8442904592324524,0.801369845867157,0.85,reaction_role_concat,6144,random_forest,False,valid,mae,10.488121731226203,2,0.1,random,,
condition_recombine_pseudolabel__mult_0.5__sim_0.8__teacher_ridge__seed_3,condition_recombine_pseudolabel,0.5,0.8,ridge,3,316,156,1.4936708860759493,True,0.8442904592324524,0.801369845867157,0.85,reaction_role_concat,6144,random_forest,False,valid,r2,0.7610482547803783,2,0.1,random,,
condition_recombine_pseudolabel__mult_0.5__sim_0.8__teacher_ridge__seed_3,condition_recombine_pseudolabel,0.5,0.8,ridge,3,316,156,1.4936708860759493,True,0.8442904592324524,0.801369845867157,0.85,reaction_role_concat,6144,random_forest,False,valid,spearman,0.8842693736400318,2,0.1,random,,
condition_recombine_pseudolabel__mult_0.5__sim_0.8__teacher_ridge__seed_4,condition_recombine_pseudolabel,0.5,0.8,ridge,4,316,154,1.4873417721518987,True,0.8436459371021814,0.8027210831642151,0.85,reaction_role_concat,6144,random_forest,False,valid,rmse,14.243651601516282,2,0.1,random,,
condition_recombine_pseudolabel__mult_0.5__sim_0.8__teacher_ridge__seed_4,condition_recombine_pseudolabel,0.5,0.8,ridge,4,316,154,1.4873417721518987,True,0.8436459371021814,0.8027210831642151,0.85,reaction_role_concat,6144,random_forest,False,valid,mae,10.62627357854496,2,0.1,random,,
condition_recombine_pseudolabel__mult_0.5__sim_0.8__teacher_ridge__seed_4,condition_recombine_pseudolabel,0.5,0.8,ridge,4,316,154,1.4873417721518987,True,0.8436459371021814,0.8027210831642151,0.85,reaction_role_concat,6144,random_forest,False,valid,r2,0.7461047482363794,2,0.1,random,,
condition_recombine_pseudolabel__mult_0.5__sim_0.8__teacher_ridge__seed_4,condition_recombine_pseudolabel,0.5,0.8,ridge,4,316,154,1.4873417721518987,True,0.8436459371021814,0.8027210831642151,0.85,reaction_role_concat,6144,random_forest,False,valid,spearman,0.8783812595441921,2,0.1,random,,
condition_recombine_pseudolabel__mult_0.5__sim_0.8__teacher_rf__seed_0,condition_recombine_pseudolabel,0.5,0.8,random_forest,0,316,153,1.4841772151898733,True,0.8449278735647013,0.800000011920929,0.85,reaction_role_concat,6144,random_forest,False,valid,rmse,14.190258086830788,2,0.1,random,,
condition_recombine_pseudolabel__mult_0.5__sim_0.8__teacher_rf__seed_0,condition_recombine_pseudolabel,0.5,0.8,random_forest,0,316,153,1.4841772151898733,True,0.8449278735647013,0.800000011920929,0.85,reaction_role_concat,6144,random_forest,False,valid,mae,10.24030520320844,2,0.1,random,,
condition_recombine_pseudolabel__mult_0.5__sim_0.8__teacher_rf__seed_0,condition_recombine_pseudolabel,0.5,0.8,random_forest,0,316,153,1.4841772151898733,True,0.8449278735647013,0.800000011920929,0.85,reaction_role_concat,6144,random_forest,False,valid,r2,0.7480046755387326,2,0.1,random,,
condition_recombine_pseudolabel__mult_0.5__sim_0.8__teacher_rf__seed_0,condition_recombine_pseudolabel,0.5,0.8,random_forest,0,316,153,1.4841772151898733,True,0.8449278735647013,0.800000011920929,0.85,reaction_role_concat,6144,random_forest,False,valid,spearman,0.8800414453847326,2,0.1,random,,
condition_recombine_pseudolabel__mult_0.5__sim_0.8__teacher_rf__seed_1,condition_recombine_pseudolabel,0.5,0.8,random_forest,1,316,154,1.4873417721518987,True,0.8448977036909622,0.8024691343307495,0.85,reaction_role_concat,6144,random_forest,False,valid,rmse,14.202172143129959,2,0.1,random,,
condition_recombine_pseudolabel__mult_0.5__sim_0.8__teacher_rf__seed_1,condition_recombine_pseudolabel,0.5,0.8,random_forest,1,316,154,1.4873417721518987,True,0.8448977036909622,0.8024691343307495,0.85,reaction_role_concat,6144,random_forest,False,valid,mae,10.241151276794415,2,0.1,random,,
condition_recombine_pseudolabel__mult_0.5__sim_0.8__teacher_rf__seed_1,condition_recombine_pseudolabel,0.5,0.8,random_forest,1,316,154,1.4873417721518987,True,0.8448977036909622,0.8024691343307495,0.85,reaction_role_concat,6144,random_forest,False,valid,r2,0.7475813503510836,2,0.1,random,,
condition_recombine_pseudolabel__mult_0.5__sim_0.8__teacher_rf__seed_1,condition_recombine_pseudolabel,0.5,0.8,random_forest,1,316,154,1.4873417721518987,True,0.8448977036909622,0.8024691343307495,0.85,reaction_role_concat,6144,random_forest,False,valid,spearman,0.879672385361526,2,0.1,random,,
condition_recombine_pseudolabel__mult_0.5__sim_0.8__teacher_rf__seed_2,condition_recombine_pseudolabel,0.5,0.8,random_forest,2,316,157,1.4968354430379747,True,0.8443723135693055,0.800000011920929,0.85,reaction_role_concat,6144,random_forest,False,valid,rmse,14.3945812708834,2,0.1,random,,
condition_recombine_pseudolabel__mult_0.5__sim_0.8__teacher_rf__seed_2,condition_recombine_pseudolabel,0.5,0.8,random_forest,2,316,157,1.4968354430379747,True,0.8443723135693055,0.800000011920929,0.85,reaction_role_concat,6144,random_forest,False,valid,mae,10.197885071992873,2,0.1,random,,
condition_recombine_pseudolabel__mult_0.5__sim_0.8__teacher_rf__seed_2,condition_recombine_pseudolabel,0.5,0.8,random_forest,2,316,157,1.4968354430379747,True,0.8443723135693055,0.800000011920929,0.85,reaction_role_concat,6144,random_forest,False,valid,r2,0.7406955520743947,2,0.1,random,,
condition_recombine_pseudolabel__mult_0.5__sim_0.8__teacher_rf__seed_2,condition_recombine_pseudolabel,0.5,0.8,random_forest,2,316,157,1.4968354430379747,True,0.8443723135693055,0.800000011920929,0.85,reaction_role_concat,6144,random_forest,False,valid,spearman,0.8767694702291218,2,0.1,random,,
condition_recombine_pseudolabel__mult_0.5__sim_0.8__teacher_rf__seed_3,condition_recombine_pseudolabel,0.5,0.8,random_forest,3,316,156,1.4936708860759493,True,0.8442904592324524,0.801369845867157,0.85,reaction_role_concat,6144,random_forest,False,valid,rmse,14.044809957600117,2,0.1,random,,
condition_recombine_pseudolabel__mult_0.5__sim_0.8__teacher_rf__seed_3,condition_recombine_pseudolabel,0.5,0.8,random_forest,3,316,156,1.4936708860759493,True,0.8442904592324524,0.801369845867157,0.85,reaction_role_concat,6144,random_forest,False,valid,mae,10.031197740593665,2,0.1,random,,
condition_recombine_pseudolabel__mult_0.5__sim_0.8__teacher_rf__seed_3,condition_recombine_pseudolabel,0.5,0.8,random_forest,3,316,156,1.4936708860759493,True,0.8442904592324524,0.801369845867157,0.85,reaction_role_concat,6144,random_forest,False,valid,r2,0.7531440335581248,2,0.1,random,,
condition_recombine_pseudolabel__mult_0.5__sim_0.8__teacher_rf__seed_3,condition_recombine_pseudolabel,0.5,0.8,random_forest,3,316,156,1.4936708860759493,True,0.8442904592324524,0.801369845867157,0.85,reaction_role_concat,6144,random_forest,False,valid,spearman,0.8794736382619575,2,0.1,random,,
condition_recombine_pseudolabel__mult_0.5__sim_0.8__teacher_rf__seed_4,condition_recombine_pseudolabel,0.5,0.8,random_forest,4,316,154,1.4873417721518987,True,0.8436459371021814,0.8027210831642151,0.85,reaction_role_concat,6144,random_forest,False,valid,rmse,14.177820227733699,2,0.1,random,,
condition_recombine_pseudolabel__mult_0.5__sim_0.8__teacher_rf__seed_4,condition_recombine_pseudolabel,0.5,0.8,random_forest,4,316,154,1.4873417721518987,True,0.8436459371021814,0.8027210831642151,0.85,reaction_role_concat,6144,random_forest,False,valid,mae,10.174944190980513,2,0.1,random,,
condition_recombine_pseudolabel__mult_0.5__sim_0.8__teacher_rf__seed_4,condition_recombine_pseudolabel,0.5,0.8,random_forest,4,316,154,1.4873417721518987,True,0.8436459371021814,0.8027210831642151,0.85,reaction_role_concat,6144,random_forest,False,valid,r2,0.7484462332200037,2,0.1,random,,
condition_recombine_pseudolabel__mult_0.5__sim_0.8__teacher_rf__seed_4,condition_recombine_pseudolabel,0.5,0.8,random_forest,4,316,154,1.4873417721518987,True,0.8436459371021814,0.8027210831642151,0.85,reaction_role_concat,6144,random_forest,False,valid,spearman,0.8785132058057868,2,0.1,random,,
condition_recombine_pseudolabel__mult_0.5__sim_0.85__teacher_ridge__seed_0,condition_recombine_pseudolabel,0.5,0.85,ridge,0,316,112,1.3544303797468353,True,0.8499999999999998,0.85,0.85,reaction_role_concat,6144,random_forest,True,valid,rmse,13.392142384665691,2,0.1,random,,
condition_recombine_pseudolabel__mult_0.5__sim_0.85__teacher_ridge__seed_0,condition_recombine_pseudolabel,0.5,0.85,ridge,0,316,112,1.3544303797468353,True,0.8499999999999998,0.85,0.85,reaction_role_concat,6144,random_forest,True,valid,mae,9.965568663129325,2,0.1,random,,
condition_recombine_pseudolabel__mult_0.5__sim_0.85__teacher_ridge__seed_0,condition_recombine_pseudolabel,0.5,0.85,ridge,0,316,112,1.3544303797468353,True,0.8499999999999998,0.85,0.85,reaction_role_concat,6144,random_forest,True,valid,r2,0.775553927387856,2,0.1,random,,
condition_recombine_pseudolabel__mult_0.5__sim_0.85__teacher_ridge__seed_0,condition_recombine_pseudolabel,0.5,0.85,ridge,0,316,112,1.3544303797468353,True,0.8499999999999998,0.85,0.85,reaction_role_concat,6144,random_forest,True,valid,spearman,0.8934772751530641,2,0.1,random,,
condition_recombine_pseudolabel__mult_0.5__sim_0.85__teacher_ridge__seed_1,condition_recombine_pseudolabel,0.5,0.85,ridge,1,316,115,1.3639240506329113,True,0.8499999999999996,0.85,0.85,reaction_role_concat,6144,random_forest,False,valid,rmse,14.203526127302007,2,0.1,random,,
condition_recombine_pseudolabel__mult_0.5__sim_0.85__teacher_ridge__seed_1,condition_recombine_pseudolabel,0.5,0.85,ridge,1,316,115,1.3639240506329113,True,0.8499999999999996,0.85,0.85,reaction_role_concat,6144,random_forest,False,valid,mae,10.558013443780851,2,0.1,random,,
condition_recombine_pseudolabel__mult_0.5__sim_0.85__teacher_ridge__seed_1,condition_recombine_pseudolabel,0.5,0.85,ridge,1,316,115,1.3639240506329113,True,0.8499999999999996,0.85,0.85,reaction_role_concat,6144,random_forest,False,valid,r2,0.7475332186787573,2,0.1,random,,
condition_recombine_pseudolabel__mult_0.5__sim_0.85__teacher_ridge__seed_1,condition_recombine_pseudolabel,0.5,0.85,ridge,1,316,115,1.3639240506329113,True,0.8499999999999996,0.85,0.85,reaction_role_concat,6144,random_forest,False,valid,spearman,0.8837087724385542,2,0.1,random,,
condition_recombine_pseudolabel__mult_0.5__sim_0.85__teacher_ridge__seed_2,condition_recombine_pseudolabel,0.5,0.85,ridge,2,316,112,1.3544303797468353,True,0.8499999999999998,0.85,0.85,reaction_role_concat,6144,random_forest,False,valid,rmse,14.570453850198891,2,0.1,random,,
condition_recombine_pseudolabel__mult_0.5__sim_0.85__teacher_ridge__seed_2,condition_recombine_pseudolabel,0.5,0.85,ridge,2,316,112,1.3544303797468353,True,0.8499999999999998,0.85,0.85,reaction_role_concat,6144,random_forest,False,valid,mae,10.687845944758456,2,0.1,random,,
condition_recombine_pseudolabel__mult_0.5__sim_0.85__teacher_ridge__seed_2,condition_recombine_pseudolabel,0.5,0.85,ridge,2,316,112,1.3544303797468353,True,0.8499999999999998,0.85,0.85,reaction_role_concat,6144,random_forest,False,valid,r2,0.7343204948619678,2,0.1,random,,
condition_recombine_pseudolabel__mult_0.5__sim_0.85__teacher_ridge__seed_2,condition_recombine_pseudolabel,0.5,0.85,ridge,2,316,112,1.3544303797468353,True,0.8499999999999998,0.85,0.85,reaction_role_concat,6144,random_forest,False,valid,spearman,0.8727407759599654,2,0.1,random,,
condition_recombine_pseudolabel__mult_0.5__sim_0.85__teacher_ridge__seed_3,condition_recombine_pseudolabel,0.5,0.85,ridge,3,316,116,1.3670886075949367,True,0.8499999999999995,0.85,0.85,reaction_role_concat,6144,random_forest,False,valid,rmse,14.047498012221116,2,0.1,random,,
condition_recombine_pseudolabel__mult_0.5__sim_0.85__teacher_ridge__seed_3,condition_recombine_pseudolabel,0.5,0.85,ridge,3,316,116,1.3670886075949367,True,0.8499999999999995,0.85,0.85,reaction_role_concat,6144,random_forest,False,valid,mae,10.491554343919965,2,0.1,random,,
condition_recombine_pseudolabel__mult_0.5__sim_0.85__teacher_ridge__seed_3,condition_recombine_pseudolabel,0.5,0.85,ridge,3,316,116,1.3670886075949367,True,0.8499999999999995,0.85,0.85,reaction_role_concat,6144,random_forest,False,valid,r2,0.753049532340472,2,0.1,random,,
condition_recombine_pseudolabel__mult_0.5__sim_0.85__teacher_ridge__seed_3,condition_recombine_pseudolabel,0.5,0.85,ridge,3,316,116,1.3670886075949367,True,0.8499999999999995,0.85,0.85,reaction_role_concat,6144,random_forest,False,valid,spearman,0.8796568049911532,2,0.1,random,,
condition_recombine_pseudolabel__mult_0.5__sim_0.85__teacher_ridge__seed_4,condition_recombine_pseudolabel,0.5,0.85,ridge,4,316,111,1.3512658227848102,True,0.8499999999999994,0.85,0.85,reaction_role_concat,6144,random_forest,False,valid,rmse,14.29731712068813,2,0.1,random,,
condition_recombine_pseudolabel__mult_0.5__sim_0.85__teacher_ridge__seed_4,condition_recombine_pseudolabel,0.5,0.85,ridge,4,316,111,1.3512658227848102,True,0.8499999999999994,0.85,0.85,reaction_role_concat,6144,random_forest,False,valid,mae,10.600342893623097,2,0.1,random,,
condition_recombine_pseudolabel__mult_0.5__sim_0.85__teacher_ridge__seed_4,condition_recombine_pseudolabel,0.5,0.85,ridge,4,316,111,1.3512658227848102,True,0.8499999999999994,0.85,0.85,reaction_role_concat,6144,random_forest,False,valid,r2,0.744187952039137,2,0.1,random,,
condition_recombine_pseudolabel__mult_0.5__sim_0.85__teacher_ridge__seed_4,condition_recombine_pseudolabel,0.5,0.85,ridge,4,316,111,1.3512658227848102,True,0.8499999999999994,0.85,0.85,reaction_role_concat,6144,random_forest,False,valid,spearman,0.8784607194330933,2,0.1,random,,
condition_recombine_pseudolabel__mult_0.5__sim_0.85__teacher_rf__seed_0,condition_recombine_pseudolabel,0.5,0.85,random_forest,0,316,112,1.3544303797468353,True,0.8499999999999998,0.85,0.85,reaction_role_concat,6144,random_forest,False,valid,rmse,14.123875703556616,2,0.1,random,,
condition_recombine_pseudolabel__mult_0.5__sim_0.85__teacher_rf__seed_0,condition_recombine_pseudolabel,0.5,0.85,random_forest,0,316,112,1.3544303797468353,True,0.8499999999999998,0.85,0.85,reaction_role_concat,6144,random_forest,False,valid,mae,10.205917758861675,2,0.1,random,,
condition_recombine_pseudolabel__mult_0.5__sim_0.85__teacher_rf__seed_0,condition_recombine_pseudolabel,0.5,0.85,random_forest,0,316,112,1.3544303797468353,True,0.8499999999999998,0.85,0.85,reaction_role_concat,6144,random_forest,False,valid,r2,0.7503568417911463,2,0.1,random,,
condition_recombine_pseudolabel__mult_0.5__sim_0.85__teacher_rf__seed_0,condition_recombine_pseudolabel,0.5,0.85,random_forest,0,316,112,1.3544303797468353,True,0.8499999999999998,0.85,0.85,reaction_role_concat,6144,random_forest,False,valid,spearman,0.878791315416942,2,0.1,random,,
condition_recombine_pseudolabel__mult_0.5__sim_0.85__teacher_rf__seed_1,condition_recombine_pseudolabel,0.5,0.85,random_forest,1,316,115,1.3639240506329113,True,0.8499999999999996,0.85,0.85,reaction_role_concat,6144,random_forest,False,valid,rmse,14.4155751731214,2,0.1,random,,
condition_recombine_pseudolabel__mult_0.5__sim_0.85__teacher_rf__seed_1,condition_recombine_pseudolabel,0.5,0.85,random_forest,1,316,115,1.3639240506329113,True,0.8499999999999996,0.85,0.85,reaction_role_concat,6144,random_forest,False,valid,mae,10.41335153973178,2,0.1,random,,
condition_recombine_pseudolabel__mult_0.5__sim_0.85__teacher_rf__seed_1,condition_recombine_pseudolabel,0.5,0.85,random_forest,1,316,115,1.3639240506329113,True,0.8499999999999996,0.85,0.85,reaction_role_concat,6144,random_forest,False,valid,r2,0.7399386308531721,2,0.1,random,,
condition_recombine_pseudolabel__mult_0.5__sim_0.85__teacher_rf__seed_1,condition_recombine_pseudolabel,0.5,0.85,random_forest,1,316,115,1.3639240506329113,True,0.8499999999999996,0.85,0.85,reaction_role_concat,6144,random_forest,False,valid,spearman,0.8761746895901388,2,0.1,random,,
condition_recombine_pseudolabel__mult_0.5__sim_0.85__teacher_rf__seed_2,condition_recombine_pseudolabel,0.5,0.85,random_forest,2,316,112,1.3544303797468353,True,0.8499999999999998,0.85,0.85,reaction_role_concat,6144,random_forest,False,valid,rmse,14.504961906427626,2,0.1,random,,
condition_recombine_pseudolabel__mult_0.5__sim_0.85__teacher_rf__seed_2,condition_recombine_pseudolabel,0.5,0.85,random_forest,2,316,112,1.3544303797468353,True,0.8499999999999998,0.85,0.85,reaction_role_concat,6144,random_forest,False,valid,mae,10.289908841564685,2,0.1,random,,
condition_recombine_pseudolabel__mult_0.5__sim_0.85__teacher_rf__seed_2,condition_recombine_pseudolabel,0.5,0.85,random_forest,2,316,112,1.3544303797468353,True,0.8499999999999998,0.85,0.85,reaction_role_concat,6144,random_forest,False,valid,r2,0.7367035040022255,2,0.1,random,,
condition_recombine_pseudolabel__mult_0.5__sim_0.85__teacher_rf__seed_2,condition_recombine_pseudolabel,0.5,0.85,random_forest,2,316,112,1.3544303797468353,True,0.8499999999999998,0.85,0.85,reaction_role_concat,6144,random_forest,False,valid,spearman,0.8745821809834051,2,0.1,random,,
condition_recombine_pseudolabel__mult_0.5__sim_0.85__teacher_rf__seed_3,condition_recombine_pseudolabel,0.5,0.85,random_forest,3,316,116,1.3670886075949367,True,0.8499999999999995,0.85,0.85,reaction_role_concat,6144,random_forest,False,valid,rmse,14.010281635147289,2,0.1,random,,
condition_recombine_pseudolabel__mult_0.5__sim_0.85__teacher_rf__seed_3,condition_recombine_pseudolabel,0.5,0.85,random_forest,3,316,116,1.3670886075949367,True,0.8499999999999995,0.85,0.85,reaction_role_concat,6144,random_forest,False,valid,mae,10.002434245436628,2,0.1,random,,
condition_recombine_pseudolabel__mult_0.5__sim_0.85__teacher_rf__seed_3,condition_recombine_pseudolabel,0.5,0.85,random_forest,3,316,116,1.3670886075949367,True,0.8499999999999995,0.85,0.85,reaction_role_concat,6144,random_forest,False,valid,r2,0.7543563027380192,2,0.1,random,,
condition_recombine_pseudolabel__mult_0.5__sim_0.85__teacher_rf__seed_3,condition_recombine_pseudolabel,0.5,0.85,random_forest,3,316,116,1.3670886075949367,True,0.8499999999999995,0.85,0.85,reaction_role_concat,6144,random_forest,False,valid,spearman,0.8787026046831318,2,0.1,random,,
condition_recombine_pseudolabel__mult_0.5__sim_0.85__teacher_rf__seed_4,condition_recombine_pseudolabel,0.5,0.85,random_forest,4,316,111,1.3512658227848102,True,0.8499999999999994,0.85,0.85,reaction_role_concat,6144,random_forest,False,valid,rmse,14.248510839827917,2,0.1,random,,
condition_recombine_pseudolabel__mult_0.5__sim_0.85__teacher_rf__seed_4,condition_recombine_pseudolabel,0.5,0.85,random_forest,4,316,111,1.3512658227848102,True,0.8499999999999994,0.85,0.85,reaction_role_concat,6144,random_forest,False,valid,mae,10.207967966516561,2,0.1,random,,
condition_recombine_pseudolabel__mult_0.5__sim_0.85__teacher_rf__seed_4,condition_recombine_pseudolabel,0.5,0.85,random_forest,4,316,111,1.3512658227848102,True,0.8499999999999994,0.85,0.85,reaction_role_concat,6144,random_forest,False,valid,r2,0.7459314853660803,2,0.1,random,,
condition_recombine_pseudolabel__mult_0.5__sim_0.85__teacher_rf__seed_4,condition_recombine_pseudolabel,0.5,0.85,random_forest,4,316,111,1.3512658227848102,True,0.8499999999999994,0.85,0.85,reaction_role_concat,6144,random_forest,False,valid,spearman,0.8765838690670554,2,0.1,random,,
condition_recombine_pseudolabel__mult_0.5__sim_0.9__teacher_ridge__seed_0,condition_recombine_pseudolabel,0.5,0.9,ridge,0,316,51,1.1613924050632911,True,0.85,0.85,0.85,reaction_role_concat,6144,random_forest,False,valid,rmse,13.949784839189029,2,0.1,random,,
condition_recombine_pseudolabel__mult_0.5__sim_0.9__teacher_ridge__seed_0,condition_recombine_pseudolabel,0.5,0.9,ridge,0,316,51,1.1613924050632911,True,0.85,0.85,0.85,reaction_role_concat,6144,random_forest,False,valid,mae,10.09868186385873,2,0.1,random,,
condition_recombine_pseudolabel__mult_0.5__sim_0.9__teacher_ridge__seed_0,condition_recombine_pseudolabel,0.5,0.9,ridge,0,316,51,1.1613924050632911,True,0.85,0.85,0.85,reaction_role_concat,6144,random_forest,False,valid,r2,0.7564731156113249,2,0.1,random,,
condition_recombine_pseudolabel__mult_0.5__sim_0.9__teacher_ridge__seed_0,condition_recombine_pseudolabel,0.5,0.9,ridge,0,316,51,1.1613924050632911,True,0.85,0.85,0.85,reaction_role_concat,6144,random_forest,False,valid,spearman,0.8849642581586603,2,0.1,random,,
condition_recombine_pseudolabel__mult_0.5__sim_0.9__teacher_ridge__seed_1,condition_recombine_pseudolabel,0.5,0.9,ridge,1,316,62,1.1962025316455696,True,0.8500000000000001,0.85,0.85,reaction_role_concat,6144,random_forest,False,valid,rmse,14.422069715047336,2,0.1,random,,
condition_recombine_pseudolabel__mult_0.5__sim_0.9__teacher_ridge__seed_1,condition_recombine_pseudolabel,0.5,0.9,ridge,1,316,62,1.1962025316455696,True,0.8500000000000001,0.85,0.85,reaction_role_concat,6144,random_forest,False,valid,mae,10.569179846066463,2,0.1,random,,
condition_recombine_pseudolabel__mult_0.5__sim_0.9__teacher_ridge__seed_1,condition_recombine_pseudolabel,0.5,0.9,ridge,1,316,62,1.1962025316455696,True,0.8500000000000001,0.85,0.85,reaction_role_concat,6144,random_forest,False,valid,r2,0.7397042510373639,2,0.1,random,,
condition_recombine_pseudolabel__mult_0.5__sim_0.9__teacher_ridge__seed_1,condition_recombine_pseudolabel,0.5,0.9,ridge,1,316,62,1.1962025316455696,True,0.8500000000000001,0.85,0.85,reaction_role_concat,6144,random_forest,False,valid,spearman,0.8764250466665673,2,0.1,random,,
condition_recombine_pseudolabel__mult_0.5__sim_0.9__teacher_ridge__seed_2,condition_recombine_pseudolabel,0.5,0.9,ridge,2,316,47,1.1487341772151898,True,0.8500000000000002,0.85,0.85,reaction_role_concat,6144,random_forest,False,valid,rmse,14.242136964828132,2,0.1,random,,
condition_recombine_pseudolabel__mult_0.5__sim_0.9__teacher_ridge__seed_2,condition_recombine_pseudolabel,0.5,0.9,ridge,2,316,47,1.1487341772151898,True,0.8500000000000002,0.85,0.85,reaction_role_concat,6144,random_forest,False,valid,mae,10.273765053468413,2,0.1,random,,
condition_recombine_pseudolabel__mult_0.5__sim_0.9__teacher_ridge__seed_2,condition_recombine_pseudolabel,0.5,0.9,ridge,2,316,47,1.1487341772151898,True,0.8500000000000002,0.85,0.85,reaction_role_concat,6144,random_forest,False,valid,r2,0.7461587426231377,2,0.1,random,,
condition_recombine_pseudolabel__mult_0.5__sim_0.9__teacher_ridge__seed_2,condition_recombine_pseudolabel,0.5,0.9,ridge,2,316,47,1.1487341772151898,True,0.8500000000000002,0.85,0.85,reaction_role_concat,6144,random_forest,False,valid,spearman,0.8777537601274259,2,0.1,random,,
condition_recombine_pseudolabel__mult_0.5__sim_0.9__teacher_ridge__seed_3,condition_recombine_pseudolabel,0.5,0.9,ridge,3,316,56,1.1772151898734178,True,0.8499999999999999,0.85,0.85,reaction_role_concat,6144,random_forest,False,valid,rmse,13.78963302958174,2,0.1,random,,
condition_recombine_pseudolabel__mult_0.5__sim_0.9__teacher_ridge__seed_3,condition_recombine_pseudolabel,0.5,0.9,ridge,3,316,56,1.1772151898734178,True,0.8499999999999999,0.85,0.85,reaction_role_concat,6144,random_forest,False,valid,mae,10.097088824934598,2,0.1,random,,
condition_recombine_pseudolabel__mult_0.5__sim_0.9__teacher_ridge__seed_3,condition_recombine_pseudolabel,0.5,0.9,ridge,3,316,56,1.1772151898734178,True,0.8499999999999999,0.85,0.85,reaction_role_concat,6144,random_forest,False,valid,r2,0.7620326841349698,2,0.1,random,,
condition_recombine_pseudolabel__mult_0.5__sim_0.9__teacher_ridge__seed_3,condition_recombine_pseudolabel,0.5,0.9,ridge,3,316,56,1.1772151898734178,True,0.8499999999999999,0.85,0.85,reaction_role_concat,6144,random_forest,False,valid,spearman,0.8854741257791114,2,0.1,random,,
condition_recombine_pseudolabel__mult_0.5__sim_0.9__teacher_ridge__seed_4,condition_recombine_pseudolabel,0.5,0.9,ridge,4,316,62,1.1962025316455696,True,0.8500000000000001,0.85,0.85,reaction_role_concat,6144,random_forest,False,valid,rmse,14.09647604687348,2,0.1,random,,
condition_recombine_pseudolabel__mult_0.5__sim_0.9__teacher_ridge__seed_4,condition_recombine_pseudolabel,0.5,0.9,ridge,4,316,62,1.1962025316455696,True,0.8500000000000001,0.85,0.85,reaction_role_concat,6144,random_forest,False,valid,mae,10.402141217258913,2,0.1,random,,
condition_recombine_pseudolabel__mult_0.5__sim_0.9__teacher_ridge__seed_4,condition_recombine_pseudolabel,0.5,0.9,ridge,4,316,62,1.1962025316455696,True,0.8500000000000001,0.85,0.85,reaction_role_concat,6144,random_forest,False,valid,r2,0.7513244943249502,2,0.1,random,,
condition_recombine_pseudolabel__mult_0.5__sim_0.9__teacher_ridge__seed_4,condition_recombine_pseudolabel,0.5,0.9,ridge,4,316,62,1.1962025316455696,True,0.8500000000000001,0.85,0.85,reaction_role_concat,6144,random_forest,False,valid,spearman,0.8786821554470173,2,0.1,random,,
condition_recombine_pseudolabel__mult_0.5__sim_0.9__teacher_rf__seed_0,condition_recombine_pseudolabel,0.5,0.9,random_forest,0,316,51,1.1613924050632911,True,0.85,0.85,0.85,reaction_role_concat,6144,random_forest,False,valid,rmse,14.216207882910672,2,0.1,random,,
condition_recombine_pseudolabel__mult_0.5__sim_0.9__teacher_rf__seed_0,condition_recombine_pseudolabel,0.5,0.9,random_forest,0,316,51,1.1613924050632911,True,0.85,0.85,0.85,reaction_role_concat,6144,random_forest,False,valid,mae,10.201004890017117,2,0.1,random,,
condition_recombine_pseudolabel__mult_0.5__sim_0.9__teacher_rf__seed_0,condition_recombine_pseudolabel,0.5,0.9,random_forest,0,316,51,1.1613924050632911,True,0.85,0.85,0.85,reaction_role_concat,6144,random_forest,False,valid,r2,0.747082182600034,2,0.1,random,,
condition_recombine_pseudolabel__mult_0.5__sim_0.9__teacher_rf__seed_0,condition_recombine_pseudolabel,0.5,0.9,random_forest,0,316,51,1.1613924050632911,True,0.85,0.85,0.85,reaction_role_concat,6144,random_forest,False,valid,spearman,0.8768869072708072,2,0.1,random,,
condition_recombine_pseudolabel__mult_0.5__sim_0.9__teacher_rf__seed_1,condition_recombine_pseudolabel,0.5,0.9,random_forest,1,316,62,1.1962025316455696,True,0.8500000000000001,0.85,0.85,reaction_role_concat,6144,random_forest,False,valid,rmse,14.344466891014767,2,0.1,random,,
condition_recombine_pseudolabel__mult_0.5__sim_0.9__teacher_rf__seed_1,condition_recombine_pseudolabel,0.5,0.9,random_forest,1,316,62,1.1962025316455696,True,0.8500000000000001,0.85,0.85,reaction_role_concat,6144,random_forest,False,valid,mae,10.38081678387485,2,0.1,random,,
condition_recombine_pseudolabel__mult_0.5__sim_0.9__teacher_rf__seed_1,condition_recombine_pseudolabel,0.5,0.9,random_forest,1,316,62,1.1962025316455696,True,0.8500000000000001,0.85,0.85,reaction_role_concat,6144,random_forest,False,valid,r2,0.7424979332178071,2,0.1,random,,
condition_recombine_pseudolabel__mult_0.5__sim_0.9__teacher_rf__seed_1,condition_recombine_pseudolabel,0.5,0.9,random_forest,1,316,62,1.1962025316455696,True,0.8500000000000001,0.85,0.85,reaction_role_concat,6144,random_forest,False,valid,spearman,0.8770531303472223,2,0.1,random,,
condition_recombine_pseudolabel__mult_0.5__sim_0.9__teacher_rf__seed_2,condition_recombine_pseudolabel,0.5,0.9,random_forest,2,316,47,1.1487341772151898,True,0.8500000000000002,0.85,0.85,reaction_role_concat,6144,random_forest,False,valid,rmse,14.339194530356384,2,0.1,random,,
condition_recombine_pseudolabel__mult_0.5__sim_0.9__teacher_rf__seed_2,condition_recombine_pseudolabel,0.5,0.9,random_forest,2,316,47,1.1487341772151898,True,0.8500000000000002,0.85,0.85,reaction_role_concat,6144,random_forest,False,valid,mae,10.313309956940667,2,0.1,random,,
condition_recombine_pseudolabel__mult_0.5__sim_0.9__teacher_rf__seed_2,condition_recombine_pseudolabel,0.5,0.9,random_forest,2,316,47,1.1487341772151898,True,0.8500000000000002,0.85,0.85,reaction_role_concat,6144,random_forest,False,valid,r2,0.7426871900613317,2,0.1,random,,
condition_recombine_pseudolabel__mult_0.5__sim_0.9__teacher_rf__seed_2,condition_recombine_pseudolabel,0.5,0.9,random_forest,2,316,47,1.1487341772151898,True,0.8500000000000002,0.85,0.85,reaction_role_concat,6144,random_forest,False,valid,spearman,0.8762532730832069,2,0.1,random,,
condition_recombine_pseudolabel__mult_0.5__sim_0.9__teacher_rf__seed_3,condition_recombine_pseudolabel,0.5,0.9,random_forest,3,316,56,1.1772151898734178,True,0.8499999999999999,0.85,0.85,reaction_role_concat,6144,random_forest,False,valid,rmse,14.035842346528286,2,0.1,random,,
condition_recombine_pseudolabel__mult_0.5__sim_0.9__teacher_rf__seed_3,condition_recombine_pseudolabel,0.5,0.9,random_forest,3,316,56,1.1772151898734178,True,0.8499999999999999,0.85,0.85,reaction_role_concat,6144,random_forest,False,valid,mae,10.04899503771112,2,0.1,random,,
condition_recombine_pseudolabel__mult_0.5__sim_0.9__teacher_rf__seed_3,condition_recombine_pseudolabel,0.5,0.9,random_forest,3,316,56,1.1772151898734178,True,0.8499999999999999,0.85,0.85,reaction_role_concat,6144,random_forest,False,valid,r2,0.7534591679854507,2,0.1,random,,
condition_recombine_pseudolabel__mult_0.5__sim_0.9__teacher_rf__seed_3,condition_recombine_pseudolabel,0.5,0.9,random_forest,3,316,56,1.1772151898734178,True,0.8499999999999999,0.85,0.85,reaction_role_concat,6144,random_forest,False,valid,spearman,0.8786369723729363,2,0.1,random,,
condition_recombine_pseudolabel__mult_0.5__sim_0.9__teacher_rf__seed_4,condition_recombine_pseudolabel,0.5,0.9,random_forest,4,316,62,1.1962025316455696,True,0.8500000000000001,0.85,0.85,reaction_role_concat,6144,random_forest,False,valid,rmse,14.32832142806007,2,0.1,random,,
condition_recombine_pseudolabel__mult_0.5__sim_0.9__teacher_rf__seed_4,condition_recombine_pseudolabel,0.5,0.9,random_forest,4,316,62,1.1962025316455696,True,0.8500000000000001,0.85,0.85,reaction_role_concat,6144,random_forest,False,valid,mae,10.279906511053253,2,0.1,random,,
condition_recombine_pseudolabel__mult_0.5__sim_0.9__teacher_rf__seed_4,condition_recombine_pseudolabel,0.5,0.9,random_forest,4,316,62,1.1962025316455696,True,0.8500000000000001,0.85,0.85,reaction_role_concat,6144,random_forest,False,valid,r2,0.7430772716307419,2,0.1,random,,
condition_recombine_pseudolabel__mult_0.5__sim_0.9__teacher_rf__seed_4,condition_recombine_pseudolabel,0.5,0.9,random_forest,4,316,62,1.1962025316455696,True,0.8500000000000001,0.85,0.85,reaction_role_concat,6144,random_forest,False,valid,spearman,0.8754572135344697,2,0.1,random,,
condition_recombine_pseudolabel__mult_0.5__sim_0.95__teacher_ridge__seed_0,condition_recombine_pseudolabel,0.5,0.95,ridge,0,316,0,1.0,True,,,,reaction_role_concat,6144,random_forest,False,valid,rmse,14.101153008847355,2,0.1,random,,
condition_recombine_pseudolabel__mult_0.5__sim_0.95__teacher_ridge__seed_0,condition_recombine_pseudolabel,0.5,0.95,ridge,0,316,0,1.0,True,,,,reaction_role_concat,6144,random_forest,False,valid,mae,10.215592575794533,2,0.1,random,,
condition_recombine_pseudolabel__mult_0.5__sim_0.95__teacher_ridge__seed_0,condition_recombine_pseudolabel,0.5,0.95,ridge,0,316,0,1.0,True,,,,reaction_role_concat,6144,random_forest,False,valid,r2,0.7511594546626889,2,0.1,random,,
condition_recombine_pseudolabel__mult_0.5__sim_0.95__teacher_ridge__seed_0,condition_recombine_pseudolabel,0.5,0.95,ridge,0,316,0,1.0,True,,,,reaction_role_concat,6144,random_forest,False,valid,spearman,0.8785523514863487,2,0.1,random,,
condition_recombine_pseudolabel__mult_0.5__sim_0.95__teacher_ridge__seed_1,condition_recombine_pseudolabel,0.5,0.95,ridge,1,316,0,1.0,True,,,,reaction_role_concat,6144,random_forest,False,valid,rmse,14.101153008847355,2,0.1,random,,
condition_recombine_pseudolabel__mult_0.5__sim_0.95__teacher_ridge__seed_1,condition_recombine_pseudolabel,0.5,0.95,ridge,1,316,0,1.0,True,,,,reaction_role_concat,6144,random_forest,False,valid,mae,10.215592575794533,2,0.1,random,,
condition_recombine_pseudolabel__mult_0.5__sim_0.95__teacher_ridge__seed_1,condition_recombine_pseudolabel,0.5,0.95,ridge,1,316,0,1.0,True,,,,reaction_role_concat,6144,random_forest,False,valid,r2,0.7511594546626889,2,0.1,random,,
condition_recombine_pseudolabel__mult_0.5__sim_0.95__teacher_ridge__seed_1,condition_recombine_pseudolabel,0.5,0.95,ridge,1,316,0,1.0,True,,,,reaction_role_concat,6144,random_forest,False,valid,spearman,0.8785523514863487,2,0.1,random,,
condition_recombine_pseudolabel__mult_0.5__sim_0.95__teacher_ridge__seed_2,condition_recombine_pseudolabel,0.5,0.95,ridge,2,316,0,1.0,True,,,,reaction_role_concat,6144,random_forest,False,valid,rmse,14.101153008847355,2,0.1,random,,
condition_recombine_pseudolabel__mult_0.5__sim_0.95__teacher_ridge__seed_2,condition_recombine_pseudolabel,0.5,0.95,ridge,2,316,0,1.0,True,,,,reaction_role_concat,6144,random_forest,False,valid,mae,10.215592575794533,2,0.1,random,,
condition_recombine_pseudolabel__mult_0.5__sim_0.95__teacher_ridge__seed_2,condition_recombine_pseudolabel,0.5,0.95,ridge,2,316,0,1.0,True,,,,reaction_role_concat,6144,random_forest,False,valid,r2,0.7511594546626889,2,0.1,random,,
condition_recombine_pseudolabel__mult_0.5__sim_0.95__teacher_ridge__seed_2,condition_recombine_pseudolabel,0.5,0.95,ridge,2,316,0,1.0,True,,,,reaction_role_concat,6144,random_forest,False,valid,spearman,0.8785523514863487,2,0.1,random,,
condition_recombine_pseudolabel__mult_0.5__sim_0.95__teacher_ridge__seed_3,condition_recombine_pseudolabel,0.5,0.95,ridge,3,316,0,1.0,True,,,,reaction_role_concat,6144,random_forest,False,valid,rmse,14.101153008847355,2,0.1,random,,
condition_recombine_pseudolabel__mult_0.5__sim_0.95__teacher_ridge__seed_3,condition_recombine_pseudolabel,0.5,0.95,ridge,3,316,0,1.0,True,,,,reaction_role_concat,6144,random_forest,False,valid,mae,10.215592575794533,2,0.1,random,,
condition_recombine_pseudolabel__mult_0.5__sim_0.95__teacher_ridge__seed_3,condition_recombine_pseudolabel,0.5,0.95,ridge,3,316,0,1.0,True,,,,reaction_role_concat,6144,random_forest,False,valid,r2,0.7511594546626889,2,0.1,random,,
condition_recombine_pseudolabel__mult_0.5__sim_0.95__teacher_ridge__seed_3,condition_recombine_pseudolabel,0.5,0.95,ridge,3,316,0,1.0,True,,,,reaction_role_concat,6144,random_forest,False,valid,spearman,0.8785523514863487,2,0.1,random,,
condition_recombine_pseudolabel__mult_0.5__sim_0.95__teacher_ridge__seed_4,condition_recombine_pseudolabel,0.5,0.95,ridge,4,316,0,1.0,True,,,,reaction_role_concat,6144,random_forest,False,valid,rmse,14.101153008847355,2,0.1,random,,
condition_recombine_pseudolabel__mult_0.5__sim_0.95__teacher_ridge__seed_4,condition_recombine_pseudolabel,0.5,0.95,ridge,4,316,0,1.0,True,,,,reaction_role_concat,6144,random_forest,False,valid,mae,10.215592575794533,2,0.1,random,,
condition_recombine_pseudolabel__mult_0.5__sim_0.95__teacher_ridge__seed_4,condition_recombine_pseudolabel,0.5,0.95,ridge,4,316,0,1.0,True,,,,reaction_role_concat,6144,random_forest,False,valid,r2,0.7511594546626889,2,0.1,random,,
condition_recombine_pseudolabel__mult_0.5__sim_0.95__teacher_ridge__seed_4,condition_recombine_pseudolabel,0.5,0.95,ridge,4,316,0,1.0,True,,,,reaction_role_concat,6144,random_forest,False,valid,spearman,0.8785523514863487,2,0.1,random,,
condition_recombine_pseudolabel__mult_0.5__sim_0.95__teacher_rf__seed_0,condition_recombine_pseudolabel,0.5,0.95,random_forest,0,316,0,1.0,True,,,,reaction_role_concat,6144,random_forest,False,valid,rmse,14.101153008847355,2,0.1,random,,
condition_recombine_pseudolabel__mult_0.5__sim_0.95__teacher_rf__seed_0,condition_recombine_pseudolabel,0.5,0.95,random_forest,0,316,0,1.0,True,,,,reaction_role_concat,6144,random_forest,False,valid,mae,10.215592575794533,2,0.1,random,,
condition_recombine_pseudolabel__mult_0.5__sim_0.95__teacher_rf__seed_0,condition_recombine_pseudolabel,0.5,0.95,random_forest,0,316,0,1.0,True,,,,reaction_role_concat,6144,random_forest,False,valid,r2,0.7511594546626889,2,0.1,random,,
condition_recombine_pseudolabel__mult_0.5__sim_0.95__teacher_rf__seed_0,condition_recombine_pseudolabel,0.5,0.95,random_forest,0,316,0,1.0,True,,,,reaction_role_concat,6144,random_forest,False,valid,spearman,0.8785523514863487,2,0.1,random,,
condition_recombine_pseudolabel__mult_0.5__sim_0.95__teacher_rf__seed_1,condition_recombine_pseudolabel,0.5,0.95,random_forest,1,316,0,1.0,True,,,,reaction_role_concat,6144,random_forest,False,valid,rmse,14.101153008847355,2,0.1,random,,
condition_recombine_pseudolabel__mult_0.5__sim_0.95__teacher_rf__seed_1,condition_recombine_pseudolabel,0.5,0.95,random_forest,1,316,0,1.0,True,,,,reaction_role_concat,6144,random_forest,False,valid,mae,10.215592575794533,2,0.1,random,,
condition_recombine_pseudolabel__mult_0.5__sim_0.95__teacher_rf__seed_1,condition_recombine_pseudolabel,0.5,0.95,random_forest,1,316,0,1.0,True,,,,reaction_role_concat,6144,random_forest,False,valid,r2,0.7511594546626889,2,0.1,random,,
condition_recombine_pseudolabel__mult_0.5__sim_0.95__teacher_rf__seed_1,condition_recombine_pseudolabel,0.5,0.95,random_forest,1,316,0,1.0,True,,,,reaction_role_concat,6144,random_forest,False,valid,spearman,0.8785523514863487,2,0.1,random,,
condition_recombine_pseudolabel__mult_0.5__sim_0.95__teacher_rf__seed_2,condition_recombine_pseudolabel,0.5,0.95,random_forest,2,316,0,1.0,True,,,,reaction_role_concat,6144,random_forest,False,valid,rmse,14.101153008847355,2,0.1,random,,
condition_recombine_pseudolabel__mult_0.5__sim_0.95__teacher_rf__seed_2,condition_recombine_pseudolabel,0.5,0.95,random_forest,2,316,0,1.0,True,,,,reaction_role_concat,6144,random_forest,False,valid,mae,10.215592575794533,2,0.1,random,,
condition_recombine_pseudolabel__mult_0.5__sim_0.95__teacher_rf__seed_2,condition_recombine_pseudolabel,0.5,0.95,random_forest,2,316,0,1.0,True,,,,reaction_role_concat,6144,random_forest,False,valid,r2,0.7511594546626889,2,0.1,random,,
condition_recombine_pseudolabel__mult_0.5__sim_0.95__teacher_rf__seed_2,condition_recombine_pseudolabel,0.5,0.95,random_forest,2,316,0,1.0,True,,,,reaction_role_concat,6144,random_forest,False,valid,spearman,0.8785523514863487,2,0.1,random,,
condition_recombine_pseudolabel__mult_0.5__sim_0.95__teacher_rf__seed_3,condition_recombine_pseudolabel,0.5,0.95,random_forest,3,316,0,1.0,True,,,,reaction_role_concat,6144,random_forest,False,valid,rmse,14.101153008847355,2,0.1,random,,
condition_recombine_pseudolabel__mult_0.5__sim_0.95__teacher_rf__seed_3,condition_recombine_pseudolabel,0.5,0.95,random_forest,3,316,0,1.0,True,,,,reaction_role_concat,6144,random_forest,False,valid,mae,10.215592575794533,2,0.1,random,,
condition_recombine_pseudolabel__mult_0.5__sim_0.95__teacher_rf__seed_3,condition_recombine_pseudolabel,0.5,0.95,random_forest,3,316,0,1.0,True,,,,reaction_role_concat,6144,random_forest,False,valid,r2,0.7511594546626889,2,0.1,random,,
condition_recombine_pseudolabel__mult_0.5__sim_0.95__teacher_rf__seed_3,condition_recombine_pseudolabel,0.5,0.95,random_forest,3,316,0,1.0,True,,,,reaction_role_concat,6144,random_forest,False,valid,spearman,0.8785523514863487,2,0.1,random,,
condition_recombine_pseudolabel__mult_0.5__sim_0.95__teacher_rf__seed_4,condition_recombine_pseudolabel,0.5,0.95,random_forest,4,316,0,1.0,True,,,,reaction_role_concat,6144,random_forest,False,valid,rmse,14.101153008847355,2,0.1,random,,
condition_recombine_pseudolabel__mult_0.5__sim_0.95__teacher_rf__seed_4,condition_recombine_pseudolabel,0.5,0.95,random_forest,4,316,0,1.0,True,,,,reaction_role_concat,6144,random_forest,False,valid,mae,10.215592575794533,2,0.1,random,,
condition_recombine_pseudolabel__mult_0.5__sim_0.95__teacher_rf__seed_4,condition_recombine_pseudolabel,0.5,0.95,random_forest,4,316,0,1.0,True,,,,reaction_role_concat,6144,random_forest,False,valid,r2,0.7511594546626889,2,0.1,random,,
condition_recombine_pseudolabel__mult_0.5__sim_0.95__teacher_rf__seed_4,condition_recombine_pseudolabel,0.5,0.95,random_forest,4,316,0,1.0,True,,,,reaction_role_concat,6144,random_forest,False,valid,spearman,0.8785523514863487,2,0.1,random,,
condition_recombine_pseudolabel__mult_1__sim_0.7__teacher_ridge__seed_0,condition_recombine_pseudolabel,1.0,0.7,ridge,0,316,316,2.0,True,0.8431064422749264,0.7770700454711914,0.85,reaction_role_concat,6144,random_forest,False,valid,rmse,14.208546771141826,2,0.1,random,,
condition_recombine_pseudolabel__mult_1__sim_0.7__teacher_ridge__seed_0,condition_recombine_pseudolabel,1.0,0.7,ridge,0,316,316,2.0,True,0.8431064422749264,0.7770700454711914,0.85,reaction_role_concat,6144,random_forest,False,valid,mae,10.985542037032827,2,0.1,random,,
condition_recombine_pseudolabel__mult_1__sim_0.7__teacher_ridge__seed_0,condition_recombine_pseudolabel,1.0,0.7,ridge,0,316,316,2.0,True,0.8431064422749264,0.7770700454711914,0.85,reaction_role_concat,6144,random_forest,False,valid,r2,0.7473547038783829,2,0.1,random,,
condition_recombine_pseudolabel__mult_1__sim_0.7__teacher_ridge__seed_0,condition_recombine_pseudolabel,1.0,0.7,ridge,0,316,316,2.0,True,0.8431064422749264,0.7770700454711914,0.85,reaction_role_concat,6144,random_forest,False,valid,spearman,0.8761627121804146,2,0.1,random,,
condition_recombine_pseudolabel__mult_1__sim_0.7__teacher_ridge__seed_1,condition_recombine_pseudolabel,1.0,0.7,ridge,1,316,316,2.0,True,0.842733636649349,0.7712418437004089,0.85,reaction_role_concat,6144,random_forest,False,valid,rmse,13.91585170944328,2,0.1,random,,
condition_recombine_pseudolabel__mult_1__sim_0.7__teacher_ridge__seed_1,condition_recombine_pseudolabel,1.0,0.7,ridge,1,316,316,2.0,True,0.842733636649349,0.7712418437004089,0.85,reaction_role_concat,6144,random_forest,False,valid,mae,10.918140384740468,2,0.1,random,,
condition_recombine_pseudolabel__mult_1__sim_0.7__teacher_ridge__seed_1,condition_recombine_pseudolabel,1.0,0.7,ridge,1,316,316,2.0,True,0.842733636649349,0.7712418437004089,0.85,reaction_role_concat,6144,random_forest,False,valid,r2,0.7576564426286363,2,0.1,random,,
condition_recombine_pseudolabel__mult_1__sim_0.7__teacher_ridge__seed_1,condition_recombine_pseudolabel,1.0,0.7,ridge,1,316,316,2.0,True,0.842733636649349,0.7712418437004089,0.85,reaction_role_concat,6144,random_forest,False,valid,spearman,0.8871927380085504,2,0.1,random,,
condition_recombine_pseudolabel__mult_1__sim_0.7__teacher_ridge__seed_2,condition_recombine_pseudolabel,1.0,0.7,ridge,2,316,316,2.0,True,0.8434614572343944,0.7612903118133545,0.85,reaction_role_concat,6144,random_forest,False,valid,rmse,14.546969381960835,2,0.1,random,,
condition_recombine_pseudolabel__mult_1__sim_0.7__teacher_ridge__seed_2,condition_recombine_pseudolabel,1.0,0.7,ridge,2,316,316,2.0,True,0.8434614572343944,0.7612903118133545,0.85,reaction_role_concat,6144,random_forest,False,valid,mae,11.161637998715987,2,0.1,random,,
condition_recombine_pseudolabel__mult_1__sim_0.7__teacher_ridge__seed_2,condition_recombine_pseudolabel,1.0,0.7,ridge,2,316,316,2.0,True,0.8434614572343944,0.7612903118133545,0.85,reaction_role_concat,6144,random_forest,False,valid,r2,0.7351762422146448,2,0.1,random,,
condition_recombine_pseudolabel__mult_1__sim_0.7__teacher_ridge__seed_2,condition_recombine_pseudolabel,1.0,0.7,ridge,2,316,316,2.0,True,0.8434614572343944,0.7612903118133545,0.85,reaction_role_concat,6144,random_forest,False,valid,spearman,0.8757580120599803,2,0.1,random,,
condition_recombine_pseudolabel__mult_1__sim_0.7__teacher_ridge__seed_3,condition_recombine_pseudolabel,1.0,0.7,ridge,3,316,316,2.0,True,0.8419213944598088,0.772455096244812,0.85,reaction_role_concat,6144,random_forest,False,valid,rmse,14.411096389559356,2,0.1,random,,
condition_recombine_pseudolabel__mult_1__sim_0.7__teacher_ridge__seed_3,condition_recombine_pseudolabel,1.0,0.7,ridge,3,316,316,2.0,True,0.8419213944598088,0.772455096244812,0.85,reaction_role_concat,6144,random_forest,False,valid,mae,11.177382155635689,2,0.1,random,,
condition_recombine_pseudolabel__mult_1__sim_0.7__teacher_ridge__seed_3,condition_recombine_pseudolabel,1.0,0.7,ridge,3,316,316,2.0,True,0.8419213944598088,0.772455096244812,0.85,reaction_role_concat,6144,random_forest,False,valid,r2,0.7401002029904619,2,0.1,random,,
condition_recombine_pseudolabel__mult_1__sim_0.7__teacher_ridge__seed_3,condition_recombine_pseudolabel,1.0,0.7,ridge,3,316,316,2.0,True,0.8419213944598088,0.772455096244812,0.85,reaction_role_concat,6144,random_forest,False,valid,spearman,0.873743664925402,2,0.1,random,,
condition_recombine_pseudolabel__mult_1__sim_0.7__teacher_ridge__seed_4,condition_recombine_pseudolabel,1.0,0.7,ridge,4,316,316,2.0,True,0.8422967607839195,0.7710843086242676,0.85,reaction_role_concat,6144,random_forest,False,valid,rmse,14.195841825199572,2,0.1,random,,
condition_recombine_pseudolabel__mult_1__sim_0.7__teacher_ridge__seed_4,condition_recombine_pseudolabel,1.0,0.7,ridge,4,316,316,2.0,True,0.8422967607839195,0.7710843086242676,0.85,reaction_role_concat,6144,random_forest,False,valid,mae,10.776270670179324,2,0.1,random,,
condition_recombine_pseudolabel__mult_1__sim_0.7__teacher_ridge__seed_4,condition_recombine_pseudolabel,1.0,0.7,ridge,4,316,316,2.0,True,0.8422967607839195,0.7710843086242676,0.85,reaction_role_concat,6144,random_forest,False,valid,r2,0.747806320753474,2,0.1,random,,
condition_recombine_pseudolabel__mult_1__sim_0.7__teacher_ridge__seed_4,condition_recombine_pseudolabel,1.0,0.7,ridge,4,316,316,2.0,True,0.8422967607839195,0.7710843086242676,0.85,reaction_role_concat,6144,random_forest,False,valid,spearman,0.8797781371254317,2,0.1,random,,
condition_recombine_pseudolabel__mult_1__sim_0.7__teacher_rf__seed_0,condition_recombine_pseudolabel,1.0,0.7,random_forest,0,316,316,2.0,True,0.8431064422749264,0.7770700454711914,0.85,reaction_role_concat,6144,random_forest,False,valid,rmse,14.205028046052112,2,0.1,random,,
condition_recombine_pseudolabel__mult_1__sim_0.7__teacher_rf__seed_0,condition_recombine_pseudolabel,1.0,0.7,random_forest,0,316,316,2.0,True,0.8431064422749264,0.7770700454711914,0.85,reaction_role_concat,6144,random_forest,False,valid,mae,10.318820190224843,2,0.1,random,,
condition_recombine_pseudolabel__mult_1__sim_0.7__teacher_rf__seed_0,condition_recombine_pseudolabel,1.0,0.7,random_forest,0,316,316,2.0,True,0.8431064422749264,0.7770700454711914,0.85,reaction_role_concat,6144,random_forest,False,valid,r2,0.7474798228336351,2,0.1,random,,
condition_recombine_pseudolabel__mult_1__sim_0.7__teacher_rf__seed_0,condition_recombine_pseudolabel,1.0,0.7,random_forest,0,316,316,2.0,True,0.8431064422749264,0.7770700454711914,0.85,reaction_role_concat,6144,random_forest,False,valid,spearman,0.8776595962639852,2,0.1,random,,
condition_recombine_pseudolabel__mult_1__sim_0.7__teacher_rf__seed_1,condition_recombine_pseudolabel,1.0,0.7,random_forest,1,316,316,2.0,True,0.842733636649349,0.7712418437004089,0.85,reaction_role_concat,6144,random_forest,False,valid,rmse,14.221749378801604,2,0.1,random,,
condition_recombine_pseudolabel__mult_1__sim_0.7__teacher_rf__seed_1,condition_recombine_pseudolabel,1.0,0.7,random_forest,1,316,316,2.0,True,0.842733636649349,0.7712418437004089,0.85,reaction_role_concat,6144,random_forest,False,valid,mae,10.23363820957647,2,0.1,random,,
condition_recombine_pseudolabel__mult_1__sim_0.7__teacher_rf__seed_1,condition_recombine_pseudolabel,1.0,0.7,random_forest,1,316,316,2.0,True,0.842733636649349,0.7712418437004089,0.85,reaction_role_concat,6144,random_forest,False,valid,r2,0.7468849687974446,2,0.1,random,,
condition_recombine_pseudolabel__mult_1__sim_0.7__teacher_rf__seed_1,condition_recombine_pseudolabel,1.0,0.7,random_forest,1,316,316,2.0,True,0.842733636649349,0.7712418437004089,0.85,reaction_role_concat,6144,random_forest,False,valid,spearman,0.876685628361053,2,0.1,random,,
condition_recombine_pseudolabel__mult_1__sim_0.7__teacher_rf__seed_2,condition_recombine_pseudolabel,1.0,0.7,random_forest,2,316,316,2.0,True,0.8434614572343944,0.7612903118133545,0.85,reaction_role_concat,6144,random_forest,False,valid,rmse,14.480704311588092,2,0.1,random,,
condition_recombine_pseudolabel__mult_1__sim_0.7__teacher_rf__seed_2,condition_recombine_pseudolabel,1.0,0.7,random_forest,2,316,316,2.0,True,0.8434614572343944,0.7612903118133545,0.85,reaction_role_concat,6144,random_forest,False,valid,mae,10.351864302103278,2,0.1,random,,
condition_recombine_pseudolabel__mult_1__sim_0.7__teacher_rf__seed_2,condition_recombine_pseudolabel,1.0,0.7,random_forest,2,316,316,2.0,True,0.8434614572343944,0.7612903118133545,0.85,reaction_role_concat,6144,random_forest,False,valid,r2,0.7375834234553889,2,0.1,random,,
condition_recombine_pseudolabel__mult_1__sim_0.7__teacher_rf__seed_2,condition_recombine_pseudolabel,1.0,0.7,random_forest,2,316,316,2.0,True,0.8434614572343944,0.7612903118133545,0.85,reaction_role_concat,6144,random_forest,False,valid,spearman,0.8764870760161143,2,0.1,random,,
condition_recombine_pseudolabel__mult_1__sim_0.7__teacher_rf__seed_3,condition_recombine_pseudolabel,1.0,0.7,random_forest,3,316,316,2.0,True,0.8419213944598088,0.772455096244812,0.85,reaction_role_concat,6144,random_forest,False,valid,rmse,13.889471097556626,2,0.1,random,,
condition_recombine_pseudolabel__mult_1__sim_0.7__teacher_rf__seed_3,condition_recombine_pseudolabel,1.0,0.7,random_forest,3,316,316,2.0,True,0.8419213944598088,0.772455096244812,0.85,reaction_role_concat,6144,random_forest,False,valid,mae,10.005152360666779,2,0.1,random,,
condition_recombine_pseudolabel__mult_1__sim_0.7__teacher_rf__seed_3,condition_recombine_pseudolabel,1.0,0.7,random_forest,3,316,316,2.0,True,0.8419213944598088,0.772455096244812,0.85,reaction_role_concat,6144,random_forest,False,valid,r2,0.7585744046219001,2,0.1,random,,
condition_recombine_pseudolabel__mult_1__sim_0.7__teacher_rf__seed_3,condition_recombine_pseudolabel,1.0,0.7,random_forest,3,316,316,2.0,True,0.8419213944598088,0.772455096244812,0.85,reaction_role_concat,6144,random_forest,False,valid,spearman,0.883688225825125,2,0.1,random,,
condition_recombine_pseudolabel__mult_1__sim_0.7__teacher_rf__seed_4,condition_recombine_pseudolabel,1.0,0.7,random_forest,4,316,316,2.0,True,0.8422967607839195,0.7710843086242676,0.85,reaction_role_concat,6144,random_forest,False,valid,rmse,14.490813275585907,2,0.1,random,,
condition_recombine_pseudolabel__mult_1__sim_0.7__teacher_rf__seed_4,condition_recombine_pseudolabel,1.0,0.7,random_forest,4,316,316,2.0,True,0.8422967607839195,0.7710843086242676,0.85,reaction_role_concat,6144,random_forest,False,valid,mae,10.382569227298038,2,0.1,random,,
condition_recombine_pseudolabel__mult_1__sim_0.7__teacher_rf__seed_4,condition_recombine_pseudolabel,1.0,0.7,random_forest,4,316,316,2.0,True,0.8422967607839195,0.7710843086242676,0.85,reaction_role_concat,6144,random_forest,False,valid,r2,0.7372169101129484,2,0.1,random,,
condition_recombine_pseudolabel__mult_1__sim_0.7__teacher_rf__seed_4,condition_recombine_pseudolabel,1.0,0.7,random_forest,4,316,316,2.0,True,0.8422967607839195,0.7710843086242676,0.85,reaction_role_concat,6144,random_forest,False,valid,spearman,0.8755801037057854,2,0.1,random,,
condition_recombine_pseudolabel__mult_1__sim_0.8__teacher_ridge__seed_0,condition_recombine_pseudolabel,1.0,0.8,ridge,0,316,308,1.9746835443037976,True,0.8444701352289743,0.800000011920929,0.85,reaction_role_concat,6144,random_forest,False,valid,rmse,14.220745602461305,2,0.1,random,,
condition_recombine_pseudolabel__mult_1__sim_0.8__teacher_ridge__seed_0,condition_recombine_pseudolabel,1.0,0.8,ridge,0,316,308,1.9746835443037976,True,0.8444701352289743,0.800000011920929,0.85,reaction_role_concat,6144,random_forest,False,valid,mae,11.062633032348339,2,0.1,random,,
condition_recombine_pseudolabel__mult_1__sim_0.8__teacher_ridge__seed_0,condition_recombine_pseudolabel,1.0,0.8,ridge,0,316,308,1.9746835443037976,True,0.8444701352289743,0.800000011920929,0.85,reaction_role_concat,6144,random_forest,False,valid,r2,0.7469206974418918,2,0.1,random,,
condition_recombine_pseudolabel__mult_1__sim_0.8__teacher_ridge__seed_0,condition_recombine_pseudolabel,1.0,0.8,ridge,0,316,308,1.9746835443037976,True,0.8444701352289743,0.800000011920929,0.85,reaction_role_concat,6144,random_forest,False,valid,spearman,0.8761227874813343,2,0.1,random,,
condition_recombine_pseudolabel__mult_1__sim_0.8__teacher_ridge__seed_1,condition_recombine_pseudolabel,1.0,0.8,ridge,1,316,307,1.9715189873417722,True,0.8443563265598557,0.800000011920929,0.85,reaction_role_concat,6144,random_forest,False,valid,rmse,14.10543282849789,2,0.1,random,,
condition_recombine_pseudolabel__mult_1__sim_0.8__teacher_ridge__seed_1,condition_recombine_pseudolabel,1.0,0.8,ridge,1,316,307,1.9715189873417722,True,0.8443563265598557,0.800000011920929,0.85,reaction_role_concat,6144,random_forest,False,valid,mae,11.060594689047033,2,0.1,random,,
condition_recombine_pseudolabel__mult_1__sim_0.8__teacher_ridge__seed_1,condition_recombine_pseudolabel,1.0,0.8,ridge,1,316,307,1.9715189873417722,True,0.8443563265598557,0.800000011920929,0.85,reaction_role_concat,6144,random_forest,False,valid,r2,0.7510083813040391,2,0.1,random,,
condition_recombine_pseudolabel__mult_1__sim_0.8__teacher_ridge__seed_1,condition_recombine_pseudolabel,1.0,0.8,ridge,1,316,307,1.9715189873417722,True,0.8443563265598557,0.800000011920929,0.85,reaction_role_concat,6144,random_forest,False,valid,spearman,0.8837566820774506,2,0.1,random,,
condition_recombine_pseudolabel__mult_1__sim_0.8__teacher_ridge__seed_2,condition_recombine_pseudolabel,1.0,0.8,ridge,2,316,308,1.9746835443037976,True,0.8449882370697984,0.800000011920929,0.85,reaction_role_concat,6144,random_forest,False,valid,rmse,14.721456465723598,2,0.1,random,,
condition_recombine_pseudolabel__mult_1__sim_0.8__teacher_ridge__seed_2,condition_recombine_pseudolabel,1.0,0.8,ridge,2,316,308,1.9746835443037976,True,0.8449882370697984,0.800000011920929,0.85,reaction_role_concat,6144,random_forest,False,valid,mae,11.297502446776702,2,0.1,random,,
condition_recombine_pseudolabel__mult_1__sim_0.8__teacher_ridge__seed_2,condition_recombine_pseudolabel,1.0,0.8,ridge,2,316,308,1.9746835443037976,True,0.8449882370697984,0.800000011920929,0.85,reaction_role_concat,6144,random_forest,False,valid,r2,0.7287851579469335,2,0.1,random,,
condition_recombine_pseudolabel__mult_1__sim_0.8__teacher_ridge__seed_2,condition_recombine_pseudolabel,1.0,0.8,ridge,2,316,308,1.9746835443037976,True,0.8449882370697984,0.800000011920929,0.85,reaction_role_concat,6144,random_forest,False,valid,spearman,0.874360355460222,2,0.1,random,,
condition_recombine_pseudolabel__mult_1__sim_0.8__teacher_ridge__seed_3,condition_recombine_pseudolabel,1.0,0.8,ridge,3,316,309,1.9778481012658229,True,0.843194645855419,0.800000011920929,0.85,reaction_role_concat,6144,random_forest,False,valid,rmse,14.385321457465981,2,0.1,random,,
condition_recombine_pseudolabel__mult_1__sim_0.8__teacher_ridge__seed_3,condition_recombine_pseudolabel,1.0,0.8,ridge,3,316,309,1.9778481012658229,True,0.843194645855419,0.800000011920929,0.85,reaction_role_concat,6144,random_forest,False,valid,mae,11.10951175495869,2,0.1,random,,
condition_recombine_pseudolabel__mult_1__sim_0.8__teacher_ridge__seed_3,condition_recombine_pseudolabel,1.0,0.8,ridge,3,316,309,1.9778481012658229,True,0.843194645855419,0.800000011920929,0.85,reaction_role_concat,6144,random_forest,False,valid,r2,0.7410290579210804,2,0.1,random,,
condition_recombine_pseudolabel__mult_1__sim_0.8__teacher_ridge__seed_3,condition_recombine_pseudolabel,1.0,0.8,ridge,3,316,309,1.9778481012658229,True,0.843194645855419,0.800000011920929,0.85,reaction_role_concat,6144,random_forest,False,valid,spearman,0.8744766239741292,2,0.1,random,,
condition_recombine_pseudolabel__mult_1__sim_0.8__teacher_ridge__seed_4,condition_recombine_pseudolabel,1.0,0.8,ridge,4,316,306,1.9683544303797469,True,0.8439562014115402,0.800000011920929,0.85,reaction_role_concat,6144,random_forest,False,valid,rmse,14.191360677766312,2,0.1,random,,
condition_recombine_pseudolabel__mult_1__sim_0.8__teacher_ridge__seed_4,condition_recombine_pseudolabel,1.0,0.8,ridge,4,316,306,1.9683544303797469,True,0.8439562014115402,0.800000011920929,0.85,reaction_role_concat,6144,random_forest,False,valid,mae,10.830550195455551,2,0.1,random,,
condition_recombine_pseudolabel__mult_1__sim_0.8__teacher_ridge__seed_4,condition_recombine_pseudolabel,1.0,0.8,ridge,4,316,306,1.9683544303797469,True,0.8439562014115402,0.800000011920929,0.85,reaction_role_concat,6144,random_forest,False,valid,r2,0.7479655136639721,2,0.1,random,,
condition_recombine_pseudolabel__mult_1__sim_0.8__teacher_ridge__seed_4,condition_recombine_pseudolabel,1.0,0.8,ridge,4,316,306,1.9683544303797469,True,0.8439562014115402,0.800000011920929,0.85,reaction_role_concat,6144,random_forest,False,valid,spearman,0.8793348697039334,2,0.1,random,,
condition_recombine_pseudolabel__mult_1__sim_0.8__teacher_rf__seed_0,condition_recombine_pseudolabel,1.0,0.8,random_forest,0,316,308,1.9746835443037976,True,0.8444701352289743,0.800000011920929,0.85,reaction_role_concat,6144,random_forest,False,valid,rmse,14.202385966658145,2,0.1,random,,
condition_recombine_pseudolabel__mult_1__sim_0.8__teacher_rf__seed_0,condition_recombine_pseudolabel,1.0,0.8,random_forest,0,316,308,1.9746835443037976,True,0.8444701352289743,0.800000011920929,0.85,reaction_role_concat,6144,random_forest,False,valid,mae,10.23938761364546,2,0.1,random,,
condition_recombine_pseudolabel__mult_1__sim_0.8__teacher_rf__seed_0,condition_recombine_pseudolabel,1.0,0.8,random_forest,0,316,308,1.9746835443037976,True,0.8444701352289743,0.800000011920929,0.85,reaction_role_concat,6144,random_forest,False,valid,r2,0.747573749619026,2,0.1,random,,
condition_recombine_pseudolabel__mult_1__sim_0.8__teacher_rf__seed_0,condition_recombine_pseudolabel,1.0,0.8,random_forest,0,316,308,1.9746835443037976,True,0.8444701352289743,0.800000011920929,0.85,reaction_role_concat,6144,random_forest,False,valid,spearman,0.8782697625187114,2,0.1,random,,
condition_recombine_pseudolabel__mult_1__sim_0.8__teacher_rf__seed_1,condition_recombine_pseudolabel,1.0,0.8,random_forest,1,316,307,1.9715189873417722,True,0.8443563265598557,0.800000011920929,0.85,reaction_role_concat,6144,random_forest,False,valid,rmse,14.341440240174535,2,0.1,random,,
condition_recombine_pseudolabel__mult_1__sim_0.8__teacher_rf__seed_1,condition_recombine_pseudolabel,1.0,0.8,random_forest,1,316,307,1.9715189873417722,True,0.8443563265598557,0.800000011920929,0.85,reaction_role_concat,6144,random_forest,False,valid,mae,10.322068005290589,2,0.1,random,,
condition_recombine_pseudolabel__mult_1__sim_0.8__teacher_rf__seed_1,condition_recombine_pseudolabel,1.0,0.8,random_forest,1,316,307,1.9715189873417722,True,0.8443563265598557,0.800000011920929,0.85,reaction_role_concat,6144,random_forest,False,valid,r2,0.7426065864888078,2,0.1,random,,
condition_recombine_pseudolabel__mult_1__sim_0.8__teacher_rf__seed_1,condition_recombine_pseudolabel,1.0,0.8,random_forest,1,316,307,1.9715189873417722,True,0.8443563265598557,0.800000011920929,0.85,reaction_role_concat,6144,random_forest,False,valid,spearman,0.8738604203258835,2,0.1,random,,
condition_recombine_pseudolabel__mult_1__sim_0.8__teacher_rf__seed_2,condition_recombine_pseudolabel,1.0,0.8,random_forest,2,316,308,1.9746835443037976,True,0.8449882370697984,0.800000011920929,0.85,reaction_role_concat,6144,random_forest,False,valid,rmse,14.487282571090592,2,0.1,random,,
condition_recombine_pseudolabel__mult_1__sim_0.8__teacher_rf__seed_2,condition_recombine_pseudolabel,1.0,0.8,random_forest,2,316,308,1.9746835443037976,True,0.8449882370697984,0.800000011920929,0.85,reaction_role_concat,6144,random_forest,False,valid,mae,10.396121367343618,2,0.1,random,,
condition_recombine_pseudolabel__mult_1__sim_0.8__teacher_rf__seed_2,condition_recombine_pseudolabel,1.0,0.8,random_forest,2,316,308,1.9746835443037976,True,0.8449882370697984,0.800000011920929,0.85,reaction_role_concat,6144,random_forest,False,valid,r2,0.7373449493593536,2,0.1,random,,
condition_recombine_pseudolabel__mult_1__sim_0.8__teacher_rf__seed_2,condition_recombine_pseudolabel,1.0,0.8,random_forest,2,316,308,1.9746835443037976,True,0.8449882370697984,0.800000011920929,0.85,reaction_role_concat,6144,random_forest,False,valid,spearman,0.8766320708378964,2,0.1,random,,
condition_recombine_pseudolabel__mult_1__sim_0.8__teacher_rf__seed_3,condition_recombine_pseudolabel,1.0,0.8,random_forest,3,316,309,1.9778481012658229,True,0.843194645855419,0.800000011920929,0.85,reaction_role_concat,6144,random_forest,False,valid,rmse,13.956435736921481,2,0.1,random,,
condition_recombine_pseudolabel__mult_1__sim_0.8__teacher_rf__seed_3,condition_recombine_pseudolabel,1.0,0.8,random_forest,3,316,309,1.9778481012658229,True,0.843194645855419,0.800000011920929,0.85,reaction_role_concat,6144,random_forest,False,valid,mae,10.028635000759666,2,0.1,random,,
condition_recombine_pseudolabel__mult_1__sim_0.8__teacher_rf__seed_3,condition_recombine_pseudolabel,1.0,0.8,random_forest,3,316,309,1.9778481012658229,True,0.843194645855419,0.800000011920929,0.85,reaction_role_concat,6144,random_forest,False,valid,r2,0.7562408455754974,2,0.1,random,,
condition_recombine_pseudolabel__mult_1__sim_0.8__teacher_rf__seed_3,condition_recombine_pseudolabel,1.0,0.8,random_forest,3,316,309,1.9778481012658229,True,0.843194645855419,0.800000011920929,0.85,reaction_role_concat,6144,random_forest,False,valid,spearman,0.8825615702925392,2,0.1,random,,
condition_recombine_pseudolabel__mult_1__sim_0.8__teacher_rf__seed_4,condition_recombine_pseudolabel,1.0,0.8,random_forest,4,316,306,1.9683544303797469,True,0.8439562014115402,0.800000011920929,0.85,reaction_role_concat,6144,random_forest,False,valid,rmse,14.435960831805486,2,0.1,random,,
condition_recombine_pseudolabel__mult_1__sim_0.8__teacher_rf__seed_4,condition_recombine_pseudolabel,1.0,0.8,random_forest,4,316,306,1.9683544303797469,True,0.8439562014115402,0.800000011920929,0.85,reaction_role_concat,6144,random_forest,False,valid,mae,10.373219177599195,2,0.1,random,,
condition_recombine_pseudolabel__mult_1__sim_0.8__teacher_rf__seed_4,condition_recombine_pseudolabel,1.0,0.8,random_forest,4,316,306,1.9683544303797469,True,0.8439562014115402,0.800000011920929,0.85,reaction_role_concat,6144,random_forest,False,valid,r2,0.7392025837936308,2,0.1,random,,
condition_recombine_pseudolabel__mult_1__sim_0.8__teacher_rf__seed_4,condition_recombine_pseudolabel,1.0,0.8,random_forest,4,316,306,1.9683544303797469,True,0.8439562014115402,0.800000011920929,0.85,reaction_role_concat,6144,random_forest,False,valid,spearman,0.8767219500994848,2,0.1,random,,
condition_recombine_pseudolabel__mult_1__sim_0.85__teacher_ridge__seed_0,condition_recombine_pseudolabel,1.0,0.85,ridge,0,316,227,1.7183544303797469,True,0.8499999999999996,0.85,0.85,reaction_role_concat,6144,random_forest,False,valid,rmse,14.412457168666647,2,0.1,random,,
condition_recombine_pseudolabel__mult_1__sim_0.85__teacher_ridge__seed_0,condition_recombine_pseudolabel,1.0,0.85,ridge,0,316,227,1.7183544303797469,True,0.8499999999999996,0.85,0.85,reaction_role_concat,6144,random_forest,False,valid,mae,10.945011220537408,2,0.1,random,,
condition_recombine_pseudolabel__mult_1__sim_0.85__teacher_ridge__seed_0,condition_recombine_pseudolabel,1.0,0.85,ridge,0,316,227,1.7183544303797469,True,0.8499999999999996,0.85,0.85,reaction_role_concat,6144,random_forest,False,valid,r2,0.7400511181877787,2,0.1,random,,
condition_recombine_pseudolabel__mult_1__sim_0.85__teacher_ridge__seed_0,condition_recombine_pseudolabel,1.0,0.85,ridge,0,316,227,1.7183544303797469,True,0.8499999999999996,0.85,0.85,reaction_role_concat,6144,random_forest,False,valid,spearman,0.8716957226172073,2,0.1,random,,
condition_recombine_pseudolabel__mult_1__sim_0.85__teacher_ridge__seed_1,condition_recombine_pseudolabel,1.0,0.85,ridge,1,316,223,1.7056962025316456,True,0.8499999999999995,0.85,0.85,reaction_role_concat,6144,random_forest,False,valid,rmse,14.05062587745444,2,0.1,random,,
condition_recombine_pseudolabel__mult_1__sim_0.85__teacher_ridge__seed_1,condition_recombine_pseudolabel,1.0,0.85,ridge,1,316,223,1.7056962025316456,True,0.8499999999999995,0.85,0.85,reaction_role_concat,6144,random_forest,False,valid,mae,10.653619038954565,2,0.1,random,,
condition_recombine_pseudolabel__mult_1__sim_0.85__teacher_ridge__seed_1,condition_recombine_pseudolabel,1.0,0.85,ridge,1,316,223,1.7056962025316456,True,0.8499999999999995,0.85,0.85,reaction_role_concat,6144,random_forest,False,valid,r2,0.7529395463803794,2,0.1,random,,
condition_recombine_pseudolabel__mult_1__sim_0.85__teacher_ridge__seed_1,condition_recombine_pseudolabel,1.0,0.85,ridge,1,316,223,1.7056962025316456,True,0.8499999999999995,0.85,0.85,reaction_role_concat,6144,random_forest,False,valid,spearman,0.8869429651960108,2,0.1,random,,
condition_recombine_pseudolabel__mult_1__sim_0.85__teacher_ridge__seed_2,condition_recombine_pseudolabel,1.0,0.85,ridge,2,316,231,1.731012658227848,True,0.8499999999999996,0.85,0.85,reaction_role_concat,6144,random_forest,False,valid,rmse,14.699480861874163,2,0.1,random,,
condition_recombine_pseudolabel__mult_1__sim_0.85__teacher_ridge__seed_2,condition_recombine_pseudolabel,1.0,0.85,ridge,2,316,231,1.731012658227848,True,0.8499999999999996,0.85,0.85,reaction_role_concat,6144,random_forest,False,valid,mae,11.185845260525051,2,0.1,random,,
condition_recombine_pseudolabel__mult_1__sim_0.85__teacher_ridge__seed_2,condition_recombine_pseudolabel,1.0,0.85,ridge,2,316,231,1.731012658227848,True,0.8499999999999996,0.85,0.85,reaction_role_concat,6144,random_forest,False,valid,r2,0.7295942710171736,2,0.1,random,,
condition_recombine_pseudolabel__mult_1__sim_0.85__teacher_ridge__seed_2,condition_recombine_pseudolabel,1.0,0.85,ridge,2,316,231,1.731012658227848,True,0.8499999999999996,0.85,0.85,reaction_role_concat,6144,random_forest,False,valid,spearman,0.8735221315341631,2,0.1,random,,
condition_recombine_pseudolabel__mult_1__sim_0.85__teacher_ridge__seed_3,condition_recombine_pseudolabel,1.0,0.85,ridge,3,316,214,1.6772151898734178,True,0.8499999999999996,0.85,0.85,reaction_role_concat,6144,random_forest,False,valid,rmse,14.485190178361144,2,0.1,random,,
condition_recombine_pseudolabel__mult_1__sim_0.85__teacher_ridge__seed_3,condition_recombine_pseudolabel,1.0,0.85,ridge,3,316,214,1.6772151898734178,True,0.8499999999999996,0.85,0.85,reaction_role_concat,6144,random_forest,False,valid,mae,10.979680796480631,2,0.1,random,,
condition_recombine_pseudolabel__mult_1__sim_0.85__teacher_ridge__seed_3,condition_recombine_pseudolabel,1.0,0.85,ridge,3,316,214,1.6772151898734178,True,0.8499999999999996,0.85,0.85,reaction_role_concat,6144,random_forest,False,valid,r2,0.7374208142191685,2,0.1,random,,
condition_recombine_pseudolabel__mult_1__sim_0.85__teacher_ridge__seed_3,condition_recombine_pseudolabel,1.0,0.85,ridge,3,316,214,1.6772151898734178,True,0.8499999999999996,0.85,0.85,reaction_role_concat,6144,random_forest,False,valid,spearman,0.8723238062978623,2,0.1,random,,
condition_recombine_pseudolabel__mult_1__sim_0.85__teacher_ridge__seed_4,condition_recombine_pseudolabel,1.0,0.85,ridge,4,316,226,1.7151898734177216,True,0.8499999999999998,0.85,0.85,reaction_role_concat,6144,random_forest,False,valid,rmse,14.183569464111985,2,0.1,random,,
condition_recombine_pseudolabel__mult_1__sim_0.85__teacher_ridge__seed_4,condition_recombine_pseudolabel,1.0,0.85,ridge,4,316,226,1.7151898734177216,True,0.8499999999999998,0.85,0.85,reaction_role_concat,6144,random_forest,False,valid,mae,10.659807652290109,2,0.1,random,,
condition_recombine_pseudolabel__mult_1__sim_0.85__teacher_ridge__seed_4,condition_recombine_pseudolabel,1.0,0.85,ridge,4,316,226,1.7151898734177216,True,0.8499999999999998,0.85,0.85,reaction_role_concat,6144,random_forest,False,valid,r2,0.7482421771273103,2,0.1,random,,
condition_recombine_pseudolabel__mult_1__sim_0.85__teacher_ridge__seed_4,condition_recombine_pseudolabel,1.0,0.85,ridge,4,316,226,1.7151898734177216,True,0.8499999999999998,0.85,0.85,reaction_role_concat,6144,random_forest,False,valid,spearman,0.8760048635530749,2,0.1,random,,
condition_recombine_pseudolabel__mult_1__sim_0.85__teacher_rf__seed_0,condition_recombine_pseudolabel,1.0,0.85,random_forest,0,316,227,1.7183544303797469,True,0.8499999999999996,0.85,0.85,reaction_role_concat,6144,random_forest,False,valid,rmse,14.164703544109809,2,0.1,random,,
condition_recombine_pseudolabel__mult_1__sim_0.85__teacher_rf__seed_0,condition_recombine_pseudolabel,1.0,0.85,random_forest,0,316,227,1.7183544303797469,True,0.8499999999999996,0.85,0.85,reaction_role_concat,6144,random_forest,False,valid,mae,10.276922037029191,2,0.1,random,,
condition_recombine_pseudolabel__mult_1__sim_0.85__teacher_rf__seed_0,condition_recombine_pseudolabel,1.0,0.85,random_forest,0,316,227,1.7183544303797469,True,0.8499999999999996,0.85,0.85,reaction_role_concat,6144,random_forest,False,valid,r2,0.7489114704457365,2,0.1,random,,
condition_recombine_pseudolabel__mult_1__sim_0.85__teacher_rf__seed_0,condition_recombine_pseudolabel,1.0,0.85,random_forest,0,316,227,1.7183544303797469,True,0.8499999999999996,0.85,0.85,reaction_role_concat,6144,random_forest,False,valid,spearman,0.8794684772642716,2,0.1,random,,
condition_recombine_pseudolabel__mult_1__sim_0.85__teacher_rf__seed_1,condition_recombine_pseudolabel,1.0,0.85,random_forest,1,316,223,1.7056962025316456,True,0.8499999999999995,0.85,0.85,reaction_role_concat,6144,random_forest,False,valid,rmse,14.488352237346254,2,0.1,random,,
condition_recombine_pseudolabel__mult_1__sim_0.85__teacher_rf__seed_1,condition_recombine_pseudolabel,1.0,0.85,random_forest,1,316,223,1.7056962025316456,True,0.8499999999999995,0.85,0.85,reaction_role_concat,6144,random_forest,False,valid,mae,10.380710884744985,2,0.1,random,,
condition_recombine_pseudolabel__mult_1__sim_0.85__teacher_rf__seed_1,condition_recombine_pseudolabel,1.0,0.85,random_forest,1,316,223,1.7056962025316456,True,0.8499999999999995,0.85,0.85,reaction_role_concat,6144,random_forest,False,valid,r2,0.7373061617378324,2,0.1,random,,
condition_recombine_pseudolabel__mult_1__sim_0.85__teacher_rf__seed_1,condition_recombine_pseudolabel,1.0,0.85,random_forest,1,316,223,1.7056962025316456,True,0.8499999999999995,0.85,0.85,reaction_role_concat,6144,random_forest,False,valid,spearman,0.8724177754066734,2,0.1,random,,
condition_recombine_pseudolabel__mult_1__sim_0.85__teacher_rf__seed_2,condition_recombine_pseudolabel,1.0,0.85,random_forest,2,316,231,1.731012658227848,True,0.8499999999999996,0.85,0.85,reaction_role_concat,6144,random_forest,False,valid,rmse,14.909738958785942,2,0.1,random,,
condition_recombine_pseudolabel__mult_1__sim_0.85__teacher_rf__seed_2,condition_recombine_pseudolabel,1.0,0.85,random_forest,2,316,231,1.731012658227848,True,0.8499999999999996,0.85,0.85,reaction_role_concat,6144,random_forest,False,valid,mae,10.581757295453851,2,0.1,random,,
condition_recombine_pseudolabel__mult_1__sim_0.85__teacher_rf__seed_2,condition_recombine_pseudolabel,1.0,0.85,random_forest,2,316,231,1.731012658227848,True,0.8499999999999996,0.85,0.85,reaction_role_concat,6144,random_forest,False,valid,r2,0.7218033000180162,2,0.1,random,,
condition_recombine_pseudolabel__mult_1__sim_0.85__teacher_rf__seed_2,condition_recombine_pseudolabel,1.0,0.85,random_forest,2,316,231,1.731012658227848,True,0.8499999999999996,0.85,0.85,reaction_role_concat,6144,random_forest,False,valid,spearman,0.8688746044292606,2,0.1,random,,
condition_recombine_pseudolabel__mult_1__sim_0.85__teacher_rf__seed_3,condition_recombine_pseudolabel,1.0,0.85,random_forest,3,316,214,1.6772151898734178,True,0.8499999999999996,0.85,0.85,reaction_role_concat,6144,random_forest,False,valid,rmse,14.157074039249341,2,0.1,random,,
condition_recombine_pseudolabel__mult_1__sim_0.85__teacher_rf__seed_3,condition_recombine_pseudolabel,1.0,0.85,random_forest,3,316,214,1.6772151898734178,True,0.8499999999999996,0.85,0.85,reaction_role_concat,6144,random_forest,False,valid,mae,10.230291416385883,2,0.1,random,,
condition_recombine_pseudolabel__mult_1__sim_0.85__teacher_rf__seed_3,condition_recombine_pseudolabel,1.0,0.85,random_forest,3,316,214,1.6772151898734178,True,0.8499999999999996,0.85,0.85,reaction_role_concat,6144,random_forest,False,valid,r2,0.7491818841866236,2,0.1,random,,
condition_recombine_pseudolabel__mult_1__sim_0.85__teacher_rf__seed_3,condition_recombine_pseudolabel,1.0,0.85,random_forest,3,316,214,1.6772151898734178,True,0.8499999999999996,0.85,0.85,reaction_role_concat,6144,random_forest,False,valid,spearman,0.8801654067065114,2,0.1,random,,
condition_recombine_pseudolabel__mult_1__sim_0.85__teacher_rf__seed_4,condition_recombine_pseudolabel,1.0,0.85,random_forest,4,316,226,1.7151898734177216,True,0.8499999999999998,0.85,0.85,reaction_role_concat,6144,random_forest,False,valid,rmse,14.336155978872617,2,0.1,random,,
condition_recombine_pseudolabel__mult_1__sim_0.85__teacher_rf__seed_4,condition_recombine_pseudolabel,1.0,0.85,random_forest,4,316,226,1.7151898734177216,True,0.8499999999999998,0.85,0.85,reaction_role_concat,6144,random_forest,False,valid,mae,10.255710670641896,2,0.1,random,,
condition_recombine_pseudolabel__mult_1__sim_0.85__teacher_rf__seed_4,condition_recombine_pseudolabel,1.0,0.85,random_forest,4,316,226,1.7151898734177216,True,0.8499999999999998,0.85,0.85,reaction_role_concat,6144,random_forest,False,valid,r2,0.7427962304092843,2,0.1,random,,
condition_recombine_pseudolabel__mult_1__sim_0.85__teacher_rf__seed_4,condition_recombine_pseudolabel,1.0,0.85,random_forest,4,316,226,1.7151898734177216,True,0.8499999999999998,0.85,0.85,reaction_role_concat,6144,random_forest,False,valid,spearman,0.8762956322151579,2,0.1,random,,
condition_recombine_pseudolabel__mult_1__sim_0.9__teacher_ridge__seed_0,condition_recombine_pseudolabel,1.0,0.9,ridge,0,316,103,1.3259493670886076,True,0.8499999999999994,0.85,0.85,reaction_role_concat,6144,random_forest,False,valid,rmse,14.150804329394344,2,0.1,random,,
condition_recombine_pseudolabel__mult_1__sim_0.9__teacher_ridge__seed_0,condition_recombine_pseudolabel,1.0,0.9,ridge,0,316,103,1.3259493670886076,True,0.8499999999999994,0.85,0.85,reaction_role_concat,6144,random_forest,False,valid,mae,10.42377726808907,2,0.1,random,,
condition_recombine_pseudolabel__mult_1__sim_0.9__teacher_ridge__seed_0,condition_recombine_pseudolabel,1.0,0.9,ridge,0,316,103,1.3259493670886076,True,0.8499999999999994,0.85,0.85,reaction_role_concat,6144,random_forest,False,valid,r2,0.7494039934432274,2,0.1,random,,
condition_recombine_pseudolabel__mult_1__sim_0.9__teacher_ridge__seed_0,condition_recombine_pseudolabel,1.0,0.9,ridge,0,316,103,1.3259493670886076,True,0.8499999999999994,0.85,0.85,reaction_role_concat,6144,random_forest,False,valid,spearman,0.8811888422853772,2,0.1,random,,
condition_recombine_pseudolabel__mult_1__sim_0.9__teacher_ridge__seed_1,condition_recombine_pseudolabel,1.0,0.9,ridge,1,316,105,1.3322784810126582,True,0.8499999999999998,0.85,0.85,reaction_role_concat,6144,random_forest,False,valid,rmse,14.007091684606563,2,0.1,random,,
condition_recombine_pseudolabel__mult_1__sim_0.9__teacher_ridge__seed_1,condition_recombine_pseudolabel,1.0,0.9,ridge,1,316,105,1.3322784810126582,True,0.8499999999999998,0.85,0.85,reaction_role_concat,6144,random_forest,False,valid,mae,10.340616727653938,2,0.1,random,,
condition_recombine_pseudolabel__mult_1__sim_0.9__teacher_ridge__seed_1,condition_recombine_pseudolabel,1.0,0.9,ridge,1,316,105,1.3322784810126582,True,0.8499999999999998,0.85,0.85,reaction_role_concat,6144,random_forest,False,valid,r2,0.7544681494601304,2,0.1,random,,
condition_recombine_pseudolabel__mult_1__sim_0.9__teacher_ridge__seed_1,condition_recombine_pseudolabel,1.0,0.9,ridge,1,316,105,1.3322784810126582,True,0.8499999999999998,0.85,0.85,reaction_role_concat,6144,random_forest,False,valid,spearman,0.8842260407349324,2,0.1,random,,
condition_recombine_pseudolabel__mult_1__sim_0.9__teacher_ridge__seed_2,condition_recombine_pseudolabel,1.0,0.9,ridge,2,316,102,1.3227848101265822,True,0.8499999999999994,0.85,0.85,reaction_role_concat,6144,random_forest,False,valid,rmse,14.606513771674505,2,0.1,random,,
condition_recombine_pseudolabel__mult_1__sim_0.9__teacher_ridge__seed_2,condition_recombine_pseudolabel,1.0,0.9,ridge,2,316,102,1.3227848101265822,True,0.8499999999999994,0.85,0.85,reaction_role_concat,6144,random_forest,False,valid,mae,10.789929070717927,2,0.1,random,,
condition_recombine_pseudolabel__mult_1__sim_0.9__teacher_ridge__seed_2,condition_recombine_pseudolabel,1.0,0.9,ridge,2,316,102,1.3227848101265822,True,0.8499999999999994,0.85,0.85,reaction_role_concat,6144,random_forest,False,valid,r2,0.7330038252135491,2,0.1,random,,
condition_recombine_pseudolabel__mult_1__sim_0.9__teacher_ridge__seed_2,condition_recombine_pseudolabel,1.0,0.9,ridge,2,316,102,1.3227848101265822,True,0.8499999999999994,0.85,0.85,reaction_role_concat,6144,random_forest,False,valid,spearman,0.872363536242313,2,0.1,random,,
condition_recombine_pseudolabel__mult_1__sim_0.9__teacher_ridge__seed_3,condition_recombine_pseudolabel,1.0,0.9,ridge,3,316,98,1.3101265822784811,True,0.8499999999999996,0.85,0.85,reaction_role_concat,6144,random_forest,False,valid,rmse,14.16667618440573,2,0.1,random,,
condition_recombine_pseudolabel__mult_1__sim_0.9__teacher_ridge__seed_3,condition_recombine_pseudolabel,1.0,0.9,ridge,3,316,98,1.3101265822784811,True,0.8499999999999996,0.85,0.85,reaction_role_concat,6144,random_forest,False,valid,mae,10.652756793705722,2,0.1,random,,
condition_recombine_pseudolabel__mult_1__sim_0.9__teacher_ridge__seed_3,condition_recombine_pseudolabel,1.0,0.9,ridge,3,316,98,1.3101265822784811,True,0.8499999999999996,0.85,0.85,reaction_role_concat,6144,random_forest,False,valid,r2,0.7488415301410821,2,0.1,random,,
condition_recombine_pseudolabel__mult_1__sim_0.9__teacher_ridge__seed_3,condition_recombine_pseudolabel,1.0,0.9,ridge,3,316,98,1.3101265822784811,True,0.8499999999999996,0.85,0.85,reaction_role_concat,6144,random_forest,False,valid,spearman,0.8790646535396706,2,0.1,random,,
condition_recombine_pseudolabel__mult_1__sim_0.9__teacher_ridge__seed_4,condition_recombine_pseudolabel,1.0,0.9,ridge,4,316,107,1.3386075949367089,True,0.8499999999999996,0.85,0.85,reaction_role_concat,6144,random_forest,False,valid,rmse,14.337136268475083,2,0.1,random,,
condition_recombine_pseudolabel__mult_1__sim_0.9__teacher_ridge__seed_4,condition_recombine_pseudolabel,1.0,0.9,ridge,4,316,107,1.3386075949367089,True,0.8499999999999996,0.85,0.85,reaction_role_concat,6144,random_forest,False,valid,mae,10.510777768695656,2,0.1,random,,
condition_recombine_pseudolabel__mult_1__sim_0.9__teacher_ridge__seed_4,condition_recombine_pseudolabel,1.0,0.9,ridge,4,316,107,1.3386075949367089,True,0.8499999999999996,0.85,0.85,reaction_role_concat,6144,random_forest,False,valid,r2,0.7427610546199394,2,0.1,random,,
condition_recombine_pseudolabel__mult_1__sim_0.9__teacher_ridge__seed_4,condition_recombine_pseudolabel,1.0,0.9,ridge,4,316,107,1.3386075949367089,True,0.8499999999999996,0.85,0.85,reaction_role_concat,6144,random_forest,False,valid,spearman,0.8757654127359075,2,0.1,random,,
condition_recombine_pseudolabel__mult_1__sim_0.9__teacher_rf__seed_0,condition_recombine_pseudolabel,1.0,0.9,random_forest,0,316,103,1.3259493670886076,True,0.8499999999999994,0.85,0.85,reaction_role_concat,6144,random_forest,False,valid,rmse,14.248617901239738,2,0.1,random,,
condition_recombine_pseudolabel__mult_1__sim_0.9__teacher_rf__seed_0,condition_recombine_pseudolabel,1.0,0.9,random_forest,0,316,103,1.3259493670886076,True,0.8499999999999994,0.85,0.85,reaction_role_concat,6144,random_forest,False,valid,mae,10.180524385862713,2,0.1,random,,
condition_recombine_pseudolabel__mult_1__sim_0.9__teacher_rf__seed_0,condition_recombine_pseudolabel,1.0,0.9,random_forest,0,316,103,1.3259493670886076,True,0.8499999999999994,0.85,0.85,reaction_role_concat,6144,random_forest,False,valid,r2,0.745927667277808,2,0.1,random,,
condition_recombine_pseudolabel__mult_1__sim_0.9__teacher_rf__seed_0,condition_recombine_pseudolabel,1.0,0.9,random_forest,0,316,103,1.3259493670886076,True,0.8499999999999994,0.85,0.85,reaction_role_concat,6144,random_forest,False,valid,spearman,0.8797010142920861,2,0.1,random,,
condition_recombine_pseudolabel__mult_1__sim_0.9__teacher_rf__seed_1,condition_recombine_pseudolabel,1.0,0.9,random_forest,1,316,105,1.3322784810126582,True,0.8499999999999998,0.85,0.85,reaction_role_concat,6144,random_forest,False,valid,rmse,14.420603095617977,2,0.1,random,,
condition_recombine_pseudolabel__mult_1__sim_0.9__teacher_rf__seed_1,condition_recombine_pseudolabel,1.0,0.9,random_forest,1,316,105,1.3322784810126582,True,0.8499999999999998,0.85,0.85,reaction_role_concat,6144,random_forest,False,valid,mae,10.321796151196654,2,0.1,random,,
condition_recombine_pseudolabel__mult_1__sim_0.9__teacher_rf__seed_1,condition_recombine_pseudolabel,1.0,0.9,random_forest,1,316,105,1.3322784810126582,True,0.8499999999999998,0.85,0.85,reaction_role_concat,6144,random_forest,False,valid,r2,0.7397571887085179,2,0.1,random,,
condition_recombine_pseudolabel__mult_1__sim_0.9__teacher_rf__seed_1,condition_recombine_pseudolabel,1.0,0.9,random_forest,1,316,105,1.3322784810126582,True,0.8499999999999998,0.85,0.85,reaction_role_concat,6144,random_forest,False,valid,spearman,0.8750163864302332,2,0.1,random,,
condition_recombine_pseudolabel__mult_1__sim_0.9__teacher_rf__seed_2,condition_recombine_pseudolabel,1.0,0.9,random_forest,2,316,102,1.3227848101265822,True,0.8499999999999994,0.85,0.85,reaction_role_concat,6144,random_forest,False,valid,rmse,14.521222600063323,2,0.1,random,,
condition_recombine_pseudolabel__mult_1__sim_0.9__teacher_rf__seed_2,condition_recombine_pseudolabel,1.0,0.9,random_forest,2,316,102,1.3227848101265822,True,0.8499999999999994,0.85,0.85,reaction_role_concat,6144,random_forest,False,valid,mae,10.375481015339682,2,0.1,random,,
condition_recombine_pseudolabel__mult_1__sim_0.9__teacher_rf__seed_2,condition_recombine_pseudolabel,1.0,0.9,random_forest,2,316,102,1.3227848101265822,True,0.8499999999999994,0.85,0.85,reaction_role_concat,6144,random_forest,False,valid,r2,0.7361128394430048,2,0.1,random,,
condition_recombine_pseudolabel__mult_1__sim_0.9__teacher_rf__seed_2,condition_recombine_pseudolabel,1.0,0.9,random_forest,2,316,102,1.3227848101265822,True,0.8499999999999994,0.85,0.85,reaction_role_concat,6144,random_forest,False,valid,spearman,0.8755891597960646,2,0.1,random,,
condition_recombine_pseudolabel__mult_1__sim_0.9__teacher_rf__seed_3,condition_recombine_pseudolabel,1.0,0.9,random_forest,3,316,98,1.3101265822784811,True,0.8499999999999996,0.85,0.85,reaction_role_concat,6144,random_forest,False,valid,rmse,14.141258286909862,2,0.1,random,,
condition_recombine_pseudolabel__mult_1__sim_0.9__teacher_rf__seed_3,condition_recombine_pseudolabel,1.0,0.9,random_forest,3,316,98,1.3101265822784811,True,0.8499999999999996,0.85,0.85,reaction_role_concat,6144,random_forest,False,valid,mae,10.100970183836885,2,0.1,random,,
condition_recombine_pseudolabel__mult_1__sim_0.9__teacher_rf__seed_3,condition_recombine_pseudolabel,1.0,0.9,random_forest,3,316,98,1.3101265822784811,True,0.8499999999999996,0.85,0.85,reaction_role_concat,6144,random_forest,False,valid,r2,0.7497419803431777,2,0.1,random,,
condition_recombine_pseudolabel__mult_1__sim_0.9__teacher_rf__seed_3,condition_recombine_pseudolabel,1.0,0.9,random_forest,3,316,98,1.3101265822784811,True,0.8499999999999996,0.85,0.85,reaction_role_concat,6144,random_forest,False,valid,spearman,0.8788569477271377,2,0.1,random,,
condition_recombine_pseudolabel__mult_1__sim_0.9__teacher_rf__seed_4,condition_recombine_pseudolabel,1.0,0.9,random_forest,4,316,107,1.3386075949367089,True,0.8499999999999996,0.85,0.85,reaction_role_concat,6144,random_forest,False,valid,rmse,14.082786553501606,2,0.1,random,,
condition_recombine_pseudolabel__mult_1__sim_0.9__teacher_rf__seed_4,condition_recombine_pseudolabel,1.0,0.9,random_forest,4,316,107,1.3386075949367089,True,0.8499999999999996,0.85,0.85,reaction_role_concat,6144,random_forest,False,valid,mae,10.140070383560055,2,0.1,random,,
condition_recombine_pseudolabel__mult_1__sim_0.9__teacher_rf__seed_4,condition_recombine_pseudolabel,1.0,0.9,random_forest,4,316,107,1.3386075949367089,True,0.8499999999999996,0.85,0.85,reaction_role_concat,6144,random_forest,False,valid,r2,0.7518072516746395,2,0.1,random,,
condition_recombine_pseudolabel__mult_1__sim_0.9__teacher_rf__seed_4,condition_recombine_pseudolabel,1.0,0.9,random_forest,4,316,107,1.3386075949367089,True,0.8499999999999996,0.85,0.85,reaction_role_concat,6144,random_forest,False,valid,spearman,0.8795279748036329,2,0.1,random,,
condition_recombine_pseudolabel__mult_1__sim_0.95__teacher_ridge__seed_0,condition_recombine_pseudolabel,1.0,0.95,ridge,0,316,0,1.0,True,,,,reaction_role_concat,6144,random_forest,False,valid,rmse,14.101153008847355,2,0.1,random,,
condition_recombine_pseudolabel__mult_1__sim_0.95__teacher_ridge__seed_0,condition_recombine_pseudolabel,1.0,0.95,ridge,0,316,0,1.0,True,,,,reaction_role_concat,6144,random_forest,False,valid,mae,10.215592575794533,2,0.1,random,,
condition_recombine_pseudolabel__mult_1__sim_0.95__teacher_ridge__seed_0,condition_recombine_pseudolabel,1.0,0.95,ridge,0,316,0,1.0,True,,,,reaction_role_concat,6144,random_forest,False,valid,r2,0.7511594546626889,2,0.1,random,,
condition_recombine_pseudolabel__mult_1__sim_0.95__teacher_ridge__seed_0,condition_recombine_pseudolabel,1.0,0.95,ridge,0,316,0,1.0,True,,,,reaction_role_concat,6144,random_forest,False,valid,spearman,0.8785523514863487,2,0.1,random,,
condition_recombine_pseudolabel__mult_1__sim_0.95__teacher_ridge__seed_1,condition_recombine_pseudolabel,1.0,0.95,ridge,1,316,0,1.0,True,,,,reaction_role_concat,6144,random_forest,False,valid,rmse,14.101153008847355,2,0.1,random,,
condition_recombine_pseudolabel__mult_1__sim_0.95__teacher_ridge__seed_1,condition_recombine_pseudolabel,1.0,0.95,ridge,1,316,0,1.0,True,,,,reaction_role_concat,6144,random_forest,False,valid,mae,10.215592575794533,2,0.1,random,,
condition_recombine_pseudolabel__mult_1__sim_0.95__teacher_ridge__seed_1,condition_recombine_pseudolabel,1.0,0.95,ridge,1,316,0,1.0,True,,,,reaction_role_concat,6144,random_forest,False,valid,r2,0.7511594546626889,2,0.1,random,,
condition_recombine_pseudolabel__mult_1__sim_0.95__teacher_ridge__seed_1,condition_recombine_pseudolabel,1.0,0.95,ridge,1,316,0,1.0,True,,,,reaction_role_concat,6144,random_forest,False,valid,spearman,0.8785523514863487,2,0.1,random,,
condition_recombine_pseudolabel__mult_1__sim_0.95__teacher_ridge__seed_2,condition_recombine_pseudolabel,1.0,0.95,ridge,2,316,0,1.0,True,,,,reaction_role_concat,6144,random_forest,False,valid,rmse,14.101153008847355,2,0.1,random,,
condition_recombine_pseudolabel__mult_1__sim_0.95__teacher_ridge__seed_2,condition_recombine_pseudolabel,1.0,0.95,ridge,2,316,0,1.0,True,,,,reaction_role_concat,6144,random_forest,False,valid,mae,10.215592575794533,2,0.1,random,,
condition_recombine_pseudolabel__mult_1__sim_0.95__teacher_ridge__seed_2,condition_recombine_pseudolabel,1.0,0.95,ridge,2,316,0,1.0,True,,,,reaction_role_concat,6144,random_forest,False,valid,r2,0.7511594546626889,2,0.1,random,,
condition_recombine_pseudolabel__mult_1__sim_0.95__teacher_ridge__seed_2,condition_recombine_pseudolabel,1.0,0.95,ridge,2,316,0,1.0,True,,,,reaction_role_concat,6144,random_forest,False,valid,spearman,0.8785523514863487,2,0.1,random,,
condition_recombine_pseudolabel__mult_1__sim_0.95__teacher_ridge__seed_3,condition_recombine_pseudolabel,1.0,0.95,ridge,3,316,0,1.0,True,,,,reaction_role_concat,6144,random_forest,False,valid,rmse,14.101153008847355,2,0.1,random,,
condition_recombine_pseudolabel__mult_1__sim_0.95__teacher_ridge__seed_3,condition_recombine_pseudolabel,1.0,0.95,ridge,3,316,0,1.0,True,,,,reaction_role_concat,6144,random_forest,False,valid,mae,10.215592575794533,2,0.1,random,,
condition_recombine_pseudolabel__mult_1__sim_0.95__teacher_ridge__seed_3,condition_recombine_pseudolabel,1.0,0.95,ridge,3,316,0,1.0,True,,,,reaction_role_concat,6144,random_forest,False,valid,r2,0.7511594546626889,2,0.1,random,,
condition_recombine_pseudolabel__mult_1__sim_0.95__teacher_ridge__seed_3,condition_recombine_pseudolabel,1.0,0.95,ridge,3,316,0,1.0,True,,,,reaction_role_concat,6144,random_forest,False,valid,spearman,0.8785523514863487,2,0.1,random,,
condition_recombine_pseudolabel__mult_1__sim_0.95__teacher_ridge__seed_4,condition_recombine_pseudolabel,1.0,0.95,ridge,4,316,0,1.0,True,,,,reaction_role_concat,6144,random_forest,False,valid,rmse,14.101153008847355,2,0.1,random,,
condition_recombine_pseudolabel__mult_1__sim_0.95__teacher_ridge__seed_4,condition_recombine_pseudolabel,1.0,0.95,ridge,4,316,0,1.0,True,,,,reaction_role_concat,6144,random_forest,False,valid,mae,10.215592575794533,2,0.1,random,,
condition_recombine_pseudolabel__mult_1__sim_0.95__teacher_ridge__seed_4,condition_recombine_pseudolabel,1.0,0.95,ridge,4,316,0,1.0,True,,,,reaction_role_concat,6144,random_forest,False,valid,r2,0.7511594546626889,2,0.1,random,,
condition_recombine_pseudolabel__mult_1__sim_0.95__teacher_ridge__seed_4,condition_recombine_pseudolabel,1.0,0.95,ridge,4,316,0,1.0,True,,,,reaction_role_concat,6144,random_forest,False,valid,spearman,0.8785523514863487,2,0.1,random,,
condition_recombine_pseudolabel__mult_1__sim_0.95__teacher_rf__seed_0,condition_recombine_pseudolabel,1.0,0.95,random_forest,0,316,0,1.0,True,,,,reaction_role_concat,6144,random_forest,False,valid,rmse,14.101153008847355,2,0.1,random,,
condition_recombine_pseudolabel__mult_1__sim_0.95__teacher_rf__seed_0,condition_recombine_pseudolabel,1.0,0.95,random_forest,0,316,0,1.0,True,,,,reaction_role_concat,6144,random_forest,False,valid,mae,10.215592575794533,2,0.1,random,,
condition_recombine_pseudolabel__mult_1__sim_0.95__teacher_rf__seed_0,condition_recombine_pseudolabel,1.0,0.95,random_forest,0,316,0,1.0,True,,,,reaction_role_concat,6144,random_forest,False,valid,r2,0.7511594546626889,2,0.1,random,,
condition_recombine_pseudolabel__mult_1__sim_0.95__teacher_rf__seed_0,condition_recombine_pseudolabel,1.0,0.95,random_forest,0,316,0,1.0,True,,,,reaction_role_concat,6144,random_forest,False,valid,spearman,0.8785523514863487,2,0.1,random,,
condition_recombine_pseudolabel__mult_1__sim_0.95__teacher_rf__seed_1,condition_recombine_pseudolabel,1.0,0.95,random_forest,1,316,0,1.0,True,,,,reaction_role_concat,6144,random_forest,False,valid,rmse,14.101153008847355,2,0.1,random,,
condition_recombine_pseudolabel__mult_1__sim_0.95__teacher_rf__seed_1,condition_recombine_pseudolabel,1.0,0.95,random_forest,1,316,0,1.0,True,,,,reaction_role_concat,6144,random_forest,False,valid,mae,10.215592575794533,2,0.1,random,,
condition_recombine_pseudolabel__mult_1__sim_0.95__teacher_rf__seed_1,condition_recombine_pseudolabel,1.0,0.95,random_forest,1,316,0,1.0,True,,,,reaction_role_concat,6144,random_forest,False,valid,r2,0.7511594546626889,2,0.1,random,,
condition_recombine_pseudolabel__mult_1__sim_0.95__teacher_rf__seed_1,condition_recombine_pseudolabel,1.0,0.95,random_forest,1,316,0,1.0,True,,,,reaction_role_concat,6144,random_forest,False,valid,spearman,0.8785523514863487,2,0.1,random,,
condition_recombine_pseudolabel__mult_1__sim_0.95__teacher_rf__seed_2,condition_recombine_pseudolabel,1.0,0.95,random_forest,2,316,0,1.0,True,,,,reaction_role_concat,6144,random_forest,False,valid,rmse,14.101153008847355,2,0.1,random,,
condition_recombine_pseudolabel__mult_1__sim_0.95__teacher_rf__seed_2,condition_recombine_pseudolabel,1.0,0.95,random_forest,2,316,0,1.0,True,,,,reaction_role_concat,6144,random_forest,False,valid,mae,10.215592575794533,2,0.1,random,,
condition_recombine_pseudolabel__mult_1__sim_0.95__teacher_rf__seed_2,condition_recombine_pseudolabel,1.0,0.95,random_forest,2,316,0,1.0,True,,,,reaction_role_concat,6144,random_forest,False,valid,r2,0.7511594546626889,2,0.1,random,,
condition_recombine_pseudolabel__mult_1__sim_0.95__teacher_rf__seed_2,condition_recombine_pseudolabel,1.0,0.95,random_forest,2,316,0,1.0,True,,,,reaction_role_concat,6144,random_forest,False,valid,spearman,0.8785523514863487,2,0.1,random,,
condition_recombine_pseudolabel__mult_1__sim_0.95__teacher_rf__seed_3,condition_recombine_pseudolabel,1.0,0.95,random_forest,3,316,0,1.0,True,,,,reaction_role_concat,6144,random_forest,False,valid,rmse,14.101153008847355,2,0.1,random,,
condition_recombine_pseudolabel__mult_1__sim_0.95__teacher_rf__seed_3,condition_recombine_pseudolabel,1.0,0.95,random_forest,3,316,0,1.0,True,,,,reaction_role_concat,6144,random_forest,False,valid,mae,10.215592575794533,2,0.1,random,,
condition_recombine_pseudolabel__mult_1__sim_0.95__teacher_rf__seed_3,condition_recombine_pseudolabel,1.0,0.95,random_forest,3,316,0,1.0,True,,,,reaction_role_concat,6144,random_forest,False,valid,r2,0.7511594546626889,2,0.1,random,,
condition_recombine_pseudolabel__mult_1__sim_0.95__teacher_rf__seed_3,condition_recombine_pseudolabel,1.0,0.95,random_forest,3,316,0,1.0,True,,,,reaction_role_concat,6144,random_forest,False,valid,spearman,0.8785523514863487,2,0.1,random,,
condition_recombine_pseudolabel__mult_1__sim_0.95__teacher_rf__seed_4,condition_recombine_pseudolabel,1.0,0.95,random_forest,4,316,0,1.0,True,,,,reaction_role_concat,6144,random_forest,False,valid,rmse,14.101153008847355,2,0.1,random,,
condition_recombine_pseudolabel__mult_1__sim_0.95__teacher_rf__seed_4,condition_recombine_pseudolabel,1.0,0.95,random_forest,4,316,0,1.0,True,,,,reaction_role_concat,6144,random_forest,False,valid,mae,10.215592575794533,2,0.1,random,,
condition_recombine_pseudolabel__mult_1__sim_0.95__teacher_rf__seed_4,condition_recombine_pseudolabel,1.0,0.95,random_forest,4,316,0,1.0,True,,,,reaction_role_concat,6144,random_forest,False,valid,r2,0.7511594546626889,2,0.1,random,,
condition_recombine_pseudolabel__mult_1__sim_0.95__teacher_rf__seed_4,condition_recombine_pseudolabel,1.0,0.95,random_forest,4,316,0,1.0,True,,,,reaction_role_concat,6144,random_forest,False,valid,spearman,0.8785523514863487,2,0.1,random,,
condition_recombine_pseudolabel__mult_1.5__sim_0.7__teacher_ridge__seed_0,condition_recombine_pseudolabel,1.5,0.7,ridge,0,316,474,2.5,True,0.8435716777662686,0.772455096244812,0.85,reaction_role_concat,6144,random_forest,False,valid,rmse,14.310464221343588,2,0.1,random,,
condition_recombine_pseudolabel__mult_1.5__sim_0.7__teacher_ridge__seed_0,condition_recombine_pseudolabel,1.5,0.7,ridge,0,316,474,2.5,True,0.8435716777662686,0.772455096244812,0.85,reaction_role_concat,6144,random_forest,False,valid,mae,11.007314752401431,2,0.1,random,,
condition_recombine_pseudolabel__mult_1.5__sim_0.7__teacher_ridge__seed_0,condition_recombine_pseudolabel,1.5,0.7,ridge,0,316,474,2.5,True,0.8435716777662686,0.772455096244812,0.85,reaction_role_concat,6144,random_forest,False,valid,r2,0.7437172716975707,2,0.1,random,,
condition_recombine_pseudolabel__mult_1.5__sim_0.7__teacher_ridge__seed_0,condition_recombine_pseudolabel,1.5,0.7,ridge,0,316,474,2.5,True,0.8435716777662686,0.772455096244812,0.85,reaction_role_concat,6144,random_forest,False,valid,spearman,0.8743479885412384,2,0.1,random,,
condition_recombine_pseudolabel__mult_1.5__sim_0.7__teacher_ridge__seed_1,condition_recombine_pseudolabel,1.5,0.7,ridge,1,316,474,2.5,True,0.8431684845107514,0.7712418437004089,0.85,reaction_role_concat,6144,random_forest,False,valid,rmse,14.549853191262955,2,0.1,random,,
condition_recombine_pseudolabel__mult_1.5__sim_0.7__teacher_ridge__seed_1,condition_recombine_pseudolabel,1.5,0.7,ridge,1,316,474,2.5,True,0.8431684845107514,0.7712418437004089,0.85,reaction_role_concat,6144,random_forest,False,valid,mae,11.388568700515771,2,0.1,random,,
condition_recombine_pseudolabel__mult_1.5__sim_0.7__teacher_ridge__seed_1,condition_recombine_pseudolabel,1.5,0.7,ridge,1,316,474,2.5,True,0.8431684845107514,0.7712418437004089,0.85,reaction_role_concat,6144,random_forest,False,valid,r2,0.7350712338249785,2,0.1,random,,
condition_recombine_pseudolabel__mult_1.5__sim_0.7__teacher_ridge__seed_1,condition_recombine_pseudolabel,1.5,0.7,ridge,1,316,474,2.5,True,0.8431684845107514,0.7712418437004089,0.85,reaction_role_concat,6144,random_forest,False,valid,spearman,0.8757618097752587,2,0.1,random,,
condition_recombine_pseudolabel__mult_1.5__sim_0.7__teacher_ridge__seed_2,condition_recombine_pseudolabel,1.5,0.7,ridge,2,316,474,2.5,True,0.8436201019629143,0.7612903118133545,0.85,reaction_role_concat,6144,random_forest,False,valid,rmse,14.84844330626763,2,0.1,random,,
condition_recombine_pseudolabel__mult_1.5__sim_0.7__teacher_ridge__seed_2,condition_recombine_pseudolabel,1.5,0.7,ridge,2,316,474,2.5,True,0.8436201019629143,0.7612903118133545,0.85,reaction_role_concat,6144,random_forest,False,valid,mae,11.619344207921358,2,0.1,random,,
condition_recombine_pseudolabel__mult_1.5__sim_0.7__teacher_ridge__seed_2,condition_recombine_pseudolabel,1.5,0.7,ridge,2,316,474,2.5,True,0.8436201019629143,0.7612903118133545,0.85,reaction_role_concat,6144,random_forest,False,valid,r2,0.7240859954325357,2,0.1,random,,
condition_recombine_pseudolabel__mult_1.5__sim_0.7__teacher_ridge__seed_2,condition_recombine_pseudolabel,1.5,0.7,ridge,2,316,474,2.5,True,0.8436201019629143,0.7612903118133545,0.85,reaction_role_concat,6144,random_forest,False,valid,spearman,0.869793846281258,2,0.1,random,,
condition_recombine_pseudolabel__mult_1.5__sim_0.7__teacher_ridge__seed_3,condition_recombine_pseudolabel,1.5,0.7,ridge,3,316,474,2.5,True,0.8422455325408322,0.772455096244812,0.85,reaction_role_concat,6144,random_forest,False,valid,rmse,14.688797853623829,2,0.1,random,,
condition_recombine_pseudolabel__mult_1.5__sim_0.7__teacher_ridge__seed_3,condition_recombine_pseudolabel,1.5,0.7,ridge,3,316,474,2.5,True,0.8422455325408322,0.772455096244812,0.85,reaction_role_concat,6144,random_forest,False,valid,mae,11.477953604858133,2,0.1,random,,
condition_recombine_pseudolabel__mult_1.5__sim_0.7__teacher_ridge__seed_3,condition_recombine_pseudolabel,1.5,0.7,ridge,3,316,474,2.5,True,0.8422455325408322,0.772455096244812,0.85,reaction_role_concat,6144,random_forest,False,valid,r2,0.7299871688272002,2,0.1,random,,
condition_recombine_pseudolabel__mult_1.5__sim_0.7__teacher_ridge__seed_3,condition_recombine_pseudolabel,1.5,0.7,ridge,3,316,474,2.5,True,0.8422455325408322,0.772455096244812,0.85,reaction_role_concat,6144,random_forest,False,valid,spearman,0.8701211314364024,2,0.1,random,,
condition_recombine_pseudolabel__mult_1.5__sim_0.7__teacher_ridge__seed_4,condition_recombine_pseudolabel,1.5,0.7,ridge,4,316,474,2.5,True,0.8431511864128997,0.7710843086242676,0.85,reaction_role_concat,6144,random_forest,False,valid,rmse,14.332690696318068,2,0.1,random,,
condition_recombine_pseudolabel__mult_1.5__sim_0.7__teacher_ridge__seed_4,condition_recombine_pseudolabel,1.5,0.7,ridge,4,316,474,2.5,True,0.8431511864128997,0.7710843086242676,0.85,reaction_role_concat,6144,random_forest,False,valid,mae,11.244368624062476,2,0.1,random,,
condition_recombine_pseudolabel__mult_1.5__sim_0.7__teacher_ridge__seed_4,condition_recombine_pseudolabel,1.5,0.7,ridge,4,316,474,2.5,True,0.8431511864128997,0.7710843086242676,0.85,reaction_role_concat,6144,random_forest,False,valid,r2,0.7429205560678693,2,0.1,random,,
condition_recombine_pseudolabel__mult_1.5__sim_0.7__teacher_ridge__seed_4,condition_recombine_pseudolabel,1.5,0.7,ridge,4,316,474,2.5,True,0.8431511864128997,0.7710843086242676,0.85,reaction_role_concat,6144,random_forest,False,valid,spearman,0.8741511889879665,2,0.1,random,,
condition_recombine_pseudolabel__mult_1.5__sim_0.7__teacher_rf__seed_0,condition_recombine_pseudolabel,1.5,0.7,random_forest,0,316,474,2.5,True,0.8435716777662686,0.772455096244812,0.85,reaction_role_concat,6144,random_forest,False,valid,rmse,13.971216329495913,2,0.1,random,,
condition_recombine_pseudolabel__mult_1.5__sim_0.7__teacher_rf__seed_0,condition_recombine_pseudolabel,1.5,0.7,random_forest,0,316,474,2.5,True,0.8435716777662686,0.772455096244812,0.85,reaction_role_concat,6144,random_forest,False,valid,mae,10.0734192014827,2,0.1,random,,
condition_recombine_pseudolabel__mult_1.5__sim_0.7__teacher_rf__seed_0,condition_recombine_pseudolabel,1.5,0.7,random_forest,0,316,474,2.5,True,0.8435716777662686,0.772455096244812,0.85,reaction_role_concat,6144,random_forest,False,valid,r2,0.7557242648886076,2,0.1,random,,
condition_recombine_pseudolabel__mult_1.5__sim_0.7__teacher_rf__seed_0,condition_recombine_pseudolabel,1.5,0.7,random_forest,0,316,474,2.5,True,0.8435716777662686,0.772455096244812,0.85,reaction_role_concat,6144,random_forest,False,valid,spearman,0.8830133036560366,2,0.1,random,,
condition_recombine_pseudolabel__mult_1.5__sim_0.7__teacher_rf__seed_1,condition_recombine_pseudolabel,1.5,0.7,random_forest,1,316,474,2.5,True,0.8431684845107514,0.7712418437004089,0.85,reaction_role_concat,6144,random_forest,False,valid,rmse,14.197368402903736,2,0.1,random,,
condition_recombine_pseudolabel__mult_1.5__sim_0.7__teacher_rf__seed_1,condition_recombine_pseudolabel,1.5,0.7,random_forest,1,316,474,2.5,True,0.8431684845107514,0.7712418437004089,0.85,reaction_role_concat,6144,random_forest,False,valid,mae,10.202585068103255,2,0.1,random,,
condition_recombine_pseudolabel__mult_1.5__sim_0.7__teacher_rf__seed_1,condition_recombine_pseudolabel,1.5,0.7,random_forest,1,316,474,2.5,True,0.8431684845107514,0.7712418437004089,0.85,reaction_role_concat,6144,random_forest,False,valid,r2,0.7477520775528084,2,0.1,random,,
condition_recombine_pseudolabel__mult_1.5__sim_0.7__teacher_rf__seed_1,condition_recombine_pseudolabel,1.5,0.7,random_forest,1,316,474,2.5,True,0.8431684845107514,0.7712418437004089,0.85,reaction_role_concat,6144,random_forest,False,valid,spearman,0.8782520398474122,2,0.1,random,,
condition_recombine_pseudolabel__mult_1.5__sim_0.7__teacher_rf__seed_2,condition_recombine_pseudolabel,1.5,0.7,random_forest,2,316,474,2.5,True,0.8436201019629143,0.7612903118133545,0.85,reaction_role_concat,6144,random_forest,False,valid,rmse,14.408535954323941,2,0.1,random,,
condition_recombine_pseudolabel__mult_1.5__sim_0.7__teacher_rf__seed_2,condition_recombine_pseudolabel,1.5,0.7,random_forest,2,316,474,2.5,True,0.8436201019629143,0.7612903118133545,0.85,reaction_role_concat,6144,random_forest,False,valid,mae,10.40167113769658,2,0.1,random,,
condition_recombine_pseudolabel__mult_1.5__sim_0.7__teacher_rf__seed_2,condition_recombine_pseudolabel,1.5,0.7,random_forest,2,316,474,2.5,True,0.8436201019629143,0.7612903118133545,0.85,reaction_role_concat,6144,random_forest,False,valid,r2,0.740192548147798,2,0.1,random,,
condition_recombine_pseudolabel__mult_1.5__sim_0.7__teacher_rf__seed_2,condition_recombine_pseudolabel,1.5,0.7,random_forest,2,316,474,2.5,True,0.8436201019629143,0.7612903118133545,0.85,reaction_role_concat,6144,random_forest,False,valid,spearman,0.8749043051408635,2,0.1,random,,
condition_recombine_pseudolabel__mult_1.5__sim_0.7__teacher_rf__seed_3,condition_recombine_pseudolabel,1.5,0.7,random_forest,3,316,474,2.5,True,0.8422455325408322,0.772455096244812,0.85,reaction_role_concat,6144,random_forest,False,valid,rmse,14.13827887990996,2,0.1,random,,
condition_recombine_pseudolabel__mult_1.5__sim_0.7__teacher_rf__seed_3,condition_recombine_pseudolabel,1.5,0.7,random_forest,3,316,474,2.5,True,0.8422455325408322,0.772455096244812,0.85,reaction_role_concat,6144,random_forest,False,valid,mae,10.105675690941041,2,0.1,random,,
condition_recombine_pseudolabel__mult_1.5__sim_0.7__teacher_rf__seed_3,condition_recombine_pseudolabel,1.5,0.7,random_forest,3,316,474,2.5,True,0.8422455325408322,0.772455096244812,0.85,reaction_role_concat,6144,random_forest,False,valid,r2,0.7498474224379924,2,0.1,random,,
condition_recombine_pseudolabel__mult_1.5__sim_0.7__teacher_rf__seed_3,condition_recombine_pseudolabel,1.5,0.7,random_forest,3,316,474,2.5,True,0.8422455325408322,0.772455096244812,0.85,reaction_role_concat,6144,random_forest,False,valid,spearman,0.8799359857527715,2,0.1,random,,
condition_recombine_pseudolabel__mult_1.5__sim_0.7__teacher_rf__seed_4,condition_recombine_pseudolabel,1.5,0.7,random_forest,4,316,474,2.5,True,0.8431511864128997,0.7710843086242676,0.85,reaction_role_concat,6144,random_forest,False,valid,rmse,14.596849183891019,2,0.1,random,,
condition_recombine_pseudolabel__mult_1.5__sim_0.7__teacher_rf__seed_4,condition_recombine_pseudolabel,1.5,0.7,random_forest,4,316,474,2.5,True,0.8431511864128997,0.7710843086242676,0.85,reaction_role_concat,6144,random_forest,False,valid,mae,10.431590081452946,2,0.1,random,,
condition_recombine_pseudolabel__mult_1.5__sim_0.7__teacher_rf__seed_4,condition_recombine_pseudolabel,1.5,0.7,random_forest,4,316,474,2.5,True,0.8431511864128997,0.7710843086242676,0.85,reaction_role_concat,6144,random_forest,False,valid,r2,0.7333570312323615,2,0.1,random,,
condition_recombine_pseudolabel__mult_1.5__sim_0.7__teacher_rf__seed_4,condition_recombine_pseudolabel,1.5,0.7,random_forest,4,316,474,2.5,True,0.8431511864128997,0.7710843086242676,0.85,reaction_role_concat,6144,random_forest,False,valid,spearman,0.873570430682319,2,0.1,random,,
condition_recombine_pseudolabel__mult_1.5__sim_0.8__teacher_ridge__seed_0,condition_recombine_pseudolabel,1.5,0.8,ridge,0,316,465,2.471518987341772,True,0.8446358839927179,0.800000011920929,0.85,reaction_role_concat,6144,random_forest,False,valid,rmse,14.5289104974912,2,0.1,random,,
condition_recombine_pseudolabel__mult_1.5__sim_0.8__teacher_ridge__seed_0,condition_recombine_pseudolabel,1.5,0.8,ridge,0,316,465,2.471518987341772,True,0.8446358839927179,0.800000011920929,0.85,reaction_role_concat,6144,random_forest,False,valid,mae,11.243214191764215,2,0.1,random,,
condition_recombine_pseudolabel__mult_1.5__sim_0.8__teacher_ridge__seed_0,condition_recombine_pseudolabel,1.5,0.8,ridge,0,316,465,2.471518987341772,True,0.8446358839927179,0.800000011920929,0.85,reaction_role_concat,6144,random_forest,False,valid,r2,0.735833348588704,2,0.1,random,,
condition_recombine_pseudolabel__mult_1.5__sim_0.8__teacher_ridge__seed_0,condition_recombine_pseudolabel,1.5,0.8,ridge,0,316,465,2.471518987341772,True,0.8446358839927179,0.800000011920929,0.85,reaction_role_concat,6144,random_forest,False,valid,spearman,0.870440236897101,2,0.1,random,,
condition_recombine_pseudolabel__mult_1.5__sim_0.8__teacher_ridge__seed_1,condition_recombine_pseudolabel,1.5,0.8,ridge,1,316,460,2.4556962025316458,True,0.8448122510443561,0.800000011920929,0.85,reaction_role_concat,6144,random_forest,False,valid,rmse,14.588465898300688,2,0.1,random,,
condition_recombine_pseudolabel__mult_1.5__sim_0.8__teacher_ridge__seed_1,condition_recombine_pseudolabel,1.5,0.8,ridge,1,316,460,2.4556962025316458,True,0.8448122510443561,0.800000011920929,0.85,reaction_role_concat,6144,random_forest,False,valid,mae,11.47214609073159,2,0.1,random,,
condition_recombine_pseudolabel__mult_1.5__sim_0.8__teacher_ridge__seed_1,condition_recombine_pseudolabel,1.5,0.8,ridge,1,316,460,2.4556962025316458,True,0.8448122510443561,0.800000011920929,0.85,reaction_role_concat,6144,random_forest,False,valid,r2,0.7336632209074725,2,0.1,random,,
condition_recombine_pseudolabel__mult_1.5__sim_0.8__teacher_ridge__seed_1,condition_recombine_pseudolabel,1.5,0.8,ridge,1,316,460,2.4556962025316458,True,0.8448122510443561,0.800000011920929,0.85,reaction_role_concat,6144,random_forest,False,valid,spearman,0.8770044416898073,2,0.1,random,,
condition_recombine_pseudolabel__mult_1.5__sim_0.8__teacher_ridge__seed_2,condition_recombine_pseudolabel,1.5,0.8,ridge,2,316,463,2.4651898734177213,True,0.8449502867704847,0.800000011920929,0.85,reaction_role_concat,6144,random_forest,False,valid,rmse,14.817883575536673,2,0.1,random,,
condition_recombine_pseudolabel__mult_1.5__sim_0.8__teacher_ridge__seed_2,condition_recombine_pseudolabel,1.5,0.8,ridge,2,316,463,2.4651898734177213,True,0.8449502867704847,0.800000011920929,0.85,reaction_role_concat,6144,random_forest,False,valid,mae,11.582429716544059,2,0.1,random,,
condition_recombine_pseudolabel__mult_1.5__sim_0.8__teacher_ridge__seed_2,condition_recombine_pseudolabel,1.5,0.8,ridge,2,316,463,2.4651898734177213,True,0.8449502867704847,0.800000011920929,0.85,reaction_role_concat,6144,random_forest,False,valid,r2,0.7252205494952246,2,0.1,random,,
condition_recombine_pseudolabel__mult_1.5__sim_0.8__teacher_ridge__seed_2,condition_recombine_pseudolabel,1.5,0.8,ridge,2,316,463,2.4651898734177213,True,0.8449502867704847,0.800000011920929,0.85,reaction_role_concat,6144,random_forest,False,valid,spearman,0.8730233649276027,2,0.1,random,,
condition_recombine_pseudolabel__mult_1.5__sim_0.8__teacher_ridge__seed_3,condition_recombine_pseudolabel,1.5,0.8,ridge,3,316,464,2.4683544303797467,True,0.8434172327148501,0.800000011920929,0.85,reaction_role_concat,6144,random_forest,False,valid,rmse,14.684018018285563,2,0.1,random,,
condition_recombine_pseudolabel__mult_1.5__sim_0.8__teacher_ridge__seed_3,condition_recombine_pseudolabel,1.5,0.8,ridge,3,316,464,2.4683544303797467,True,0.8434172327148501,0.800000011920929,0.85,reaction_role_concat,6144,random_forest,False,valid,mae,11.524696563666382,2,0.1,random,,
condition_recombine_pseudolabel__mult_1.5__sim_0.8__teacher_ridge__seed_3,condition_recombine_pseudolabel,1.5,0.8,ridge,3,316,464,2.4683544303797467,True,0.8434172327148501,0.800000011920929,0.85,reaction_role_concat,6144,random_forest,False,valid,r2,0.7301628682816146,2,0.1,random,,
condition_recombine_pseudolabel__mult_1.5__sim_0.8__teacher_ridge__seed_3,condition_recombine_pseudolabel,1.5,0.8,ridge,3,316,464,2.4683544303797467,True,0.8434172327148501,0.800000011920929,0.85,reaction_role_concat,6144,random_forest,False,valid,spearman,0.8696048369131725,2,0.1,random,,
condition_recombine_pseudolabel__mult_1.5__sim_0.8__teacher_ridge__seed_4,condition_recombine_pseudolabel,1.5,0.8,ridge,4,316,460,2.4556962025316458,True,0.8447826841084851,0.800000011920929,0.85,reaction_role_concat,6144,random_forest,False,valid,rmse,14.397985497212574,2,0.1,random,,
condition_recombine_pseudolabel__mult_1.5__sim_0.8__teacher_ridge__seed_4,condition_recombine_pseudolabel,1.5,0.8,ridge,4,316,460,2.4556962025316458,True,0.8447826841084851,0.800000011920929,0.85,reaction_role_concat,6144,random_forest,False,valid,mae,11.23758120613234,2,0.1,random,,
condition_recombine_pseudolabel__mult_1.5__sim_0.8__teacher_ridge__seed_4,condition_recombine_pseudolabel,1.5,0.8,ridge,4,316,460,2.4556962025316458,True,0.8447826841084851,0.800000011920929,0.85,reaction_role_concat,6144,random_forest,False,valid,r2,0.7405728898875057,2,0.1,random,,
condition_recombine_pseudolabel__mult_1.5__sim_0.8__teacher_ridge__seed_4,condition_recombine_pseudolabel,1.5,0.8,ridge,4,316,460,2.4556962025316458,True,0.8447826841084851,0.800000011920929,0.85,reaction_role_concat,6144,random_forest,False,valid,spearman,0.8737496049416066,2,0.1,random,,
condition_recombine_pseudolabel__mult_1.5__sim_0.8__teacher_rf__seed_0,condition_recombine_pseudolabel,1.5,0.8,random_forest,0,316,465,2.471518987341772,True,0.8446358839927179,0.800000011920929,0.85,reaction_role_concat,6144,random_forest,False,valid,rmse,14.025935929277805,2,0.1,random,,
condition_recombine_pseudolabel__mult_1.5__sim_0.8__teacher_rf__seed_0,condition_recombine_pseudolabel,1.5,0.8,random_forest,0,316,465,2.471518987341772,True,0.8446358839927179,0.800000011920929,0.85,reaction_role_concat,6144,random_forest,False,valid,mae,10.021883170976292,2,0.1,random,,
condition_recombine_pseudolabel__mult_1.5__sim_0.8__teacher_rf__seed_0,condition_recombine_pseudolabel,1.5,0.8,random_forest,0,316,465,2.471518987341772,True,0.8446358839927179,0.800000011920929,0.85,reaction_role_concat,6144,random_forest,False,valid,r2,0.7538070593905299,2,0.1,random,,
condition_recombine_pseudolabel__mult_1.5__sim_0.8__teacher_rf__seed_0,condition_recombine_pseudolabel,1.5,0.8,random_forest,0,316,465,2.471518987341772,True,0.8446358839927179,0.800000011920929,0.85,reaction_role_concat,6144,random_forest,False,valid,spearman,0.8831759237718031,2,0.1,random,,
condition_recombine_pseudolabel__mult_1.5__sim_0.8__teacher_rf__seed_1,condition_recombine_pseudolabel,1.5,0.8,random_forest,1,316,460,2.4556962025316458,True,0.8448122510443561,0.800000011920929,0.85,reaction_role_concat,6144,random_forest,False,valid,rmse,14.4101607752005,2,0.1,random,,
condition_recombine_pseudolabel__mult_1.5__sim_0.8__teacher_rf__seed_1,condition_recombine_pseudolabel,1.5,0.8,random_forest,1,316,460,2.4556962025316458,True,0.8448122510443561,0.800000011920929,0.85,reaction_role_concat,6144,random_forest,False,valid,mae,10.344408054118668,2,0.1,random,,
condition_recombine_pseudolabel__mult_1.5__sim_0.8__teacher_rf__seed_1,condition_recombine_pseudolabel,1.5,0.8,random_forest,1,316,460,2.4556962025316458,True,0.8448122510443561,0.800000011920929,0.85,reaction_role_concat,6144,random_forest,False,valid,r2,0.7401339489431384,2,0.1,random,,
condition_recombine_pseudolabel__mult_1.5__sim_0.8__teacher_rf__seed_1,condition_recombine_pseudolabel,1.5,0.8,random_forest,1,316,460,2.4556962025316458,True,0.8448122510443561,0.800000011920929,0.85,reaction_role_concat,6144,random_forest,False,valid,spearman,0.8744269615435658,2,0.1,random,,
condition_recombine_pseudolabel__mult_1.5__sim_0.8__teacher_rf__seed_2,condition_recombine_pseudolabel,1.5,0.8,random_forest,2,316,463,2.4651898734177213,True,0.8449502867704847,0.800000011920929,0.85,reaction_role_concat,6144,random_forest,False,valid,rmse,14.332778566366523,2,0.1,random,,
condition_recombine_pseudolabel__mult_1.5__sim_0.8__teacher_rf__seed_2,condition_recombine_pseudolabel,1.5,0.8,random_forest,2,316,463,2.4651898734177213,True,0.8449502867704847,0.800000011920929,0.85,reaction_role_concat,6144,random_forest,False,valid,mae,10.34115512745667,2,0.1,random,,
condition_recombine_pseudolabel__mult_1.5__sim_0.8__teacher_rf__seed_2,condition_recombine_pseudolabel,1.5,0.8,random_forest,2,316,463,2.4651898734177213,True,0.8449502867704847,0.800000011920929,0.85,reaction_role_concat,6144,random_forest,False,valid,r2,0.7429174038820139,2,0.1,random,,
condition_recombine_pseudolabel__mult_1.5__sim_0.8__teacher_rf__seed_2,condition_recombine_pseudolabel,1.5,0.8,random_forest,2,316,463,2.4651898734177213,True,0.8449502867704847,0.800000011920929,0.85,reaction_role_concat,6144,random_forest,False,valid,spearman,0.8770173928726798,2,0.1,random,,
condition_recombine_pseudolabel__mult_1.5__sim_0.8__teacher_rf__seed_3,condition_recombine_pseudolabel,1.5,0.8,random_forest,3,316,464,2.4683544303797467,True,0.8434172327148501,0.800000011920929,0.85,reaction_role_concat,6144,random_forest,False,valid,rmse,14.403223749190106,2,0.1,random,,
condition_recombine_pseudolabel__mult_1.5__sim_0.8__teacher_rf__seed_3,condition_recombine_pseudolabel,1.5,0.8,random_forest,3,316,464,2.4683544303797467,True,0.8434172327148501,0.800000011920929,0.85,reaction_role_concat,6144,random_forest,False,valid,mae,10.265226944314529,2,0.1,random,,
condition_recombine_pseudolabel__mult_1.5__sim_0.8__teacher_rf__seed_3,condition_recombine_pseudolabel,1.5,0.8,random_forest,3,316,464,2.4683544303797467,True,0.8434172327148501,0.800000011920929,0.85,reaction_role_concat,6144,random_forest,False,valid,r2,0.7403840868390026,2,0.1,random,,
condition_recombine_pseudolabel__mult_1.5__sim_0.8__teacher_rf__seed_3,condition_recombine_pseudolabel,1.5,0.8,random_forest,3,316,464,2.4683544303797467,True,0.8434172327148501,0.800000011920929,0.85,reaction_role_concat,6144,random_forest,False,valid,spearman,0.8744204372634721,2,0.1,random,,
condition_recombine_pseudolabel__mult_1.5__sim_0.8__teacher_rf__seed_4,condition_recombine_pseudolabel,1.5,0.8,random_forest,4,316,460,2.4556962025316458,True,0.8447826841084851,0.800000011920929,0.85,reaction_role_concat,6144,random_forest,False,valid,rmse,14.825723856437884,2,0.1,random,,
condition_recombine_pseudolabel__mult_1.5__sim_0.8__teacher_rf__seed_4,condition_recombine_pseudolabel,1.5,0.8,random_forest,4,316,460,2.4556962025316458,True,0.8447826841084851,0.800000011920929,0.85,reaction_role_concat,6144,random_forest,False,valid,mae,10.601037939491151,2,0.1,random,,
condition_recombine_pseudolabel__mult_1.5__sim_0.8__teacher_rf__seed_4,condition_recombine_pseudolabel,1.5,0.8,random_forest,4,316,460,2.4556962025316458,True,0.8447826841084851,0.800000011920929,0.85,reaction_role_concat,6144,random_forest,False,valid,r2,0.7249296958102541,2,0.1,random,,
condition_recombine_pseudolabel__mult_1.5__sim_0.8__teacher_rf__seed_4,condition_recombine_pseudolabel,1.5,0.8,random_forest,4,316,460,2.4556962025316458,True,0.8447826841084851,0.800000011920929,0.85,reaction_role_concat,6144,random_forest,False,valid,spearman,0.8701986437790074,2,0.1,random,,
condition_recombine_pseudolabel__mult_1.5__sim_0.85__teacher_ridge__seed_0,condition_recombine_pseudolabel,1.5,0.85,ridge,0,316,347,2.098101265822785,True,0.8499999999999998,0.85,0.85,reaction_role_concat,6144,random_forest,False,valid,rmse,14.790444769123352,2,0.1,random,,
condition_recombine_pseudolabel__mult_1.5__sim_0.85__teacher_ridge__seed_0,condition_recombine_pseudolabel,1.5,0.85,ridge,0,316,347,2.098101265822785,True,0.8499999999999998,0.85,0.85,reaction_role_concat,6144,random_forest,False,valid,mae,11.15893476029212,2,0.1,random,,
condition_recombine_pseudolabel__mult_1.5__sim_0.85__teacher_ridge__seed_0,condition_recombine_pseudolabel,1.5,0.85,ridge,0,316,347,2.098101265822785,True,0.8499999999999998,0.85,0.85,reaction_role_concat,6144,random_forest,False,valid,r2,0.7262372452220947,2,0.1,random,,
condition_recombine_pseudolabel__mult_1.5__sim_0.85__teacher_ridge__seed_0,condition_recombine_pseudolabel,1.5,0.85,ridge,0,316,347,2.098101265822785,True,0.8499999999999998,0.85,0.85,reaction_role_concat,6144,random_forest,False,valid,spearman,0.8665590692599124,2,0.1,random,,
condition_recombine_pseudolabel__mult_1.5__sim_0.85__teacher_ridge__seed_1,condition_recombine_pseudolabel,1.5,0.85,ridge,1,316,345,2.0917721518987342,True,0.8499999999999996,0.85,0.85,reaction_role_concat,6144,random_forest,False,valid,rmse,14.430446105710965,2,0.1,random,,
condition_recombine_pseudolabel__mult_1.5__sim_0.85__teacher_ridge__seed_1,condition_recombine_pseudolabel,1.5,0.85,ridge,1,316,345,2.0917721518987342,True,0.8499999999999996,0.85,0.85,reaction_role_concat,6144,random_forest,False,valid,mae,11.117085240247128,2,0.1,random,,
condition_recombine_pseudolabel__mult_1.5__sim_0.85__teacher_ridge__seed_1,condition_recombine_pseudolabel,1.5,0.85,ridge,1,316,345,2.0917721518987342,True,0.8499999999999996,0.85,0.85,reaction_role_concat,6144,random_forest,False,valid,r2,0.7394018017913306,2,0.1,random,,
condition_recombine_pseudolabel__mult_1.5__sim_0.85__teacher_ridge__seed_1,condition_recombine_pseudolabel,1.5,0.85,ridge,1,316,345,2.0917721518987342,True,0.8499999999999996,0.85,0.85,reaction_role_concat,6144,random_forest,False,valid,spearman,0.876089679194292,2,0.1,random,,
condition_recombine_pseudolabel__mult_1.5__sim_0.85__teacher_ridge__seed_2,condition_recombine_pseudolabel,1.5,0.85,ridge,2,316,348,2.1012658227848102,True,0.8499999999999998,0.85,0.85,reaction_role_concat,6144,random_forest,False,valid,rmse,14.630224859961242,2,0.1,random,,
condition_recombine_pseudolabel__mult_1.5__sim_0.85__teacher_ridge__seed_2,condition_recombine_pseudolabel,1.5,0.85,ridge,2,316,348,2.1012658227848102,True,0.8499999999999998,0.85,0.85,reaction_role_concat,6144,random_forest,False,valid,mae,11.381473105010354,2,0.1,random,,
condition_recombine_pseudolabel__mult_1.5__sim_0.85__teacher_ridge__seed_2,condition_recombine_pseudolabel,1.5,0.85,ridge,2,316,348,2.1012658227848102,True,0.8499999999999998,0.85,0.85,reaction_role_concat,6144,random_forest,False,valid,r2,0.7321362796221127,2,0.1,random,,
condition_recombine_pseudolabel__mult_1.5__sim_0.85__teacher_ridge__seed_2,condition_recombine_pseudolabel,1.5,0.85,ridge,2,316,348,2.1012658227848102,True,0.8499999999999998,0.85,0.85,reaction_role_concat,6144,random_forest,False,valid,spearman,0.8737912824323539,2,0.1,random,,
condition_recombine_pseudolabel__mult_1.5__sim_0.85__teacher_ridge__seed_3,condition_recombine_pseudolabel,1.5,0.85,ridge,3,316,319,2.009493670886076,True,0.8499999999999998,0.85,0.85,reaction_role_concat,6144,random_forest,False,valid,rmse,14.509981678655171,2,0.1,random,,
condition_recombine_pseudolabel__mult_1.5__sim_0.85__teacher_ridge__seed_3,condition_recombine_pseudolabel,1.5,0.85,ridge,3,316,319,2.009493670886076,True,0.8499999999999998,0.85,0.85,reaction_role_concat,6144,random_forest,False,valid,mae,11.21209690084714,2,0.1,random,,
condition_recombine_pseudolabel__mult_1.5__sim_0.85__teacher_ridge__seed_3,condition_recombine_pseudolabel,1.5,0.85,ridge,3,316,319,2.009493670886076,True,0.8499999999999998,0.85,0.85,reaction_role_concat,6144,random_forest,False,valid,r2,0.7365212329770506,2,0.1,random,,
condition_recombine_pseudolabel__mult_1.5__sim_0.85__teacher_ridge__seed_3,condition_recombine_pseudolabel,1.5,0.85,ridge,3,316,319,2.009493670886076,True,0.8499999999999998,0.85,0.85,reaction_role_concat,6144,random_forest,False,valid,spearman,0.8719051812214071,2,0.1,random,,
condition_recombine_pseudolabel__mult_1.5__sim_0.85__teacher_ridge__seed_4,condition_recombine_pseudolabel,1.5,0.85,ridge,4,316,351,2.1107594936708862,True,0.8499999999999998,0.85,0.85,reaction_role_concat,6144,random_forest,False,valid,rmse,14.244101900978293,2,0.1,random,,
condition_recombine_pseudolabel__mult_1.5__sim_0.85__teacher_ridge__seed_4,condition_recombine_pseudolabel,1.5,0.85,ridge,4,316,351,2.1107594936708862,True,0.8499999999999998,0.85,0.85,reaction_role_concat,6144,random_forest,False,valid,mae,10.902835507489456,2,0.1,random,,
condition_recombine_pseudolabel__mult_1.5__sim_0.85__teacher_ridge__seed_4,condition_recombine_pseudolabel,1.5,0.85,ridge,4,316,351,2.1107594936708862,True,0.8499999999999998,0.85,0.85,reaction_role_concat,6144,random_forest,False,valid,r2,0.7460886946701066,2,0.1,random,,
condition_recombine_pseudolabel__mult_1.5__sim_0.85__teacher_ridge__seed_4,condition_recombine_pseudolabel,1.5,0.85,ridge,4,316,351,2.1107594936708862,True,0.8499999999999998,0.85,0.85,reaction_role_concat,6144,random_forest,False,valid,spearman,0.8764163800855476,2,0.1,random,,
condition_recombine_pseudolabel__mult_1.5__sim_0.85__teacher_rf__seed_0,condition_recombine_pseudolabel,1.5,0.85,random_forest,0,316,347,2.098101265822785,True,0.8499999999999998,0.85,0.85,reaction_role_concat,6144,random_forest,False,valid,rmse,14.282352724153887,2,0.1,random,,
condition_recombine_pseudolabel__mult_1.5__sim_0.85__teacher_rf__seed_0,condition_recombine_pseudolabel,1.5,0.85,random_forest,0,316,347,2.098101265822785,True,0.8499999999999998,0.85,0.85,reaction_role_concat,6144,random_forest,False,valid,mae,10.229705322075494,2,0.1,random,,
condition_recombine_pseudolabel__mult_1.5__sim_0.85__teacher_rf__seed_0,condition_recombine_pseudolabel,1.5,0.85,random_forest,0,316,347,2.098101265822785,True,0.8499999999999998,0.85,0.85,reaction_role_concat,6144,random_forest,False,valid,r2,0.7447231670799302,2,0.1,random,,
condition_recombine_pseudolabel__mult_1.5__sim_0.85__teacher_rf__seed_0,condition_recombine_pseudolabel,1.5,0.85,random_forest,0,316,347,2.098101265822785,True,0.8499999999999998,0.85,0.85,reaction_role_concat,6144,random_forest,False,valid,spearman,0.8786177890419147,2,0.1,random,,
condition_recombine_pseudolabel__mult_1.5__sim_0.85__teacher_rf__seed_1,condition_recombine_pseudolabel,1.5,0.85,random_forest,1,316,345,2.0917721518987342,True,0.8499999999999996,0.85,0.85,reaction_role_concat,6144,random_forest,False,valid,rmse,14.288965195854951,2,0.1,random,,
condition_recombine_pseudolabel__mult_1.5__sim_0.85__teacher_rf__seed_1,condition_recombine_pseudolabel,1.5,0.85,random_forest,1,316,345,2.0917721518987342,True,0.8499999999999996,0.85,0.85,reaction_role_concat,6144,random_forest,False,valid,mae,10.303697932728484,2,0.1,random,,
condition_recombine_pseudolabel__mult_1.5__sim_0.85__teacher_rf__seed_1,condition_recombine_pseudolabel,1.5,0.85,random_forest,1,316,345,2.0917721518987342,True,0.8499999999999996,0.85,0.85,reaction_role_concat,6144,random_forest,False,valid,r2,0.7444867352223064,2,0.1,random,,
condition_recombine_pseudolabel__mult_1.5__sim_0.85__teacher_rf__seed_1,condition_recombine_pseudolabel,1.5,0.85,random_forest,1,316,345,2.0917721518987342,True,0.8499999999999996,0.85,0.85,reaction_role_concat,6144,random_forest,False,valid,spearman,0.8778687627362404,2,0.1,random,,
condition_recombine_pseudolabel__mult_1.5__sim_0.85__teacher_rf__seed_2,condition_recombine_pseudolabel,1.5,0.85,random_forest,2,316,348,2.1012658227848102,True,0.8499999999999998,0.85,0.85,reaction_role_concat,6144,random_forest,False,valid,rmse,14.627492760536983,2,0.1,random,,
condition_recombine_pseudolabel__mult_1.5__sim_0.85__teacher_rf__seed_2,condition_recombine_pseudolabel,1.5,0.85,random_forest,2,316,348,2.1012658227848102,True,0.8499999999999998,0.85,0.85,reaction_role_concat,6144,random_forest,False,valid,mae,10.447404213706148,2,0.1,random,,
condition_recombine_pseudolabel__mult_1.5__sim_0.85__teacher_rf__seed_2,condition_recombine_pseudolabel,1.5,0.85,random_forest,2,316,348,2.1012658227848102,True,0.8499999999999998,0.85,0.85,reaction_role_concat,6144,random_forest,False,valid,r2,0.7322363138992275,2,0.1,random,,
condition_recombine_pseudolabel__mult_1.5__sim_0.85__teacher_rf__seed_2,condition_recombine_pseudolabel,1.5,0.85,random_forest,2,316,348,2.1012658227848102,True,0.8499999999999998,0.85,0.85,reaction_role_concat,6144,random_forest,False,valid,spearman,0.8706403472790772,2,0.1,random,,
condition_recombine_pseudolabel__mult_1.5__sim_0.85__teacher_rf__seed_3,condition_recombine_pseudolabel,1.5,0.85,random_forest,3,316,319,2.009493670886076,True,0.8499999999999998,0.85,0.85,reaction_role_concat,6144,random_forest,False,valid,rmse,14.444874599502663,2,0.1,random,,
condition_recombine_pseudolabel__mult_1.5__sim_0.85__teacher_rf__seed_3,condition_recombine_pseudolabel,1.5,0.85,random_forest,3,316,319,2.009493670886076,True,0.8499999999999998,0.85,0.85,reaction_role_concat,6144,random_forest,False,valid,mae,10.320963970063984,2,0.1,random,,
condition_recombine_pseudolabel__mult_1.5__sim_0.85__teacher_rf__seed_3,condition_recombine_pseudolabel,1.5,0.85,random_forest,3,316,319,2.009493670886076,True,0.8499999999999998,0.85,0.85,reaction_role_concat,6144,random_forest,False,valid,r2,0.7388804153805689,2,0.1,random,,
condition_recombine_pseudolabel__mult_1.5__sim_0.85__teacher_rf__seed_3,condition_recombine_pseudolabel,1.5,0.85,random_forest,3,316,319,2.009493670886076,True,0.8499999999999998,0.85,0.85,reaction_role_concat,6144,random_forest,False,valid,spearman,0.8743268576639203,2,0.1,random,,
condition_recombine_pseudolabel__mult_1.5__sim_0.85__teacher_rf__seed_4,condition_recombine_pseudolabel,1.5,0.85,random_forest,4,316,351,2.1107594936708862,True,0.8499999999999998,0.85,0.85,reaction_role_concat,6144,random_forest,False,valid,rmse,14.749797902132261,2,0.1,random,,
condition_recombine_pseudolabel__mult_1.5__sim_0.85__teacher_rf__seed_4,condition_recombine_pseudolabel,1.5,0.85,random_forest,4,316,351,2.1107594936708862,True,0.8499999999999998,0.85,0.85,reaction_role_concat,6144,random_forest,False,valid,mae,10.52044715899644,2,0.1,random,,
condition_recombine_pseudolabel__mult_1.5__sim_0.85__teacher_rf__seed_4,condition_recombine_pseudolabel,1.5,0.85,random_forest,4,316,351,2.1107594936708862,True,0.8499999999999998,0.85,0.85,reaction_role_concat,6144,random_forest,False,valid,r2,0.7277398785923559,2,0.1,random,,
condition_recombine_pseudolabel__mult_1.5__sim_0.85__teacher_rf__seed_4,condition_recombine_pseudolabel,1.5,0.85,random_forest,4,316,351,2.1107594936708862,True,0.8499999999999998,0.85,0.85,reaction_role_concat,6144,random_forest,False,valid,spearman,0.8700447876215756,2,0.1,random,,
condition_recombine_pseudolabel__mult_1.5__sim_0.9__teacher_ridge__seed_0,condition_recombine_pseudolabel,1.5,0.9,ridge,0,316,156,1.4936708860759493,True,0.8499999999999998,0.85,0.85,reaction_role_concat,6144,random_forest,False,valid,rmse,14.218413993528245,2,0.1,random,,
condition_recombine_pseudolabel__mult_1.5__sim_0.9__teacher_ridge__seed_0,condition_recombine_pseudolabel,1.5,0.9,ridge,0,316,156,1.4936708860759493,True,0.8499999999999998,0.85,0.85,reaction_role_concat,6144,random_forest,False,valid,mae,10.47253061537652,2,0.1,random,,
condition_recombine_pseudolabel__mult_1.5__sim_0.9__teacher_ridge__seed_0,condition_recombine_pseudolabel,1.5,0.9,ridge,0,316,156,1.4936708860759493,True,0.8499999999999998,0.85,0.85,reaction_role_concat,6144,random_forest,False,valid,r2,0.7470036795308344,2,0.1,random,,
condition_recombine_pseudolabel__mult_1.5__sim_0.9__teacher_ridge__seed_0,condition_recombine_pseudolabel,1.5,0.9,ridge,0,316,156,1.4936708860759493,True,0.8499999999999998,0.85,0.85,reaction_role_concat,6144,random_forest,False,valid,spearman,0.8801004560375197,2,0.1,random,,
condition_recombine_pseudolabel__mult_1.5__sim_0.9__teacher_ridge__seed_1,condition_recombine_pseudolabel,1.5,0.9,ridge,1,316,162,1.5126582278481013,True,0.8499999999999998,0.85,0.85,reaction_role_concat,6144,random_forest,False,valid,rmse,14.319209191166129,2,0.1,random,,
condition_recombine_pseudolabel__mult_1.5__sim_0.9__teacher_ridge__seed_1,condition_recombine_pseudolabel,1.5,0.9,ridge,1,316,162,1.5126582278481013,True,0.8499999999999998,0.85,0.85,reaction_role_concat,6144,random_forest,False,valid,mae,10.720433659271349,2,0.1,random,,
condition_recombine_pseudolabel__mult_1.5__sim_0.9__teacher_ridge__seed_1,condition_recombine_pseudolabel,1.5,0.9,ridge,1,316,162,1.5126582278481013,True,0.8499999999999998,0.85,0.85,reaction_role_concat,6144,random_forest,False,valid,r2,0.7434039527901988,2,0.1,random,,
condition_recombine_pseudolabel__mult_1.5__sim_0.9__teacher_ridge__seed_1,condition_recombine_pseudolabel,1.5,0.9,ridge,1,316,162,1.5126582278481013,True,0.8499999999999998,0.85,0.85,reaction_role_concat,6144,random_forest,False,valid,spearman,0.8802573308917113,2,0.1,random,,
condition_recombine_pseudolabel__mult_1.5__sim_0.9__teacher_ridge__seed_2,condition_recombine_pseudolabel,1.5,0.9,ridge,2,316,162,1.5126582278481013,True,0.8499999999999998,0.85,0.85,reaction_role_concat,6144,random_forest,False,valid,rmse,14.265307050796261,2,0.1,random,,
condition_recombine_pseudolabel__mult_1.5__sim_0.9__teacher_ridge__seed_2,condition_recombine_pseudolabel,1.5,0.9,ridge,2,316,162,1.5126582278481013,True,0.8499999999999998,0.85,0.85,reaction_role_concat,6144,random_forest,False,valid,mae,10.65479473788678,2,0.1,random,,
condition_recombine_pseudolabel__mult_1.5__sim_0.9__teacher_ridge__seed_2,condition_recombine_pseudolabel,1.5,0.9,ridge,2,316,162,1.5126582278481013,True,0.8499999999999998,0.85,0.85,reaction_role_concat,6144,random_forest,False,valid,r2,0.7453321380197011,2,0.1,random,,
condition_recombine_pseudolabel__mult_1.5__sim_0.9__teacher_ridge__seed_2,condition_recombine_pseudolabel,1.5,0.9,ridge,2,316,162,1.5126582278481013,True,0.8499999999999998,0.85,0.85,reaction_role_concat,6144,random_forest,False,valid,spearman,0.8790762414401354,2,0.1,random,,
condition_recombine_pseudolabel__mult_1.5__sim_0.9__teacher_ridge__seed_3,condition_recombine_pseudolabel,1.5,0.9,ridge,3,316,142,1.4493670886075949,True,0.8499999999999999,0.85,0.85,reaction_role_concat,6144,random_forest,False,valid,rmse,14.036863490653932,2,0.1,random,,
condition_recombine_pseudolabel__mult_1.5__sim_0.9__teacher_ridge__seed_3,condition_recombine_pseudolabel,1.5,0.9,ridge,3,316,142,1.4493670886075949,True,0.8499999999999999,0.85,0.85,reaction_role_concat,6144,random_forest,False,valid,mae,10.67455446510979,2,0.1,random,,
condition_recombine_pseudolabel__mult_1.5__sim_0.9__teacher_ridge__seed_3,condition_recombine_pseudolabel,1.5,0.9,ridge,3,316,142,1.4493670886075949,True,0.8499999999999999,0.85,0.85,reaction_role_concat,6144,random_forest,False,valid,r2,0.7534232937038796,2,0.1,random,,
condition_recombine_pseudolabel__mult_1.5__sim_0.9__teacher_ridge__seed_3,condition_recombine_pseudolabel,1.5,0.9,ridge,3,316,142,1.4493670886075949,True,0.8499999999999999,0.85,0.85,reaction_role_concat,6144,random_forest,False,valid,spearman,0.8818220869637183,2,0.1,random,,
condition_recombine_pseudolabel__mult_1.5__sim_0.9__teacher_ridge__seed_4,condition_recombine_pseudolabel,1.5,0.9,ridge,4,316,160,1.5063291139240507,True,0.8499999999999999,0.85,0.85,reaction_role_concat,6144,random_forest,False,valid,rmse,14.518131697894027,2,0.1,random,,
condition_recombine_pseudolabel__mult_1.5__sim_0.9__teacher_ridge__seed_4,condition_recombine_pseudolabel,1.5,0.9,ridge,4,316,160,1.5063291139240507,True,0.8499999999999999,0.85,0.85,reaction_role_concat,6144,random_forest,False,valid,mae,10.72374231434849,2,0.1,random,,
condition_recombine_pseudolabel__mult_1.5__sim_0.9__teacher_ridge__seed_4,condition_recombine_pseudolabel,1.5,0.9,ridge,4,316,160,1.5063291139240507,True,0.8499999999999999,0.85,0.85,reaction_role_concat,6144,random_forest,False,valid,r2,0.7362251664298304,2,0.1,random,,
condition_recombine_pseudolabel__mult_1.5__sim_0.9__teacher_ridge__seed_4,condition_recombine_pseudolabel,1.5,0.9,ridge,4,316,160,1.5063291139240507,True,0.8499999999999999,0.85,0.85,reaction_role_concat,6144,random_forest,False,valid,spearman,0.873790698168465,2,0.1,random,,
condition_recombine_pseudolabel__mult_1.5__sim_0.9__teacher_rf__seed_0,condition_recombine_pseudolabel,1.5,0.9,random_forest,0,316,156,1.4936708860759493,True,0.8499999999999998,0.85,0.85,reaction_role_concat,6144,random_forest,False,valid,rmse,14.604052373808306,2,0.1,random,,
condition_recombine_pseudolabel__mult_1.5__sim_0.9__teacher_rf__seed_0,condition_recombine_pseudolabel,1.5,0.9,random_forest,0,316,156,1.4936708860759493,True,0.8499999999999998,0.85,0.85,reaction_role_concat,6144,random_forest,False,valid,mae,10.36300294639717,2,0.1,random,,
condition_recombine_pseudolabel__mult_1.5__sim_0.9__teacher_rf__seed_0,condition_recombine_pseudolabel,1.5,0.9,random_forest,0,316,156,1.4936708860759493,True,0.8499999999999998,0.85,0.85,reaction_role_concat,6144,random_forest,False,valid,r2,0.733093802665107,2,0.1,random,,
condition_recombine_pseudolabel__mult_1.5__sim_0.9__teacher_rf__seed_0,condition_recombine_pseudolabel,1.5,0.9,random_forest,0,316,156,1.4936708860759493,True,0.8499999999999998,0.85,0.85,reaction_role_concat,6144,random_forest,False,valid,spearman,0.8734061551522005,2,0.1,random,,
condition_recombine_pseudolabel__mult_1.5__sim_0.9__teacher_rf__seed_1,condition_recombine_pseudolabel,1.5,0.9,random_forest,1,316,162,1.5126582278481013,True,0.8499999999999998,0.85,0.85,reaction_role_concat,6144,random_forest,False,valid,rmse,14.59185053143542,2,0.1,random,,
condition_recombine_pseudolabel__mult_1.5__sim_0.9__teacher_rf__seed_1,condition_recombine_pseudolabel,1.5,0.9,random_forest,1,316,162,1.5126582278481013,True,0.8499999999999998,0.85,0.85,reaction_role_concat,6144,random_forest,False,valid,mae,10.370174063566742,2,0.1,random,,
condition_recombine_pseudolabel__mult_1.5__sim_0.9__teacher_rf__seed_1,condition_recombine_pseudolabel,1.5,0.9,random_forest,1,316,162,1.5126582278481013,True,0.8499999999999998,0.85,0.85,reaction_role_concat,6144,random_forest,False,valid,r2,0.733539622324094,2,0.1,random,,
condition_recombine_pseudolabel__mult_1.5__sim_0.9__teacher_rf__seed_1,condition_recombine_pseudolabel,1.5,0.9,random_forest,1,316,162,1.5126582278481013,True,0.8499999999999998,0.85,0.85,reaction_role_concat,6144,random_forest,False,valid,spearman,0.8743360111315143,2,0.1,random,,
condition_recombine_pseudolabel__mult_1.5__sim_0.9__teacher_rf__seed_2,condition_recombine_pseudolabel,1.5,0.9,random_forest,2,316,162,1.5126582278481013,True,0.8499999999999998,0.85,0.85,reaction_role_concat,6144,random_forest,False,valid,rmse,14.53859521420506,2,0.1,random,,
condition_recombine_pseudolabel__mult_1.5__sim_0.9__teacher_rf__seed_2,condition_recombine_pseudolabel,1.5,0.9,random_forest,2,316,162,1.5126582278481013,True,0.8499999999999998,0.85,0.85,reaction_role_concat,6144,random_forest,False,valid,mae,10.343842190817941,2,0.1,random,,
condition_recombine_pseudolabel__mult_1.5__sim_0.9__teacher_rf__seed_2,condition_recombine_pseudolabel,1.5,0.9,random_forest,2,316,162,1.5126582278481013,True,0.8499999999999998,0.85,0.85,reaction_role_concat,6144,random_forest,False,valid,r2,0.7354810535050584,2,0.1,random,,
condition_recombine_pseudolabel__mult_1.5__sim_0.9__teacher_rf__seed_2,condition_recombine_pseudolabel,1.5,0.9,random_forest,2,316,162,1.5126582278481013,True,0.8499999999999998,0.85,0.85,reaction_role_concat,6144,random_forest,False,valid,spearman,0.8745820836060904,2,0.1,random,,
condition_recombine_pseudolabel__mult_1.5__sim_0.9__teacher_rf__seed_3,condition_recombine_pseudolabel,1.5,0.9,random_forest,3,316,142,1.4493670886075949,True,0.8499999999999999,0.85,0.85,reaction_role_concat,6144,random_forest,False,valid,rmse,14.129226524515149,2,0.1,random,,
condition_recombine_pseudolabel__mult_1.5__sim_0.9__teacher_rf__seed_3,condition_recombine_pseudolabel,1.5,0.9,random_forest,3,316,142,1.4493670886075949,True,0.8499999999999999,0.85,0.85,reaction_role_concat,6144,random_forest,False,valid,mae,10.037691584057447,2,0.1,random,,
condition_recombine_pseudolabel__mult_1.5__sim_0.9__teacher_rf__seed_3,condition_recombine_pseudolabel,1.5,0.9,random_forest,3,316,142,1.4493670886075949,True,0.8499999999999999,0.85,0.85,reaction_role_concat,6144,random_forest,False,valid,r2,0.7501676516702721,2,0.1,random,,
condition_recombine_pseudolabel__mult_1.5__sim_0.9__teacher_rf__seed_3,condition_recombine_pseudolabel,1.5,0.9,random_forest,3,316,142,1.4493670886075949,True,0.8499999999999999,0.85,0.85,reaction_role_concat,6144,random_forest,False,valid,spearman,0.8801837136416996,2,0.1,random,,
condition_recombine_pseudolabel__mult_1.5__sim_0.9__teacher_rf__seed_4,condition_recombine_pseudolabel,1.5,0.9,random_forest,4,316,160,1.5063291139240507,True,0.8499999999999999,0.85,0.85,reaction_role_concat,6144,random_forest,False,valid,rmse,14.459766013626083,2,0.1,random,,
condition_recombine_pseudolabel__mult_1.5__sim_0.9__teacher_rf__seed_4,condition_recombine_pseudolabel,1.5,0.9,random_forest,4,316,160,1.5063291139240507,True,0.8499999999999999,0.85,0.85,reaction_role_concat,6144,random_forest,False,valid,mae,10.290854217764698,2,0.1,random,,
condition_recombine_pseudolabel__mult_1.5__sim_0.9__teacher_rf__seed_4,condition_recombine_pseudolabel,1.5,0.9,random_forest,4,316,160,1.5063291139240507,True,0.8499999999999999,0.85,0.85,reaction_role_concat,6144,random_forest,False,valid,r2,0.7383417545336645,2,0.1,random,,
condition_recombine_pseudolabel__mult_1.5__sim_0.9__teacher_rf__seed_4,condition_recombine_pseudolabel,1.5,0.9,random_forest,4,316,160,1.5063291139240507,True,0.8499999999999999,0.85,0.85,reaction_role_concat,6144,random_forest,False,valid,spearman,0.8752466837798066,2,0.1,random,,
condition_recombine_pseudolabel__mult_1.5__sim_0.95__teacher_ridge__seed_0,condition_recombine_pseudolabel,1.5,0.95,ridge,0,316,0,1.0,True,,,,reaction_role_concat,6144,random_forest,False,valid,rmse,14.101153008847355,2,0.1,random,,
condition_recombine_pseudolabel__mult_1.5__sim_0.95__teacher_ridge__seed_0,condition_recombine_pseudolabel,1.5,0.95,ridge,0,316,0,1.0,True,,,,reaction_role_concat,6144,random_forest,False,valid,mae,10.215592575794533,2,0.1,random,,
condition_recombine_pseudolabel__mult_1.5__sim_0.95__teacher_ridge__seed_0,condition_recombine_pseudolabel,1.5,0.95,ridge,0,316,0,1.0,True,,,,reaction_role_concat,6144,random_forest,False,valid,r2,0.7511594546626889,2,0.1,random,,
condition_recombine_pseudolabel__mult_1.5__sim_0.95__teacher_ridge__seed_0,condition_recombine_pseudolabel,1.5,0.95,ridge,0,316,0,1.0,True,,,,reaction_role_concat,6144,random_forest,False,valid,spearman,0.8785523514863487,2,0.1,random,,
condition_recombine_pseudolabel__mult_1.5__sim_0.95__teacher_ridge__seed_1,condition_recombine_pseudolabel,1.5,0.95,ridge,1,316,0,1.0,True,,,,reaction_role_concat,6144,random_forest,False,valid,rmse,14.101153008847355,2,0.1,random,,
condition_recombine_pseudolabel__mult_1.5__sim_0.95__teacher_ridge__seed_1,condition_recombine_pseudolabel,1.5,0.95,ridge,1,316,0,1.0,True,,,,reaction_role_concat,6144,random_forest,False,valid,mae,10.215592575794533,2,0.1,random,,
condition_recombine_pseudolabel__mult_1.5__sim_0.95__teacher_ridge__seed_1,condition_recombine_pseudolabel,1.5,0.95,ridge,1,316,0,1.0,True,,,,reaction_role_concat,6144,random_forest,False,valid,r2,0.7511594546626889,2,0.1,random,,
condition_recombine_pseudolabel__mult_1.5__sim_0.95__teacher_ridge__seed_1,condition_recombine_pseudolabel,1.5,0.95,ridge,1,316,0,1.0,True,,,,reaction_role_concat,6144,random_forest,False,valid,spearman,0.8785523514863487,2,0.1,random,,
condition_recombine_pseudolabel__mult_1.5__sim_0.95__teacher_ridge__seed_2,condition_recombine_pseudolabel,1.5,0.95,ridge,2,316,0,1.0,True,,,,reaction_role_concat,6144,random_forest,False,valid,rmse,14.101153008847355,2,0.1,random,,
condition_recombine_pseudolabel__mult_1.5__sim_0.95__teacher_ridge__seed_2,condition_recombine_pseudolabel,1.5,0.95,ridge,2,316,0,1.0,True,,,,reaction_role_concat,6144,random_forest,False,valid,mae,10.215592575794533,2,0.1,random,,
condition_recombine_pseudolabel__mult_1.5__sim_0.95__teacher_ridge__seed_2,condition_recombine_pseudolabel,1.5,0.95,ridge,2,316,0,1.0,True,,,,reaction_role_concat,6144,random_forest,False,valid,r2,0.7511594546626889,2,0.1,random,,
condition_recombine_pseudolabel__mult_1.5__sim_0.95__teacher_ridge__seed_2,condition_recombine_pseudolabel,1.5,0.95,ridge,2,316,0,1.0,True,,,,reaction_role_concat,6144,random_forest,False,valid,spearman,0.8785523514863487,2,0.1,random,,
condition_recombine_pseudolabel__mult_1.5__sim_0.95__teacher_ridge__seed_3,condition_recombine_pseudolabel,1.5,0.95,ridge,3,316,0,1.0,True,,,,reaction_role_concat,6144,random_forest,False,valid,rmse,14.101153008847355,2,0.1,random,,
condition_recombine_pseudolabel__mult_1.5__sim_0.95__teacher_ridge__seed_3,condition_recombine_pseudolabel,1.5,0.95,ridge,3,316,0,1.0,True,,,,reaction_role_concat,6144,random_forest,False,valid,mae,10.215592575794533,2,0.1,random,,
condition_recombine_pseudolabel__mult_1.5__sim_0.95__teacher_ridge__seed_3,condition_recombine_pseudolabel,1.5,0.95,ridge,3,316,0,1.0,True,,,,reaction_role_concat,6144,random_forest,False,valid,r2,0.7511594546626889,2,0.1,random,,
condition_recombine_pseudolabel__mult_1.5__sim_0.95__teacher_ridge__seed_3,condition_recombine_pseudolabel,1.5,0.95,ridge,3,316,0,1.0,True,,,,reaction_role_concat,6144,random_forest,False,valid,spearman,0.8785523514863487,2,0.1,random,,
condition_recombine_pseudolabel__mult_1.5__sim_0.95__teacher_ridge__seed_4,condition_recombine_pseudolabel,1.5,0.95,ridge,4,316,0,1.0,True,,,,reaction_role_concat,6144,random_forest,False,valid,rmse,14.101153008847355,2,0.1,random,,
condition_recombine_pseudolabel__mult_1.5__sim_0.95__teacher_ridge__seed_4,condition_recombine_pseudolabel,1.5,0.95,ridge,4,316,0,1.0,True,,,,reaction_role_concat,6144,random_forest,False,valid,mae,10.215592575794533,2,0.1,random,,
condition_recombine_pseudolabel__mult_1.5__sim_0.95__teacher_ridge__seed_4,condition_recombine_pseudolabel,1.5,0.95,ridge,4,316,0,1.0,True,,,,reaction_role_concat,6144,random_forest,False,valid,r2,0.7511594546626889,2,0.1,random,,
condition_recombine_pseudolabel__mult_1.5__sim_0.95__teacher_ridge__seed_4,condition_recombine_pseudolabel,1.5,0.95,ridge,4,316,0,1.0,True,,,,reaction_role_concat,6144,random_forest,False,valid,spearman,0.8785523514863487,2,0.1,random,,
condition_recombine_pseudolabel__mult_1.5__sim_0.95__teacher_rf__seed_0,condition_recombine_pseudolabel,1.5,0.95,random_forest,0,316,0,1.0,True,,,,reaction_role_concat,6144,random_forest,False,valid,rmse,14.101153008847355,2,0.1,random,,
condition_recombine_pseudolabel__mult_1.5__sim_0.95__teacher_rf__seed_0,condition_recombine_pseudolabel,1.5,0.95,random_forest,0,316,0,1.0,True,,,,reaction_role_concat,6144,random_forest,False,valid,mae,10.215592575794533,2,0.1,random,,
condition_recombine_pseudolabel__mult_1.5__sim_0.95__teacher_rf__seed_0,condition_recombine_pseudolabel,1.5,0.95,random_forest,0,316,0,1.0,True,,,,reaction_role_concat,6144,random_forest,False,valid,r2,0.7511594546626889,2,0.1,random,,
condition_recombine_pseudolabel__mult_1.5__sim_0.95__teacher_rf__seed_0,condition_recombine_pseudolabel,1.5,0.95,random_forest,0,316,0,1.0,True,,,,reaction_role_concat,6144,random_forest,False,valid,spearman,0.8785523514863487,2,0.1,random,,
condition_recombine_pseudolabel__mult_1.5__sim_0.95__teacher_rf__seed_1,condition_recombine_pseudolabel,1.5,0.95,random_forest,1,316,0,1.0,True,,,,reaction_role_concat,6144,random_forest,False,valid,rmse,14.101153008847355,2,0.1,random,,
condition_recombine_pseudolabel__mult_1.5__sim_0.95__teacher_rf__seed_1,condition_recombine_pseudolabel,1.5,0.95,random_forest,1,316,0,1.0,True,,,,reaction_role_concat,6144,random_forest,False,valid,mae,10.215592575794533,2,0.1,random,,
condition_recombine_pseudolabel__mult_1.5__sim_0.95__teacher_rf__seed_1,condition_recombine_pseudolabel,1.5,0.95,random_forest,1,316,0,1.0,True,,,,reaction_role_concat,6144,random_forest,False,valid,r2,0.7511594546626889,2,0.1,random,,
condition_recombine_pseudolabel__mult_1.5__sim_0.95__teacher_rf__seed_1,condition_recombine_pseudolabel,1.5,0.95,random_forest,1,316,0,1.0,True,,,,reaction_role_concat,6144,random_forest,False,valid,spearman,0.8785523514863487,2,0.1,random,,
condition_recombine_pseudolabel__mult_1.5__sim_0.95__teacher_rf__seed_2,condition_recombine_pseudolabel,1.5,0.95,random_forest,2,316,0,1.0,True,,,,reaction_role_concat,6144,random_forest,False,valid,rmse,14.101153008847355,2,0.1,random,,
condition_recombine_pseudolabel__mult_1.5__sim_0.95__teacher_rf__seed_2,condition_recombine_pseudolabel,1.5,0.95,random_forest,2,316,0,1.0,True,,,,reaction_role_concat,6144,random_forest,False,valid,mae,10.215592575794533,2,0.1,random,,
condition_recombine_pseudolabel__mult_1.5__sim_0.95__teacher_rf__seed_2,condition_recombine_pseudolabel,1.5,0.95,random_forest,2,316,0,1.0,True,,,,reaction_role_concat,6144,random_forest,False,valid,r2,0.7511594546626889,2,0.1,random,,
condition_recombine_pseudolabel__mult_1.5__sim_0.95__teacher_rf__seed_2,condition_recombine_pseudolabel,1.5,0.95,random_forest,2,316,0,1.0,True,,,,reaction_role_concat,6144,random_forest,False,valid,spearman,0.8785523514863487,2,0.1,random,,
condition_recombine_pseudolabel__mult_1.5__sim_0.95__teacher_rf__seed_3,condition_recombine_pseudolabel,1.5,0.95,random_forest,3,316,0,1.0,True,,,,reaction_role_concat,6144,random_forest,False,valid,rmse,14.101153008847355,2,0.1,random,,
condition_recombine_pseudolabel__mult_1.5__sim_0.95__teacher_rf__seed_3,condition_recombine_pseudolabel,1.5,0.95,random_forest,3,316,0,1.0,True,,,,reaction_role_concat,6144,random_forest,False,valid,mae,10.215592575794533,2,0.1,random,,
condition_recombine_pseudolabel__mult_1.5__sim_0.95__teacher_rf__seed_3,condition_recombine_pseudolabel,1.5,0.95,random_forest,3,316,0,1.0,True,,,,reaction_role_concat,6144,random_forest,False,valid,r2,0.7511594546626889,2,0.1,random,,
condition_recombine_pseudolabel__mult_1.5__sim_0.95__teacher_rf__seed_3,condition_recombine_pseudolabel,1.5,0.95,random_forest,3,316,0,1.0,True,,,,reaction_role_concat,6144,random_forest,False,valid,spearman,0.8785523514863487,2,0.1,random,,
condition_recombine_pseudolabel__mult_1.5__sim_0.95__teacher_rf__seed_4,condition_recombine_pseudolabel,1.5,0.95,random_forest,4,316,0,1.0,True,,,,reaction_role_concat,6144,random_forest,False,valid,rmse,14.101153008847355,2,0.1,random,,
condition_recombine_pseudolabel__mult_1.5__sim_0.95__teacher_rf__seed_4,condition_recombine_pseudolabel,1.5,0.95,random_forest,4,316,0,1.0,True,,,,reaction_role_concat,6144,random_forest,False,valid,mae,10.215592575794533,2,0.1,random,,
condition_recombine_pseudolabel__mult_1.5__sim_0.95__teacher_rf__seed_4,condition_recombine_pseudolabel,1.5,0.95,random_forest,4,316,0,1.0,True,,,,reaction_role_concat,6144,random_forest,False,valid,r2,0.7511594546626889,2,0.1,random,,
condition_recombine_pseudolabel__mult_1.5__sim_0.95__teacher_rf__seed_4,condition_recombine_pseudolabel,1.5,0.95,random_forest,4,316,0,1.0,True,,,,reaction_role_concat,6144,random_forest,False,valid,spearman,0.8785523514863487,2,0.1,random,,
condition_recombine_pseudolabel__mult_2__sim_0.8__teacher_ridge__seed_0,condition_recombine_pseudolabel,2.0,0.8,ridge,0,316,618,2.9556962025316458,True,0.8448730195996057,0.800000011920929,0.85,reaction_role_concat,6144,random_forest,False,valid,rmse,14.645824491987586,2,0.1,random,,
condition_recombine_pseudolabel__mult_2__sim_0.8__teacher_ridge__seed_0,condition_recombine_pseudolabel,2.0,0.8,ridge,0,316,618,2.9556962025316458,True,0.8448730195996057,0.800000011920929,0.85,reaction_role_concat,6144,random_forest,False,valid,mae,11.371876102532012,2,0.1,random,,
condition_recombine_pseudolabel__mult_2__sim_0.8__teacher_ridge__seed_0,condition_recombine_pseudolabel,2.0,0.8,ridge,0,316,618,2.9556962025316458,True,0.8448730195996057,0.800000011920929,0.85,reaction_role_concat,6144,random_forest,False,valid,r2,0.7315647500337065,2,0.1,random,,
condition_recombine_pseudolabel__mult_2__sim_0.8__teacher_ridge__seed_0,condition_recombine_pseudolabel,2.0,0.8,ridge,0,316,618,2.9556962025316458,True,0.8448730195996057,0.800000011920929,0.85,reaction_role_concat,6144,random_forest,False,valid,spearman,0.8686550185843184,2,0.1,random,,
condition_recombine_pseudolabel__mult_2__sim_0.8__teacher_ridge__seed_1,condition_recombine_pseudolabel,2.0,0.8,ridge,1,316,613,2.939873417721519,True,0.8444440734717038,0.800000011920929,0.85,reaction_role_concat,6144,random_forest,False,valid,rmse,14.268051742788558,2,0.1,random,,
condition_recombine_pseudolabel__mult_2__sim_0.8__teacher_ridge__seed_1,condition_recombine_pseudolabel,2.0,0.8,ridge,1,316,613,2.939873417721519,True,0.8444440734717038,0.800000011920929,0.85,reaction_role_concat,6144,random_forest,False,valid,mae,11.310656412313255,2,0.1,random,,
condition_recombine_pseudolabel__mult_2__sim_0.8__teacher_ridge__seed_1,condition_recombine_pseudolabel,2.0,0.8,ridge,1,316,613,2.939873417721519,True,0.8444440734717038,0.800000011920929,0.85,reaction_role_concat,6144,random_forest,False,valid,r2,0.7452341307237524,2,0.1,random,,
condition_recombine_pseudolabel__mult_2__sim_0.8__teacher_ridge__seed_1,condition_recombine_pseudolabel,2.0,0.8,ridge,1,316,613,2.939873417721519,True,0.8444440734717038,0.800000011920929,0.85,reaction_role_concat,6144,random_forest,False,valid,spearman,0.8831109731028114,2,0.1,random,,
condition_recombine_pseudolabel__mult_2__sim_0.8__teacher_ridge__seed_2,condition_recombine_pseudolabel,2.0,0.8,ridge,2,316,616,2.949367088607595,True,0.8445667262394705,0.800000011920929,0.85,reaction_role_concat,6144,random_forest,False,valid,rmse,14.870589581378226,2,0.1,random,,
condition_recombine_pseudolabel__mult_2__sim_0.8__teacher_ridge__seed_2,condition_recombine_pseudolabel,2.0,0.8,ridge,2,316,616,2.949367088607595,True,0.8445667262394705,0.800000011920929,0.85,reaction_role_concat,6144,random_forest,False,valid,mae,11.67124487453171,2,0.1,random,,
condition_recombine_pseudolabel__mult_2__sim_0.8__teacher_ridge__seed_2,condition_recombine_pseudolabel,2.0,0.8,ridge,2,316,616,2.949367088607595,True,0.8445667262394705,0.800000011920929,0.85,reaction_role_concat,6144,random_forest,False,valid,r2,0.7232623367943408,2,0.1,random,,
condition_recombine_pseudolabel__mult_2__sim_0.8__teacher_ridge__seed_2,condition_recombine_pseudolabel,2.0,0.8,ridge,2,316,616,2.949367088607595,True,0.8445667262394705,0.800000011920929,0.85,reaction_role_concat,6144,random_forest,False,valid,spearman,0.869403752758048,2,0.1,random,,
condition_recombine_pseudolabel__mult_2__sim_0.8__teacher_ridge__seed_3,condition_recombine_pseudolabel,2.0,0.8,ridge,3,316,618,2.9556962025316458,True,0.8439964094401177,0.800000011920929,0.85,reaction_role_concat,6144,random_forest,False,valid,rmse,14.644671136211219,2,0.1,random,,
condition_recombine_pseudolabel__mult_2__sim_0.8__teacher_ridge__seed_3,condition_recombine_pseudolabel,2.0,0.8,ridge,3,316,618,2.9556962025316458,True,0.8439964094401177,0.800000011920929,0.85,reaction_role_concat,6144,random_forest,False,valid,mae,11.398492316467097,2,0.1,random,,
condition_recombine_pseudolabel__mult_2__sim_0.8__teacher_ridge__seed_3,condition_recombine_pseudolabel,2.0,0.8,ridge,3,316,618,2.9556962025316458,True,0.8439964094401177,0.800000011920929,0.85,reaction_role_concat,6144,random_forest,False,valid,r2,0.7316070268144744,2,0.1,random,,
condition_recombine_pseudolabel__mult_2__sim_0.8__teacher_ridge__seed_3,condition_recombine_pseudolabel,2.0,0.8,ridge,3,316,618,2.9556962025316458,True,0.8439964094401177,0.800000011920929,0.85,reaction_role_concat,6144,random_forest,False,valid,spearman,0.8730047658604702,2,0.1,random,,
condition_recombine_pseudolabel__mult_2__sim_0.8__teacher_ridge__seed_4,condition_recombine_pseudolabel,2.0,0.8,ridge,4,316,616,2.949367088607595,True,0.8447588068517771,0.800000011920929,0.85,reaction_role_concat,6144,random_forest,False,valid,rmse,14.235401840543611,2,0.1,random,,
condition_recombine_pseudolabel__mult_2__sim_0.8__teacher_ridge__seed_4,condition_recombine_pseudolabel,2.0,0.8,ridge,4,316,616,2.949367088607595,True,0.8447588068517771,0.800000011920929,0.85,reaction_role_concat,6144,random_forest,False,valid,mae,11.149898922024649,2,0.1,random,,
condition_recombine_pseudolabel__mult_2__sim_0.8__teacher_ridge__seed_4,condition_recombine_pseudolabel,2.0,0.8,ridge,4,316,616,2.949367088607595,True,0.8447588068517771,0.800000011920929,0.85,reaction_role_concat,6144,random_forest,False,valid,r2,0.7463987695478634,2,0.1,random,,
condition_recombine_pseudolabel__mult_2__sim_0.8__teacher_ridge__seed_4,condition_recombine_pseudolabel,2.0,0.8,ridge,4,316,616,2.949367088607595,True,0.8447588068517771,0.800000011920929,0.85,reaction_role_concat,6144,random_forest,False,valid,spearman,0.8797772607295982,2,0.1,random,,
condition_recombine_pseudolabel__mult_2__sim_0.8__teacher_rf__seed_0,condition_recombine_pseudolabel,2.0,0.8,random_forest,0,316,618,2.9556962025316458,True,0.8448730195996057,0.800000011920929,0.85,reaction_role_concat,6144,random_forest,False,valid,rmse,13.988193321325143,2,0.1,random,,
condition_recombine_pseudolabel__mult_2__sim_0.8__teacher_rf__seed_0,condition_recombine_pseudolabel,2.0,0.8,random_forest,0,316,618,2.9556962025316458,True,0.8448730195996057,0.800000011920929,0.85,reaction_role_concat,6144,random_forest,False,valid,mae,10.057398417136715,2,0.1,random,,
condition_recombine_pseudolabel__mult_2__sim_0.8__teacher_rf__seed_0,condition_recombine_pseudolabel,2.0,0.8,random_forest,0,316,618,2.9556962025316458,True,0.8448730195996057,0.800000011920929,0.85,reaction_role_concat,6144,random_forest,False,valid,r2,0.7551302454852878,2,0.1,random,,
condition_recombine_pseudolabel__mult_2__sim_0.8__teacher_rf__seed_0,condition_recombine_pseudolabel,2.0,0.8,random_forest,0,316,618,2.9556962025316458,True,0.8448730195996057,0.800000011920929,0.85,reaction_role_concat,6144,random_forest,False,valid,spearman,0.8822370117022099,2,0.1,random,,
condition_recombine_pseudolabel__mult_2__sim_0.8__teacher_rf__seed_1,condition_recombine_pseudolabel,2.0,0.8,random_forest,1,316,613,2.939873417721519,True,0.8444440734717038,0.800000011920929,0.85,reaction_role_concat,6144,random_forest,False,valid,rmse,14.188973926530544,2,0.1,random,,
condition_recombine_pseudolabel__mult_2__sim_0.8__teacher_rf__seed_1,condition_recombine_pseudolabel,2.0,0.8,random_forest,1,316,613,2.939873417721519,True,0.8444440734717038,0.800000011920929,0.85,reaction_role_concat,6144,random_forest,False,valid,mae,10.250454207283786,2,0.1,random,,
condition_recombine_pseudolabel__mult_2__sim_0.8__teacher_rf__seed_1,condition_recombine_pseudolabel,2.0,0.8,random_forest,1,316,613,2.939873417721519,True,0.8444440734717038,0.800000011920929,0.85,reaction_role_concat,6144,random_forest,False,valid,r2,0.7480502825667648,2,0.1,random,,
condition_recombine_pseudolabel__mult_2__sim_0.8__teacher_rf__seed_1,condition_recombine_pseudolabel,2.0,0.8,random_forest,1,316,613,2.939873417721519,True,0.8444440734717038,0.800000011920929,0.85,reaction_role_concat,6144,random_forest,False,valid,spearman,0.8780747157571064,2,0.1,random,,
condition_recombine_pseudolabel__mult_2__sim_0.8__teacher_rf__seed_2,condition_recombine_pseudolabel,2.0,0.8,random_forest,2,316,616,2.949367088607595,True,0.8445667262394705,0.800000011920929,0.85,reaction_role_concat,6144,random_forest,False,valid,rmse,14.246998705291864,2,0.1,random,,
condition_recombine_pseudolabel__mult_2__sim_0.8__teacher_rf__seed_2,condition_recombine_pseudolabel,2.0,0.8,random_forest,2,316,616,2.949367088607595,True,0.8445667262394705,0.800000011920929,0.85,reaction_role_concat,6144,random_forest,False,valid,mae,10.30974843114162,2,0.1,random,,
condition_recombine_pseudolabel__mult_2__sim_0.8__teacher_rf__seed_2,condition_recombine_pseudolabel,2.0,0.8,random_forest,2,316,616,2.949367088607595,True,0.8445667262394705,0.800000011920929,0.85,reaction_role_concat,6144,random_forest,False,valid,r2,0.7459854089506304,2,0.1,random,,
condition_recombine_pseudolabel__mult_2__sim_0.8__teacher_rf__seed_2,condition_recombine_pseudolabel,2.0,0.8,random_forest,2,316,616,2.949367088607595,True,0.8445667262394705,0.800000011920929,0.85,reaction_role_concat,6144,random_forest,False,valid,spearman,0.87891586100261,2,0.1,random,,
condition_recombine_pseudolabel__mult_2__sim_0.8__teacher_rf__seed_3,condition_recombine_pseudolabel,2.0,0.8,random_forest,3,316,618,2.9556962025316458,True,0.8439964094401177,0.800000011920929,0.85,reaction_role_concat,6144,random_forest,False,valid,rmse,14.26062979794069,2,0.1,random,,
condition_recombine_pseudolabel__mult_2__sim_0.8__teacher_rf__seed_3,condition_recombine_pseudolabel,2.0,0.8,random_forest,3,316,618,2.9556962025316458,True,0.8439964094401177,0.800000011920929,0.85,reaction_role_concat,6144,random_forest,False,valid,mae,10.237796324852336,2,0.1,random,,
condition_recombine_pseudolabel__mult_2__sim_0.8__teacher_rf__seed_3,condition_recombine_pseudolabel,2.0,0.8,random_forest,3,316,618,2.9556962025316458,True,0.8439964094401177,0.800000011920929,0.85,reaction_role_concat,6144,random_forest,False,valid,r2,0.7454991096392106,2,0.1,random,,
condition_recombine_pseudolabel__mult_2__sim_0.8__teacher_rf__seed_3,condition_recombine_pseudolabel,2.0,0.8,random_forest,3,316,618,2.9556962025316458,True,0.8439964094401177,0.800000011920929,0.85,reaction_role_concat,6144,random_forest,False,valid,spearman,0.8762069214813476,2,0.1,random,,
condition_recombine_pseudolabel__mult_2__sim_0.8__teacher_rf__seed_4,condition_recombine_pseudolabel,2.0,0.8,random_forest,4,316,616,2.949367088607595,True,0.8447588068517771,0.800000011920929,0.85,reaction_role_concat,6144,random_forest,False,valid,rmse,14.415543312180585,2,0.1,random,,
condition_recombine_pseudolabel__mult_2__sim_0.8__teacher_rf__seed_4,condition_recombine_pseudolabel,2.0,0.8,random_forest,4,316,616,2.949367088607595,True,0.8447588068517771,0.800000011920929,0.85,reaction_role_concat,6144,random_forest,False,valid,mae,10.363469606076613,2,0.1,random,,
condition_recombine_pseudolabel__mult_2__sim_0.8__teacher_rf__seed_4,condition_recombine_pseudolabel,2.0,0.8,random_forest,4,316,616,2.949367088607595,True,0.8447588068517771,0.800000011920929,0.85,reaction_role_concat,6144,random_forest,False,valid,r2,0.739939780414065,2,0.1,random,,
condition_recombine_pseudolabel__mult_2__sim_0.8__teacher_rf__seed_4,condition_recombine_pseudolabel,2.0,0.8,random_forest,4,316,616,2.949367088607595,True,0.8447588068517771,0.800000011920929,0.85,reaction_role_concat,6144,random_forest,False,valid,spearman,0.8751849465622044,2,0.1,random,,
condition_recombine_pseudolabel__mult_2__sim_0.85__teacher_ridge__seed_0,condition_recombine_pseudolabel,2.0,0.85,ridge,0,316,465,2.471518987341772,True,0.8499999999999998,0.85,0.85,reaction_role_concat,6144,random_forest,False,valid,rmse,14.679668989795054,2,0.1,random,,
condition_recombine_pseudolabel__mult_2__sim_0.85__teacher_ridge__seed_0,condition_recombine_pseudolabel,2.0,0.85,ridge,0,316,465,2.471518987341772,True,0.8499999999999998,0.85,0.85,reaction_role_concat,6144,random_forest,False,valid,mae,11.250797655929494,2,0.1,random,,
condition_recombine_pseudolabel__mult_2__sim_0.85__teacher_ridge__seed_0,condition_recombine_pseudolabel,2.0,0.85,ridge,0,316,465,2.471518987341772,True,0.8499999999999998,0.85,0.85,reaction_role_concat,6144,random_forest,False,valid,r2,0.7303226822490955,2,0.1,random,,
condition_recombine_pseudolabel__mult_2__sim_0.85__teacher_ridge__seed_0,condition_recombine_pseudolabel,2.0,0.85,ridge,0,316,465,2.471518987341772,True,0.8499999999999998,0.85,0.85,reaction_role_concat,6144,random_forest,False,valid,spearman,0.868505544406054,2,0.1,random,,
condition_recombine_pseudolabel__mult_2__sim_0.85__teacher_ridge__seed_1,condition_recombine_pseudolabel,2.0,0.85,ridge,1,316,449,2.420886075949367,True,0.8499999999999996,0.85,0.85,reaction_role_concat,6144,random_forest,False,valid,rmse,14.29895303768279,2,0.1,random,,
condition_recombine_pseudolabel__mult_2__sim_0.85__teacher_ridge__seed_1,condition_recombine_pseudolabel,2.0,0.85,ridge,1,316,449,2.420886075949367,True,0.8499999999999996,0.85,0.85,reaction_role_concat,6144,random_forest,False,valid,mae,11.136575703918178,2,0.1,random,,
condition_recombine_pseudolabel__mult_2__sim_0.85__teacher_ridge__seed_1,condition_recombine_pseudolabel,2.0,0.85,ridge,1,316,449,2.420886075949367,True,0.8499999999999996,0.85,0.85,reaction_role_concat,6144,random_forest,False,valid,r2,0.7441294080178936,2,0.1,random,,
condition_recombine_pseudolabel__mult_2__sim_0.85__teacher_ridge__seed_1,condition_recombine_pseudolabel,2.0,0.85,ridge,1,316,449,2.420886075949367,True,0.8499999999999996,0.85,0.85,reaction_role_concat,6144,random_forest,False,valid,spearman,0.8770711451504659,2,0.1,random,,
condition_recombine_pseudolabel__mult_2__sim_0.85__teacher_ridge__seed_2,condition_recombine_pseudolabel,2.0,0.85,ridge,2,316,458,2.449367088607595,True,0.8499999999999996,0.85,0.85,reaction_role_concat,6144,random_forest,False,valid,rmse,14.753018072539184,2,0.1,random,,
condition_recombine_pseudolabel__mult_2__sim_0.85__teacher_ridge__seed_2,condition_recombine_pseudolabel,2.0,0.85,ridge,2,316,458,2.449367088607595,True,0.8499999999999996,0.85,0.85,reaction_role_concat,6144,random_forest,False,valid,mae,11.508029460785512,2,0.1,random,,
condition_recombine_pseudolabel__mult_2__sim_0.85__teacher_ridge__seed_2,condition_recombine_pseudolabel,2.0,0.85,ridge,2,316,458,2.449367088607595,True,0.8499999999999996,0.85,0.85,reaction_role_concat,6144,random_forest,False,valid,r2,0.7276209861580611,2,0.1,random,,
condition_recombine_pseudolabel__mult_2__sim_0.85__teacher_ridge__seed_2,condition_recombine_pseudolabel,2.0,0.85,ridge,2,316,458,2.449367088607595,True,0.8499999999999996,0.85,0.85,reaction_role_concat,6144,random_forest,False,valid,spearman,0.8712286036379666,2,0.1,random,,
condition_recombine_pseudolabel__mult_2__sim_0.85__teacher_ridge__seed_3,condition_recombine_pseudolabel,2.0,0.85,ridge,3,316,443,2.401898734177215,True,0.8499999999999998,0.85,0.85,reaction_role_concat,6144,random_forest,False,valid,rmse,14.641717540939332,2,0.1,random,,
condition_recombine_pseudolabel__mult_2__sim_0.85__teacher_ridge__seed_3,condition_recombine_pseudolabel,2.0,0.85,ridge,3,316,443,2.401898734177215,True,0.8499999999999998,0.85,0.85,reaction_role_concat,6144,random_forest,False,valid,mae,11.263753398682498,2,0.1,random,,
condition_recombine_pseudolabel__mult_2__sim_0.85__teacher_ridge__seed_3,condition_recombine_pseudolabel,2.0,0.85,ridge,3,316,443,2.401898734177215,True,0.8499999999999998,0.85,0.85,reaction_role_concat,6144,random_forest,False,valid,r2,0.731715277012701,2,0.1,random,,
condition_recombine_pseudolabel__mult_2__sim_0.85__teacher_ridge__seed_3,condition_recombine_pseudolabel,2.0,0.85,ridge,3,316,443,2.401898734177215,True,0.8499999999999998,0.85,0.85,reaction_role_concat,6144,random_forest,False,valid,spearman,0.872267230077946,2,0.1,random,,
condition_recombine_pseudolabel__mult_2__sim_0.85__teacher_ridge__seed_4,condition_recombine_pseudolabel,2.0,0.85,ridge,4,316,468,2.481012658227848,True,0.8499999999999996,0.85,0.85,reaction_role_concat,6144,random_forest,False,valid,rmse,14.112550750904841,2,0.1,random,,
condition_recombine_pseudolabel__mult_2__sim_0.85__teacher_ridge__seed_4,condition_recombine_pseudolabel,2.0,0.85,ridge,4,316,468,2.481012658227848,True,0.8499999999999996,0.85,0.85,reaction_role_concat,6144,random_forest,False,valid,mae,10.86990642195412,2,0.1,random,,
condition_recombine_pseudolabel__mult_2__sim_0.85__teacher_ridge__seed_4,condition_recombine_pseudolabel,2.0,0.85,ridge,4,316,468,2.481012658227848,True,0.8499999999999996,0.85,0.85,reaction_role_concat,6144,random_forest,False,valid,r2,0.7507570242254393,2,0.1,random,,
condition_recombine_pseudolabel__mult_2__sim_0.85__teacher_ridge__seed_4,condition_recombine_pseudolabel,2.0,0.85,ridge,4,316,468,2.481012658227848,True,0.8499999999999996,0.85,0.85,reaction_role_concat,6144,random_forest,False,valid,spearman,0.8797385045582958,2,0.1,random,,
condition_recombine_pseudolabel__mult_2__sim_0.85__teacher_rf__seed_0,condition_recombine_pseudolabel,2.0,0.85,random_forest,0,316,465,2.471518987341772,True,0.8499999999999998,0.85,0.85,reaction_role_concat,6144,random_forest,False,valid,rmse,14.08512037110823,2,0.1,random,,
condition_recombine_pseudolabel__mult_2__sim_0.85__teacher_rf__seed_0,condition_recombine_pseudolabel,2.0,0.85,random_forest,0,316,465,2.471518987341772,True,0.8499999999999998,0.85,0.85,reaction_role_concat,6144,random_forest,False,valid,mae,10.032026370134156,2,0.1,random,,
condition_recombine_pseudolabel__mult_2__sim_0.85__teacher_rf__seed_0,condition_recombine_pseudolabel,2.0,0.85,random_forest,0,316,465,2.471518987341772,True,0.8499999999999998,0.85,0.85,reaction_role_concat,6144,random_forest,False,valid,r2,0.7517249832117046,2,0.1,random,,
condition_recombine_pseudolabel__mult_2__sim_0.85__teacher_rf__seed_0,condition_recombine_pseudolabel,2.0,0.85,random_forest,0,316,465,2.471518987341772,True,0.8499999999999998,0.85,0.85,reaction_role_concat,6144,random_forest,False,valid,spearman,0.8814561430145863,2,0.1,random,,
condition_recombine_pseudolabel__mult_2__sim_0.85__teacher_rf__seed_1,condition_recombine_pseudolabel,2.0,0.85,random_forest,1,316,449,2.420886075949367,True,0.8499999999999996,0.85,0.85,reaction_role_concat,6144,random_forest,False,valid,rmse,14.214004454355374,2,0.1,random,,
condition_recombine_pseudolabel__mult_2__sim_0.85__teacher_rf__seed_1,condition_recombine_pseudolabel,2.0,0.85,random_forest,1,316,449,2.420886075949367,True,0.8499999999999996,0.85,0.85,reaction_role_concat,6144,random_forest,False,valid,mae,10.214990450000084,2,0.1,random,,
condition_recombine_pseudolabel__mult_2__sim_0.85__teacher_rf__seed_1,condition_recombine_pseudolabel,2.0,0.85,random_forest,1,316,449,2.420886075949367,True,0.8499999999999996,0.85,0.85,reaction_role_concat,6144,random_forest,False,valid,r2,0.7471605780705477,2,0.1,random,,
condition_recombine_pseudolabel__mult_2__sim_0.85__teacher_rf__seed_1,condition_recombine_pseudolabel,2.0,0.85,random_forest,1,316,449,2.420886075949367,True,0.8499999999999996,0.85,0.85,reaction_role_concat,6144,random_forest,False,valid,spearman,0.8810791954288785,2,0.1,random,,
condition_recombine_pseudolabel__mult_2__sim_0.85__teacher_rf__seed_2,condition_recombine_pseudolabel,2.0,0.85,random_forest,2,316,458,2.449367088607595,True,0.8499999999999996,0.85,0.85,reaction_role_concat,6144,random_forest,False,valid,rmse,14.374001248669115,2,0.1,random,,
condition_recombine_pseudolabel__mult_2__sim_0.85__teacher_rf__seed_2,condition_recombine_pseudolabel,2.0,0.85,random_forest,2,316,458,2.449367088607595,True,0.8499999999999996,0.85,0.85,reaction_role_concat,6144,random_forest,False,valid,mae,10.267641076527063,2,0.1,random,,
condition_recombine_pseudolabel__mult_2__sim_0.85__teacher_rf__seed_2,condition_recombine_pseudolabel,2.0,0.85,random_forest,2,316,458,2.449367088607595,True,0.8499999999999996,0.85,0.85,reaction_role_concat,6144,random_forest,False,valid,r2,0.7414364803988591,2,0.1,random,,
condition_recombine_pseudolabel__mult_2__sim_0.85__teacher_rf__seed_2,condition_recombine_pseudolabel,2.0,0.85,random_forest,2,316,458,2.449367088607595,True,0.8499999999999996,0.85,0.85,reaction_role_concat,6144,random_forest,False,valid,spearman,0.876501487858709,2,0.1,random,,
condition_recombine_pseudolabel__mult_2__sim_0.85__teacher_rf__seed_3,condition_recombine_pseudolabel,2.0,0.85,random_forest,3,316,443,2.401898734177215,True,0.8499999999999998,0.85,0.85,reaction_role_concat,6144,random_forest,False,valid,rmse,14.253998742676787,2,0.1,random,,
condition_recombine_pseudolabel__mult_2__sim_0.85__teacher_rf__seed_3,condition_recombine_pseudolabel,2.0,0.85,random_forest,3,316,443,2.401898734177215,True,0.8499999999999998,0.85,0.85,reaction_role_concat,6144,random_forest,False,valid,mae,10.159224133271016,2,0.1,random,,
condition_recombine_pseudolabel__mult_2__sim_0.85__teacher_rf__seed_3,condition_recombine_pseudolabel,2.0,0.85,random_forest,3,316,443,2.401898734177215,True,0.8499999999999998,0.85,0.85,reaction_role_concat,6144,random_forest,False,valid,r2,0.7457357355290263,2,0.1,random,,
condition_recombine_pseudolabel__mult_2__sim_0.85__teacher_rf__seed_3,condition_recombine_pseudolabel,2.0,0.85,random_forest,3,316,443,2.401898734177215,True,0.8499999999999998,0.85,0.85,reaction_role_concat,6144,random_forest,False,valid,spearman,0.8785279097803264,2,0.1,random,,
condition_recombine_pseudolabel__mult_2__sim_0.85__teacher_rf__seed_4,condition_recombine_pseudolabel,2.0,0.85,random_forest,4,316,468,2.481012658227848,True,0.8499999999999996,0.85,0.85,reaction_role_concat,6144,random_forest,False,valid,rmse,14.54175570156026,2,0.1,random,,
condition_recombine_pseudolabel__mult_2__sim_0.85__teacher_rf__seed_4,condition_recombine_pseudolabel,2.0,0.85,random_forest,4,316,468,2.481012658227848,True,0.8499999999999996,0.85,0.85,reaction_role_concat,6144,random_forest,False,valid,mae,10.422804131685558,2,0.1,random,,
condition_recombine_pseudolabel__mult_2__sim_0.85__teacher_rf__seed_4,condition_recombine_pseudolabel,2.0,0.85,random_forest,4,316,468,2.481012658227848,True,0.8499999999999996,0.85,0.85,reaction_role_concat,6144,random_forest,False,valid,r2,0.7353660355625955,2,0.1,random,,
condition_recombine_pseudolabel__mult_2__sim_0.85__teacher_rf__seed_4,condition_recombine_pseudolabel,2.0,0.85,random_forest,4,316,468,2.481012658227848,True,0.8499999999999996,0.85,0.85,reaction_role_concat,6144,random_forest,False,valid,spearman,0.8720981830594007,2,0.1,random,,
condition_recombine_pseudolabel__mult_2__sim_0.9__teacher_ridge__seed_0,condition_recombine_pseudolabel,2.0,0.9,ridge,0,316,213,1.6740506329113924,True,0.8499999999999996,0.85,0.85,reaction_role_concat,6144,random_forest,False,valid,rmse,14.435572723567248,2,0.1,random,,
condition_recombine_pseudolabel__mult_2__sim_0.9__teacher_ridge__seed_0,condition_recombine_pseudolabel,2.0,0.9,ridge,0,316,213,1.6740506329113924,True,0.8499999999999996,0.85,0.85,reaction_role_concat,6144,random_forest,False,valid,mae,10.820825614983523,2,0.1,random,,
condition_recombine_pseudolabel__mult_2__sim_0.9__teacher_ridge__seed_0,condition_recombine_pseudolabel,2.0,0.9,ridge,0,316,213,1.6740506329113924,True,0.8499999999999996,0.85,0.85,reaction_role_concat,6144,random_forest,False,valid,r2,0.7392166065893853,2,0.1,random,,
condition_recombine_pseudolabel__mult_2__sim_0.9__teacher_ridge__seed_0,condition_recombine_pseudolabel,2.0,0.9,ridge,0,316,213,1.6740506329113924,True,0.8499999999999996,0.85,0.85,reaction_role_concat,6144,random_forest,False,valid,spearman,0.8770511828009258,2,0.1,random,,
condition_recombine_pseudolabel__mult_2__sim_0.9__teacher_ridge__seed_1,condition_recombine_pseudolabel,2.0,0.9,ridge,1,316,217,1.6867088607594938,True,0.8499999999999996,0.85,0.85,reaction_role_concat,6144,random_forest,False,valid,rmse,14.032562808809436,2,0.1,random,,
condition_recombine_pseudolabel__mult_2__sim_0.9__teacher_ridge__seed_1,condition_recombine_pseudolabel,2.0,0.9,ridge,1,316,217,1.6867088607594938,True,0.8499999999999996,0.85,0.85,reaction_role_concat,6144,random_forest,False,valid,mae,10.809396836416632,2,0.1,random,,
condition_recombine_pseudolabel__mult_2__sim_0.9__teacher_ridge__seed_1,condition_recombine_pseudolabel,2.0,0.9,ridge,1,316,217,1.6867088607594938,True,0.8499999999999996,0.85,0.85,reaction_role_concat,6144,random_forest,False,valid,r2,0.7535743652751279,2,0.1,random,,
condition_recombine_pseudolabel__mult_2__sim_0.9__teacher_ridge__seed_1,condition_recombine_pseudolabel,2.0,0.9,ridge,1,316,217,1.6867088607594938,True,0.8499999999999996,0.85,0.85,reaction_role_concat,6144,random_forest,False,valid,spearman,0.8836706005311407,2,0.1,random,,
condition_recombine_pseudolabel__mult_2__sim_0.9__teacher_ridge__seed_2,condition_recombine_pseudolabel,2.0,0.9,ridge,2,316,213,1.6740506329113924,True,0.8499999999999996,0.85,0.85,reaction_role_concat,6144,random_forest,False,valid,rmse,14.66252142292563,2,0.1,random,,
condition_recombine_pseudolabel__mult_2__sim_0.9__teacher_ridge__seed_2,condition_recombine_pseudolabel,2.0,0.9,ridge,2,316,213,1.6740506329113924,True,0.8499999999999996,0.85,0.85,reaction_role_concat,6144,random_forest,False,valid,mae,11.091149520119535,2,0.1,random,,
condition_recombine_pseudolabel__mult_2__sim_0.9__teacher_ridge__seed_2,condition_recombine_pseudolabel,2.0,0.9,ridge,2,316,213,1.6740506329113924,True,0.8499999999999996,0.85,0.85,reaction_role_concat,6144,random_forest,False,valid,r2,0.7309523434459085,2,0.1,random,,
condition_recombine_pseudolabel__mult_2__sim_0.9__teacher_ridge__seed_2,condition_recombine_pseudolabel,2.0,0.9,ridge,2,316,213,1.6740506329113924,True,0.8499999999999996,0.85,0.85,reaction_role_concat,6144,random_forest,False,valid,spearman,0.8710222611078414,2,0.1,random,,
condition_recombine_pseudolabel__mult_2__sim_0.9__teacher_ridge__seed_3,condition_recombine_pseudolabel,2.0,0.9,ridge,3,316,197,1.6234177215189873,True,0.8499999999999996,0.85,0.85,reaction_role_concat,6144,random_forest,False,valid,rmse,14.271403104022045,2,0.1,random,,
condition_recombine_pseudolabel__mult_2__sim_0.9__teacher_ridge__seed_3,condition_recombine_pseudolabel,2.0,0.9,ridge,3,316,197,1.6234177215189873,True,0.8499999999999996,0.85,0.85,reaction_role_concat,6144,random_forest,False,valid,mae,10.904511656898485,2,0.1,random,,
condition_recombine_pseudolabel__mult_2__sim_0.9__teacher_ridge__seed_3,condition_recombine_pseudolabel,2.0,0.9,ridge,3,316,197,1.6234177215189873,True,0.8499999999999996,0.85,0.85,reaction_role_concat,6144,random_forest,False,valid,r2,0.7451144349520427,2,0.1,random,,
condition_recombine_pseudolabel__mult_2__sim_0.9__teacher_ridge__seed_3,condition_recombine_pseudolabel,2.0,0.9,ridge,3,316,197,1.6234177215189873,True,0.8499999999999996,0.85,0.85,reaction_role_concat,6144,random_forest,False,valid,spearman,0.8786714439423862,2,0.1,random,,
condition_recombine_pseudolabel__mult_2__sim_0.9__teacher_ridge__seed_4,condition_recombine_pseudolabel,2.0,0.9,ridge,4,316,210,1.6645569620253164,True,0.8499999999999998,0.85,0.85,reaction_role_concat,6144,random_forest,False,valid,rmse,14.69525495940117,2,0.1,random,,
condition_recombine_pseudolabel__mult_2__sim_0.9__teacher_ridge__seed_4,condition_recombine_pseudolabel,2.0,0.9,ridge,4,316,210,1.6645569620253164,True,0.8499999999999998,0.85,0.85,reaction_role_concat,6144,random_forest,False,valid,mae,10.949024876760532,2,0.1,random,,
condition_recombine_pseudolabel__mult_2__sim_0.9__teacher_ridge__seed_4,condition_recombine_pseudolabel,2.0,0.9,ridge,4,316,210,1.6645569620253164,True,0.8499999999999998,0.85,0.85,reaction_role_concat,6144,random_forest,False,valid,r2,0.7297497246679457,2,0.1,random,,
condition_recombine_pseudolabel__mult_2__sim_0.9__teacher_ridge__seed_4,condition_recombine_pseudolabel,2.0,0.9,ridge,4,316,210,1.6645569620253164,True,0.8499999999999998,0.85,0.85,reaction_role_concat,6144,random_forest,False,valid,spearman,0.8721321677422765,2,0.1,random,,
condition_recombine_pseudolabel__mult_2__sim_0.9__teacher_rf__seed_0,condition_recombine_pseudolabel,2.0,0.9,random_forest,0,316,213,1.6740506329113924,True,0.8499999999999996,0.85,0.85,reaction_role_concat,6144,random_forest,False,valid,rmse,14.344057753627174,2,0.1,random,,
condition_recombine_pseudolabel__mult_2__sim_0.9__teacher_rf__seed_0,condition_recombine_pseudolabel,2.0,0.9,random_forest,0,316,213,1.6740506329113924,True,0.8499999999999996,0.85,0.85,reaction_role_concat,6144,random_forest,False,valid,mae,10.18761654512188,2,0.1,random,,
condition_recombine_pseudolabel__mult_2__sim_0.9__teacher_rf__seed_0,condition_recombine_pseudolabel,2.0,0.9,random_forest,0,316,213,1.6740506329113924,True,0.8499999999999996,0.85,0.85,reaction_role_concat,6144,random_forest,False,valid,r2,0.7425126221178878,2,0.1,random,,
condition_recombine_pseudolabel__mult_2__sim_0.9__teacher_rf__seed_0,condition_recombine_pseudolabel,2.0,0.9,random_forest,0,316,213,1.6740506329113924,True,0.8499999999999996,0.85,0.85,reaction_role_concat,6144,random_forest,False,valid,spearman,0.8788985278405701,2,0.1,random,,
condition_recombine_pseudolabel__mult_2__sim_0.9__teacher_rf__seed_1,condition_recombine_pseudolabel,2.0,0.9,random_forest,1,316,217,1.6867088607594938,True,0.8499999999999996,0.85,0.85,reaction_role_concat,6144,random_forest,False,valid,rmse,14.414634052403171,2,0.1,random,,
condition_recombine_pseudolabel__mult_2__sim_0.9__teacher_rf__seed_1,condition_recombine_pseudolabel,2.0,0.9,random_forest,1,316,217,1.6867088607594938,True,0.8499999999999996,0.85,0.85,reaction_role_concat,6144,random_forest,False,valid,mae,10.219236705726837,2,0.1,random,,
condition_recombine_pseudolabel__mult_2__sim_0.9__teacher_rf__seed_1,condition_recombine_pseudolabel,2.0,0.9,random_forest,1,316,217,1.6867088607594938,True,0.8499999999999996,0.85,0.85,reaction_role_concat,6144,random_forest,False,valid,r2,0.7399725859538675,2,0.1,random,,
condition_recombine_pseudolabel__mult_2__sim_0.9__teacher_rf__seed_1,condition_recombine_pseudolabel,2.0,0.9,random_forest,1,316,217,1.6867088607594938,True,0.8499999999999996,0.85,0.85,reaction_role_concat,6144,random_forest,False,valid,spearman,0.8776209374699976,2,0.1,random,,
condition_recombine_pseudolabel__mult_2__sim_0.9__teacher_rf__seed_2,condition_recombine_pseudolabel,2.0,0.9,random_forest,2,316,213,1.6740506329113924,True,0.8499999999999996,0.85,0.85,reaction_role_concat,6144,random_forest,False,valid,rmse,14.369822480627738,2,0.1,random,,
condition_recombine_pseudolabel__mult_2__sim_0.9__teacher_rf__seed_2,condition_recombine_pseudolabel,2.0,0.9,random_forest,2,316,213,1.6740506329113924,True,0.8499999999999996,0.85,0.85,reaction_role_concat,6144,random_forest,False,valid,mae,10.248018336001076,2,0.1,random,,
condition_recombine_pseudolabel__mult_2__sim_0.9__teacher_rf__seed_2,condition_recombine_pseudolabel,2.0,0.9,random_forest,2,316,213,1.6740506329113924,True,0.8499999999999996,0.85,0.85,reaction_role_concat,6144,random_forest,False,valid,r2,0.7415867962221454,2,0.1,random,,
condition_recombine_pseudolabel__mult_2__sim_0.9__teacher_rf__seed_2,condition_recombine_pseudolabel,2.0,0.9,random_forest,2,316,213,1.6740506329113924,True,0.8499999999999996,0.85,0.85,reaction_role_concat,6144,random_forest,False,valid,spearman,0.8763976836411,2,0.1,random,,
condition_recombine_pseudolabel__mult_2__sim_0.9__teacher_rf__seed_3,condition_recombine_pseudolabel,2.0,0.9,random_forest,3,316,197,1.6234177215189873,True,0.8499999999999996,0.85,0.85,reaction_role_concat,6144,random_forest,False,valid,rmse,14.071801753253885,2,0.1,random,,
condition_recombine_pseudolabel__mult_2__sim_0.9__teacher_rf__seed_3,condition_recombine_pseudolabel,2.0,0.9,random_forest,3,316,197,1.6234177215189873,True,0.8499999999999996,0.85,0.85,reaction_role_concat,6144,random_forest,False,valid,mae,10.056977154234353,2,0.1,random,,
condition_recombine_pseudolabel__mult_2__sim_0.9__teacher_rf__seed_3,condition_recombine_pseudolabel,2.0,0.9,random_forest,3,316,197,1.6234177215189873,True,0.8499999999999996,0.85,0.85,reaction_role_concat,6144,random_forest,False,valid,r2,0.7521942893472419,2,0.1,random,,
condition_recombine_pseudolabel__mult_2__sim_0.9__teacher_rf__seed_3,condition_recombine_pseudolabel,2.0,0.9,random_forest,3,316,197,1.6234177215189873,True,0.8499999999999996,0.85,0.85,reaction_role_concat,6144,random_forest,False,valid,spearman,0.8802992031370882,2,0.1,random,,
condition_recombine_pseudolabel__mult_2__sim_0.9__teacher_rf__seed_4,condition_recombine_pseudolabel,2.0,0.9,random_forest,4,316,210,1.6645569620253164,True,0.8499999999999998,0.85,0.85,reaction_role_concat,6144,random_forest,False,valid,rmse,14.570037568341478,2,0.1,random,,
condition_recombine_pseudolabel__mult_2__sim_0.9__teacher_rf__seed_4,condition_recombine_pseudolabel,2.0,0.9,random_forest,4,316,210,1.6645569620253164,True,0.8499999999999998,0.85,0.85,reaction_role_concat,6144,random_forest,False,valid,mae,10.289537465499928,2,0.1,random,,
condition_recombine_pseudolabel__mult_2__sim_0.9__teacher_rf__seed_4,condition_recombine_pseudolabel,2.0,0.9,random_forest,4,316,210,1.6645569620253164,True,0.8499999999999998,0.85,0.85,reaction_role_concat,6144,random_forest,False,valid,r2,0.7343356757175694,2,0.1,random,,
condition_recombine_pseudolabel__mult_2__sim_0.9__teacher_rf__seed_4,condition_recombine_pseudolabel,2.0,0.9,random_forest,4,316,210,1.6645569620253164,True,0.8499999999999998,0.85,0.85,reaction_role_concat,6144,random_forest,False,valid,spearman,0.8728162433789588,2,0.1,random,,
condition_recombine_pseudolabel__mult_2__sim_0.95__teacher_ridge__seed_0,condition_recombine_pseudolabel,2.0,0.95,ridge,0,316,0,1.0,True,,,,reaction_role_concat,6144,random_forest,False,valid,rmse,14.101153008847355,2,0.1,random,,
condition_recombine_pseudolabel__mult_2__sim_0.95__teacher_ridge__seed_0,condition_recombine_pseudolabel,2.0,0.95,ridge,0,316,0,1.0,True,,,,reaction_role_concat,6144,random_forest,False,valid,mae,10.215592575794533,2,0.1,random,,
condition_recombine_pseudolabel__mult_2__sim_0.95__teacher_ridge__seed_0,condition_recombine_pseudolabel,2.0,0.95,ridge,0,316,0,1.0,True,,,,reaction_role_concat,6144,random_forest,False,valid,r2,0.7511594546626889,2,0.1,random,,
condition_recombine_pseudolabel__mult_2__sim_0.95__teacher_ridge__seed_0,condition_recombine_pseudolabel,2.0,0.95,ridge,0,316,0,1.0,True,,,,reaction_role_concat,6144,random_forest,False,valid,spearman,0.8785523514863487,2,0.1,random,,
condition_recombine_pseudolabel__mult_2__sim_0.95__teacher_ridge__seed_1,condition_recombine_pseudolabel,2.0,0.95,ridge,1,316,0,1.0,True,,,,reaction_role_concat,6144,random_forest,False,valid,rmse,14.101153008847355,2,0.1,random,,
condition_recombine_pseudolabel__mult_2__sim_0.95__teacher_ridge__seed_1,condition_recombine_pseudolabel,2.0,0.95,ridge,1,316,0,1.0,True,,,,reaction_role_concat,6144,random_forest,False,valid,mae,10.215592575794533,2,0.1,random,,
condition_recombine_pseudolabel__mult_2__sim_0.95__teacher_ridge__seed_1,condition_recombine_pseudolabel,2.0,0.95,ridge,1,316,0,1.0,True,,,,reaction_role_concat,6144,random_forest,False,valid,r2,0.7511594546626889,2,0.1,random,,
condition_recombine_pseudolabel__mult_2__sim_0.95__teacher_ridge__seed_1,condition_recombine_pseudolabel,2.0,0.95,ridge,1,316,0,1.0,True,,,,reaction_role_concat,6144,random_forest,False,valid,spearman,0.8785523514863487,2,0.1,random,,
condition_recombine_pseudolabel__mult_2__sim_0.95__teacher_ridge__seed_2,condition_recombine_pseudolabel,2.0,0.95,ridge,2,316,0,1.0,True,,,,reaction_role_concat,6144,random_forest,False,valid,rmse,14.101153008847355,2,0.1,random,,
condition_recombine_pseudolabel__mult_2__sim_0.95__teacher_ridge__seed_2,condition_recombine_pseudolabel,2.0,0.95,ridge,2,316,0,1.0,True,,,,reaction_role_concat,6144,random_forest,False,valid,mae,10.215592575794533,2,0.1,random,,
condition_recombine_pseudolabel__mult_2__sim_0.95__teacher_ridge__seed_2,condition_recombine_pseudolabel,2.0,0.95,ridge,2,316,0,1.0,True,,,,reaction_role_concat,6144,random_forest,False,valid,r2,0.7511594546626889,2,0.1,random,,
condition_recombine_pseudolabel__mult_2__sim_0.95__teacher_ridge__seed_2,condition_recombine_pseudolabel,2.0,0.95,ridge,2,316,0,1.0,True,,,,reaction_role_concat,6144,random_forest,False,valid,spearman,0.8785523514863487,2,0.1,random,,
condition_recombine_pseudolabel__mult_2__sim_0.95__teacher_ridge__seed_3,condition_recombine_pseudolabel,2.0,0.95,ridge,3,316,0,1.0,True,,,,reaction_role_concat,6144,random_forest,False,valid,rmse,14.101153008847355,2,0.1,random,,
condition_recombine_pseudolabel__mult_2__sim_0.95__teacher_ridge__seed_3,condition_recombine_pseudolabel,2.0,0.95,ridge,3,316,0,1.0,True,,,,reaction_role_concat,6144,random_forest,False,valid,mae,10.215592575794533,2,0.1,random,,
condition_recombine_pseudolabel__mult_2__sim_0.95__teacher_ridge__seed_3,condition_recombine_pseudolabel,2.0,0.95,ridge,3,316,0,1.0,True,,,,reaction_role_concat,6144,random_forest,False,valid,r2,0.7511594546626889,2,0.1,random,,
condition_recombine_pseudolabel__mult_2__sim_0.95__teacher_ridge__seed_3,condition_recombine_pseudolabel,2.0,0.95,ridge,3,316,0,1.0,True,,,,reaction_role_concat,6144,random_forest,False,valid,spearman,0.8785523514863487,2,0.1,random,,
condition_recombine_pseudolabel__mult_2__sim_0.95__teacher_ridge__seed_4,condition_recombine_pseudolabel,2.0,0.95,ridge,4,316,0,1.0,True,,,,reaction_role_concat,6144,random_forest,False,valid,rmse,14.101153008847355,2,0.1,random,,
condition_recombine_pseudolabel__mult_2__sim_0.95__teacher_ridge__seed_4,condition_recombine_pseudolabel,2.0,0.95,ridge,4,316,0,1.0,True,,,,reaction_role_concat,6144,random_forest,False,valid,mae,10.215592575794533,2,0.1,random,,
condition_recombine_pseudolabel__mult_2__sim_0.95__teacher_ridge__seed_4,condition_recombine_pseudolabel,2.0,0.95,ridge,4,316,0,1.0,True,,,,reaction_role_concat,6144,random_forest,False,valid,r2,0.7511594546626889,2,0.1,random,,
condition_recombine_pseudolabel__mult_2__sim_0.95__teacher_ridge__seed_4,condition_recombine_pseudolabel,2.0,0.95,ridge,4,316,0,1.0,True,,,,reaction_role_concat,6144,random_forest,False,valid,spearman,0.8785523514863487,2,0.1,random,,
condition_recombine_pseudolabel__mult_2__sim_0.95__teacher_rf__seed_0,condition_recombine_pseudolabel,2.0,0.95,random_forest,0,316,0,1.0,True,,,,reaction_role_concat,6144,random_forest,False,valid,rmse,14.101153008847355,2,0.1,random,,
condition_recombine_pseudolabel__mult_2__sim_0.95__teacher_rf__seed_0,condition_recombine_pseudolabel,2.0,0.95,random_forest,0,316,0,1.0,True,,,,reaction_role_concat,6144,random_forest,False,valid,mae,10.215592575794533,2,0.1,random,,
condition_recombine_pseudolabel__mult_2__sim_0.95__teacher_rf__seed_0,condition_recombine_pseudolabel,2.0,0.95,random_forest,0,316,0,1.0,True,,,,reaction_role_concat,6144,random_forest,False,valid,r2,0.7511594546626889,2,0.1,random,,
condition_recombine_pseudolabel__mult_2__sim_0.95__teacher_rf__seed_0,condition_recombine_pseudolabel,2.0,0.95,random_forest,0,316,0,1.0,True,,,,reaction_role_concat,6144,random_forest,False,valid,spearman,0.8785523514863487,2,0.1,random,,
condition_recombine_pseudolabel__mult_2__sim_0.95__teacher_rf__seed_1,condition_recombine_pseudolabel,2.0,0.95,random_forest,1,316,0,1.0,True,,,,reaction_role_concat,6144,random_forest,False,valid,rmse,14.101153008847355,2,0.1,random,,
condition_recombine_pseudolabel__mult_2__sim_0.95__teacher_rf__seed_1,condition_recombine_pseudolabel,2.0,0.95,random_forest,1,316,0,1.0,True,,,,reaction_role_concat,6144,random_forest,False,valid,mae,10.215592575794533,2,0.1,random,,
condition_recombine_pseudolabel__mult_2__sim_0.95__teacher_rf__seed_1,condition_recombine_pseudolabel,2.0,0.95,random_forest,1,316,0,1.0,True,,,,reaction_role_concat,6144,random_forest,False,valid,r2,0.7511594546626889,2,0.1,random,,
condition_recombine_pseudolabel__mult_2__sim_0.95__teacher_rf__seed_1,condition_recombine_pseudolabel,2.0,0.95,random_forest,1,316,0,1.0,True,,,,reaction_role_concat,6144,random_forest,False,valid,spearman,0.8785523514863487,2,0.1,random,,
condition_recombine_pseudolabel__mult_2__sim_0.95__teacher_rf__seed_2,condition_recombine_pseudolabel,2.0,0.95,random_forest,2,316,0,1.0,True,,,,reaction_role_concat,6144,random_forest,False,valid,rmse,14.101153008847355,2,0.1,random,,
condition_recombine_pseudolabel__mult_2__sim_0.95__teacher_rf__seed_2,condition_recombine_pseudolabel,2.0,0.95,random_forest,2,316,0,1.0,True,,,,reaction_role_concat,6144,random_forest,False,valid,mae,10.215592575794533,2,0.1,random,,
condition_recombine_pseudolabel__mult_2__sim_0.95__teacher_rf__seed_2,condition_recombine_pseudolabel,2.0,0.95,random_forest,2,316,0,1.0,True,,,,reaction_role_concat,6144,random_forest,False,valid,r2,0.7511594546626889,2,0.1,random,,
condition_recombine_pseudolabel__mult_2__sim_0.95__teacher_rf__seed_2,condition_recombine_pseudolabel,2.0,0.95,random_forest,2,316,0,1.0,True,,,,reaction_role_concat,6144,random_forest,False,valid,spearman,0.8785523514863487,2,0.1,random,,
condition_recombine_pseudolabel__mult_2__sim_0.95__teacher_rf__seed_3,condition_recombine_pseudolabel,2.0,0.95,random_forest,3,316,0,1.0,True,,,,reaction_role_concat,6144,random_forest,False,valid,rmse,14.101153008847355,2,0.1,random,,
condition_recombine_pseudolabel__mult_2__sim_0.95__teacher_rf__seed_3,condition_recombine_pseudolabel,2.0,0.95,random_forest,3,316,0,1.0,True,,,,reaction_role_concat,6144,random_forest,False,valid,mae,10.215592575794533,2,0.1,random,,
condition_recombine_pseudolabel__mult_2__sim_0.95__teacher_rf__seed_3,condition_recombine_pseudolabel,2.0,0.95,random_forest,3,316,0,1.0,True,,,,reaction_role_concat,6144,random_forest,False,valid,r2,0.7511594546626889,2,0.1,random,,
condition_recombine_pseudolabel__mult_2__sim_0.95__teacher_rf__seed_3,condition_recombine_pseudolabel,2.0,0.95,random_forest,3,316,0,1.0,True,,,,reaction_role_concat,6144,random_forest,False,valid,spearman,0.8785523514863487,2,0.1,random,,
condition_recombine_pseudolabel__mult_2__sim_0.95__teacher_rf__seed_4,condition_recombine_pseudolabel,2.0,0.95,random_forest,4,316,0,1.0,True,,,,reaction_role_concat,6144,random_forest,False,valid,rmse,14.101153008847355,2,0.1,random,,
condition_recombine_pseudolabel__mult_2__sim_0.95__teacher_rf__seed_4,condition_recombine_pseudolabel,2.0,0.95,random_forest,4,316,0,1.0,True,,,,reaction_role_concat,6144,random_forest,False,valid,mae,10.215592575794533,2,0.1,random,,
condition_recombine_pseudolabel__mult_2__sim_0.95__teacher_rf__seed_4,condition_recombine_pseudolabel,2.0,0.95,random_forest,4,316,0,1.0,True,,,,reaction_role_concat,6144,random_forest,False,valid,r2,0.7511594546626889,2,0.1,random,,
condition_recombine_pseudolabel__mult_2__sim_0.95__teacher_rf__seed_4,condition_recombine_pseudolabel,2.0,0.95,random_forest,4,316,0,1.0,True,,,,reaction_role_concat,6144,random_forest,False,valid,spearman,0.8785523514863487,2,0.1,random,,
condition_recombine_pseudolabel__mult_3__sim_0.85__teacher_ridge__seed_0,condition_recombine_pseudolabel,3.0,0.85,ridge,0,316,690,3.1835443037974684,True,0.8499999999999996,0.85,0.85,reaction_role_concat,6144,random_forest,False,valid,rmse,14.72987235075761,2,0.1,random,,
condition_recombine_pseudolabel__mult_3__sim_0.85__teacher_ridge__seed_0,condition_recombine_pseudolabel,3.0,0.85,ridge,0,316,690,3.1835443037974684,True,0.8499999999999996,0.85,0.85,reaction_role_concat,6144,random_forest,False,valid,mae,11.5203935567631,2,0.1,random,,
condition_recombine_pseudolabel__mult_3__sim_0.85__teacher_ridge__seed_0,condition_recombine_pseudolabel,3.0,0.85,ridge,0,316,690,3.1835443037974684,True,0.8499999999999996,0.85,0.85,reaction_role_concat,6144,random_forest,False,valid,r2,0.7284749759533158,2,0.1,random,,
condition_recombine_pseudolabel__mult_3__sim_0.85__teacher_ridge__seed_0,condition_recombine_pseudolabel,3.0,0.85,ridge,0,316,690,3.1835443037974684,True,0.8499999999999996,0.85,0.85,reaction_role_concat,6144,random_forest,False,valid,spearman,0.8684717544778079,2,0.1,random,,
condition_recombine_pseudolabel__mult_3__sim_0.85__teacher_ridge__seed_1,condition_recombine_pseudolabel,3.0,0.85,ridge,1,316,666,3.107594936708861,True,0.8499999999999999,0.85,0.85,reaction_role_concat,6144,random_forest,False,valid,rmse,14.6556805151988,2,0.1,random,,
condition_recombine_pseudolabel__mult_3__sim_0.85__teacher_ridge__seed_1,condition_recombine_pseudolabel,3.0,0.85,ridge,1,316,666,3.107594936708861,True,0.8499999999999999,0.85,0.85,reaction_role_concat,6144,random_forest,False,valid,mae,11.43779575762794,2,0.1,random,,
condition_recombine_pseudolabel__mult_3__sim_0.85__teacher_ridge__seed_1,condition_recombine_pseudolabel,3.0,0.85,ridge,1,316,666,3.107594936708861,True,0.8499999999999999,0.85,0.85,reaction_role_concat,6144,random_forest,False,valid,r2,0.7312033372256344,2,0.1,random,,
condition_recombine_pseudolabel__mult_3__sim_0.85__teacher_ridge__seed_1,condition_recombine_pseudolabel,3.0,0.85,ridge,1,316,666,3.107594936708861,True,0.8499999999999999,0.85,0.85,reaction_role_concat,6144,random_forest,False,valid,spearman,0.8735350827170355,2,0.1,random,,
condition_recombine_pseudolabel__mult_3__sim_0.85__teacher_ridge__seed_2,condition_recombine_pseudolabel,3.0,0.85,ridge,2,316,696,3.2025316455696204,True,0.8499999999999999,0.85,0.85,reaction_role_concat,6144,random_forest,False,valid,rmse,14.830209362764673,2,0.1,random,,
condition_recombine_pseudolabel__mult_3__sim_0.85__teacher_ridge__seed_2,condition_recombine_pseudolabel,3.0,0.85,ridge,2,316,696,3.2025316455696204,True,0.8499999999999999,0.85,0.85,reaction_role_concat,6144,random_forest,False,valid,mae,11.591518506025967,2,0.1,random,,
condition_recombine_pseudolabel__mult_3__sim_0.85__teacher_ridge__seed_2,condition_recombine_pseudolabel,3.0,0.85,ridge,2,316,696,3.2025316455696204,True,0.8499999999999999,0.85,0.85,reaction_role_concat,6144,random_forest,False,valid,r2,0.7247632261999211,2,0.1,random,,
condition_recombine_pseudolabel__mult_3__sim_0.85__teacher_ridge__seed_2,condition_recombine_pseudolabel,3.0,0.85,ridge,2,316,696,3.2025316455696204,True,0.8499999999999999,0.85,0.85,reaction_role_concat,6144,random_forest,False,valid,spearman,0.8680009351606037,2,0.1,random,,
condition_recombine_pseudolabel__mult_3__sim_0.85__teacher_ridge__seed_3,condition_recombine_pseudolabel,3.0,0.85,ridge,3,316,654,3.069620253164557,True,0.8499999999999998,0.85,0.85,reaction_role_concat,6144,random_forest,False,valid,rmse,14.658710226351554,2,0.1,random,,
condition_recombine_pseudolabel__mult_3__sim_0.85__teacher_ridge__seed_3,condition_recombine_pseudolabel,3.0,0.85,ridge,3,316,654,3.069620253164557,True,0.8499999999999998,0.85,0.85,reaction_role_concat,6144,random_forest,False,valid,mae,11.379090005068083,2,0.1,random,,
condition_recombine_pseudolabel__mult_3__sim_0.85__teacher_ridge__seed_3,condition_recombine_pseudolabel,3.0,0.85,ridge,3,316,654,3.069620253164557,True,0.8499999999999998,0.85,0.85,reaction_role_concat,6144,random_forest,False,valid,r2,0.7310921911860377,2,0.1,random,,
condition_recombine_pseudolabel__mult_3__sim_0.85__teacher_ridge__seed_3,condition_recombine_pseudolabel,3.0,0.85,ridge,3,316,654,3.069620253164557,True,0.8499999999999998,0.85,0.85,reaction_role_concat,6144,random_forest,False,valid,spearman,0.8697934567719987,2,0.1,random,,
condition_recombine_pseudolabel__mult_3__sim_0.85__teacher_ridge__seed_4,condition_recombine_pseudolabel,3.0,0.85,ridge,4,316,690,3.1835443037974684,True,0.8499999999999996,0.85,0.85,reaction_role_concat,6144,random_forest,False,valid,rmse,14.227010831566774,2,0.1,random,,
condition_recombine_pseudolabel__mult_3__sim_0.85__teacher_ridge__seed_4,condition_recombine_pseudolabel,3.0,0.85,ridge,4,316,690,3.1835443037974684,True,0.8499999999999996,0.85,0.85,reaction_role_concat,6144,random_forest,False,valid,mae,11.072571063217485,2,0.1,random,,
condition_recombine_pseudolabel__mult_3__sim_0.85__teacher_ridge__seed_4,condition_recombine_pseudolabel,3.0,0.85,ridge,4,316,690,3.1835443037974684,True,0.8499999999999996,0.85,0.85,reaction_role_concat,6144,random_forest,False,valid,r2,0.7466976501924294,2,0.1,random,,
condition_recombine_pseudolabel__mult_3__sim_0.85__teacher_ridge__seed_4,condition_recombine_pseudolabel,3.0,0.85,ridge,4,316,690,3.1835443037974684,True,0.8499999999999996,0.85,0.85,reaction_role_concat,6144,random_forest,False,valid,spearman,0.8800058052875047,2,0.1,random,,
condition_recombine_pseudolabel__mult_3__sim_0.85__teacher_rf__seed_0,condition_recombine_pseudolabel,3.0,0.85,random_forest,0,316,690,3.1835443037974684,True,0.8499999999999996,0.85,0.85,reaction_role_concat,6144,random_forest,False,valid,rmse,14.035929919445215,2,0.1,random,,
condition_recombine_pseudolabel__mult_3__sim_0.85__teacher_rf__seed_0,condition_recombine_pseudolabel,3.0,0.85,random_forest,0,316,690,3.1835443037974684,True,0.8499999999999996,0.85,0.85,reaction_role_concat,6144,random_forest,False,valid,mae,10.032009344126605,2,0.1,random,,
condition_recombine_pseudolabel__mult_3__sim_0.85__teacher_rf__seed_0,condition_recombine_pseudolabel,3.0,0.85,random_forest,0,316,690,3.1835443037974684,True,0.8499999999999996,0.85,0.85,reaction_role_concat,6144,random_forest,False,valid,r2,0.7534560915235438,2,0.1,random,,
condition_recombine_pseudolabel__mult_3__sim_0.85__teacher_rf__seed_0,condition_recombine_pseudolabel,3.0,0.85,random_forest,0,316,690,3.1835443037974684,True,0.8499999999999996,0.85,0.85,reaction_role_concat,6144,random_forest,False,valid,spearman,0.8808027412320755,2,0.1,random,,
condition_recombine_pseudolabel__mult_3__sim_0.85__teacher_rf__seed_1,condition_recombine_pseudolabel,3.0,0.85,random_forest,1,316,666,3.107594936708861,True,0.8499999999999999,0.85,0.85,reaction_role_concat,6144,random_forest,False,valid,rmse,14.156427725079878,2,0.1,random,,
condition_recombine_pseudolabel__mult_3__sim_0.85__teacher_rf__seed_1,condition_recombine_pseudolabel,3.0,0.85,random_forest,1,316,666,3.107594936708861,True,0.8499999999999999,0.85,0.85,reaction_role_concat,6144,random_forest,False,valid,mae,10.09519338678861,2,0.1,random,,
condition_recombine_pseudolabel__mult_3__sim_0.85__teacher_rf__seed_1,condition_recombine_pseudolabel,3.0,0.85,random_forest,1,316,666,3.107594936708861,True,0.8499999999999999,0.85,0.85,reaction_role_concat,6144,random_forest,False,valid,r2,0.749204784907692,2,0.1,random,,
condition_recombine_pseudolabel__mult_3__sim_0.85__teacher_rf__seed_1,condition_recombine_pseudolabel,3.0,0.85,random_forest,1,316,666,3.107594936708861,True,0.8499999999999999,0.85,0.85,reaction_role_concat,6144,random_forest,False,valid,spearman,0.8782873878126957,2,0.1,random,,
condition_recombine_pseudolabel__mult_3__sim_0.85__teacher_rf__seed_2,condition_recombine_pseudolabel,3.0,0.85,random_forest,2,316,696,3.2025316455696204,True,0.8499999999999999,0.85,0.85,reaction_role_concat,6144,random_forest,False,valid,rmse,14.249127424746623,2,0.1,random,,
condition_recombine_pseudolabel__mult_3__sim_0.85__teacher_rf__seed_2,condition_recombine_pseudolabel,3.0,0.85,random_forest,2,316,696,3.2025316455696204,True,0.8499999999999999,0.85,0.85,reaction_role_concat,6144,random_forest,False,valid,mae,10.130682578725906,2,0.1,random,,
condition_recombine_pseudolabel__mult_3__sim_0.85__teacher_rf__seed_2,condition_recombine_pseudolabel,3.0,0.85,random_forest,2,316,696,3.2025316455696204,True,0.8499999999999999,0.85,0.85,reaction_role_concat,6144,random_forest,False,valid,r2,0.745909495951788,2,0.1,random,,
condition_recombine_pseudolabel__mult_3__sim_0.85__teacher_rf__seed_2,condition_recombine_pseudolabel,3.0,0.85,random_forest,2,316,696,3.2025316455696204,True,0.8499999999999999,0.85,0.85,reaction_role_concat,6144,random_forest,False,valid,spearman,0.879324261461008,2,0.1,random,,
condition_recombine_pseudolabel__mult_3__sim_0.85__teacher_rf__seed_3,condition_recombine_pseudolabel,3.0,0.85,random_forest,3,316,654,3.069620253164557,True,0.8499999999999998,0.85,0.85,reaction_role_concat,6144,random_forest,False,valid,rmse,14.10058185217348,2,0.1,random,,
condition_recombine_pseudolabel__mult_3__sim_0.85__teacher_rf__seed_3,condition_recombine_pseudolabel,3.0,0.85,random_forest,3,316,654,3.069620253164557,True,0.8499999999999998,0.85,0.85,reaction_role_concat,6144,random_forest,False,valid,mae,10.169933851703435,2,0.1,random,,
condition_recombine_pseudolabel__mult_3__sim_0.85__teacher_rf__seed_3,condition_recombine_pseudolabel,3.0,0.85,random_forest,3,316,654,3.069620253164557,True,0.8499999999999998,0.85,0.85,reaction_role_concat,6144,random_forest,False,valid,r2,0.7511796124554222,2,0.1,random,,
condition_recombine_pseudolabel__mult_3__sim_0.85__teacher_rf__seed_3,condition_recombine_pseudolabel,3.0,0.85,random_forest,3,316,654,3.069620253164557,True,0.8499999999999998,0.85,0.85,reaction_role_concat,6144,random_forest,False,valid,spearman,0.8804765272273942,2,0.1,random,,
condition_recombine_pseudolabel__mult_3__sim_0.85__teacher_rf__seed_4,condition_recombine_pseudolabel,3.0,0.85,random_forest,4,316,690,3.1835443037974684,True,0.8499999999999996,0.85,0.85,reaction_role_concat,6144,random_forest,False,valid,rmse,14.177351393001796,2,0.1,random,,
condition_recombine_pseudolabel__mult_3__sim_0.85__teacher_rf__seed_4,condition_recombine_pseudolabel,3.0,0.85,random_forest,4,316,690,3.1835443037974684,True,0.8499999999999996,0.85,0.85,reaction_role_concat,6144,random_forest,False,valid,mae,10.229170133778378,2,0.1,random,,
condition_recombine_pseudolabel__mult_3__sim_0.85__teacher_rf__seed_4,condition_recombine_pseudolabel,3.0,0.85,random_forest,4,316,690,3.1835443037974684,True,0.8499999999999996,0.85,0.85,reaction_role_concat,6144,random_forest,False,valid,r2,0.7484628697961387,2,0.1,random,,
condition_recombine_pseudolabel__mult_3__sim_0.85__teacher_rf__seed_4,condition_recombine_pseudolabel,3.0,0.85,random_forest,4,316,690,3.1835443037974684,True,0.8499999999999996,0.85,0.85,reaction_role_concat,6144,random_forest,False,valid,spearman,0.8785330707780123,2,0.1,random,,
condition_recombine_pseudolabel__mult_3__sim_0.9__teacher_ridge__seed_0,condition_recombine_pseudolabel,3.0,0.9,ridge,0,316,305,1.9651898734177216,True,0.8499999999999999,0.85,0.85,reaction_role_concat,6144,random_forest,False,valid,rmse,14.493007140538943,2,0.1,random,,
condition_recombine_pseudolabel__mult_3__sim_0.9__teacher_ridge__seed_0,condition_recombine_pseudolabel,3.0,0.9,ridge,0,316,305,1.9651898734177216,True,0.8499999999999999,0.85,0.85,reaction_role_concat,6144,random_forest,False,valid,mae,10.956751912675328,2,0.1,random,,
condition_recombine_pseudolabel__mult_3__sim_0.9__teacher_ridge__seed_0,condition_recombine_pseudolabel,3.0,0.9,ridge,0,316,305,1.9651898734177216,True,0.8499999999999999,0.85,0.85,reaction_role_concat,6144,random_forest,False,valid,r2,0.7371373349723179,2,0.1,random,,
condition_recombine_pseudolabel__mult_3__sim_0.9__teacher_ridge__seed_0,condition_recombine_pseudolabel,3.0,0.9,ridge,0,316,305,1.9651898734177216,True,0.8499999999999999,0.85,0.85,reaction_role_concat,6144,random_forest,False,valid,spearman,0.8741069796870335,2,0.1,random,,
condition_recombine_pseudolabel__mult_3__sim_0.9__teacher_ridge__seed_1,condition_recombine_pseudolabel,3.0,0.9,ridge,1,316,312,1.9873417721518987,True,0.8499999999999998,0.85,0.85,reaction_role_concat,6144,random_forest,False,valid,rmse,14.416700395465346,2,0.1,random,,
condition_recombine_pseudolabel__mult_3__sim_0.9__teacher_ridge__seed_1,condition_recombine_pseudolabel,3.0,0.9,ridge,1,316,312,1.9873417721518987,True,0.8499999999999998,0.85,0.85,reaction_role_concat,6144,random_forest,False,valid,mae,11.210599559160729,2,0.1,random,,
condition_recombine_pseudolabel__mult_3__sim_0.9__teacher_ridge__seed_1,condition_recombine_pseudolabel,3.0,0.9,ridge,1,316,312,1.9873417721518987,True,0.8499999999999998,0.85,0.85,reaction_role_concat,6144,random_forest,False,valid,r2,0.739898030560712,2,0.1,random,,
condition_recombine_pseudolabel__mult_3__sim_0.9__teacher_ridge__seed_1,condition_recombine_pseudolabel,3.0,0.9,ridge,1,316,312,1.9873417721518987,True,0.8499999999999998,0.85,0.85,reaction_role_concat,6144,random_forest,False,valid,spearman,0.877748501752425,2,0.1,random,,
condition_recombine_pseudolabel__mult_3__sim_0.9__teacher_ridge__seed_2,condition_recombine_pseudolabel,3.0,0.9,ridge,2,316,323,2.0221518987341773,True,0.8499999999999999,0.85,0.85,reaction_role_concat,6144,random_forest,False,valid,rmse,14.572171461848345,2,0.1,random,,
condition_recombine_pseudolabel__mult_3__sim_0.9__teacher_ridge__seed_2,condition_recombine_pseudolabel,3.0,0.9,ridge,2,316,323,2.0221518987341773,True,0.8499999999999999,0.85,0.85,reaction_role_concat,6144,random_forest,False,valid,mae,11.185172921229766,2,0.1,random,,
condition_recombine_pseudolabel__mult_3__sim_0.9__teacher_ridge__seed_2,condition_recombine_pseudolabel,3.0,0.9,ridge,2,316,323,2.0221518987341773,True,0.8499999999999999,0.85,0.85,reaction_role_concat,6144,random_forest,False,valid,r2,0.7342578528722528,2,0.1,random,,
condition_recombine_pseudolabel__mult_3__sim_0.9__teacher_ridge__seed_2,condition_recombine_pseudolabel,3.0,0.9,ridge,2,316,323,2.0221518987341773,True,0.8499999999999999,0.85,0.85,reaction_role_concat,6144,random_forest,False,valid,spearman,0.8723438660247175,2,0.1,random,,
condition_recombine_pseudolabel__mult_3__sim_0.9__teacher_ridge__seed_3,condition_recombine_pseudolabel,3.0,0.9,ridge,3,316,289,1.9145569620253164,True,0.8499999999999999,0.85,0.85,reaction_role_concat,6144,random_forest,False,valid,rmse,14.784621509285373,2,0.1,random,,
condition_recombine_pseudolabel__mult_3__sim_0.9__teacher_ridge__seed_3,condition_recombine_pseudolabel,3.0,0.9,ridge,3,316,289,1.9145569620253164,True,0.8499999999999999,0.85,0.85,reaction_role_concat,6144,random_forest,False,valid,mae,11.227313665886467,2,0.1,random,,
condition_recombine_pseudolabel__mult_3__sim_0.9__teacher_ridge__seed_3,condition_recombine_pseudolabel,3.0,0.9,ridge,3,316,289,1.9145569620253164,True,0.8499999999999999,0.85,0.85,reaction_role_concat,6144,random_forest,False,valid,r2,0.726452773267286,2,0.1,random,,
condition_recombine_pseudolabel__mult_3__sim_0.9__teacher_ridge__seed_3,condition_recombine_pseudolabel,3.0,0.9,ridge,3,316,289,1.9145569620253164,True,0.8499999999999999,0.85,0.85,reaction_role_concat,6144,random_forest,False,valid,spearman,0.8682178918180455,2,0.1,random,,
condition_recombine_pseudolabel__mult_3__sim_0.9__teacher_ridge__seed_4,condition_recombine_pseudolabel,3.0,0.9,ridge,4,316,317,2.0031645569620253,True,0.8499999999999998,0.85,0.85,reaction_role_concat,6144,random_forest,False,valid,rmse,15.01575702475797,2,0.1,random,,
condition_recombine_pseudolabel__mult_3__sim_0.9__teacher_ridge__seed_4,condition_recombine_pseudolabel,3.0,0.9,ridge,4,316,317,2.0031645569620253,True,0.8499999999999998,0.85,0.85,reaction_role_concat,6144,random_forest,False,valid,mae,11.292470809195615,2,0.1,random,,
condition_recombine_pseudolabel__mult_3__sim_0.9__teacher_ridge__seed_4,condition_recombine_pseudolabel,3.0,0.9,ridge,4,316,317,2.0031645569620253,True,0.8499999999999998,0.85,0.85,reaction_role_concat,6144,random_forest,False,valid,r2,0.7178329103796806,2,0.1,random,,
condition_recombine_pseudolabel__mult_3__sim_0.9__teacher_ridge__seed_4,condition_recombine_pseudolabel,3.0,0.9,ridge,4,316,317,2.0031645569620253,True,0.8499999999999998,0.85,0.85,reaction_role_concat,6144,random_forest,False,valid,spearman,0.8690763702255889,2,0.1,random,,
condition_recombine_pseudolabel__mult_3__sim_0.9__teacher_rf__seed_0,condition_recombine_pseudolabel,3.0,0.9,random_forest,0,316,305,1.9651898734177216,True,0.8499999999999999,0.85,0.85,reaction_role_concat,6144,random_forest,False,valid,rmse,14.478542767179825,2,0.1,random,,
condition_recombine_pseudolabel__mult_3__sim_0.9__teacher_rf__seed_0,condition_recombine_pseudolabel,3.0,0.9,random_forest,0,316,305,1.9651898734177216,True,0.8499999999999999,0.85,0.85,reaction_role_concat,6144,random_forest,False,valid,mae,10.24770983607935,2,0.1,random,,
condition_recombine_pseudolabel__mult_3__sim_0.9__teacher_rf__seed_0,condition_recombine_pseudolabel,3.0,0.9,random_forest,0,316,305,1.9651898734177216,True,0.8499999999999999,0.85,0.85,reaction_role_concat,6144,random_forest,False,valid,r2,0.737661759803736,2,0.1,random,,
condition_recombine_pseudolabel__mult_3__sim_0.9__teacher_rf__seed_0,condition_recombine_pseudolabel,3.0,0.9,random_forest,0,316,305,1.9651898734177216,True,0.8499999999999999,0.85,0.85,reaction_role_concat,6144,random_forest,False,valid,spearman,0.875997852386407,2,0.1,random,,
condition_recombine_pseudolabel__mult_3__sim_0.9__teacher_rf__seed_1,condition_recombine_pseudolabel,3.0,0.9,random_forest,1,316,312,1.9873417721518987,True,0.8499999999999998,0.85,0.85,reaction_role_concat,6144,random_forest,False,valid,rmse,14.380405979335608,2,0.1,random,,
condition_recombine_pseudolabel__mult_3__sim_0.9__teacher_rf__seed_1,condition_recombine_pseudolabel,3.0,0.9,random_forest,1,316,312,1.9873417721518987,True,0.8499999999999998,0.85,0.85,reaction_role_concat,6144,random_forest,False,valid,mae,10.157644677179148,2,0.1,random,,
condition_recombine_pseudolabel__mult_3__sim_0.9__teacher_rf__seed_1,condition_recombine_pseudolabel,3.0,0.9,random_forest,1,316,312,1.9873417721518987,True,0.8499999999999998,0.85,0.85,reaction_role_concat,6144,random_forest,False,valid,r2,0.741206008922016,2,0.1,random,,
condition_recombine_pseudolabel__mult_3__sim_0.9__teacher_rf__seed_1,condition_recombine_pseudolabel,3.0,0.9,random_forest,1,316,312,1.9873417721518987,True,0.8499999999999998,0.85,0.85,reaction_role_concat,6144,random_forest,False,valid,spearman,0.8777240600464028,2,0.1,random,,
condition_recombine_pseudolabel__mult_3__sim_0.9__teacher_rf__seed_2,condition_recombine_pseudolabel,3.0,0.9,random_forest,2,316,323,2.0221518987341773,True,0.8499999999999999,0.85,0.85,reaction_role_concat,6144,random_forest,False,valid,rmse,14.52584791043625,2,0.1,random,,
condition_recombine_pseudolabel__mult_3__sim_0.9__teacher_rf__seed_2,condition_recombine_pseudolabel,3.0,0.9,random_forest,2,316,323,2.0221518987341773,True,0.8499999999999999,0.85,0.85,reaction_role_concat,6144,random_forest,False,valid,mae,10.314355077456069,2,0.1,random,,
condition_recombine_pseudolabel__mult_3__sim_0.9__teacher_rf__seed_2,condition_recombine_pseudolabel,3.0,0.9,random_forest,2,316,323,2.0221518987341773,True,0.8499999999999999,0.85,0.85,reaction_role_concat,6144,random_forest,False,valid,r2,0.735944705609999,2,0.1,random,,
condition_recombine_pseudolabel__mult_3__sim_0.9__teacher_rf__seed_2,condition_recombine_pseudolabel,3.0,0.9,random_forest,2,316,323,2.0221518987341773,True,0.8499999999999999,0.85,0.85,reaction_role_concat,6144,random_forest,False,valid,spearman,0.8749626341524468,2,0.1,random,,
condition_recombine_pseudolabel__mult_3__sim_0.9__teacher_rf__seed_3,condition_recombine_pseudolabel,3.0,0.9,random_forest,3,316,289,1.9145569620253164,True,0.8499999999999999,0.85,0.85,reaction_role_concat,6144,random_forest,False,valid,rmse,14.418507469731475,2,0.1,random,,
condition_recombine_pseudolabel__mult_3__sim_0.9__teacher_rf__seed_3,condition_recombine_pseudolabel,3.0,0.9,random_forest,3,316,289,1.9145569620253164,True,0.8499999999999999,0.85,0.85,reaction_role_concat,6144,random_forest,False,valid,mae,10.198223336801497,2,0.1,random,,
condition_recombine_pseudolabel__mult_3__sim_0.9__teacher_rf__seed_3,condition_recombine_pseudolabel,3.0,0.9,random_forest,3,316,289,1.9145569620253164,True,0.8499999999999999,0.85,0.85,reaction_role_concat,6144,random_forest,False,valid,r2,0.7398328210439138,2,0.1,random,,
condition_recombine_pseudolabel__mult_3__sim_0.9__teacher_rf__seed_3,condition_recombine_pseudolabel,3.0,0.9,random_forest,3,316,289,1.9145569620253164,True,0.8499999999999999,0.85,0.85,reaction_role_concat,6144,random_forest,False,valid,spearman,0.8765258321874166,2,0.1,random,,
condition_recombine_pseudolabel__mult_3__sim_0.9__teacher_rf__seed_4,condition_recombine_pseudolabel,3.0,0.9,random_forest,4,316,317,2.0031645569620253,True,0.8499999999999998,0.85,0.85,reaction_role_concat,6144,random_forest,False,valid,rmse,14.5867025242582,2,0.1,random,,
condition_recombine_pseudolabel__mult_3__sim_0.9__teacher_rf__seed_4,condition_recombine_pseudolabel,3.0,0.9,random_forest,4,316,317,2.0031645569620253,True,0.8499999999999998,0.85,0.85,reaction_role_concat,6144,random_forest,False,valid,mae,10.316525495189655,2,0.1,random,,
condition_recombine_pseudolabel__mult_3__sim_0.9__teacher_rf__seed_4,condition_recombine_pseudolabel,3.0,0.9,random_forest,4,316,317,2.0031645569620253,True,0.8499999999999998,0.85,0.85,reaction_role_concat,6144,random_forest,False,valid,r2,0.7337276036851601,2,0.1,random,,
condition_recombine_pseudolabel__mult_3__sim_0.9__teacher_rf__seed_4,condition_recombine_pseudolabel,3.0,0.9,random_forest,4,316,317,2.0031645569620253,True,0.8499999999999998,0.85,0.85,reaction_role_concat,6144,random_forest,False,valid,spearman,0.8720206707167959,2,0.1,random,,
condition_recombine_pseudolabel__mult_3__sim_0.95__teacher_ridge__seed_0,condition_recombine_pseudolabel,3.0,0.95,ridge,0,316,0,1.0,True,,,,reaction_role_concat,6144,random_forest,False,valid,rmse,14.101153008847355,2,0.1,random,,
condition_recombine_pseudolabel__mult_3__sim_0.95__teacher_ridge__seed_0,condition_recombine_pseudolabel,3.0,0.95,ridge,0,316,0,1.0,True,,,,reaction_role_concat,6144,random_forest,False,valid,mae,10.215592575794533,2,0.1,random,,
condition_recombine_pseudolabel__mult_3__sim_0.95__teacher_ridge__seed_0,condition_recombine_pseudolabel,3.0,0.95,ridge,0,316,0,1.0,True,,,,reaction_role_concat,6144,random_forest,False,valid,r2,0.7511594546626889,2,0.1,random,,
condition_recombine_pseudolabel__mult_3__sim_0.95__teacher_ridge__seed_0,condition_recombine_pseudolabel,3.0,0.95,ridge,0,316,0,1.0,True,,,,reaction_role_concat,6144,random_forest,False,valid,spearman,0.8785523514863487,2,0.1,random,,
condition_recombine_pseudolabel__mult_3__sim_0.95__teacher_ridge__seed_1,condition_recombine_pseudolabel,3.0,0.95,ridge,1,316,0,1.0,True,,,,reaction_role_concat,6144,random_forest,False,valid,rmse,14.101153008847355,2,0.1,random,,
condition_recombine_pseudolabel__mult_3__sim_0.95__teacher_ridge__seed_1,condition_recombine_pseudolabel,3.0,0.95,ridge,1,316,0,1.0,True,,,,reaction_role_concat,6144,random_forest,False,valid,mae,10.215592575794533,2,0.1,random,,
condition_recombine_pseudolabel__mult_3__sim_0.95__teacher_ridge__seed_1,condition_recombine_pseudolabel,3.0,0.95,ridge,1,316,0,1.0,True,,,,reaction_role_concat,6144,random_forest,False,valid,r2,0.7511594546626889,2,0.1,random,,
condition_recombine_pseudolabel__mult_3__sim_0.95__teacher_ridge__seed_1,condition_recombine_pseudolabel,3.0,0.95,ridge,1,316,0,1.0,True,,,,reaction_role_concat,6144,random_forest,False,valid,spearman,0.8785523514863487,2,0.1,random,,
condition_recombine_pseudolabel__mult_3__sim_0.95__teacher_ridge__seed_2,condition_recombine_pseudolabel,3.0,0.95,ridge,2,316,0,1.0,True,,,,reaction_role_concat,6144,random_forest,False,valid,rmse,14.101153008847355,2,0.1,random,,
condition_recombine_pseudolabel__mult_3__sim_0.95__teacher_ridge__seed_2,condition_recombine_pseudolabel,3.0,0.95,ridge,2,316,0,1.0,True,,,,reaction_role_concat,6144,random_forest,False,valid,mae,10.215592575794533,2,0.1,random,,
condition_recombine_pseudolabel__mult_3__sim_0.95__teacher_ridge__seed_2,condition_recombine_pseudolabel,3.0,0.95,ridge,2,316,0,1.0,True,,,,reaction_role_concat,6144,random_forest,False,valid,r2,0.7511594546626889,2,0.1,random,,
condition_recombine_pseudolabel__mult_3__sim_0.95__teacher_ridge__seed_2,condition_recombine_pseudolabel,3.0,0.95,ridge,2,316,0,1.0,True,,,,reaction_role_concat,6144,random_forest,False,valid,spearman,0.8785523514863487,2,0.1,random,,
condition_recombine_pseudolabel__mult_3__sim_0.95__teacher_ridge__seed_3,condition_recombine_pseudolabel,3.0,0.95,ridge,3,316,0,1.0,True,,,,reaction_role_concat,6144,random_forest,False,valid,rmse,14.101153008847355,2,0.1,random,,
condition_recombine_pseudolabel__mult_3__sim_0.95__teacher_ridge__seed_3,condition_recombine_pseudolabel,3.0,0.95,ridge,3,316,0,1.0,True,,,,reaction_role_concat,6144,random_forest,False,valid,mae,10.215592575794533,2,0.1,random,,
condition_recombine_pseudolabel__mult_3__sim_0.95__teacher_ridge__seed_3,condition_recombine_pseudolabel,3.0,0.95,ridge,3,316,0,1.0,True,,,,reaction_role_concat,6144,random_forest,False,valid,r2,0.7511594546626889,2,0.1,random,,
condition_recombine_pseudolabel__mult_3__sim_0.95__teacher_ridge__seed_3,condition_recombine_pseudolabel,3.0,0.95,ridge,3,316,0,1.0,True,,,,reaction_role_concat,6144,random_forest,False,valid,spearman,0.8785523514863487,2,0.1,random,,
condition_recombine_pseudolabel__mult_3__sim_0.95__teacher_ridge__seed_4,condition_recombine_pseudolabel,3.0,0.95,ridge,4,316,0,1.0,True,,,,reaction_role_concat,6144,random_forest,False,valid,rmse,14.101153008847355,2,0.1,random,,
condition_recombine_pseudolabel__mult_3__sim_0.95__teacher_ridge__seed_4,condition_recombine_pseudolabel,3.0,0.95,ridge,4,316,0,1.0,True,,,,reaction_role_concat,6144,random_forest,False,valid,mae,10.215592575794533,2,0.1,random,,
condition_recombine_pseudolabel__mult_3__sim_0.95__teacher_ridge__seed_4,condition_recombine_pseudolabel,3.0,0.95,ridge,4,316,0,1.0,True,,,,reaction_role_concat,6144,random_forest,False,valid,r2,0.7511594546626889,2,0.1,random,,
condition_recombine_pseudolabel__mult_3__sim_0.95__teacher_ridge__seed_4,condition_recombine_pseudolabel,3.0,0.95,ridge,4,316,0,1.0,True,,,,reaction_role_concat,6144,random_forest,False,valid,spearman,0.8785523514863487,2,0.1,random,,
condition_recombine_pseudolabel__mult_3__sim_0.95__teacher_rf__seed_0,condition_recombine_pseudolabel,3.0,0.95,random_forest,0,316,0,1.0,True,,,,reaction_role_concat,6144,random_forest,False,valid,rmse,14.101153008847355,2,0.1,random,,
condition_recombine_pseudolabel__mult_3__sim_0.95__teacher_rf__seed_0,condition_recombine_pseudolabel,3.0,0.95,random_forest,0,316,0,1.0,True,,,,reaction_role_concat,6144,random_forest,False,valid,mae,10.215592575794533,2,0.1,random,,
condition_recombine_pseudolabel__mult_3__sim_0.95__teacher_rf__seed_0,condition_recombine_pseudolabel,3.0,0.95,random_forest,0,316,0,1.0,True,,,,reaction_role_concat,6144,random_forest,False,valid,r2,0.7511594546626889,2,0.1,random,,
condition_recombine_pseudolabel__mult_3__sim_0.95__teacher_rf__seed_0,condition_recombine_pseudolabel,3.0,0.95,random_forest,0,316,0,1.0,True,,,,reaction_role_concat,6144,random_forest,False,valid,spearman,0.8785523514863487,2,0.1,random,,
condition_recombine_pseudolabel__mult_3__sim_0.95__teacher_rf__seed_1,condition_recombine_pseudolabel,3.0,0.95,random_forest,1,316,0,1.0,True,,,,reaction_role_concat,6144,random_forest,False,valid,rmse,14.101153008847355,2,0.1,random,,
condition_recombine_pseudolabel__mult_3__sim_0.95__teacher_rf__seed_1,condition_recombine_pseudolabel,3.0,0.95,random_forest,1,316,0,1.0,True,,,,reaction_role_concat,6144,random_forest,False,valid,mae,10.215592575794533,2,0.1,random,,
condition_recombine_pseudolabel__mult_3__sim_0.95__teacher_rf__seed_1,condition_recombine_pseudolabel,3.0,0.95,random_forest,1,316,0,1.0,True,,,,reaction_role_concat,6144,random_forest,False,valid,r2,0.7511594546626889,2,0.1,random,,
condition_recombine_pseudolabel__mult_3__sim_0.95__teacher_rf__seed_1,condition_recombine_pseudolabel,3.0,0.95,random_forest,1,316,0,1.0,True,,,,reaction_role_concat,6144,random_forest,False,valid,spearman,0.8785523514863487,2,0.1,random,,
condition_recombine_pseudolabel__mult_3__sim_0.95__teacher_rf__seed_2,condition_recombine_pseudolabel,3.0,0.95,random_forest,2,316,0,1.0,True,,,,reaction_role_concat,6144,random_forest,False,valid,rmse,14.101153008847355,2,0.1,random,,
condition_recombine_pseudolabel__mult_3__sim_0.95__teacher_rf__seed_2,condition_recombine_pseudolabel,3.0,0.95,random_forest,2,316,0,1.0,True,,,,reaction_role_concat,6144,random_forest,False,valid,mae,10.215592575794533,2,0.1,random,,
condition_recombine_pseudolabel__mult_3__sim_0.95__teacher_rf__seed_2,condition_recombine_pseudolabel,3.0,0.95,random_forest,2,316,0,1.0,True,,,,reaction_role_concat,6144,random_forest,False,valid,r2,0.7511594546626889,2,0.1,random,,
condition_recombine_pseudolabel__mult_3__sim_0.95__teacher_rf__seed_2,condition_recombine_pseudolabel,3.0,0.95,random_forest,2,316,0,1.0,True,,,,reaction_role_concat,6144,random_forest,False,valid,spearman,0.8785523514863487,2,0.1,random,,
condition_recombine_pseudolabel__mult_3__sim_0.95__teacher_rf__seed_3,condition_recombine_pseudolabel,3.0,0.95,random_forest,3,316,0,1.0,True,,,,reaction_role_concat,6144,random_forest,False,valid,rmse,14.101153008847355,2,0.1,random,,
condition_recombine_pseudolabel__mult_3__sim_0.95__teacher_rf__seed_3,condition_recombine_pseudolabel,3.0,0.95,random_forest,3,316,0,1.0,True,,,,reaction_role_concat,6144,random_forest,False,valid,mae,10.215592575794533,2,0.1,random,,
condition_recombine_pseudolabel__mult_3__sim_0.95__teacher_rf__seed_3,condition_recombine_pseudolabel,3.0,0.95,random_forest,3,316,0,1.0,True,,,,reaction_role_concat,6144,random_forest,False,valid,r2,0.7511594546626889,2,0.1,random,,
condition_recombine_pseudolabel__mult_3__sim_0.95__teacher_rf__seed_3,condition_recombine_pseudolabel,3.0,0.95,random_forest,3,316,0,1.0,True,,,,reaction_role_concat,6144,random_forest,False,valid,spearman,0.8785523514863487,2,0.1,random,,
condition_recombine_pseudolabel__mult_3__sim_0.95__teacher_rf__seed_4,condition_recombine_pseudolabel,3.0,0.95,random_forest,4,316,0,1.0,True,,,,reaction_role_concat,6144,random_forest,False,valid,rmse,14.101153008847355,2,0.1,random,,
condition_recombine_pseudolabel__mult_3__sim_0.95__teacher_rf__seed_4,condition_recombine_pseudolabel,3.0,0.95,random_forest,4,316,0,1.0,True,,,,reaction_role_concat,6144,random_forest,False,valid,mae,10.215592575794533,2,0.1,random,,
condition_recombine_pseudolabel__mult_3__sim_0.95__teacher_rf__seed_4,condition_recombine_pseudolabel,3.0,0.95,random_forest,4,316,0,1.0,True,,,,reaction_role_concat,6144,random_forest,False,valid,r2,0.7511594546626889,2,0.1,random,,
condition_recombine_pseudolabel__mult_3__sim_0.95__teacher_rf__seed_4,condition_recombine_pseudolabel,3.0,0.95,random_forest,4,316,0,1.0,True,,,,reaction_role_concat,6144,random_forest,False,valid,spearman,0.8785523514863487,2,0.1,random,,
