policy_id,augmentation_method,synthetic_multiplier,min_neighbor_similarity,teacher_model,augmentation_random_state,n_real_train,n_synthetic_train,augmentation_factor,synthetic_weighting_enabled,mean_synthetic_weight,min_synthetic_weight,max_synthetic_weight,feature_kind,n_features,model,selected_policy,split,metric,value,fold_index,train_fraction,split_method,group_column,heldout_group_value
condition_recombine_pseudolabel__mult_0.25__sim_0.7__teacher_ridge__seed_0,condition_recombine_pseudolabel,0.25,0.7,ridge,0,31,7,1.2258064516129032,False,1.0,1.0,1.0,reaction_role_concat,6144,random_forest,False,valid,rmse,19.18453999723571,0,0.01,random,,
condition_recombine_pseudolabel__mult_0.25__sim_0.7__teacher_ridge__seed_0,condition_recombine_pseudolabel,0.25,0.7,ridge,0,31,7,1.2258064516129032,False,1.0,1.0,1.0,reaction_role_concat,6144,random_forest,False,valid,mae,15.411429026559937,0,0.01,random,,
condition_recombine_pseudolabel__mult_0.25__sim_0.7__teacher_ridge__seed_0,condition_recombine_pseudolabel,0.25,0.7,ridge,0,31,7,1.2258064516129032,False,1.0,1.0,1.0,reaction_role_concat,6144,random_forest,False,valid,r2,0.4946829411197645,0,0.01,random,,
condition_recombine_pseudolabel__mult_0.25__sim_0.7__teacher_ridge__seed_0,condition_recombine_pseudolabel,0.25,0.7,ridge,0,31,7,1.2258064516129032,False,1.0,1.0,1.0,reaction_role_concat,6144,random_forest,False,valid,spearman,0.7288052277313827,0,0.01,random,,
condition_recombine_pseudolabel__mult_0.25__sim_0.7__teacher_ridge__seed_1,condition_recombine_pseudolabel,0.25,0.7,ridge,1,31,7,1.2258064516129032,False,1.0,1.0,1.0,reaction_role_concat,6144,random_forest,False,valid,rmse,19.95112226553361,0,0.01,random,,
condition_recombine_pseudolabel__mult_0.25__sim_0.7__teacher_ridge__seed_1,condition_recombine_pseudolabel,0.25,0.7,ridge,1,31,7,1.2258064516129032,False,1.0,1.0,1.0,reaction_role_concat,6144,random_forest,False,valid,mae,16.108465280707875,0,0.01,random,,
condition_recombine_pseudolabel__mult_0.25__sim_0.7__teacher_ridge__seed_1,condition_recombine_pseudolabel,0.25,0.7,ridge,1,31,7,1.2258064516129032,False,1.0,1.0,1.0,reaction_role_concat,6144,random_forest,False,valid,r2,0.4534928610548824,0,0.01,random,,
condition_recombine_pseudolabel__mult_0.25__sim_0.7__teacher_ridge__seed_1,condition_recombine_pseudolabel,0.25,0.7,ridge,1,31,7,1.2258064516129032,False,1.0,1.0,1.0,reaction_role_concat,6144,random_forest,False,valid,spearman,0.7128010371697878,0,0.01,random,,
condition_recombine_pseudolabel__mult_0.25__sim_0.7__teacher_ridge__seed_2,condition_recombine_pseudolabel,0.25,0.7,ridge,2,31,7,1.2258064516129032,False,1.0,1.0,1.0,reaction_role_concat,6144,random_forest,False,valid,rmse,20.0226847609606,0,0.01,random,,
condition_recombine_pseudolabel__mult_0.25__sim_0.7__teacher_ridge__seed_2,condition_recombine_pseudolabel,0.25,0.7,ridge,2,31,7,1.2258064516129032,False,1.0,1.0,1.0,reaction_role_concat,6144,random_forest,False,valid,mae,15.886322302262995,0,0.01,random,,
condition_recombine_pseudolabel__mult_0.25__sim_0.7__teacher_ridge__seed_2,condition_recombine_pseudolabel,0.25,0.7,ridge,2,31,7,1.2258064516129032,False,1.0,1.0,1.0,reaction_role_concat,6144,random_forest,False,valid,r2,0.4495653070347678,0,0.01,random,,
condition_recombine_pseudolabel__mult_0.25__sim_0.7__teacher_ridge__seed_2,condition_recombine_pseudolabel,0.25,0.7,ridge,2,31,7,1.2258064516129032,False,1.0,1.0,1.0,reaction_role_concat,6144,random_forest,False,valid,spearman,0.68141305502369,0,0.01,random,,
condition_recombine_pseudolabel__mult_0.25__sim_0.7__teacher_ridge__seed_3,condition_recombine_pseudolabel,0.25,0.7,ridge,3,31,7,1.2258064516129032,False,1.0,1.0,1.0,reaction_role_concat,6144,random_forest,False,valid,rmse,20.589517582826794,0,0.01,random,,
condition_recombine_pseudolabel__mult_0.25__sim_0.7__teacher_ridge__seed_3,condition_recombine_pseudolabel,0.25,0.7,ridge,3,31,7,1.2258064516129032,False,1.0,1.0,1.0,reaction_role_concat,6144,random_forest,False,valid,mae,16.3919726569894,0,0.01,random,,
condition_recombine_pseudolabel__mult_0.25__sim_0.7__teacher_ridge__seed_3,condition_recombine_pseudolabel,0.25,0.7,ridge,3,31,7,1.2258064516129032,False,1.0,1.0,1.0,reaction_role_concat,6144,random_forest,False,valid,r2,0.4179590760096563,0,0.01,random,,
condition_recombine_pseudolabel__mult_0.25__sim_0.7__teacher_ridge__seed_3,condition_recombine_pseudolabel,0.25,0.7,ridge,3,31,7,1.2258064516129032,False,1.0,1.0,1.0,reaction_role_concat,6144,random_forest,False,valid,spearman,0.6685655775247565,0,0.01,random,,
condition_recombine_pseudolabel__mult_0.25__sim_0.7__teacher_ridge__seed_4,condition_recombine_pseudolabel,0.25,0.7,ridge,4,31,7,1.2258064516129032,False,1.0,1.0,1.0,reaction_role_concat,6144,random_forest,False,valid,rmse,20.517986213841116,0,0.01,random,,
condition_recombine_pseudolabel__mult_0.25__sim_0.7__teacher_ridge__seed_4,condition_recombine_pseudolabel,0.25,0.7,ridge,4,31,7,1.2258064516129032,False,1.0,1.0,1.0,reaction_role_concat,6144,random_forest,False,valid,mae,16.792786546381215,0,0.01,random,,
condition_recombine_pseudolabel__mult_0.25__sim_0.7__teacher_ridge__seed_4,condition_recombine_pseudolabel,0.25,0.7,ridge,4,31,7,1.2258064516129032,False,1.0,1.0,1.0,reaction_role_concat,6144,random_forest,False,valid,r2,0.42199626259563927,0,0.01,random,,
condition_recombine_pseudolabel__mult_0.25__sim_0.7__teacher_ridge__seed_4,condition_recombine_pseudolabel,0.25,0.7,ridge,4,31,7,1.2258064516129032,False,1.0,1.0,1.0,reaction_role_concat,6144,random_forest,False,valid,spearman,0.6911778155714797,0,0.01,random,,
condition_recombine_pseudolabel__mult_0.25__sim_0.7__teacher_rf__seed_0,condition_recombine_pseudolabel,0.25,0.7,random_forest,0,31,7,1.2258064516129032,False,1.0,1.0,1.0,reaction_role_concat,6144,random_forest,False,valid,rmse,19.88492927879804,0,0.01,random,,
condition_recombine_pseudolabel__mult_0.25__sim_0.7__teacher_rf__seed_0,condition_recombine_pseudolabel,0.25,0.7,random_forest,0,31,7,1.2258064516129032,False,1.0,1.0,1.0,reaction_role_concat,6144,random_forest,False,valid,mae,15.466383723529079,0,0.01,random,,
condition_recombine_pseudolabel__mult_0.25__sim_0.7__teacher_rf__seed_0,condition_recombine_pseudolabel,0.25,0.7,random_forest,0,31,7,1.2258064516129032,False,1.0,1.0,1.0,reaction_role_concat,6144,random_forest,False,valid,r2,0.45711320175335735,0,0.01,random,,
condition_recombine_pseudolabel__mult_0.25__sim_0.7__teacher_rf__seed_0,condition_recombine_pseudolabel,0.25,0.7,random_forest,0,31,7,1.2258064516129032,False,1.0,1.0,1.0,reaction_role_concat,6144,random_forest,False,valid,spearman,0.7027938419934734,0,0.01,random,,
condition_recombine_pseudolabel__mult_0.25__sim_0.7__teacher_rf__seed_1,condition_recombine_pseudolabel,0.25,0.7,random_forest,1,31,7,1.2258064516129032,False,1.0,1.0,1.0,reaction_role_concat,6144,random_forest,False,valid,rmse,20.02544358263908,0,0.01,random,,
condition_recombine_pseudolabel__mult_0.25__sim_0.7__teacher_rf__seed_1,condition_recombine_pseudolabel,0.25,0.7,random_forest,1,31,7,1.2258064516129032,False,1.0,1.0,1.0,reaction_role_concat,6144,random_forest,False,valid,mae,15.954512800566759,0,0.01,random,,
condition_recombine_pseudolabel__mult_0.25__sim_0.7__teacher_rf__seed_1,condition_recombine_pseudolabel,0.25,0.7,random_forest,1,31,7,1.2258064516129032,False,1.0,1.0,1.0,reaction_role_concat,6144,random_forest,False,valid,r2,0.4494136135133139,0,0.01,random,,
condition_recombine_pseudolabel__mult_0.25__sim_0.7__teacher_rf__seed_1,condition_recombine_pseudolabel,0.25,0.7,random_forest,1,31,7,1.2258064516129032,False,1.0,1.0,1.0,reaction_role_concat,6144,random_forest,False,valid,spearman,0.702618393318533,0,0.01,random,,
condition_recombine_pseudolabel__mult_0.25__sim_0.7__teacher_rf__seed_2,condition_recombine_pseudolabel,0.25,0.7,random_forest,2,31,7,1.2258064516129032,False,1.0,1.0,1.0,reaction_role_concat,6144,random_forest,False,valid,rmse,19.744925953161804,0,0.01,random,,
condition_recombine_pseudolabel__mult_0.25__sim_0.7__teacher_rf__seed_2,condition_recombine_pseudolabel,0.25,0.7,random_forest,2,31,7,1.2258064516129032,False,1.0,1.0,1.0,reaction_role_concat,6144,random_forest,False,valid,mae,15.629298995597456,0,0.01,random,,
condition_recombine_pseudolabel__mult_0.25__sim_0.7__teacher_rf__seed_2,condition_recombine_pseudolabel,0.25,0.7,random_forest,2,31,7,1.2258064516129032,False,1.0,1.0,1.0,reaction_role_concat,6144,random_forest,False,valid,r2,0.46473086933597996,0,0.01,random,,
condition_recombine_pseudolabel__mult_0.25__sim_0.7__teacher_rf__seed_2,condition_recombine_pseudolabel,0.25,0.7,random_forest,2,31,7,1.2258064516129032,False,1.0,1.0,1.0,reaction_role_concat,6144,random_forest,False,valid,spearman,0.7084379927627806,0,0.01,random,,
condition_recombine_pseudolabel__mult_0.25__sim_0.7__teacher_rf__seed_3,condition_recombine_pseudolabel,0.25,0.7,random_forest,3,31,7,1.2258064516129032,False,1.0,1.0,1.0,reaction_role_concat,6144,random_forest,False,valid,rmse,19.2756881361581,0,0.01,random,,
condition_recombine_pseudolabel__mult_0.25__sim_0.7__teacher_rf__seed_3,condition_recombine_pseudolabel,0.25,0.7,random_forest,3,31,7,1.2258064516129032,False,1.0,1.0,1.0,reaction_role_concat,6144,random_forest,False,valid,mae,15.41858574194395,0,0.01,random,,
condition_recombine_pseudolabel__mult_0.25__sim_0.7__teacher_rf__seed_3,condition_recombine_pseudolabel,0.25,0.7,random_forest,3,31,7,1.2258064516129032,False,1.0,1.0,1.0,reaction_role_concat,6144,random_forest,False,valid,r2,0.4898698859386701,0,0.01,random,,
condition_recombine_pseudolabel__mult_0.25__sim_0.7__teacher_rf__seed_3,condition_recombine_pseudolabel,0.25,0.7,random_forest,3,31,7,1.2258064516129032,False,1.0,1.0,1.0,reaction_role_concat,6144,random_forest,False,valid,spearman,0.7341300268615087,0,0.01,random,,
condition_recombine_pseudolabel__mult_0.25__sim_0.7__teacher_rf__seed_4,condition_recombine_pseudolabel,0.25,0.7,random_forest,4,31,7,1.2258064516129032,False,1.0,1.0,1.0,reaction_role_concat,6144,random_forest,False,valid,rmse,19.36572468161324,0,0.01,random,,
condition_recombine_pseudolabel__mult_0.25__sim_0.7__teacher_rf__seed_4,condition_recombine_pseudolabel,0.25,0.7,random_forest,4,31,7,1.2258064516129032,False,1.0,1.0,1.0,reaction_role_concat,6144,random_forest,False,valid,mae,15.347695050496089,0,0.01,random,,
condition_recombine_pseudolabel__mult_0.25__sim_0.7__teacher_rf__seed_4,condition_recombine_pseudolabel,0.25,0.7,random_forest,4,31,7,1.2258064516129032,False,1.0,1.0,1.0,reaction_role_concat,6144,random_forest,False,valid,r2,0.48509313057860215,0,0.01,random,,
condition_recombine_pseudolabel__mult_0.25__sim_0.7__teacher_rf__seed_4,condition_recombine_pseudolabel,0.25,0.7,random_forest,4,31,7,1.2258064516129032,False,1.0,1.0,1.0,reaction_role_concat,6144,random_forest,False,valid,spearman,0.7254084167595076,0,0.01,random,,
condition_recombine_pseudolabel__mult_0.25__sim_0.8__teacher_ridge__seed_0,condition_recombine_pseudolabel,0.25,0.8,ridge,0,31,1,1.032258064516129,False,1.0,1.0,1.0,reaction_role_concat,6144,random_forest,False,valid,rmse,20.152789555462245,0,0.01,random,,
condition_recombine_pseudolabel__mult_0.25__sim_0.8__teacher_ridge__seed_0,condition_recombine_pseudolabel,0.25,0.8,ridge,0,31,1,1.032258064516129,False,1.0,1.0,1.0,reaction_role_concat,6144,random_forest,False,valid,mae,16.103090673583974,0,0.01,random,,
condition_recombine_pseudolabel__mult_0.25__sim_0.8__teacher_ridge__seed_0,condition_recombine_pseudolabel,0.25,0.8,ridge,0,31,1,1.032258064516129,False,1.0,1.0,1.0,reaction_role_concat,6144,random_forest,False,valid,r2,0.4423887607009561,0,0.01,random,,
condition_recombine_pseudolabel__mult_0.25__sim_0.8__teacher_ridge__seed_0,condition_recombine_pseudolabel,0.25,0.8,ridge,0,31,1,1.032258064516129,False,1.0,1.0,1.0,reaction_role_concat,6144,random_forest,False,valid,spearman,0.7067954738136999,0,0.01,random,,
condition_recombine_pseudolabel__mult_0.25__sim_0.8__teacher_ridge__seed_1,condition_recombine_pseudolabel,0.25,0.8,ridge,1,31,3,1.096774193548387,False,1.0,1.0,1.0,reaction_role_concat,6144,random_forest,False,valid,rmse,19.521832587128277,0,0.01,random,,
condition_recombine_pseudolabel__mult_0.25__sim_0.8__teacher_ridge__seed_1,condition_recombine_pseudolabel,0.25,0.8,ridge,1,31,3,1.096774193548387,False,1.0,1.0,1.0,reaction_role_concat,6144,random_forest,False,valid,mae,15.47845916009402,0,0.01,random,,
condition_recombine_pseudolabel__mult_0.25__sim_0.8__teacher_ridge__seed_1,condition_recombine_pseudolabel,0.25,0.8,ridge,1,31,3,1.096774193548387,False,1.0,1.0,1.0,reaction_role_concat,6144,random_forest,False,valid,r2,0.476758300701733,0,0.01,random,,
condition_recombine_pseudolabel__mult_0.25__sim_0.8__teacher_ridge__seed_1,condition_recombine_pseudolabel,0.25,0.8,ridge,1,31,3,1.096774193548387,False,1.0,1.0,1.0,reaction_role_concat,6144,random_forest,False,valid,spearman,0.7309497518791275,0,0.01,random,,
condition_recombine_pseudolabel__mult_0.25__sim_0.8__teacher_ridge__seed_2,condition_recombine_pseudolabel,0.25,0.8,ridge,2,31,4,1.1290322580645162,False,1.0,1.0,1.0,reaction_role_concat,6144,random_forest,False,valid,rmse,20.107247032410406,0,0.01,random,,
condition_recombine_pseudolabel__mult_0.25__sim_0.8__teacher_ridge__seed_2,condition_recombine_pseudolabel,0.25,0.8,ridge,2,31,4,1.1290322580645162,False,1.0,1.0,1.0,reaction_role_concat,6144,random_forest,False,valid,mae,15.813831896160222,0,0.01,random,,
condition_recombine_pseudolabel__mult_0.25__sim_0.8__teacher_ridge__seed_2,condition_recombine_pseudolabel,0.25,0.8,ridge,2,31,4,1.1290322580645162,False,1.0,1.0,1.0,reaction_role_concat,6144,random_forest,False,valid,r2,0.4449061618802497,0,0.01,random,,
condition_recombine_pseudolabel__mult_0.25__sim_0.8__teacher_ridge__seed_2,condition_recombine_pseudolabel,0.25,0.8,ridge,2,31,4,1.1290322580645162,False,1.0,1.0,1.0,reaction_role_concat,6144,random_forest,False,valid,spearman,0.6732002655516767,0,0.01,random,,
condition_recombine_pseudolabel__mult_0.25__sim_0.8__teacher_ridge__seed_3,condition_recombine_pseudolabel,0.25,0.8,ridge,3,31,5,1.1612903225806452,False,1.0,1.0,1.0,reaction_role_concat,6144,random_forest,False,valid,rmse,19.935028020229264,0,0.01,random,,
condition_recombine_pseudolabel__mult_0.25__sim_0.8__teacher_ridge__seed_3,condition_recombine_pseudolabel,0.25,0.8,ridge,3,31,5,1.1612903225806452,False,1.0,1.0,1.0,reaction_role_concat,6144,random_forest,False,valid,mae,15.975783852915223,0,0.01,random,,
condition_recombine_pseudolabel__mult_0.25__sim_0.8__teacher_ridge__seed_3,condition_recombine_pseudolabel,0.25,0.8,ridge,3,31,5,1.1612903225806452,False,1.0,1.0,1.0,reaction_role_concat,6144,random_forest,False,valid,r2,0.4543742222330739,0,0.01,random,,
condition_recombine_pseudolabel__mult_0.25__sim_0.8__teacher_ridge__seed_3,condition_recombine_pseudolabel,0.25,0.8,ridge,3,31,5,1.1612903225806452,False,1.0,1.0,1.0,reaction_role_concat,6144,random_forest,False,valid,spearman,0.7041890581487981,0,0.01,random,,
condition_recombine_pseudolabel__mult_0.25__sim_0.8__teacher_ridge__seed_4,condition_recombine_pseudolabel,0.25,0.8,ridge,4,31,4,1.1290322580645162,False,1.0,1.0,1.0,reaction_role_concat,6144,random_forest,False,valid,rmse,20.407340135306548,0,0.01,random,,
condition_recombine_pseudolabel__mult_0.25__sim_0.8__teacher_ridge__seed_4,condition_recombine_pseudolabel,0.25,0.8,ridge,4,31,4,1.1290322580645162,False,1.0,1.0,1.0,reaction_role_concat,6144,random_forest,False,valid,mae,16.372344520556776,0,0.01,random,,
condition_recombine_pseudolabel__mult_0.25__sim_0.8__teacher_ridge__seed_4,condition_recombine_pseudolabel,0.25,0.8,ridge,4,31,4,1.1290322580645162,False,1.0,1.0,1.0,reaction_role_concat,6144,random_forest,False,valid,r2,0.42821338412743404,0,0.01,random,,
condition_recombine_pseudolabel__mult_0.25__sim_0.8__teacher_ridge__seed_4,condition_recombine_pseudolabel,0.25,0.8,ridge,4,31,4,1.1290322580645162,False,1.0,1.0,1.0,reaction_role_concat,6144,random_forest,False,valid,spearman,0.6938379757805364,0,0.01,random,,
condition_recombine_pseudolabel__mult_0.25__sim_0.8__teacher_rf__seed_0,condition_recombine_pseudolabel,0.25,0.8,random_forest,0,31,1,1.032258064516129,False,1.0,1.0,1.0,reaction_role_concat,6144,random_forest,False,valid,rmse,20.154178826902612,0,0.01,random,,
condition_recombine_pseudolabel__mult_0.25__sim_0.8__teacher_rf__seed_0,condition_recombine_pseudolabel,0.25,0.8,random_forest,0,31,1,1.032258064516129,False,1.0,1.0,1.0,reaction_role_concat,6144,random_forest,False,valid,mae,16.22231147447115,0,0.01,random,,
condition_recombine_pseudolabel__mult_0.25__sim_0.8__teacher_rf__seed_0,condition_recombine_pseudolabel,0.25,0.8,random_forest,0,31,1,1.032258064516129,False,1.0,1.0,1.0,reaction_role_concat,6144,random_forest,False,valid,r2,0.4423118780372183,0,0.01,random,,
condition_recombine_pseudolabel__mult_0.25__sim_0.8__teacher_rf__seed_0,condition_recombine_pseudolabel,0.25,0.8,random_forest,0,31,1,1.032258064516129,False,1.0,1.0,1.0,reaction_role_concat,6144,random_forest,False,valid,spearman,0.7051311454843823,0,0.01,random,,
condition_recombine_pseudolabel__mult_0.25__sim_0.8__teacher_rf__seed_1,condition_recombine_pseudolabel,0.25,0.8,random_forest,1,31,3,1.096774193548387,False,1.0,1.0,1.0,reaction_role_concat,6144,random_forest,False,valid,rmse,19.6215545326676,0,0.01,random,,
condition_recombine_pseudolabel__mult_0.25__sim_0.8__teacher_rf__seed_1,condition_recombine_pseudolabel,0.25,0.8,random_forest,1,31,3,1.096774193548387,False,1.0,1.0,1.0,reaction_role_concat,6144,random_forest,False,valid,mae,15.499514520939393,0,0.01,random,,
condition_recombine_pseudolabel__mult_0.25__sim_0.8__teacher_rf__seed_1,condition_recombine_pseudolabel,0.25,0.8,random_forest,1,31,3,1.096774193548387,False,1.0,1.0,1.0,reaction_role_concat,6144,random_forest,False,valid,r2,0.4713989728547785,0,0.01,random,,
condition_recombine_pseudolabel__mult_0.25__sim_0.8__teacher_rf__seed_1,condition_recombine_pseudolabel,0.25,0.8,random_forest,1,31,3,1.096774193548387,False,1.0,1.0,1.0,reaction_role_concat,6144,random_forest,False,valid,spearman,0.7311082593390624,0,0.01,random,,
condition_recombine_pseudolabel__mult_0.25__sim_0.8__teacher_rf__seed_2,condition_recombine_pseudolabel,0.25,0.8,random_forest,2,31,4,1.1290322580645162,False,1.0,1.0,1.0,reaction_role_concat,6144,random_forest,False,valid,rmse,19.653663970624343,0,0.01,random,,
condition_recombine_pseudolabel__mult_0.25__sim_0.8__teacher_rf__seed_2,condition_recombine_pseudolabel,0.25,0.8,random_forest,2,31,4,1.1290322580645162,False,1.0,1.0,1.0,reaction_role_concat,6144,random_forest,False,valid,mae,15.44558498063721,0,0.01,random,,
condition_recombine_pseudolabel__mult_0.25__sim_0.8__teacher_rf__seed_2,condition_recombine_pseudolabel,0.25,0.8,random_forest,2,31,4,1.1290322580645162,False,1.0,1.0,1.0,reaction_role_concat,6144,random_forest,False,valid,r2,0.4696675127356158,0,0.01,random,,
condition_recombine_pseudolabel__mult_0.25__sim_0.8__teacher_rf__seed_2,condition_recombine_pseudolabel,0.25,0.8,random_forest,2,31,4,1.1290322580645162,False,1.0,1.0,1.0,reaction_role_concat,6144,random_forest,False,valid,spearman,0.7280991490462176,0,0.01,random,,
condition_recombine_pseudolabel__mult_0.25__sim_0.8__teacher_rf__seed_3,condition_recombine_pseudolabel,0.25,0.8,random_forest,3,31,5,1.1612903225806452,False,1.0,1.0,1.0,reaction_role_concat,6144,random_forest,False,valid,rmse,19.464475888031327,0,0.01,random,,
condition_recombine_pseudolabel__mult_0.25__sim_0.8__teacher_rf__seed_3,condition_recombine_pseudolabel,0.25,0.8,random_forest,3,31,5,1.1612903225806452,False,1.0,1.0,1.0,reaction_role_concat,6144,random_forest,False,valid,mae,15.413270690095574,0,0.01,random,,
condition_recombine_pseudolabel__mult_0.25__sim_0.8__teacher_rf__seed_3,condition_recombine_pseudolabel,0.25,0.8,random_forest,3,31,5,1.1612903225806452,False,1.0,1.0,1.0,reaction_role_concat,6144,random_forest,False,valid,r2,0.479828435495842,0,0.01,random,,
condition_recombine_pseudolabel__mult_0.25__sim_0.8__teacher_rf__seed_3,condition_recombine_pseudolabel,0.25,0.8,random_forest,3,31,5,1.1612903225806452,False,1.0,1.0,1.0,reaction_role_concat,6144,random_forest,False,valid,spearman,0.7272639666191153,0,0.01,random,,
condition_recombine_pseudolabel__mult_0.25__sim_0.8__teacher_rf__seed_4,condition_recombine_pseudolabel,0.25,0.8,random_forest,4,31,4,1.1290322580645162,False,1.0,1.0,1.0,reaction_role_concat,6144,random_forest,False,valid,rmse,19.885182056054003,0,0.01,random,,
condition_recombine_pseudolabel__mult_0.25__sim_0.8__teacher_rf__seed_4,condition_recombine_pseudolabel,0.25,0.8,random_forest,4,31,4,1.1290322580645162,False,1.0,1.0,1.0,reaction_role_concat,6144,random_forest,False,valid,mae,15.842618282432797,0,0.01,random,,
condition_recombine_pseudolabel__mult_0.25__sim_0.8__teacher_rf__seed_4,condition_recombine_pseudolabel,0.25,0.8,random_forest,4,31,4,1.1290322580645162,False,1.0,1.0,1.0,reaction_role_concat,6144,random_forest,False,valid,r2,0.4570993993097614,0,0.01,random,,
condition_recombine_pseudolabel__mult_0.25__sim_0.8__teacher_rf__seed_4,condition_recombine_pseudolabel,0.25,0.8,random_forest,4,31,4,1.1290322580645162,False,1.0,1.0,1.0,reaction_role_concat,6144,random_forest,False,valid,spearman,0.6997420865732014,0,0.01,random,,
condition_recombine_pseudolabel__mult_0.25__sim_0.9__teacher_ridge__seed_0,condition_recombine_pseudolabel,0.25,0.9,ridge,0,31,1,1.032258064516129,False,1.0,1.0,1.0,reaction_role_concat,6144,random_forest,False,valid,rmse,20.152789555462245,0,0.01,random,,
condition_recombine_pseudolabel__mult_0.25__sim_0.9__teacher_ridge__seed_0,condition_recombine_pseudolabel,0.25,0.9,ridge,0,31,1,1.032258064516129,False,1.0,1.0,1.0,reaction_role_concat,6144,random_forest,False,valid,mae,16.103090673583974,0,0.01,random,,
condition_recombine_pseudolabel__mult_0.25__sim_0.9__teacher_ridge__seed_0,condition_recombine_pseudolabel,0.25,0.9,ridge,0,31,1,1.032258064516129,False,1.0,1.0,1.0,reaction_role_concat,6144,random_forest,False,valid,r2,0.4423887607009561,0,0.01,random,,
condition_recombine_pseudolabel__mult_0.25__sim_0.9__teacher_ridge__seed_0,condition_recombine_pseudolabel,0.25,0.9,ridge,0,31,1,1.032258064516129,False,1.0,1.0,1.0,reaction_role_concat,6144,random_forest,False,valid,spearman,0.7067954738136999,0,0.01,random,,
condition_recombine_pseudolabel__mult_0.25__sim_0.9__teacher_ridge__seed_1,condition_recombine_pseudolabel,0.25,0.9,ridge,1,31,2,1.064516129032258,False,1.0,1.0,1.0,reaction_role_concat,6144,random_forest,False,valid,rmse,19.715232041749516,0,0.01,random,,
condition_recombine_pseudolabel__mult_0.25__sim_0.9__teacher_ridge__seed_1,condition_recombine_pseudolabel,0.25,0.9,ridge,1,31,2,1.064516129032258,False,1.0,1.0,1.0,reaction_role_concat,6144,random_forest,False,valid,mae,15.648645177029355,0,0.01,random,,
condition_recombine_pseudolabel__mult_0.25__sim_0.9__teacher_ridge__seed_1,condition_recombine_pseudolabel,0.25,0.9,ridge,1,31,2,1.064516129032258,False,1.0,1.0,1.0,reaction_role_concat,6144,random_forest,False,valid,r2,0.46633961506744237,0,0.01,random,,
condition_recombine_pseudolabel__mult_0.25__sim_0.9__teacher_ridge__seed_1,condition_recombine_pseudolabel,0.25,0.9,ridge,1,31,2,1.064516129032258,False,1.0,1.0,1.0,reaction_role_concat,6144,random_forest,False,valid,spearman,0.7340573938362561,0,0.01,random,,
condition_recombine_pseudolabel__mult_0.25__sim_0.9__teacher_ridge__seed_2,condition_recombine_pseudolabel,0.25,0.9,ridge,2,31,1,1.032258064516129,False,1.0,1.0,1.0,reaction_role_concat,6144,random_forest,False,valid,rmse,20.036733417468323,0,0.01,random,,
condition_recombine_pseudolabel__mult_0.25__sim_0.9__teacher_ridge__seed_2,condition_recombine_pseudolabel,0.25,0.9,ridge,2,31,1,1.032258064516129,False,1.0,1.0,1.0,reaction_role_concat,6144,random_forest,False,valid,mae,15.9870886148999,0,0.01,random,,
condition_recombine_pseudolabel__mult_0.25__sim_0.9__teacher_ridge__seed_2,condition_recombine_pseudolabel,0.25,0.9,ridge,2,31,1,1.032258064516129,False,1.0,1.0,1.0,reaction_role_concat,6144,random_forest,False,valid,r2,0.4487926253632648,0,0.01,random,,
condition_recombine_pseudolabel__mult_0.25__sim_0.9__teacher_ridge__seed_2,condition_recombine_pseudolabel,0.25,0.9,ridge,2,31,1,1.032258064516129,False,1.0,1.0,1.0,reaction_role_concat,6144,random_forest,False,valid,spearman,0.7026614278991788,0,0.01,random,,
condition_recombine_pseudolabel__mult_0.25__sim_0.9__teacher_ridge__seed_3,condition_recombine_pseudolabel,0.25,0.9,ridge,3,31,1,1.032258064516129,False,1.0,1.0,1.0,reaction_role_concat,6144,random_forest,False,valid,rmse,20.28777544117571,0,0.01,random,,
condition_recombine_pseudolabel__mult_0.25__sim_0.9__teacher_ridge__seed_3,condition_recombine_pseudolabel,0.25,0.9,ridge,3,31,1,1.032258064516129,False,1.0,1.0,1.0,reaction_role_concat,6144,random_forest,False,valid,mae,16.38517923864081,0,0.01,random,,
condition_recombine_pseudolabel__mult_0.25__sim_0.9__teacher_ridge__seed_3,condition_recombine_pseudolabel,0.25,0.9,ridge,3,31,1,1.032258064516129,False,1.0,1.0,1.0,reaction_role_concat,6144,random_forest,False,valid,r2,0.43489384496915107,0,0.01,random,,
condition_recombine_pseudolabel__mult_0.25__sim_0.9__teacher_ridge__seed_3,condition_recombine_pseudolabel,0.25,0.9,ridge,3,31,1,1.032258064516129,False,1.0,1.0,1.0,reaction_role_concat,6144,random_forest,False,valid,spearman,0.7161499453957856,0,0.01,random,,
condition_recombine_pseudolabel__mult_0.25__sim_0.9__teacher_ridge__seed_4,condition_recombine_pseudolabel,0.25,0.9,ridge,4,31,0,1.0,False,,,,reaction_role_concat,6144,random_forest,False,valid,rmse,20.405752315451878,0,0.01,random,,
condition_recombine_pseudolabel__mult_0.25__sim_0.9__teacher_ridge__seed_4,condition_recombine_pseudolabel,0.25,0.9,ridge,4,31,0,1.0,False,,,,reaction_role_concat,6144,random_forest,False,valid,mae,16.359385532849952,0,0.01,random,,
condition_recombine_pseudolabel__mult_0.25__sim_0.9__teacher_ridge__seed_4,condition_recombine_pseudolabel,0.25,0.9,ridge,4,31,0,1.0,False,,,,reaction_role_concat,6144,random_forest,False,valid,r2,0.4283023578805397,0,0.01,random,,
condition_recombine_pseudolabel__mult_0.25__sim_0.9__teacher_ridge__seed_4,condition_recombine_pseudolabel,0.25,0.9,ridge,4,31,0,1.0,False,,,,reaction_role_concat,6144,random_forest,False,valid,spearman,0.7028232457114711,0,0.01,random,,
condition_recombine_pseudolabel__mult_0.25__sim_0.9__teacher_rf__seed_0,condition_recombine_pseudolabel,0.25,0.9,random_forest,0,31,1,1.032258064516129,False,1.0,1.0,1.0,reaction_role_concat,6144,random_forest,False,valid,rmse,20.154178826902612,0,0.01,random,,
condition_recombine_pseudolabel__mult_0.25__sim_0.9__teacher_rf__seed_0,condition_recombine_pseudolabel,0.25,0.9,random_forest,0,31,1,1.032258064516129,False,1.0,1.0,1.0,reaction_role_concat,6144,random_forest,False,valid,mae,16.22231147447115,0,0.01,random,,
condition_recombine_pseudolabel__mult_0.25__sim_0.9__teacher_rf__seed_0,condition_recombine_pseudolabel,0.25,0.9,random_forest,0,31,1,1.032258064516129,False,1.0,1.0,1.0,reaction_role_concat,6144,random_forest,False,valid,r2,0.4423118780372183,0,0.01,random,,
condition_recombine_pseudolabel__mult_0.25__sim_0.9__teacher_rf__seed_0,condition_recombine_pseudolabel,0.25,0.9,random_forest,0,31,1,1.032258064516129,False,1.0,1.0,1.0,reaction_role_concat,6144,random_forest,False,valid,spearman,0.7051311454843823,0,0.01,random,,
condition_recombine_pseudolabel__mult_0.25__sim_0.9__teacher_rf__seed_1,condition_recombine_pseudolabel,0.25,0.9,random_forest,1,31,2,1.064516129032258,False,1.0,1.0,1.0,reaction_role_concat,6144,random_forest,False,valid,rmse,19.53213421785221,0,0.01,random,,
condition_recombine_pseudolabel__mult_0.25__sim_0.9__teacher_rf__seed_1,condition_recombine_pseudolabel,0.25,0.9,random_forest,1,31,2,1.064516129032258,False,1.0,1.0,1.0,reaction_role_concat,6144,random_forest,False,valid,mae,15.475045966703679,0,0.01,random,,
condition_recombine_pseudolabel__mult_0.25__sim_0.9__teacher_rf__seed_1,condition_recombine_pseudolabel,0.25,0.9,random_forest,1,31,2,1.064516129032258,False,1.0,1.0,1.0,reaction_role_concat,6144,random_forest,False,valid,r2,0.4762059278697812,0,0.01,random,,
condition_recombine_pseudolabel__mult_0.25__sim_0.9__teacher_rf__seed_1,condition_recombine_pseudolabel,0.25,0.9,random_forest,1,31,2,1.064516129032258,False,1.0,1.0,1.0,reaction_role_concat,6144,random_forest,False,valid,spearman,0.7366363530492527,0,0.01,random,,
condition_recombine_pseudolabel__mult_0.25__sim_0.9__teacher_rf__seed_2,condition_recombine_pseudolabel,0.25,0.9,random_forest,2,31,1,1.032258064516129,False,1.0,1.0,1.0,reaction_role_concat,6144,random_forest,False,valid,rmse,20.18016792998356,0,0.01,random,,
condition_recombine_pseudolabel__mult_0.25__sim_0.9__teacher_rf__seed_2,condition_recombine_pseudolabel,0.25,0.9,random_forest,2,31,1,1.032258064516129,False,1.0,1.0,1.0,reaction_role_concat,6144,random_forest,False,valid,mae,16.195645377242112,0,0.01,random,,
condition_recombine_pseudolabel__mult_0.25__sim_0.9__teacher_rf__seed_2,condition_recombine_pseudolabel,0.25,0.9,random_forest,2,31,1,1.032258064516129,False,1.0,1.0,1.0,reaction_role_concat,6144,random_forest,False,valid,r2,0.4408726569998346,0,0.01,random,,
condition_recombine_pseudolabel__mult_0.25__sim_0.9__teacher_rf__seed_2,condition_recombine_pseudolabel,0.25,0.9,random_forest,2,31,1,1.032258064516129,False,1.0,1.0,1.0,reaction_role_concat,6144,random_forest,False,valid,spearman,0.7018309189106986,0,0.01,random,,
condition_recombine_pseudolabel__mult_0.25__sim_0.9__teacher_rf__seed_3,condition_recombine_pseudolabel,0.25,0.9,random_forest,3,31,1,1.032258064516129,False,1.0,1.0,1.0,reaction_role_concat,6144,random_forest,False,valid,rmse,19.974341889474264,0,0.01,random,,
condition_recombine_pseudolabel__mult_0.25__sim_0.9__teacher_rf__seed_3,condition_recombine_pseudolabel,0.25,0.9,random_forest,3,31,1,1.032258064516129,False,1.0,1.0,1.0,reaction_role_concat,6144,random_forest,False,valid,mae,15.984840124874175,0,0.01,random,,
condition_recombine_pseudolabel__mult_0.25__sim_0.9__teacher_rf__seed_3,condition_recombine_pseudolabel,0.25,0.9,random_forest,3,31,1,1.032258064516129,False,1.0,1.0,1.0,reaction_role_concat,6144,random_forest,False,valid,r2,0.45222004297773766,0,0.01,random,,
condition_recombine_pseudolabel__mult_0.25__sim_0.9__teacher_rf__seed_3,condition_recombine_pseudolabel,0.25,0.9,random_forest,3,31,1,1.032258064516129,False,1.0,1.0,1.0,reaction_role_concat,6144,random_forest,False,valid,spearman,0.718703005969751,0,0.01,random,,
condition_recombine_pseudolabel__mult_0.25__sim_0.9__teacher_rf__seed_4,condition_recombine_pseudolabel,0.25,0.9,random_forest,4,31,0,1.0,False,,,,reaction_role_concat,6144,random_forest,False,valid,rmse,20.405752315451878,0,0.01,random,,
condition_recombine_pseudolabel__mult_0.25__sim_0.9__teacher_rf__seed_4,condition_recombine_pseudolabel,0.25,0.9,random_forest,4,31,0,1.0,False,,,,reaction_role_concat,6144,random_forest,False,valid,mae,16.359385532849952,0,0.01,random,,
condition_recombine_pseudolabel__mult_0.25__sim_0.9__teacher_rf__seed_4,condition_recombine_pseudolabel,0.25,0.9,random_forest,4,31,0,1.0,False,,,,reaction_role_concat,6144,random_forest,False,valid,r2,0.4283023578805397,0,0.01,random,,
condition_recombine_pseudolabel__mult_0.25__sim_0.9__teacher_rf__seed_4,condition_recombine_pseudolabel,0.25,0.9,random_forest,4,31,0,1.0,False,,,,reaction_role_concat,6144,random_forest,False,valid,spearman,0.7028232457114711,0,0.01,random,,
condition_recombine_pseudolabel__mult_0.5__sim_0.7__teacher_ridge__seed_0,condition_recombine_pseudolabel,0.5,0.7,ridge,0,31,15,1.4838709677419355,False,1.0,1.0,1.0,reaction_role_concat,6144,random_forest,False,valid,rmse,21.15201507024539,0,0.01,random,,
condition_recombine_pseudolabel__mult_0.5__sim_0.7__teacher_ridge__seed_0,condition_recombine_pseudolabel,0.5,0.7,ridge,0,31,15,1.4838709677419355,False,1.0,1.0,1.0,reaction_role_concat,6144,random_forest,False,valid,mae,17.752103921380225,0,0.01,random,,
condition_recombine_pseudolabel__mult_0.5__sim_0.7__teacher_ridge__seed_0,condition_recombine_pseudolabel,0.5,0.7,ridge,0,31,15,1.4838709677419355,False,1.0,1.0,1.0,reaction_role_concat,6144,random_forest,False,valid,r2,0.3857224072003146,0,0.01,random,,
condition_recombine_pseudolabel__mult_0.5__sim_0.7__teacher_ridge__seed_0,condition_recombine_pseudolabel,0.5,0.7,ridge,0,31,15,1.4838709677419355,False,1.0,1.0,1.0,reaction_role_concat,6144,random_forest,False,valid,spearman,0.6348893629932825,0,0.01,random,,
condition_recombine_pseudolabel__mult_0.5__sim_0.7__teacher_ridge__seed_1,condition_recombine_pseudolabel,0.5,0.7,ridge,1,31,15,1.4838709677419355,False,1.0,1.0,1.0,reaction_role_concat,6144,random_forest,False,valid,rmse,20.94929932433138,0,0.01,random,,
condition_recombine_pseudolabel__mult_0.5__sim_0.7__teacher_ridge__seed_1,condition_recombine_pseudolabel,0.5,0.7,ridge,1,31,15,1.4838709677419355,False,1.0,1.0,1.0,reaction_role_concat,6144,random_forest,False,valid,mae,16.89489913332764,0,0.01,random,,
condition_recombine_pseudolabel__mult_0.5__sim_0.7__teacher_ridge__seed_1,condition_recombine_pseudolabel,0.5,0.7,ridge,1,31,15,1.4838709677419355,False,1.0,1.0,1.0,reaction_role_concat,6144,random_forest,False,valid,r2,0.39744015961821477,0,0.01,random,,
condition_recombine_pseudolabel__mult_0.5__sim_0.7__teacher_ridge__seed_1,condition_recombine_pseudolabel,0.5,0.7,ridge,1,31,15,1.4838709677419355,False,1.0,1.0,1.0,reaction_role_concat,6144,random_forest,False,valid,spearman,0.648653029188769,0,0.01,random,,
condition_recombine_pseudolabel__mult_0.5__sim_0.7__teacher_ridge__seed_2,condition_recombine_pseudolabel,0.5,0.7,ridge,2,31,15,1.4838709677419355,False,1.0,1.0,1.0,reaction_role_concat,6144,random_forest,False,valid,rmse,21.722040181958906,0,0.01,random,,
condition_recombine_pseudolabel__mult_0.5__sim_0.7__teacher_ridge__seed_2,condition_recombine_pseudolabel,0.5,0.7,ridge,2,31,15,1.4838709677419355,False,1.0,1.0,1.0,reaction_role_concat,6144,random_forest,False,valid,mae,17.59669913013072,0,0.01,random,,
condition_recombine_pseudolabel__mult_0.5__sim_0.7__teacher_ridge__seed_2,condition_recombine_pseudolabel,0.5,0.7,ridge,2,31,15,1.4838709677419355,False,1.0,1.0,1.0,reaction_role_concat,6144,random_forest,False,valid,r2,0.35216798761483736,0,0.01,random,,
condition_recombine_pseudolabel__mult_0.5__sim_0.7__teacher_ridge__seed_2,condition_recombine_pseudolabel,0.5,0.7,ridge,2,31,15,1.4838709677419355,False,1.0,1.0,1.0,reaction_role_concat,6144,random_forest,False,valid,spearman,0.6063124541784154,0,0.01,random,,
condition_recombine_pseudolabel__mult_0.5__sim_0.7__teacher_ridge__seed_3,condition_recombine_pseudolabel,0.5,0.7,ridge,3,31,15,1.4838709677419355,False,1.0,1.0,1.0,reaction_role_concat,6144,random_forest,False,valid,rmse,21.908426591128073,0,0.01,random,,
condition_recombine_pseudolabel__mult_0.5__sim_0.7__teacher_ridge__seed_3,condition_recombine_pseudolabel,0.5,0.7,ridge,3,31,15,1.4838709677419355,False,1.0,1.0,1.0,reaction_role_concat,6144,random_forest,False,valid,mae,17.719321468461917,0,0.01,random,,
condition_recombine_pseudolabel__mult_0.5__sim_0.7__teacher_ridge__seed_3,condition_recombine_pseudolabel,0.5,0.7,ridge,3,31,15,1.4838709677419355,False,1.0,1.0,1.0,reaction_role_concat,6144,random_forest,False,valid,r2,0.3410028191572999,0,0.01,random,,
condition_recombine_pseudolabel__mult_0.5__sim_0.7__teacher_ridge__seed_3,condition_recombine_pseudolabel,0.5,0.7,ridge,3,31,15,1.4838709677419355,False,1.0,1.0,1.0,reaction_role_concat,6144,random_forest,False,valid,spearman,0.6266968250886319,0,0.01,random,,
condition_recombine_pseudolabel__mult_0.5__sim_0.7__teacher_ridge__seed_4,condition_recombine_pseudolabel,0.5,0.7,ridge,4,31,15,1.4838709677419355,False,1.0,1.0,1.0,reaction_role_concat,6144,random_forest,False,valid,rmse,22.233560546708368,0,0.01,random,,
condition_recombine_pseudolabel__mult_0.5__sim_0.7__teacher_ridge__seed_4,condition_recombine_pseudolabel,0.5,0.7,ridge,4,31,15,1.4838709677419355,False,1.0,1.0,1.0,reaction_role_concat,6144,random_forest,False,valid,mae,17.997740381870088,0,0.01,random,,
condition_recombine_pseudolabel__mult_0.5__sim_0.7__teacher_ridge__seed_4,condition_recombine_pseudolabel,0.5,0.7,ridge,4,31,15,1.4838709677419355,False,1.0,1.0,1.0,reaction_role_concat,6144,random_forest,False,valid,r2,0.3212978669059261,0,0.01,random,,
condition_recombine_pseudolabel__mult_0.5__sim_0.7__teacher_ridge__seed_4,condition_recombine_pseudolabel,0.5,0.7,ridge,4,31,15,1.4838709677419355,False,1.0,1.0,1.0,reaction_role_concat,6144,random_forest,False,valid,spearman,0.5676860945130252,0,0.01,random,,
condition_recombine_pseudolabel__mult_0.5__sim_0.7__teacher_rf__seed_0,condition_recombine_pseudolabel,0.5,0.7,random_forest,0,31,15,1.4838709677419355,False,1.0,1.0,1.0,reaction_role_concat,6144,random_forest,False,valid,rmse,19.99975780444144,0,0.01,random,,
condition_recombine_pseudolabel__mult_0.5__sim_0.7__teacher_rf__seed_0,condition_recombine_pseudolabel,0.5,0.7,random_forest,0,31,15,1.4838709677419355,False,1.0,1.0,1.0,reaction_role_concat,6144,random_forest,False,valid,mae,15.502277109191388,0,0.01,random,,
condition_recombine_pseudolabel__mult_0.5__sim_0.7__teacher_rf__seed_0,condition_recombine_pseudolabel,0.5,0.7,random_forest,0,31,15,1.4838709677419355,False,1.0,1.0,1.0,reaction_role_concat,6144,random_forest,False,valid,r2,0.4508251348033351,0,0.01,random,,
condition_recombine_pseudolabel__mult_0.5__sim_0.7__teacher_rf__seed_0,condition_recombine_pseudolabel,0.5,0.7,random_forest,0,31,15,1.4838709677419355,False,1.0,1.0,1.0,reaction_role_concat,6144,random_forest,False,valid,spearman,0.6963513121262135,0,0.01,random,,
condition_recombine_pseudolabel__mult_0.5__sim_0.7__teacher_rf__seed_1,condition_recombine_pseudolabel,0.5,0.7,random_forest,1,31,15,1.4838709677419355,False,1.0,1.0,1.0,reaction_role_concat,6144,random_forest,False,valid,rmse,19.41333540016175,0,0.01,random,,
condition_recombine_pseudolabel__mult_0.5__sim_0.7__teacher_rf__seed_1,condition_recombine_pseudolabel,0.5,0.7,random_forest,1,31,15,1.4838709677419355,False,1.0,1.0,1.0,reaction_role_concat,6144,random_forest,False,valid,mae,15.221035965961747,0,0.01,random,,
condition_recombine_pseudolabel__mult_0.5__sim_0.7__teacher_rf__seed_1,condition_recombine_pseudolabel,0.5,0.7,random_forest,1,31,15,1.4838709677419355,False,1.0,1.0,1.0,reaction_role_concat,6144,random_forest,False,valid,r2,0.48255821678991584,0,0.01,random,,
condition_recombine_pseudolabel__mult_0.5__sim_0.7__teacher_rf__seed_1,condition_recombine_pseudolabel,0.5,0.7,random_forest,1,31,15,1.4838709677419355,False,1.0,1.0,1.0,reaction_role_concat,6144,random_forest,False,valid,spearman,0.7264766869378904,0,0.01,random,,
condition_recombine_pseudolabel__mult_0.5__sim_0.7__teacher_rf__seed_2,condition_recombine_pseudolabel,0.5,0.7,random_forest,2,31,15,1.4838709677419355,False,1.0,1.0,1.0,reaction_role_concat,6144,random_forest,False,valid,rmse,19.85661366812186,0,0.01,random,,
condition_recombine_pseudolabel__mult_0.5__sim_0.7__teacher_rf__seed_2,condition_recombine_pseudolabel,0.5,0.7,random_forest,2,31,15,1.4838709677419355,False,1.0,1.0,1.0,reaction_role_concat,6144,random_forest,False,valid,mae,15.645730147056941,0,0.01,random,,
condition_recombine_pseudolabel__mult_0.5__sim_0.7__teacher_rf__seed_2,condition_recombine_pseudolabel,0.5,0.7,random_forest,2,31,15,1.4838709677419355,False,1.0,1.0,1.0,reaction_role_concat,6144,random_forest,False,valid,r2,0.4586582136790658,0,0.01,random,,
condition_recombine_pseudolabel__mult_0.5__sim_0.7__teacher_rf__seed_2,condition_recombine_pseudolabel,0.5,0.7,random_forest,2,31,15,1.4838709677419355,False,1.0,1.0,1.0,reaction_role_concat,6144,random_forest,False,valid,spearman,0.6943199241384468,0,0.01,random,,
condition_recombine_pseudolabel__mult_0.5__sim_0.7__teacher_rf__seed_3,condition_recombine_pseudolabel,0.5,0.7,random_forest,3,31,15,1.4838709677419355,False,1.0,1.0,1.0,reaction_role_concat,6144,random_forest,False,valid,rmse,19.123313168459383,0,0.01,random,,
condition_recombine_pseudolabel__mult_0.5__sim_0.7__teacher_rf__seed_3,condition_recombine_pseudolabel,0.5,0.7,random_forest,3,31,15,1.4838709677419355,False,1.0,1.0,1.0,reaction_role_concat,6144,random_forest,False,valid,mae,15.169166307692285,0,0.01,random,,
condition_recombine_pseudolabel__mult_0.5__sim_0.7__teacher_rf__seed_3,condition_recombine_pseudolabel,0.5,0.7,random_forest,3,31,15,1.4838709677419355,False,1.0,1.0,1.0,reaction_role_concat,6144,random_forest,False,valid,r2,0.4979031997976052,0,0.01,random,,
condition_recombine_pseudolabel__mult_0.5__sim_0.7__teacher_rf__seed_3,condition_recombine_pseudolabel,0.5,0.7,random_forest,3,31,15,1.4838709677419355,False,1.0,1.0,1.0,reaction_role_concat,6144,random_forest,False,valid,spearman,0.7497895513247193,0,0.01,random,,
condition_recombine_pseudolabel__mult_0.5__sim_0.7__teacher_rf__seed_4,condition_recombine_pseudolabel,0.5,0.7,random_forest,4,31,15,1.4838709677419355,False,1.0,1.0,1.0,reaction_role_concat,6144,random_forest,False,valid,rmse,19.642555352772362,0,0.01,random,,
condition_recombine_pseudolabel__mult_0.5__sim_0.7__teacher_rf__seed_4,condition_recombine_pseudolabel,0.5,0.7,random_forest,4,31,15,1.4838709677419355,False,1.0,1.0,1.0,reaction_role_concat,6144,random_forest,False,valid,mae,15.50706397568576,0,0.01,random,,
condition_recombine_pseudolabel__mult_0.5__sim_0.7__teacher_rf__seed_4,condition_recombine_pseudolabel,0.5,0.7,random_forest,4,31,15,1.4838709677419355,False,1.0,1.0,1.0,reaction_role_concat,6144,random_forest,False,valid,r2,0.4702668509576362,0,0.01,random,,
condition_recombine_pseudolabel__mult_0.5__sim_0.7__teacher_rf__seed_4,condition_recombine_pseudolabel,0.5,0.7,random_forest,4,31,15,1.4838709677419355,False,1.0,1.0,1.0,reaction_role_concat,6144,random_forest,False,valid,spearman,0.7128249885427262,0,0.01,random,,
condition_recombine_pseudolabel__mult_0.5__sim_0.8__teacher_ridge__seed_0,condition_recombine_pseudolabel,0.5,0.8,ridge,0,31,5,1.1612903225806452,False,1.0,1.0,1.0,reaction_role_concat,6144,random_forest,False,valid,rmse,19.911299984012324,0,0.01,random,,
condition_recombine_pseudolabel__mult_0.5__sim_0.8__teacher_ridge__seed_0,condition_recombine_pseudolabel,0.5,0.8,ridge,0,31,5,1.1612903225806452,False,1.0,1.0,1.0,reaction_role_concat,6144,random_forest,False,valid,mae,15.756307532544378,0,0.01,random,,
condition_recombine_pseudolabel__mult_0.5__sim_0.8__teacher_ridge__seed_0,condition_recombine_pseudolabel,0.5,0.8,ridge,0,31,5,1.1612903225806452,False,1.0,1.0,1.0,reaction_role_concat,6144,random_forest,False,valid,r2,0.45567233159320564,0,0.01,random,,
condition_recombine_pseudolabel__mult_0.5__sim_0.8__teacher_ridge__seed_0,condition_recombine_pseudolabel,0.5,0.8,ridge,0,31,5,1.1612903225806452,False,1.0,1.0,1.0,reaction_role_concat,6144,random_forest,False,valid,spearman,0.6904218868743449,0,0.01,random,,
condition_recombine_pseudolabel__mult_0.5__sim_0.8__teacher_ridge__seed_1,condition_recombine_pseudolabel,0.5,0.8,ridge,1,31,6,1.1935483870967742,False,1.0,1.0,1.0,reaction_role_concat,6144,random_forest,False,valid,rmse,19.240006933004356,0,0.01,random,,
condition_recombine_pseudolabel__mult_0.5__sim_0.8__teacher_ridge__seed_1,condition_recombine_pseudolabel,0.5,0.8,ridge,1,31,6,1.1935483870967742,False,1.0,1.0,1.0,reaction_role_concat,6144,random_forest,False,valid,mae,15.159884521878217,0,0.01,random,,
condition_recombine_pseudolabel__mult_0.5__sim_0.8__teacher_ridge__seed_1,condition_recombine_pseudolabel,0.5,0.8,ridge,1,31,6,1.1935483870967742,False,1.0,1.0,1.0,reaction_role_concat,6144,random_forest,False,valid,r2,0.49175674042645734,0,0.01,random,,
condition_recombine_pseudolabel__mult_0.5__sim_0.8__teacher_ridge__seed_1,condition_recombine_pseudolabel,0.5,0.8,ridge,1,31,6,1.1935483870967742,False,1.0,1.0,1.0,reaction_role_concat,6144,random_forest,False,valid,spearman,0.7441586419648415,0,0.01,random,,
condition_recombine_pseudolabel__mult_0.5__sim_0.8__teacher_ridge__seed_2,condition_recombine_pseudolabel,0.5,0.8,ridge,2,31,8,1.2580645161290323,False,1.0,1.0,1.0,reaction_role_concat,6144,random_forest,False,valid,rmse,20.369159984754678,0,0.01,random,,
condition_recombine_pseudolabel__mult_0.5__sim_0.8__teacher_ridge__seed_2,condition_recombine_pseudolabel,0.5,0.8,ridge,2,31,8,1.2580645161290323,False,1.0,1.0,1.0,reaction_role_concat,6144,random_forest,False,valid,mae,15.989694031947776,0,0.01,random,,
condition_recombine_pseudolabel__mult_0.5__sim_0.8__teacher_ridge__seed_2,condition_recombine_pseudolabel,0.5,0.8,ridge,2,31,8,1.2580645161290323,False,1.0,1.0,1.0,reaction_role_concat,6144,random_forest,False,valid,r2,0.43035089711907737,0,0.01,random,,
condition_recombine_pseudolabel__mult_0.5__sim_0.8__teacher_ridge__seed_2,condition_recombine_pseudolabel,0.5,0.8,ridge,2,31,8,1.2580645161290323,False,1.0,1.0,1.0,reaction_role_concat,6144,random_forest,False,valid,spearman,0.6660619775095422,0,0.01,random,,
condition_recombine_pseudolabel__mult_0.5__sim_0.8__teacher_ridge__seed_3,condition_recombine_pseudolabel,0.5,0.8,ridge,3,31,8,1.2580645161290323,False,1.0,1.0,1.0,reaction_role_concat,6144,random_forest,False,valid,rmse,20.027135367508393,0,0.01,random,,
condition_recombine_pseudolabel__mult_0.5__sim_0.8__teacher_ridge__seed_3,condition_recombine_pseudolabel,0.5,0.8,ridge,3,31,8,1.2580645161290323,False,1.0,1.0,1.0,reaction_role_concat,6144,random_forest,False,valid,mae,16.128695691991457,0,0.01,random,,
condition_recombine_pseudolabel__mult_0.5__sim_0.8__teacher_ridge__seed_3,condition_recombine_pseudolabel,0.5,0.8,ridge,3,31,8,1.2580645161290323,False,1.0,1.0,1.0,reaction_role_concat,6144,random_forest,False,valid,r2,0.4493205805614756,0,0.01,random,,
condition_recombine_pseudolabel__mult_0.5__sim_0.8__teacher_ridge__seed_3,condition_recombine_pseudolabel,0.5,0.8,ridge,3,31,8,1.2580645161290323,False,1.0,1.0,1.0,reaction_role_concat,6144,random_forest,False,valid,spearman,0.7066254774838188,0,0.01,random,,
condition_recombine_pseudolabel__mult_0.5__sim_0.8__teacher_ridge__seed_4,condition_recombine_pseudolabel,0.5,0.8,ridge,4,31,9,1.2903225806451613,False,1.0,1.0,1.0,reaction_role_concat,6144,random_forest,False,valid,rmse,20.622277850159247,0,0.01,random,,
condition_recombine_pseudolabel__mult_0.5__sim_0.8__teacher_ridge__seed_4,condition_recombine_pseudolabel,0.5,0.8,ridge,4,31,9,1.2903225806451613,False,1.0,1.0,1.0,reaction_role_concat,6144,random_forest,False,valid,mae,16.67701480749136,0,0.01,random,,
condition_recombine_pseudolabel__mult_0.5__sim_0.8__teacher_ridge__seed_4,condition_recombine_pseudolabel,0.5,0.8,ridge,4,31,9,1.2903225806451613,False,1.0,1.0,1.0,reaction_role_concat,6144,random_forest,False,valid,r2,0.4161054156968098,0,0.01,random,,
condition_recombine_pseudolabel__mult_0.5__sim_0.8__teacher_ridge__seed_4,condition_recombine_pseudolabel,0.5,0.8,ridge,4,31,9,1.2903225806451613,False,1.0,1.0,1.0,reaction_role_concat,6144,random_forest,False,valid,spearman,0.6798445321861267,0,0.01,random,,
condition_recombine_pseudolabel__mult_0.5__sim_0.8__teacher_rf__seed_0,condition_recombine_pseudolabel,0.5,0.8,random_forest,0,31,5,1.1612903225806452,False,1.0,1.0,1.0,reaction_role_concat,6144,random_forest,False,valid,rmse,19.700330582103696,0,0.01,random,,
condition_recombine_pseudolabel__mult_0.5__sim_0.8__teacher_rf__seed_0,condition_recombine_pseudolabel,0.5,0.8,random_forest,0,31,5,1.1612903225806452,False,1.0,1.0,1.0,reaction_role_concat,6144,random_forest,False,valid,mae,15.412090410280829,0,0.01,random,,
condition_recombine_pseudolabel__mult_0.5__sim_0.8__teacher_rf__seed_0,condition_recombine_pseudolabel,0.5,0.8,random_forest,0,31,5,1.1612903225806452,False,1.0,1.0,1.0,reaction_role_concat,6144,random_forest,False,valid,r2,0.4671460284389889,0,0.01,random,,
condition_recombine_pseudolabel__mult_0.5__sim_0.8__teacher_rf__seed_0,condition_recombine_pseudolabel,0.5,0.8,random_forest,0,31,5,1.1612903225806452,False,1.0,1.0,1.0,reaction_role_concat,6144,random_forest,False,valid,spearman,0.7072380873965406,0,0.01,random,,
condition_recombine_pseudolabel__mult_0.5__sim_0.8__teacher_rf__seed_1,condition_recombine_pseudolabel,0.5,0.8,random_forest,1,31,6,1.1935483870967742,False,1.0,1.0,1.0,reaction_role_concat,6144,random_forest,False,valid,rmse,19.430478230346136,0,0.01,random,,
condition_recombine_pseudolabel__mult_0.5__sim_0.8__teacher_rf__seed_1,condition_recombine_pseudolabel,0.5,0.8,random_forest,1,31,6,1.1935483870967742,False,1.0,1.0,1.0,reaction_role_concat,6144,random_forest,False,valid,mae,15.375493907063824,0,0.01,random,,
condition_recombine_pseudolabel__mult_0.5__sim_0.8__teacher_rf__seed_1,condition_recombine_pseudolabel,0.5,0.8,random_forest,1,31,6,1.1935483870967742,False,1.0,1.0,1.0,reaction_role_concat,6144,random_forest,False,valid,r2,0.4816439655372351,0,0.01,random,,
condition_recombine_pseudolabel__mult_0.5__sim_0.8__teacher_rf__seed_1,condition_recombine_pseudolabel,0.5,0.8,random_forest,1,31,6,1.1935483870967742,False,1.0,1.0,1.0,reaction_role_concat,6144,random_forest,False,valid,spearman,0.7327379263319322,0,0.01,random,,
condition_recombine_pseudolabel__mult_0.5__sim_0.8__teacher_rf__seed_2,condition_recombine_pseudolabel,0.5,0.8,random_forest,2,31,8,1.2580645161290323,False,1.0,1.0,1.0,reaction_role_concat,6144,random_forest,False,valid,rmse,19.887994942388026,0,0.01,random,,
condition_recombine_pseudolabel__mult_0.5__sim_0.8__teacher_rf__seed_2,condition_recombine_pseudolabel,0.5,0.8,random_forest,2,31,8,1.2580645161290323,False,1.0,1.0,1.0,reaction_role_concat,6144,random_forest,False,valid,mae,15.556980129824407,0,0.01,random,,
condition_recombine_pseudolabel__mult_0.5__sim_0.8__teacher_rf__seed_2,condition_recombine_pseudolabel,0.5,0.8,random_forest,2,31,8,1.2580645161290323,False,1.0,1.0,1.0,reaction_role_concat,6144,random_forest,False,valid,r2,0.45694579491364407,0,0.01,random,,
condition_recombine_pseudolabel__mult_0.5__sim_0.8__teacher_rf__seed_2,condition_recombine_pseudolabel,0.5,0.8,random_forest,2,31,8,1.2580645161290323,False,1.0,1.0,1.0,reaction_role_concat,6144,random_forest,False,valid,spearman,0.6970562224517228,0,0.01,random,,
condition_recombine_pseudolabel__mult_0.5__sim_0.8__teacher_rf__seed_3,condition_recombine_pseudolabel,0.5,0.8,random_forest,3,31,8,1.2580645161290323,False,1.0,1.0,1.0,reaction_role_concat,6144,random_forest,False,valid,rmse,19.19222973691696,0,0.01,random,,
condition_recombine_pseudolabel__mult_0.5__sim_0.8__teacher_rf__seed_3,condition_recombine_pseudolabel,0.5,0.8,random_forest,3,31,8,1.2580645161290323,False,1.0,1.0,1.0,reaction_role_concat,6144,random_forest,False,valid,mae,15.065163957281957,0,0.01,random,,
condition_recombine_pseudolabel__mult_0.5__sim_0.8__teacher_rf__seed_3,condition_recombine_pseudolabel,0.5,0.8,random_forest,3,31,8,1.2580645161290323,False,1.0,1.0,1.0,reaction_role_concat,6144,random_forest,False,valid,r2,0.49427776743263807,0,0.01,random,,
condition_recombine_pseudolabel__mult_0.5__sim_0.8__teacher_rf__seed_3,condition_recombine_pseudolabel,0.5,0.8,random_forest,3,31,8,1.2580645161290323,False,1.0,1.0,1.0,reaction_role_concat,6144,random_forest,False,valid,spearman,0.7420417689956111,0,0.01,random,,
condition_recombine_pseudolabel__mult_0.5__sim_0.8__teacher_rf__seed_4,condition_recombine_pseudolabel,0.5,0.8,random_forest,4,31,9,1.2903225806451613,False,1.0,1.0,1.0,reaction_role_concat,6144,random_forest,False,valid,rmse,19.512056891892538,0,0.01,random,,
condition_recombine_pseudolabel__mult_0.5__sim_0.8__teacher_rf__seed_4,condition_recombine_pseudolabel,0.5,0.8,random_forest,4,31,9,1.2903225806451613,False,1.0,1.0,1.0,reaction_role_concat,6144,random_forest,False,valid,mae,15.388034454725966,0,0.01,random,,
condition_recombine_pseudolabel__mult_0.5__sim_0.8__teacher_rf__seed_4,condition_recombine_pseudolabel,0.5,0.8,random_forest,4,31,9,1.2903225806451613,False,1.0,1.0,1.0,reaction_role_concat,6144,random_forest,False,valid,r2,0.477282203431165,0,0.01,random,,
condition_recombine_pseudolabel__mult_0.5__sim_0.8__teacher_rf__seed_4,condition_recombine_pseudolabel,0.5,0.8,random_forest,4,31,9,1.2903225806451613,False,1.0,1.0,1.0,reaction_role_concat,6144,random_forest,False,valid,spearman,0.7204631397908229,0,0.01,random,,
condition_recombine_pseudolabel__mult_0.5__sim_0.9__teacher_ridge__seed_0,condition_recombine_pseudolabel,0.5,0.9,ridge,0,31,3,1.096774193548387,False,1.0,1.0,1.0,reaction_role_concat,6144,random_forest,False,valid,rmse,19.87820922911884,0,0.01,random,,
condition_recombine_pseudolabel__mult_0.5__sim_0.9__teacher_ridge__seed_0,condition_recombine_pseudolabel,0.5,0.9,ridge,0,31,3,1.096774193548387,False,1.0,1.0,1.0,reaction_role_concat,6144,random_forest,False,valid,mae,15.742830467737173,0,0.01,random,,
condition_recombine_pseudolabel__mult_0.5__sim_0.9__teacher_ridge__seed_0,condition_recombine_pseudolabel,0.5,0.9,ridge,0,31,3,1.096774193548387,False,1.0,1.0,1.0,reaction_role_concat,6144,random_forest,False,valid,r2,0.4574800735435385,0,0.01,random,,
condition_recombine_pseudolabel__mult_0.5__sim_0.9__teacher_ridge__seed_0,condition_recombine_pseudolabel,0.5,0.9,ridge,0,31,3,1.096774193548387,False,1.0,1.0,1.0,reaction_role_concat,6144,random_forest,False,valid,spearman,0.7083129782796378,0,0.01,random,,
condition_recombine_pseudolabel__mult_0.5__sim_0.9__teacher_ridge__seed_1,condition_recombine_pseudolabel,0.5,0.9,ridge,1,31,2,1.064516129032258,False,1.0,1.0,1.0,reaction_role_concat,6144,random_forest,False,valid,rmse,19.715232041749516,0,0.01,random,,
condition_recombine_pseudolabel__mult_0.5__sim_0.9__teacher_ridge__seed_1,condition_recombine_pseudolabel,0.5,0.9,ridge,1,31,2,1.064516129032258,False,1.0,1.0,1.0,reaction_role_concat,6144,random_forest,False,valid,mae,15.648645177029355,0,0.01,random,,
condition_recombine_pseudolabel__mult_0.5__sim_0.9__teacher_ridge__seed_1,condition_recombine_pseudolabel,0.5,0.9,ridge,1,31,2,1.064516129032258,False,1.0,1.0,1.0,reaction_role_concat,6144,random_forest,False,valid,r2,0.46633961506744237,0,0.01,random,,
condition_recombine_pseudolabel__mult_0.5__sim_0.9__teacher_ridge__seed_1,condition_recombine_pseudolabel,0.5,0.9,ridge,1,31,2,1.064516129032258,False,1.0,1.0,1.0,reaction_role_concat,6144,random_forest,False,valid,spearman,0.7340573938362561,0,0.01,random,,
condition_recombine_pseudolabel__mult_0.5__sim_0.9__teacher_ridge__seed_2,condition_recombine_pseudolabel,0.5,0.9,ridge,2,31,2,1.064516129032258,False,1.0,1.0,1.0,reaction_role_concat,6144,random_forest,False,valid,rmse,19.694193648791284,0,0.01,random,,
condition_recombine_pseudolabel__mult_0.5__sim_0.9__teacher_ridge__seed_2,condition_recombine_pseudolabel,0.5,0.9,ridge,2,31,2,1.064516129032258,False,1.0,1.0,1.0,reaction_role_concat,6144,random_forest,False,valid,mae,15.381270175861404,0,0.01,random,,
condition_recombine_pseudolabel__mult_0.5__sim_0.9__teacher_ridge__seed_2,condition_recombine_pseudolabel,0.5,0.9,ridge,2,31,2,1.064516129032258,False,1.0,1.0,1.0,reaction_role_concat,6144,random_forest,False,valid,r2,0.4674779599195723,0,0.01,random,,
condition_recombine_pseudolabel__mult_0.5__sim_0.9__teacher_ridge__seed_2,condition_recombine_pseudolabel,0.5,0.9,ridge,2,31,2,1.064516129032258,False,1.0,1.0,1.0,reaction_role_concat,6144,random_forest,False,valid,spearman,0.7140957743947359,0,0.01,random,,
condition_recombine_pseudolabel__mult_0.5__sim_0.9__teacher_ridge__seed_3,condition_recombine_pseudolabel,0.5,0.9,ridge,3,31,2,1.064516129032258,False,1.0,1.0,1.0,reaction_role_concat,6144,random_forest,False,valid,rmse,20.267602868740752,0,0.01,random,,
condition_recombine_pseudolabel__mult_0.5__sim_0.9__teacher_ridge__seed_3,condition_recombine_pseudolabel,0.5,0.9,ridge,3,31,2,1.064516129032258,False,1.0,1.0,1.0,reaction_role_concat,6144,random_forest,False,valid,mae,16.458636779250977,0,0.01,random,,
condition_recombine_pseudolabel__mult_0.5__sim_0.9__teacher_ridge__seed_3,condition_recombine_pseudolabel,0.5,0.9,ridge,3,31,2,1.064516129032258,False,1.0,1.0,1.0,reaction_role_concat,6144,random_forest,False,valid,r2,0.43601708072484435,0,0.01,random,,
condition_recombine_pseudolabel__mult_0.5__sim_0.9__teacher_ridge__seed_3,condition_recombine_pseudolabel,0.5,0.9,ridge,3,31,2,1.064516129032258,False,1.0,1.0,1.0,reaction_role_concat,6144,random_forest,False,valid,spearman,0.7339787242861163,0,0.01,random,,
condition_recombine_pseudolabel__mult_0.5__sim_0.9__teacher_ridge__seed_4,condition_recombine_pseudolabel,0.5,0.9,ridge,4,31,1,1.032258064516129,False,1.0,1.0,1.0,reaction_role_concat,6144,random_forest,False,valid,rmse,20.700023605590506,0,0.01,random,,
condition_recombine_pseudolabel__mult_0.5__sim_0.9__teacher_ridge__seed_4,condition_recombine_pseudolabel,0.5,0.9,ridge,4,31,1,1.032258064516129,False,1.0,1.0,1.0,reaction_role_concat,6144,random_forest,False,valid,mae,16.739020156146605,0,0.01,random,,
condition_recombine_pseudolabel__mult_0.5__sim_0.9__teacher_ridge__seed_4,condition_recombine_pseudolabel,0.5,0.9,ridge,4,31,1,1.032258064516129,False,1.0,1.0,1.0,reaction_role_concat,6144,random_forest,False,valid,r2,0.4116945648865765,0,0.01,random,,
condition_recombine_pseudolabel__mult_0.5__sim_0.9__teacher_ridge__seed_4,condition_recombine_pseudolabel,0.5,0.9,ridge,4,31,1,1.032258064516129,False,1.0,1.0,1.0,reaction_role_concat,6144,random_forest,False,valid,spearman,0.6959421915201649,0,0.01,random,,
condition_recombine_pseudolabel__mult_0.5__sim_0.9__teacher_rf__seed_0,condition_recombine_pseudolabel,0.5,0.9,random_forest,0,31,3,1.096774193548387,False,1.0,1.0,1.0,reaction_role_concat,6144,random_forest,False,valid,rmse,19.84326978786431,0,0.01,random,,
condition_recombine_pseudolabel__mult_0.5__sim_0.9__teacher_rf__seed_0,condition_recombine_pseudolabel,0.5,0.9,random_forest,0,31,3,1.096774193548387,False,1.0,1.0,1.0,reaction_role_concat,6144,random_forest,False,valid,mae,15.54171053612383,0,0.01,random,,
condition_recombine_pseudolabel__mult_0.5__sim_0.9__teacher_rf__seed_0,condition_recombine_pseudolabel,0.5,0.9,random_forest,0,31,3,1.096774193548387,False,1.0,1.0,1.0,reaction_role_concat,6144,random_forest,False,valid,r2,0.4593855454309217,0,0.01,random,,
condition_recombine_pseudolabel__mult_0.5__sim_0.9__teacher_rf__seed_0,condition_recombine_pseudolabel,0.5,0.9,random_forest,0,31,3,1.096774193548387,False,1.0,1.0,1.0,reaction_role_concat,6144,random_forest,False,valid,spearman,0.6971975939700432,0,0.01,random,,
condition_recombine_pseudolabel__mult_0.5__sim_0.9__teacher_rf__seed_1,condition_recombine_pseudolabel,0.5,0.9,random_forest,1,31,2,1.064516129032258,False,1.0,1.0,1.0,reaction_role_concat,6144,random_forest,False,valid,rmse,19.53213421785221,0,0.01,random,,
condition_recombine_pseudolabel__mult_0.5__sim_0.9__teacher_rf__seed_1,condition_recombine_pseudolabel,0.5,0.9,random_forest,1,31,2,1.064516129032258,False,1.0,1.0,1.0,reaction_role_concat,6144,random_forest,False,valid,mae,15.475045966703679,0,0.01,random,,
condition_recombine_pseudolabel__mult_0.5__sim_0.9__teacher_rf__seed_1,condition_recombine_pseudolabel,0.5,0.9,random_forest,1,31,2,1.064516129032258,False,1.0,1.0,1.0,reaction_role_concat,6144,random_forest,False,valid,r2,0.4762059278697812,0,0.01,random,,
condition_recombine_pseudolabel__mult_0.5__sim_0.9__teacher_rf__seed_1,condition_recombine_pseudolabel,0.5,0.9,random_forest,1,31,2,1.064516129032258,False,1.0,1.0,1.0,reaction_role_concat,6144,random_forest,False,valid,spearman,0.7366363530492527,0,0.01,random,,
condition_recombine_pseudolabel__mult_0.5__sim_0.9__teacher_rf__seed_2,condition_recombine_pseudolabel,0.5,0.9,random_forest,2,31,2,1.064516129032258,False,1.0,1.0,1.0,reaction_role_concat,6144,random_forest,False,valid,rmse,19.710686393567048,0,0.01,random,,
condition_recombine_pseudolabel__mult_0.5__sim_0.9__teacher_rf__seed_2,condition_recombine_pseudolabel,0.5,0.9,random_forest,2,31,2,1.064516129032258,False,1.0,1.0,1.0,reaction_role_concat,6144,random_forest,False,valid,mae,15.664578628985188,0,0.01,random,,
condition_recombine_pseudolabel__mult_0.5__sim_0.9__teacher_rf__seed_2,condition_recombine_pseudolabel,0.5,0.9,random_forest,2,31,2,1.064516129032258,False,1.0,1.0,1.0,reaction_role_concat,6144,random_forest,False,valid,r2,0.4665856738201183,0,0.01,random,,
condition_recombine_pseudolabel__mult_0.5__sim_0.9__teacher_rf__seed_2,condition_recombine_pseudolabel,0.5,0.9,random_forest,2,31,2,1.064516129032258,False,1.0,1.0,1.0,reaction_role_concat,6144,random_forest,False,valid,spearman,0.7268170690508711,0,0.01,random,,
condition_recombine_pseudolabel__mult_0.5__sim_0.9__teacher_rf__seed_3,condition_recombine_pseudolabel,0.5,0.9,random_forest,3,31,2,1.064516129032258,False,1.0,1.0,1.0,reaction_role_concat,6144,random_forest,False,valid,rmse,19.691686058834364,0,0.01,random,,
condition_recombine_pseudolabel__mult_0.5__sim_0.9__teacher_rf__seed_3,condition_recombine_pseudolabel,0.5,0.9,random_forest,3,31,2,1.064516129032258,False,1.0,1.0,1.0,reaction_role_concat,6144,random_forest,False,valid,mae,15.607844453974614,0,0.01,random,,
condition_recombine_pseudolabel__mult_0.5__sim_0.9__teacher_rf__seed_3,condition_recombine_pseudolabel,0.5,0.9,random_forest,3,31,2,1.064516129032258,False,1.0,1.0,1.0,reaction_role_concat,6144,random_forest,False,valid,r2,0.4676135594704781,0,0.01,random,,
condition_recombine_pseudolabel__mult_0.5__sim_0.9__teacher_rf__seed_3,condition_recombine_pseudolabel,0.5,0.9,random_forest,3,31,2,1.064516129032258,False,1.0,1.0,1.0,reaction_role_concat,6144,random_forest,False,valid,spearman,0.7226526457853059,0,0.01,random,,
condition_recombine_pseudolabel__mult_0.5__sim_0.9__teacher_rf__seed_4,condition_recombine_pseudolabel,0.5,0.9,random_forest,4,31,1,1.032258064516129,False,1.0,1.0,1.0,reaction_role_concat,6144,random_forest,False,valid,rmse,19.88892556371494,0,0.01,random,,
condition_recombine_pseudolabel__mult_0.5__sim_0.9__teacher_rf__seed_4,condition_recombine_pseudolabel,0.5,0.9,random_forest,4,31,1,1.032258064516129,False,1.0,1.0,1.0,reaction_role_concat,6144,random_forest,False,valid,mae,15.827691555355168,0,0.01,random,,
condition_recombine_pseudolabel__mult_0.5__sim_0.9__teacher_rf__seed_4,condition_recombine_pseudolabel,0.5,0.9,random_forest,4,31,1,1.032258064516129,False,1.0,1.0,1.0,reaction_role_concat,6144,random_forest,False,valid,r2,0.456894971323786,0,0.01,random,,
condition_recombine_pseudolabel__mult_0.5__sim_0.9__teacher_rf__seed_4,condition_recombine_pseudolabel,0.5,0.9,random_forest,4,31,1,1.032258064516129,False,1.0,1.0,1.0,reaction_role_concat,6144,random_forest,False,valid,spearman,0.717187643496515,0,0.01,random,,
condition_recombine_pseudolabel__mult_1__sim_0.7__teacher_ridge__seed_0,condition_recombine_pseudolabel,1.0,0.7,ridge,0,31,31,2.0,False,1.0,1.0,1.0,reaction_role_concat,6144,random_forest,False,valid,rmse,22.39982154242617,0,0.01,random,,
condition_recombine_pseudolabel__mult_1__sim_0.7__teacher_ridge__seed_0,condition_recombine_pseudolabel,1.0,0.7,ridge,0,31,31,2.0,False,1.0,1.0,1.0,reaction_role_concat,6144,random_forest,False,valid,mae,18.174021489917475,0,0.01,random,,
condition_recombine_pseudolabel__mult_1__sim_0.7__teacher_ridge__seed_0,condition_recombine_pseudolabel,1.0,0.7,ridge,0,31,31,2.0,False,1.0,1.0,1.0,reaction_role_concat,6144,random_forest,False,valid,r2,0.3111093410231829,0,0.01,random,,
condition_recombine_pseudolabel__mult_1__sim_0.7__teacher_ridge__seed_0,condition_recombine_pseudolabel,1.0,0.7,ridge,0,31,31,2.0,False,1.0,1.0,1.0,reaction_role_concat,6144,random_forest,False,valid,spearman,0.5957791077038892,0,0.01,random,,
condition_recombine_pseudolabel__mult_1__sim_0.7__teacher_ridge__seed_1,condition_recombine_pseudolabel,1.0,0.7,ridge,1,31,31,2.0,False,1.0,1.0,1.0,reaction_role_concat,6144,random_forest,False,valid,rmse,22.82634334801699,0,0.01,random,,
condition_recombine_pseudolabel__mult_1__sim_0.7__teacher_ridge__seed_1,condition_recombine_pseudolabel,1.0,0.7,ridge,1,31,31,2.0,False,1.0,1.0,1.0,reaction_role_concat,6144,random_forest,False,valid,mae,18.042283345445803,0,0.01,random,,
condition_recombine_pseudolabel__mult_1__sim_0.7__teacher_ridge__seed_1,condition_recombine_pseudolabel,1.0,0.7,ridge,1,31,31,2.0,False,1.0,1.0,1.0,reaction_role_concat,6144,random_forest,False,valid,r2,0.2846248165222286,0,0.01,random,,
condition_recombine_pseudolabel__mult_1__sim_0.7__teacher_ridge__seed_1,condition_recombine_pseudolabel,1.0,0.7,ridge,1,31,31,2.0,False,1.0,1.0,1.0,reaction_role_concat,6144,random_forest,False,valid,spearman,0.5674792948539944,0,0.01,random,,
condition_recombine_pseudolabel__mult_1__sim_0.7__teacher_ridge__seed_2,condition_recombine_pseudolabel,1.0,0.7,ridge,2,31,31,2.0,False,1.0,1.0,1.0,reaction_role_concat,6144,random_forest,False,valid,rmse,22.18679937879635,0,0.01,random,,
condition_recombine_pseudolabel__mult_1__sim_0.7__teacher_ridge__seed_2,condition_recombine_pseudolabel,1.0,0.7,ridge,2,31,31,2.0,False,1.0,1.0,1.0,reaction_role_concat,6144,random_forest,False,valid,mae,17.914424380368825,0,0.01,random,,
condition_recombine_pseudolabel__mult_1__sim_0.7__teacher_ridge__seed_2,condition_recombine_pseudolabel,1.0,0.7,ridge,2,31,31,2.0,False,1.0,1.0,1.0,reaction_role_concat,6144,random_forest,False,valid,r2,0.32414972953390964,0,0.01,random,,
condition_recombine_pseudolabel__mult_1__sim_0.7__teacher_ridge__seed_2,condition_recombine_pseudolabel,1.0,0.7,ridge,2,31,31,2.0,False,1.0,1.0,1.0,reaction_role_concat,6144,random_forest,False,valid,spearman,0.5715467442681498,0,0.01,random,,
condition_recombine_pseudolabel__mult_1__sim_0.7__teacher_ridge__seed_3,condition_recombine_pseudolabel,1.0,0.7,ridge,3,31,31,2.0,False,1.0,1.0,1.0,reaction_role_concat,6144,random_forest,False,valid,rmse,23.86029030182557,0,0.01,random,,
condition_recombine_pseudolabel__mult_1__sim_0.7__teacher_ridge__seed_3,condition_recombine_pseudolabel,1.0,0.7,ridge,3,31,31,2.0,False,1.0,1.0,1.0,reaction_role_concat,6144,random_forest,False,valid,mae,19.100722552465488,0,0.01,random,,
condition_recombine_pseudolabel__mult_1__sim_0.7__teacher_ridge__seed_3,condition_recombine_pseudolabel,1.0,0.7,ridge,3,31,31,2.0,False,1.0,1.0,1.0,reaction_role_concat,6144,random_forest,False,valid,r2,0.21834947147661343,0,0.01,random,,
condition_recombine_pseudolabel__mult_1__sim_0.7__teacher_ridge__seed_3,condition_recombine_pseudolabel,1.0,0.7,ridge,3,31,31,2.0,False,1.0,1.0,1.0,reaction_role_concat,6144,random_forest,False,valid,spearman,0.5006865100660505,0,0.01,random,,
condition_recombine_pseudolabel__mult_1__sim_0.7__teacher_ridge__seed_4,condition_recombine_pseudolabel,1.0,0.7,ridge,4,31,31,2.0,False,1.0,1.0,1.0,reaction_role_concat,6144,random_forest,False,valid,rmse,24.776277402939268,0,0.01,random,,
condition_recombine_pseudolabel__mult_1__sim_0.7__teacher_ridge__seed_4,condition_recombine_pseudolabel,1.0,0.7,ridge,4,31,31,2.0,False,1.0,1.0,1.0,reaction_role_concat,6144,random_forest,False,valid,mae,20.021042870876155,0,0.01,random,,
condition_recombine_pseudolabel__mult_1__sim_0.7__teacher_ridge__seed_4,condition_recombine_pseudolabel,1.0,0.7,ridge,4,31,31,2.0,False,1.0,1.0,1.0,reaction_role_concat,6144,random_forest,False,valid,r2,0.15718299600869445,0,0.01,random,,
condition_recombine_pseudolabel__mult_1__sim_0.7__teacher_ridge__seed_4,condition_recombine_pseudolabel,1.0,0.7,ridge,4,31,31,2.0,False,1.0,1.0,1.0,reaction_role_concat,6144,random_forest,False,valid,spearman,0.45490492114352044,0,0.01,random,,
condition_recombine_pseudolabel__mult_1__sim_0.7__teacher_rf__seed_0,condition_recombine_pseudolabel,1.0,0.7,random_forest,0,31,31,2.0,False,1.0,1.0,1.0,reaction_role_concat,6144,random_forest,False,valid,rmse,19.72035571440421,0,0.01,random,,
condition_recombine_pseudolabel__mult_1__sim_0.7__teacher_rf__seed_0,condition_recombine_pseudolabel,1.0,0.7,random_forest,0,31,31,2.0,False,1.0,1.0,1.0,reaction_role_concat,6144,random_forest,False,valid,mae,15.292247777774364,0,0.01,random,,
condition_recombine_pseudolabel__mult_1__sim_0.7__teacher_rf__seed_0,condition_recombine_pseudolabel,1.0,0.7,random_forest,0,31,31,2.0,False,1.0,1.0,1.0,reaction_role_concat,6144,random_forest,False,valid,r2,0.4660621994716342,0,0.01,random,,
condition_recombine_pseudolabel__mult_1__sim_0.7__teacher_rf__seed_0,condition_recombine_pseudolabel,1.0,0.7,random_forest,0,31,31,2.0,False,1.0,1.0,1.0,reaction_role_concat,6144,random_forest,False,valid,spearman,0.6970427863156843,0,0.01,random,,
condition_recombine_pseudolabel__mult_1__sim_0.7__teacher_rf__seed_1,condition_recombine_pseudolabel,1.0,0.7,random_forest,1,31,31,2.0,False,1.0,1.0,1.0,reaction_role_concat,6144,random_forest,False,valid,rmse,19.733199015812914,0,0.01,random,,
condition_recombine_pseudolabel__mult_1__sim_0.7__teacher_rf__seed_1,condition_recombine_pseudolabel,1.0,0.7,random_forest,1,31,31,2.0,False,1.0,1.0,1.0,reaction_role_concat,6144,random_forest,False,valid,mae,15.519486613471297,0,0.01,random,,
condition_recombine_pseudolabel__mult_1__sim_0.7__teacher_rf__seed_1,condition_recombine_pseudolabel,1.0,0.7,random_forest,1,31,31,2.0,False,1.0,1.0,1.0,reaction_role_concat,6144,random_forest,False,valid,r2,0.4653664962846026,0,0.01,random,,
condition_recombine_pseudolabel__mult_1__sim_0.7__teacher_rf__seed_1,condition_recombine_pseudolabel,1.0,0.7,random_forest,1,31,31,2.0,False,1.0,1.0,1.0,reaction_role_concat,6144,random_forest,False,valid,spearman,0.7072832639698882,0,0.01,random,,
condition_recombine_pseudolabel__mult_1__sim_0.7__teacher_rf__seed_2,condition_recombine_pseudolabel,1.0,0.7,random_forest,2,31,31,2.0,False,1.0,1.0,1.0,reaction_role_concat,6144,random_forest,False,valid,rmse,20.174492655516012,0,0.01,random,,
condition_recombine_pseudolabel__mult_1__sim_0.7__teacher_rf__seed_2,condition_recombine_pseudolabel,1.0,0.7,random_forest,2,31,31,2.0,False,1.0,1.0,1.0,reaction_role_concat,6144,random_forest,False,valid,mae,15.981101162973838,0,0.01,random,,
condition_recombine_pseudolabel__mult_1__sim_0.7__teacher_rf__seed_2,condition_recombine_pseudolabel,1.0,0.7,random_forest,2,31,31,2.0,False,1.0,1.0,1.0,reaction_role_concat,6144,random_forest,False,valid,r2,0.4411870998671792,0,0.01,random,,
condition_recombine_pseudolabel__mult_1__sim_0.7__teacher_rf__seed_2,condition_recombine_pseudolabel,1.0,0.7,random_forest,2,31,31,2.0,False,1.0,1.0,1.0,reaction_role_concat,6144,random_forest,False,valid,spearman,0.6700620515168948,0,0.01,random,,
condition_recombine_pseudolabel__mult_1__sim_0.7__teacher_rf__seed_3,condition_recombine_pseudolabel,1.0,0.7,random_forest,3,31,31,2.0,False,1.0,1.0,1.0,reaction_role_concat,6144,random_forest,False,valid,rmse,19.524491071955286,0,0.01,random,,
condition_recombine_pseudolabel__mult_1__sim_0.7__teacher_rf__seed_3,condition_recombine_pseudolabel,1.0,0.7,random_forest,3,31,31,2.0,False,1.0,1.0,1.0,reaction_role_concat,6144,random_forest,False,valid,mae,15.489679322295554,0,0.01,random,,
condition_recombine_pseudolabel__mult_1__sim_0.7__teacher_rf__seed_3,condition_recombine_pseudolabel,1.0,0.7,random_forest,3,31,31,2.0,False,1.0,1.0,1.0,reaction_role_concat,6144,random_forest,False,valid,r2,0.4766157807997172,0,0.01,random,,
condition_recombine_pseudolabel__mult_1__sim_0.7__teacher_rf__seed_3,condition_recombine_pseudolabel,1.0,0.7,random_forest,3,31,31,2.0,False,1.0,1.0,1.0,reaction_role_concat,6144,random_forest,False,valid,spearman,0.7198857753943765,0,0.01,random,,
condition_recombine_pseudolabel__mult_1__sim_0.7__teacher_rf__seed_4,condition_recombine_pseudolabel,1.0,0.7,random_forest,4,31,31,2.0,False,1.0,1.0,1.0,reaction_role_concat,6144,random_forest,False,valid,rmse,19.848892536002367,0,0.01,random,,
condition_recombine_pseudolabel__mult_1__sim_0.7__teacher_rf__seed_4,condition_recombine_pseudolabel,1.0,0.7,random_forest,4,31,31,2.0,False,1.0,1.0,1.0,reaction_role_concat,6144,random_forest,False,valid,mae,15.558555663919147,0,0.01,random,,
condition_recombine_pseudolabel__mult_1__sim_0.7__teacher_rf__seed_4,condition_recombine_pseudolabel,1.0,0.7,random_forest,4,31,31,2.0,False,1.0,1.0,1.0,reaction_role_concat,6144,random_forest,False,valid,r2,0.45907912722289224,0,0.01,random,,
condition_recombine_pseudolabel__mult_1__sim_0.7__teacher_rf__seed_4,condition_recombine_pseudolabel,1.0,0.7,random_forest,4,31,31,2.0,False,1.0,1.0,1.0,reaction_role_concat,6144,random_forest,False,valid,spearman,0.6946661480497054,0,0.01,random,,
condition_recombine_pseudolabel__mult_1__sim_0.8__teacher_ridge__seed_0,condition_recombine_pseudolabel,1.0,0.8,ridge,0,31,12,1.3870967741935485,False,1.0,1.0,1.0,reaction_role_concat,6144,random_forest,False,valid,rmse,19.68182302823331,0,0.01,random,,
condition_recombine_pseudolabel__mult_1__sim_0.8__teacher_ridge__seed_0,condition_recombine_pseudolabel,1.0,0.8,ridge,0,31,12,1.3870967741935485,False,1.0,1.0,1.0,reaction_role_concat,6144,random_forest,False,valid,mae,15.766747817609883,0,0.01,random,,
condition_recombine_pseudolabel__mult_1__sim_0.8__teacher_ridge__seed_0,condition_recombine_pseudolabel,1.0,0.8,ridge,0,31,12,1.3870967741935485,False,1.0,1.0,1.0,reaction_role_concat,6144,random_forest,False,valid,r2,0.46814674171920023,0,0.01,random,,
condition_recombine_pseudolabel__mult_1__sim_0.8__teacher_ridge__seed_0,condition_recombine_pseudolabel,1.0,0.8,ridge,0,31,12,1.3870967741935485,False,1.0,1.0,1.0,reaction_role_concat,6144,random_forest,False,valid,spearman,0.7144953533969307,0,0.01,random,,
condition_recombine_pseudolabel__mult_1__sim_0.8__teacher_ridge__seed_1,condition_recombine_pseudolabel,1.0,0.8,ridge,1,31,13,1.4193548387096775,False,1.0,1.0,1.0,reaction_role_concat,6144,random_forest,True,valid,rmse,18.407711739781462,0,0.01,random,,
condition_recombine_pseudolabel__mult_1__sim_0.8__teacher_ridge__seed_1,condition_recombine_pseudolabel,1.0,0.8,ridge,1,31,13,1.4193548387096775,False,1.0,1.0,1.0,reaction_role_concat,6144,random_forest,True,valid,mae,14.67902990027621,0,0.01,random,,
condition_recombine_pseudolabel__mult_1__sim_0.8__teacher_ridge__seed_1,condition_recombine_pseudolabel,1.0,0.8,ridge,1,31,13,1.4193548387096775,False,1.0,1.0,1.0,reaction_role_concat,6144,random_forest,True,valid,r2,0.5347774164153146,0,0.01,random,,
condition_recombine_pseudolabel__mult_1__sim_0.8__teacher_ridge__seed_1,condition_recombine_pseudolabel,1.0,0.8,ridge,1,31,13,1.4193548387096775,False,1.0,1.0,1.0,reaction_role_concat,6144,random_forest,True,valid,spearman,0.7475910879062103,0,0.01,random,,
condition_recombine_pseudolabel__mult_1__sim_0.8__teacher_ridge__seed_2,condition_recombine_pseudolabel,1.0,0.8,ridge,2,31,17,1.5483870967741935,False,1.0,1.0,1.0,reaction_role_concat,6144,random_forest,False,valid,rmse,20.86374242665267,0,0.01,random,,
condition_recombine_pseudolabel__mult_1__sim_0.8__teacher_ridge__seed_2,condition_recombine_pseudolabel,1.0,0.8,ridge,2,31,17,1.5483870967741935,False,1.0,1.0,1.0,reaction_role_concat,6144,random_forest,False,valid,mae,16.361806820680822,0,0.01,random,,
condition_recombine_pseudolabel__mult_1__sim_0.8__teacher_ridge__seed_2,condition_recombine_pseudolabel,1.0,0.8,ridge,2,31,17,1.5483870967741935,False,1.0,1.0,1.0,reaction_role_concat,6144,random_forest,False,valid,r2,0.4023518159298608,0,0.01,random,,
condition_recombine_pseudolabel__mult_1__sim_0.8__teacher_ridge__seed_2,condition_recombine_pseudolabel,1.0,0.8,ridge,2,31,17,1.5483870967741935,False,1.0,1.0,1.0,reaction_role_concat,6144,random_forest,False,valid,spearman,0.6514012058252098,0,0.01,random,,
condition_recombine_pseudolabel__mult_1__sim_0.8__teacher_ridge__seed_3,condition_recombine_pseudolabel,1.0,0.8,ridge,3,31,14,1.4516129032258065,False,1.0,1.0,1.0,reaction_role_concat,6144,random_forest,False,valid,rmse,20.124485447292667,0,0.01,random,,
condition_recombine_pseudolabel__mult_1__sim_0.8__teacher_ridge__seed_3,condition_recombine_pseudolabel,1.0,0.8,ridge,3,31,14,1.4516129032258065,False,1.0,1.0,1.0,reaction_role_concat,6144,random_forest,False,valid,mae,16.11891417476497,0,0.01,random,,
condition_recombine_pseudolabel__mult_1__sim_0.8__teacher_ridge__seed_3,condition_recombine_pseudolabel,1.0,0.8,ridge,3,31,14,1.4516129032258065,False,1.0,1.0,1.0,reaction_role_concat,6144,random_forest,False,valid,r2,0.4439539639287152,0,0.01,random,,
condition_recombine_pseudolabel__mult_1__sim_0.8__teacher_ridge__seed_3,condition_recombine_pseudolabel,1.0,0.8,ridge,3,31,14,1.4516129032258065,False,1.0,1.0,1.0,reaction_role_concat,6144,random_forest,False,valid,spearman,0.6957083248624475,0,0.01,random,,
condition_recombine_pseudolabel__mult_1__sim_0.8__teacher_ridge__seed_4,condition_recombine_pseudolabel,1.0,0.8,ridge,4,31,16,1.5161290322580645,False,1.0,1.0,1.0,reaction_role_concat,6144,random_forest,False,valid,rmse,21.369331452139463,0,0.01,random,,
condition_recombine_pseudolabel__mult_1__sim_0.8__teacher_ridge__seed_4,condition_recombine_pseudolabel,1.0,0.8,ridge,4,31,16,1.5161290322580645,False,1.0,1.0,1.0,reaction_role_concat,6144,random_forest,False,valid,mae,17.0877753479526,0,0.01,random,,
condition_recombine_pseudolabel__mult_1__sim_0.8__teacher_ridge__seed_4,condition_recombine_pseudolabel,1.0,0.8,ridge,4,31,16,1.5161290322580645,False,1.0,1.0,1.0,reaction_role_concat,6144,random_forest,False,valid,r2,0.37303535712671954,0,0.01,random,,
condition_recombine_pseudolabel__mult_1__sim_0.8__teacher_ridge__seed_4,condition_recombine_pseudolabel,1.0,0.8,ridge,4,31,16,1.5161290322580645,False,1.0,1.0,1.0,reaction_role_concat,6144,random_forest,False,valid,spearman,0.6264680213227551,0,0.01,random,,
condition_recombine_pseudolabel__mult_1__sim_0.8__teacher_rf__seed_0,condition_recombine_pseudolabel,1.0,0.8,random_forest,0,31,12,1.3870967741935485,False,1.0,1.0,1.0,reaction_role_concat,6144,random_forest,False,valid,rmse,19.192867623693694,0,0.01,random,,
condition_recombine_pseudolabel__mult_1__sim_0.8__teacher_rf__seed_0,condition_recombine_pseudolabel,1.0,0.8,random_forest,0,31,12,1.3870967741935485,False,1.0,1.0,1.0,reaction_role_concat,6144,random_forest,False,valid,mae,15.170165072460717,0,0.01,random,,
condition_recombine_pseudolabel__mult_1__sim_0.8__teacher_rf__seed_0,condition_recombine_pseudolabel,1.0,0.8,random_forest,0,31,12,1.3870967741935485,False,1.0,1.0,1.0,reaction_role_concat,6144,random_forest,False,valid,r2,0.4942441497769251,0,0.01,random,,
condition_recombine_pseudolabel__mult_1__sim_0.8__teacher_rf__seed_0,condition_recombine_pseudolabel,1.0,0.8,random_forest,0,31,12,1.3870967741935485,False,1.0,1.0,1.0,reaction_role_concat,6144,random_forest,False,valid,spearman,0.7270250370695573,0,0.01,random,,
condition_recombine_pseudolabel__mult_1__sim_0.8__teacher_rf__seed_1,condition_recombine_pseudolabel,1.0,0.8,random_forest,1,31,13,1.4193548387096775,False,1.0,1.0,1.0,reaction_role_concat,6144,random_forest,False,valid,rmse,19.445722400246655,0,0.01,random,,
condition_recombine_pseudolabel__mult_1__sim_0.8__teacher_rf__seed_1,condition_recombine_pseudolabel,1.0,0.8,random_forest,1,31,13,1.4193548387096775,False,1.0,1.0,1.0,reaction_role_concat,6144,random_forest,False,valid,mae,15.117345308011092,0,0.01,random,,
condition_recombine_pseudolabel__mult_1__sim_0.8__teacher_rf__seed_1,condition_recombine_pseudolabel,1.0,0.8,random_forest,1,31,13,1.4193548387096775,False,1.0,1.0,1.0,reaction_role_concat,6144,random_forest,False,valid,r2,0.4808302946555464,0,0.01,random,,
condition_recombine_pseudolabel__mult_1__sim_0.8__teacher_rf__seed_1,condition_recombine_pseudolabel,1.0,0.8,random_forest,1,31,13,1.4193548387096775,False,1.0,1.0,1.0,reaction_role_concat,6144,random_forest,False,valid,spearman,0.7295259109122418,0,0.01,random,,
condition_recombine_pseudolabel__mult_1__sim_0.8__teacher_rf__seed_2,condition_recombine_pseudolabel,1.0,0.8,random_forest,2,31,17,1.5483870967741935,False,1.0,1.0,1.0,reaction_role_concat,6144,random_forest,False,valid,rmse,19.699663384481465,0,0.01,random,,
condition_recombine_pseudolabel__mult_1__sim_0.8__teacher_rf__seed_2,condition_recombine_pseudolabel,1.0,0.8,random_forest,2,31,17,1.5483870967741935,False,1.0,1.0,1.0,reaction_role_concat,6144,random_forest,False,valid,mae,15.50885843998722,0,0.01,random,,
condition_recombine_pseudolabel__mult_1__sim_0.8__teacher_rf__seed_2,condition_recombine_pseudolabel,1.0,0.8,random_forest,2,31,17,1.5483870967741935,False,1.0,1.0,1.0,reaction_role_concat,6144,random_forest,False,valid,r2,0.4671821205117693,0,0.01,random,,
condition_recombine_pseudolabel__mult_1__sim_0.8__teacher_rf__seed_2,condition_recombine_pseudolabel,1.0,0.8,random_forest,2,31,17,1.5483870967741935,False,1.0,1.0,1.0,reaction_role_concat,6144,random_forest,False,valid,spearman,0.7149122630673496,0,0.01,random,,
condition_recombine_pseudolabel__mult_1__sim_0.8__teacher_rf__seed_3,condition_recombine_pseudolabel,1.0,0.8,random_forest,3,31,14,1.4516129032258065,False,1.0,1.0,1.0,reaction_role_concat,6144,random_forest,False,valid,rmse,19.178872198652424,0,0.01,random,,
condition_recombine_pseudolabel__mult_1__sim_0.8__teacher_rf__seed_3,condition_recombine_pseudolabel,1.0,0.8,random_forest,3,31,14,1.4516129032258065,False,1.0,1.0,1.0,reaction_role_concat,6144,random_forest,False,valid,mae,15.19100356955468,0,0.01,random,,
condition_recombine_pseudolabel__mult_1__sim_0.8__teacher_rf__seed_3,condition_recombine_pseudolabel,1.0,0.8,random_forest,3,31,14,1.4516129032258065,False,1.0,1.0,1.0,reaction_role_concat,6144,random_forest,False,valid,r2,0.494981474443124,0,0.01,random,,
condition_recombine_pseudolabel__mult_1__sim_0.8__teacher_rf__seed_3,condition_recombine_pseudolabel,1.0,0.8,random_forest,3,31,14,1.4516129032258065,False,1.0,1.0,1.0,reaction_role_concat,6144,random_forest,False,valid,spearman,0.7403441424161107,0,0.01,random,,
condition_recombine_pseudolabel__mult_1__sim_0.8__teacher_rf__seed_4,condition_recombine_pseudolabel,1.0,0.8,random_forest,4,31,16,1.5161290322580645,False,1.0,1.0,1.0,reaction_role_concat,6144,random_forest,False,valid,rmse,19.563914914960264,0,0.01,random,,
condition_recombine_pseudolabel__mult_1__sim_0.8__teacher_rf__seed_4,condition_recombine_pseudolabel,1.0,0.8,random_forest,4,31,16,1.5161290322580645,False,1.0,1.0,1.0,reaction_role_concat,6144,random_forest,False,valid,mae,15.35127124533472,0,0.01,random,,
condition_recombine_pseudolabel__mult_1__sim_0.8__teacher_rf__seed_4,condition_recombine_pseudolabel,1.0,0.8,random_forest,4,31,16,1.5161290322580645,False,1.0,1.0,1.0,reaction_role_concat,6144,random_forest,False,valid,r2,0.47450001254640906,0,0.01,random,,
condition_recombine_pseudolabel__mult_1__sim_0.8__teacher_rf__seed_4,condition_recombine_pseudolabel,1.0,0.8,random_forest,4,31,16,1.5161290322580645,False,1.0,1.0,1.0,reaction_role_concat,6144,random_forest,False,valid,spearman,0.7187215049976304,0,0.01,random,,
condition_recombine_pseudolabel__mult_1__sim_0.9__teacher_ridge__seed_0,condition_recombine_pseudolabel,1.0,0.9,ridge,0,31,5,1.1612903225806452,False,1.0,1.0,1.0,reaction_role_concat,6144,random_forest,False,valid,rmse,20.061858756240603,0,0.01,random,,
condition_recombine_pseudolabel__mult_1__sim_0.9__teacher_ridge__seed_0,condition_recombine_pseudolabel,1.0,0.9,ridge,0,31,5,1.1612903225806452,False,1.0,1.0,1.0,reaction_role_concat,6144,random_forest,False,valid,mae,15.98577026927924,0,0.01,random,,
condition_recombine_pseudolabel__mult_1__sim_0.9__teacher_ridge__seed_0,condition_recombine_pseudolabel,1.0,0.9,ridge,0,31,5,1.1612903225806452,False,1.0,1.0,1.0,reaction_role_concat,6144,random_forest,False,valid,r2,0.4474093704208729,0,0.01,random,,
condition_recombine_pseudolabel__mult_1__sim_0.9__teacher_ridge__seed_0,condition_recombine_pseudolabel,1.0,0.9,ridge,0,31,5,1.1612903225806452,False,1.0,1.0,1.0,reaction_role_concat,6144,random_forest,False,valid,spearman,0.7110498607727418,0,0.01,random,,
condition_recombine_pseudolabel__mult_1__sim_0.9__teacher_ridge__seed_1,condition_recombine_pseudolabel,1.0,0.9,ridge,1,31,4,1.1290322580645162,False,1.0,1.0,1.0,reaction_role_concat,6144,random_forest,False,valid,rmse,20.091692605748896,0,0.01,random,,
condition_recombine_pseudolabel__mult_1__sim_0.9__teacher_ridge__seed_1,condition_recombine_pseudolabel,1.0,0.9,ridge,1,31,4,1.1290322580645162,False,1.0,1.0,1.0,reaction_role_concat,6144,random_forest,False,valid,mae,16.024614974670772,0,0.01,random,,
condition_recombine_pseudolabel__mult_1__sim_0.9__teacher_ridge__seed_1,condition_recombine_pseudolabel,1.0,0.9,ridge,1,31,4,1.1290322580645162,False,1.0,1.0,1.0,reaction_role_concat,6144,random_forest,False,valid,r2,0.4457646410944035,0,0.01,random,,
condition_recombine_pseudolabel__mult_1__sim_0.9__teacher_ridge__seed_1,condition_recombine_pseudolabel,1.0,0.9,ridge,1,31,4,1.1290322580645162,False,1.0,1.0,1.0,reaction_role_concat,6144,random_forest,False,valid,spearman,0.7146168628011071,0,0.01,random,,
condition_recombine_pseudolabel__mult_1__sim_0.9__teacher_ridge__seed_2,condition_recombine_pseudolabel,1.0,0.9,ridge,2,31,3,1.096774193548387,False,1.0,1.0,1.0,reaction_role_concat,6144,random_forest,False,valid,rmse,19.709172008962433,0,0.01,random,,
condition_recombine_pseudolabel__mult_1__sim_0.9__teacher_ridge__seed_2,condition_recombine_pseudolabel,1.0,0.9,ridge,2,31,3,1.096774193548387,False,1.0,1.0,1.0,reaction_role_concat,6144,random_forest,False,valid,mae,15.439999465542503,0,0.01,random,,
condition_recombine_pseudolabel__mult_1__sim_0.9__teacher_ridge__seed_2,condition_recombine_pseudolabel,1.0,0.9,ridge,2,31,3,1.096774193548387,False,1.0,1.0,1.0,reaction_role_concat,6144,random_forest,False,valid,r2,0.46666763579705184,0,0.01,random,,
condition_recombine_pseudolabel__mult_1__sim_0.9__teacher_ridge__seed_2,condition_recombine_pseudolabel,1.0,0.9,ridge,2,31,3,1.096774193548387,False,1.0,1.0,1.0,reaction_role_concat,6144,random_forest,False,valid,spearman,0.7077899426071742,0,0.01,random,,
condition_recombine_pseudolabel__mult_1__sim_0.9__teacher_ridge__seed_3,condition_recombine_pseudolabel,1.0,0.9,ridge,3,31,4,1.1290322580645162,False,1.0,1.0,1.0,reaction_role_concat,6144,random_forest,False,valid,rmse,20.35721172307796,0,0.01,random,,
condition_recombine_pseudolabel__mult_1__sim_0.9__teacher_ridge__seed_3,condition_recombine_pseudolabel,1.0,0.9,ridge,3,31,4,1.1290322580645162,False,1.0,1.0,1.0,reaction_role_concat,6144,random_forest,False,valid,mae,16.515630337484275,0,0.01,random,,
condition_recombine_pseudolabel__mult_1__sim_0.9__teacher_ridge__seed_3,condition_recombine_pseudolabel,1.0,0.9,ridge,3,31,4,1.1290322580645162,False,1.0,1.0,1.0,reaction_role_concat,6144,random_forest,False,valid,r2,0.43101899735547644,0,0.01,random,,
condition_recombine_pseudolabel__mult_1__sim_0.9__teacher_ridge__seed_3,condition_recombine_pseudolabel,1.0,0.9,ridge,3,31,4,1.1290322580645162,False,1.0,1.0,1.0,reaction_role_concat,6144,random_forest,False,valid,spearman,0.7216852439905184,0,0.01,random,,
condition_recombine_pseudolabel__mult_1__sim_0.9__teacher_ridge__seed_4,condition_recombine_pseudolabel,1.0,0.9,ridge,4,31,3,1.096774193548387,False,1.0,1.0,1.0,reaction_role_concat,6144,random_forest,False,valid,rmse,21.349664665555625,0,0.01,random,,
condition_recombine_pseudolabel__mult_1__sim_0.9__teacher_ridge__seed_4,condition_recombine_pseudolabel,1.0,0.9,ridge,4,31,3,1.096774193548387,False,1.0,1.0,1.0,reaction_role_concat,6144,random_forest,False,valid,mae,17.30831279275538,0,0.01,random,,
condition_recombine_pseudolabel__mult_1__sim_0.9__teacher_ridge__seed_4,condition_recombine_pseudolabel,1.0,0.9,ridge,4,31,3,1.096774193548387,False,1.0,1.0,1.0,reaction_role_concat,6144,random_forest,False,valid,r2,0.3741888518778177,0,0.01,random,,
condition_recombine_pseudolabel__mult_1__sim_0.9__teacher_ridge__seed_4,condition_recombine_pseudolabel,1.0,0.9,ridge,4,31,3,1.096774193548387,False,1.0,1.0,1.0,reaction_role_concat,6144,random_forest,False,valid,spearman,0.6378560228853093,0,0.01,random,,
condition_recombine_pseudolabel__mult_1__sim_0.9__teacher_rf__seed_0,condition_recombine_pseudolabel,1.0,0.9,random_forest,0,31,5,1.1612903225806452,False,1.0,1.0,1.0,reaction_role_concat,6144,random_forest,False,valid,rmse,19.805276159046695,0,0.01,random,,
condition_recombine_pseudolabel__mult_1__sim_0.9__teacher_rf__seed_0,condition_recombine_pseudolabel,1.0,0.9,random_forest,0,31,5,1.1612903225806452,False,1.0,1.0,1.0,reaction_role_concat,6144,random_forest,False,valid,mae,15.58463412215589,0,0.01,random,,
condition_recombine_pseudolabel__mult_1__sim_0.9__teacher_rf__seed_0,condition_recombine_pseudolabel,1.0,0.9,random_forest,0,31,5,1.1612903225806452,False,1.0,1.0,1.0,reaction_role_concat,6144,random_forest,False,valid,r2,0.4614537772703884,0,0.01,random,,
condition_recombine_pseudolabel__mult_1__sim_0.9__teacher_rf__seed_0,condition_recombine_pseudolabel,1.0,0.9,random_forest,0,31,5,1.1612903225806452,False,1.0,1.0,1.0,reaction_role_concat,6144,random_forest,False,valid,spearman,0.6956810631371516,0,0.01,random,,
condition_recombine_pseudolabel__mult_1__sim_0.9__teacher_rf__seed_1,condition_recombine_pseudolabel,1.0,0.9,random_forest,1,31,4,1.1290322580645162,False,1.0,1.0,1.0,reaction_role_concat,6144,random_forest,False,valid,rmse,19.784829163123987,0,0.01,random,,
condition_recombine_pseudolabel__mult_1__sim_0.9__teacher_rf__seed_1,condition_recombine_pseudolabel,1.0,0.9,random_forest,1,31,4,1.1290322580645162,False,1.0,1.0,1.0,reaction_role_concat,6144,random_forest,False,valid,mae,15.669225243206267,0,0.01,random,,
condition_recombine_pseudolabel__mult_1__sim_0.9__teacher_rf__seed_1,condition_recombine_pseudolabel,1.0,0.9,random_forest,1,31,4,1.1290322580645162,False,1.0,1.0,1.0,reaction_role_concat,6144,random_forest,False,valid,r2,0.4625651950672388,0,0.01,random,,
condition_recombine_pseudolabel__mult_1__sim_0.9__teacher_rf__seed_1,condition_recombine_pseudolabel,1.0,0.9,random_forest,1,31,4,1.1290322580645162,False,1.0,1.0,1.0,reaction_role_concat,6144,random_forest,False,valid,spearman,0.7205108478100909,0,0.01,random,,
condition_recombine_pseudolabel__mult_1__sim_0.9__teacher_rf__seed_2,condition_recombine_pseudolabel,1.0,0.9,random_forest,2,31,3,1.096774193548387,False,1.0,1.0,1.0,reaction_role_concat,6144,random_forest,False,valid,rmse,19.586922742739432,0,0.01,random,,
condition_recombine_pseudolabel__mult_1__sim_0.9__teacher_rf__seed_2,condition_recombine_pseudolabel,1.0,0.9,random_forest,2,31,3,1.096774193548387,False,1.0,1.0,1.0,reaction_role_concat,6144,random_forest,False,valid,mae,15.605453979513312,0,0.01,random,,
condition_recombine_pseudolabel__mult_1__sim_0.9__teacher_rf__seed_2,condition_recombine_pseudolabel,1.0,0.9,random_forest,2,31,3,1.096774193548387,False,1.0,1.0,1.0,reaction_role_concat,6144,random_forest,False,valid,r2,0.4732632741177697,0,0.01,random,,
condition_recombine_pseudolabel__mult_1__sim_0.9__teacher_rf__seed_2,condition_recombine_pseudolabel,1.0,0.9,random_forest,2,31,3,1.096774193548387,False,1.0,1.0,1.0,reaction_role_concat,6144,random_forest,False,valid,spearman,0.7217742340509486,0,0.01,random,,
condition_recombine_pseudolabel__mult_1__sim_0.9__teacher_rf__seed_3,condition_recombine_pseudolabel,1.0,0.9,random_forest,3,31,4,1.1290322580645162,False,1.0,1.0,1.0,reaction_role_concat,6144,random_forest,False,valid,rmse,19.442806328882128,0,0.01,random,,
condition_recombine_pseudolabel__mult_1__sim_0.9__teacher_rf__seed_3,condition_recombine_pseudolabel,1.0,0.9,random_forest,3,31,4,1.1290322580645162,False,1.0,1.0,1.0,reaction_role_concat,6144,random_forest,False,valid,mae,15.45044734634327,0,0.01,random,,
condition_recombine_pseudolabel__mult_1__sim_0.9__teacher_rf__seed_3,condition_recombine_pseudolabel,1.0,0.9,random_forest,3,31,4,1.1290322580645162,False,1.0,1.0,1.0,reaction_role_concat,6144,random_forest,False,valid,r2,0.48098599186908964,0,0.01,random,,
condition_recombine_pseudolabel__mult_1__sim_0.9__teacher_rf__seed_3,condition_recombine_pseudolabel,1.0,0.9,random_forest,3,31,4,1.1290322580645162,False,1.0,1.0,1.0,reaction_role_concat,6144,random_forest,False,valid,spearman,0.7275404784042598,0,0.01,random,,
condition_recombine_pseudolabel__mult_1__sim_0.9__teacher_rf__seed_4,condition_recombine_pseudolabel,1.0,0.9,random_forest,4,31,3,1.096774193548387,False,1.0,1.0,1.0,reaction_role_concat,6144,random_forest,False,valid,rmse,19.958108592461034,0,0.01,random,,
condition_recombine_pseudolabel__mult_1__sim_0.9__teacher_rf__seed_4,condition_recombine_pseudolabel,1.0,0.9,random_forest,4,31,3,1.096774193548387,False,1.0,1.0,1.0,reaction_role_concat,6144,random_forest,False,valid,mae,15.68415177373192,0,0.01,random,,
condition_recombine_pseudolabel__mult_1__sim_0.9__teacher_rf__seed_4,condition_recombine_pseudolabel,1.0,0.9,random_forest,4,31,3,1.096774193548387,False,1.0,1.0,1.0,reaction_role_concat,6144,random_forest,False,valid,r2,0.45311005090694345,0,0.01,random,,
condition_recombine_pseudolabel__mult_1__sim_0.9__teacher_rf__seed_4,condition_recombine_pseudolabel,1.0,0.9,random_forest,4,31,3,1.096774193548387,False,1.0,1.0,1.0,reaction_role_concat,6144,random_forest,False,valid,spearman,0.7068361716750347,0,0.01,random,,
condition_recombine_pseudolabel__mult_0.25__sim_0.7__teacher_ridge__seed_0,condition_recombine_pseudolabel,0.25,0.7,ridge,0,158,39,1.2468354430379747,False,1.0,1.0,1.0,reaction_role_concat,6144,random_forest,False,valid,rmse,15.322294728336862,1,0.05,random,,
condition_recombine_pseudolabel__mult_0.25__sim_0.7__teacher_ridge__seed_0,condition_recombine_pseudolabel,0.25,0.7,ridge,0,158,39,1.2468354430379747,False,1.0,1.0,1.0,reaction_role_concat,6144,random_forest,False,valid,mae,11.45718236322041,1,0.05,random,,
condition_recombine_pseudolabel__mult_0.25__sim_0.7__teacher_ridge__seed_0,condition_recombine_pseudolabel,0.25,0.7,ridge,0,158,39,1.2468354430379747,False,1.0,1.0,1.0,reaction_role_concat,6144,random_forest,False,valid,r2,0.6776640069139842,1,0.05,random,,
condition_recombine_pseudolabel__mult_0.25__sim_0.7__teacher_ridge__seed_0,condition_recombine_pseudolabel,0.25,0.7,ridge,0,158,39,1.2468354430379747,False,1.0,1.0,1.0,reaction_role_concat,6144,random_forest,False,valid,spearman,0.825109414332017,1,0.05,random,,
condition_recombine_pseudolabel__mult_0.25__sim_0.7__teacher_ridge__seed_1,condition_recombine_pseudolabel,0.25,0.7,ridge,1,158,39,1.2468354430379747,False,1.0,1.0,1.0,reaction_role_concat,6144,random_forest,False,valid,rmse,15.385909502564095,1,0.05,random,,
condition_recombine_pseudolabel__mult_0.25__sim_0.7__teacher_ridge__seed_1,condition_recombine_pseudolabel,0.25,0.7,ridge,1,158,39,1.2468354430379747,False,1.0,1.0,1.0,reaction_role_concat,6144,random_forest,False,valid,mae,11.672796480634544,1,0.05,random,,
condition_recombine_pseudolabel__mult_0.25__sim_0.7__teacher_ridge__seed_1,condition_recombine_pseudolabel,0.25,0.7,ridge,1,158,39,1.2468354430379747,False,1.0,1.0,1.0,reaction_role_concat,6144,random_forest,False,valid,r2,0.6749819154143577,1,0.05,random,,
condition_recombine_pseudolabel__mult_0.25__sim_0.7__teacher_ridge__seed_1,condition_recombine_pseudolabel,0.25,0.7,ridge,1,158,39,1.2468354430379747,False,1.0,1.0,1.0,reaction_role_concat,6144,random_forest,False,valid,spearman,0.8274691113829905,1,0.05,random,,
condition_recombine_pseudolabel__mult_0.25__sim_0.7__teacher_ridge__seed_2,condition_recombine_pseudolabel,0.25,0.7,ridge,2,158,39,1.2468354430379747,False,1.0,1.0,1.0,reaction_role_concat,6144,random_forest,False,valid,rmse,15.360536347507166,1,0.05,random,,
condition_recombine_pseudolabel__mult_0.25__sim_0.7__teacher_ridge__seed_2,condition_recombine_pseudolabel,0.25,0.7,ridge,2,158,39,1.2468354430379747,False,1.0,1.0,1.0,reaction_role_concat,6144,random_forest,False,valid,mae,11.52814469043967,1,0.05,random,,
condition_recombine_pseudolabel__mult_0.25__sim_0.7__teacher_ridge__seed_2,condition_recombine_pseudolabel,0.25,0.7,ridge,2,158,39,1.2468354430379747,False,1.0,1.0,1.0,reaction_role_concat,6144,random_forest,False,valid,r2,0.6760530167805707,1,0.05,random,,
condition_recombine_pseudolabel__mult_0.25__sim_0.7__teacher_ridge__seed_2,condition_recombine_pseudolabel,0.25,0.7,ridge,2,158,39,1.2468354430379747,False,1.0,1.0,1.0,reaction_role_concat,6144,random_forest,False,valid,spearman,0.8314245929968233,1,0.05,random,,
condition_recombine_pseudolabel__mult_0.25__sim_0.7__teacher_ridge__seed_3,condition_recombine_pseudolabel,0.25,0.7,ridge,3,158,39,1.2468354430379747,False,1.0,1.0,1.0,reaction_role_concat,6144,random_forest,False,valid,rmse,14.931134579009859,1,0.05,random,,
condition_recombine_pseudolabel__mult_0.25__sim_0.7__teacher_ridge__seed_3,condition_recombine_pseudolabel,0.25,0.7,ridge,3,158,39,1.2468354430379747,False,1.0,1.0,1.0,reaction_role_concat,6144,random_forest,False,valid,mae,10.984749017103566,1,0.05,random,,
condition_recombine_pseudolabel__mult_0.25__sim_0.7__teacher_ridge__seed_3,condition_recombine_pseudolabel,0.25,0.7,ridge,3,158,39,1.2468354430379747,False,1.0,1.0,1.0,reaction_role_concat,6144,random_forest,False,valid,r2,0.6939116508389237,1,0.05,random,,
condition_recombine_pseudolabel__mult_0.25__sim_0.7__teacher_ridge__seed_3,condition_recombine_pseudolabel,0.25,0.7,ridge,3,158,39,1.2468354430379747,False,1.0,1.0,1.0,reaction_role_concat,6144,random_forest,False,valid,spearman,0.8342724696572031,1,0.05,random,,
condition_recombine_pseudolabel__mult_0.25__sim_0.7__teacher_ridge__seed_4,condition_recombine_pseudolabel,0.25,0.7,ridge,4,158,39,1.2468354430379747,False,1.0,1.0,1.0,reaction_role_concat,6144,random_forest,False,valid,rmse,15.174353082880973,1,0.05,random,,
condition_recombine_pseudolabel__mult_0.25__sim_0.7__teacher_ridge__seed_4,condition_recombine_pseudolabel,0.25,0.7,ridge,4,158,39,1.2468354430379747,False,1.0,1.0,1.0,reaction_role_concat,6144,random_forest,False,valid,mae,11.324315196557889,1,0.05,random,,
condition_recombine_pseudolabel__mult_0.25__sim_0.7__teacher_ridge__seed_4,condition_recombine_pseudolabel,0.25,0.7,ridge,4,158,39,1.2468354430379747,False,1.0,1.0,1.0,reaction_role_concat,6144,random_forest,False,valid,r2,0.6838584708433304,1,0.05,random,,
condition_recombine_pseudolabel__mult_0.25__sim_0.7__teacher_ridge__seed_4,condition_recombine_pseudolabel,0.25,0.7,ridge,4,158,39,1.2468354430379747,False,1.0,1.0,1.0,reaction_role_concat,6144,random_forest,False,valid,spearman,0.8338641279575919,1,0.05,random,,
condition_recombine_pseudolabel__mult_0.25__sim_0.7__teacher_rf__seed_0,condition_recombine_pseudolabel,0.25,0.7,random_forest,0,158,39,1.2468354430379747,False,1.0,1.0,1.0,reaction_role_concat,6144,random_forest,False,valid,rmse,15.573290556658366,1,0.05,random,,
condition_recombine_pseudolabel__mult_0.25__sim_0.7__teacher_rf__seed_0,condition_recombine_pseudolabel,0.25,0.7,random_forest,0,158,39,1.2468354430379747,False,1.0,1.0,1.0,reaction_role_concat,6144,random_forest,False,valid,mae,11.510553344832944,1,0.05,random,,
condition_recombine_pseudolabel__mult_0.25__sim_0.7__teacher_rf__seed_0,condition_recombine_pseudolabel,0.25,0.7,random_forest,0,158,39,1.2468354430379747,False,1.0,1.0,1.0,reaction_role_concat,6144,random_forest,False,valid,r2,0.6670170840050496,1,0.05,random,,
condition_recombine_pseudolabel__mult_0.25__sim_0.7__teacher_rf__seed_0,condition_recombine_pseudolabel,0.25,0.7,random_forest,0,158,39,1.2468354430379747,False,1.0,1.0,1.0,reaction_role_concat,6144,random_forest,False,valid,spearman,0.8175746629134358,1,0.05,random,,
condition_recombine_pseudolabel__mult_0.25__sim_0.7__teacher_rf__seed_1,condition_recombine_pseudolabel,0.25,0.7,random_forest,1,158,39,1.2468354430379747,False,1.0,1.0,1.0,reaction_role_concat,6144,random_forest,False,valid,rmse,15.792055424778885,1,0.05,random,,
condition_recombine_pseudolabel__mult_0.25__sim_0.7__teacher_rf__seed_1,condition_recombine_pseudolabel,0.25,0.7,random_forest,1,158,39,1.2468354430379747,False,1.0,1.0,1.0,reaction_role_concat,6144,random_forest,False,valid,mae,11.778305420588842,1,0.05,random,,
condition_recombine_pseudolabel__mult_0.25__sim_0.7__teacher_rf__seed_1,condition_recombine_pseudolabel,0.25,0.7,random_forest,1,158,39,1.2468354430379747,False,1.0,1.0,1.0,reaction_role_concat,6144,random_forest,False,valid,r2,0.6575962610808754,1,0.05,random,,
condition_recombine_pseudolabel__mult_0.25__sim_0.7__teacher_rf__seed_1,condition_recombine_pseudolabel,0.25,0.7,random_forest,1,158,39,1.2468354430379747,False,1.0,1.0,1.0,reaction_role_concat,6144,random_forest,False,valid,spearman,0.8090910087279464,1,0.05,random,,
condition_recombine_pseudolabel__mult_0.25__sim_0.7__teacher_rf__seed_2,condition_recombine_pseudolabel,0.25,0.7,random_forest,2,158,39,1.2468354430379747,False,1.0,1.0,1.0,reaction_role_concat,6144,random_forest,False,valid,rmse,15.752492739586339,1,0.05,random,,
condition_recombine_pseudolabel__mult_0.25__sim_0.7__teacher_rf__seed_2,condition_recombine_pseudolabel,0.25,0.7,random_forest,2,158,39,1.2468354430379747,False,1.0,1.0,1.0,reaction_role_concat,6144,random_forest,False,valid,mae,11.66427105435314,1,0.05,random,,
condition_recombine_pseudolabel__mult_0.25__sim_0.7__teacher_rf__seed_2,condition_recombine_pseudolabel,0.25,0.7,random_forest,2,158,39,1.2468354430379747,False,1.0,1.0,1.0,reaction_role_concat,6144,random_forest,False,valid,r2,0.6593097103500569,1,0.05,random,,
condition_recombine_pseudolabel__mult_0.25__sim_0.7__teacher_rf__seed_2,condition_recombine_pseudolabel,0.25,0.7,random_forest,2,158,39,1.2468354430379747,False,1.0,1.0,1.0,reaction_role_concat,6144,random_forest,False,valid,spearman,0.8147850095092234,1,0.05,random,,
condition_recombine_pseudolabel__mult_0.25__sim_0.7__teacher_rf__seed_3,condition_recombine_pseudolabel,0.25,0.7,random_forest,3,158,39,1.2468354430379747,False,1.0,1.0,1.0,reaction_role_concat,6144,random_forest,False,valid,rmse,15.358039882591406,1,0.05,random,,
condition_recombine_pseudolabel__mult_0.25__sim_0.7__teacher_rf__seed_3,condition_recombine_pseudolabel,0.25,0.7,random_forest,3,158,39,1.2468354430379747,False,1.0,1.0,1.0,reaction_role_concat,6144,random_forest,False,valid,mae,11.371613349559185,1,0.05,random,,
condition_recombine_pseudolabel__mult_0.25__sim_0.7__teacher_rf__seed_3,condition_recombine_pseudolabel,0.25,0.7,random_forest,3,158,39,1.2468354430379747,False,1.0,1.0,1.0,reaction_role_concat,6144,random_forest,False,valid,r2,0.6761583069268584,1,0.05,random,,
condition_recombine_pseudolabel__mult_0.25__sim_0.7__teacher_rf__seed_3,condition_recombine_pseudolabel,0.25,0.7,random_forest,3,158,39,1.2468354430379747,False,1.0,1.0,1.0,reaction_role_concat,6144,random_forest,False,valid,spearman,0.8271433337657039,1,0.05,random,,
condition_recombine_pseudolabel__mult_0.25__sim_0.7__teacher_rf__seed_4,condition_recombine_pseudolabel,0.25,0.7,random_forest,4,158,39,1.2468354430379747,False,1.0,1.0,1.0,reaction_role_concat,6144,random_forest,False,valid,rmse,15.322513279723674,1,0.05,random,,
condition_recombine_pseudolabel__mult_0.25__sim_0.7__teacher_rf__seed_4,condition_recombine_pseudolabel,0.25,0.7,random_forest,4,158,39,1.2468354430379747,False,1.0,1.0,1.0,reaction_role_concat,6144,random_forest,False,valid,mae,11.225690502124497,1,0.05,random,,
condition_recombine_pseudolabel__mult_0.25__sim_0.7__teacher_rf__seed_4,condition_recombine_pseudolabel,0.25,0.7,random_forest,4,158,39,1.2468354430379747,False,1.0,1.0,1.0,reaction_role_concat,6144,random_forest,False,valid,r2,0.6776548114922838,1,0.05,random,,
condition_recombine_pseudolabel__mult_0.25__sim_0.7__teacher_rf__seed_4,condition_recombine_pseudolabel,0.25,0.7,random_forest,4,158,39,1.2468354430379747,False,1.0,1.0,1.0,reaction_role_concat,6144,random_forest,False,valid,spearman,0.8271106196953488,1,0.05,random,,
condition_recombine_pseudolabel__mult_0.25__sim_0.8__teacher_ridge__seed_0,condition_recombine_pseudolabel,0.25,0.8,ridge,0,158,32,1.2025316455696202,False,1.0,1.0,1.0,reaction_role_concat,6144,random_forest,False,valid,rmse,15.115039655225582,1,0.05,random,,
condition_recombine_pseudolabel__mult_0.25__sim_0.8__teacher_ridge__seed_0,condition_recombine_pseudolabel,0.25,0.8,ridge,0,158,32,1.2025316455696202,False,1.0,1.0,1.0,reaction_role_concat,6144,random_forest,False,valid,mae,11.22589241348188,1,0.05,random,,
condition_recombine_pseudolabel__mult_0.25__sim_0.8__teacher_ridge__seed_0,condition_recombine_pseudolabel,0.25,0.8,ridge,0,158,32,1.2025316455696202,False,1.0,1.0,1.0,reaction_role_concat,6144,random_forest,False,valid,r2,0.6863251051516404,1,0.05,random,,
condition_recombine_pseudolabel__mult_0.25__sim_0.8__teacher_ridge__seed_0,condition_recombine_pseudolabel,0.25,0.8,ridge,0,158,32,1.2025316455696202,False,1.0,1.0,1.0,reaction_role_concat,6144,random_forest,False,valid,spearman,0.8316923420845511,1,0.05,random,,
condition_recombine_pseudolabel__mult_0.25__sim_0.8__teacher_ridge__seed_1,condition_recombine_pseudolabel,0.25,0.8,ridge,1,158,31,1.1962025316455696,False,1.0,1.0,1.0,reaction_role_concat,6144,random_forest,False,valid,rmse,15.44931583181692,1,0.05,random,,
condition_recombine_pseudolabel__mult_0.25__sim_0.8__teacher_ridge__seed_1,condition_recombine_pseudolabel,0.25,0.8,ridge,1,158,31,1.1962025316455696,False,1.0,1.0,1.0,reaction_role_concat,6144,random_forest,False,valid,mae,11.584916723550876,1,0.05,random,,
condition_recombine_pseudolabel__mult_0.25__sim_0.8__teacher_ridge__seed_1,condition_recombine_pseudolabel,0.25,0.8,ridge,1,158,31,1.1962025316455696,False,1.0,1.0,1.0,reaction_role_concat,6144,random_forest,False,valid,r2,0.6722975544343623,1,0.05,random,,
condition_recombine_pseudolabel__mult_0.25__sim_0.8__teacher_ridge__seed_1,condition_recombine_pseudolabel,0.25,0.8,ridge,1,158,31,1.1962025316455696,False,1.0,1.0,1.0,reaction_role_concat,6144,random_forest,False,valid,spearman,0.8215905097761381,1,0.05,random,,
condition_recombine_pseudolabel__mult_0.25__sim_0.8__teacher_ridge__seed_2,condition_recombine_pseudolabel,0.25,0.8,ridge,2,158,31,1.1962025316455696,False,1.0,1.0,1.0,reaction_role_concat,6144,random_forest,False,valid,rmse,15.621553388924651,1,0.05,random,,
condition_recombine_pseudolabel__mult_0.25__sim_0.8__teacher_ridge__seed_2,condition_recombine_pseudolabel,0.25,0.8,ridge,2,158,31,1.1962025316455696,False,1.0,1.0,1.0,reaction_role_concat,6144,random_forest,False,valid,mae,11.766441943781285,1,0.05,random,,
condition_recombine_pseudolabel__mult_0.25__sim_0.8__teacher_ridge__seed_2,condition_recombine_pseudolabel,0.25,0.8,ridge,2,158,31,1.1962025316455696,False,1.0,1.0,1.0,reaction_role_concat,6144,random_forest,False,valid,r2,0.6649500063077811,1,0.05,random,,
condition_recombine_pseudolabel__mult_0.25__sim_0.8__teacher_ridge__seed_2,condition_recombine_pseudolabel,0.25,0.8,ridge,2,158,31,1.1962025316455696,False,1.0,1.0,1.0,reaction_role_concat,6144,random_forest,False,valid,spearman,0.8168010140948587,1,0.05,random,,
condition_recombine_pseudolabel__mult_0.25__sim_0.8__teacher_ridge__seed_3,condition_recombine_pseudolabel,0.25,0.8,ridge,3,158,30,1.1898734177215189,False,1.0,1.0,1.0,reaction_role_concat,6144,random_forest,False,valid,rmse,15.016284586628325,1,0.05,random,,
condition_recombine_pseudolabel__mult_0.25__sim_0.8__teacher_ridge__seed_3,condition_recombine_pseudolabel,0.25,0.8,ridge,3,158,30,1.1898734177215189,False,1.0,1.0,1.0,reaction_role_concat,6144,random_forest,False,valid,mae,11.068040698751618,1,0.05,random,,
condition_recombine_pseudolabel__mult_0.25__sim_0.8__teacher_ridge__seed_3,condition_recombine_pseudolabel,0.25,0.8,ridge,3,158,30,1.1898734177215189,False,1.0,1.0,1.0,reaction_role_concat,6144,random_forest,False,valid,r2,0.6904105447420595,1,0.05,random,,
condition_recombine_pseudolabel__mult_0.25__sim_0.8__teacher_ridge__seed_3,condition_recombine_pseudolabel,0.25,0.8,ridge,3,158,30,1.1898734177215189,False,1.0,1.0,1.0,reaction_role_concat,6144,random_forest,False,valid,spearman,0.8325170092747536,1,0.05,random,,
condition_recombine_pseudolabel__mult_0.25__sim_0.8__teacher_ridge__seed_4,condition_recombine_pseudolabel,0.25,0.8,ridge,4,158,34,1.2151898734177216,False,1.0,1.0,1.0,reaction_role_concat,6144,random_forest,False,valid,rmse,15.41422251057873,1,0.05,random,,
condition_recombine_pseudolabel__mult_0.25__sim_0.8__teacher_ridge__seed_4,condition_recombine_pseudolabel,0.25,0.8,ridge,4,158,34,1.2151898734177216,False,1.0,1.0,1.0,reaction_role_concat,6144,random_forest,False,valid,mae,11.435469531043418,1,0.05,random,,
condition_recombine_pseudolabel__mult_0.25__sim_0.8__teacher_ridge__seed_4,condition_recombine_pseudolabel,0.25,0.8,ridge,4,158,34,1.2151898734177216,False,1.0,1.0,1.0,reaction_role_concat,6144,random_forest,False,valid,r2,0.6737846242733606,1,0.05,random,,
condition_recombine_pseudolabel__mult_0.25__sim_0.8__teacher_ridge__seed_4,condition_recombine_pseudolabel,0.25,0.8,ridge,4,158,34,1.2151898734177216,False,1.0,1.0,1.0,reaction_role_concat,6144,random_forest,False,valid,spearman,0.8284123670782303,1,0.05,random,,
condition_recombine_pseudolabel__mult_0.25__sim_0.8__teacher_rf__seed_0,condition_recombine_pseudolabel,0.25,0.8,random_forest,0,158,32,1.2025316455696202,False,1.0,1.0,1.0,reaction_role_concat,6144,random_forest,False,valid,rmse,15.610066779207227,1,0.05,random,,
condition_recombine_pseudolabel__mult_0.25__sim_0.8__teacher_rf__seed_0,condition_recombine_pseudolabel,0.25,0.8,random_forest,0,158,32,1.2025316455696202,False,1.0,1.0,1.0,reaction_role_concat,6144,random_forest,False,valid,mae,11.511116035518015,1,0.05,random,,
condition_recombine_pseudolabel__mult_0.25__sim_0.8__teacher_rf__seed_0,condition_recombine_pseudolabel,0.25,0.8,random_forest,0,158,32,1.2025316455696202,False,1.0,1.0,1.0,reaction_role_concat,6144,random_forest,False,valid,r2,0.665442553172229,1,0.05,random,,
condition_recombine_pseudolabel__mult_0.25__sim_0.8__teacher_rf__seed_0,condition_recombine_pseudolabel,0.25,0.8,random_forest,0,158,32,1.2025316455696202,False,1.0,1.0,1.0,reaction_role_concat,6144,random_forest,False,valid,spearman,0.8155773520822891,1,0.05,random,,
condition_recombine_pseudolabel__mult_0.25__sim_0.8__teacher_rf__seed_1,condition_recombine_pseudolabel,0.25,0.8,random_forest,1,158,31,1.1962025316455696,False,1.0,1.0,1.0,reaction_role_concat,6144,random_forest,False,valid,rmse,15.734290162545372,1,0.05,random,,
condition_recombine_pseudolabel__mult_0.25__sim_0.8__teacher_rf__seed_1,condition_recombine_pseudolabel,0.25,0.8,random_forest,1,158,31,1.1962025316455696,False,1.0,1.0,1.0,reaction_role_concat,6144,random_forest,False,valid,mae,11.641564598124992,1,0.05,random,,
condition_recombine_pseudolabel__mult_0.25__sim_0.8__teacher_rf__seed_1,condition_recombine_pseudolabel,0.25,0.8,random_forest,1,158,31,1.1962025316455696,False,1.0,1.0,1.0,reaction_role_concat,6144,random_forest,False,valid,r2,0.6600966154261886,1,0.05,random,,
condition_recombine_pseudolabel__mult_0.25__sim_0.8__teacher_rf__seed_1,condition_recombine_pseudolabel,0.25,0.8,random_forest,1,158,31,1.1962025316455696,False,1.0,1.0,1.0,reaction_role_concat,6144,random_forest,False,valid,spearman,0.8103323908619582,1,0.05,random,,
condition_recombine_pseudolabel__mult_0.25__sim_0.8__teacher_rf__seed_2,condition_recombine_pseudolabel,0.25,0.8,random_forest,2,158,31,1.1962025316455696,False,1.0,1.0,1.0,reaction_role_concat,6144,random_forest,False,valid,rmse,15.52514131056258,1,0.05,random,,
condition_recombine_pseudolabel__mult_0.25__sim_0.8__teacher_rf__seed_2,condition_recombine_pseudolabel,0.25,0.8,random_forest,2,158,31,1.1962025316455696,False,1.0,1.0,1.0,reaction_role_concat,6144,random_forest,False,valid,mae,11.550179014743128,1,0.05,random,,
condition_recombine_pseudolabel__mult_0.25__sim_0.8__teacher_rf__seed_2,condition_recombine_pseudolabel,0.25,0.8,random_forest,2,158,31,1.1962025316455696,False,1.0,1.0,1.0,reaction_role_concat,6144,random_forest,False,valid,r2,0.669072923291767,1,0.05,random,,
condition_recombine_pseudolabel__mult_0.25__sim_0.8__teacher_rf__seed_2,condition_recombine_pseudolabel,0.25,0.8,random_forest,2,158,31,1.1962025316455696,False,1.0,1.0,1.0,reaction_role_concat,6144,random_forest,False,valid,spearman,0.8234489805348846,1,0.05,random,,
condition_recombine_pseudolabel__mult_0.25__sim_0.8__teacher_rf__seed_3,condition_recombine_pseudolabel,0.25,0.8,random_forest,3,158,30,1.1898734177215189,False,1.0,1.0,1.0,reaction_role_concat,6144,random_forest,False,valid,rmse,15.397118431310712,1,0.05,random,,
condition_recombine_pseudolabel__mult_0.25__sim_0.8__teacher_rf__seed_3,condition_recombine_pseudolabel,0.25,0.8,random_forest,3,158,30,1.1898734177215189,False,1.0,1.0,1.0,reaction_role_concat,6144,random_forest,False,valid,mae,11.398436162286922,1,0.05,random,,
condition_recombine_pseudolabel__mult_0.25__sim_0.8__teacher_rf__seed_3,condition_recombine_pseudolabel,0.25,0.8,random_forest,3,158,30,1.1898734177215189,False,1.0,1.0,1.0,reaction_role_concat,6144,random_forest,False,valid,r2,0.6745081791576254,1,0.05,random,,
condition_recombine_pseudolabel__mult_0.25__sim_0.8__teacher_rf__seed_3,condition_recombine_pseudolabel,0.25,0.8,random_forest,3,158,30,1.1898734177215189,False,1.0,1.0,1.0,reaction_role_concat,6144,random_forest,False,valid,spearman,0.8310205352826154,1,0.05,random,,
condition_recombine_pseudolabel__mult_0.25__sim_0.8__teacher_rf__seed_4,condition_recombine_pseudolabel,0.25,0.8,random_forest,4,158,34,1.2151898734177216,False,1.0,1.0,1.0,reaction_role_concat,6144,random_forest,False,valid,rmse,15.449908967002896,1,0.05,random,,
condition_recombine_pseudolabel__mult_0.25__sim_0.8__teacher_rf__seed_4,condition_recombine_pseudolabel,0.25,0.8,random_forest,4,158,34,1.2151898734177216,False,1.0,1.0,1.0,reaction_role_concat,6144,random_forest,False,valid,mae,11.347132424027105,1,0.05,random,,
condition_recombine_pseudolabel__mult_0.25__sim_0.8__teacher_rf__seed_4,condition_recombine_pseudolabel,0.25,0.8,random_forest,4,158,34,1.2151898734177216,False,1.0,1.0,1.0,reaction_role_concat,6144,random_forest,False,valid,r2,0.6722723914324138,1,0.05,random,,
condition_recombine_pseudolabel__mult_0.25__sim_0.8__teacher_rf__seed_4,condition_recombine_pseudolabel,0.25,0.8,random_forest,4,158,34,1.2151898734177216,False,1.0,1.0,1.0,reaction_role_concat,6144,random_forest,False,valid,spearman,0.8259932784114334,1,0.05,random,,
condition_recombine_pseudolabel__mult_0.25__sim_0.9__teacher_ridge__seed_0,condition_recombine_pseudolabel,0.25,0.9,ridge,0,158,8,1.0506329113924051,False,1.0,1.0,1.0,reaction_role_concat,6144,random_forest,False,valid,rmse,15.44812447179037,1,0.05,random,,
condition_recombine_pseudolabel__mult_0.25__sim_0.9__teacher_ridge__seed_0,condition_recombine_pseudolabel,0.25,0.9,ridge,0,158,8,1.0506329113924051,False,1.0,1.0,1.0,reaction_role_concat,6144,random_forest,False,valid,mae,11.4535754095663,1,0.05,random,,
condition_recombine_pseudolabel__mult_0.25__sim_0.9__teacher_ridge__seed_0,condition_recombine_pseudolabel,0.25,0.9,ridge,0,158,8,1.0506329113924051,False,1.0,1.0,1.0,reaction_role_concat,6144,random_forest,False,valid,r2,0.6723480934414459,1,0.05,random,,
condition_recombine_pseudolabel__mult_0.25__sim_0.9__teacher_ridge__seed_0,condition_recombine_pseudolabel,0.25,0.9,ridge,0,158,8,1.0506329113924051,False,1.0,1.0,1.0,reaction_role_concat,6144,random_forest,False,valid,spearman,0.8255095775140396,1,0.05,random,,
condition_recombine_pseudolabel__mult_0.25__sim_0.9__teacher_ridge__seed_1,condition_recombine_pseudolabel,0.25,0.9,ridge,1,158,8,1.0506329113924051,False,1.0,1.0,1.0,reaction_role_concat,6144,random_forest,False,valid,rmse,15.339622882733027,1,0.05,random,,
condition_recombine_pseudolabel__mult_0.25__sim_0.9__teacher_ridge__seed_1,condition_recombine_pseudolabel,0.25,0.9,ridge,1,158,8,1.0506329113924051,False,1.0,1.0,1.0,reaction_role_concat,6144,random_forest,False,valid,mae,11.439043352391145,1,0.05,random,,
condition_recombine_pseudolabel__mult_0.25__sim_0.9__teacher_ridge__seed_1,condition_recombine_pseudolabel,0.25,0.9,ridge,1,158,8,1.0506329113924051,False,1.0,1.0,1.0,reaction_role_concat,6144,random_forest,False,valid,r2,0.6769345279031637,1,0.05,random,,
condition_recombine_pseudolabel__mult_0.25__sim_0.9__teacher_ridge__seed_1,condition_recombine_pseudolabel,0.25,0.9,ridge,1,158,8,1.0506329113924051,False,1.0,1.0,1.0,reaction_role_concat,6144,random_forest,False,valid,spearman,0.8260302764671923,1,0.05,random,,
condition_recombine_pseudolabel__mult_0.25__sim_0.9__teacher_ridge__seed_2,condition_recombine_pseudolabel,0.25,0.9,ridge,2,158,11,1.0696202531645569,False,1.0,1.0,1.0,reaction_role_concat,6144,random_forest,False,valid,rmse,15.440345254062564,1,0.05,random,,
condition_recombine_pseudolabel__mult_0.25__sim_0.9__teacher_ridge__seed_2,condition_recombine_pseudolabel,0.25,0.9,ridge,2,158,11,1.0696202531645569,False,1.0,1.0,1.0,reaction_role_concat,6144,random_forest,False,valid,mae,11.335935438347015,1,0.05,random,,
condition_recombine_pseudolabel__mult_0.25__sim_0.9__teacher_ridge__seed_2,condition_recombine_pseudolabel,0.25,0.9,ridge,2,158,11,1.0696202531645569,False,1.0,1.0,1.0,reaction_role_concat,6144,random_forest,False,valid,r2,0.6726780019368896,1,0.05,random,,
condition_recombine_pseudolabel__mult_0.25__sim_0.9__teacher_ridge__seed_2,condition_recombine_pseudolabel,0.25,0.9,ridge,2,158,11,1.0696202531645569,False,1.0,1.0,1.0,reaction_role_concat,6144,random_forest,False,valid,spearman,0.82476280096754,1,0.05,random,,
condition_recombine_pseudolabel__mult_0.25__sim_0.9__teacher_ridge__seed_3,condition_recombine_pseudolabel,0.25,0.9,ridge,3,158,11,1.0696202531645569,False,1.0,1.0,1.0,reaction_role_concat,6144,random_forest,False,valid,rmse,15.475207480966834,1,0.05,random,,
condition_recombine_pseudolabel__mult_0.25__sim_0.9__teacher_ridge__seed_3,condition_recombine_pseudolabel,0.25,0.9,ridge,3,158,11,1.0696202531645569,False,1.0,1.0,1.0,reaction_role_concat,6144,random_forest,False,valid,mae,11.52042878570964,1,0.05,random,,
condition_recombine_pseudolabel__mult_0.25__sim_0.9__teacher_ridge__seed_3,condition_recombine_pseudolabel,0.25,0.9,ridge,3,158,11,1.0696202531645569,False,1.0,1.0,1.0,reaction_role_concat,6144,random_forest,False,valid,r2,0.671198234997934,1,0.05,random,,
condition_recombine_pseudolabel__mult_0.25__sim_0.9__teacher_ridge__seed_3,condition_recombine_pseudolabel,0.25,0.9,ridge,3,158,11,1.0696202531645569,False,1.0,1.0,1.0,reaction_role_concat,6144,random_forest,False,valid,spearman,0.8237340602908365,1,0.05,random,,
condition_recombine_pseudolabel__mult_0.25__sim_0.9__teacher_ridge__seed_4,condition_recombine_pseudolabel,0.25,0.9,ridge,4,158,6,1.0379746835443038,False,1.0,1.0,1.0,reaction_role_concat,6144,random_forest,False,valid,rmse,15.2574833871621,1,0.05,random,,
condition_recombine_pseudolabel__mult_0.25__sim_0.9__teacher_ridge__seed_4,condition_recombine_pseudolabel,0.25,0.9,ridge,4,158,6,1.0379746835443038,False,1.0,1.0,1.0,reaction_role_concat,6144,random_forest,False,valid,mae,11.222063265769542,1,0.05,random,,
condition_recombine_pseudolabel__mult_0.25__sim_0.9__teacher_ridge__seed_4,condition_recombine_pseudolabel,0.25,0.9,ridge,4,158,6,1.0379746835443038,False,1.0,1.0,1.0,reaction_role_concat,6144,random_forest,False,valid,r2,0.6803851195418367,1,0.05,random,,
condition_recombine_pseudolabel__mult_0.25__sim_0.9__teacher_ridge__seed_4,condition_recombine_pseudolabel,0.25,0.9,ridge,4,158,6,1.0379746835443038,False,1.0,1.0,1.0,reaction_role_concat,6144,random_forest,False,valid,spearman,0.8297715588108424,1,0.05,random,,
condition_recombine_pseudolabel__mult_0.25__sim_0.9__teacher_rf__seed_0,condition_recombine_pseudolabel,0.25,0.9,random_forest,0,158,8,1.0506329113924051,False,1.0,1.0,1.0,reaction_role_concat,6144,random_forest,False,valid,rmse,15.444422042557239,1,0.05,random,,
condition_recombine_pseudolabel__mult_0.25__sim_0.9__teacher_rf__seed_0,condition_recombine_pseudolabel,0.25,0.9,random_forest,0,158,8,1.0506329113924051,False,1.0,1.0,1.0,reaction_role_concat,6144,random_forest,False,valid,mae,11.437765549883812,1,0.05,random,,
condition_recombine_pseudolabel__mult_0.25__sim_0.9__teacher_rf__seed_0,condition_recombine_pseudolabel,0.25,0.9,random_forest,0,158,8,1.0506329113924051,False,1.0,1.0,1.0,reaction_role_concat,6144,random_forest,False,valid,r2,0.6725051303202523,1,0.05,random,,
condition_recombine_pseudolabel__mult_0.25__sim_0.9__teacher_rf__seed_0,condition_recombine_pseudolabel,0.25,0.9,random_forest,0,158,8,1.0506329113924051,False,1.0,1.0,1.0,reaction_role_concat,6144,random_forest,False,valid,spearman,0.8250527488887233,1,0.05,random,,
condition_recombine_pseudolabel__mult_0.25__sim_0.9__teacher_rf__seed_1,condition_recombine_pseudolabel,0.25,0.9,random_forest,1,158,8,1.0506329113924051,False,1.0,1.0,1.0,reaction_role_concat,6144,random_forest,False,valid,rmse,15.43353980688303,1,0.05,random,,
condition_recombine_pseudolabel__mult_0.25__sim_0.9__teacher_rf__seed_1,condition_recombine_pseudolabel,0.25,0.9,random_forest,1,158,8,1.0506329113924051,False,1.0,1.0,1.0,reaction_role_concat,6144,random_forest,False,valid,mae,11.413720675672158,1,0.05,random,,
condition_recombine_pseudolabel__mult_0.25__sim_0.9__teacher_rf__seed_1,condition_recombine_pseudolabel,0.25,0.9,random_forest,1,158,8,1.0506329113924051,False,1.0,1.0,1.0,reaction_role_concat,6144,random_forest,False,valid,r2,0.6729664775664526,1,0.05,random,,
condition_recombine_pseudolabel__mult_0.25__sim_0.9__teacher_rf__seed_1,condition_recombine_pseudolabel,0.25,0.9,random_forest,1,158,8,1.0506329113924051,False,1.0,1.0,1.0,reaction_role_concat,6144,random_forest,False,valid,spearman,0.8233899783722798,1,0.05,random,,
condition_recombine_pseudolabel__mult_0.25__sim_0.9__teacher_rf__seed_2,condition_recombine_pseudolabel,0.25,0.9,random_forest,2,158,11,1.0696202531645569,False,1.0,1.0,1.0,reaction_role_concat,6144,random_forest,False,valid,rmse,15.541571798306943,1,0.05,random,,
condition_recombine_pseudolabel__mult_0.25__sim_0.9__teacher_rf__seed_2,condition_recombine_pseudolabel,0.25,0.9,random_forest,2,158,11,1.0696202531645569,False,1.0,1.0,1.0,reaction_role_concat,6144,random_forest,False,valid,mae,11.50497989072679,1,0.05,random,,
condition_recombine_pseudolabel__mult_0.25__sim_0.9__teacher_rf__seed_2,condition_recombine_pseudolabel,0.25,0.9,random_forest,2,158,11,1.0696202531645569,False,1.0,1.0,1.0,reaction_role_concat,6144,random_forest,False,valid,r2,0.6683721025580366,1,0.05,random,,
condition_recombine_pseudolabel__mult_0.25__sim_0.9__teacher_rf__seed_2,condition_recombine_pseudolabel,0.25,0.9,random_forest,2,158,11,1.0696202531645569,False,1.0,1.0,1.0,reaction_role_concat,6144,random_forest,False,valid,spearman,0.8218253500669017,1,0.05,random,,
condition_recombine_pseudolabel__mult_0.25__sim_0.9__teacher_rf__seed_3,condition_recombine_pseudolabel,0.25,0.9,random_forest,3,158,11,1.0696202531645569,False,1.0,1.0,1.0,reaction_role_concat,6144,random_forest,False,valid,rmse,15.335798543402843,1,0.05,random,,
condition_recombine_pseudolabel__mult_0.25__sim_0.9__teacher_rf__seed_3,condition_recombine_pseudolabel,0.25,0.9,random_forest,3,158,11,1.0696202531645569,False,1.0,1.0,1.0,reaction_role_concat,6144,random_forest,False,valid,mae,11.207698967118054,1,0.05,random,,
condition_recombine_pseudolabel__mult_0.25__sim_0.9__teacher_rf__seed_3,condition_recombine_pseudolabel,0.25,0.9,random_forest,3,158,11,1.0696202531645569,False,1.0,1.0,1.0,reaction_role_concat,6144,random_forest,False,valid,r2,0.6770955954844384,1,0.05,random,,
condition_recombine_pseudolabel__mult_0.25__sim_0.9__teacher_rf__seed_3,condition_recombine_pseudolabel,0.25,0.9,random_forest,3,158,11,1.0696202531645569,False,1.0,1.0,1.0,reaction_role_concat,6144,random_forest,False,valid,spearman,0.8267180508510872,1,0.05,random,,
condition_recombine_pseudolabel__mult_0.25__sim_0.9__teacher_rf__seed_4,condition_recombine_pseudolabel,0.25,0.9,random_forest,4,158,6,1.0379746835443038,False,1.0,1.0,1.0,reaction_role_concat,6144,random_forest,False,valid,rmse,15.392279989147921,1,0.05,random,,
condition_recombine_pseudolabel__mult_0.25__sim_0.9__teacher_rf__seed_4,condition_recombine_pseudolabel,0.25,0.9,random_forest,4,158,6,1.0379746835443038,False,1.0,1.0,1.0,reaction_role_concat,6144,random_forest,False,valid,mae,11.325341243811046,1,0.05,random,,
condition_recombine_pseudolabel__mult_0.25__sim_0.9__teacher_rf__seed_4,condition_recombine_pseudolabel,0.25,0.9,random_forest,4,158,6,1.0379746835443038,False,1.0,1.0,1.0,reaction_role_concat,6144,random_forest,False,valid,r2,0.6747127142996896,1,0.05,random,,
condition_recombine_pseudolabel__mult_0.25__sim_0.9__teacher_rf__seed_4,condition_recombine_pseudolabel,0.25,0.9,random_forest,4,158,6,1.0379746835443038,False,1.0,1.0,1.0,reaction_role_concat,6144,random_forest,False,valid,spearman,0.8254603116818976,1,0.05,random,,
condition_recombine_pseudolabel__mult_0.5__sim_0.7__teacher_ridge__seed_0,condition_recombine_pseudolabel,0.5,0.7,ridge,0,158,79,1.5,False,1.0,1.0,1.0,reaction_role_concat,6144,random_forest,False,valid,rmse,15.460995878251126,1,0.05,random,,
condition_recombine_pseudolabel__mult_0.5__sim_0.7__teacher_ridge__seed_0,condition_recombine_pseudolabel,0.5,0.7,ridge,0,158,79,1.5,False,1.0,1.0,1.0,reaction_role_concat,6144,random_forest,False,valid,mae,11.664296719565423,1,0.05,random,,
condition_recombine_pseudolabel__mult_0.5__sim_0.7__teacher_ridge__seed_0,condition_recombine_pseudolabel,0.5,0.7,ridge,0,158,79,1.5,False,1.0,1.0,1.0,reaction_role_concat,6144,random_forest,False,valid,r2,0.6718018656035172,1,0.05,random,,
condition_recombine_pseudolabel__mult_0.5__sim_0.7__teacher_ridge__seed_0,condition_recombine_pseudolabel,0.5,0.7,ridge,0,158,79,1.5,False,1.0,1.0,1.0,reaction_role_concat,6144,random_forest,False,valid,spearman,0.8205713107032881,1,0.05,random,,
condition_recombine_pseudolabel__mult_0.5__sim_0.7__teacher_ridge__seed_1,condition_recombine_pseudolabel,0.5,0.7,ridge,1,158,79,1.5,False,1.0,1.0,1.0,reaction_role_concat,6144,random_forest,False,valid,rmse,15.316627456401244,1,0.05,random,,
condition_recombine_pseudolabel__mult_0.5__sim_0.7__teacher_ridge__seed_1,condition_recombine_pseudolabel,0.5,0.7,ridge,1,158,79,1.5,False,1.0,1.0,1.0,reaction_role_concat,6144,random_forest,False,valid,mae,11.701072239361986,1,0.05,random,,
condition_recombine_pseudolabel__mult_0.5__sim_0.7__teacher_ridge__seed_1,condition_recombine_pseudolabel,0.5,0.7,ridge,1,158,79,1.5,False,1.0,1.0,1.0,reaction_role_concat,6144,random_forest,False,valid,r2,0.6779024082665279,1,0.05,random,,
condition_recombine_pseudolabel__mult_0.5__sim_0.7__teacher_ridge__seed_1,condition_recombine_pseudolabel,0.5,0.7,ridge,1,158,79,1.5,False,1.0,1.0,1.0,reaction_role_concat,6144,random_forest,False,valid,spearman,0.8275682272271022,1,0.05,random,,
condition_recombine_pseudolabel__mult_0.5__sim_0.7__teacher_ridge__seed_2,condition_recombine_pseudolabel,0.5,0.7,ridge,2,158,79,1.5,False,1.0,1.0,1.0,reaction_role_concat,6144,random_forest,False,valid,rmse,15.433058731715356,1,0.05,random,,
condition_recombine_pseudolabel__mult_0.5__sim_0.7__teacher_ridge__seed_2,condition_recombine_pseudolabel,0.5,0.7,ridge,2,158,79,1.5,False,1.0,1.0,1.0,reaction_role_concat,6144,random_forest,False,valid,mae,11.67959784642805,1,0.05,random,,
condition_recombine_pseudolabel__mult_0.5__sim_0.7__teacher_ridge__seed_2,condition_recombine_pseudolabel,0.5,0.7,ridge,2,158,79,1.5,False,1.0,1.0,1.0,reaction_role_concat,6144,random_forest,False,valid,r2,0.6729868650156828,1,0.05,random,,
condition_recombine_pseudolabel__mult_0.5__sim_0.7__teacher_ridge__seed_2,condition_recombine_pseudolabel,0.5,0.7,ridge,2,158,79,1.5,False,1.0,1.0,1.0,reaction_role_concat,6144,random_forest,False,valid,spearman,0.8272782793059189,1,0.05,random,,
condition_recombine_pseudolabel__mult_0.5__sim_0.7__teacher_ridge__seed_3,condition_recombine_pseudolabel,0.5,0.7,ridge,3,158,79,1.5,False,1.0,1.0,1.0,reaction_role_concat,6144,random_forest,False,valid,rmse,14.709846700313527,1,0.05,random,,
condition_recombine_pseudolabel__mult_0.5__sim_0.7__teacher_ridge__seed_3,condition_recombine_pseudolabel,0.5,0.7,ridge,3,158,79,1.5,False,1.0,1.0,1.0,reaction_role_concat,6144,random_forest,False,valid,mae,10.952015141830413,1,0.05,random,,
condition_recombine_pseudolabel__mult_0.5__sim_0.7__teacher_ridge__seed_3,condition_recombine_pseudolabel,0.5,0.7,ridge,3,158,79,1.5,False,1.0,1.0,1.0,reaction_role_concat,6144,random_forest,False,valid,r2,0.7029172244799351,1,0.05,random,,
condition_recombine_pseudolabel__mult_0.5__sim_0.7__teacher_ridge__seed_3,condition_recombine_pseudolabel,0.5,0.7,ridge,3,158,79,1.5,False,1.0,1.0,1.0,reaction_role_concat,6144,random_forest,False,valid,spearman,0.8405771330851096,1,0.05,random,,
condition_recombine_pseudolabel__mult_0.5__sim_0.7__teacher_ridge__seed_4,condition_recombine_pseudolabel,0.5,0.7,ridge,4,158,79,1.5,False,1.0,1.0,1.0,reaction_role_concat,6144,random_forest,False,valid,rmse,15.171285329352589,1,0.05,random,,
condition_recombine_pseudolabel__mult_0.5__sim_0.7__teacher_ridge__seed_4,condition_recombine_pseudolabel,0.5,0.7,ridge,4,158,79,1.5,False,1.0,1.0,1.0,reaction_role_concat,6144,random_forest,False,valid,mae,11.365787197555921,1,0.05,random,,
condition_recombine_pseudolabel__mult_0.5__sim_0.7__teacher_ridge__seed_4,condition_recombine_pseudolabel,0.5,0.7,ridge,4,158,79,1.5,False,1.0,1.0,1.0,reaction_role_concat,6144,random_forest,False,valid,r2,0.6839862846948974,1,0.05,random,,
condition_recombine_pseudolabel__mult_0.5__sim_0.7__teacher_ridge__seed_4,condition_recombine_pseudolabel,0.5,0.7,ridge,4,158,79,1.5,False,1.0,1.0,1.0,reaction_role_concat,6144,random_forest,False,valid,spearman,0.8281666220973483,1,0.05,random,,
condition_recombine_pseudolabel__mult_0.5__sim_0.7__teacher_rf__seed_0,condition_recombine_pseudolabel,0.5,0.7,random_forest,0,158,79,1.5,False,1.0,1.0,1.0,reaction_role_concat,6144,random_forest,False,valid,rmse,15.84228159449387,1,0.05,random,,
condition_recombine_pseudolabel__mult_0.5__sim_0.7__teacher_rf__seed_0,condition_recombine_pseudolabel,0.5,0.7,random_forest,0,158,79,1.5,False,1.0,1.0,1.0,reaction_role_concat,6144,random_forest,False,valid,mae,11.722118344046649,1,0.05,random,,
condition_recombine_pseudolabel__mult_0.5__sim_0.7__teacher_rf__seed_0,condition_recombine_pseudolabel,0.5,0.7,random_forest,0,158,79,1.5,False,1.0,1.0,1.0,reaction_role_concat,6144,random_forest,False,valid,r2,0.6554147874075359,1,0.05,random,,
condition_recombine_pseudolabel__mult_0.5__sim_0.7__teacher_rf__seed_0,condition_recombine_pseudolabel,0.5,0.7,random_forest,0,158,79,1.5,False,1.0,1.0,1.0,reaction_role_concat,6144,random_forest,False,valid,spearman,0.8053212962993447,1,0.05,random,,
condition_recombine_pseudolabel__mult_0.5__sim_0.7__teacher_rf__seed_1,condition_recombine_pseudolabel,0.5,0.7,random_forest,1,158,79,1.5,False,1.0,1.0,1.0,reaction_role_concat,6144,random_forest,False,valid,rmse,15.744019274214356,1,0.05,random,,
condition_recombine_pseudolabel__mult_0.5__sim_0.7__teacher_rf__seed_1,condition_recombine_pseudolabel,0.5,0.7,random_forest,1,158,79,1.5,False,1.0,1.0,1.0,reaction_role_concat,6144,random_forest,False,valid,mae,11.781086812124975,1,0.05,random,,
condition_recombine_pseudolabel__mult_0.5__sim_0.7__teacher_rf__seed_1,condition_recombine_pseudolabel,0.5,0.7,random_forest,1,158,79,1.5,False,1.0,1.0,1.0,reaction_role_concat,6144,random_forest,False,valid,r2,0.6596761350155529,1,0.05,random,,
condition_recombine_pseudolabel__mult_0.5__sim_0.7__teacher_rf__seed_1,condition_recombine_pseudolabel,0.5,0.7,random_forest,1,158,79,1.5,False,1.0,1.0,1.0,reaction_role_concat,6144,random_forest,False,valid,spearman,0.8091011345116278,1,0.05,random,,
condition_recombine_pseudolabel__mult_0.5__sim_0.7__teacher_rf__seed_2,condition_recombine_pseudolabel,0.5,0.7,random_forest,2,158,79,1.5,False,1.0,1.0,1.0,reaction_role_concat,6144,random_forest,False,valid,rmse,15.612079860826643,1,0.05,random,,
condition_recombine_pseudolabel__mult_0.5__sim_0.7__teacher_rf__seed_2,condition_recombine_pseudolabel,0.5,0.7,random_forest,2,158,79,1.5,False,1.0,1.0,1.0,reaction_role_concat,6144,random_forest,False,valid,mae,11.526609345654144,1,0.05,random,,
condition_recombine_pseudolabel__mult_0.5__sim_0.7__teacher_rf__seed_2,condition_recombine_pseudolabel,0.5,0.7,random_forest,2,158,79,1.5,False,1.0,1.0,1.0,reaction_role_concat,6144,random_forest,False,valid,r2,0.6653562582340635,1,0.05,random,,
condition_recombine_pseudolabel__mult_0.5__sim_0.7__teacher_rf__seed_2,condition_recombine_pseudolabel,0.5,0.7,random_forest,2,158,79,1.5,False,1.0,1.0,1.0,reaction_role_concat,6144,random_forest,False,valid,spearman,0.8184633951580836,1,0.05,random,,
condition_recombine_pseudolabel__mult_0.5__sim_0.7__teacher_rf__seed_3,condition_recombine_pseudolabel,0.5,0.7,random_forest,3,158,79,1.5,False,1.0,1.0,1.0,reaction_role_concat,6144,random_forest,False,valid,rmse,15.619619134464186,1,0.05,random,,
condition_recombine_pseudolabel__mult_0.5__sim_0.7__teacher_rf__seed_3,condition_recombine_pseudolabel,0.5,0.7,random_forest,3,158,79,1.5,False,1.0,1.0,1.0,reaction_role_concat,6144,random_forest,False,valid,mae,11.51608382167997,1,0.05,random,,
condition_recombine_pseudolabel__mult_0.5__sim_0.7__teacher_rf__seed_3,condition_recombine_pseudolabel,0.5,0.7,random_forest,3,158,79,1.5,False,1.0,1.0,1.0,reaction_role_concat,6144,random_forest,False,valid,r2,0.665032972682077,1,0.05,random,,
condition_recombine_pseudolabel__mult_0.5__sim_0.7__teacher_rf__seed_3,condition_recombine_pseudolabel,0.5,0.7,random_forest,3,158,79,1.5,False,1.0,1.0,1.0,reaction_role_concat,6144,random_forest,False,valid,spearman,0.8164906198797034,1,0.05,random,,
condition_recombine_pseudolabel__mult_0.5__sim_0.7__teacher_rf__seed_4,condition_recombine_pseudolabel,0.5,0.7,random_forest,4,158,79,1.5,False,1.0,1.0,1.0,reaction_role_concat,6144,random_forest,False,valid,rmse,15.299782600981915,1,0.05,random,,
condition_recombine_pseudolabel__mult_0.5__sim_0.7__teacher_rf__seed_4,condition_recombine_pseudolabel,0.5,0.7,random_forest,4,158,79,1.5,False,1.0,1.0,1.0,reaction_role_concat,6144,random_forest,False,valid,mae,11.236969632019726,1,0.05,random,,
condition_recombine_pseudolabel__mult_0.5__sim_0.7__teacher_rf__seed_4,condition_recombine_pseudolabel,0.5,0.7,random_forest,4,158,79,1.5,False,1.0,1.0,1.0,reaction_role_concat,6144,random_forest,False,valid,r2,0.6786104889271578,1,0.05,random,,
condition_recombine_pseudolabel__mult_0.5__sim_0.7__teacher_rf__seed_4,condition_recombine_pseudolabel,0.5,0.7,random_forest,4,158,79,1.5,False,1.0,1.0,1.0,reaction_role_concat,6144,random_forest,False,valid,spearman,0.8287938365057642,1,0.05,random,,
condition_recombine_pseudolabel__mult_0.5__sim_0.8__teacher_ridge__seed_0,condition_recombine_pseudolabel,0.5,0.8,ridge,0,158,62,1.3924050632911393,False,1.0,1.0,1.0,reaction_role_concat,6144,random_forest,False,valid,rmse,15.371623672349058,1,0.05,random,,
condition_recombine_pseudolabel__mult_0.5__sim_0.8__teacher_ridge__seed_0,condition_recombine_pseudolabel,0.5,0.8,ridge,0,158,62,1.3924050632911393,False,1.0,1.0,1.0,reaction_role_concat,6144,random_forest,False,valid,mae,11.471056011723569,1,0.05,random,,
condition_recombine_pseudolabel__mult_0.5__sim_0.8__teacher_ridge__seed_0,condition_recombine_pseudolabel,0.5,0.8,ridge,0,158,62,1.3924050632911393,False,1.0,1.0,1.0,reaction_role_concat,6144,random_forest,False,valid,r2,0.6755851943542963,1,0.05,random,,
condition_recombine_pseudolabel__mult_0.5__sim_0.8__teacher_ridge__seed_0,condition_recombine_pseudolabel,0.5,0.8,ridge,0,158,62,1.3924050632911393,False,1.0,1.0,1.0,reaction_role_concat,6144,random_forest,False,valid,spearman,0.8245750845162165,1,0.05,random,,
condition_recombine_pseudolabel__mult_0.5__sim_0.8__teacher_ridge__seed_1,condition_recombine_pseudolabel,0.5,0.8,ridge,1,158,64,1.4050632911392404,False,1.0,1.0,1.0,reaction_role_concat,6144,random_forest,False,valid,rmse,15.096621859519592,1,0.05,random,,
condition_recombine_pseudolabel__mult_0.5__sim_0.8__teacher_ridge__seed_1,condition_recombine_pseudolabel,0.5,0.8,ridge,1,158,64,1.4050632911392404,False,1.0,1.0,1.0,reaction_role_concat,6144,random_forest,False,valid,mae,11.422451991364927,1,0.05,random,,
condition_recombine_pseudolabel__mult_0.5__sim_0.8__teacher_ridge__seed_1,condition_recombine_pseudolabel,0.5,0.8,ridge,1,158,64,1.4050632911392404,False,1.0,1.0,1.0,reaction_role_concat,6144,random_forest,False,valid,r2,0.6870890701138266,1,0.05,random,,
condition_recombine_pseudolabel__mult_0.5__sim_0.8__teacher_ridge__seed_1,condition_recombine_pseudolabel,0.5,0.8,ridge,1,158,64,1.4050632911392404,False,1.0,1.0,1.0,reaction_role_concat,6144,random_forest,False,valid,spearman,0.8332649541809088,1,0.05,random,,
condition_recombine_pseudolabel__mult_0.5__sim_0.8__teacher_ridge__seed_2,condition_recombine_pseudolabel,0.5,0.8,ridge,2,158,69,1.4367088607594938,False,1.0,1.0,1.0,reaction_role_concat,6144,random_forest,False,valid,rmse,15.62928461561385,1,0.05,random,,
condition_recombine_pseudolabel__mult_0.5__sim_0.8__teacher_ridge__seed_2,condition_recombine_pseudolabel,0.5,0.8,ridge,2,158,69,1.4367088607594938,False,1.0,1.0,1.0,reaction_role_concat,6144,random_forest,False,valid,mae,11.905266475562053,1,0.05,random,,
condition_recombine_pseudolabel__mult_0.5__sim_0.8__teacher_ridge__seed_2,condition_recombine_pseudolabel,0.5,0.8,ridge,2,158,69,1.4367088607594938,False,1.0,1.0,1.0,reaction_role_concat,6144,random_forest,False,valid,r2,0.6646182866150767,1,0.05,random,,
condition_recombine_pseudolabel__mult_0.5__sim_0.8__teacher_ridge__seed_2,condition_recombine_pseudolabel,0.5,0.8,ridge,2,158,69,1.4367088607594938,False,1.0,1.0,1.0,reaction_role_concat,6144,random_forest,False,valid,spearman,0.8176040666314336,1,0.05,random,,
condition_recombine_pseudolabel__mult_0.5__sim_0.8__teacher_ridge__seed_3,condition_recombine_pseudolabel,0.5,0.8,ridge,3,158,61,1.3860759493670887,False,1.0,1.0,1.0,reaction_role_concat,6144,random_forest,True,valid,rmse,14.705257827041642,1,0.05,random,,
condition_recombine_pseudolabel__mult_0.5__sim_0.8__teacher_ridge__seed_3,condition_recombine_pseudolabel,0.5,0.8,ridge,3,158,61,1.3860759493670887,False,1.0,1.0,1.0,reaction_role_concat,6144,random_forest,True,valid,mae,10.981382254201401,1,0.05,random,,
condition_recombine_pseudolabel__mult_0.5__sim_0.8__teacher_ridge__seed_3,condition_recombine_pseudolabel,0.5,0.8,ridge,3,158,61,1.3860759493670887,False,1.0,1.0,1.0,reaction_role_concat,6144,random_forest,True,valid,r2,0.7031025510292475,1,0.05,random,,
condition_recombine_pseudolabel__mult_0.5__sim_0.8__teacher_ridge__seed_3,condition_recombine_pseudolabel,0.5,0.8,ridge,3,158,61,1.3860759493670887,False,1.0,1.0,1.0,reaction_role_concat,6144,random_forest,True,valid,spearman,0.8426572027251903,1,0.05,random,,
condition_recombine_pseudolabel__mult_0.5__sim_0.8__teacher_ridge__seed_4,condition_recombine_pseudolabel,0.5,0.8,ridge,4,158,67,1.4240506329113924,False,1.0,1.0,1.0,reaction_role_concat,6144,random_forest,False,valid,rmse,15.064385599688235,1,0.05,random,,
condition_recombine_pseudolabel__mult_0.5__sim_0.8__teacher_ridge__seed_4,condition_recombine_pseudolabel,0.5,0.8,ridge,4,158,67,1.4240506329113924,False,1.0,1.0,1.0,reaction_role_concat,6144,random_forest,False,valid,mae,11.23570402271008,1,0.05,random,,
condition_recombine_pseudolabel__mult_0.5__sim_0.8__teacher_ridge__seed_4,condition_recombine_pseudolabel,0.5,0.8,ridge,4,158,67,1.4240506329113924,False,1.0,1.0,1.0,reaction_role_concat,6144,random_forest,False,valid,r2,0.6884239791440347,1,0.05,random,,
condition_recombine_pseudolabel__mult_0.5__sim_0.8__teacher_ridge__seed_4,condition_recombine_pseudolabel,0.5,0.8,ridge,4,158,67,1.4240506329113924,False,1.0,1.0,1.0,reaction_role_concat,6144,random_forest,False,valid,spearman,0.8340565178475375,1,0.05,random,,
condition_recombine_pseudolabel__mult_0.5__sim_0.8__teacher_rf__seed_0,condition_recombine_pseudolabel,0.5,0.8,random_forest,0,158,62,1.3924050632911393,False,1.0,1.0,1.0,reaction_role_concat,6144,random_forest,False,valid,rmse,15.830832687597885,1,0.05,random,,
condition_recombine_pseudolabel__mult_0.5__sim_0.8__teacher_rf__seed_0,condition_recombine_pseudolabel,0.5,0.8,random_forest,0,158,62,1.3924050632911393,False,1.0,1.0,1.0,reaction_role_concat,6144,random_forest,False,valid,mae,11.662816107575274,1,0.05,random,,
condition_recombine_pseudolabel__mult_0.5__sim_0.8__teacher_rf__seed_0,condition_recombine_pseudolabel,0.5,0.8,random_forest,0,158,62,1.3924050632911393,False,1.0,1.0,1.0,reaction_role_concat,6144,random_forest,False,valid,r2,0.6559126574221823,1,0.05,random,,
condition_recombine_pseudolabel__mult_0.5__sim_0.8__teacher_rf__seed_0,condition_recombine_pseudolabel,0.5,0.8,random_forest,0,158,62,1.3924050632911393,False,1.0,1.0,1.0,reaction_role_concat,6144,random_forest,False,valid,spearman,0.8075775935208028,1,0.05,random,,
condition_recombine_pseudolabel__mult_0.5__sim_0.8__teacher_rf__seed_1,condition_recombine_pseudolabel,0.5,0.8,random_forest,1,158,64,1.4050632911392404,False,1.0,1.0,1.0,reaction_role_concat,6144,random_forest,False,valid,rmse,15.710924299973845,1,0.05,random,,
condition_recombine_pseudolabel__mult_0.5__sim_0.8__teacher_rf__seed_1,condition_recombine_pseudolabel,0.5,0.8,random_forest,1,158,64,1.4050632911392404,False,1.0,1.0,1.0,reaction_role_concat,6144,random_forest,False,valid,mae,11.741572521252722,1,0.05,random,,
condition_recombine_pseudolabel__mult_0.5__sim_0.8__teacher_rf__seed_1,condition_recombine_pseudolabel,0.5,0.8,random_forest,1,158,64,1.4050632911392404,False,1.0,1.0,1.0,reaction_role_concat,6144,random_forest,False,valid,r2,0.6611053979695737,1,0.05,random,,
condition_recombine_pseudolabel__mult_0.5__sim_0.8__teacher_rf__seed_1,condition_recombine_pseudolabel,0.5,0.8,random_forest,1,158,64,1.4050632911392404,False,1.0,1.0,1.0,reaction_role_concat,6144,random_forest,False,valid,spearman,0.8117285806503293,1,0.05,random,,
condition_recombine_pseudolabel__mult_0.5__sim_0.8__teacher_rf__seed_2,condition_recombine_pseudolabel,0.5,0.8,random_forest,2,158,69,1.4367088607594938,False,1.0,1.0,1.0,reaction_role_concat,6144,random_forest,False,valid,rmse,15.480166390356343,1,0.05,random,,
condition_recombine_pseudolabel__mult_0.5__sim_0.8__teacher_rf__seed_2,condition_recombine_pseudolabel,0.5,0.8,random_forest,2,158,69,1.4367088607594938,False,1.0,1.0,1.0,reaction_role_concat,6144,random_forest,False,valid,mae,11.4242902144171,1,0.05,random,,
condition_recombine_pseudolabel__mult_0.5__sim_0.8__teacher_rf__seed_2,condition_recombine_pseudolabel,0.5,0.8,random_forest,2,158,69,1.4367088607594938,False,1.0,1.0,1.0,reaction_role_concat,6144,random_forest,False,valid,r2,0.6709874773196329,1,0.05,random,,
condition_recombine_pseudolabel__mult_0.5__sim_0.8__teacher_rf__seed_2,condition_recombine_pseudolabel,0.5,0.8,random_forest,2,158,69,1.4367088607594938,False,1.0,1.0,1.0,reaction_role_concat,6144,random_forest,False,valid,spearman,0.8229068616547138,1,0.05,random,,
condition_recombine_pseudolabel__mult_0.5__sim_0.8__teacher_rf__seed_3,condition_recombine_pseudolabel,0.5,0.8,random_forest,3,158,61,1.3860759493670887,False,1.0,1.0,1.0,reaction_role_concat,6144,random_forest,False,valid,rmse,15.540127932221665,1,0.05,random,,
condition_recombine_pseudolabel__mult_0.5__sim_0.8__teacher_rf__seed_3,condition_recombine_pseudolabel,0.5,0.8,random_forest,3,158,61,1.3860759493670887,False,1.0,1.0,1.0,reaction_role_concat,6144,random_forest,False,valid,mae,11.608689814305757,1,0.05,random,,
condition_recombine_pseudolabel__mult_0.5__sim_0.8__teacher_rf__seed_3,condition_recombine_pseudolabel,0.5,0.8,random_forest,3,158,61,1.3860759493670887,False,1.0,1.0,1.0,reaction_role_concat,6144,random_forest,False,valid,r2,0.6684337184663821,1,0.05,random,,
condition_recombine_pseudolabel__mult_0.5__sim_0.8__teacher_rf__seed_3,condition_recombine_pseudolabel,0.5,0.8,random_forest,3,158,61,1.3860759493670887,False,1.0,1.0,1.0,reaction_role_concat,6144,random_forest,False,valid,spearman,0.8201804943985098,1,0.05,random,,
condition_recombine_pseudolabel__mult_0.5__sim_0.8__teacher_rf__seed_4,condition_recombine_pseudolabel,0.5,0.8,random_forest,4,158,67,1.4240506329113924,False,1.0,1.0,1.0,reaction_role_concat,6144,random_forest,False,valid,rmse,15.494541941630434,1,0.05,random,,
condition_recombine_pseudolabel__mult_0.5__sim_0.8__teacher_rf__seed_4,condition_recombine_pseudolabel,0.5,0.8,random_forest,4,158,67,1.4240506329113924,False,1.0,1.0,1.0,reaction_role_concat,6144,random_forest,False,valid,mae,11.357307673464094,1,0.05,random,,
condition_recombine_pseudolabel__mult_0.5__sim_0.8__teacher_rf__seed_4,condition_recombine_pseudolabel,0.5,0.8,random_forest,4,158,67,1.4240506329113924,False,1.0,1.0,1.0,reaction_role_concat,6144,random_forest,False,valid,r2,0.6703761231017185,1,0.05,random,,
condition_recombine_pseudolabel__mult_0.5__sim_0.8__teacher_rf__seed_4,condition_recombine_pseudolabel,0.5,0.8,random_forest,4,158,67,1.4240506329113924,False,1.0,1.0,1.0,reaction_role_concat,6144,random_forest,False,valid,spearman,0.8236234555767787,1,0.05,random,,
condition_recombine_pseudolabel__mult_0.5__sim_0.9__teacher_ridge__seed_0,condition_recombine_pseudolabel,0.5,0.9,ridge,0,158,16,1.1012658227848102,False,1.0,1.0,1.0,reaction_role_concat,6144,random_forest,False,valid,rmse,15.508319140283927,1,0.05,random,,
condition_recombine_pseudolabel__mult_0.5__sim_0.9__teacher_ridge__seed_0,condition_recombine_pseudolabel,0.5,0.9,ridge,0,158,16,1.1012658227848102,False,1.0,1.0,1.0,reaction_role_concat,6144,random_forest,False,valid,mae,11.549629854661756,1,0.05,random,,
condition_recombine_pseudolabel__mult_0.5__sim_0.9__teacher_ridge__seed_0,condition_recombine_pseudolabel,0.5,0.9,ridge,0,158,16,1.1012658227848102,False,1.0,1.0,1.0,reaction_role_concat,6144,random_forest,False,valid,r2,0.6697896827114296,1,0.05,random,,
condition_recombine_pseudolabel__mult_0.5__sim_0.9__teacher_ridge__seed_0,condition_recombine_pseudolabel,0.5,0.9,ridge,0,158,16,1.1012658227848102,False,1.0,1.0,1.0,reaction_role_concat,6144,random_forest,False,valid,spearman,0.8246101353058828,1,0.05,random,,
condition_recombine_pseudolabel__mult_0.5__sim_0.9__teacher_ridge__seed_1,condition_recombine_pseudolabel,0.5,0.9,ridge,1,158,17,1.1075949367088607,False,1.0,1.0,1.0,reaction_role_concat,6144,random_forest,False,valid,rmse,15.271744809679245,1,0.05,random,,
condition_recombine_pseudolabel__mult_0.5__sim_0.9__teacher_ridge__seed_1,condition_recombine_pseudolabel,0.5,0.9,ridge,1,158,17,1.1075949367088607,False,1.0,1.0,1.0,reaction_role_concat,6144,random_forest,False,valid,mae,11.295657330747648,1,0.05,random,,
condition_recombine_pseudolabel__mult_0.5__sim_0.9__teacher_ridge__seed_1,condition_recombine_pseudolabel,0.5,0.9,ridge,1,158,17,1.1075949367088607,False,1.0,1.0,1.0,reaction_role_concat,6144,random_forest,False,valid,r2,0.6797873416472217,1,0.05,random,,
condition_recombine_pseudolabel__mult_0.5__sim_0.9__teacher_ridge__seed_1,condition_recombine_pseudolabel,0.5,0.9,ridge,1,158,17,1.1075949367088607,False,1.0,1.0,1.0,reaction_role_concat,6144,random_forest,False,valid,spearman,0.8292541702100472,1,0.05,random,,
condition_recombine_pseudolabel__mult_0.5__sim_0.9__teacher_ridge__seed_2,condition_recombine_pseudolabel,0.5,0.9,ridge,2,158,23,1.1455696202531647,False,1.0,1.0,1.0,reaction_role_concat,6144,random_forest,False,valid,rmse,15.51401632828268,1,0.05,random,,
condition_recombine_pseudolabel__mult_0.5__sim_0.9__teacher_ridge__seed_2,condition_recombine_pseudolabel,0.5,0.9,ridge,2,158,23,1.1455696202531647,False,1.0,1.0,1.0,reaction_role_concat,6144,random_forest,False,valid,mae,11.495425208582153,1,0.05,random,,
condition_recombine_pseudolabel__mult_0.5__sim_0.9__teacher_ridge__seed_2,condition_recombine_pseudolabel,0.5,0.9,ridge,2,158,23,1.1455696202531647,False,1.0,1.0,1.0,reaction_role_concat,6144,random_forest,False,valid,r2,0.6695470238140251,1,0.05,random,,
condition_recombine_pseudolabel__mult_0.5__sim_0.9__teacher_ridge__seed_2,condition_recombine_pseudolabel,0.5,0.9,ridge,2,158,23,1.1455696202531647,False,1.0,1.0,1.0,reaction_role_concat,6144,random_forest,False,valid,spearman,0.823533491883302,1,0.05,random,,
condition_recombine_pseudolabel__mult_0.5__sim_0.9__teacher_ridge__seed_3,condition_recombine_pseudolabel,0.5,0.9,ridge,3,158,21,1.1329113924050633,False,1.0,1.0,1.0,reaction_role_concat,6144,random_forest,False,valid,rmse,15.43949416165399,1,0.05,random,,
condition_recombine_pseudolabel__mult_0.5__sim_0.9__teacher_ridge__seed_3,condition_recombine_pseudolabel,0.5,0.9,ridge,3,158,21,1.1329113924050633,False,1.0,1.0,1.0,reaction_role_concat,6144,random_forest,False,valid,mae,11.426070831581006,1,0.05,random,,
condition_recombine_pseudolabel__mult_0.5__sim_0.9__teacher_ridge__seed_3,condition_recombine_pseudolabel,0.5,0.9,ridge,3,158,21,1.1329113924050633,False,1.0,1.0,1.0,reaction_role_concat,6144,random_forest,False,valid,r2,0.6727140857919125,1,0.05,random,,
condition_recombine_pseudolabel__mult_0.5__sim_0.9__teacher_ridge__seed_3,condition_recombine_pseudolabel,0.5,0.9,ridge,3,158,21,1.1329113924050633,False,1.0,1.0,1.0,reaction_role_concat,6144,random_forest,False,valid,spearman,0.8247587117087456,1,0.05,random,,
condition_recombine_pseudolabel__mult_0.5__sim_0.9__teacher_ridge__seed_4,condition_recombine_pseudolabel,0.5,0.9,ridge,4,158,9,1.0569620253164558,False,1.0,1.0,1.0,reaction_role_concat,6144,random_forest,False,valid,rmse,15.271737441619544,1,0.05,random,,
condition_recombine_pseudolabel__mult_0.5__sim_0.9__teacher_ridge__seed_4,condition_recombine_pseudolabel,0.5,0.9,ridge,4,158,9,1.0569620253164558,False,1.0,1.0,1.0,reaction_role_concat,6144,random_forest,False,valid,mae,11.263578946715668,1,0.05,random,,
condition_recombine_pseudolabel__mult_0.5__sim_0.9__teacher_ridge__seed_4,condition_recombine_pseudolabel,0.5,0.9,ridge,4,158,9,1.0569620253164558,False,1.0,1.0,1.0,reaction_role_concat,6144,random_forest,False,valid,r2,0.6797876506289973,1,0.05,random,,
condition_recombine_pseudolabel__mult_0.5__sim_0.9__teacher_ridge__seed_4,condition_recombine_pseudolabel,0.5,0.9,ridge,4,158,9,1.0569620253164558,False,1.0,1.0,1.0,reaction_role_concat,6144,random_forest,False,valid,spearman,0.830635755502724,1,0.05,random,,
condition_recombine_pseudolabel__mult_0.5__sim_0.9__teacher_rf__seed_0,condition_recombine_pseudolabel,0.5,0.9,random_forest,0,158,16,1.1012658227848102,False,1.0,1.0,1.0,reaction_role_concat,6144,random_forest,False,valid,rmse,15.524807989356075,1,0.05,random,,
condition_recombine_pseudolabel__mult_0.5__sim_0.9__teacher_rf__seed_0,condition_recombine_pseudolabel,0.5,0.9,random_forest,0,158,16,1.1012658227848102,False,1.0,1.0,1.0,reaction_role_concat,6144,random_forest,False,valid,mae,11.466353215763085,1,0.05,random,,
condition_recombine_pseudolabel__mult_0.5__sim_0.9__teacher_rf__seed_0,condition_recombine_pseudolabel,0.5,0.9,random_forest,0,158,16,1.1012658227848102,False,1.0,1.0,1.0,reaction_role_concat,6144,random_forest,False,valid,r2,0.6690871329953897,1,0.05,random,,
condition_recombine_pseudolabel__mult_0.5__sim_0.9__teacher_rf__seed_0,condition_recombine_pseudolabel,0.5,0.9,random_forest,0,158,16,1.1012658227848102,False,1.0,1.0,1.0,reaction_role_concat,6144,random_forest,False,valid,spearman,0.8236824577393834,1,0.05,random,,
condition_recombine_pseudolabel__mult_0.5__sim_0.9__teacher_rf__seed_1,condition_recombine_pseudolabel,0.5,0.9,random_forest,1,158,17,1.1075949367088607,False,1.0,1.0,1.0,reaction_role_concat,6144,random_forest,False,valid,rmse,15.550007597787438,1,0.05,random,,
condition_recombine_pseudolabel__mult_0.5__sim_0.9__teacher_rf__seed_1,condition_recombine_pseudolabel,0.5,0.9,random_forest,1,158,17,1.1075949367088607,False,1.0,1.0,1.0,reaction_role_concat,6144,random_forest,False,valid,mae,11.475947264171854,1,0.05,random,,
condition_recombine_pseudolabel__mult_0.5__sim_0.9__teacher_rf__seed_1,condition_recombine_pseudolabel,0.5,0.9,random_forest,1,158,17,1.1075949367088607,False,1.0,1.0,1.0,reaction_role_concat,6144,random_forest,False,valid,r2,0.6680119966793692,1,0.05,random,,
condition_recombine_pseudolabel__mult_0.5__sim_0.9__teacher_rf__seed_1,condition_recombine_pseudolabel,0.5,0.9,random_forest,1,158,17,1.1075949367088607,False,1.0,1.0,1.0,reaction_role_concat,6144,random_forest,False,valid,spearman,0.8210361231195841,1,0.05,random,,
condition_recombine_pseudolabel__mult_0.5__sim_0.9__teacher_rf__seed_2,condition_recombine_pseudolabel,0.5,0.9,random_forest,2,158,23,1.1455696202531647,False,1.0,1.0,1.0,reaction_role_concat,6144,random_forest,False,valid,rmse,15.60293022635153,1,0.05,random,,
condition_recombine_pseudolabel__mult_0.5__sim_0.9__teacher_rf__seed_2,condition_recombine_pseudolabel,0.5,0.9,random_forest,2,158,23,1.1455696202531647,False,1.0,1.0,1.0,reaction_role_concat,6144,random_forest,False,valid,mae,11.58549842633024,1,0.05,random,,
condition_recombine_pseudolabel__mult_0.5__sim_0.9__teacher_rf__seed_2,condition_recombine_pseudolabel,0.5,0.9,random_forest,2,158,23,1.1455696202531647,False,1.0,1.0,1.0,reaction_role_concat,6144,random_forest,False,valid,r2,0.6657483867297944,1,0.05,random,,
condition_recombine_pseudolabel__mult_0.5__sim_0.9__teacher_rf__seed_2,condition_recombine_pseudolabel,0.5,0.9,random_forest,2,158,23,1.1455696202531647,False,1.0,1.0,1.0,reaction_role_concat,6144,random_forest,False,valid,spearman,0.818993830441699,1,0.05,random,,
condition_recombine_pseudolabel__mult_0.5__sim_0.9__teacher_rf__seed_3,condition_recombine_pseudolabel,0.5,0.9,random_forest,3,158,21,1.1329113924050633,False,1.0,1.0,1.0,reaction_role_concat,6144,random_forest,False,valid,rmse,15.510064541403409,1,0.05,random,,
condition_recombine_pseudolabel__mult_0.5__sim_0.9__teacher_rf__seed_3,condition_recombine_pseudolabel,0.5,0.9,random_forest,3,158,21,1.1329113924050633,False,1.0,1.0,1.0,reaction_role_concat,6144,random_forest,False,valid,mae,11.300462704465358,1,0.05,random,,
condition_recombine_pseudolabel__mult_0.5__sim_0.9__teacher_rf__seed_3,condition_recombine_pseudolabel,0.5,0.9,random_forest,3,158,21,1.1329113924050633,False,1.0,1.0,1.0,reaction_role_concat,6144,random_forest,False,valid,r2,0.6697153507499587,1,0.05,random,,
condition_recombine_pseudolabel__mult_0.5__sim_0.9__teacher_rf__seed_3,condition_recombine_pseudolabel,0.5,0.9,random_forest,3,158,21,1.1329113924050633,False,1.0,1.0,1.0,reaction_role_concat,6144,random_forest,False,valid,spearman,0.8211576325237603,1,0.05,random,,
condition_recombine_pseudolabel__mult_0.5__sim_0.9__teacher_rf__seed_4,condition_recombine_pseudolabel,0.5,0.9,random_forest,4,158,9,1.0569620253164558,False,1.0,1.0,1.0,reaction_role_concat,6144,random_forest,False,valid,rmse,15.436394897692287,1,0.05,random,,
condition_recombine_pseudolabel__mult_0.5__sim_0.9__teacher_rf__seed_4,condition_recombine_pseudolabel,0.5,0.9,random_forest,4,158,9,1.0569620253164558,False,1.0,1.0,1.0,reaction_role_concat,6144,random_forest,False,valid,mae,11.348795171616953,1,0.05,random,,
condition_recombine_pseudolabel__mult_0.5__sim_0.9__teacher_rf__seed_4,condition_recombine_pseudolabel,0.5,0.9,random_forest,4,158,9,1.0569620253164558,False,1.0,1.0,1.0,reaction_role_concat,6144,random_forest,False,valid,r2,0.6728454688049286,1,0.05,random,,
condition_recombine_pseudolabel__mult_0.5__sim_0.9__teacher_rf__seed_4,condition_recombine_pseudolabel,0.5,0.9,random_forest,4,158,9,1.0569620253164558,False,1.0,1.0,1.0,reaction_role_concat,6144,random_forest,False,valid,spearman,0.8245435388055169,1,0.05,random,,
condition_recombine_pseudolabel__mult_1__sim_0.7__teacher_ridge__seed_0,condition_recombine_pseudolabel,1.0,0.7,ridge,0,158,158,2.0,False,1.0,1.0,1.0,reaction_role_concat,6144,random_forest,False,valid,rmse,15.799717201038003,1,0.05,random,,
condition_recombine_pseudolabel__mult_1__sim_0.7__teacher_ridge__seed_0,condition_recombine_pseudolabel,1.0,0.7,ridge,0,158,158,2.0,False,1.0,1.0,1.0,reaction_role_concat,6144,random_forest,False,valid,mae,11.82649105112311,1,0.05,random,,
condition_recombine_pseudolabel__mult_1__sim_0.7__teacher_ridge__seed_0,condition_recombine_pseudolabel,1.0,0.7,ridge,0,158,158,2.0,False,1.0,1.0,1.0,reaction_role_concat,6144,random_forest,False,valid,r2,0.6572639348364121,1,0.05,random,,
condition_recombine_pseudolabel__mult_1__sim_0.7__teacher_ridge__seed_0,condition_recombine_pseudolabel,1.0,0.7,ridge,0,158,158,2.0,False,1.0,1.0,1.0,reaction_role_concat,6144,random_forest,False,valid,spearman,0.8070917506307073,1,0.05,random,,
condition_recombine_pseudolabel__mult_1__sim_0.7__teacher_ridge__seed_1,condition_recombine_pseudolabel,1.0,0.7,ridge,1,158,158,2.0,False,1.0,1.0,1.0,reaction_role_concat,6144,random_forest,False,valid,rmse,15.46775345976914,1,0.05,random,,
condition_recombine_pseudolabel__mult_1__sim_0.7__teacher_ridge__seed_1,condition_recombine_pseudolabel,1.0,0.7,ridge,1,158,158,2.0,False,1.0,1.0,1.0,reaction_role_concat,6144,random_forest,False,valid,mae,11.745407591296146,1,0.05,random,,
condition_recombine_pseudolabel__mult_1__sim_0.7__teacher_ridge__seed_1,condition_recombine_pseudolabel,1.0,0.7,ridge,1,158,158,2.0,False,1.0,1.0,1.0,reaction_role_concat,6144,random_forest,False,valid,r2,0.6715149099196271,1,0.05,random,,
condition_recombine_pseudolabel__mult_1__sim_0.7__teacher_ridge__seed_1,condition_recombine_pseudolabel,1.0,0.7,ridge,1,158,158,2.0,False,1.0,1.0,1.0,reaction_role_concat,6144,random_forest,False,valid,spearman,0.8167698578373775,1,0.05,random,,
condition_recombine_pseudolabel__mult_1__sim_0.7__teacher_ridge__seed_2,condition_recombine_pseudolabel,1.0,0.7,ridge,2,158,158,2.0,False,1.0,1.0,1.0,reaction_role_concat,6144,random_forest,False,valid,rmse,15.25223219122951,1,0.05,random,,
condition_recombine_pseudolabel__mult_1__sim_0.7__teacher_ridge__seed_2,condition_recombine_pseudolabel,1.0,0.7,ridge,2,158,158,2.0,False,1.0,1.0,1.0,reaction_role_concat,6144,random_forest,False,valid,mae,11.566344968417777,1,0.05,random,,
condition_recombine_pseudolabel__mult_1__sim_0.7__teacher_ridge__seed_2,condition_recombine_pseudolabel,1.0,0.7,ridge,2,158,158,2.0,False,1.0,1.0,1.0,reaction_role_concat,6144,random_forest,False,valid,r2,0.6806050865567762,1,0.05,random,,
condition_recombine_pseudolabel__mult_1__sim_0.7__teacher_ridge__seed_2,condition_recombine_pseudolabel,1.0,0.7,ridge,2,158,158,2.0,False,1.0,1.0,1.0,reaction_role_concat,6144,random_forest,False,valid,spearman,0.828033039643398,1,0.05,random,,
condition_recombine_pseudolabel__mult_1__sim_0.7__teacher_ridge__seed_3,condition_recombine_pseudolabel,1.0,0.7,ridge,3,158,158,2.0,False,1.0,1.0,1.0,reaction_role_concat,6144,random_forest,False,valid,rmse,15.010956366225559,1,0.05,random,,
condition_recombine_pseudolabel__mult_1__sim_0.7__teacher_ridge__seed_3,condition_recombine_pseudolabel,1.0,0.7,ridge,3,158,158,2.0,False,1.0,1.0,1.0,reaction_role_concat,6144,random_forest,False,valid,mae,11.37995148502196,1,0.05,random,,
condition_recombine_pseudolabel__mult_1__sim_0.7__teacher_ridge__seed_3,condition_recombine_pseudolabel,1.0,0.7,ridge,3,158,158,2.0,False,1.0,1.0,1.0,reaction_role_concat,6144,random_forest,False,valid,r2,0.6906302086923616,1,0.05,random,,
condition_recombine_pseudolabel__mult_1__sim_0.7__teacher_ridge__seed_3,condition_recombine_pseudolabel,1.0,0.7,ridge,3,158,158,2.0,False,1.0,1.0,1.0,reaction_role_concat,6144,random_forest,False,valid,spearman,0.835676059056726,1,0.05,random,,
condition_recombine_pseudolabel__mult_1__sim_0.7__teacher_ridge__seed_4,condition_recombine_pseudolabel,1.0,0.7,ridge,4,158,158,2.0,False,1.0,1.0,1.0,reaction_role_concat,6144,random_forest,False,valid,rmse,15.073559760200165,1,0.05,random,,
condition_recombine_pseudolabel__mult_1__sim_0.7__teacher_ridge__seed_4,condition_recombine_pseudolabel,1.0,0.7,ridge,4,158,158,2.0,False,1.0,1.0,1.0,reaction_role_concat,6144,random_forest,False,valid,mae,11.403596329996104,1,0.05,random,,
condition_recombine_pseudolabel__mult_1__sim_0.7__teacher_ridge__seed_4,condition_recombine_pseudolabel,1.0,0.7,ridge,4,158,158,2.0,False,1.0,1.0,1.0,reaction_role_concat,6144,random_forest,False,valid,r2,0.688044366075735,1,0.05,random,,
condition_recombine_pseudolabel__mult_1__sim_0.7__teacher_ridge__seed_4,condition_recombine_pseudolabel,1.0,0.7,ridge,4,158,158,2.0,False,1.0,1.0,1.0,reaction_role_concat,6144,random_forest,False,valid,spearman,0.8330965156639016,1,0.05,random,,
condition_recombine_pseudolabel__mult_1__sim_0.7__teacher_rf__seed_0,condition_recombine_pseudolabel,1.0,0.7,random_forest,0,158,158,2.0,False,1.0,1.0,1.0,reaction_role_concat,6144,random_forest,False,valid,rmse,15.868028840335747,1,0.05,random,,
condition_recombine_pseudolabel__mult_1__sim_0.7__teacher_rf__seed_0,condition_recombine_pseudolabel,1.0,0.7,random_forest,0,158,158,2.0,False,1.0,1.0,1.0,reaction_role_concat,6144,random_forest,False,valid,mae,11.586029452878464,1,0.05,random,,
condition_recombine_pseudolabel__mult_1__sim_0.7__teacher_rf__seed_0,condition_recombine_pseudolabel,1.0,0.7,random_forest,0,158,158,2.0,False,1.0,1.0,1.0,reaction_role_concat,6144,random_forest,False,valid,r2,0.654293821375271,1,0.05,random,,
condition_recombine_pseudolabel__mult_1__sim_0.7__teacher_rf__seed_0,condition_recombine_pseudolabel,1.0,0.7,random_forest,0,158,158,2.0,False,1.0,1.0,1.0,reaction_role_concat,6144,random_forest,False,valid,spearman,0.803458931008413,1,0.05,random,,
condition_recombine_pseudolabel__mult_1__sim_0.7__teacher_rf__seed_1,condition_recombine_pseudolabel,1.0,0.7,random_forest,1,158,158,2.0,False,1.0,1.0,1.0,reaction_role_concat,6144,random_forest,False,valid,rmse,15.824906669602415,1,0.05,random,,
condition_recombine_pseudolabel__mult_1__sim_0.7__teacher_rf__seed_1,condition_recombine_pseudolabel,1.0,0.7,random_forest,1,158,158,2.0,False,1.0,1.0,1.0,reaction_role_concat,6144,random_forest,False,valid,mae,11.826113977096503,1,0.05,random,,
condition_recombine_pseudolabel__mult_1__sim_0.7__teacher_rf__seed_1,condition_recombine_pseudolabel,1.0,0.7,random_forest,1,158,158,2.0,False,1.0,1.0,1.0,reaction_role_concat,6144,random_forest,False,valid,r2,0.6561702163488945,1,0.05,random,,
condition_recombine_pseudolabel__mult_1__sim_0.7__teacher_rf__seed_1,condition_recombine_pseudolabel,1.0,0.7,random_forest,1,158,158,2.0,False,1.0,1.0,1.0,reaction_role_concat,6144,random_forest,False,valid,spearman,0.8070493002298893,1,0.05,random,,
condition_recombine_pseudolabel__mult_1__sim_0.7__teacher_rf__seed_2,condition_recombine_pseudolabel,1.0,0.7,random_forest,2,158,158,2.0,False,1.0,1.0,1.0,reaction_role_concat,6144,random_forest,False,valid,rmse,15.604039327909238,1,0.05,random,,
condition_recombine_pseudolabel__mult_1__sim_0.7__teacher_rf__seed_2,condition_recombine_pseudolabel,1.0,0.7,random_forest,2,158,158,2.0,False,1.0,1.0,1.0,reaction_role_concat,6144,random_forest,False,valid,mae,11.531495652497568,1,0.05,random,,
condition_recombine_pseudolabel__mult_1__sim_0.7__teacher_rf__seed_2,condition_recombine_pseudolabel,1.0,0.7,random_forest,2,158,158,2.0,False,1.0,1.0,1.0,reaction_role_concat,6144,random_forest,False,valid,r2,0.6657008658916624,1,0.05,random,,
condition_recombine_pseudolabel__mult_1__sim_0.7__teacher_rf__seed_2,condition_recombine_pseudolabel,1.0,0.7,random_forest,2,158,158,2.0,False,1.0,1.0,1.0,reaction_role_concat,6144,random_forest,False,valid,spearman,0.8207712949309948,1,0.05,random,,
condition_recombine_pseudolabel__mult_1__sim_0.7__teacher_rf__seed_3,condition_recombine_pseudolabel,1.0,0.7,random_forest,3,158,158,2.0,False,1.0,1.0,1.0,reaction_role_concat,6144,random_forest,False,valid,rmse,15.786428967081086,1,0.05,random,,
condition_recombine_pseudolabel__mult_1__sim_0.7__teacher_rf__seed_3,condition_recombine_pseudolabel,1.0,0.7,random_forest,3,158,158,2.0,False,1.0,1.0,1.0,reaction_role_concat,6144,random_forest,False,valid,mae,11.699318770712313,1,0.05,random,,
condition_recombine_pseudolabel__mult_1__sim_0.7__teacher_rf__seed_3,condition_recombine_pseudolabel,1.0,0.7,random_forest,3,158,158,2.0,False,1.0,1.0,1.0,reaction_role_concat,6144,random_forest,False,valid,r2,0.6578402036085035,1,0.05,random,,
condition_recombine_pseudolabel__mult_1__sim_0.7__teacher_rf__seed_3,condition_recombine_pseudolabel,1.0,0.7,random_forest,3,158,158,2.0,False,1.0,1.0,1.0,reaction_role_concat,6144,random_forest,False,valid,spearman,0.8104061922468665,1,0.05,random,,
condition_recombine_pseudolabel__mult_1__sim_0.7__teacher_rf__seed_4,condition_recombine_pseudolabel,1.0,0.7,random_forest,4,158,158,2.0,False,1.0,1.0,1.0,reaction_role_concat,6144,random_forest,False,valid,rmse,15.092983200486705,1,0.05,random,,
condition_recombine_pseudolabel__mult_1__sim_0.7__teacher_rf__seed_4,condition_recombine_pseudolabel,1.0,0.7,random_forest,4,158,158,2.0,False,1.0,1.0,1.0,reaction_role_concat,6144,random_forest,False,valid,mae,11.042996626212627,1,0.05,random,,
condition_recombine_pseudolabel__mult_1__sim_0.7__teacher_rf__seed_4,condition_recombine_pseudolabel,1.0,0.7,random_forest,4,158,158,2.0,False,1.0,1.0,1.0,reaction_role_concat,6144,random_forest,False,valid,r2,0.6872398904734555,1,0.05,random,,
condition_recombine_pseudolabel__mult_1__sim_0.7__teacher_rf__seed_4,condition_recombine_pseudolabel,1.0,0.7,random_forest,4,158,158,2.0,False,1.0,1.0,1.0,reaction_role_concat,6144,random_forest,False,valid,spearman,0.8369737171808131,1,0.05,random,,
condition_recombine_pseudolabel__mult_1__sim_0.8__teacher_ridge__seed_0,condition_recombine_pseudolabel,1.0,0.8,ridge,0,158,130,1.8227848101265822,False,1.0,1.0,1.0,reaction_role_concat,6144,random_forest,False,valid,rmse,15.837959894512258,1,0.05,random,,
condition_recombine_pseudolabel__mult_1__sim_0.8__teacher_ridge__seed_0,condition_recombine_pseudolabel,1.0,0.8,ridge,0,158,130,1.8227848101265822,False,1.0,1.0,1.0,reaction_role_concat,6144,random_forest,False,valid,mae,11.87724480210754,1,0.05,random,,
condition_recombine_pseudolabel__mult_1__sim_0.8__teacher_ridge__seed_0,condition_recombine_pseudolabel,1.0,0.8,ridge,0,158,130,1.8227848101265822,False,1.0,1.0,1.0,reaction_role_concat,6144,random_forest,False,valid,r2,0.6556027642182615,1,0.05,random,,
condition_recombine_pseudolabel__mult_1__sim_0.8__teacher_ridge__seed_0,condition_recombine_pseudolabel,1.0,0.8,ridge,0,158,130,1.8227848101265822,False,1.0,1.0,1.0,reaction_role_concat,6144,random_forest,False,valid,spearman,0.8114279227656368,1,0.05,random,,
condition_recombine_pseudolabel__mult_1__sim_0.8__teacher_ridge__seed_1,condition_recombine_pseudolabel,1.0,0.8,ridge,1,158,133,1.8417721518987342,False,1.0,1.0,1.0,reaction_role_concat,6144,random_forest,False,valid,rmse,15.334777025235464,1,0.05,random,,
condition_recombine_pseudolabel__mult_1__sim_0.8__teacher_ridge__seed_1,condition_recombine_pseudolabel,1.0,0.8,ridge,1,158,133,1.8417721518987342,False,1.0,1.0,1.0,reaction_role_concat,6144,random_forest,False,valid,mae,11.556534082536455,1,0.05,random,,
condition_recombine_pseudolabel__mult_1__sim_0.8__teacher_ridge__seed_1,condition_recombine_pseudolabel,1.0,0.8,ridge,1,158,133,1.8417721518987342,False,1.0,1.0,1.0,reaction_role_concat,6144,random_forest,False,valid,r2,0.6771386114028928,1,0.05,random,,
condition_recombine_pseudolabel__mult_1__sim_0.8__teacher_ridge__seed_1,condition_recombine_pseudolabel,1.0,0.8,ridge,1,158,133,1.8417721518987342,False,1.0,1.0,1.0,reaction_role_concat,6144,random_forest,False,valid,spearman,0.8167355859541484,1,0.05,random,,
condition_recombine_pseudolabel__mult_1__sim_0.8__teacher_ridge__seed_2,condition_recombine_pseudolabel,1.0,0.8,ridge,2,158,142,1.8987341772151898,False,1.0,1.0,1.0,reaction_role_concat,6144,random_forest,False,valid,rmse,15.420830676991999,1,0.05,random,,
condition_recombine_pseudolabel__mult_1__sim_0.8__teacher_ridge__seed_2,condition_recombine_pseudolabel,1.0,0.8,ridge,2,158,142,1.8987341772151898,False,1.0,1.0,1.0,reaction_role_concat,6144,random_forest,False,valid,mae,11.726990630135505,1,0.05,random,,
condition_recombine_pseudolabel__mult_1__sim_0.8__teacher_ridge__seed_2,condition_recombine_pseudolabel,1.0,0.8,ridge,2,158,142,1.8987341772151898,False,1.0,1.0,1.0,reaction_role_concat,6144,random_forest,False,valid,r2,0.6735048634790277,1,0.05,random,,
condition_recombine_pseudolabel__mult_1__sim_0.8__teacher_ridge__seed_2,condition_recombine_pseudolabel,1.0,0.8,ridge,2,158,142,1.8987341772151898,False,1.0,1.0,1.0,reaction_role_concat,6144,random_forest,False,valid,spearman,0.8226967516433258,1,0.05,random,,
condition_recombine_pseudolabel__mult_1__sim_0.8__teacher_ridge__seed_3,condition_recombine_pseudolabel,1.0,0.8,ridge,3,158,120,1.759493670886076,False,1.0,1.0,1.0,reaction_role_concat,6144,random_forest,False,valid,rmse,15.18740902057679,1,0.05,random,,
condition_recombine_pseudolabel__mult_1__sim_0.8__teacher_ridge__seed_3,condition_recombine_pseudolabel,1.0,0.8,ridge,3,158,120,1.759493670886076,False,1.0,1.0,1.0,reaction_role_concat,6144,random_forest,False,valid,mae,11.32950131118222,1,0.05,random,,
condition_recombine_pseudolabel__mult_1__sim_0.8__teacher_ridge__seed_3,condition_recombine_pseudolabel,1.0,0.8,ridge,3,158,120,1.759493670886076,False,1.0,1.0,1.0,reaction_role_concat,6144,random_forest,False,valid,r2,0.6833142236209608,1,0.05,random,,
condition_recombine_pseudolabel__mult_1__sim_0.8__teacher_ridge__seed_3,condition_recombine_pseudolabel,1.0,0.8,ridge,3,158,120,1.759493670886076,False,1.0,1.0,1.0,reaction_role_concat,6144,random_forest,False,valid,spearman,0.8359603599062408,1,0.05,random,,
condition_recombine_pseudolabel__mult_1__sim_0.8__teacher_ridge__seed_4,condition_recombine_pseudolabel,1.0,0.8,ridge,4,158,133,1.8417721518987342,False,1.0,1.0,1.0,reaction_role_concat,6144,random_forest,False,valid,rmse,14.930217184159398,1,0.05,random,,
condition_recombine_pseudolabel__mult_1__sim_0.8__teacher_ridge__seed_4,condition_recombine_pseudolabel,1.0,0.8,ridge,4,158,133,1.8417721518987342,False,1.0,1.0,1.0,reaction_role_concat,6144,random_forest,False,valid,mae,11.260666411402859,1,0.05,random,,
condition_recombine_pseudolabel__mult_1__sim_0.8__teacher_ridge__seed_4,condition_recombine_pseudolabel,1.0,0.8,ridge,4,158,133,1.8417721518987342,False,1.0,1.0,1.0,reaction_role_concat,6144,random_forest,False,valid,r2,0.6939492628833777,1,0.05,random,,
condition_recombine_pseudolabel__mult_1__sim_0.8__teacher_ridge__seed_4,condition_recombine_pseudolabel,1.0,0.8,ridge,4,158,133,1.8417721518987342,False,1.0,1.0,1.0,reaction_role_concat,6144,random_forest,False,valid,spearman,0.8376628546509728,1,0.05,random,,
condition_recombine_pseudolabel__mult_1__sim_0.8__teacher_rf__seed_0,condition_recombine_pseudolabel,1.0,0.8,random_forest,0,158,130,1.8227848101265822,False,1.0,1.0,1.0,reaction_role_concat,6144,random_forest,False,valid,rmse,16.03234599525861,1,0.05,random,,
condition_recombine_pseudolabel__mult_1__sim_0.8__teacher_rf__seed_0,condition_recombine_pseudolabel,1.0,0.8,random_forest,0,158,130,1.8227848101265822,False,1.0,1.0,1.0,reaction_role_concat,6144,random_forest,False,valid,mae,11.69913630816812,1,0.05,random,,
condition_recombine_pseudolabel__mult_1__sim_0.8__teacher_rf__seed_0,condition_recombine_pseudolabel,1.0,0.8,random_forest,0,158,130,1.8227848101265822,False,1.0,1.0,1.0,reaction_role_concat,6144,random_forest,False,valid,r2,0.6470970141115272,1,0.05,random,,
condition_recombine_pseudolabel__mult_1__sim_0.8__teacher_rf__seed_0,condition_recombine_pseudolabel,1.0,0.8,random_forest,0,158,130,1.8227848101265822,False,1.0,1.0,1.0,reaction_role_concat,6144,random_forest,False,valid,spearman,0.7978805978330344,1,0.05,random,,
condition_recombine_pseudolabel__mult_1__sim_0.8__teacher_rf__seed_1,condition_recombine_pseudolabel,1.0,0.8,random_forest,1,158,133,1.8417721518987342,False,1.0,1.0,1.0,reaction_role_concat,6144,random_forest,False,valid,rmse,15.922376373473101,1,0.05,random,,
condition_recombine_pseudolabel__mult_1__sim_0.8__teacher_rf__seed_1,condition_recombine_pseudolabel,1.0,0.8,random_forest,1,158,133,1.8417721518987342,False,1.0,1.0,1.0,reaction_role_concat,6144,random_forest,False,valid,mae,11.79007613442065,1,0.05,random,,
condition_recombine_pseudolabel__mult_1__sim_0.8__teacher_rf__seed_1,condition_recombine_pseudolabel,1.0,0.8,random_forest,1,158,133,1.8417721518987342,False,1.0,1.0,1.0,reaction_role_concat,6144,random_forest,False,valid,r2,0.6519216990608522,1,0.05,random,,
condition_recombine_pseudolabel__mult_1__sim_0.8__teacher_rf__seed_1,condition_recombine_pseudolabel,1.0,0.8,random_forest,1,158,133,1.8417721518987342,False,1.0,1.0,1.0,reaction_role_concat,6144,random_forest,False,valid,spearman,0.8047982606268811,1,0.05,random,,
condition_recombine_pseudolabel__mult_1__sim_0.8__teacher_rf__seed_2,condition_recombine_pseudolabel,1.0,0.8,random_forest,2,158,142,1.8987341772151898,False,1.0,1.0,1.0,reaction_role_concat,6144,random_forest,False,valid,rmse,15.66119671631228,1,0.05,random,,
condition_recombine_pseudolabel__mult_1__sim_0.8__teacher_rf__seed_2,condition_recombine_pseudolabel,1.0,0.8,random_forest,2,158,142,1.8987341772151898,False,1.0,1.0,1.0,reaction_role_concat,6144,random_forest,False,valid,mae,11.580650244512888,1,0.05,random,,
condition_recombine_pseudolabel__mult_1__sim_0.8__teacher_rf__seed_2,condition_recombine_pseudolabel,1.0,0.8,random_forest,2,158,142,1.8987341772151898,False,1.0,1.0,1.0,reaction_role_concat,6144,random_forest,False,valid,r2,0.6632473138836352,1,0.05,random,,
condition_recombine_pseudolabel__mult_1__sim_0.8__teacher_rf__seed_2,condition_recombine_pseudolabel,1.0,0.8,random_forest,2,158,142,1.8987341772151898,False,1.0,1.0,1.0,reaction_role_concat,6144,random_forest,False,valid,spearman,0.8156151290444851,1,0.05,random,,
condition_recombine_pseudolabel__mult_1__sim_0.8__teacher_rf__seed_3,condition_recombine_pseudolabel,1.0,0.8,random_forest,3,158,120,1.759493670886076,False,1.0,1.0,1.0,reaction_role_concat,6144,random_forest,False,valid,rmse,15.68625515690527,1,0.05,random,,
condition_recombine_pseudolabel__mult_1__sim_0.8__teacher_rf__seed_3,condition_recombine_pseudolabel,1.0,0.8,random_forest,3,158,120,1.759493670886076,False,1.0,1.0,1.0,reaction_role_concat,6144,random_forest,False,valid,mae,11.647079724477438,1,0.05,random,,
condition_recombine_pseudolabel__mult_1__sim_0.8__teacher_rf__seed_3,condition_recombine_pseudolabel,1.0,0.8,random_forest,3,158,120,1.759493670886076,False,1.0,1.0,1.0,reaction_role_concat,6144,random_forest,False,valid,r2,0.6621688205511056,1,0.05,random,,
condition_recombine_pseudolabel__mult_1__sim_0.8__teacher_rf__seed_3,condition_recombine_pseudolabel,1.0,0.8,random_forest,3,158,120,1.759493670886076,False,1.0,1.0,1.0,reaction_role_concat,6144,random_forest,False,valid,spearman,0.8149723365073285,1,0.05,random,,
condition_recombine_pseudolabel__mult_1__sim_0.8__teacher_rf__seed_4,condition_recombine_pseudolabel,1.0,0.8,random_forest,4,158,133,1.8417721518987342,False,1.0,1.0,1.0,reaction_role_concat,6144,random_forest,False,valid,rmse,15.19346535462916,1,0.05,random,,
condition_recombine_pseudolabel__mult_1__sim_0.8__teacher_rf__seed_4,condition_recombine_pseudolabel,1.0,0.8,random_forest,4,158,133,1.8417721518987342,False,1.0,1.0,1.0,reaction_role_concat,6144,random_forest,False,valid,mae,11.1477050593684,1,0.05,random,,
condition_recombine_pseudolabel__mult_1__sim_0.8__teacher_rf__seed_4,condition_recombine_pseudolabel,1.0,0.8,random_forest,4,158,133,1.8417721518987342,False,1.0,1.0,1.0,reaction_role_concat,6144,random_forest,False,valid,r2,0.683061601562329,1,0.05,random,,
condition_recombine_pseudolabel__mult_1__sim_0.8__teacher_rf__seed_4,condition_recombine_pseudolabel,1.0,0.8,random_forest,4,158,133,1.8417721518987342,False,1.0,1.0,1.0,reaction_role_concat,6144,random_forest,False,valid,spearman,0.8335708696840511,1,0.05,random,,
condition_recombine_pseudolabel__mult_1__sim_0.9__teacher_ridge__seed_0,condition_recombine_pseudolabel,1.0,0.9,ridge,0,158,31,1.1962025316455696,False,1.0,1.0,1.0,reaction_role_concat,6144,random_forest,False,valid,rmse,15.376385378410093,1,0.05,random,,
condition_recombine_pseudolabel__mult_1__sim_0.9__teacher_ridge__seed_0,condition_recombine_pseudolabel,1.0,0.9,ridge,0,158,31,1.1962025316455696,False,1.0,1.0,1.0,reaction_role_concat,6144,random_forest,False,valid,mae,11.43794835421179,1,0.05,random,,
condition_recombine_pseudolabel__mult_1__sim_0.9__teacher_ridge__seed_0,condition_recombine_pseudolabel,1.0,0.9,ridge,0,158,31,1.1962025316455696,False,1.0,1.0,1.0,reaction_role_concat,6144,random_forest,False,valid,r2,0.6753841736628499,1,0.05,random,,
condition_recombine_pseudolabel__mult_1__sim_0.9__teacher_ridge__seed_0,condition_recombine_pseudolabel,1.0,0.9,ridge,0,158,31,1.1962025316455696,False,1.0,1.0,1.0,reaction_role_concat,6144,random_forest,False,valid,spearman,0.8275715375794596,1,0.05,random,,
condition_recombine_pseudolabel__mult_1__sim_0.9__teacher_ridge__seed_1,condition_recombine_pseudolabel,1.0,0.9,ridge,1,158,31,1.1962025316455696,False,1.0,1.0,1.0,reaction_role_concat,6144,random_forest,False,valid,rmse,15.337370664217623,1,0.05,random,,
condition_recombine_pseudolabel__mult_1__sim_0.9__teacher_ridge__seed_1,condition_recombine_pseudolabel,1.0,0.9,ridge,1,158,31,1.1962025316455696,False,1.0,1.0,1.0,reaction_role_concat,6144,random_forest,False,valid,mae,11.3456218432769,1,0.05,random,,
condition_recombine_pseudolabel__mult_1__sim_0.9__teacher_ridge__seed_1,condition_recombine_pseudolabel,1.0,0.9,ridge,1,158,31,1.1962025316455696,False,1.0,1.0,1.0,reaction_role_concat,6144,random_forest,False,valid,r2,0.6770293882042354,1,0.05,random,,
condition_recombine_pseudolabel__mult_1__sim_0.9__teacher_ridge__seed_1,condition_recombine_pseudolabel,1.0,0.9,ridge,1,158,31,1.1962025316455696,False,1.0,1.0,1.0,reaction_role_concat,6144,random_forest,False,valid,spearman,0.8269813212268022,1,0.05,random,,
condition_recombine_pseudolabel__mult_1__sim_0.9__teacher_ridge__seed_2,condition_recombine_pseudolabel,1.0,0.9,ridge,2,158,43,1.2721518987341771,False,1.0,1.0,1.0,reaction_role_concat,6144,random_forest,False,valid,rmse,15.824176111635099,1,0.05,random,,
condition_recombine_pseudolabel__mult_1__sim_0.9__teacher_ridge__seed_2,condition_recombine_pseudolabel,1.0,0.9,ridge,2,158,43,1.2721518987341771,False,1.0,1.0,1.0,reaction_role_concat,6144,random_forest,False,valid,mae,11.796882998146591,1,0.05,random,,
condition_recombine_pseudolabel__mult_1__sim_0.9__teacher_ridge__seed_2,condition_recombine_pseudolabel,1.0,0.9,ridge,2,158,43,1.2721518987341771,False,1.0,1.0,1.0,reaction_role_concat,6144,random_forest,False,valid,r2,0.6562019614700563,1,0.05,random,,
condition_recombine_pseudolabel__mult_1__sim_0.9__teacher_ridge__seed_2,condition_recombine_pseudolabel,1.0,0.9,ridge,2,158,43,1.2721518987341771,False,1.0,1.0,1.0,reaction_role_concat,6144,random_forest,False,valid,spearman,0.8125851830044497,1,0.05,random,,
condition_recombine_pseudolabel__mult_1__sim_0.9__teacher_ridge__seed_3,condition_recombine_pseudolabel,1.0,0.9,ridge,3,158,34,1.2151898734177216,False,1.0,1.0,1.0,reaction_role_concat,6144,random_forest,False,valid,rmse,15.506653217852367,1,0.05,random,,
condition_recombine_pseudolabel__mult_1__sim_0.9__teacher_ridge__seed_3,condition_recombine_pseudolabel,1.0,0.9,ridge,3,158,34,1.2151898734177216,False,1.0,1.0,1.0,reaction_role_concat,6144,random_forest,False,valid,mae,11.516553769108615,1,0.05,random,,
condition_recombine_pseudolabel__mult_1__sim_0.9__teacher_ridge__seed_3,condition_recombine_pseudolabel,1.0,0.9,ridge,3,158,34,1.2151898734177216,False,1.0,1.0,1.0,reaction_role_concat,6144,random_forest,False,valid,r2,0.6698606220857444,1,0.05,random,,
condition_recombine_pseudolabel__mult_1__sim_0.9__teacher_ridge__seed_3,condition_recombine_pseudolabel,1.0,0.9,ridge,3,158,34,1.2151898734177216,False,1.0,1.0,1.0,reaction_role_concat,6144,random_forest,False,valid,spearman,0.8292234034057847,1,0.05,random,,
condition_recombine_pseudolabel__mult_1__sim_0.9__teacher_ridge__seed_4,condition_recombine_pseudolabel,1.0,0.9,ridge,4,158,26,1.1645569620253164,False,1.0,1.0,1.0,reaction_role_concat,6144,random_forest,False,valid,rmse,15.252785399875721,1,0.05,random,,
condition_recombine_pseudolabel__mult_1__sim_0.9__teacher_ridge__seed_4,condition_recombine_pseudolabel,1.0,0.9,ridge,4,158,26,1.1645569620253164,False,1.0,1.0,1.0,reaction_role_concat,6144,random_forest,False,valid,mae,11.324919207651405,1,0.05,random,,
condition_recombine_pseudolabel__mult_1__sim_0.9__teacher_ridge__seed_4,condition_recombine_pseudolabel,1.0,0.9,ridge,4,158,26,1.1645569620253164,False,1.0,1.0,1.0,reaction_role_concat,6144,random_forest,False,valid,r2,0.6805819168030213,1,0.05,random,,
condition_recombine_pseudolabel__mult_1__sim_0.9__teacher_ridge__seed_4,condition_recombine_pseudolabel,1.0,0.9,ridge,4,158,26,1.1645569620253164,False,1.0,1.0,1.0,reaction_role_concat,6144,random_forest,False,valid,spearman,0.8309151881870075,1,0.05,random,,
condition_recombine_pseudolabel__mult_1__sim_0.9__teacher_rf__seed_0,condition_recombine_pseudolabel,1.0,0.9,random_forest,0,158,31,1.1962025316455696,False,1.0,1.0,1.0,reaction_role_concat,6144,random_forest,False,valid,rmse,15.43147957056066,1,0.05,random,,
condition_recombine_pseudolabel__mult_1__sim_0.9__teacher_rf__seed_0,condition_recombine_pseudolabel,1.0,0.9,random_forest,0,158,31,1.1962025316455696,False,1.0,1.0,1.0,reaction_role_concat,6144,random_forest,False,valid,mae,11.308272942398922,1,0.05,random,,
condition_recombine_pseudolabel__mult_1__sim_0.9__teacher_rf__seed_0,condition_recombine_pseudolabel,1.0,0.9,random_forest,0,158,31,1.1962025316455696,False,1.0,1.0,1.0,reaction_role_concat,6144,random_forest,False,valid,r2,0.6730537837034969,1,0.05,random,,
condition_recombine_pseudolabel__mult_1__sim_0.9__teacher_rf__seed_0,condition_recombine_pseudolabel,1.0,0.9,random_forest,0,158,31,1.1962025316455696,False,1.0,1.0,1.0,reaction_role_concat,6144,random_forest,False,valid,spearman,0.8254096827634909,1,0.05,random,,
condition_recombine_pseudolabel__mult_1__sim_0.9__teacher_rf__seed_1,condition_recombine_pseudolabel,1.0,0.9,random_forest,1,158,31,1.1962025316455696,False,1.0,1.0,1.0,reaction_role_concat,6144,random_forest,False,valid,rmse,15.503375097336345,1,0.05,random,,
condition_recombine_pseudolabel__mult_1__sim_0.9__teacher_rf__seed_1,condition_recombine_pseudolabel,1.0,0.9,random_forest,1,158,31,1.1962025316455696,False,1.0,1.0,1.0,reaction_role_concat,6144,random_forest,False,valid,mae,11.438163432114488,1,0.05,random,,
condition_recombine_pseudolabel__mult_1__sim_0.9__teacher_rf__seed_1,condition_recombine_pseudolabel,1.0,0.9,random_forest,1,158,31,1.1962025316455696,False,1.0,1.0,1.0,reaction_role_concat,6144,random_forest,False,valid,r2,0.6700001908579067,1,0.05,random,,
condition_recombine_pseudolabel__mult_1__sim_0.9__teacher_rf__seed_1,condition_recombine_pseudolabel,1.0,0.9,random_forest,1,158,31,1.1962025316455696,False,1.0,1.0,1.0,reaction_role_concat,6144,random_forest,False,valid,spearman,0.8180052034465025,1,0.05,random,,
condition_recombine_pseudolabel__mult_1__sim_0.9__teacher_rf__seed_2,condition_recombine_pseudolabel,1.0,0.9,random_forest,2,158,43,1.2721518987341771,False,1.0,1.0,1.0,reaction_role_concat,6144,random_forest,False,valid,rmse,15.58681364260119,1,0.05,random,,
condition_recombine_pseudolabel__mult_1__sim_0.9__teacher_rf__seed_2,condition_recombine_pseudolabel,1.0,0.9,random_forest,2,158,43,1.2721518987341771,False,1.0,1.0,1.0,reaction_role_concat,6144,random_forest,False,valid,mae,11.541221046326282,1,0.05,random,,
condition_recombine_pseudolabel__mult_1__sim_0.9__teacher_rf__seed_2,condition_recombine_pseudolabel,1.0,0.9,random_forest,2,158,43,1.2721518987341771,False,1.0,1.0,1.0,reaction_role_concat,6144,random_forest,False,valid,r2,0.6664385406781862,1,0.05,random,,
condition_recombine_pseudolabel__mult_1__sim_0.9__teacher_rf__seed_2,condition_recombine_pseudolabel,1.0,0.9,random_forest,2,158,43,1.2721518987341771,False,1.0,1.0,1.0,reaction_role_concat,6144,random_forest,False,valid,spearman,0.8203107665001026,1,0.05,random,,
condition_recombine_pseudolabel__mult_1__sim_0.9__teacher_rf__seed_3,condition_recombine_pseudolabel,1.0,0.9,random_forest,3,158,34,1.2151898734177216,False,1.0,1.0,1.0,reaction_role_concat,6144,random_forest,False,valid,rmse,15.398676936709036,1,0.05,random,,
condition_recombine_pseudolabel__mult_1__sim_0.9__teacher_rf__seed_3,condition_recombine_pseudolabel,1.0,0.9,random_forest,3,158,34,1.2151898734177216,False,1.0,1.0,1.0,reaction_role_concat,6144,random_forest,False,valid,mae,11.276586947610861,1,0.05,random,,
condition_recombine_pseudolabel__mult_1__sim_0.9__teacher_rf__seed_3,condition_recombine_pseudolabel,1.0,0.9,random_forest,3,158,34,1.2151898734177216,False,1.0,1.0,1.0,reaction_role_concat,6144,random_forest,False,valid,r2,0.6744422828750469,1,0.05,random,,
condition_recombine_pseudolabel__mult_1__sim_0.9__teacher_rf__seed_3,condition_recombine_pseudolabel,1.0,0.9,random_forest,3,158,34,1.2151898734177216,False,1.0,1.0,1.0,reaction_role_concat,6144,random_forest,False,valid,spearman,0.8258717690072573,1,0.05,random,,
condition_recombine_pseudolabel__mult_1__sim_0.9__teacher_rf__seed_4,condition_recombine_pseudolabel,1.0,0.9,random_forest,4,158,26,1.1645569620253164,False,1.0,1.0,1.0,reaction_role_concat,6144,random_forest,False,valid,rmse,15.458751487444653,1,0.05,random,,
condition_recombine_pseudolabel__mult_1__sim_0.9__teacher_rf__seed_4,condition_recombine_pseudolabel,1.0,0.9,random_forest,4,158,26,1.1645569620253164,False,1.0,1.0,1.0,reaction_role_concat,6144,random_forest,False,valid,mae,11.422494895160954,1,0.05,random,,
condition_recombine_pseudolabel__mult_1__sim_0.9__teacher_rf__seed_4,condition_recombine_pseudolabel,1.0,0.9,random_forest,4,158,26,1.1645569620253164,False,1.0,1.0,1.0,reaction_role_concat,6144,random_forest,False,valid,r2,0.6718971442539778,1,0.05,random,,
condition_recombine_pseudolabel__mult_1__sim_0.9__teacher_rf__seed_4,condition_recombine_pseudolabel,1.0,0.9,random_forest,4,158,26,1.1645569620253164,False,1.0,1.0,1.0,reaction_role_concat,6144,random_forest,False,valid,spearman,0.8196097507067783,1,0.05,random,,
condition_recombine_pseudolabel__mult_0.25__sim_0.7__teacher_ridge__seed_0,condition_recombine_pseudolabel,0.25,0.7,ridge,0,316,79,1.25,False,1.0,1.0,1.0,reaction_role_concat,6144,random_forest,False,valid,rmse,13.871724714562896,2,0.1,random,,
condition_recombine_pseudolabel__mult_0.25__sim_0.7__teacher_ridge__seed_0,condition_recombine_pseudolabel,0.25,0.7,ridge,0,316,79,1.25,False,1.0,1.0,1.0,reaction_role_concat,6144,random_forest,False,valid,mae,10.576242929369021,2,0.1,random,,
condition_recombine_pseudolabel__mult_0.25__sim_0.7__teacher_ridge__seed_0,condition_recombine_pseudolabel,0.25,0.7,ridge,0,316,79,1.25,False,1.0,1.0,1.0,reaction_role_concat,6144,random_forest,False,valid,r2,0.7358065157630661,2,0.1,random,,
condition_recombine_pseudolabel__mult_0.25__sim_0.7__teacher_ridge__seed_0,condition_recombine_pseudolabel,0.25,0.7,ridge,0,316,79,1.25,False,1.0,1.0,1.0,reaction_role_concat,6144,random_forest,False,valid,spearman,0.8631029125173229,2,0.1,random,,
condition_recombine_pseudolabel__mult_0.25__sim_0.7__teacher_ridge__seed_1,condition_recombine_pseudolabel,0.25,0.7,ridge,1,316,79,1.25,False,1.0,1.0,1.0,reaction_role_concat,6144,random_forest,False,valid,rmse,13.735918674536283,2,0.1,random,,
condition_recombine_pseudolabel__mult_0.25__sim_0.7__teacher_ridge__seed_1,condition_recombine_pseudolabel,0.25,0.7,ridge,1,316,79,1.25,False,1.0,1.0,1.0,reaction_role_concat,6144,random_forest,False,valid,mae,10.349149693795397,2,0.1,random,,
condition_recombine_pseudolabel__mult_0.25__sim_0.7__teacher_ridge__seed_1,condition_recombine_pseudolabel,0.25,0.7,ridge,1,316,79,1.25,False,1.0,1.0,1.0,reaction_role_concat,6144,random_forest,False,valid,r2,0.7409541727673139,2,0.1,random,,
condition_recombine_pseudolabel__mult_0.25__sim_0.7__teacher_ridge__seed_1,condition_recombine_pseudolabel,0.25,0.7,ridge,1,316,79,1.25,False,1.0,1.0,1.0,reaction_role_concat,6144,random_forest,False,valid,spearman,0.8681167332524659,2,0.1,random,,
condition_recombine_pseudolabel__mult_0.25__sim_0.7__teacher_ridge__seed_2,condition_recombine_pseudolabel,0.25,0.7,ridge,2,316,79,1.25,False,1.0,1.0,1.0,reaction_role_concat,6144,random_forest,False,valid,rmse,13.033930440652183,2,0.1,random,,
condition_recombine_pseudolabel__mult_0.25__sim_0.7__teacher_ridge__seed_2,condition_recombine_pseudolabel,0.25,0.7,ridge,2,316,79,1.25,False,1.0,1.0,1.0,reaction_role_concat,6144,random_forest,False,valid,mae,9.993495767348552,2,0.1,random,,
condition_recombine_pseudolabel__mult_0.25__sim_0.7__teacher_ridge__seed_2,condition_recombine_pseudolabel,0.25,0.7,ridge,2,316,79,1.25,False,1.0,1.0,1.0,reaction_role_concat,6144,random_forest,False,valid,r2,0.7667551963389719,2,0.1,random,,
condition_recombine_pseudolabel__mult_0.25__sim_0.7__teacher_ridge__seed_2,condition_recombine_pseudolabel,0.25,0.7,ridge,2,316,79,1.25,False,1.0,1.0,1.0,reaction_role_concat,6144,random_forest,False,valid,spearman,0.8761879564795495,2,0.1,random,,
condition_recombine_pseudolabel__mult_0.25__sim_0.7__teacher_ridge__seed_3,condition_recombine_pseudolabel,0.25,0.7,ridge,3,316,79,1.25,False,1.0,1.0,1.0,reaction_role_concat,6144,random_forest,False,valid,rmse,13.384903466078597,2,0.1,random,,
condition_recombine_pseudolabel__mult_0.25__sim_0.7__teacher_ridge__seed_3,condition_recombine_pseudolabel,0.25,0.7,ridge,3,316,79,1.25,False,1.0,1.0,1.0,reaction_role_concat,6144,random_forest,False,valid,mae,10.171077641341505,2,0.1,random,,
condition_recombine_pseudolabel__mult_0.25__sim_0.7__teacher_ridge__seed_3,condition_recombine_pseudolabel,0.25,0.7,ridge,3,316,79,1.25,False,1.0,1.0,1.0,reaction_role_concat,6144,random_forest,False,valid,r2,0.754024605412516,2,0.1,random,,
condition_recombine_pseudolabel__mult_0.25__sim_0.7__teacher_ridge__seed_3,condition_recombine_pseudolabel,0.25,0.7,ridge,3,316,79,1.25,False,1.0,1.0,1.0,reaction_role_concat,6144,random_forest,False,valid,spearman,0.869126195994853,2,0.1,random,,
condition_recombine_pseudolabel__mult_0.25__sim_0.7__teacher_ridge__seed_4,condition_recombine_pseudolabel,0.25,0.7,ridge,4,316,79,1.25,False,1.0,1.0,1.0,reaction_role_concat,6144,random_forest,False,valid,rmse,13.462331085896494,2,0.1,random,,
condition_recombine_pseudolabel__mult_0.25__sim_0.7__teacher_ridge__seed_4,condition_recombine_pseudolabel,0.25,0.7,ridge,4,316,79,1.25,False,1.0,1.0,1.0,reaction_role_concat,6144,random_forest,False,valid,mae,10.058822855347508,2,0.1,random,,
condition_recombine_pseudolabel__mult_0.25__sim_0.7__teacher_ridge__seed_4,condition_recombine_pseudolabel,0.25,0.7,ridge,4,316,79,1.25,False,1.0,1.0,1.0,reaction_role_concat,6144,random_forest,False,valid,r2,0.7511705878239014,2,0.1,random,,
condition_recombine_pseudolabel__mult_0.25__sim_0.7__teacher_ridge__seed_4,condition_recombine_pseudolabel,0.25,0.7,ridge,4,316,79,1.25,False,1.0,1.0,1.0,reaction_role_concat,6144,random_forest,False,valid,spearman,0.8687669254007743,2,0.1,random,,
condition_recombine_pseudolabel__mult_0.25__sim_0.7__teacher_rf__seed_0,condition_recombine_pseudolabel,0.25,0.7,random_forest,0,316,79,1.25,False,1.0,1.0,1.0,reaction_role_concat,6144,random_forest,False,valid,rmse,13.392182074162358,2,0.1,random,,
condition_recombine_pseudolabel__mult_0.25__sim_0.7__teacher_rf__seed_0,condition_recombine_pseudolabel,0.25,0.7,random_forest,0,316,79,1.25,False,1.0,1.0,1.0,reaction_role_concat,6144,random_forest,False,valid,mae,9.934523870930454,2,0.1,random,,
condition_recombine_pseudolabel__mult_0.25__sim_0.7__teacher_rf__seed_0,condition_recombine_pseudolabel,0.25,0.7,random_forest,0,316,79,1.25,False,1.0,1.0,1.0,reaction_role_concat,6144,random_forest,False,valid,r2,0.7537570136003503,2,0.1,random,,
condition_recombine_pseudolabel__mult_0.25__sim_0.7__teacher_rf__seed_0,condition_recombine_pseudolabel,0.25,0.7,random_forest,0,316,79,1.25,False,1.0,1.0,1.0,reaction_role_concat,6144,random_forest,False,valid,spearman,0.8726135548400323,2,0.1,random,,
condition_recombine_pseudolabel__mult_0.25__sim_0.7__teacher_rf__seed_1,condition_recombine_pseudolabel,0.25,0.7,random_forest,1,316,79,1.25,False,1.0,1.0,1.0,reaction_role_concat,6144,random_forest,False,valid,rmse,13.602411952878109,2,0.1,random,,
condition_recombine_pseudolabel__mult_0.25__sim_0.7__teacher_rf__seed_1,condition_recombine_pseudolabel,0.25,0.7,random_forest,1,316,79,1.25,False,1.0,1.0,1.0,reaction_role_concat,6144,random_forest,False,valid,mae,9.984329573794634,2,0.1,random,,
condition_recombine_pseudolabel__mult_0.25__sim_0.7__teacher_rf__seed_1,condition_recombine_pseudolabel,0.25,0.7,random_forest,1,316,79,1.25,False,1.0,1.0,1.0,reaction_role_concat,6144,random_forest,False,valid,r2,0.7459653100708932,2,0.1,random,,
condition_recombine_pseudolabel__mult_0.25__sim_0.7__teacher_rf__seed_1,condition_recombine_pseudolabel,0.25,0.7,random_forest,1,316,79,1.25,False,1.0,1.0,1.0,reaction_role_concat,6144,random_forest,False,valid,spearman,0.8684567259122281,2,0.1,random,,
condition_recombine_pseudolabel__mult_0.25__sim_0.7__teacher_rf__seed_2,condition_recombine_pseudolabel,0.25,0.7,random_forest,2,316,79,1.25,False,1.0,1.0,1.0,reaction_role_concat,6144,random_forest,False,valid,rmse,13.4026730999805,2,0.1,random,,
condition_recombine_pseudolabel__mult_0.25__sim_0.7__teacher_rf__seed_2,condition_recombine_pseudolabel,0.25,0.7,random_forest,2,316,79,1.25,False,1.0,1.0,1.0,reaction_role_concat,6144,random_forest,False,valid,mae,9.890074833441007,2,0.1,random,,
condition_recombine_pseudolabel__mult_0.25__sim_0.7__teacher_rf__seed_2,condition_recombine_pseudolabel,0.25,0.7,random_forest,2,316,79,1.25,False,1.0,1.0,1.0,reaction_role_concat,6144,random_forest,False,valid,r2,0.7533710640412847,2,0.1,random,,
condition_recombine_pseudolabel__mult_0.25__sim_0.7__teacher_rf__seed_2,condition_recombine_pseudolabel,0.25,0.7,random_forest,2,316,79,1.25,False,1.0,1.0,1.0,reaction_role_concat,6144,random_forest,False,valid,spearman,0.8728822775608066,2,0.1,random,,
condition_recombine_pseudolabel__mult_0.25__sim_0.7__teacher_rf__seed_3,condition_recombine_pseudolabel,0.25,0.7,random_forest,3,316,79,1.25,False,1.0,1.0,1.0,reaction_role_concat,6144,random_forest,False,valid,rmse,13.466217157302248,2,0.1,random,,
condition_recombine_pseudolabel__mult_0.25__sim_0.7__teacher_rf__seed_3,condition_recombine_pseudolabel,0.25,0.7,random_forest,3,316,79,1.25,False,1.0,1.0,1.0,reaction_role_concat,6144,random_forest,False,valid,mae,9.874687032135794,2,0.1,random,,
condition_recombine_pseudolabel__mult_0.25__sim_0.7__teacher_rf__seed_3,condition_recombine_pseudolabel,0.25,0.7,random_forest,3,316,79,1.25,False,1.0,1.0,1.0,reaction_role_concat,6144,random_forest,False,valid,r2,0.7510269116030053,2,0.1,random,,
condition_recombine_pseudolabel__mult_0.25__sim_0.7__teacher_rf__seed_3,condition_recombine_pseudolabel,0.25,0.7,random_forest,3,316,79,1.25,False,1.0,1.0,1.0,reaction_role_concat,6144,random_forest,False,valid,spearman,0.8702641782993495,2,0.1,random,,
condition_recombine_pseudolabel__mult_0.25__sim_0.7__teacher_rf__seed_4,condition_recombine_pseudolabel,0.25,0.7,random_forest,4,316,79,1.25,False,1.0,1.0,1.0,reaction_role_concat,6144,random_forest,False,valid,rmse,13.438537251476996,2,0.1,random,,
condition_recombine_pseudolabel__mult_0.25__sim_0.7__teacher_rf__seed_4,condition_recombine_pseudolabel,0.25,0.7,random_forest,4,316,79,1.25,False,1.0,1.0,1.0,reaction_role_concat,6144,random_forest,False,valid,mae,9.921375525699574,2,0.1,random,,
condition_recombine_pseudolabel__mult_0.25__sim_0.7__teacher_rf__seed_4,condition_recombine_pseudolabel,0.25,0.7,random_forest,4,316,79,1.25,False,1.0,1.0,1.0,reaction_role_concat,6144,random_forest,False,valid,r2,0.75204939159758,2,0.1,random,,
condition_recombine_pseudolabel__mult_0.25__sim_0.7__teacher_rf__seed_4,condition_recombine_pseudolabel,0.25,0.7,random_forest,4,316,79,1.25,False,1.0,1.0,1.0,reaction_role_concat,6144,random_forest,False,valid,spearman,0.8691857823372856,2,0.1,random,,
condition_recombine_pseudolabel__mult_0.25__sim_0.8__teacher_ridge__seed_0,condition_recombine_pseudolabel,0.25,0.8,ridge,0,316,77,1.2436708860759493,False,1.0,1.0,1.0,reaction_role_concat,6144,random_forest,False,valid,rmse,13.669288199806564,2,0.1,random,,
condition_recombine_pseudolabel__mult_0.25__sim_0.8__teacher_ridge__seed_0,condition_recombine_pseudolabel,0.25,0.8,ridge,0,316,77,1.2436708860759493,False,1.0,1.0,1.0,reaction_role_concat,6144,random_forest,False,valid,mae,10.383356883669956,2,0.1,random,,
condition_recombine_pseudolabel__mult_0.25__sim_0.8__teacher_ridge__seed_0,condition_recombine_pseudolabel,0.25,0.8,ridge,0,316,77,1.2436708860759493,False,1.0,1.0,1.0,reaction_role_concat,6144,random_forest,False,valid,r2,0.7434612468746659,2,0.1,random,,
condition_recombine_pseudolabel__mult_0.25__sim_0.8__teacher_ridge__seed_0,condition_recombine_pseudolabel,0.25,0.8,ridge,0,316,77,1.2436708860759493,False,1.0,1.0,1.0,reaction_role_concat,6144,random_forest,False,valid,spearman,0.8658471946215783,2,0.1,random,,
condition_recombine_pseudolabel__mult_0.25__sim_0.8__teacher_ridge__seed_1,condition_recombine_pseudolabel,0.25,0.8,ridge,1,316,77,1.2436708860759493,False,1.0,1.0,1.0,reaction_role_concat,6144,random_forest,False,valid,rmse,13.833505222904005,2,0.1,random,,
condition_recombine_pseudolabel__mult_0.25__sim_0.8__teacher_ridge__seed_1,condition_recombine_pseudolabel,0.25,0.8,ridge,1,316,77,1.2436708860759493,False,1.0,1.0,1.0,reaction_role_concat,6144,random_forest,False,valid,mae,10.34855090367681,2,0.1,random,,
condition_recombine_pseudolabel__mult_0.25__sim_0.8__teacher_ridge__seed_1,condition_recombine_pseudolabel,0.25,0.8,ridge,1,316,77,1.2436708860759493,False,1.0,1.0,1.0,reaction_role_concat,6144,random_forest,False,valid,r2,0.737260326408244,2,0.1,random,,
condition_recombine_pseudolabel__mult_0.25__sim_0.8__teacher_ridge__seed_1,condition_recombine_pseudolabel,0.25,0.8,ridge,1,316,77,1.2436708860759493,False,1.0,1.0,1.0,reaction_role_concat,6144,random_forest,False,valid,spearman,0.8637015021141781,2,0.1,random,,
condition_recombine_pseudolabel__mult_0.25__sim_0.8__teacher_ridge__seed_2,condition_recombine_pseudolabel,0.25,0.8,ridge,2,316,79,1.25,False,1.0,1.0,1.0,reaction_role_concat,6144,random_forest,True,valid,rmse,13.033930440652183,2,0.1,random,,
condition_recombine_pseudolabel__mult_0.25__sim_0.8__teacher_ridge__seed_2,condition_recombine_pseudolabel,0.25,0.8,ridge,2,316,79,1.25,False,1.0,1.0,1.0,reaction_role_concat,6144,random_forest,True,valid,mae,9.993495767348552,2,0.1,random,,
condition_recombine_pseudolabel__mult_0.25__sim_0.8__teacher_ridge__seed_2,condition_recombine_pseudolabel,0.25,0.8,ridge,2,316,79,1.25,False,1.0,1.0,1.0,reaction_role_concat,6144,random_forest,True,valid,r2,0.7667551963389719,2,0.1,random,,
condition_recombine_pseudolabel__mult_0.25__sim_0.8__teacher_ridge__seed_2,condition_recombine_pseudolabel,0.25,0.8,ridge,2,316,79,1.25,False,1.0,1.0,1.0,reaction_role_concat,6144,random_forest,True,valid,spearman,0.8761879564795495,2,0.1,random,,
condition_recombine_pseudolabel__mult_0.25__sim_0.8__teacher_ridge__seed_3,condition_recombine_pseudolabel,0.25,0.8,ridge,3,316,78,1.2468354430379747,False,1.0,1.0,1.0,reaction_role_concat,6144,random_forest,False,valid,rmse,13.567049339391065,2,0.1,random,,
condition_recombine_pseudolabel__mult_0.25__sim_0.8__teacher_ridge__seed_3,condition_recombine_pseudolabel,0.25,0.8,ridge,3,316,78,1.2468354430379747,False,1.0,1.0,1.0,reaction_role_concat,6144,random_forest,False,valid,mae,10.28770164480881,2,0.1,random,,
condition_recombine_pseudolabel__mult_0.25__sim_0.8__teacher_ridge__seed_3,condition_recombine_pseudolabel,0.25,0.8,ridge,3,316,78,1.2468354430379747,False,1.0,1.0,1.0,reaction_role_concat,6144,random_forest,False,valid,r2,0.7472844369230136,2,0.1,random,,
condition_recombine_pseudolabel__mult_0.25__sim_0.8__teacher_ridge__seed_3,condition_recombine_pseudolabel,0.25,0.8,ridge,3,316,78,1.2468354430379747,False,1.0,1.0,1.0,reaction_role_concat,6144,random_forest,False,valid,spearman,0.8671150595744491,2,0.1,random,,
condition_recombine_pseudolabel__mult_0.25__sim_0.8__teacher_ridge__seed_4,condition_recombine_pseudolabel,0.25,0.8,ridge,4,316,78,1.2468354430379747,False,1.0,1.0,1.0,reaction_role_concat,6144,random_forest,False,valid,rmse,13.347112298134613,2,0.1,random,,
condition_recombine_pseudolabel__mult_0.25__sim_0.8__teacher_ridge__seed_4,condition_recombine_pseudolabel,0.25,0.8,ridge,4,316,78,1.2468354430379747,False,1.0,1.0,1.0,reaction_role_concat,6144,random_forest,False,valid,mae,9.908633844868481,2,0.1,random,,
condition_recombine_pseudolabel__mult_0.25__sim_0.8__teacher_ridge__seed_4,condition_recombine_pseudolabel,0.25,0.8,ridge,4,316,78,1.2468354430379747,False,1.0,1.0,1.0,reaction_role_concat,6144,random_forest,False,valid,r2,0.7554116269407618,2,0.1,random,,
condition_recombine_pseudolabel__mult_0.25__sim_0.8__teacher_ridge__seed_4,condition_recombine_pseudolabel,0.25,0.8,ridge,4,316,78,1.2468354430379747,False,1.0,1.0,1.0,reaction_role_concat,6144,random_forest,False,valid,spearman,0.8705136230858074,2,0.1,random,,
condition_recombine_pseudolabel__mult_0.25__sim_0.8__teacher_rf__seed_0,condition_recombine_pseudolabel,0.25,0.8,random_forest,0,316,77,1.2436708860759493,False,1.0,1.0,1.0,reaction_role_concat,6144,random_forest,False,valid,rmse,13.635253707709335,2,0.1,random,,
condition_recombine_pseudolabel__mult_0.25__sim_0.8__teacher_rf__seed_0,condition_recombine_pseudolabel,0.25,0.8,random_forest,0,316,77,1.2436708860759493,False,1.0,1.0,1.0,reaction_role_concat,6144,random_forest,False,valid,mae,10.148664761917502,2,0.1,random,,
condition_recombine_pseudolabel__mult_0.25__sim_0.8__teacher_rf__seed_0,condition_recombine_pseudolabel,0.25,0.8,random_forest,0,316,77,1.2436708860759493,False,1.0,1.0,1.0,reaction_role_concat,6144,random_forest,False,valid,r2,0.7447371430861762,2,0.1,random,,
condition_recombine_pseudolabel__mult_0.25__sim_0.8__teacher_rf__seed_0,condition_recombine_pseudolabel,0.25,0.8,random_forest,0,316,77,1.2436708860759493,False,1.0,1.0,1.0,reaction_role_concat,6144,random_forest,False,valid,spearman,0.868569472618988,2,0.1,random,,
condition_recombine_pseudolabel__mult_0.25__sim_0.8__teacher_rf__seed_1,condition_recombine_pseudolabel,0.25,0.8,random_forest,1,316,77,1.2436708860759493,False,1.0,1.0,1.0,reaction_role_concat,6144,random_forest,False,valid,rmse,13.556509812561531,2,0.1,random,,
condition_recombine_pseudolabel__mult_0.25__sim_0.8__teacher_rf__seed_1,condition_recombine_pseudolabel,0.25,0.8,random_forest,1,316,77,1.2436708860759493,False,1.0,1.0,1.0,reaction_role_concat,6144,random_forest,False,valid,mae,9.918429653468198,2,0.1,random,,
condition_recombine_pseudolabel__mult_0.25__sim_0.8__teacher_rf__seed_1,condition_recombine_pseudolabel,0.25,0.8,random_forest,1,316,77,1.2436708860759493,False,1.0,1.0,1.0,reaction_role_concat,6144,random_forest,False,valid,r2,0.7476769272609234,2,0.1,random,,
condition_recombine_pseudolabel__mult_0.25__sim_0.8__teacher_rf__seed_1,condition_recombine_pseudolabel,0.25,0.8,random_forest,1,316,77,1.2436708860759493,False,1.0,1.0,1.0,reaction_role_concat,6144,random_forest,False,valid,spearman,0.868918422702776,2,0.1,random,,
condition_recombine_pseudolabel__mult_0.25__sim_0.8__teacher_rf__seed_2,condition_recombine_pseudolabel,0.25,0.8,random_forest,2,316,79,1.25,False,1.0,1.0,1.0,reaction_role_concat,6144,random_forest,False,valid,rmse,13.4026730999805,2,0.1,random,,
condition_recombine_pseudolabel__mult_0.25__sim_0.8__teacher_rf__seed_2,condition_recombine_pseudolabel,0.25,0.8,random_forest,2,316,79,1.25,False,1.0,1.0,1.0,reaction_role_concat,6144,random_forest,False,valid,mae,9.890074833441007,2,0.1,random,,
condition_recombine_pseudolabel__mult_0.25__sim_0.8__teacher_rf__seed_2,condition_recombine_pseudolabel,0.25,0.8,random_forest,2,316,79,1.25,False,1.0,1.0,1.0,reaction_role_concat,6144,random_forest,False,valid,r2,0.7533710640412847,2,0.1,random,,
condition_recombine_pseudolabel__mult_0.25__sim_0.8__teacher_rf__seed_2,condition_recombine_pseudolabel,0.25,0.8,random_forest,2,316,79,1.25,False,1.0,1.0,1.0,reaction_role_concat,6144,random_forest,False,valid,spearman,0.8728822775608066,2,0.1,random,,
condition_recombine_pseudolabel__mult_0.25__sim_0.8__teacher_rf__seed_3,condition_recombine_pseudolabel,0.25,0.8,random_forest,3,316,78,1.2468354430379747,False,1.0,1.0,1.0,reaction_role_concat,6144,random_forest,False,valid,rmse,13.437688109730303,2,0.1,random,,
condition_recombine_pseudolabel__mult_0.25__sim_0.8__teacher_rf__seed_3,condition_recombine_pseudolabel,0.25,0.8,random_forest,3,316,78,1.2468354430379747,False,1.0,1.0,1.0,reaction_role_concat,6144,random_forest,False,valid,mae,9.842903227609925,2,0.1,random,,
condition_recombine_pseudolabel__mult_0.25__sim_0.8__teacher_rf__seed_3,condition_recombine_pseudolabel,0.25,0.8,random_forest,3,316,78,1.2468354430379747,False,1.0,1.0,1.0,reaction_role_concat,6144,random_forest,False,valid,r2,0.7520807251507645,2,0.1,random,,
condition_recombine_pseudolabel__mult_0.25__sim_0.8__teacher_rf__seed_3,condition_recombine_pseudolabel,0.25,0.8,random_forest,3,316,78,1.2468354430379747,False,1.0,1.0,1.0,reaction_role_concat,6144,random_forest,False,valid,spearman,0.8706199438144616,2,0.1,random,,
condition_recombine_pseudolabel__mult_0.25__sim_0.8__teacher_rf__seed_4,condition_recombine_pseudolabel,0.25,0.8,random_forest,4,316,78,1.2468354430379747,False,1.0,1.0,1.0,reaction_role_concat,6144,random_forest,False,valid,rmse,13.575297917358677,2,0.1,random,,
condition_recombine_pseudolabel__mult_0.25__sim_0.8__teacher_rf__seed_4,condition_recombine_pseudolabel,0.25,0.8,random_forest,4,316,78,1.2468354430379747,False,1.0,1.0,1.0,reaction_role_concat,6144,random_forest,False,valid,mae,9.953832377000323,2,0.1,random,,
condition_recombine_pseudolabel__mult_0.25__sim_0.8__teacher_rf__seed_4,condition_recombine_pseudolabel,0.25,0.8,random_forest,4,316,78,1.2468354430379747,False,1.0,1.0,1.0,reaction_role_concat,6144,random_forest,False,valid,r2,0.7469770483876813,2,0.1,random,,
condition_recombine_pseudolabel__mult_0.25__sim_0.8__teacher_rf__seed_4,condition_recombine_pseudolabel,0.25,0.8,random_forest,4,316,78,1.2468354430379747,False,1.0,1.0,1.0,reaction_role_concat,6144,random_forest,False,valid,spearman,0.8670796193315644,2,0.1,random,,
condition_recombine_pseudolabel__mult_0.25__sim_0.9__teacher_ridge__seed_0,condition_recombine_pseudolabel,0.25,0.9,ridge,0,316,25,1.0791139240506329,False,1.0,1.0,1.0,reaction_role_concat,6144,random_forest,False,valid,rmse,13.562949194515161,2,0.1,random,,
condition_recombine_pseudolabel__mult_0.25__sim_0.9__teacher_ridge__seed_0,condition_recombine_pseudolabel,0.25,0.9,ridge,0,316,25,1.0791139240506329,False,1.0,1.0,1.0,reaction_role_concat,6144,random_forest,False,valid,mae,10.122763480865881,2,0.1,random,,
condition_recombine_pseudolabel__mult_0.25__sim_0.9__teacher_ridge__seed_0,condition_recombine_pseudolabel,0.25,0.9,ridge,0,316,25,1.0791139240506329,False,1.0,1.0,1.0,reaction_role_concat,6144,random_forest,False,valid,r2,0.7474371619294277,2,0.1,random,,
condition_recombine_pseudolabel__mult_0.25__sim_0.9__teacher_ridge__seed_0,condition_recombine_pseudolabel,0.25,0.9,ridge,0,316,25,1.0791139240506329,False,1.0,1.0,1.0,reaction_role_concat,6144,random_forest,False,valid,spearman,0.8708103864383147,2,0.1,random,,
condition_recombine_pseudolabel__mult_0.25__sim_0.9__teacher_ridge__seed_1,condition_recombine_pseudolabel,0.25,0.9,ridge,1,316,29,1.0917721518987342,False,1.0,1.0,1.0,reaction_role_concat,6144,random_forest,False,valid,rmse,13.282711809179206,2,0.1,random,,
condition_recombine_pseudolabel__mult_0.25__sim_0.9__teacher_ridge__seed_1,condition_recombine_pseudolabel,0.25,0.9,ridge,1,316,29,1.0917721518987342,False,1.0,1.0,1.0,reaction_role_concat,6144,random_forest,False,valid,mae,9.877686191216112,2,0.1,random,,
condition_recombine_pseudolabel__mult_0.25__sim_0.9__teacher_ridge__seed_1,condition_recombine_pseudolabel,0.25,0.9,ridge,1,316,29,1.0917721518987342,False,1.0,1.0,1.0,reaction_role_concat,6144,random_forest,False,valid,r2,0.7577662350850749,2,0.1,random,,
condition_recombine_pseudolabel__mult_0.25__sim_0.9__teacher_ridge__seed_1,condition_recombine_pseudolabel,0.25,0.9,ridge,1,316,29,1.0917721518987342,False,1.0,1.0,1.0,reaction_role_concat,6144,random_forest,False,valid,spearman,0.8767394222369647,2,0.1,random,,
condition_recombine_pseudolabel__mult_0.25__sim_0.9__teacher_ridge__seed_2,condition_recombine_pseudolabel,0.25,0.9,ridge,2,316,24,1.0759493670886076,False,1.0,1.0,1.0,reaction_role_concat,6144,random_forest,False,valid,rmse,13.036057686867238,2,0.1,random,,
condition_recombine_pseudolabel__mult_0.25__sim_0.9__teacher_ridge__seed_2,condition_recombine_pseudolabel,0.25,0.9,ridge,2,316,24,1.0759493670886076,False,1.0,1.0,1.0,reaction_role_concat,6144,random_forest,False,valid,mae,9.6839151803157,2,0.1,random,,
condition_recombine_pseudolabel__mult_0.25__sim_0.9__teacher_ridge__seed_2,condition_recombine_pseudolabel,0.25,0.9,ridge,2,316,24,1.0759493670886076,False,1.0,1.0,1.0,reaction_role_concat,6144,random_forest,False,valid,r2,0.7666790551293039,2,0.1,random,,
condition_recombine_pseudolabel__mult_0.25__sim_0.9__teacher_ridge__seed_2,condition_recombine_pseudolabel,0.25,0.9,ridge,2,316,24,1.0759493670886076,False,1.0,1.0,1.0,reaction_role_concat,6144,random_forest,False,valid,spearman,0.8813863780402681,2,0.1,random,,
condition_recombine_pseudolabel__mult_0.25__sim_0.9__teacher_ridge__seed_3,condition_recombine_pseudolabel,0.25,0.9,ridge,3,316,28,1.0886075949367089,False,1.0,1.0,1.0,reaction_role_concat,6144,random_forest,False,valid,rmse,13.344608261693175,2,0.1,random,,
condition_recombine_pseudolabel__mult_0.25__sim_0.9__teacher_ridge__seed_3,condition_recombine_pseudolabel,0.25,0.9,ridge,3,316,28,1.0886075949367089,False,1.0,1.0,1.0,reaction_role_concat,6144,random_forest,False,valid,mae,9.999700748085221,2,0.1,random,,
condition_recombine_pseudolabel__mult_0.25__sim_0.9__teacher_ridge__seed_3,condition_recombine_pseudolabel,0.25,0.9,ridge,3,316,28,1.0886075949367089,False,1.0,1.0,1.0,reaction_role_concat,6144,random_forest,False,valid,r2,0.75550339222067,2,0.1,random,,
condition_recombine_pseudolabel__mult_0.25__sim_0.9__teacher_ridge__seed_3,condition_recombine_pseudolabel,0.25,0.9,ridge,3,316,28,1.0886075949367089,False,1.0,1.0,1.0,reaction_role_concat,6144,random_forest,False,valid,spearman,0.8721835984867934,2,0.1,random,,
condition_recombine_pseudolabel__mult_0.25__sim_0.9__teacher_ridge__seed_4,condition_recombine_pseudolabel,0.25,0.9,ridge,4,316,31,1.0981012658227849,False,1.0,1.0,1.0,reaction_role_concat,6144,random_forest,False,valid,rmse,13.34062888092135,2,0.1,random,,
condition_recombine_pseudolabel__mult_0.25__sim_0.9__teacher_ridge__seed_4,condition_recombine_pseudolabel,0.25,0.9,ridge,4,316,31,1.0981012658227849,False,1.0,1.0,1.0,reaction_role_concat,6144,random_forest,False,valid,mae,9.90166726146148,2,0.1,random,,
condition_recombine_pseudolabel__mult_0.25__sim_0.9__teacher_ridge__seed_4,condition_recombine_pseudolabel,0.25,0.9,ridge,4,316,31,1.0981012658227849,False,1.0,1.0,1.0,reaction_role_concat,6144,random_forest,False,valid,r2,0.7556491889370522,2,0.1,random,,
condition_recombine_pseudolabel__mult_0.25__sim_0.9__teacher_ridge__seed_4,condition_recombine_pseudolabel,0.25,0.9,ridge,4,316,31,1.0981012658227849,False,1.0,1.0,1.0,reaction_role_concat,6144,random_forest,False,valid,spearman,0.8712668256104125,2,0.1,random,,
condition_recombine_pseudolabel__mult_0.25__sim_0.9__teacher_rf__seed_0,condition_recombine_pseudolabel,0.25,0.9,random_forest,0,316,25,1.0791139240506329,False,1.0,1.0,1.0,reaction_role_concat,6144,random_forest,False,valid,rmse,13.385103324161168,2,0.1,random,,
condition_recombine_pseudolabel__mult_0.25__sim_0.9__teacher_rf__seed_0,condition_recombine_pseudolabel,0.25,0.9,random_forest,0,316,25,1.0791139240506329,False,1.0,1.0,1.0,reaction_role_concat,6144,random_forest,False,valid,mae,9.895169033805214,2,0.1,random,,
condition_recombine_pseudolabel__mult_0.25__sim_0.9__teacher_rf__seed_0,condition_recombine_pseudolabel,0.25,0.9,random_forest,0,316,25,1.0791139240506329,False,1.0,1.0,1.0,reaction_role_concat,6144,random_forest,False,valid,r2,0.7540172597431406,2,0.1,random,,
condition_recombine_pseudolabel__mult_0.25__sim_0.9__teacher_rf__seed_0,condition_recombine_pseudolabel,0.25,0.9,random_forest,0,316,25,1.0791139240506329,False,1.0,1.0,1.0,reaction_role_concat,6144,random_forest,False,valid,spearman,0.8739748885653463,2,0.1,random,,
condition_recombine_pseudolabel__mult_0.25__sim_0.9__teacher_rf__seed_1,condition_recombine_pseudolabel,0.25,0.9,random_forest,1,316,29,1.0917721518987342,False,1.0,1.0,1.0,reaction_role_concat,6144,random_forest,False,valid,rmse,13.380173745573316,2,0.1,random,,
condition_recombine_pseudolabel__mult_0.25__sim_0.9__teacher_rf__seed_1,condition_recombine_pseudolabel,0.25,0.9,random_forest,1,316,29,1.0917721518987342,False,1.0,1.0,1.0,reaction_role_concat,6144,random_forest,False,valid,mae,9.883161607011587,2,0.1,random,,
condition_recombine_pseudolabel__mult_0.25__sim_0.9__teacher_rf__seed_1,condition_recombine_pseudolabel,0.25,0.9,random_forest,1,316,29,1.0917721518987342,False,1.0,1.0,1.0,reaction_role_concat,6144,random_forest,False,valid,r2,0.7541984115696647,2,0.1,random,,
condition_recombine_pseudolabel__mult_0.25__sim_0.9__teacher_rf__seed_1,condition_recombine_pseudolabel,0.25,0.9,random_forest,1,316,29,1.0917721518987342,False,1.0,1.0,1.0,reaction_role_concat,6144,random_forest,False,valid,spearman,0.8749977874437721,2,0.1,random,,
condition_recombine_pseudolabel__mult_0.25__sim_0.9__teacher_rf__seed_2,condition_recombine_pseudolabel,0.25,0.9,random_forest,2,316,24,1.0759493670886076,False,1.0,1.0,1.0,reaction_role_concat,6144,random_forest,False,valid,rmse,13.365592232174087,2,0.1,random,,
condition_recombine_pseudolabel__mult_0.25__sim_0.9__teacher_rf__seed_2,condition_recombine_pseudolabel,0.25,0.9,random_forest,2,316,24,1.0759493670886076,False,1.0,1.0,1.0,reaction_role_concat,6144,random_forest,False,valid,mae,9.868959857871639,2,0.1,random,,
condition_recombine_pseudolabel__mult_0.25__sim_0.9__teacher_rf__seed_2,condition_recombine_pseudolabel,0.25,0.9,random_forest,2,316,24,1.0759493670886076,False,1.0,1.0,1.0,reaction_role_concat,6144,random_forest,False,valid,r2,0.7547338614437576,2,0.1,random,,
condition_recombine_pseudolabel__mult_0.25__sim_0.9__teacher_rf__seed_2,condition_recombine_pseudolabel,0.25,0.9,random_forest,2,316,24,1.0759493670886076,False,1.0,1.0,1.0,reaction_role_concat,6144,random_forest,False,valid,spearman,0.8751255280994447,2,0.1,random,,
condition_recombine_pseudolabel__mult_0.25__sim_0.9__teacher_rf__seed_3,condition_recombine_pseudolabel,0.25,0.9,random_forest,3,316,28,1.0886075949367089,False,1.0,1.0,1.0,reaction_role_concat,6144,random_forest,False,valid,rmse,13.341337163187527,2,0.1,random,,
condition_recombine_pseudolabel__mult_0.25__sim_0.9__teacher_rf__seed_3,condition_recombine_pseudolabel,0.25,0.9,random_forest,3,316,28,1.0886075949367089,False,1.0,1.0,1.0,reaction_role_concat,6144,random_forest,False,valid,mae,9.839896295861163,2,0.1,random,,
condition_recombine_pseudolabel__mult_0.25__sim_0.9__teacher_rf__seed_3,condition_recombine_pseudolabel,0.25,0.9,random_forest,3,316,28,1.0886075949367089,False,1.0,1.0,1.0,reaction_role_concat,6144,random_forest,False,valid,r2,0.7556232420432355,2,0.1,random,,
condition_recombine_pseudolabel__mult_0.25__sim_0.9__teacher_rf__seed_3,condition_recombine_pseudolabel,0.25,0.9,random_forest,3,316,28,1.0886075949367089,False,1.0,1.0,1.0,reaction_role_concat,6144,random_forest,False,valid,spearman,0.8750622419514361,2,0.1,random,,
condition_recombine_pseudolabel__mult_0.25__sim_0.9__teacher_rf__seed_4,condition_recombine_pseudolabel,0.25,0.9,random_forest,4,316,31,1.0981012658227849,False,1.0,1.0,1.0,reaction_role_concat,6144,random_forest,False,valid,rmse,13.411216282865373,2,0.1,random,,
condition_recombine_pseudolabel__mult_0.25__sim_0.9__teacher_rf__seed_4,condition_recombine_pseudolabel,0.25,0.9,random_forest,4,316,31,1.0981012658227849,False,1.0,1.0,1.0,reaction_role_concat,6144,random_forest,False,valid,mae,9.84116261444967,2,0.1,random,,
condition_recombine_pseudolabel__mult_0.25__sim_0.9__teacher_rf__seed_4,condition_recombine_pseudolabel,0.25,0.9,random_forest,4,316,31,1.0981012658227849,False,1.0,1.0,1.0,reaction_role_concat,6144,random_forest,False,valid,r2,0.7530565495241267,2,0.1,random,,
condition_recombine_pseudolabel__mult_0.25__sim_0.9__teacher_rf__seed_4,condition_recombine_pseudolabel,0.25,0.9,random_forest,4,316,31,1.0981012658227849,False,1.0,1.0,1.0,reaction_role_concat,6144,random_forest,False,valid,spearman,0.8730479899052841,2,0.1,random,,
condition_recombine_pseudolabel__mult_0.5__sim_0.7__teacher_ridge__seed_0,condition_recombine_pseudolabel,0.5,0.7,ridge,0,316,158,1.5,False,1.0,1.0,1.0,reaction_role_concat,6144,random_forest,False,valid,rmse,13.9721431272997,2,0.1,random,,
condition_recombine_pseudolabel__mult_0.5__sim_0.7__teacher_ridge__seed_0,condition_recombine_pseudolabel,0.5,0.7,ridge,0,316,158,1.5,False,1.0,1.0,1.0,reaction_role_concat,6144,random_forest,False,valid,mae,10.710122024761349,2,0.1,random,,
condition_recombine_pseudolabel__mult_0.5__sim_0.7__teacher_ridge__seed_0,condition_recombine_pseudolabel,0.5,0.7,ridge,0,316,158,1.5,False,1.0,1.0,1.0,reaction_role_concat,6144,random_forest,False,valid,r2,0.7319676396633241,2,0.1,random,,
condition_recombine_pseudolabel__mult_0.5__sim_0.7__teacher_ridge__seed_0,condition_recombine_pseudolabel,0.5,0.7,ridge,0,316,158,1.5,False,1.0,1.0,1.0,reaction_role_concat,6144,random_forest,False,valid,spearman,0.8620778716461951,2,0.1,random,,
condition_recombine_pseudolabel__mult_0.5__sim_0.7__teacher_ridge__seed_1,condition_recombine_pseudolabel,0.5,0.7,ridge,1,316,158,1.5,False,1.0,1.0,1.0,reaction_role_concat,6144,random_forest,False,valid,rmse,13.908588005543569,2,0.1,random,,
condition_recombine_pseudolabel__mult_0.5__sim_0.7__teacher_ridge__seed_1,condition_recombine_pseudolabel,0.5,0.7,ridge,1,316,158,1.5,False,1.0,1.0,1.0,reaction_role_concat,6144,random_forest,False,valid,mae,10.600650262267152,2,0.1,random,,
condition_recombine_pseudolabel__mult_0.5__sim_0.7__teacher_ridge__seed_1,condition_recombine_pseudolabel,0.5,0.7,ridge,1,316,158,1.5,False,1.0,1.0,1.0,reaction_role_concat,6144,random_forest,False,valid,r2,0.734400492799168,2,0.1,random,,
condition_recombine_pseudolabel__mult_0.5__sim_0.7__teacher_ridge__seed_1,condition_recombine_pseudolabel,0.5,0.7,ridge,1,316,158,1.5,False,1.0,1.0,1.0,reaction_role_concat,6144,random_forest,False,valid,spearman,0.8660082335274336,2,0.1,random,,
condition_recombine_pseudolabel__mult_0.5__sim_0.7__teacher_ridge__seed_2,condition_recombine_pseudolabel,0.5,0.7,ridge,2,316,158,1.5,False,1.0,1.0,1.0,reaction_role_concat,6144,random_forest,False,valid,rmse,13.23774952440952,2,0.1,random,,
condition_recombine_pseudolabel__mult_0.5__sim_0.7__teacher_ridge__seed_2,condition_recombine_pseudolabel,0.5,0.7,ridge,2,316,158,1.5,False,1.0,1.0,1.0,reaction_role_concat,6144,random_forest,False,valid,mae,10.400821450006356,2,0.1,random,,
condition_recombine_pseudolabel__mult_0.5__sim_0.7__teacher_ridge__seed_2,condition_recombine_pseudolabel,0.5,0.7,ridge,2,316,158,1.5,False,1.0,1.0,1.0,reaction_role_concat,6144,random_forest,False,valid,r2,0.7594033932020872,2,0.1,random,,
condition_recombine_pseudolabel__mult_0.5__sim_0.7__teacher_ridge__seed_2,condition_recombine_pseudolabel,0.5,0.7,ridge,2,316,158,1.5,False,1.0,1.0,1.0,reaction_role_concat,6144,random_forest,False,valid,spearman,0.8754886932257084,2,0.1,random,,
condition_recombine_pseudolabel__mult_0.5__sim_0.7__teacher_ridge__seed_3,condition_recombine_pseudolabel,0.5,0.7,ridge,3,316,158,1.5,False,1.0,1.0,1.0,reaction_role_concat,6144,random_forest,False,valid,rmse,13.557209585892132,2,0.1,random,,
condition_recombine_pseudolabel__mult_0.5__sim_0.7__teacher_ridge__seed_3,condition_recombine_pseudolabel,0.5,0.7,ridge,3,316,158,1.5,False,1.0,1.0,1.0,reaction_role_concat,6144,random_forest,False,valid,mae,10.256208924555514,2,0.1,random,,
condition_recombine_pseudolabel__mult_0.5__sim_0.7__teacher_ridge__seed_3,condition_recombine_pseudolabel,0.5,0.7,ridge,3,316,158,1.5,False,1.0,1.0,1.0,reaction_role_concat,6144,random_forest,False,valid,r2,0.7476508772647821,2,0.1,random,,
condition_recombine_pseudolabel__mult_0.5__sim_0.7__teacher_ridge__seed_3,condition_recombine_pseudolabel,0.5,0.7,ridge,3,316,158,1.5,False,1.0,1.0,1.0,reaction_role_concat,6144,random_forest,False,valid,spearman,0.8687811404432499,2,0.1,random,,
condition_recombine_pseudolabel__mult_0.5__sim_0.7__teacher_ridge__seed_4,condition_recombine_pseudolabel,0.5,0.7,ridge,4,316,158,1.5,False,1.0,1.0,1.0,reaction_role_concat,6144,random_forest,False,valid,rmse,13.503336438247892,2,0.1,random,,
condition_recombine_pseudolabel__mult_0.5__sim_0.7__teacher_ridge__seed_4,condition_recombine_pseudolabel,0.5,0.7,ridge,4,316,158,1.5,False,1.0,1.0,1.0,reaction_role_concat,6144,random_forest,False,valid,mae,10.165841081616056,2,0.1,random,,
condition_recombine_pseudolabel__mult_0.5__sim_0.7__teacher_ridge__seed_4,condition_recombine_pseudolabel,0.5,0.7,ridge,4,316,158,1.5,False,1.0,1.0,1.0,reaction_role_concat,6144,random_forest,False,valid,r2,0.7496524440498887,2,0.1,random,,
condition_recombine_pseudolabel__mult_0.5__sim_0.7__teacher_ridge__seed_4,condition_recombine_pseudolabel,0.5,0.7,ridge,4,316,158,1.5,False,1.0,1.0,1.0,reaction_role_concat,6144,random_forest,False,valid,spearman,0.8698324694066272,2,0.1,random,,
condition_recombine_pseudolabel__mult_0.5__sim_0.7__teacher_rf__seed_0,condition_recombine_pseudolabel,0.5,0.7,random_forest,0,316,158,1.5,False,1.0,1.0,1.0,reaction_role_concat,6144,random_forest,False,valid,rmse,13.37405508546632,2,0.1,random,,
condition_recombine_pseudolabel__mult_0.5__sim_0.7__teacher_rf__seed_0,condition_recombine_pseudolabel,0.5,0.7,random_forest,0,316,158,1.5,False,1.0,1.0,1.0,reaction_role_concat,6144,random_forest,False,valid,mae,9.864416322432175,2,0.1,random,,
condition_recombine_pseudolabel__mult_0.5__sim_0.7__teacher_rf__seed_0,condition_recombine_pseudolabel,0.5,0.7,random_forest,0,316,158,1.5,False,1.0,1.0,1.0,reaction_role_concat,6144,random_forest,False,valid,r2,0.7544231668715023,2,0.1,random,,
condition_recombine_pseudolabel__mult_0.5__sim_0.7__teacher_rf__seed_0,condition_recombine_pseudolabel,0.5,0.7,random_forest,0,316,158,1.5,False,1.0,1.0,1.0,reaction_role_concat,6144,random_forest,False,valid,spearman,0.8710095917595845,2,0.1,random,,
condition_recombine_pseudolabel__mult_0.5__sim_0.7__teacher_rf__seed_1,condition_recombine_pseudolabel,0.5,0.7,random_forest,1,316,158,1.5,False,1.0,1.0,1.0,reaction_role_concat,6144,random_forest,False,valid,rmse,13.99025027324194,2,0.1,random,,
condition_recombine_pseudolabel__mult_0.5__sim_0.7__teacher_rf__seed_1,condition_recombine_pseudolabel,0.5,0.7,random_forest,1,316,158,1.5,False,1.0,1.0,1.0,reaction_role_concat,6144,random_forest,False,valid,mae,10.084897219432872,2,0.1,random,,
condition_recombine_pseudolabel__mult_0.5__sim_0.7__teacher_rf__seed_1,condition_recombine_pseudolabel,0.5,0.7,random_forest,1,316,158,1.5,False,1.0,1.0,1.0,reaction_role_concat,6144,random_forest,False,valid,r2,0.7312724784657648,2,0.1,random,,
condition_recombine_pseudolabel__mult_0.5__sim_0.7__teacher_rf__seed_1,condition_recombine_pseudolabel,0.5,0.7,random_forest,1,316,158,1.5,False,1.0,1.0,1.0,reaction_role_concat,6144,random_forest,False,valid,spearman,0.8607280267908273,2,0.1,random,,
condition_recombine_pseudolabel__mult_0.5__sim_0.7__teacher_rf__seed_2,condition_recombine_pseudolabel,0.5,0.7,random_forest,2,316,158,1.5,False,1.0,1.0,1.0,reaction_role_concat,6144,random_forest,False,valid,rmse,13.478278332668575,2,0.1,random,,
condition_recombine_pseudolabel__mult_0.5__sim_0.7__teacher_rf__seed_2,condition_recombine_pseudolabel,0.5,0.7,random_forest,2,316,158,1.5,False,1.0,1.0,1.0,reaction_role_concat,6144,random_forest,False,valid,mae,9.876162351326853,2,0.1,random,,
condition_recombine_pseudolabel__mult_0.5__sim_0.7__teacher_rf__seed_2,condition_recombine_pseudolabel,0.5,0.7,random_forest,2,316,158,1.5,False,1.0,1.0,1.0,reaction_role_concat,6144,random_forest,False,valid,r2,0.7505807205397714,2,0.1,random,,
condition_recombine_pseudolabel__mult_0.5__sim_0.7__teacher_rf__seed_2,condition_recombine_pseudolabel,0.5,0.7,random_forest,2,316,158,1.5,False,1.0,1.0,1.0,reaction_role_concat,6144,random_forest,False,valid,spearman,0.8723572946222504,2,0.1,random,,
condition_recombine_pseudolabel__mult_0.5__sim_0.7__teacher_rf__seed_3,condition_recombine_pseudolabel,0.5,0.7,random_forest,3,316,158,1.5,False,1.0,1.0,1.0,reaction_role_concat,6144,random_forest,False,valid,rmse,13.436499487412531,2,0.1,random,,
condition_recombine_pseudolabel__mult_0.5__sim_0.7__teacher_rf__seed_3,condition_recombine_pseudolabel,0.5,0.7,random_forest,3,316,158,1.5,False,1.0,1.0,1.0,reaction_role_concat,6144,random_forest,False,valid,mae,9.890027542239313,2,0.1,random,,
condition_recombine_pseudolabel__mult_0.5__sim_0.7__teacher_rf__seed_3,condition_recombine_pseudolabel,0.5,0.7,random_forest,3,316,158,1.5,False,1.0,1.0,1.0,reaction_role_concat,6144,random_forest,False,valid,r2,0.7521245823005528,2,0.1,random,,
condition_recombine_pseudolabel__mult_0.5__sim_0.7__teacher_rf__seed_3,condition_recombine_pseudolabel,0.5,0.7,random_forest,3,316,158,1.5,False,1.0,1.0,1.0,reaction_role_concat,6144,random_forest,False,valid,spearman,0.8708002606546335,2,0.1,random,,
condition_recombine_pseudolabel__mult_0.5__sim_0.7__teacher_rf__seed_4,condition_recombine_pseudolabel,0.5,0.7,random_forest,4,316,158,1.5,False,1.0,1.0,1.0,reaction_role_concat,6144,random_forest,False,valid,rmse,13.823122520893062,2,0.1,random,,
condition_recombine_pseudolabel__mult_0.5__sim_0.7__teacher_rf__seed_4,condition_recombine_pseudolabel,0.5,0.7,random_forest,4,316,158,1.5,False,1.0,1.0,1.0,reaction_role_concat,6144,random_forest,False,valid,mae,9.984335778648907,2,0.1,random,,
condition_recombine_pseudolabel__mult_0.5__sim_0.7__teacher_rf__seed_4,condition_recombine_pseudolabel,0.5,0.7,random_forest,4,316,158,1.5,False,1.0,1.0,1.0,reaction_role_concat,6144,random_forest,False,valid,r2,0.7376545755831729,2,0.1,random,,
condition_recombine_pseudolabel__mult_0.5__sim_0.7__teacher_rf__seed_4,condition_recombine_pseudolabel,0.5,0.7,random_forest,4,316,158,1.5,False,1.0,1.0,1.0,reaction_role_concat,6144,random_forest,False,valid,spearman,0.8611681089277475,2,0.1,random,,
condition_recombine_pseudolabel__mult_0.5__sim_0.8__teacher_ridge__seed_0,condition_recombine_pseudolabel,0.5,0.8,ridge,0,316,155,1.490506329113924,False,1.0,1.0,1.0,reaction_role_concat,6144,random_forest,False,valid,rmse,13.777964179711514,2,0.1,random,,
condition_recombine_pseudolabel__mult_0.5__sim_0.8__teacher_ridge__seed_0,condition_recombine_pseudolabel,0.5,0.8,ridge,0,316,155,1.490506329113924,False,1.0,1.0,1.0,reaction_role_concat,6144,random_forest,False,valid,mae,10.517174081876119,2,0.1,random,,
condition_recombine_pseudolabel__mult_0.5__sim_0.8__teacher_ridge__seed_0,condition_recombine_pseudolabel,0.5,0.8,ridge,0,316,155,1.490506329113924,False,1.0,1.0,1.0,reaction_role_concat,6144,random_forest,False,valid,r2,0.7393658723939662,2,0.1,random,,
condition_recombine_pseudolabel__mult_0.5__sim_0.8__teacher_ridge__seed_0,condition_recombine_pseudolabel,0.5,0.8,ridge,0,316,155,1.490506329113924,False,1.0,1.0,1.0,reaction_role_concat,6144,random_forest,False,valid,spearman,0.8679543312603458,2,0.1,random,,
condition_recombine_pseudolabel__mult_0.5__sim_0.8__teacher_ridge__seed_1,condition_recombine_pseudolabel,0.5,0.8,ridge,1,316,156,1.4936708860759493,False,1.0,1.0,1.0,reaction_role_concat,6144,random_forest,False,valid,rmse,13.9474805559552,2,0.1,random,,
condition_recombine_pseudolabel__mult_0.5__sim_0.8__teacher_ridge__seed_1,condition_recombine_pseudolabel,0.5,0.8,ridge,1,316,156,1.4936708860759493,False,1.0,1.0,1.0,reaction_role_concat,6144,random_forest,False,valid,mae,10.518068439590026,2,0.1,random,,
condition_recombine_pseudolabel__mult_0.5__sim_0.8__teacher_ridge__seed_1,condition_recombine_pseudolabel,0.5,0.8,ridge,1,316,156,1.4936708860759493,False,1.0,1.0,1.0,reaction_role_concat,6144,random_forest,False,valid,r2,0.7329130255055529,2,0.1,random,,
condition_recombine_pseudolabel__mult_0.5__sim_0.8__teacher_ridge__seed_1,condition_recombine_pseudolabel,0.5,0.8,ridge,1,316,156,1.4936708860759493,False,1.0,1.0,1.0,reaction_role_concat,6144,random_forest,False,valid,spearman,0.8645495364974912,2,0.1,random,,
condition_recombine_pseudolabel__mult_0.5__sim_0.8__teacher_ridge__seed_2,condition_recombine_pseudolabel,0.5,0.8,ridge,2,316,156,1.4936708860759493,False,1.0,1.0,1.0,reaction_role_concat,6144,random_forest,False,valid,rmse,13.285706789738798,2,0.1,random,,
condition_recombine_pseudolabel__mult_0.5__sim_0.8__teacher_ridge__seed_2,condition_recombine_pseudolabel,0.5,0.8,ridge,2,316,156,1.4936708860759493,False,1.0,1.0,1.0,reaction_role_concat,6144,random_forest,False,valid,mae,10.429906511532357,2,0.1,random,,
condition_recombine_pseudolabel__mult_0.5__sim_0.8__teacher_ridge__seed_2,condition_recombine_pseudolabel,0.5,0.8,ridge,2,316,156,1.4936708860759493,False,1.0,1.0,1.0,reaction_role_concat,6144,random_forest,False,valid,r2,0.7576569852243082,2,0.1,random,,
condition_recombine_pseudolabel__mult_0.5__sim_0.8__teacher_ridge__seed_2,condition_recombine_pseudolabel,0.5,0.8,ridge,2,316,156,1.4936708860759493,False,1.0,1.0,1.0,reaction_role_concat,6144,random_forest,False,valid,spearman,0.8736697519686412,2,0.1,random,,
condition_recombine_pseudolabel__mult_0.5__sim_0.8__teacher_ridge__seed_3,condition_recombine_pseudolabel,0.5,0.8,ridge,3,316,157,1.4968354430379747,False,1.0,1.0,1.0,reaction_role_concat,6144,random_forest,False,valid,rmse,13.608413950193492,2,0.1,random,,
condition_recombine_pseudolabel__mult_0.5__sim_0.8__teacher_ridge__seed_3,condition_recombine_pseudolabel,0.5,0.8,ridge,3,316,157,1.4968354430379747,False,1.0,1.0,1.0,reaction_role_concat,6144,random_forest,False,valid,mae,10.3065543185895,2,0.1,random,,
condition_recombine_pseudolabel__mult_0.5__sim_0.8__teacher_ridge__seed_3,condition_recombine_pseudolabel,0.5,0.8,ridge,3,316,157,1.4968354430379747,False,1.0,1.0,1.0,reaction_role_concat,6144,random_forest,False,valid,r2,0.7457410774981903,2,0.1,random,,
condition_recombine_pseudolabel__mult_0.5__sim_0.8__teacher_ridge__seed_3,condition_recombine_pseudolabel,0.5,0.8,ridge,3,316,157,1.4968354430379747,False,1.0,1.0,1.0,reaction_role_concat,6144,random_forest,False,valid,spearman,0.8682107862047369,2,0.1,random,,
condition_recombine_pseudolabel__mult_0.5__sim_0.8__teacher_ridge__seed_4,condition_recombine_pseudolabel,0.5,0.8,ridge,4,316,157,1.4968354430379747,False,1.0,1.0,1.0,reaction_role_concat,6144,random_forest,False,valid,rmse,13.510007888895611,2,0.1,random,,
condition_recombine_pseudolabel__mult_0.5__sim_0.8__teacher_ridge__seed_4,condition_recombine_pseudolabel,0.5,0.8,ridge,4,316,157,1.4968354430379747,False,1.0,1.0,1.0,reaction_role_concat,6144,random_forest,False,valid,mae,10.145235367959248,2,0.1,random,,
condition_recombine_pseudolabel__mult_0.5__sim_0.8__teacher_ridge__seed_4,condition_recombine_pseudolabel,0.5,0.8,ridge,4,316,157,1.4968354430379747,False,1.0,1.0,1.0,reaction_role_concat,6144,random_forest,False,valid,r2,0.7494050098018625,2,0.1,random,,
condition_recombine_pseudolabel__mult_0.5__sim_0.8__teacher_ridge__seed_4,condition_recombine_pseudolabel,0.5,0.8,ridge,4,316,157,1.4968354430379747,False,1.0,1.0,1.0,reaction_role_concat,6144,random_forest,False,valid,spearman,0.8703695253949574,2,0.1,random,,
condition_recombine_pseudolabel__mult_0.5__sim_0.8__teacher_rf__seed_0,condition_recombine_pseudolabel,0.5,0.8,random_forest,0,316,155,1.490506329113924,False,1.0,1.0,1.0,reaction_role_concat,6144,random_forest,False,valid,rmse,13.426359703179862,2,0.1,random,,
condition_recombine_pseudolabel__mult_0.5__sim_0.8__teacher_rf__seed_0,condition_recombine_pseudolabel,0.5,0.8,random_forest,0,316,155,1.490506329113924,False,1.0,1.0,1.0,reaction_role_concat,6144,random_forest,False,valid,mae,9.883070896328439,2,0.1,random,,
condition_recombine_pseudolabel__mult_0.5__sim_0.8__teacher_rf__seed_0,condition_recombine_pseudolabel,0.5,0.8,random_forest,0,316,155,1.490506329113924,False,1.0,1.0,1.0,reaction_role_concat,6144,random_forest,False,valid,r2,0.7524985569196243,2,0.1,random,,
condition_recombine_pseudolabel__mult_0.5__sim_0.8__teacher_rf__seed_0,condition_recombine_pseudolabel,0.5,0.8,random_forest,0,316,155,1.490506329113924,False,1.0,1.0,1.0,reaction_role_concat,6144,random_forest,False,valid,spearman,0.8707280170825991,2,0.1,random,,
condition_recombine_pseudolabel__mult_0.5__sim_0.8__teacher_rf__seed_1,condition_recombine_pseudolabel,0.5,0.8,random_forest,1,316,156,1.4936708860759493,False,1.0,1.0,1.0,reaction_role_concat,6144,random_forest,False,valid,rmse,13.865860186649341,2,0.1,random,,
condition_recombine_pseudolabel__mult_0.5__sim_0.8__teacher_rf__seed_1,condition_recombine_pseudolabel,0.5,0.8,random_forest,1,316,156,1.4936708860759493,False,1.0,1.0,1.0,reaction_role_concat,6144,random_forest,False,valid,mae,9.970767125299083,2,0.1,random,,
condition_recombine_pseudolabel__mult_0.5__sim_0.8__teacher_rf__seed_1,condition_recombine_pseudolabel,0.5,0.8,random_forest,1,316,156,1.4936708860759493,False,1.0,1.0,1.0,reaction_role_concat,6144,random_forest,False,valid,r2,0.7360298538961896,2,0.1,random,,
condition_recombine_pseudolabel__mult_0.5__sim_0.8__teacher_rf__seed_1,condition_recombine_pseudolabel,0.5,0.8,random_forest,1,316,156,1.4936708860759493,False,1.0,1.0,1.0,reaction_role_concat,6144,random_forest,False,valid,spearman,0.8632528520064504,2,0.1,random,,
condition_recombine_pseudolabel__mult_0.5__sim_0.8__teacher_rf__seed_2,condition_recombine_pseudolabel,0.5,0.8,random_forest,2,316,156,1.4936708860759493,False,1.0,1.0,1.0,reaction_role_concat,6144,random_forest,False,valid,rmse,13.551977341090195,2,0.1,random,,
condition_recombine_pseudolabel__mult_0.5__sim_0.8__teacher_rf__seed_2,condition_recombine_pseudolabel,0.5,0.8,random_forest,2,316,156,1.4936708860759493,False,1.0,1.0,1.0,reaction_role_concat,6144,random_forest,False,valid,mae,10.02898631781981,2,0.1,random,,
condition_recombine_pseudolabel__mult_0.5__sim_0.8__teacher_rf__seed_2,condition_recombine_pseudolabel,0.5,0.8,random_forest,2,316,156,1.4936708860759493,False,1.0,1.0,1.0,reaction_role_concat,6144,random_forest,False,valid,r2,0.7478456220004361,2,0.1,random,,
condition_recombine_pseudolabel__mult_0.5__sim_0.8__teacher_rf__seed_2,condition_recombine_pseudolabel,0.5,0.8,random_forest,2,316,156,1.4936708860759493,False,1.0,1.0,1.0,reaction_role_concat,6144,random_forest,False,valid,spearman,0.8695910084111489,2,0.1,random,,
condition_recombine_pseudolabel__mult_0.5__sim_0.8__teacher_rf__seed_3,condition_recombine_pseudolabel,0.5,0.8,random_forest,3,316,157,1.4968354430379747,False,1.0,1.0,1.0,reaction_role_concat,6144,random_forest,False,valid,rmse,13.630124341451946,2,0.1,random,,
condition_recombine_pseudolabel__mult_0.5__sim_0.8__teacher_rf__seed_3,condition_recombine_pseudolabel,0.5,0.8,random_forest,3,316,157,1.4968354430379747,False,1.0,1.0,1.0,reaction_role_concat,6144,random_forest,False,valid,mae,9.942265982532426,2,0.1,random,,
condition_recombine_pseudolabel__mult_0.5__sim_0.8__teacher_rf__seed_3,condition_recombine_pseudolabel,0.5,0.8,random_forest,3,316,157,1.4968354430379747,False,1.0,1.0,1.0,reaction_role_concat,6144,random_forest,False,valid,r2,0.7449291586419158,2,0.1,random,,
condition_recombine_pseudolabel__mult_0.5__sim_0.8__teacher_rf__seed_3,condition_recombine_pseudolabel,0.5,0.8,random_forest,3,316,157,1.4968354430379747,False,1.0,1.0,1.0,reaction_role_concat,6144,random_forest,False,valid,spearman,0.8689680779881364,2,0.1,random,,
condition_recombine_pseudolabel__mult_0.5__sim_0.8__teacher_rf__seed_4,condition_recombine_pseudolabel,0.5,0.8,random_forest,4,316,157,1.4968354430379747,False,1.0,1.0,1.0,reaction_role_concat,6144,random_forest,False,valid,rmse,13.719378422968582,2,0.1,random,,
condition_recombine_pseudolabel__mult_0.5__sim_0.8__teacher_rf__seed_4,condition_recombine_pseudolabel,0.5,0.8,random_forest,4,316,157,1.4968354430379747,False,1.0,1.0,1.0,reaction_role_concat,6144,random_forest,False,valid,mae,10.001855551452577,2,0.1,random,,
condition_recombine_pseudolabel__mult_0.5__sim_0.8__teacher_rf__seed_4,condition_recombine_pseudolabel,0.5,0.8,random_forest,4,316,157,1.4968354430379747,False,1.0,1.0,1.0,reaction_role_concat,6144,random_forest,False,valid,r2,0.7415776626886241,2,0.1,random,,
condition_recombine_pseudolabel__mult_0.5__sim_0.8__teacher_rf__seed_4,condition_recombine_pseudolabel,0.5,0.8,random_forest,4,316,157,1.4968354430379747,False,1.0,1.0,1.0,reaction_role_concat,6144,random_forest,False,valid,spearman,0.8651109333119785,2,0.1,random,,
condition_recombine_pseudolabel__mult_0.5__sim_0.9__teacher_ridge__seed_0,condition_recombine_pseudolabel,0.5,0.9,ridge,0,316,49,1.1550632911392404,False,1.0,1.0,1.0,reaction_role_concat,6144,random_forest,False,valid,rmse,13.702292166784808,2,0.1,random,,
condition_recombine_pseudolabel__mult_0.5__sim_0.9__teacher_ridge__seed_0,condition_recombine_pseudolabel,0.5,0.9,ridge,0,316,49,1.1550632911392404,False,1.0,1.0,1.0,reaction_role_concat,6144,random_forest,False,valid,mae,10.276140341814747,2,0.1,random,,
condition_recombine_pseudolabel__mult_0.5__sim_0.9__teacher_ridge__seed_0,condition_recombine_pseudolabel,0.5,0.9,ridge,0,316,49,1.1550632911392404,False,1.0,1.0,1.0,reaction_role_concat,6144,random_forest,False,valid,r2,0.7422209455818629,2,0.1,random,,
condition_recombine_pseudolabel__mult_0.5__sim_0.9__teacher_ridge__seed_0,condition_recombine_pseudolabel,0.5,0.9,ridge,0,316,49,1.1550632911392404,False,1.0,1.0,1.0,reaction_role_concat,6144,random_forest,False,valid,spearman,0.8679031181621113,2,0.1,random,,
condition_recombine_pseudolabel__mult_0.5__sim_0.9__teacher_ridge__seed_1,condition_recombine_pseudolabel,0.5,0.9,ridge,1,316,62,1.1962025316455696,False,1.0,1.0,1.0,reaction_role_concat,6144,random_forest,False,valid,rmse,13.563568500744047,2,0.1,random,,
condition_recombine_pseudolabel__mult_0.5__sim_0.9__teacher_ridge__seed_1,condition_recombine_pseudolabel,0.5,0.9,ridge,1,316,62,1.1962025316455696,False,1.0,1.0,1.0,reaction_role_concat,6144,random_forest,False,valid,mae,10.313240753483168,2,0.1,random,,
condition_recombine_pseudolabel__mult_0.5__sim_0.9__teacher_ridge__seed_1,condition_recombine_pseudolabel,0.5,0.9,ridge,1,316,62,1.1962025316455696,False,1.0,1.0,1.0,reaction_role_concat,6144,random_forest,False,valid,r2,0.7474140965462854,2,0.1,random,,
condition_recombine_pseudolabel__mult_0.5__sim_0.9__teacher_ridge__seed_1,condition_recombine_pseudolabel,0.5,0.9,ridge,1,316,62,1.1962025316455696,False,1.0,1.0,1.0,reaction_role_concat,6144,random_forest,False,valid,spearman,0.8714701201904765,2,0.1,random,,
condition_recombine_pseudolabel__mult_0.5__sim_0.9__teacher_ridge__seed_2,condition_recombine_pseudolabel,0.5,0.9,ridge,2,316,53,1.1677215189873418,False,1.0,1.0,1.0,reaction_role_concat,6144,random_forest,False,valid,rmse,13.072699186387885,2,0.1,random,,
condition_recombine_pseudolabel__mult_0.5__sim_0.9__teacher_ridge__seed_2,condition_recombine_pseudolabel,0.5,0.9,ridge,2,316,53,1.1677215189873418,False,1.0,1.0,1.0,reaction_role_concat,6144,random_forest,False,valid,mae,10.026925822306849,2,0.1,random,,
condition_recombine_pseudolabel__mult_0.5__sim_0.9__teacher_ridge__seed_2,condition_recombine_pseudolabel,0.5,0.9,ridge,2,316,53,1.1677215189873418,False,1.0,1.0,1.0,reaction_role_concat,6144,random_forest,False,valid,r2,0.7653655837563349,2,0.1,random,,
condition_recombine_pseudolabel__mult_0.5__sim_0.9__teacher_ridge__seed_2,condition_recombine_pseudolabel,0.5,0.9,ridge,2,316,53,1.1677215189873418,False,1.0,1.0,1.0,reaction_role_concat,6144,random_forest,False,valid,spearman,0.8806559585289458,2,0.1,random,,
condition_recombine_pseudolabel__mult_0.5__sim_0.9__teacher_ridge__seed_3,condition_recombine_pseudolabel,0.5,0.9,ridge,3,316,53,1.1677215189873418,False,1.0,1.0,1.0,reaction_role_concat,6144,random_forest,False,valid,rmse,13.358978480614224,2,0.1,random,,
condition_recombine_pseudolabel__mult_0.5__sim_0.9__teacher_ridge__seed_3,condition_recombine_pseudolabel,0.5,0.9,ridge,3,316,53,1.1677215189873418,False,1.0,1.0,1.0,reaction_role_concat,6144,random_forest,False,valid,mae,10.016910373088303,2,0.1,random,,
condition_recombine_pseudolabel__mult_0.5__sim_0.9__teacher_ridge__seed_3,condition_recombine_pseudolabel,0.5,0.9,ridge,3,316,53,1.1677215189873418,False,1.0,1.0,1.0,reaction_role_concat,6144,random_forest,False,valid,r2,0.7549765335133216,2,0.1,random,,
condition_recombine_pseudolabel__mult_0.5__sim_0.9__teacher_ridge__seed_3,condition_recombine_pseudolabel,0.5,0.9,ridge,3,316,53,1.1677215189873418,False,1.0,1.0,1.0,reaction_role_concat,6144,random_forest,False,valid,spearman,0.8729021396749509,2,0.1,random,,
condition_recombine_pseudolabel__mult_0.5__sim_0.9__teacher_ridge__seed_4,condition_recombine_pseudolabel,0.5,0.9,ridge,4,316,50,1.1582278481012658,False,1.0,1.0,1.0,reaction_role_concat,6144,random_forest,False,valid,rmse,13.487368461975754,2,0.1,random,,
condition_recombine_pseudolabel__mult_0.5__sim_0.9__teacher_ridge__seed_4,condition_recombine_pseudolabel,0.5,0.9,ridge,4,316,50,1.1582278481012658,False,1.0,1.0,1.0,reaction_role_concat,6144,random_forest,False,valid,mae,10.00588316666382,2,0.1,random,,
condition_recombine_pseudolabel__mult_0.5__sim_0.9__teacher_ridge__seed_4,condition_recombine_pseudolabel,0.5,0.9,ridge,4,316,50,1.1582278481012658,False,1.0,1.0,1.0,reaction_role_concat,6144,random_forest,False,valid,r2,0.7502441763616909,2,0.1,random,,
condition_recombine_pseudolabel__mult_0.5__sim_0.9__teacher_ridge__seed_4,condition_recombine_pseudolabel,0.5,0.9,ridge,4,316,50,1.1582278481012658,False,1.0,1.0,1.0,reaction_role_concat,6144,random_forest,False,valid,spearman,0.8687104546840897,2,0.1,random,,
condition_recombine_pseudolabel__mult_0.5__sim_0.9__teacher_rf__seed_0,condition_recombine_pseudolabel,0.5,0.9,random_forest,0,316,49,1.1550632911392404,False,1.0,1.0,1.0,reaction_role_concat,6144,random_forest,False,valid,rmse,13.360528018367868,2,0.1,random,,
condition_recombine_pseudolabel__mult_0.5__sim_0.9__teacher_rf__seed_0,condition_recombine_pseudolabel,0.5,0.9,random_forest,0,316,49,1.1550632911392404,False,1.0,1.0,1.0,reaction_role_concat,6144,random_forest,False,valid,mae,9.814105779875872,2,0.1,random,,
condition_recombine_pseudolabel__mult_0.5__sim_0.9__teacher_rf__seed_0,condition_recombine_pseudolabel,0.5,0.9,random_forest,0,316,49,1.1550632911392404,False,1.0,1.0,1.0,reaction_role_concat,6144,random_forest,False,valid,r2,0.7549196885783639,2,0.1,random,,
condition_recombine_pseudolabel__mult_0.5__sim_0.9__teacher_rf__seed_0,condition_recombine_pseudolabel,0.5,0.9,random_forest,0,316,49,1.1550632911392404,False,1.0,1.0,1.0,reaction_role_concat,6144,random_forest,False,valid,spearman,0.8742654206663575,2,0.1,random,,
condition_recombine_pseudolabel__mult_0.5__sim_0.9__teacher_rf__seed_1,condition_recombine_pseudolabel,0.5,0.9,random_forest,1,316,62,1.1962025316455696,False,1.0,1.0,1.0,reaction_role_concat,6144,random_forest,False,valid,rmse,13.592067364250582,2,0.1,random,,
condition_recombine_pseudolabel__mult_0.5__sim_0.9__teacher_rf__seed_1,condition_recombine_pseudolabel,0.5,0.9,random_forest,1,316,62,1.1962025316455696,False,1.0,1.0,1.0,reaction_role_concat,6144,random_forest,False,valid,mae,9.979033244646425,2,0.1,random,,
condition_recombine_pseudolabel__mult_0.5__sim_0.9__teacher_rf__seed_1,condition_recombine_pseudolabel,0.5,0.9,random_forest,1,316,62,1.1962025316455696,False,1.0,1.0,1.0,reaction_role_concat,6144,random_forest,False,valid,r2,0.7463515482064413,2,0.1,random,,
condition_recombine_pseudolabel__mult_0.5__sim_0.9__teacher_rf__seed_1,condition_recombine_pseudolabel,0.5,0.9,random_forest,1,316,62,1.1962025316455696,False,1.0,1.0,1.0,reaction_role_concat,6144,random_forest,False,valid,spearman,0.8686580732261997,2,0.1,random,,
condition_recombine_pseudolabel__mult_0.5__sim_0.9__teacher_rf__seed_2,condition_recombine_pseudolabel,0.5,0.9,random_forest,2,316,53,1.1677215189873418,False,1.0,1.0,1.0,reaction_role_concat,6144,random_forest,False,valid,rmse,13.343266183347165,2,0.1,random,,
condition_recombine_pseudolabel__mult_0.5__sim_0.9__teacher_rf__seed_2,condition_recombine_pseudolabel,0.5,0.9,random_forest,2,316,53,1.1677215189873418,False,1.0,1.0,1.0,reaction_role_concat,6144,random_forest,False,valid,mae,9.87291572058182,2,0.1,random,,
condition_recombine_pseudolabel__mult_0.5__sim_0.9__teacher_rf__seed_2,condition_recombine_pseudolabel,0.5,0.9,random_forest,2,316,53,1.1677215189873418,False,1.0,1.0,1.0,reaction_role_concat,6144,random_forest,False,valid,r2,0.7555525682018909,2,0.1,random,,
condition_recombine_pseudolabel__mult_0.5__sim_0.9__teacher_rf__seed_2,condition_recombine_pseudolabel,0.5,0.9,random_forest,2,316,53,1.1677215189873418,False,1.0,1.0,1.0,reaction_role_concat,6144,random_forest,False,valid,spearman,0.8748198073229115,2,0.1,random,,
condition_recombine_pseudolabel__mult_0.5__sim_0.9__teacher_rf__seed_3,condition_recombine_pseudolabel,0.5,0.9,random_forest,3,316,53,1.1677215189873418,False,1.0,1.0,1.0,reaction_role_concat,6144,random_forest,False,valid,rmse,13.376084272805388,2,0.1,random,,
condition_recombine_pseudolabel__mult_0.5__sim_0.9__teacher_rf__seed_3,condition_recombine_pseudolabel,0.5,0.9,random_forest,3,316,53,1.1677215189873418,False,1.0,1.0,1.0,reaction_role_concat,6144,random_forest,False,valid,mae,9.777784810135259,2,0.1,random,,
condition_recombine_pseudolabel__mult_0.5__sim_0.9__teacher_rf__seed_3,condition_recombine_pseudolabel,0.5,0.9,random_forest,3,316,53,1.1677215189873418,False,1.0,1.0,1.0,reaction_role_concat,6144,random_forest,False,valid,r2,0.7543486406038236,2,0.1,random,,
condition_recombine_pseudolabel__mult_0.5__sim_0.9__teacher_rf__seed_3,condition_recombine_pseudolabel,0.5,0.9,random_forest,3,316,53,1.1677215189873418,False,1.0,1.0,1.0,reaction_role_concat,6144,random_forest,False,valid,spearman,0.8743423376770139,2,0.1,random,,
condition_recombine_pseudolabel__mult_0.5__sim_0.9__teacher_rf__seed_4,condition_recombine_pseudolabel,0.5,0.9,random_forest,4,316,50,1.1582278481012658,False,1.0,1.0,1.0,reaction_role_concat,6144,random_forest,False,valid,rmse,13.56021269052362,2,0.1,random,,
condition_recombine_pseudolabel__mult_0.5__sim_0.9__teacher_rf__seed_4,condition_recombine_pseudolabel,0.5,0.9,random_forest,4,316,50,1.1582278481012658,False,1.0,1.0,1.0,reaction_role_concat,6144,random_forest,False,valid,mae,9.912765066952833,2,0.1,random,,
condition_recombine_pseudolabel__mult_0.5__sim_0.9__teacher_rf__seed_4,condition_recombine_pseudolabel,0.5,0.9,random_forest,4,316,50,1.1582278481012658,False,1.0,1.0,1.0,reaction_role_concat,6144,random_forest,False,valid,r2,0.7475390674193554,2,0.1,random,,
condition_recombine_pseudolabel__mult_0.5__sim_0.9__teacher_rf__seed_4,condition_recombine_pseudolabel,0.5,0.9,random_forest,4,316,50,1.1582278481012658,False,1.0,1.0,1.0,reaction_role_concat,6144,random_forest,False,valid,spearman,0.867299270946806,2,0.1,random,,
condition_recombine_pseudolabel__mult_1__sim_0.7__teacher_ridge__seed_0,condition_recombine_pseudolabel,1.0,0.7,ridge,0,316,316,2.0,False,1.0,1.0,1.0,reaction_role_concat,6144,random_forest,False,valid,rmse,13.911171107965853,2,0.1,random,,
condition_recombine_pseudolabel__mult_1__sim_0.7__teacher_ridge__seed_0,condition_recombine_pseudolabel,1.0,0.7,ridge,0,316,316,2.0,False,1.0,1.0,1.0,reaction_role_concat,6144,random_forest,False,valid,mae,10.785715652623319,2,0.1,random,,
condition_recombine_pseudolabel__mult_1__sim_0.7__teacher_ridge__seed_0,condition_recombine_pseudolabel,1.0,0.7,ridge,0,316,316,2.0,False,1.0,1.0,1.0,reaction_role_concat,6144,random_forest,False,valid,r2,0.7343018293778848,2,0.1,random,,
condition_recombine_pseudolabel__mult_1__sim_0.7__teacher_ridge__seed_0,condition_recombine_pseudolabel,1.0,0.7,ridge,0,316,316,2.0,False,1.0,1.0,1.0,reaction_role_concat,6144,random_forest,False,valid,spearman,0.8639046019676329,2,0.1,random,,
condition_recombine_pseudolabel__mult_1__sim_0.7__teacher_ridge__seed_1,condition_recombine_pseudolabel,1.0,0.7,ridge,1,316,316,2.0,False,1.0,1.0,1.0,reaction_role_concat,6144,random_forest,False,valid,rmse,14.038162037255281,2,0.1,random,,
condition_recombine_pseudolabel__mult_1__sim_0.7__teacher_ridge__seed_1,condition_recombine_pseudolabel,1.0,0.7,ridge,1,316,316,2.0,False,1.0,1.0,1.0,reaction_role_concat,6144,random_forest,False,valid,mae,10.659260691962476,2,0.1,random,,
condition_recombine_pseudolabel__mult_1__sim_0.7__teacher_ridge__seed_1,condition_recombine_pseudolabel,1.0,0.7,ridge,1,316,316,2.0,False,1.0,1.0,1.0,reaction_role_concat,6144,random_forest,False,valid,r2,0.7294287292959367,2,0.1,random,,
condition_recombine_pseudolabel__mult_1__sim_0.7__teacher_ridge__seed_1,condition_recombine_pseudolabel,1.0,0.7,ridge,1,316,316,2.0,False,1.0,1.0,1.0,reaction_role_concat,6144,random_forest,False,valid,spearman,0.860316764192077,2,0.1,random,,
condition_recombine_pseudolabel__mult_1__sim_0.7__teacher_ridge__seed_2,condition_recombine_pseudolabel,1.0,0.7,ridge,2,316,316,2.0,False,1.0,1.0,1.0,reaction_role_concat,6144,random_forest,False,valid,rmse,13.774978537101907,2,0.1,random,,
condition_recombine_pseudolabel__mult_1__sim_0.7__teacher_ridge__seed_2,condition_recombine_pseudolabel,1.0,0.7,ridge,2,316,316,2.0,False,1.0,1.0,1.0,reaction_role_concat,6144,random_forest,False,valid,mae,10.801785748337075,2,0.1,random,,
condition_recombine_pseudolabel__mult_1__sim_0.7__teacher_ridge__seed_2,condition_recombine_pseudolabel,1.0,0.7,ridge,2,316,316,2.0,False,1.0,1.0,1.0,reaction_role_concat,6144,random_forest,False,valid,r2,0.7394788173884903,2,0.1,random,,
condition_recombine_pseudolabel__mult_1__sim_0.7__teacher_ridge__seed_2,condition_recombine_pseudolabel,1.0,0.7,ridge,2,316,316,2.0,False,1.0,1.0,1.0,reaction_role_concat,6144,random_forest,False,valid,spearman,0.8685671358996768,2,0.1,random,,
condition_recombine_pseudolabel__mult_1__sim_0.7__teacher_ridge__seed_3,condition_recombine_pseudolabel,1.0,0.7,ridge,3,316,316,2.0,False,1.0,1.0,1.0,reaction_role_concat,6144,random_forest,False,valid,rmse,13.733453589187839,2,0.1,random,,
condition_recombine_pseudolabel__mult_1__sim_0.7__teacher_ridge__seed_3,condition_recombine_pseudolabel,1.0,0.7,ridge,3,316,316,2.0,False,1.0,1.0,1.0,reaction_role_concat,6144,random_forest,False,valid,mae,10.69897120639399,2,0.1,random,,
condition_recombine_pseudolabel__mult_1__sim_0.7__teacher_ridge__seed_3,condition_recombine_pseudolabel,1.0,0.7,ridge,3,316,316,2.0,False,1.0,1.0,1.0,reaction_role_concat,6144,random_forest,False,valid,r2,0.7410471425625864,2,0.1,random,,
condition_recombine_pseudolabel__mult_1__sim_0.7__teacher_ridge__seed_3,condition_recombine_pseudolabel,1.0,0.7,ridge,3,316,316,2.0,False,1.0,1.0,1.0,reaction_role_concat,6144,random_forest,False,valid,spearman,0.8671275220774416,2,0.1,random,,
condition_recombine_pseudolabel__mult_1__sim_0.7__teacher_ridge__seed_4,condition_recombine_pseudolabel,1.0,0.7,ridge,4,316,316,2.0,False,1.0,1.0,1.0,reaction_role_concat,6144,random_forest,False,valid,rmse,13.3355891392174,2,0.1,random,,
condition_recombine_pseudolabel__mult_1__sim_0.7__teacher_ridge__seed_4,condition_recombine_pseudolabel,1.0,0.7,ridge,4,316,316,2.0,False,1.0,1.0,1.0,reaction_role_concat,6144,random_forest,False,valid,mae,10.2534803559318,2,0.1,random,,
condition_recombine_pseudolabel__mult_1__sim_0.7__teacher_ridge__seed_4,condition_recombine_pseudolabel,1.0,0.7,ridge,4,316,316,2.0,False,1.0,1.0,1.0,reaction_role_concat,6144,random_forest,False,valid,r2,0.7558337727938136,2,0.1,random,,
condition_recombine_pseudolabel__mult_1__sim_0.7__teacher_ridge__seed_4,condition_recombine_pseudolabel,1.0,0.7,ridge,4,316,316,2.0,False,1.0,1.0,1.0,reaction_role_concat,6144,random_forest,False,valid,spearman,0.8757134077327906,2,0.1,random,,
condition_recombine_pseudolabel__mult_1__sim_0.7__teacher_rf__seed_0,condition_recombine_pseudolabel,1.0,0.7,random_forest,0,316,316,2.0,False,1.0,1.0,1.0,reaction_role_concat,6144,random_forest,False,valid,rmse,13.410273050350858,2,0.1,random,,
condition_recombine_pseudolabel__mult_1__sim_0.7__teacher_rf__seed_0,condition_recombine_pseudolabel,1.0,0.7,random_forest,0,316,316,2.0,False,1.0,1.0,1.0,reaction_role_concat,6144,random_forest,False,valid,mae,9.768244953578975,2,0.1,random,,
condition_recombine_pseudolabel__mult_1__sim_0.7__teacher_rf__seed_0,condition_recombine_pseudolabel,1.0,0.7,random_forest,0,316,316,2.0,False,1.0,1.0,1.0,reaction_role_concat,6144,random_forest,False,valid,r2,0.7530912841665072,2,0.1,random,,
condition_recombine_pseudolabel__mult_1__sim_0.7__teacher_rf__seed_0,condition_recombine_pseudolabel,1.0,0.7,random_forest,0,316,316,2.0,False,1.0,1.0,1.0,reaction_role_concat,6144,random_forest,False,valid,spearman,0.8703003974486712,2,0.1,random,,
condition_recombine_pseudolabel__mult_1__sim_0.7__teacher_rf__seed_1,condition_recombine_pseudolabel,1.0,0.7,random_forest,1,316,316,2.0,False,1.0,1.0,1.0,reaction_role_concat,6144,random_forest,False,valid,rmse,13.90779713654721,2,0.1,random,,
condition_recombine_pseudolabel__mult_1__sim_0.7__teacher_rf__seed_1,condition_recombine_pseudolabel,1.0,0.7,random_forest,1,316,316,2.0,False,1.0,1.0,1.0,reaction_role_concat,6144,random_forest,False,valid,mae,9.944581980604726,2,0.1,random,,
condition_recombine_pseudolabel__mult_1__sim_0.7__teacher_rf__seed_1,condition_recombine_pseudolabel,1.0,0.7,random_forest,1,316,316,2.0,False,1.0,1.0,1.0,reaction_role_concat,6144,random_forest,False,valid,r2,0.7344306969354271,2,0.1,random,,
condition_recombine_pseudolabel__mult_1__sim_0.7__teacher_rf__seed_1,condition_recombine_pseudolabel,1.0,0.7,random_forest,1,316,316,2.0,False,1.0,1.0,1.0,reaction_role_concat,6144,random_forest,False,valid,spearman,0.8591201691781941,2,0.1,random,,
condition_recombine_pseudolabel__mult_1__sim_0.7__teacher_rf__seed_2,condition_recombine_pseudolabel,1.0,0.7,random_forest,2,316,316,2.0,False,1.0,1.0,1.0,reaction_role_concat,6144,random_forest,False,valid,rmse,13.746113266354612,2,0.1,random,,
condition_recombine_pseudolabel__mult_1__sim_0.7__teacher_rf__seed_2,condition_recombine_pseudolabel,1.0,0.7,random_forest,2,316,316,2.0,False,1.0,1.0,1.0,reaction_role_concat,6144,random_forest,False,valid,mae,10.084507348805289,2,0.1,random,,
condition_recombine_pseudolabel__mult_1__sim_0.7__teacher_rf__seed_2,condition_recombine_pseudolabel,1.0,0.7,random_forest,2,316,316,2.0,False,1.0,1.0,1.0,reaction_role_concat,6144,random_forest,False,valid,r2,0.7405695102574198,2,0.1,random,,
condition_recombine_pseudolabel__mult_1__sim_0.7__teacher_rf__seed_2,condition_recombine_pseudolabel,1.0,0.7,random_forest,2,316,316,2.0,False,1.0,1.0,1.0,reaction_role_concat,6144,random_forest,False,valid,spearman,0.8642804243234984,2,0.1,random,,
condition_recombine_pseudolabel__mult_1__sim_0.7__teacher_rf__seed_3,condition_recombine_pseudolabel,1.0,0.7,random_forest,3,316,316,2.0,False,1.0,1.0,1.0,reaction_role_concat,6144,random_forest,False,valid,rmse,13.624418656488288,2,0.1,random,,
condition_recombine_pseudolabel__mult_1__sim_0.7__teacher_rf__seed_3,condition_recombine_pseudolabel,1.0,0.7,random_forest,3,316,316,2.0,False,1.0,1.0,1.0,reaction_role_concat,6144,random_forest,False,valid,mae,10.002786450841194,2,0.1,random,,
condition_recombine_pseudolabel__mult_1__sim_0.7__teacher_rf__seed_3,condition_recombine_pseudolabel,1.0,0.7,random_forest,3,316,316,2.0,False,1.0,1.0,1.0,reaction_role_concat,6144,random_forest,False,valid,r2,0.7451426635544249,2,0.1,random,,
condition_recombine_pseudolabel__mult_1__sim_0.7__teacher_rf__seed_3,condition_recombine_pseudolabel,1.0,0.7,random_forest,3,316,316,2.0,False,1.0,1.0,1.0,reaction_role_concat,6144,random_forest,False,valid,spearman,0.8693497421422797,2,0.1,random,,
condition_recombine_pseudolabel__mult_1__sim_0.7__teacher_rf__seed_4,condition_recombine_pseudolabel,1.0,0.7,random_forest,4,316,316,2.0,False,1.0,1.0,1.0,reaction_role_concat,6144,random_forest,False,valid,rmse,13.86131147699071,2,0.1,random,,
condition_recombine_pseudolabel__mult_1__sim_0.7__teacher_rf__seed_4,condition_recombine_pseudolabel,1.0,0.7,random_forest,4,316,316,2.0,False,1.0,1.0,1.0,reaction_role_concat,6144,random_forest,False,valid,mae,10.119262916898425,2,0.1,random,,
condition_recombine_pseudolabel__mult_1__sim_0.7__teacher_rf__seed_4,condition_recombine_pseudolabel,1.0,0.7,random_forest,4,316,316,2.0,False,1.0,1.0,1.0,reaction_role_concat,6144,random_forest,False,valid,r2,0.7362030168428393,2,0.1,random,,
condition_recombine_pseudolabel__mult_1__sim_0.7__teacher_rf__seed_4,condition_recombine_pseudolabel,1.0,0.7,random_forest,4,316,316,2.0,False,1.0,1.0,1.0,reaction_role_concat,6144,random_forest,False,valid,spearman,0.8598330632946832,2,0.1,random,,
condition_recombine_pseudolabel__mult_1__sim_0.8__teacher_ridge__seed_0,condition_recombine_pseudolabel,1.0,0.8,ridge,0,316,310,1.981012658227848,False,1.0,1.0,1.0,reaction_role_concat,6144,random_forest,False,valid,rmse,13.794337768388349,2,0.1,random,,
condition_recombine_pseudolabel__mult_1__sim_0.8__teacher_ridge__seed_0,condition_recombine_pseudolabel,1.0,0.8,ridge,0,316,310,1.981012658227848,False,1.0,1.0,1.0,reaction_role_concat,6144,random_forest,False,valid,mae,10.614584524896514,2,0.1,random,,
condition_recombine_pseudolabel__mult_1__sim_0.8__teacher_ridge__seed_0,condition_recombine_pseudolabel,1.0,0.8,ridge,0,316,310,1.981012658227848,False,1.0,1.0,1.0,reaction_role_concat,6144,random_forest,False,valid,r2,0.7387460345600765,2,0.1,random,,
condition_recombine_pseudolabel__mult_1__sim_0.8__teacher_ridge__seed_0,condition_recombine_pseudolabel,1.0,0.8,ridge,0,316,310,1.981012658227848,False,1.0,1.0,1.0,reaction_role_concat,6144,random_forest,False,valid,spearman,0.8659720143781119,2,0.1,random,,
condition_recombine_pseudolabel__mult_1__sim_0.8__teacher_ridge__seed_1,condition_recombine_pseudolabel,1.0,0.8,ridge,1,316,311,1.9841772151898733,False,1.0,1.0,1.0,reaction_role_concat,6144,random_forest,False,valid,rmse,13.924931185186763,2,0.1,random,,
condition_recombine_pseudolabel__mult_1__sim_0.8__teacher_ridge__seed_1,condition_recombine_pseudolabel,1.0,0.8,ridge,1,316,311,1.9841772151898733,False,1.0,1.0,1.0,reaction_role_concat,6144,random_forest,False,valid,mae,10.60778651459798,2,0.1,random,,
condition_recombine_pseudolabel__mult_1__sim_0.8__teacher_ridge__seed_1,condition_recombine_pseudolabel,1.0,0.8,ridge,1,316,311,1.9841772151898733,False,1.0,1.0,1.0,reaction_role_concat,6144,random_forest,False,valid,r2,0.7337759447523806,2,0.1,random,,
condition_recombine_pseudolabel__mult_1__sim_0.8__teacher_ridge__seed_1,condition_recombine_pseudolabel,1.0,0.8,ridge,1,316,311,1.9841772151898733,False,1.0,1.0,1.0,reaction_role_concat,6144,random_forest,False,valid,spearman,0.863590702673511,2,0.1,random,,
condition_recombine_pseudolabel__mult_1__sim_0.8__teacher_ridge__seed_2,condition_recombine_pseudolabel,1.0,0.8,ridge,2,316,312,1.9873417721518987,False,1.0,1.0,1.0,reaction_role_concat,6144,random_forest,False,valid,rmse,13.662917592022238,2,0.1,random,,
condition_recombine_pseudolabel__mult_1__sim_0.8__teacher_ridge__seed_2,condition_recombine_pseudolabel,1.0,0.8,ridge,2,316,312,1.9873417721518987,False,1.0,1.0,1.0,reaction_role_concat,6144,random_forest,False,valid,mae,10.661736463053694,2,0.1,random,,
condition_recombine_pseudolabel__mult_1__sim_0.8__teacher_ridge__seed_2,condition_recombine_pseudolabel,1.0,0.8,ridge,2,316,312,1.9873417721518987,False,1.0,1.0,1.0,reaction_role_concat,6144,random_forest,False,valid,r2,0.743700312276907,2,0.1,random,,
condition_recombine_pseudolabel__mult_1__sim_0.8__teacher_ridge__seed_2,condition_recombine_pseudolabel,1.0,0.8,ridge,2,316,312,1.9873417721518987,False,1.0,1.0,1.0,reaction_role_concat,6144,random_forest,False,valid,spearman,0.8695986027489099,2,0.1,random,,
condition_recombine_pseudolabel__mult_1__sim_0.8__teacher_ridge__seed_3,condition_recombine_pseudolabel,1.0,0.8,ridge,3,316,314,1.9936708860759493,False,1.0,1.0,1.0,reaction_role_concat,6144,random_forest,False,valid,rmse,13.532705760514977,2,0.1,random,,
condition_recombine_pseudolabel__mult_1__sim_0.8__teacher_ridge__seed_3,condition_recombine_pseudolabel,1.0,0.8,ridge,3,316,314,1.9936708860759493,False,1.0,1.0,1.0,reaction_role_concat,6144,random_forest,False,valid,mae,10.535710654989073,2,0.1,random,,
condition_recombine_pseudolabel__mult_1__sim_0.8__teacher_ridge__seed_3,condition_recombine_pseudolabel,1.0,0.8,ridge,3,316,314,1.9936708860759493,False,1.0,1.0,1.0,reaction_role_concat,6144,random_forest,False,valid,r2,0.7485622640266067,2,0.1,random,,
condition_recombine_pseudolabel__mult_1__sim_0.8__teacher_ridge__seed_3,condition_recombine_pseudolabel,1.0,0.8,ridge,3,316,314,1.9936708860759493,False,1.0,1.0,1.0,reaction_role_concat,6144,random_forest,False,valid,spearman,0.8724772462135527,2,0.1,random,,
condition_recombine_pseudolabel__mult_1__sim_0.8__teacher_ridge__seed_4,condition_recombine_pseudolabel,1.0,0.8,ridge,4,316,312,1.9873417721518987,False,1.0,1.0,1.0,reaction_role_concat,6144,random_forest,False,valid,rmse,13.500518041356148,2,0.1,random,,
condition_recombine_pseudolabel__mult_1__sim_0.8__teacher_ridge__seed_4,condition_recombine_pseudolabel,1.0,0.8,ridge,4,316,312,1.9873417721518987,False,1.0,1.0,1.0,reaction_role_concat,6144,random_forest,False,valid,mae,10.34578636811749,2,0.1,random,,
condition_recombine_pseudolabel__mult_1__sim_0.8__teacher_ridge__seed_4,condition_recombine_pseudolabel,1.0,0.8,ridge,4,316,312,1.9873417721518987,False,1.0,1.0,1.0,reaction_role_concat,6144,random_forest,False,valid,r2,0.7497569375049811,2,0.1,random,,
condition_recombine_pseudolabel__mult_1__sim_0.8__teacher_ridge__seed_4,condition_recombine_pseudolabel,1.0,0.8,ridge,4,316,312,1.9873417721518987,False,1.0,1.0,1.0,reaction_role_concat,6144,random_forest,False,valid,spearman,0.8725946663589346,2,0.1,random,,
condition_recombine_pseudolabel__mult_1__sim_0.8__teacher_rf__seed_0,condition_recombine_pseudolabel,1.0,0.8,random_forest,0,316,310,1.981012658227848,False,1.0,1.0,1.0,reaction_role_concat,6144,random_forest,False,valid,rmse,13.552213425524023,2,0.1,random,,
condition_recombine_pseudolabel__mult_1__sim_0.8__teacher_rf__seed_0,condition_recombine_pseudolabel,1.0,0.8,random_forest,0,316,310,1.981012658227848,False,1.0,1.0,1.0,reaction_role_concat,6144,random_forest,False,valid,mae,9.88955843788725,2,0.1,random,,
condition_recombine_pseudolabel__mult_1__sim_0.8__teacher_rf__seed_0,condition_recombine_pseudolabel,1.0,0.8,random_forest,0,316,310,1.981012658227848,False,1.0,1.0,1.0,reaction_role_concat,6144,random_forest,False,valid,r2,0.7478368365308928,2,0.1,random,,
condition_recombine_pseudolabel__mult_1__sim_0.8__teacher_rf__seed_0,condition_recombine_pseudolabel,1.0,0.8,random_forest,0,316,310,1.981012658227848,False,1.0,1.0,1.0,reaction_role_concat,6144,random_forest,False,valid,spearman,0.8665647621766894,2,0.1,random,,
condition_recombine_pseudolabel__mult_1__sim_0.8__teacher_rf__seed_1,condition_recombine_pseudolabel,1.0,0.8,random_forest,1,316,311,1.9841772151898733,False,1.0,1.0,1.0,reaction_role_concat,6144,random_forest,False,valid,rmse,13.947014127902857,2,0.1,random,,
condition_recombine_pseudolabel__mult_1__sim_0.8__teacher_rf__seed_1,condition_recombine_pseudolabel,1.0,0.8,random_forest,1,316,311,1.9841772151898733,False,1.0,1.0,1.0,reaction_role_concat,6144,random_forest,False,valid,mae,9.91008286995884,2,0.1,random,,
condition_recombine_pseudolabel__mult_1__sim_0.8__teacher_rf__seed_1,condition_recombine_pseudolabel,1.0,0.8,random_forest,1,316,311,1.9841772151898733,False,1.0,1.0,1.0,reaction_role_concat,6144,random_forest,False,valid,r2,0.7329308889144727,2,0.1,random,,
condition_recombine_pseudolabel__mult_1__sim_0.8__teacher_rf__seed_1,condition_recombine_pseudolabel,1.0,0.8,random_forest,1,316,311,1.9841772151898733,False,1.0,1.0,1.0,reaction_role_concat,6144,random_forest,False,valid,spearman,0.8586948862635774,2,0.1,random,,
condition_recombine_pseudolabel__mult_1__sim_0.8__teacher_rf__seed_2,condition_recombine_pseudolabel,1.0,0.8,random_forest,2,316,312,1.9873417721518987,False,1.0,1.0,1.0,reaction_role_concat,6144,random_forest,False,valid,rmse,13.769370866951546,2,0.1,random,,
condition_recombine_pseudolabel__mult_1__sim_0.8__teacher_rf__seed_2,condition_recombine_pseudolabel,1.0,0.8,random_forest,2,316,312,1.9873417721518987,False,1.0,1.0,1.0,reaction_role_concat,6144,random_forest,False,valid,mae,10.088253486117232,2,0.1,random,,
condition_recombine_pseudolabel__mult_1__sim_0.8__teacher_rf__seed_2,condition_recombine_pseudolabel,1.0,0.8,random_forest,2,316,312,1.9873417721518987,False,1.0,1.0,1.0,reaction_role_concat,6144,random_forest,False,valid,r2,0.7396908858853322,2,0.1,random,,
condition_recombine_pseudolabel__mult_1__sim_0.8__teacher_rf__seed_2,condition_recombine_pseudolabel,1.0,0.8,random_forest,2,316,312,1.9873417721518987,False,1.0,1.0,1.0,reaction_role_concat,6144,random_forest,False,valid,spearman,0.8625541729324371,2,0.1,random,,
condition_recombine_pseudolabel__mult_1__sim_0.8__teacher_rf__seed_3,condition_recombine_pseudolabel,1.0,0.8,random_forest,3,316,314,1.9936708860759493,False,1.0,1.0,1.0,reaction_role_concat,6144,random_forest,False,valid,rmse,13.469913552922325,2,0.1,random,,
condition_recombine_pseudolabel__mult_1__sim_0.8__teacher_rf__seed_3,condition_recombine_pseudolabel,1.0,0.8,random_forest,3,316,314,1.9936708860759493,False,1.0,1.0,1.0,reaction_role_concat,6144,random_forest,False,valid,mae,9.896990789993465,2,0.1,random,,
condition_recombine_pseudolabel__mult_1__sim_0.8__teacher_rf__seed_3,condition_recombine_pseudolabel,1.0,0.8,random_forest,3,316,314,1.9936708860759493,False,1.0,1.0,1.0,reaction_role_concat,6144,random_forest,False,valid,r2,0.7508902096129006,2,0.1,random,,
condition_recombine_pseudolabel__mult_1__sim_0.8__teacher_rf__seed_3,condition_recombine_pseudolabel,1.0,0.8,random_forest,3,316,314,1.9936708860759493,False,1.0,1.0,1.0,reaction_role_concat,6144,random_forest,False,valid,spearman,0.871770778075169,2,0.1,random,,
condition_recombine_pseudolabel__mult_1__sim_0.8__teacher_rf__seed_4,condition_recombine_pseudolabel,1.0,0.8,random_forest,4,316,312,1.9873417721518987,False,1.0,1.0,1.0,reaction_role_concat,6144,random_forest,False,valid,rmse,13.999458270813685,2,0.1,random,,
condition_recombine_pseudolabel__mult_1__sim_0.8__teacher_rf__seed_4,condition_recombine_pseudolabel,1.0,0.8,random_forest,4,316,312,1.9873417721518987,False,1.0,1.0,1.0,reaction_role_concat,6144,random_forest,False,valid,mae,10.163315098327171,2,0.1,random,,
condition_recombine_pseudolabel__mult_1__sim_0.8__teacher_rf__seed_4,condition_recombine_pseudolabel,1.0,0.8,random_forest,4,316,312,1.9873417721518987,False,1.0,1.0,1.0,reaction_role_concat,6144,random_forest,False,valid,r2,0.730918623942461,2,0.1,random,,
condition_recombine_pseudolabel__mult_1__sim_0.8__teacher_rf__seed_4,condition_recombine_pseudolabel,1.0,0.8,random_forest,4,316,312,1.9873417721518987,False,1.0,1.0,1.0,reaction_role_concat,6144,random_forest,False,valid,spearman,0.8583058224982824,2,0.1,random,,
condition_recombine_pseudolabel__mult_1__sim_0.9__teacher_ridge__seed_0,condition_recombine_pseudolabel,1.0,0.9,ridge,0,316,101,1.3196202531645569,False,1.0,1.0,1.0,reaction_role_concat,6144,random_forest,False,valid,rmse,13.78766078123216,2,0.1,random,,
condition_recombine_pseudolabel__mult_1__sim_0.9__teacher_ridge__seed_0,condition_recombine_pseudolabel,1.0,0.9,ridge,0,316,101,1.3196202531645569,False,1.0,1.0,1.0,reaction_role_concat,6144,random_forest,False,valid,mae,10.46564330387304,2,0.1,random,,
condition_recombine_pseudolabel__mult_1__sim_0.9__teacher_ridge__seed_0,condition_recombine_pseudolabel,1.0,0.9,ridge,0,316,101,1.3196202531645569,False,1.0,1.0,1.0,reaction_role_concat,6144,random_forest,False,valid,r2,0.7389988871761912,2,0.1,random,,
condition_recombine_pseudolabel__mult_1__sim_0.9__teacher_ridge__seed_0,condition_recombine_pseudolabel,1.0,0.9,ridge,0,316,101,1.3196202531645569,False,1.0,1.0,1.0,reaction_role_concat,6144,random_forest,False,valid,spearman,0.8640134541422073,2,0.1,random,,
condition_recombine_pseudolabel__mult_1__sim_0.9__teacher_ridge__seed_1,condition_recombine_pseudolabel,1.0,0.9,ridge,1,316,110,1.3481012658227849,False,1.0,1.0,1.0,reaction_role_concat,6144,random_forest,False,valid,rmse,13.737246143465306,2,0.1,random,,
condition_recombine_pseudolabel__mult_1__sim_0.9__teacher_ridge__seed_1,condition_recombine_pseudolabel,1.0,0.9,ridge,1,316,110,1.3481012658227849,False,1.0,1.0,1.0,reaction_role_concat,6144,random_forest,False,valid,mae,10.625262253910114,2,0.1,random,,
condition_recombine_pseudolabel__mult_1__sim_0.9__teacher_ridge__seed_1,condition_recombine_pseudolabel,1.0,0.9,ridge,1,316,110,1.3481012658227849,False,1.0,1.0,1.0,reaction_role_concat,6144,random_forest,False,valid,r2,0.7409041008483666,2,0.1,random,,
condition_recombine_pseudolabel__mult_1__sim_0.9__teacher_ridge__seed_1,condition_recombine_pseudolabel,1.0,0.9,ridge,1,316,110,1.3481012658227849,False,1.0,1.0,1.0,reaction_role_concat,6144,random_forest,False,valid,spearman,0.8693398110852075,2,0.1,random,,
condition_recombine_pseudolabel__mult_1__sim_0.9__teacher_ridge__seed_2,condition_recombine_pseudolabel,1.0,0.9,ridge,2,316,105,1.3322784810126582,False,1.0,1.0,1.0,reaction_role_concat,6144,random_forest,False,valid,rmse,13.30898390926629,2,0.1,random,,
condition_recombine_pseudolabel__mult_1__sim_0.9__teacher_ridge__seed_2,condition_recombine_pseudolabel,1.0,0.9,ridge,2,316,105,1.3322784810126582,False,1.0,1.0,1.0,reaction_role_concat,6144,random_forest,False,valid,mae,10.09611158240992,2,0.1,random,,
condition_recombine_pseudolabel__mult_1__sim_0.9__teacher_ridge__seed_2,condition_recombine_pseudolabel,1.0,0.9,ridge,2,316,105,1.3322784810126582,False,1.0,1.0,1.0,reaction_role_concat,6144,random_forest,False,valid,r2,0.7568070509170798,2,0.1,random,,
condition_recombine_pseudolabel__mult_1__sim_0.9__teacher_ridge__seed_2,condition_recombine_pseudolabel,1.0,0.9,ridge,2,316,105,1.3322784810126582,False,1.0,1.0,1.0,reaction_role_concat,6144,random_forest,False,valid,spearman,0.8755669733226298,2,0.1,random,,
condition_recombine_pseudolabel__mult_1__sim_0.9__teacher_ridge__seed_3,condition_recombine_pseudolabel,1.0,0.9,ridge,3,316,104,1.3291139240506329,False,1.0,1.0,1.0,reaction_role_concat,6144,random_forest,False,valid,rmse,13.476739024071614,2,0.1,random,,
condition_recombine_pseudolabel__mult_1__sim_0.9__teacher_ridge__seed_3,condition_recombine_pseudolabel,1.0,0.9,ridge,3,316,104,1.3291139240506329,False,1.0,1.0,1.0,reaction_role_concat,6144,random_forest,False,valid,mae,10.285044292491449,2,0.1,random,,
condition_recombine_pseudolabel__mult_1__sim_0.9__teacher_ridge__seed_3,condition_recombine_pseudolabel,1.0,0.9,ridge,3,316,104,1.3291139240506329,False,1.0,1.0,1.0,reaction_role_concat,6144,random_forest,False,valid,r2,0.7506376879517489,2,0.1,random,,
condition_recombine_pseudolabel__mult_1__sim_0.9__teacher_ridge__seed_3,condition_recombine_pseudolabel,1.0,0.9,ridge,3,316,104,1.3291139240506329,False,1.0,1.0,1.0,reaction_role_concat,6144,random_forest,False,valid,spearman,0.8707130231336864,2,0.1,random,,
condition_recombine_pseudolabel__mult_1__sim_0.9__teacher_ridge__seed_4,condition_recombine_pseudolabel,1.0,0.9,ridge,4,316,113,1.3575949367088607,False,1.0,1.0,1.0,reaction_role_concat,6144,random_forest,False,valid,rmse,13.700615445414147,2,0.1,random,,
condition_recombine_pseudolabel__mult_1__sim_0.9__teacher_ridge__seed_4,condition_recombine_pseudolabel,1.0,0.9,ridge,4,316,113,1.3575949367088607,False,1.0,1.0,1.0,reaction_role_concat,6144,random_forest,False,valid,mae,10.166761803223928,2,0.1,random,,
condition_recombine_pseudolabel__mult_1__sim_0.9__teacher_ridge__seed_4,condition_recombine_pseudolabel,1.0,0.9,ridge,4,316,113,1.3575949367088607,False,1.0,1.0,1.0,reaction_role_concat,6144,random_forest,False,valid,r2,0.7422840295095783,2,0.1,random,,
condition_recombine_pseudolabel__mult_1__sim_0.9__teacher_ridge__seed_4,condition_recombine_pseudolabel,1.0,0.9,ridge,4,316,113,1.3575949367088607,False,1.0,1.0,1.0,reaction_role_concat,6144,random_forest,False,valid,spearman,0.8633217852261272,2,0.1,random,,
condition_recombine_pseudolabel__mult_1__sim_0.9__teacher_rf__seed_0,condition_recombine_pseudolabel,1.0,0.9,random_forest,0,316,101,1.3196202531645569,False,1.0,1.0,1.0,reaction_role_concat,6144,random_forest,False,valid,rmse,13.378896143675151,2,0.1,random,,
condition_recombine_pseudolabel__mult_1__sim_0.9__teacher_rf__seed_0,condition_recombine_pseudolabel,1.0,0.9,random_forest,0,316,101,1.3196202531645569,False,1.0,1.0,1.0,reaction_role_concat,6144,random_forest,False,valid,mae,9.79816455629053,2,0.1,random,,
condition_recombine_pseudolabel__mult_1__sim_0.9__teacher_rf__seed_0,condition_recombine_pseudolabel,1.0,0.9,random_forest,0,316,101,1.3196202531645569,False,1.0,1.0,1.0,reaction_role_concat,6144,random_forest,False,valid,r2,0.7542453499112852,2,0.1,random,,
condition_recombine_pseudolabel__mult_1__sim_0.9__teacher_rf__seed_0,condition_recombine_pseudolabel,1.0,0.9,random_forest,0,316,101,1.3196202531645569,False,1.0,1.0,1.0,reaction_role_concat,6144,random_forest,False,valid,spearman,0.8739069289787158,2,0.1,random,,
condition_recombine_pseudolabel__mult_1__sim_0.9__teacher_rf__seed_1,condition_recombine_pseudolabel,1.0,0.9,random_forest,1,316,110,1.3481012658227849,False,1.0,1.0,1.0,reaction_role_concat,6144,random_forest,False,valid,rmse,13.847977419358893,2,0.1,random,,
condition_recombine_pseudolabel__mult_1__sim_0.9__teacher_rf__seed_1,condition_recombine_pseudolabel,1.0,0.9,random_forest,1,316,110,1.3481012658227849,False,1.0,1.0,1.0,reaction_role_concat,6144,random_forest,False,valid,mae,10.21809217967772,2,0.1,random,,
condition_recombine_pseudolabel__mult_1__sim_0.9__teacher_rf__seed_1,condition_recombine_pseudolabel,1.0,0.9,random_forest,1,316,110,1.3481012658227849,False,1.0,1.0,1.0,reaction_role_concat,6144,random_forest,False,valid,r2,0.7367102981832738,2,0.1,random,,
condition_recombine_pseudolabel__mult_1__sim_0.9__teacher_rf__seed_1,condition_recombine_pseudolabel,1.0,0.9,random_forest,1,316,110,1.3481012658227849,False,1.0,1.0,1.0,reaction_role_concat,6144,random_forest,False,valid,spearman,0.8614931076385971,2,0.1,random,,
condition_recombine_pseudolabel__mult_1__sim_0.9__teacher_rf__seed_2,condition_recombine_pseudolabel,1.0,0.9,random_forest,2,316,105,1.3322784810126582,False,1.0,1.0,1.0,reaction_role_concat,6144,random_forest,False,valid,rmse,13.494628704534538,2,0.1,random,,
condition_recombine_pseudolabel__mult_1__sim_0.9__teacher_rf__seed_2,condition_recombine_pseudolabel,1.0,0.9,random_forest,2,316,105,1.3322784810126582,False,1.0,1.0,1.0,reaction_role_concat,6144,random_forest,False,valid,mae,10.017219793951398,2,0.1,random,,
condition_recombine_pseudolabel__mult_1__sim_0.9__teacher_rf__seed_2,condition_recombine_pseudolabel,1.0,0.9,random_forest,2,316,105,1.3322784810126582,False,1.0,1.0,1.0,reaction_role_concat,6144,random_forest,False,valid,r2,0.74997521716315,2,0.1,random,,
condition_recombine_pseudolabel__mult_1__sim_0.9__teacher_rf__seed_2,condition_recombine_pseudolabel,1.0,0.9,random_forest,2,316,105,1.3322784810126582,False,1.0,1.0,1.0,reaction_role_concat,6144,random_forest,False,valid,spearman,0.8691386584978454,2,0.1,random,,
condition_recombine_pseudolabel__mult_1__sim_0.9__teacher_rf__seed_3,condition_recombine_pseudolabel,1.0,0.9,random_forest,3,316,104,1.3291139240506329,False,1.0,1.0,1.0,reaction_role_concat,6144,random_forest,False,valid,rmse,13.520775468936678,2,0.1,random,,
condition_recombine_pseudolabel__mult_1__sim_0.9__teacher_rf__seed_3,condition_recombine_pseudolabel,1.0,0.9,random_forest,3,316,104,1.3291139240506329,False,1.0,1.0,1.0,reaction_role_concat,6144,random_forest,False,valid,mae,9.973413720598515,2,0.1,random,,
condition_recombine_pseudolabel__mult_1__sim_0.9__teacher_rf__seed_3,condition_recombine_pseudolabel,1.0,0.9,random_forest,3,316,104,1.3291139240506329,False,1.0,1.0,1.0,reaction_role_concat,6144,random_forest,False,valid,r2,0.7490053983552072,2,0.1,random,,
condition_recombine_pseudolabel__mult_1__sim_0.9__teacher_rf__seed_3,condition_recombine_pseudolabel,1.0,0.9,random_forest,3,316,104,1.3291139240506329,False,1.0,1.0,1.0,reaction_role_concat,6144,random_forest,False,valid,spearman,0.8701796669509321,2,0.1,random,,
condition_recombine_pseudolabel__mult_1__sim_0.9__teacher_rf__seed_4,condition_recombine_pseudolabel,1.0,0.9,random_forest,4,316,113,1.3575949367088607,False,1.0,1.0,1.0,reaction_role_concat,6144,random_forest,False,valid,rmse,13.54914931355628,2,0.1,random,,
condition_recombine_pseudolabel__mult_1__sim_0.9__teacher_rf__seed_4,condition_recombine_pseudolabel,1.0,0.9,random_forest,4,316,113,1.3575949367088607,False,1.0,1.0,1.0,reaction_role_concat,6144,random_forest,False,valid,mae,9.876270456913906,2,0.1,random,,
condition_recombine_pseudolabel__mult_1__sim_0.9__teacher_rf__seed_4,condition_recombine_pseudolabel,1.0,0.9,random_forest,4,316,113,1.3575949367088607,False,1.0,1.0,1.0,reaction_role_concat,6144,random_forest,False,valid,r2,0.7479508502045582,2,0.1,random,,
condition_recombine_pseudolabel__mult_1__sim_0.9__teacher_rf__seed_4,condition_recombine_pseudolabel,1.0,0.9,random_forest,4,316,113,1.3575949367088607,False,1.0,1.0,1.0,reaction_role_concat,6144,random_forest,False,valid,spearman,0.8656807033706638,2,0.1,random,,
